Data,NomeDoEvento,ContagemDeEventos,TotalDeUsuarios,EventosPorUsuario,ReceitaCombinada
"2026-01-19","event_17015",11246775,65076,255.43436293436292,0
"2026-01-19","state_hidden_gallery",9034711,551433,52.70911339676909,0
"2026-01-19","state_notification",9031789,551269,52.68653346944728,0
"2026-01-19","state_widget",9027422,550701,52.69056610381197,0
"2026-01-19","state_security_alert",9026321,551030,52.65463613825288,0
"2026-01-19","state_ads_free_subscription",9024714,550946,52.64526177628701,0
"2026-01-19","state_update_monitor",9021450,550501,52.64556902930638,0
"2026-01-19","state_are_notification_allowed",9019720,550464,52.635473442186715,0
"2026-01-19","state_upgrade_premium",9006328,550113,52.55732309380143,0
"2026-01-19","state_auto_optimization_security",9004834,550103,52.54860470816167,0
"2026-01-19","state_auto_optimization_performance",9003571,549933,52.5424608130347,0
"2026-01-19","state_medals",9002044,549750,52.533549644603696,0
"2026-01-19","state_in_app_update",8946102,551489,51.960864262066565,0
"2026-01-19","state_mediation_network",8940797,548934,52.21299719102764,0
"2026-01-19","state_android_go",8939502,548986,52.20543457313548,0
"2026-01-19","state_restricted_app_standby_bucket",8938183,548488,52.20260949299443,0
"2026-01-19","state_anti_phishing",8936881,548348,52.19500528556661,0
"2026-01-19","state_daily_phone_checkup",8934924,548379,52.15463821242616,0
"2026-01-19","state_install_monitor",8933301,547913,52.17409663534263,0
"2026-01-19","state_gallery_assistant",8932682,548330,52.14155128534404,0
"2026-01-19","state_notification_manager",8926916,547842,52.138937236440945,0
"2026-01-19","state_assistant",8926501,547407,52.14077686915888,0
"2026-01-19","state_safe_app_installer",8925959,547775,52.133347740254884,0
"2026-01-19","state_total_charge",8925624,548086,52.10795663519975,0
"2026-01-19","state_whatsapp_cloning",8924420,547736,52.095453245305265,0
"2026-01-19","state_vault",8920924,547543,52.07200602385024,0
"2026-01-19","state_permission_system_admin",8919141,547106,52.09352623033163,0
"2026-01-19","state_permission_accessibility",8918229,546985,52.08819956311984,0
"2026-01-19","state_permission_camera",8917326,546851,52.0829254617029,0
"2026-01-19","state_permission_access_coarse_location",8916527,546742,52.07825878724871,0
"2026-01-19","state_permission_access_fine_location",8915717,546599,52.07352786571192,0
"2026-01-19","state_permission_draw_over_apps",8914911,546490,52.06882030675062,0
"2026-01-19","state_permission_get_accounts",8914083,546490,52.06398425362412,0
"2026-01-19","state_permission_gps",8913240,546490,52.061189086894814,0
"2026-01-19","state_permission_miui_background_popup",8911966,546442,52.053747802367894,0
"2026-01-19","state_permission_miui_change_wifi_state",8911141,546346,52.048929074161684,0
"2026-01-19","state_permission_notification_access",8910441,546063,52.044840456289755,0
"2026-01-19","state_permission_storage",8908898,546039,52.03582797432348,0
"2026-01-19","state_permission_read_phone_state",8908160,545943,52.03151740290993,0
"2026-01-19","state_permission_usage_access",8907396,545919,52.02705496854685,0
"2026-01-19","state_permission_wifi",8906507,545829,52.02186242384949,0
"2026-01-19","state_permission_miui_autostart",8897286,544284,52.183189541410314,0
"2026-01-19","state_permission_post_notification",8809421,534838,53.04291881672196,0
"2026-01-19","event_10350",5735691,471329,33.54813445712381,0
"2026-01-19","event_10351",3164075,197465,20.272395853355373,0
"2026-01-19","screen_view",3101617,174905,18.189488438102945,0
"2026-01-19","event_10358",2975215,155815,21.368144732684076,0
"2026-01-19","user_engagement",2923739,171760,17.022730051526885,0
"2026-01-19","ad_impression",2841350,110501,27.205051607590814,2145761695
"2026-01-19","event_10353",1959385,110106,18.813467373353305,0
"2026-01-19","event_7000",1843546,53858,35.42079274501892,0
"2026-01-19","event_6800",1282935,447546,7.723313186283953,0
"2026-01-19","event_6600",1019218,49943,20.414164680433434,0
"2026-01-19","user_profile",938234,541750,5.525751945015401,0
"2026-01-19","event_10700",897479,50243,17.87094782954998,0
"2026-01-19","session_start",667572,181128,3.8903023910395746,0
"2026-01-19","event_8010",386122,383091,3.0495754847371956,0
"2026-01-19","state_wifi_theft_auto_scan_state",380115,28012,41.195946678226946,0
"2026-01-19","event_10352",370466,64454,8.097617486338798,0
"2026-01-19","event_7001",337626,30343,11.494042350377885,0
"2026-01-19","zendesk_messaging_init_error",262912,100394,14.935635971141282,0
"2026-01-19","event_10505",243803,44471,8.306746166950596,0
"2026-01-19","state_charge_booster",228577,18150,33.10790845886443,0
"2026-01-19","state_antitheft",228214,17697,34.10251046025105,0
"2026-01-19","state_data_monitoring",227989,17682,34.10456245325355,0
"2026-01-19","event_21001",181079,42954,4.218006056370836,0
"2026-01-19","event_1000",112925,62781,1.8172089729973286,0
"2026-01-19","event_21002",88748,38573,2.305801657616462,0
"2026-01-19","event_21000",79916,46052,1.7411272576744592,0
"2026-01-19","event_10511",79541,2697,34.64329268292683,0
"2026-01-19","event_4800",68721,29053,2.3658553379006437,0
"2026-01-19","event_10100",56899,33247,1.7589106309314044,0
"2026-01-19","event_10510",56023,35403,2.4896898053506353,0
"2026-01-19","event_1751",50196,29186,1.7426141294914077,0
"2026-01-19","event_9900",45598,21563,2.13753984624039,0
"2026-01-19","event_8011",43776,5335,12.539673446004011,0
"2026-01-19","first_open",39343,38925,1.010738599871548,0
"2026-01-19","event_21005",36091,9687,3.7264842540010323,0
"2026-01-19","event_4803",34370,17007,2.020932557182337,0
"2026-01-19","event_10354",32735,20825,1.5856139501089852,0
"2026-01-19","event_1600",28648,19920,1.4386581630090896,0
"2026-01-19","appsflyer_onConversionDataSuccess",24202,6098,4.963494667760459,0
"2026-01-19","USER_ID_STARTED",23349,2,23349,0
"2026-01-19","USER_ID_FINISHED",23007,1891,131.46857142857144,0
"2026-01-19","event_31006",22096,4994,4.43783892347861,0
"2026-01-19","event_10363",20747,6357,3.460140093395597,0
"2026-01-19","event_19005",19731,10238,1.9272318812268021,0
"2026-01-19","event_10200",19127,13701,1.3974574413677212,0
"2026-01-19","event_21003",19103,11948,1.598844994978239,0
"2026-01-19","event_4802",17938,8883,2.0193628278734663,0
"2026-01-19","event_17000",16965,3587,4.730897936419409,0
"2026-01-19","event_2100",16732,12834,1.304842860485066,0
"2026-01-19","event_30001",15464,14123,1.1078157461136184,0
"2026-01-19","event_33002",14268,14206,1.397316619332093,0
"2026-01-19","event_32004",13203,2375,5.86539315859618,0
"2026-01-19","event_2300",12806,10262,1.2481481481481482,0
"2026-01-19","event_6605",12684,8995,1.4104303347047704,0
"2026-01-19","event_6801",12487,10572,1.2003268287993847,0
"2026-01-19","event_10205",11519,8905,1.293542953396968,0
"2026-01-19","event_10950",11269,5787,2.04519056261343,0
"2026-01-19","event_10207",10979,8854,1.2402846814279258,0
"2026-01-19","event_33000",10909,7418,1.4708103006606446,0
"2026-01-19","event_10701",10875,5546,1.9608727010457987,0
"2026-01-19","out__appbox__publisher__request",9249,498,20.507760532150776,0
"2026-01-19","event_1752",9226,7164,1.2878280290340591,0
"2026-01-19","event_1750",9124,7217,1.2642372176804766,0
"2026-01-19","out__appbox__publisher__load_fa",8952,493,20.071748878923767,0
"2026-01-19","event_1650",8455,7429,1.1385671963371937,0
"2026-01-19","RESET_USER_ID",8220,81,102.75,0
"2026-01-19","event_14000",8157,6074,1.3433794466403162,0
"2026-01-19","event_10703",7986,1847,4.323768272874933,0
"2026-01-19","event_28005",7517,1004,8.324473975636767,0
"2026-01-19","event_14005",7459,5463,1.365367014460919,0
"2026-01-19","event_17019",7134,2859,2.4970248512425623,0
"2026-01-19","ad_click",7005,4106,1.721976401179941,0
"2026-01-19","out__charge_monitor__notificati",6417,24,291.6818181818182,0
"2026-01-19","event_39250",6081,1879,3.236295902075572,0
"2026-01-19","event_10210",6006,1619,3.7096973440395304,0
"2026-01-19","event_10101",6002,4865,1.2337101747173689,0
"2026-01-19","event_31009",5844,3423,1.7107728337236534,0
"2026-01-19","event_17009",5681,2573,2.208786936236392,0
"2026-01-19","event_12000",5635,5628,1.001421716722943,0
"2026-01-19","event_10250",5476,5445,1.005878030859662,0
"2026-01-19","event_39151",5371,2990,1.7969220475075276,0
"2026-01-19","event_1700",5272,3899,1.3545734840698869,0
"2026-01-19","event_31000",5131,2926,1.7535885167464116,0
"2026-01-19","event_29000",5042,4352,1.160147261849977,0
"2026-01-19","event_18102",4887,637,7.671899529042387,0
"2026-01-19","event_20000",4807,3999,1.2056684223727112,0
"2026-01-19","event_4806",4366,3209,1.3609725685785536,0
"2026-01-19","out__dialog__charge_booster_impression",4134,304,14.556338028169014,0
"2026-01-19","event_10252",4021,4008,1.0032435129740518,0
"2026-01-19","event_5502",3865,3076,1.264311416421328,0
"2026-01-19","appsflyer_onConversionDataFail",3844,824,7.909465020576132,0
"2026-01-19","event_1651",3624,3423,1.058720420683611,0
"2026-01-19","event_17001",3578,868,4.122119815668203,0
"2026-01-19","event_10506",3576,3334,1.0856102003642987,0
"2026-01-19","event_5500",3570,2480,1.4595257563368764,0
"2026-01-19","consent_granted",3462,3413,1.0322003577817531,0
"2026-01-19","event_1652",3455,3392,1.018573113207547,0
"2026-01-19","event_29001",3451,1621,2.1289327575570636,0
"2026-01-19","event_10702",3420,2513,1.3614649681528663,0
"2026-01-19","event_19001",3323,2174,1.5285188592456302,0
"2026-01-19","app_exception",3301,751,8.994550408719347,0
"2026-01-19","event_30000",3053,2009,1.5196615231458437,0
"2026-01-19","event_37000",3048,2704,1.1280532938564027,0
"2026-01-19","event_2600",2630,2143,1.2278244631185808,0
"2026-01-19","event_8000",2440,2386,1.0352142554094188,0
"2026-01-19","event_21008",2318,1556,1.4897172236503855,0
"2026-01-19","state_system_admin_antitheft_permission",2231,348,8.888446215139442,0
"2026-01-19","event_25000",2171,1251,1.7354116706634692,0
"2026-01-19","event_8001",2165,2138,1.0135767790262171,0
"2026-01-19","event_5506",2108,1676,1.2714113389626056,0
"2026-01-19","app_remove",2041,1931,1.732597623089983,0
"2026-01-19","state_premium",1974,1301,3,0
"2026-01-19","out__charge_monitor__impression",1892,206,9.366336633663366,0
"2026-01-19","event_31005",1875,714,2.6260504201680672,0
"2026-01-19","event_26003",1841,1294,1.4227202472952087,0
"2026-01-19","event_17007",1779,751,2.372,0
"2026-01-19","event_26004",1773,1265,1.401581027667984,0
"2026-01-19","event_10000",1756,1548,1.1402597402597403,0
"2026-01-19","out__permissions__phone",1727,115,69.08,0
"2026-01-19","state_in__nps__impression",1726,1717,1.0052417006406522,0
"2026-01-19","event_33001",1703,1438,1.1842837273991655,0
"2026-01-19","event_18101",1665,984,1.6920731707317074,0
"2026-01-19","event_17005",1621,240,6.754166666666666,0
"2026-01-19","event_1701",1616,1362,1.186490455212922,0
"2026-01-19","state_WHATSAPP_CLONING",1520,128,43.42857142857143,0
"2026-01-19","event_1702",1501,1334,1.1251874062968517,0
"2026-01-19","event_4801",1416,1004,1.4103585657370519,0
"2026-01-19","event_11002",1412,777,1.8172458172458172,0
"2026-01-19","event_39153",1399,835,1.6754491017964073,0
"2026-01-19","home_notification_permission_on_open",1382,1050,1.317445185891325,0
"2026-01-19","event_31002",1334,808,1.650990099009901,0
"2026-01-19","event_39154",1239,718,1.7256267409470751,0
"2026-01-19","event_10850",1216,936,1.2991452991452992,0
"2026-01-19","event_4206",1180,916,1.2882096069868996,0
"2026-01-19","event_10512",1148,643,1.7993730407523512,0
"2026-01-19","event_10800",1136,1017,1.1181102362204725,0
"2026-01-19","out__charge_monitor__unlock",1122,129,8.904761904761905,0
"2026-01-19","state_wifi_theft",1114,682,3.0773480662983426,0
"2026-01-19","event_25001",1109,845,1.3124260355029587,0
"2026-01-19","event_39156",1062,456,2.3289473684210527,0
"2026-01-19","event_39100",1040,870,1.1954022988505748,0
"2026-01-19","event_20001",1035,724,1.4295580110497237,0
"2026-01-19","event_39000",1010,799,1.2656641604010026,0
"2026-01-19","event_7002",983,526,1.8688212927756653,0
"2026-01-19","event_5504",943,802,1.2012738853503184,0
"2026-01-19","out__notification__impression",943,671,6.548611111111111,0
"2026-01-19","notification_receive",921,918,6.308219178082192,0
"2026-01-19","event_37001",916,884,1.0361990950226245,0
"2026-01-19","event_37002",882,874,1.0091533180778032,0
"2026-01-19","event_39002",881,498,1.7690763052208835,0
"2026-01-19","event_39200",867,448,1.9352678571428572,0
"2026-01-19","state_in__nps__close",824,824,1,0
"2026-01-19","out__charge_monitor__click",809,148,5.6573426573426575,0
"2026-01-19","event_4601",791,581,1.3637931034482758,0
"2026-01-19","state_anti_theft",744,465,3.875,0
"2026-01-19","state_adv_protection",743,465,3.8697916666666665,0
"2026-01-19","event_2101",714,643,1.1104199066874028,0
"2026-01-19","event_28004",688,281,2.4483985765124556,0
"2026-01-19","event_10251",684,682,1.002932551319648,0
"2026-01-19","os_update",675,667,2.393617021276596,0
"2026-01-19","event_10851",673,339,1.9852507374631267,0
"2026-01-19","event_2301",668,649,1.029275808936826,0
"2026-01-19","event_17008",655,522,1.2620423892100192,0
"2026-01-19","USER_ID_WAITING",653,1,653,0
"2026-01-19","event_17010",643,595,1.0824915824915824,0
"2026-01-19","event_39157",643,374,1.7192513368983957,0
"2026-01-19","event_20004",635,370,1.7162162162162162,0
"2026-01-19","event_20017",617,516,1.195736434108527,0
"2026-01-19","event_39003",589,420,1.4023809523809523,0
"2026-01-19","event_35001",585,332,1.9180327868852458,0
"2026-01-19","out__permissions__CONTACTS",579,54,34.05882352941177,0
"2026-01-19","event_39152",572,456,1.2543859649122806,0
"2026-01-19","event_34000",562,538,1.415617128463476,0
"2026-01-19","out__permissions__doze",550,87,28.94736842105263,0
"2026-01-19","out__permissions__camera",549,87,28.894736842105264,0
"2026-01-19","state_antivirus",546,485,2.4705882352941178,0
"2026-01-19","event_10001",542,375,1.4453333333333334,0
"2026-01-19","event_5509",537,379,1.4513513513513514,0
"2026-01-19","notification_dismiss",535,534,5.245098039215686,0
"2026-01-19","state_permission",533,475,2.5625,0
"2026-01-19","state_language",517,464,2.572139303482587,0
"2026-01-19","event_14001",511,315,1.6222222222222222,0
"2026-01-19","event_23000",507,287,1.7665505226480835,0
"2026-01-19","event_18000",503,448,1.1227678571428572,0
"2026-01-19","out__service__segmentation__req",500,469,4.504504504504505,0
"2026-01-19","event_39101",497,273,1.8205128205128205,0
"2026-01-19","out__service__segmentation__res",496,468,4.468468468468468,0
"2026-01-19","state_get_accounts",496,453,2.5833333333333335,0
"2026-01-19","state_achievements",494,450,2.627659574468085,0
"2026-01-19","state_add_new_numbers_to_contacts",486,446,2.5851063829787235,0
"2026-01-19","state_notification_bar",484,444,2.6021505376344085,0
"2026-01-19","event_8006",480,400,1.3636363636363635,0
"2026-01-19","event_39201",472,134,3.5223880597014925,0
"2026-01-19","state_auto_flow",471,443,2.532258064516129,0
"2026-01-19","event_4200",464,319,1.4545454545454546,0
"2026-01-19","event_28002",430,321,1.3395638629283488,0
"2026-01-19","state_in__nps__click",426,426,1,0
"2026-01-19","event_20020",403,332,1.213855421686747,0
"2026-01-19","event_39202",400,99,4.040404040404041,0
"2026-01-19","out__notifications__click",390,222,5.492957746478873,0
"2026-01-19","event_20008",381,294,1.2959183673469388,0
"2026-01-19","event_10600",366,248,1.525,0
"2026-01-19","event_12001",362,353,1.0254957507082152,0
"2026-01-19","event_18003",359,305,1.1770491803278689,0
"2026-01-19","event_30002",357,348,1.0258620689655173,0
"2026-01-19","event_3400",357,285,1.2526315789473683,0
"2026-01-19","event_33003",354,340,1.0411764705882354,0
"2026-01-19","event_18001",343,313,1.095846645367412,0
"2026-01-19","event_19002",330,260,1.2692307692307692,0
"2026-01-19","event_20014",330,290,1.1418685121107266,0
"2026-01-19","event_39155",330,177,1.8644067796610169,0
"2026-01-19","event_10513",316,227,1.3920704845814977,0
"2026-01-19","event_18104",308,227,1.3568281938325992,0
"2026-01-19","event_33004",306,243,1.2592592592592593,0
"2026-01-19","event_17016",297,178,1.6685393258426966,0
"2026-01-19","event_18005",288,232,1.2413793103448276,0
"2026-01-19","event_20016",286,257,1.1171875,0
"2026-01-19","event_20003",285,204,1.3970588235294117,0
"2026-01-19","event_10003",274,66,4.151515151515151,0
"2026-01-19","event_39001",269,228,1.1798245614035088,0
"2026-01-19","out__notification__dismiss",268,165,6.090909090909091,0
"2026-01-19","out__permissions__CAMERA",266,39,266,0
"2026-01-19","out__permissions__DOZE",265,39,265,0
"2026-01-19","event_20018",260,230,1.1304347826086956,0
"2026-01-19","event_9808",248,182,1.3626373626373627,0
"2026-01-19","ad_reward",228,202,1.1287128712871286,0
"2026-01-19","event_4808",228,216,1.0555555555555556,0
"2026-01-19","event_17011",224,221,1.0135746606334841,0
"2026-01-19","home_notification_permission_on_click",222,191,1.162303664921466,0
"2026-01-19","event_10364",220,177,1.25,0
"2026-01-19","event_17018",213,135,1.5777777777777777,0
"2026-01-19","event_10602",207,186,1.1189189189189188,0
"2026-01-19","event_5508",206,163,1.2955974842767295,0
"2026-01-19","event_10002",202,80,2.525,0
"2026-01-19","event_18002",202,186,1.086021505376344,0
"2026-01-19","event_4401",189,112,1.6875,0
"2026-01-19","event_19006",178,140,1.2714285714285714,0
"2026-01-19","antitheft_deprecation__on_show",173,139,1.2446043165467626,0
"2026-01-19","out__vault__conversion",172,16,21.5,0
"2026-01-19","event_39203",170,170,1.0059171597633136,0
"2026-01-19","event_19000",169,97,1.7422680412371134,0
"2026-01-19","out__appbox__placement__impress",169,23,7.3478260869565215,0
"2026-01-19","event_18107",157,109,1.4403669724770642,0
"2026-01-19","event_4602",157,71,2.211267605633803,0
"2026-01-19","out__dialog__residual_cleanup__",157,47,4.131578947368421,0
"2026-01-19","event_4211",152,96,1.5833333333333333,0
"2026-01-19","open_wifi_alert_settings__screen_viewed",147,86,1.7093023255813953,0
"2026-01-19","event_4418",144,65,2.2153846153846155,0
"2026-01-19","event_8007",142,104,1.3653846153846154,0
"2026-01-19","event_4400",138,99,1.393939393939394,0
"2026-01-19","app_update",133,131,6.333333333333333,0
"2026-01-19","event_10603",123,88,1.5,0
"2026-01-19","event_6604",114,96,1.1875,0
"2026-01-19","event_26001",110,49,2.2448979591836733,0
"2026-01-19","event_4408",105,41,2.5609756097560976,0
"2026-01-19","event_2500",103,81,1.271604938271605,0
"2026-01-19","event_32000",103,70,1.4714285714285715,0
"2026-01-19","event_18004",102,93,1.096774193548387,0
"2026-01-19","event_20005",97,31,3.129032258064516,0
"2026-01-19","event_2050",95,70,1.3571428571428572,0
"2026-01-19","event_18105",94,79,1.1898734177215189,0
"2026-01-19","event_26005",92,71,1.295774647887324,0
"2026-01-19","event_4605",91,40,2.275,0
"2026-01-19","event_20015",90,70,1.2857142857142858,0
"2026-01-19","event_32002",88,57,1.543859649122807,0
"2026-01-19","event_3403",88,81,1.0864197530864197,0
"2026-01-19","event_2700",87,61,1.4262295081967213,0
"2026-01-19","in__scan__start",85,23,3.6956521739130435,0
"2026-01-19","out__ads__container_impression",84,9,16.8,0
"2026-01-19","app_clear_data",80,43,2.4242424242424243,0
"2026-01-19","out__toolbar__click",78,39,2.0526315789473686,0
"2026-01-19","USER_ID_JOB_RUNNING",77,1,77,0
"2026-01-19","event_4420",77,56,1.375,0
"2026-01-19","event_12002",76,76,1,0
"2026-01-19","event_20007",76,59,1.2881355932203389,0
"2026-01-19","event_28001",76,47,1.6170212765957446,0
"2026-01-19","event_36000",74,68,1.088235294117647,0
"2026-01-19","event_17017",72,60,1.2,0
"2026-01-19","event_23001",72,55,1.309090909090909,0
"2026-01-19","event_40000",71,51,1.6136363636363635,0
"2026-01-19","event_10952",68,65,1.0461538461538462,0
"2026-01-19","event_4212",68,64,1.0625,0
"2026-01-19","out__notification__click",67,55,1.425531914893617,0
"2026-01-19","event_2720",66,41,1.6097560975609757,0
"2026-01-19","pix_analyzer_onboarding_start",64,51,1.2549019607843137,0
"2026-01-19","event_20019",61,56,1.0892857142857142,0
"2026-01-19","event_23002",60,53,1.1320754716981132,0
"2026-01-19","event_3401",59,36,1.6388888888888888,0
"2026-01-19","event_4419",59,39,1.5128205128205128,0
"2026-01-19","in__storage_cleanup__click",56,21,2.6666666666666665,0
"2026-01-19","event_10208",55,8,6.875,0
"2026-01-19","event_10804",55,44,1.25,0
"2026-01-19","event_28000",55,40,1.375,0
"2026-01-19","in__quick_cleanup__click",55,35,1.6666666666666667,0
"2026-01-19","event_10601",54,46,1.173913043478261,0
"2026-01-19","out__ads__impression",53,7,10.6,0
"2026-01-19","event_10805",52,44,1.1818181818181819,0
"2026-01-19","event_10362",51,28,1.8888888888888888,0
"2026-01-19","event_40001",50,41,1.4705882352941178,0
"2026-01-19","event_4403",50,40,1.25,0
"2026-01-19","event_2722",48,24,2,0
"2026-01-19","event_2701",47,24,1.9583333333333333,0
"2026-01-19","event_10509",44,34,1.2941176470588236,0
"2026-01-19","in__cpu_cooler__click",43,24,1.7916666666666667,0
"2026-01-19","in__storage_cleanup__conversion",43,18,2.388888888888889,0
"2026-01-19","in__memory_boost__click",42,24,1.826086956521739,0
"2026-01-19","open_wifi_alert__click_on_upgrade",42,34,1.2352941176470589,0
"2026-01-19","open_wifi_alert_paywall__screen_viewed",42,34,1.2352941176470589,0
"2026-01-19","event_26000",41,20,2.05,0
"2026-01-19","event_31001",41,28,1.4642857142857142,0
"2026-01-19","event_10508",40,20,2,0
"2026-01-19","in__memory_boost__conversion",40,21,1.9047619047619047,0
"2026-01-19","event_4412",38,30,1.2666666666666666,0
"2026-01-19","event_4413",38,30,1.2666666666666666,0
"2026-01-19","event_10102",37,33,1.121212121212121,0
"2026-01-19","event_10507",36,26,1.3846153846153846,0
"2026-01-19","app_open",32,14,2.4615384615384617,0
"2026-01-19","event_2650",31,24,1.2916666666666667,0
"2026-01-19","event_4402",30,22,1.3636363636363635,0
"2026-01-19","event_4411",30,17,1.7647058823529411,0
"2026-01-19","pix_analyzer_onboarding_activate_click",30,27,1.1111111111111112,0
"2026-01-19","event_19009",29,15,1.9333333333333333,0
"2026-01-19","event_5501",29,19,1.5263157894736843,0
"2026-01-19","event_19007",27,14,1.9285714285714286,0
"2026-01-19","event_3402",27,20,1.35,0
"2026-01-19","event_18106",26,19,1.368421052631579,0
"2026-01-19","event_4202",26,16,1.625,0
"2026-01-19","in__dialog__back_button__impres",26,11,2.3636363636363638,0
"2026-01-19","event_23003",25,20,1.25,0
"2026-01-19","notification_foreground",25,25,4.166666666666667,0
"2026-01-19","USER_ID_ALREADY_SET",24,18,1.5,0
"2026-01-19","event_4203",23,20,1.15,0
"2026-01-19","event_4410",23,22,1.0454545454545454,0
"2026-01-19","pix_analyzer_monitoring_enable",23,22,1.0454545454545454,0
"2026-01-19","subscription_screen_open",23,1,23,0
"2026-01-19","event_38000",22,20,1.1,0
"2026-01-19","event_10209",21,10,2.1,0
"2026-01-19","event_10514",21,17,1.2352941176470589,0
"2026-01-19","in__home__cards_click",21,5,4.2,0
"2026-01-19","out__dfndr_assistant__impression",19,12,3.1666666666666665,0
"2026-01-19","event_2724",18,6,3,0
"2026-01-19","in__internet_booster__click",18,14,1.2857142857142858,0
"2026-01-19","in__internet_booster__conversion",18,14,1.2857142857142858,0
"2026-01-19","out__card__vault__impression",18,1,18,0
"2026-01-19","event_39004",17,14,1.2142857142857142,0
"2026-01-19","event_2721",16,5,3.2,0
"2026-01-19","event_35000",16,10,1.6,0
"2026-01-19","event_38003",16,14,1.1428571428571428,0
"2026-01-19","event_34001",15,15,1,0
"2026-01-19","event_4805",15,12,1.25,0
"2026-01-19","in__quick_av_scan__click",15,9,1.6666666666666667,0
"2026-01-19","event_23005",14,7,2,0
"2026-01-19","event_2725",14,3,4.666666666666667,0
"2026-01-19","event_35007",14,3,4.666666666666667,0
"2026-01-19","event_28003",13,10,1.3,0
"2026-01-19","event_35006",13,8,1.625,0
"2026-01-19","event_4201",13,10,1.3,0
"2026-01-19","in__quick_av_scan__cancel",13,7,1.8571428571428572,0
"2026-01-19","out__uninstall_dialog__impressi",13,13,1,0
"2026-01-19","app_store_subscription_renew",12,12,12,62839036
"2026-01-19","event_38004",12,11,1.0909090909090908,0
"2026-01-19","event_40002",12,11,1.0909090909090908,0
"2026-01-19","in__memory_optimization__click",12,6,2,0
"2026-01-19","in__memory_optimization__conver",12,6,2,0
"2026-01-19","in__quick_av_scan__scan",12,8,1.5,0
"2026-01-19","out__permissions__contacts",12,2,0,0
"2026-01-19","event_4204",11,11,1,0
"2026-01-19","event_5505",11,9,1.375,0
"2026-01-19","in__wifi_check__click",11,9,1.2222222222222223,0
"2026-01-19","in__wifi_check__conversion",11,9,1.2222222222222223,0
"2026-01-19","in_app_purchase",11,11,1.1,34345851
"2026-01-19","event_14003",10,10,1,0
"2026-01-19","event_36004",10,10,1,0
"2026-01-19","out__permissions__LOCATION",10,2,0,0
"2026-01-19","event_20012",9,3,3,0
"2026-01-19","event_4416",9,4,2.25,0
"2026-01-19","event_4417",9,4,2.25,0
"2026-01-19","in__dialog__anti_theft_enter__i",9,9,1,0
"2026-01-19","ob__splash__show",9,8,1.2857142857142858,0
"2026-01-19","event_31003",8,7,1.1428571428571428,0
"2026-01-19","event_3800",8,5,1.6,0
"2026-01-19","event_4404",8,7,1.1428571428571428,0
"2026-01-19","in__duplicated_photos__scan",8,6,1.3333333333333333,0
"2026-01-19","in__quick_av_scan__conversion",8,7,1.1428571428571428,0
"2026-01-19","in__vault__click",8,6,1.3333333333333333,0
"2026-01-19","out__dialog__call_blocker__impr",8,6,2,0
"2026-01-19","out__dialog__install_monitor__impression",8,4,2,0
"2026-01-19","ad_card__on_remove_ads_switch_click",7,5,1.4,0
"2026-01-19","app_store_subscription_convert",7,7,1.75,115559315
"2026-01-19","event_35002",7,7,1,0
"2026-01-19","in__app_manager__click",7,5,1.4,0
"2026-01-19","in__home__open",7,5,1.4,0
"2026-01-19","in__home__upside_click",7,3,2.3333333333333335,0
"2026-01-19","pix_analyzer_alert_open",7,7,1,0
"2026-01-19","blocked_newinstall",6,6,1,0
"2026-01-19","event_26002",6,4,1.5,0
"2026-01-19","event_3801",6,3,2,0
"2026-01-19","event_4215",6,5,1.2,0
"2026-01-19","in__dailyphone__scan__open",6,4,1.5,0
"2026-01-19","in__dialog__charge_monitor_ente",6,5,1.2,0
"2026-01-19","in__vault__setup__step_1",6,3,2,0
"2026-01-19","new_install",6,6,1,0
"2026-01-19","notification_open",6,6,1.2,0
"2026-01-19","out__ads__not_loaded",6,3,0,0
"2026-01-19","valid_install",6,6,1,0
"2026-01-19","app_store_subscription_cancel",5,5,1,0
"2026-01-19","event_35010",5,1,5,0
"2026-01-19","event_3804",5,2,2.5,0
"2026-01-19","event_4414",5,5,1,0
"2026-01-19","in__anti_theft__click",5,3,1.6666666666666667,0
"2026-01-19","in__dialog__antiphishing_enter_",5,4,1.25,0
"2026-01-19","in__dialog__vault_enter__impres",5,5,1,0
"2026-01-19","in__full_av_scan__click",5,5,1,0
"2026-01-19","out__dfndr_assistant__click",5,3,5,0
"2026-01-19","event_35005",4,1,4,0
"2026-01-19","event_4607",4,4,1,0
"2026-01-19","event_5507",4,1,4,0
"2026-01-19","in__daily_phone__start_scan",4,2,2,0
"2026-01-19","in__dialog__contacts_permission",4,2,2,0
"2026-01-19","in__dialog__storage_permission_",4,2,2,0
"2026-01-19","in__duplicated_photos__click",4,4,1,0
"2026-01-19","in__full_av_scan__cancel",4,4,1,0
"2026-01-19","in__ob__terms__show_with_fireba",4,3,1.3333333333333333,0
"2026-01-19","in__security_advisor__click",4,3,1.3333333333333333,0
"2026-01-19","in__settings__advanced_protecti",4,3,1.3333333333333333,0
"2026-01-19","in__vault__configuration__add_a",4,2,2,0
"2026-01-19","in__vault__configuration__cancel",4,3,1.3333333333333333,0
"2026-01-19","in__vault__setup__step_2",4,2,2,0
"2026-01-19","out__card__vault__click",4,1,4,0
"2026-01-19","out__dialog__uninstall_monitor_",4,1,4,0
"2026-01-19","out__flashlight__click",4,2,2,0
"2026-01-19","out__notifications__impression",4,3,1.3333333333333333,0
"2026-01-19","event_14002",3,2,1.5,0
"2026-01-19","event_4415",3,3,1,0
"2026-01-19","event_9807",3,2,1.5,0
"2026-01-19","in__anti_theft__setup__step_1",3,2,1.5,0
"2026-01-19","in__app_manager__conversion__ap",3,2,1.5,0
"2026-01-19","in__battery_manager__click",3,1,3,0
"2026-01-19","in__dialog__back_button__click",3,2,1.5,0
"2026-01-19","in__full_av_scan__conversion",3,3,1,0
"2026-01-19","in__home__header_click",3,2,1.5,0
"2026-01-19","in__landing_page__weekly_report",3,3,1.5,0
"2026-01-19","in__memory_boost__cancel",3,3,1,0
"2026-01-19","in__settings__assistant",3,3,1,0
"2026-01-19","in__settings__charge_monitor__a",3,2,1.5,0
"2026-01-19","in__vault__setup__step_3",3,2,1.5,0
"2026-01-19","in__vault__setup__step_4",3,2,1.5,0
"2026-01-19","out__permissions__usage_access",3,3,1,0
"2026-01-19","subscription__show",3,3,1,0
"2026-01-19","consent_rejected",2,1,2,0
"2026-01-19","event_10360",2,1,2,0
"2026-01-19","event_19012",2,1,2,0
"2026-01-19","event_32001",2,2,1,0
"2026-01-19","event_35008",2,2,1,0
"2026-01-19","event_35009",2,1,2,0
"2026-01-19","event_39102",2,1,2,0
"2026-01-19","event_39251",2,1,2,0
"2026-01-19","event_4216",2,1,2,0
"2026-01-19","in__bottom_timer__open",2,1,2,0
"2026-01-19","in__call_blocker__click",2,2,1,0
"2026-01-19","in__daily_phone__click_card",2,2,1,0
"2026-01-19","in__dialog__advanced_protection",2,2,1,0
"2026-01-19","in__dialog__assistant_enter__im",2,2,1,0
"2026-01-19","in__dialog__location_permission",2,1,2,0
"2026-01-19","in__dialog__vault_exit__impress",2,1,2,0
"2026-01-19","in__landing_page__anti_theft_pe",2,1,2,0
"2026-01-19","in__landing_page__onboarding_pe",2,1,2,0
"2026-01-19","in__landing_page__privacy_forgo",2,1,2,0
"2026-01-19","in__landing_page__quick_av_scan",2,1,2,0
"2026-01-19","in__onboarding__click",2,2,1,0
"2026-01-19","in__onboarding__conversion",2,2,1,0
"2026-01-19","in__quick_cleanup__cancel",2,2,1,0
"2026-01-19","in__quick_cleanup__conversion",2,2,1,0
"2026-01-19","in__settings__update_monitor",2,2,1,0
"2026-01-19","in__storage_cleanup__cancel",2,1,2,0
"2026-01-19","in__whatsapp_photo_cleaner__con",2,1,2,0
"2026-01-19","ob__terms__click",2,2,1,0
"2026-01-19","out__uninstall_dialog__click",2,2,1,0
"2026-01-19","subscription_purchase_abandoned",2,1,2,0
"2026-01-19","subscription_subscribe_click",2,1,2,0
"2026-01-19","event_2704",1,1,1,0
"2026-01-19","event_31004",1,1,1,0
"2026-01-19","event_32003",1,1,1,0
"2026-01-19","event_35004",1,1,1,0
"2026-01-19","event_3600",1,1,1,0
"2026-01-19","event_36005",1,1,1,0
"2026-01-19","event_39103",1,1,1,0
"2026-01-19","event_9809",1,1,1,0
"2026-01-19","in__anti_theft__configuration__",1,1,1,0
"2026-01-19","in__battery_manager__install",1,1,1,0
"2026-01-19","in__billboard__game_booster__im",1,1,1,0
"2026-01-19","in__card__report_scheduler__imp",1,1,1,0
"2026-01-19","in__dialog__accessibility__click",1,1,1,0
"2026-01-19","in__dialog__accessibility__impr",1,1,1,0
"2026-01-19","in__dialog__al_applock_not_enab",1,1,1,0
"2026-01-19","in__dialog__charge_monitor_exit",1,1,1,0
"2026-01-19","in__dialog__corona_virus_2020_p",1,1,1,0
"2026-01-19","in__dialog__dfndr__impression",1,1,1,0
"2026-01-19","in__dialog__feedback_we_are_tog",1,1,1,0
"2026-01-19","in__dialog__float_window_enter_",1,1,1,0
"2026-01-19","in__dialog__gallery_assistant_a",1,1,1,0
"2026-01-19","in__dialog__phone_permission__c",1,1,1,0
"2026-01-19","in__dialog__phone_permission__i",1,1,1,0
"2026-01-19","in__dialog__pro_security_trial_",1,1,1,0
"2026-01-19","in__dialog__scheduler_enter__im",1,1,1,0
"2026-01-19","in__dialog__total_charge_br_any",1,1,1,0
"2026-01-19","in__dialog__womens_month_2020_p",1,1,1,0
"2026-01-19","in__duplicated_photos__cancel",1,1,1,0
"2026-01-19","in__home__grid__button_click",1,1,1,0
"2026-01-19","in__security_advisor__configura",1,1,1,0
"2026-01-19","in__settings__antiphishing",1,1,1,0
"2026-01-19","in__settings__charge_monitor__d",1,1,1,0
"2026-01-19","in__settings__scheduler",1,1,1,0
"2026-01-19","in__social_guardian__configurat",1,1,1,0
"2026-01-19","in__vault__configuration__remov",1,1,1,0
"2026-01-19","in__vault__setup__step_5",1,1,1,0
"2026-01-19","in__vault__setup__step_6",1,1,1,0
"2026-01-19","in__whatsapp_cleaner__scan",1,1,1,0
"2026-01-19","in__whatsapp_photo_cleaner__can",1,1,1,0
"2026-01-19","in__whatsapp_photo_cleaner__cli",1,1,1,0
"2026-01-19","in__whatsapp_video_cleaner__cli",1,1,1,0
"2026-01-19","ob__antiphishing__cta__click",1,1,1,0
"2026-01-19","ob__antiphishing__show",1,1,1,0
"2026-01-19","ob__p_location__allow",1,1,1,0
"2026-01-19","ob__p_storage__allow",1,1,1,0
"2026-01-19","ob__scan__issues__cta__click",1,1,1,0
"2026-01-19","ob__scan__issues__show",1,1,1,0
"2026-01-19","ob__scan__result__show",1,1,1,0
"2026-01-19","ob__scan__show",1,1,1,0
"2026-01-19","out__ads__click",1,1,1,0
"2026-01-19","out__card__charge_monitor_notif",1,1,1,0
"2026-01-19","out__dialog__call_blocker__click",1,1,1,0
"2026-01-19","out__flashlight__configuration_",1,1,1,0
"2026-01-19","out__float_window__click",1,1,1,0
"2026-01-19","out__permissions__accessibility",1,1,1,0
"2026-01-19","pix_analyzer_click_on_subscribe",1,1,1,0
"2026-01-20","event_17015",12255316,65508,275.34467186411734,0
"2026-01-20","state_hidden_gallery",9100746,552778,52.11713367807996,0
"2026-01-20","state_notification",9097615,552729,52.09920341768745,0
"2026-01-20","state_widget",9093175,551981,52.10898953026596,0
"2026-01-20","state_security_alert",9092084,552569,52.06752910589219,0
"2026-01-20","state_ads_free_subscription",9090501,552387,52.070391394252525,0
"2026-01-20","state_update_monitor",9087128,551336,52.08627617317139,0
"2026-01-20","state_are_notification_allowed",9085314,551290,52.075878553045634,0
"2026-01-20","state_upgrade_premium",9062369,550874,51.961635274218054,0
"2026-01-20","state_auto_optimization_security",9060904,550874,51.953235285685615,0
"2026-01-20","state_auto_optimization_performance",9059602,550831,51.945769903385795,0
"2026-01-20","state_medals",9058084,550727,51.937066024483244,0
"2026-01-20","state_in_app_update",8995051,553074,51.28599692114716,0
"2026-01-20","state_mediation_network",8989784,550123,51.57531668808519,0
"2026-01-20","state_android_go",8988386,550111,51.56315469429433,0
"2026-01-20","state_restricted_app_standby_bucket",8987043,550001,51.55959128878282,0
"2026-01-20","state_anti_phishing",8985725,549813,51.552029787038734,0
"2026-01-20","state_daily_phone_checkup",8983772,550173,51.50713802474515,0
"2026-01-20","state_install_monitor",8982162,549569,51.53572780997189,0
"2026-01-20","state_gallery_assistant",8981648,550088,51.49791293977341,0
"2026-01-20","state_notification_manager",8975739,549298,51.50183038788157,0
"2026-01-20","state_assistant",8975598,549228,51.494521003775056,0
"2026-01-20","state_safe_app_installer",8974747,549225,51.49613839798026,0
"2026-01-20","state_total_charge",8974593,549688,51.45539661152997,0
"2026-01-20","state_whatsapp_cloning",8973306,549643,51.45303271826512,0
"2026-01-20","state_vault",8969193,549484,51.41352922293812,0
"2026-01-20","state_permission_system_admin",8967268,548736,51.45322469589167,0
"2026-01-20","state_permission_accessibility",8966344,548699,51.447922882717464,0
"2026-01-20","state_permission_camera",8965413,548663,51.442580904291944,0
"2026-01-20","state_permission_access_coarse_location",8964587,548663,51.43784140463622,0
"2026-01-20","state_permission_access_fine_location",8963725,548645,51.43289534083085,0
"2026-01-20","state_permission_draw_over_apps",8962897,548499,51.42814436538903,0
"2026-01-20","state_permission_get_accounts",8962082,548499,51.42346798255681,0
"2026-01-20","state_permission_gps",8961196,548402,51.41838420931834,0
"2026-01-20","state_permission_miui_background_popup",8959941,548347,51.41118315354602,0
"2026-01-20","state_permission_miui_change_wifi_state",8959099,548111,51.40635184760156,0
"2026-01-20","state_permission_notification_access",8958370,548038,51.40216892357127,0
"2026-01-20","state_permission_storage",8956755,547953,51.3929022263025,0
"2026-01-20","state_permission_read_phone_state",8955962,547844,51.38835207711728,0
"2026-01-20","state_permission_usage_access",8955292,547750,51.38450768877668,0
"2026-01-20","state_permission_wifi",8954380,547678,51.379274730319025,0
"2026-01-20","state_permission_miui_autostart",8944523,545920,51.74401976154251,0
"2026-01-20","state_permission_post_notification",8853911,537199,52.381017458542615,0
"2026-01-20","event_10350",5757024,476810,32.35428269556079,0
"2026-01-20","event_10351",3168348,200530,19.88294948227173,0
"2026-01-20","screen_view",3111581,177683,17.89488788309246,0
"2026-01-20","event_10358",2994550,158237,21.17741490633155,0
"2026-01-20","user_engagement",2952300,175025,16.867876017711755,0
"2026-01-20","ad_impression",2844351,111723,26.848190519340772,2099167124
"2026-01-20","event_10353",1959810,111440,18.505708053596216,0
"2026-01-20","event_7000",1846453,54074,35.319210390405324,0
"2026-01-20","event_6800",1291698,451479,7.656185356196618,0
"2026-01-20","event_6600",1032086,50116,20.6132736823184,0
"2026-01-20","user_profile",941819,546214,5.415554022195389,0
"2026-01-20","event_10700",912345,50297,18.15864896602512,0
"2026-01-20","session_start",670612,184362,3.8216953982048727,0
"2026-01-20","event_8010",389666,388929,2.9887404316679196,0
"2026-01-20","state_wifi_theft_auto_scan_state",388800,28380,41.7077880283201,0
"2026-01-20","event_10352",380265,67385,7.986579295570538,0
"2026-01-20","event_7001",335855,30359,11.433750936202083,0
"2026-01-20","zendesk_messaging_init_error",265340,100225,14.843365406131126,0
"2026-01-20","event_10505",248320,44934,8.315585024445785,0
"2026-01-20","state_charge_booster",234337,18571,33.46715224221651,0
"2026-01-20","state_antitheft",233934,18106,34.48319575471698,0
"2026-01-20","state_data_monitoring",233698,18072,34.46873156342183,0
"2026-01-20","event_21001",185471,42888,4.328176047792402,0
"2026-01-20","event_1000",114112,63102,1.8250035984454716,0
"2026-01-20","event_21002",90393,38617,2.3461029354512184,0
"2026-01-20","event_10511",88969,2733,38.15137221269297,0
"2026-01-20","event_21000",81046,45882,1.7739012432148484,0
"2026-01-20","event_4800",69425,29366,2.3654979726736856,0
"2026-01-20","event_10100",57881,34390,1.737124849939976,0
"2026-01-20","event_10510",56395,35840,2.43102853694284,0
"2026-01-20","event_1751",51598,30128,1.7450622294372293,0
"2026-01-20","event_9900",46688,22459,2.1060988812702996,0
"2026-01-20","event_8011",44337,5271,12.63522371045882,0
"2026-01-20","first_open",40883,40753,1.0031899492061933,0
"2026-01-20","event_21005",36691,9998,3.6702010603180955,0
"2026-01-20","event_4803",35368,17622,2.007036658722052,0
"2026-01-20","event_10354",31646,20437,1.5654711847637892,0
"2026-01-20","event_1600",28733,20529,1.4001754300472686,0
"2026-01-20","appsflyer_onConversionDataSuccess",25112,5941,5.331634819532908,0
"2026-01-20","USER_ID_STARTED",24421,3,24421,0
"2026-01-20","USER_ID_FINISHED",23992,1988,122.40816326530613,0
"2026-01-20","event_31006",22164,5159,4.299515033947624,0
"2026-01-20","event_10363",21177,6712,3.3523824600284944,0
"2026-01-20","event_19005",20312,10393,1.9543923794861926,0
"2026-01-20","event_21003",19716,12388,1.5915402001937358,0
"2026-01-20","event_10200",19644,14223,1.381337458687856,0
"2026-01-20","event_4802",17692,8883,1.9916694810311832,0
"2026-01-20","event_2100",16645,12811,1.2998828582584927,0
"2026-01-20","event_17000",16587,3587,4.628069196428571,0
"2026-01-20","event_30001",15562,14269,1.1048633297834576,0
"2026-01-20","event_33002",14907,14752,1.378235946745562,0
"2026-01-20","event_2300",13119,10547,1.2438608135014697,0
"2026-01-20","event_6801",12624,10733,1.1961341671404206,0
"2026-01-20","event_6605",12488,8744,1.4286694886168632,0
"2026-01-20","event_10205",11898,9201,1.2931203130094555,0
"2026-01-20","event_10207",11380,9157,1.2427650977394342,0
"2026-01-20","event_10701",11304,5756,1.9638637943015984,0
"2026-01-20","event_10950",10683,5769,1.9416575790621593,0
"2026-01-20","event_32004",10654,2508,4.470835081829627,0
"2026-01-20","event_33000",10579,7440,1.4220997445893264,0
"2026-01-20","event_1752",9602,7443,1.2900712078462986,0
"2026-01-20","event_1750",9499,7483,1.2694106641721234,0
"2026-01-20","out__appbox__publisher__request",9029,496,20.064444444444444,0
"2026-01-20","event_1650",8754,7693,1.13821349629437,0
"2026-01-20","out__appbox__publisher__load_fa",8705,491,19.605855855855857,0
"2026-01-20","RESET_USER_ID",8387,78,107.52564102564102,0
"2026-01-20","event_14000",8128,6114,1.3296253885162768,0
"2026-01-20","event_10703",7433,1851,4.015667206915181,0
"2026-01-20","event_14005",7413,5474,1.354219948849105,0
"2026-01-20","event_28005",7382,1030,7.83651804670913,0
"2026-01-20","event_17019",7006,2889,2.429264909847434,0
"2026-01-20","ad_click",6891,4089,1.6956200787401574,0
"2026-01-20","event_39250",6493,1843,3.5268875611080936,0
"2026-01-20","event_10210",6202,1681,3.691666666666667,0
"2026-01-20","event_10101",6083,4875,1.2477948717948717,0
"2026-01-20","event_12000",5852,5843,1.00171174255392,0
"2026-01-20","event_39151",5779,3081,1.8762987012987014,0
"2026-01-20","event_31009",5751,3565,1.6159033436358528,0
"2026-01-20","out__charge_monitor__notificati",5651,27,226.04,0
"2026-01-20","event_10250",5569,5534,1.0063245392121432,0
"2026-01-20","event_17009",5566,2588,2.1523588553750965,0
"2026-01-20","event_18102",5541,656,8.446646341463415,0
"2026-01-20","event_29000",5235,4538,1.1556291390728477,0
"2026-01-20","app_exception",5221,870,10.968487394957982,0
"2026-01-20","event_1700",5166,3908,1.323597232897771,0
"2026-01-20","event_31000",4868,2913,1.6711294198420872,0
"2026-01-20","event_20000",4721,3864,1.224325726141079,0
"2026-01-20","event_4806",4658,3337,1.3958645489961043,0
"2026-01-20","out__dialog__charge_booster_impression",4311,317,14.66326530612245,0
"2026-01-20","appsflyer_onConversionDataFail",4283,884,7.990671641791045,0
"2026-01-20","event_10252",4054,4042,1.0029688273132114,0
"2026-01-20","event_5502",4048,3108,1.3087617200129325,0
"2026-01-20","event_1651",3868,3685,1.0496607869742198,0
"2026-01-20","event_1652",3718,3649,1.0189092902164976,0
"2026-01-20","event_29001",3663,1696,2.1597877358490565,0
"2026-01-20","event_10506",3607,3418,1.066528681253696,0
"2026-01-20","event_5500",3535,2535,1.4033346566097658,0
"2026-01-20","consent_granted",3478,3414,1.0357355568790947,0
"2026-01-20","event_10702",3470,2554,1.3586530931871574,0
"2026-01-20","event_17001",3452,881,3.9182746878547103,0
"2026-01-20","event_19001",3426,2234,1.5335720680393912,0
"2026-01-20","event_30000",3219,2174,1.4806807727690892,0
"2026-01-20","event_37000",3178,2819,1.1285511363636365,0
"2026-01-20","event_2600",2580,2090,1.2350406893250359,0
"2026-01-20","event_8000",2430,2367,1.0424710424710424,0
"2026-01-20","state_system_admin_antitheft_permission",2348,320,10.298245614035087,0
"2026-01-20","event_21008",2330,1573,1.4812460267005723,0
"2026-01-20","event_25000",2170,1248,1.7415730337078652,0
"2026-01-20","event_8001",2136,2096,1.0200573065902578,0
"2026-01-20","app_remove",2075,1932,1.73785594639866,0
"2026-01-20","state_premium",2067,1321,3.131818181818182,0
"2026-01-20","event_5506",2052,1643,1.2643253234750462,0
"2026-01-20","event_26003",1900,1367,1.3899049012435991,0
"2026-01-20","event_31005",1877,709,2.6473906911142455,0
"2026-01-20","state_in__nps__impression",1874,1869,1.0026752273943285,0
"2026-01-20","event_26004",1816,1326,1.3695324283559578,0
"2026-01-20","event_18101",1801,983,1.832146490335707,0
"2026-01-20","event_10000",1797,1578,1.141677255400254,0
"2026-01-20","event_17007",1740,732,2.3803009575923393,0
"2026-01-20","state_WHATSAPP_CLONING",1684,150,35.083333333333336,0
"2026-01-20","event_1701",1612,1335,1.2074906367041198,0
"2026-01-20","out__permissions__phone",1589,99,93.47058823529412,0
"2026-01-20","event_33001",1577,1356,1.1629793510324484,0
"2026-01-20","out__charge_monitor__impression",1521,210,7.383495145631068,0
"2026-01-20","event_11002",1501,766,1.9595300261096606,0
"2026-01-20","event_39153",1461,839,1.7413587604290823,0
"2026-01-20","event_1702",1460,1278,1.1424100156494523,0
"2026-01-20","event_31002",1451,859,1.6891734575087312,0
"2026-01-20","event_4801",1402,983,1.4262461851475077,0
"2026-01-20","home_notification_permission_on_open",1333,1011,1.3184965380811078,0
"2026-01-20","event_39154",1326,771,1.7198443579766538,0
"2026-01-20","event_10850",1314,1036,1.2683397683397684,0
"2026-01-20","event_10512",1311,662,1.9984756097560976,0
"2026-01-20","event_4206",1289,1025,1.257560975609756,0
"2026-01-20","event_17005",1224,232,5.275862068965517,0
"2026-01-20","state_wifi_theft",1117,698,3.002688172043011,0
"2026-01-20","event_25001",1113,826,1.347457627118644,0
"2026-01-20","event_10800",1093,974,1.12217659137577,0
"2026-01-20","event_39156",1077,441,2.442176870748299,0
"2026-01-20","event_20001",1045,685,1.5255474452554745,0
"2026-01-20","event_39100",1012,873,1.15922107674685,0
"2026-01-20","event_37001",996,957,1.0407523510971788,0
"2026-01-20","event_39000",981,783,1.2544757033248082,0
"2026-01-20","event_37002",961,946,1.0158562367864694,0
"2026-01-20","event_39002",942,498,1.891566265060241,0
"2026-01-20","event_7002",937,508,1.8481262327416172,0
"2026-01-20","event_5504",909,782,1.1866840731070496,0
"2026-01-20","state_anti_theft",895,519,4.105504587155964,0
"2026-01-20","state_adv_protection",893,519,4.0963302752293576,0
"2026-01-20","state_in__nps__close",888,886,1.002257336343115,0
"2026-01-20","out__notification__impression",886,671,7.383333333333334,0
"2026-01-20","event_4601",847,593,1.4307432432432432,0
"2026-01-20","notification_receive",828,828,5.483443708609271,0
"2026-01-20","out__charge_monitor__unlock",827,116,7.191304347826087,0
"2026-01-20","event_10851",790,400,1.975,0
"2026-01-20","event_20004",753,379,1.9868073878627968,0
"2026-01-20","event_39200",715,439,1.6287015945330297,0
"2026-01-20","out__permissions__camera",715,79,39.72222222222222,0
"2026-01-20","out__permissions__doze",714,78,42,0
"2026-01-20","event_10251",685,685,1,0
"2026-01-20","event_2301",683,661,1.033282904689864,0
"2026-01-20","event_2101",678,609,1.1133004926108374,0
"2026-01-20","event_39157",678,353,1.9206798866855523,0
"2026-01-20","event_17008",677,515,1.324853228962818,0
"2026-01-20","event_28004",652,276,2.36231884057971,0
"2026-01-20","out__charge_monitor__click",634,138,4.876923076923077,0
"2026-01-20","os_update",625,620,2.314814814814815,0
"2026-01-20","event_17010",609,568,1.0721830985915493,0
"2026-01-20","state_language",591,515,2.5584415584415585,0
"2026-01-20","state_antivirus",588,522,2.4,0
"2026-01-20","event_10001",587,415,1.4144578313253011,0
"2026-01-20","event_39003",584,421,1.3871733966745843,0
"2026-01-20","state_permission",581,517,2.482905982905983,0
"2026-01-20","out__permissions__CONTACTS",578,52,38.53333333333333,0
"2026-01-20","event_35001",570,306,2.0284697508896796,0
"2026-01-20","USER_ID_WAITING",569,1,569,0
"2026-01-20","event_34000",567,556,1.3404255319148937,0
"2026-01-20","event_39101",564,271,2.081180811808118,0
"2026-01-20","event_4200",560,388,1.443298969072165,0
"2026-01-20","event_39152",557,441,1.2630385487528344,0
"2026-01-20","state_achievements",546,496,2.5876777251184833,0
"2026-01-20","event_18000",545,475,1.1473684210526316,0
"2026-01-20","event_20017",531,438,1.2123287671232876,0
"2026-01-20","state_get_accounts",529,487,2.5311004784688995,0
"2026-01-20","state_add_new_numbers_to_contacts",526,484,2.5410628019323673,0
"2026-01-20","state_notification_bar",524,482,2.55609756097561,0
"2026-01-20","event_8006",519,432,1.384,0
"2026-01-20","state_auto_flow",514,479,2.5073170731707317,0
"2026-01-20","out__service__segmentation__req",498,466,4.98,0
"2026-01-20","out__service__segmentation__res",490,463,4.94949494949495,0
"2026-01-20","event_14001",488,323,1.5108359133126934,0
"2026-01-20","event_23000",488,262,1.8625954198473282,0
"2026-01-20","notification_dismiss",486,486,4.2631578947368425,0
"2026-01-20","state_in__nps__click",465,465,1,0
"2026-01-20","event_28002",456,321,1.4205607476635513,0
"2026-01-20","out__notifications__click",438,249,4.610526315789474,0
"2026-01-20","event_20020",426,285,1.4947368421052631,0
"2026-01-20","event_5509",420,391,1.1023622047244095,0
"2026-01-20","event_3400",415,326,1.2730061349693251,0
"2026-01-20","event_33003",403,393,1.028061224489796,0
"2026-01-20","event_12001",394,387,1.0180878552971577,0
"2026-01-20","event_18003",383,318,1.2044025157232705,0
"2026-01-20","event_30002",381,367,1.0381471389645776,0
"2026-01-20","event_19002",371,266,1.394736842105263,0
"2026-01-20","event_39155",364,184,1.9782608695652173,0
"2026-01-20","event_18001",363,326,1.1134969325153374,0
"2026-01-20","event_20008",363,267,1.3595505617977528,0
"2026-01-20","event_10600",358,252,1.4552845528455285,0
"2026-01-20","event_10513",344,236,1.4576271186440677,0
"2026-01-20","event_33004",343,252,1.3611111111111112,0
"2026-01-20","event_4408",332,49,6.775510204081633,0
"2026-01-20","event_18104",324,241,1.3443983402489628,0
"2026-01-20","out__permissions__CAMERA",323,36,64.6,0
"2026-01-20","out__permissions__DOZE",323,36,64.6,0
"2026-01-20","event_18005",314,255,1.231372549019608,0
"2026-01-20","event_20014",303,253,1.2023809523809523,0
"2026-01-20","event_9808",303,221,1.3710407239819005,0
"2026-01-20","event_20003",287,197,1.4568527918781726,0
"2026-01-20","event_10002",275,79,3.481012658227848,0
"2026-01-20","event_20016",264,217,1.2222222222222223,0
"2026-01-20","event_4401",258,138,1.8695652173913044,0
"2026-01-20","event_39001",252,207,1.2173913043478262,0
"2026-01-20","event_10602",231,187,1.2352941176470589,0
"2026-01-20","app_update",229,223,6.9393939393939394,0
"2026-01-20","event_18107",228,141,1.6170212765957446,0
"2026-01-20","event_10364",226,192,1.1832460732984293,0
"2026-01-20","ad_reward",222,189,1.1746031746031746,0
"2026-01-20","out__notification__dismiss",220,157,7.586206896551724,0
"2026-01-20","event_17011",218,215,1.013953488372093,0
"2026-01-20","event_17016",209,144,1.4513888888888888,0
"2026-01-20","event_20018",206,192,1.0729166666666667,0
"2026-01-20","out__dialog__residual_cleanup__",203,40,5.8,0
"2026-01-20","event_18002",198,181,1.0939226519337018,0
"2026-01-20","event_39201",195,98,1.989795918367347,0
"2026-01-20","event_4808",195,187,1.0427807486631016,0
"2026-01-20","open_wifi_alert_settings__screen_viewed",191,107,1.7850467289719627,0
"2026-01-20","home_notification_permission_on_click",184,160,1.15,0
"2026-01-20","antitheft_deprecation__on_show",182,143,1.2727272727272727,0
"2026-01-20","event_5508",174,137,1.2985074626865671,0
"2026-01-20","event_19006",172,135,1.2835820895522387,0
"2026-01-20","event_8007",171,130,1.3153846153846154,0
"2026-01-20","event_19000",161,111,1.4504504504504505,0
"2026-01-20","event_4418",158,68,2.323529411764706,0
"2026-01-20","out__vault__conversion",153,12,30.6,0
"2026-01-20","event_4400",152,119,1.2773109243697478,0
"2026-01-20","event_4605",148,45,3.2888888888888888,0
"2026-01-20","event_4602",145,62,2.338709677419355,0
"2026-01-20","out__appbox__placement__impress",144,29,4.9655172413793105,0
"2026-01-20","event_17018",143,106,1.349056603773585,0
"2026-01-20","event_39203",143,143,1,0
"2026-01-20","event_39202",139,62,2.2419354838709675,0
"2026-01-20","event_3403",136,108,1.2592592592592593,0
"2026-01-20","event_32000",127,93,1.3655913978494623,0
"2026-01-20","event_18004",122,106,1.150943396226415,0
"2026-01-20","event_32002",121,74,1.635135135135135,0
"2026-01-20","event_10603",120,84,1.4814814814814814,0
"2026-01-20","event_6604",116,98,1.183673469387755,0
"2026-01-20","event_20005",113,34,3.323529411764706,0
"2026-01-20","event_10003",106,70,1.5142857142857142,0
"2026-01-20","event_26005",106,93,1.1397849462365592,0
"2026-01-20","event_4420",106,75,1.4133333333333333,0
"2026-01-20","event_10362",100,37,2.7027027027027026,0
"2026-01-20","event_2050",100,86,1.1627906976744187,0
"2026-01-20","event_40000",99,74,1.5714285714285714,0
"2026-01-20","event_12002",97,97,1,0
"2026-01-20","event_4211",97,73,1.3287671232876712,0
"2026-01-20","event_26001",93,42,2.2142857142857144,0
"2026-01-20","app_clear_data",92,65,1.84,0
"2026-01-20","event_2500",92,81,1.15,0
"2026-01-20","in__scan__start",91,22,4.136363636363637,0
"2026-01-20","event_3401",89,57,1.5614035087719298,0
"2026-01-20","event_20015",88,68,1.2941176470588236,0
"2026-01-20","event_2700",82,61,1.3442622950819672,0
"2026-01-20","event_18105",77,68,1.1323529411764706,0
"2026-01-20","event_20007",77,50,1.54,0
"2026-01-20","event_4212",76,58,1.3103448275862069,0
"2026-01-20","event_36000",75,67,1.1194029850746268,0
"2026-01-20","event_40001",70,54,1.5909090909090908,0
"2026-01-20","event_23002",69,59,1.1694915254237288,0
"2026-01-20","out__toolbar__click",69,36,2.15625,0
"2026-01-20","out__ads__container_impression",67,6,22.333333333333332,0
"2026-01-20","event_2720",66,48,1.375,0
"2026-01-20","event_4419",66,43,1.5348837209302326,0
"2026-01-20","open_wifi_alert__click_on_upgrade",65,47,1.3829787234042554,0
"2026-01-20","open_wifi_alert_paywall__screen_viewed",65,47,1.3829787234042554,0
"2026-01-20","USER_ID_JOB_RUNNING",63,1,63,0
"2026-01-20","event_17017",63,50,1.26,0
"2026-01-20","event_10208",62,16,3.875,0
"2026-01-20","pix_analyzer_onboarding_start",61,53,1.150943396226415,0
"2026-01-20","event_4403",60,50,1.2,0
"2026-01-20","event_23001",59,53,1.1132075471698113,0
"2026-01-20","event_28001",59,45,1.3111111111111111,0
"2026-01-20","event_10952",58,57,1.0175438596491229,0
"2026-01-20","in__quick_cleanup__click",58,28,2.4166666666666665,0
"2026-01-20","out__notification__click",57,45,1.5833333333333333,0
"2026-01-20","event_4412",56,38,1.4736842105263157,0
"2026-01-20","event_10509",55,47,1.1702127659574468,0
"2026-01-20","event_2701",55,34,1.6176470588235294,0
"2026-01-20","event_4410",54,33,1.6363636363636365,0
"2026-01-20","event_10507",50,35,1.4285714285714286,0
"2026-01-20","event_2722",50,34,1.4705882352941178,0
"2026-01-20","event_20019",48,40,1.2,0
"2026-01-20","event_28000",45,39,1.1538461538461537,0
"2026-01-20","event_4411",45,25,1.8,0
"2026-01-20","event_10601",44,35,1.2571428571428571,0
"2026-01-20","event_31001",44,37,1.1891891891891893,0
"2026-01-20","event_4413",44,34,1.2941176470588236,0
"2026-01-20","event_10804",42,40,1.05,0
"2026-01-20","event_10805",42,40,1.05,0
"2026-01-20","in__memory_boost__conversion",42,22,1.9090909090909092,0
"2026-01-20","app_open",41,15,2.9285714285714284,0
"2026-01-20","in__memory_boost__click",38,23,1.6521739130434783,0
"2026-01-20","event_20012",37,6,6.166666666666667,0
"2026-01-20","event_26000",35,21,1.6666666666666667,0
"2026-01-20","event_5501",35,29,1.206896551724138,0
"2026-01-20","out__uninstall_dialog__impressi",35,26,1.3461538461538463,0
"2026-01-20","in__cpu_cooler__click",34,24,1.4166666666666667,0
"2026-01-20","event_10508",31,19,1.631578947368421,0
"2026-01-20","in__home__cards_click",29,4,7.25,0
"2026-01-20","event_10514",27,17,1.588235294117647,0
"2026-01-20","event_3402",26,20,1.3,0
"2026-01-20","event_18106",25,24,1.0416666666666667,0
"2026-01-20","in__ads__not_loaded",25,3,8.333333333333334,0
"2026-01-20","event_38000",24,23,1.0909090909090908,0
"2026-01-20","event_19009",23,17,1.3529411764705883,0
"2026-01-20","pix_analyzer_monitoring_enable",23,20,1.15,0
"2026-01-20","event_4402",22,19,1.1578947368421053,0
"2026-01-20","in__storage_cleanup__click",22,15,1.4666666666666666,0
"2026-01-20","notification_foreground",22,22,2,0
"2026-01-20","out__ads__not_loaded",22,4,11,0
"2026-01-20","out__permissions__LOCATION",22,2,0,0
"2026-01-20","pix_analyzer_onboarding_activate_click",22,21,1.0476190476190477,0
"2026-01-20","event_10209",21,11,1.9090909090909092,0
"2026-01-20","event_4404",21,16,1.3125,0
"2026-01-20","out__dfndr_assistant__impression",21,17,1.5,0
"2026-01-20","out__permissions__contacts",21,3,21,0
"2026-01-20","in__storage_cleanup__conversion",20,15,1.3333333333333333,0
"2026-01-20","out__dialog__install_monitor__impression",20,13,1.5384615384615385,0
"2026-01-20","event_2650",19,15,1.2666666666666666,0
"2026-01-20","event_39004",19,11,1.7272727272727273,0
"2026-01-20","app_store_subscription_renew",18,18,3,94719634
"2026-01-20","event_34001",18,18,1.0588235294117647,0
"2026-01-20","event_5505",18,12,1.5,0
"2026-01-20","event_19007",17,12,1.4166666666666667,0
"2026-01-20","out__dialog__uninstall_monitor_",17,1,17,0
"2026-01-20","event_10102",16,16,1,0
"2026-01-20","event_28003",16,12,1.3333333333333333,0
"2026-01-20","event_38003",16,16,1,0
"2026-01-20","event_40002",16,14,1.1428571428571428,0
"2026-01-20","event_4201",16,15,1.0666666666666667,0
"2026-01-20","in__internet_booster__click",16,12,1.3333333333333333,0
"2026-01-20","out__ads__impression",16,2,0,0
"2026-01-20","event_4202",15,10,1.5,0
"2026-01-20","in__dialog__back_button__impres",15,8,1.875,0
"2026-01-20","in__internet_booster__conversion",14,11,1.2727272727272727,0
"2026-01-20","event_4203",13,13,1,0
"2026-01-20","event_14003",12,12,1,0
"2026-01-20","event_23003",12,9,1.3333333333333333,0
"2026-01-20","event_35007",12,3,4,0
"2026-01-20","in_app_purchase",12,12,1,21689350
"2026-01-20","USER_ID_ALREADY_SET",11,11,1.2222222222222223,0
"2026-01-20","event_4805",11,11,1,0
"2026-01-20","ob__splash__show",11,11,1.1,0
"2026-01-20","event_23005",10,5,2,0
"2026-01-20","event_35002",10,5,2,0
"2026-01-20","event_2721",9,4,2.25,0
"2026-01-20","event_4204",9,9,1,0
"2026-01-20","event_5507",9,3,3,0
"2026-01-20","in__full_av_scan__click",9,4,2.25,0
"2026-01-20","out__notifications__impression",9,6,1.8,0
"2026-01-20","pix_analyzer_alert_open",9,6,1.5,0
"2026-01-20","event_19012",8,3,2.6666666666666665,0
"2026-01-20","in__dialog__antiphishing_enter_",8,7,1.1428571428571428,0
"2026-01-20","blocked_newinstall",7,6,1.4,0
"2026-01-20","event_38004",7,7,1,0
"2026-01-20","in__dialog__charge_monitor_ente",7,5,1.4,0
"2026-01-20","in__full_av_scan__cancel",7,3,2.3333333333333335,0
"2026-01-20","in__home__open",7,4,1.75,0
"2026-01-20","in__wifi_check__click",7,6,1.4,0
"2026-01-20","new_install",7,6,1.4,0
"2026-01-20","out__dialog__call_blocker__impr",7,6,1.4,0
"2026-01-20","valid_install",7,6,1.4,0
"2026-01-20","event_35000",6,5,1.2,0
"2026-01-20","event_36004",6,6,1,0
"2026-01-20","event_3800",6,5,1.2,0
"2026-01-20","in__ads__container_impression",6,1,6,0
"2026-01-20","in__wifi_check__conversion",6,5,1.5,0
"2026-01-20","out__flashlight__click",6,4,1.5,0
"2026-01-20","app_store_subscription_cancel",5,5,1.25,0
"2026-01-20","event_31003",5,5,1,0
"2026-01-20","event_35006",5,4,1.25,0
"2026-01-20","event_4215",5,5,1,0
"2026-01-20","in__dialog__vault_enter__impres",5,5,1,0
"2026-01-20","in__duplicated_photos__scan",5,3,1.6666666666666667,0
"2026-01-20","in__home__header_click",5,1,5,0
"2026-01-20","in__home__upside_click",5,4,1.25,0
"2026-01-20","in__ob__terms__show_with_fireba",5,5,1,0
"2026-01-20","in__quick_av_scan__cancel",5,5,1,0
"2026-01-20","in__quick_av_scan__click",5,5,1,0
"2026-01-20","in__quick_cleanup__cancel",5,4,1.25,0
"2026-01-20","in__vault__click",5,5,1,0
"2026-01-20","out__dfndr_assistant__click",5,5,1.25,0
"2026-01-20","out__uninstall_dialog__click",5,5,1,0
"2026-01-20","app_store_subscription_convert",4,4,1.3333333333333333,63355589
"2026-01-20","event_31004",4,3,1.3333333333333333,0
"2026-01-20","event_4414",4,2,2,0
"2026-01-20","in__app_manager__click",4,3,1.3333333333333333,0
"2026-01-20","in__dailyphone__scan__open",4,3,1.3333333333333333,0
"2026-01-20","in__landing_page__weekly_report",4,4,1,0
"2026-01-20","in__quick_av_scan__conversion",4,4,1,0
"2026-01-20","in__quick_av_scan__scan",4,4,1,0
"2026-01-20","in__vault__setup__step_1",4,3,1.3333333333333333,0
"2026-01-20","ad_card__on_remove_ads_switch_click",3,3,1,0
"2026-01-20","event_14002",3,3,1,0
"2026-01-20","event_2724",3,2,1.5,0
"2026-01-20","event_36003",3,3,1,0
"2026-01-20","event_4417",3,2,1.5,0
"2026-01-20","in__dialog__anti_theft_enter__i",3,3,1,0
"2026-01-20","in__dialog__notification_widget",3,3,1,0
"2026-01-20","in__full_av_scan__conversion",3,3,1,0
"2026-01-20","in__home__grid__button_click",3,2,1.5,0
"2026-01-20","in__vault__configuration__cancel",3,3,1,0
"2026-01-20","in__vault__setup__step_4",3,3,1,0
"2026-01-20","consent_rejected",2,2,1,0
"2026-01-20","consent_settings_open",2,2,1,0
"2026-01-20","event_10360",2,2,0,0
"2026-01-20","event_26002",2,2,1,0
"2026-01-20","event_2900",2,1,2,0
"2026-01-20","event_35008",2,2,1,0
"2026-01-20","event_38001",2,1,2,0
"2026-01-20","in__card__charge_monitor_notifi",2,1,2,0
"2026-01-20","in__cpu_cooler__conversion",2,2,1,0
"2026-01-20","in__dialog__accessibility__impr",2,2,1,0
"2026-01-20","in__duplicated_photos__click",2,1,2,0
"2026-01-20","in__landing_page__settings_perm",2,1,2,0
"2026-01-20","in__memory_optimization__click",2,2,1,0
"2026-01-20","in__memory_optimization__conver",2,2,1,0
"2026-01-20","in__quick_cleanup__conversion",2,2,1,0
"2026-01-20","in__settings__advanced_protecti",2,2,1,0
"2026-01-20","ob__antiphishing__show",2,2,1,0
"2026-01-20","out__flashlight__configuration_",2,2,1,0
"2026-01-20","pix_analyzer_click_on_subscribe",2,2,1,0
"2026-01-20","event_20011",1,1,1,0
"2026-01-20","event_36005",1,1,1,0
"2026-01-20","event_4415",1,1,1,0
"2026-01-20","in__app_manager__conversion__ap",1,1,1,0
"2026-01-20","in__card__advanced_protection__",1,1,1,0
"2026-01-20","in__card__memory_boost__impress",1,1,1,0
"2026-01-20","in__card__memory_boost__scan",1,1,1,0
"2026-01-20","in__card__quick_cleanup__impres",1,1,1,0
"2026-01-20","in__cpu_cooler__cancel",1,1,1,0
"2026-01-20","in__dialog__accessibility__click",1,1,1,0
"2026-01-20","in__dialog__accessibility_cance",1,1,1,0
"2026-01-20","in__dialog__al_applock_not_enab",1,1,1,0
"2026-01-20","in__dialog__assistant_enter__im",1,1,1,0
"2026-01-20","in__dialog__back_button__click",1,1,1,0
"2026-01-20","in__dialog__rate__impression",1,1,1,0
"2026-01-20","in__dialog__womens_month_2020_u",1,1,1,0
"2026-01-20","in__landing_page__power_pro__cl",1,1,1,0
"2026-01-20","in__landing_page__power_pro__im",1,1,1,0
"2026-01-20","in__memory_boost__cancel",1,1,1,0
"2026-01-20","in__settings__antiphishing",1,1,1,0
"2026-01-20","in__settings__charge_monitor__a",1,1,1,0
"2026-01-20","in__whatsapp_photo_cleaner__can",1,1,1,0
"2026-01-20","in__whatsapp_photo_cleaner__cli",1,1,1,0
"2026-01-20","notification_open",1,1,0,0
"2026-01-20","ob__antiphishing__cancel",1,1,1,0
"2026-01-20","ob__antiphishing__cta__click",1,1,1,0
"2026-01-20","out__float_window__click",1,1,0,0
"2026-01-20","out__game_booster__click",1,1,1,0
"2026-01-20","out__game_booster__conversion",1,1,1,0
"2026-01-20","out__permissions__location",1,1,1,0
"2026-01-20","out__permissions__storage",1,1,1,0
"2026-01-21","event_17015",11912841,64808,271.2951424472228,0
"2026-01-21","state_hidden_gallery",9089153,551839,53.10356452187732,0
"2026-01-21","state_notification",9086137,551478,53.08160165446653,0
"2026-01-21","state_widget",9081680,550857,53.11949089590389,0
"2026-01-21","state_security_alert",9080543,551134,53.059770477626245,0
"2026-01-21","state_ads_free_subscription",9078998,551006,53.05291268092864,0
"2026-01-21","state_update_monitor",9075639,550472,53.088503857785476,0
"2026-01-21","state_are_notification_allowed",9073998,550411,53.07890472820015,0
"2026-01-21","state_upgrade_premium",9042492,550139,52.90327336551119,0
"2026-01-21","state_auto_optimization_security",9041042,549943,52.894790112622495,0
"2026-01-21","state_auto_optimization_performance",9039800,549558,52.887523767734386,0
"2026-01-21","state_medals",9038266,549460,52.87854907123007,0
"2026-01-21","state_in_app_update",8969070,551334,52.152729725486545,0
"2026-01-21","state_mediation_network",8963829,549135,52.45410178536945,0
"2026-01-21","state_android_go",8962454,548920,52.437770600762946,0
"2026-01-21","state_restricted_app_standby_bucket",8961049,548891,52.43783391558263,0
"2026-01-21","state_anti_phishing",8959641,548843,52.429594649158226,0
"2026-01-21","state_daily_phone_checkup",8957644,549215,52.3676521312108,0
"2026-01-21","state_install_monitor",8955965,548612,52.41237746891002,0
"2026-01-21","state_gallery_assistant",8955419,549033,52.351889958026916,0
"2026-01-21","state_notification_manager",8949351,548290,52.37367081199707,0
"2026-01-21","state_assistant",8949293,547952,52.35739818753035,0
"2026-01-21","state_safe_app_installer",8948307,548217,52.36756108266277,0
"2026-01-21","state_total_charge",8948087,548735,52.31912131860678,0
"2026-01-21","state_whatsapp_cloning",8946800,548723,52.301504717587775,0
"2026-01-21","state_vault",8943177,548747,52.28093651350403,0
"2026-01-21","state_permission_system_admin",8941220,548066,52.32608632040966,0
"2026-01-21","state_permission_accessibility",8940264,547973,52.320491587417706,0
"2026-01-21","state_permission_camera",8939357,547973,52.317939203820536,0
"2026-01-21","state_permission_access_coarse_location",8938478,547973,52.31279482167312,0
"2026-01-21","state_permission_access_fine_location",8937615,547973,52.30774408015638,0
"2026-01-21","state_permission_draw_over_apps",8936758,547924,52.302728453876135,0
"2026-01-21","state_permission_get_accounts",8935973,547870,52.29813421043391,0
"2026-01-21","state_permission_gps",8935124,547812,52.293165404469,0
"2026-01-21","state_permission_miui_background_popup",8933873,547812,52.285843877658515,0
"2026-01-21","state_permission_miui_change_wifi_state",8933021,547788,52.28085751407536,0
"2026-01-21","state_permission_notification_access",8932238,547743,52.276274975711964,0
"2026-01-21","state_permission_storage",8930708,547613,52.267320590404175,0
"2026-01-21","state_permission_read_phone_state",8929963,547389,52.26296044853862,0
"2026-01-21","state_permission_usage_access",8929253,547389,52.25880514555266,0
"2026-01-21","state_permission_wifi",8928340,547389,52.25346177706507,0
"2026-01-21","state_permission_miui_autostart",8918264,545571,52.55993116373366,0
"2026-01-21","state_permission_post_notification",8827332,536291,53.30836403164442,0
"2026-01-21","event_10350",5838331,494701,33.379248637863114,0
"2026-01-21","event_10351",3171453,201708,20.293532720327107,0
"2026-01-21","screen_view",3122548,174594,18.30461697188548,0
"2026-01-21","event_10358",2989222,157289,21.42826830299859,0
"2026-01-21","user_engagement",2911133,171521,16.97255713619403,0
"2026-01-21","ad_impression",2891126,109900,27.78219172816728,2194849625
"2026-01-21","event_10353",1941447,109731,18.672966500274114,0
"2026-01-21","event_7000",1849148,54390,35.237975455446296,0
"2026-01-21","event_6800",1274559,450475,7.703916152390853,0
"2026-01-21","event_6600",988679,50409,19.640027810885975,0
"2026-01-21","user_profile",941122,544238,5.542075447254055,0
"2026-01-21","event_10700",913613,49432,18.493067222638302,0
"2026-01-21","session_start",666921,180368,3.8849691553996983,0
"2026-01-21","event_8010",389544,386007,3.0418153565042205,0
"2026-01-21","state_wifi_theft_auto_scan_state",388281,28739,41.27575209950037,0
"2026-01-21","event_10352",382258,67704,7.954759229200483,0
"2026-01-21","event_7001",332742,30321,11.371129792905474,0
"2026-01-21","zendesk_messaging_init_error",264908,102958,14.382322601661327,0
"2026-01-21","event_10505",242566,45167,8.156494838427655,0
"2026-01-21","state_charge_booster",234364,18724,32.67763524818739,0
"2026-01-21","state_antitheft",233995,18184,33.65381849561341,0
"2026-01-21","state_data_monitoring",233743,18159,33.64176741508348,0
"2026-01-21","event_21001",185044,41910,4.4186446344142505,0
"2026-01-21","event_1000",113554,62220,1.8414062626688505,0
"2026-01-21","event_21002",90345,38258,2.3649285377728915,0
"2026-01-21","event_10511",83453,2831,34.300452116728316,0
"2026-01-21","event_21000",80649,45087,1.793993993993994,0
"2026-01-21","event_4800",69768,28952,2.409781707654048,0
"2026-01-21","event_10100",57443,33695,1.753770531843439,0
"2026-01-21","event_10510",56735,35811,2.4757811136323964,0
"2026-01-21","event_1751",54137,31605,1.7545616593744937,0
"2026-01-21","event_9900",46681,21935,2.1461541998069054,0
"2026-01-21","event_8011",43760,5167,12.669368847712796,0
"2026-01-21","first_open",40258,39882,1.0094278120455342,0
"2026-01-21","event_21005",36464,9963,3.6599417846030313,0
"2026-01-21","event_4803",35199,17231,2.042771748592653,0
"2026-01-21","event_10354",30874,19793,1.5712758919028957,0
"2026-01-21","event_1600",28920,20370,1.41987431264729,0
"2026-01-21","USER_ID_STARTED",25614,2,12807,0
"2026-01-21","USER_ID_FINISHED",25209,1987,122.37378640776699,0
"2026-01-21","appsflyer_onConversionDataSuccess",24417,5878,5.3323869840576545,0
"2026-01-21","event_31006",22060,5128,4.306911362748926,0
"2026-01-21","event_19005",20669,10414,1.9847320914154023,0
"2026-01-21","event_10363",20056,6480,3.2841002128704764,0
"2026-01-21","event_21003",19823,12243,1.6191292983745813,0
"2026-01-21","event_10200",19178,13752,1.3963885248288919,0
"2026-01-21","event_4802",18064,8983,2.0109094957141265,0
"2026-01-21","event_17000",16928,3572,4.739081746920493,0
"2026-01-21","event_2100",16693,12732,1.3117240295458117,0
"2026-01-21","event_30001",15804,14389,1.1105333427025508,0
"2026-01-21","event_33002",15195,15205,1.3808615049073065,0
"2026-01-21","event_2300",13014,10513,1.2381314813052993,0
"2026-01-21","event_6801",12515,10646,1.194521332442493,0
"2026-01-21","event_6605",12224,8566,1.4270371235115573,0
"2026-01-21","event_10205",11702,9000,1.3009449694274597,0
"2026-01-21","event_10701",11343,5689,1.993847776410617,0
"2026-01-21","event_33000",11180,7440,1.5028901734104045,0
"2026-01-21","event_10207",11168,8952,1.2482396333966692,0
"2026-01-21","event_10950",11103,6187,1.8809080128748095,0
"2026-01-21","event_1752",9758,7640,1.2772251308900524,0
"2026-01-21","event_1750",9663,7672,1.2598435462842243,0
"2026-01-21","event_32004",9536,2540,4.008406893652795,0
"2026-01-21","event_1650",8537,7529,1.1341836056861963,0
"2026-01-21","event_14000",8030,6095,1.318988173455979,0
"2026-01-21","event_10703",8016,1818,4.409240924092409,0
"2026-01-21","out__appbox__publisher__request",7825,491,17.50559284116331,0
"2026-01-21","RESET_USER_ID",7733,74,104.5,0
"2026-01-21","out__appbox__publisher__load_fa",7401,491,16.706546275395034,0
"2026-01-21","event_14005",7388,5494,1.344739716053877,0
"2026-01-21","event_28005",7124,1067,7.2693877551020405,0
"2026-01-21","event_17019",7095,2837,2.5044122837980938,0
"2026-01-21","ad_click",6900,4006,1.7341040462427746,0
"2026-01-21","event_39250",6458,1869,3.468313641245972,0
"2026-01-21","event_10250",6275,6143,1.0216541843047866,0
"2026-01-21","event_10101",6116,4936,1.239059967585089,0
"2026-01-21","event_31009",5925,3625,1.636288318144159,0
"2026-01-21","event_10210",5825,1740,3.3496262219666475,0
"2026-01-21","event_39151",5797,3080,1.8827541409548554,0
"2026-01-21","event_12000",5763,5755,1.0017382235355468,0
"2026-01-21","event_17009",5666,2601,2.17839292579777,0
"2026-01-21","event_1700",5242,3983,1.3174164362905252,0
"2026-01-21","event_29000",5240,4545,1.1541850220264318,0
"2026-01-21","event_31000",5017,2975,1.6863865546218488,0
"2026-01-21","event_20000",4785,3985,1.2040764972320082,0
"2026-01-21","event_4806",4604,3364,1.3690157597383288,0
"2026-01-21","event_18102",4593,691,6.646888567293777,0
"2026-01-21","event_10252",4358,4344,1.0032228360957642,0
"2026-01-21","appsflyer_onConversionDataFail",4118,950,6.99151103565365,0
"2026-01-21","event_5502",3930,3081,1.2834748530372306,0
"2026-01-21","out__charge_monitor__notificati",3797,25,151.88,0
"2026-01-21","event_1651",3780,3574,1.0576385002797986,0
"2026-01-21","event_10702",3671,2666,1.3769692423105777,0
"2026-01-21","event_1652",3597,3534,1.0181149165015568,0
"2026-01-21","event_17001",3572,853,4.18757327080891,0
"2026-01-21","event_29001",3571,1702,2.098119858989424,0
"2026-01-21","consent_granted",3566,3497,1.0348229831688915,0
"2026-01-21","event_10506",3542,3344,1.0691216420162994,0
"2026-01-21","event_5500",3464,2490,1.4098494098494099,0
"2026-01-21","event_19001",3397,2256,1.506430155210643,0
"2026-01-21","out__dialog__charge_booster_impression",3397,310,11.399328859060402,0
"2026-01-21","app_exception",3349,844,7.752314814814815,0
"2026-01-21","event_30000",3188,2053,1.553606237816764,0
"2026-01-21","event_37000",3187,2805,1.1365905848787448,0
"2026-01-21","event_2600",2607,2099,1.242612011439466,0
"2026-01-21","event_8000",2502,2434,1.0420658059142025,0
"2026-01-21","state_premium",2349,1472,3.1195219123505975,0
"2026-01-21","state_system_admin_antitheft_permission",2331,316,10.595454545454546,0
"2026-01-21","event_25000",2288,1272,1.8015748031496064,0
"2026-01-21","event_21008",2277,1489,1.5292142377434519,0
"2026-01-21","event_8001",2216,2173,1.019788311090658,0
"2026-01-21","out__charge_monitor__impression",2131,207,10.395121951219512,0
"2026-01-21","app_remove",2104,1973,1.751873438800999,0
"2026-01-21","event_5506",1929,1556,1.2566775244299675,0
"2026-01-21","event_17007",1909,816,2.3394607843137254,0
"2026-01-21","event_31005",1905,725,2.627586206896552,0
"2026-01-21","event_26003",1880,1332,1.4114114114114114,0
"2026-01-21","state_in__nps__impression",1862,1857,1.0026925148088315,0
"2026-01-21","event_18101",1848,1039,1.778633301251203,0
"2026-01-21","event_26004",1808,1301,1.3897002305918524,0
"2026-01-21","event_33001",1784,1497,1.1917167668670674,0
"2026-01-21","event_1701",1709,1383,1.2357194504699929,0
"2026-01-21","state_WHATSAPP_CLONING",1666,147,34.708333333333336,0
"2026-01-21","event_11002",1657,811,2.045679012345679,0
"2026-01-21","event_10000",1646,1455,1.1359558316080056,0
"2026-01-21","event_17005",1642,262,6.267175572519084,0
"2026-01-21","home_notification_permission_on_open",1591,1189,1.338099243061396,0
"2026-01-21","out__permissions__phone",1577,95,112.64285714285714,0
"2026-01-21","event_1702",1540,1331,1.1570247933884297,0
"2026-01-21","event_39153",1461,851,1.7168037602820212,0
"2026-01-21","event_4801",1453,1028,1.4134241245136188,0
"2026-01-21","event_39154",1398,789,1.7718631178707225,0
"2026-01-21","event_31002",1348,836,1.61244019138756,0
"2026-01-21","event_10512",1333,706,1.9042857142857144,0
"2026-01-21","event_10850",1321,1030,1.2825242718446601,0
"2026-01-21","event_4206",1283,1014,1.2652859960552267,0
"2026-01-21","event_39156",1217,453,2.686534216335541,0
"2026-01-21","event_10800",1147,1025,1.1190243902439025,0
"2026-01-21","event_25001",1145,863,1.3267670915411356,0
"2026-01-21","state_wifi_theft",1138,701,2.8308457711442787,0
"2026-01-21","event_39000",1115,854,1.3071512309495896,0
"2026-01-21","event_39100",1078,911,1.1846153846153846,0
"2026-01-21","event_10251",1032,1028,1.0038910505836576,0
"2026-01-21","event_20001",991,717,1.3840782122905029,0
"2026-01-21","event_39002",991,545,1.818348623853211,0
"2026-01-21","event_7002",974,535,1.8239700374531835,0
"2026-01-21","event_37001",951,904,1.051991150442478,0
"2026-01-21","out__notification__impression",913,686,7.545454545454546,0
"2026-01-21","event_37002",909,898,1.012249443207127,0
"2026-01-21","out__charge_monitor__unlock",903,134,6.840909090909091,0
"2026-01-21","event_4601",902,621,1.4548387096774194,0
"2026-01-21","event_5504",899,766,1.2002670226969292,0
"2026-01-21","state_in__nps__close",871,871,1,0
"2026-01-21","event_39200",832,482,1.7261410788381744,0
"2026-01-21","state_anti_theft",807,487,3.539473684210526,0
"2026-01-21","state_adv_protection",806,487,3.5350877192982457,0
"2026-01-21","event_10851",775,409,1.8948655256723717,0
"2026-01-21","notification_receive",752,751,6.1138211382113825,0
"2026-01-21","event_39157",742,386,1.922279792746114,0
"2026-01-21","event_2101",737,637,1.1569858712715855,0
"2026-01-21","event_17008",728,562,1.295373665480427,0
"2026-01-21","out__permissions__CONTACTS",697,63,36.68421052631579,0
"2026-01-21","USER_ID_WAITING",685,1,685,0
"2026-01-21","out__charge_monitor__click",684,154,4.684931506849315,0
"2026-01-21","event_17010",679,630,1.0794912559618441,0
"2026-01-21","event_39003",675,477,1.4150943396226414,0
"2026-01-21","event_20004",673,400,1.68671679197995,0
"2026-01-21","event_2301",673,647,1.0401854714064915,0
"2026-01-21","out__permissions__camera",659,81,38.76470588235294,0
"2026-01-21","out__permissions__doze",657,81,38.64705882352941,0
"2026-01-21","event_10001",616,364,1.6923076923076923,0
"2026-01-21","event_28004",615,270,2.2777777777777777,0
"2026-01-21","event_39152",602,453,1.3289183222958056,0
"2026-01-21","os_update",590,588,2.3412698412698414,0
"2026-01-21","event_23000",582,279,2.086021505376344,0
"2026-01-21","event_34000",576,560,1.3584905660377358,0
"2026-01-21","event_18000",572,494,1.1578947368421053,0
"2026-01-21","event_39101",570,299,1.9063545150501673,0
"2026-01-21","event_20017",567,475,1.1936842105263157,0
"2026-01-21","event_35001",562,307,1.9513888888888888,0
"2026-01-21","state_antivirus",561,505,2.2,0
"2026-01-21","state_language",558,498,2.2868852459016393,0
"2026-01-21","event_14001",548,341,1.6070381231671553,0
"2026-01-21","state_permission",548,494,2.2459016393442623,0
"2026-01-21","event_8006",547,462,1.3743718592964824,0
"2026-01-21","event_4200",528,382,1.382198952879581,0
"2026-01-21","state_achievements",510,467,2.3076923076923075,0
"2026-01-21","state_get_accounts",506,466,2.2895927601809953,0
"2026-01-21","state_add_new_numbers_to_contacts",501,462,2.2772727272727273,0
"2026-01-21","state_notification_bar",500,461,2.2831050228310503,0
"2026-01-21","state_in__nps__click",496,496,1,0
"2026-01-21","out__service__segmentation__req",489,457,4.445454545454545,0
"2026-01-21","state_auto_flow",489,459,2.232876712328767,0
"2026-01-21","out__permissions__CAMERA",486,29,162,0
"2026-01-21","out__permissions__DOZE",484,29,161.33333333333334,0
"2026-01-21","out__service__segmentation__res",478,453,4.385321100917431,0
"2026-01-21","out__notifications__click",472,266,4.816326530612245,0
"2026-01-21","event_39201",469,133,3.526315789473684,0
"2026-01-21","event_20008",459,280,1.6392857142857142,0
"2026-01-21","event_5509",433,389,1.1335078534031413,0
"2026-01-21","event_3400",421,333,1.2642642642642643,0
"2026-01-21","app_update",419,407,10.743589743589743,0
"2026-01-21","event_28002",419,312,1.3429487179487178,0
"2026-01-21","event_20020",412,314,1.3121019108280254,0
"2026-01-21","event_39202",408,102,4,0
"2026-01-21","event_30002",385,366,1.0519125683060109,0
"2026-01-21","event_33003",382,372,1.0296495956873315,0
"2026-01-21","event_36000",381,350,1.0885714285714285,0
"2026-01-21","event_18001",376,332,1.1325301204819278,0
"2026-01-21","event_18003",372,318,1.169811320754717,0
"2026-01-21","event_19002",360,294,1.2244897959183674,0
"2026-01-21","event_12001",359,351,1.0257142857142858,0
"2026-01-21","event_10600",356,244,1.4895397489539748,0
"2026-01-21","event_10513",353,256,1.37890625,0
"2026-01-21","event_39001",346,252,1.373015873015873,0
"2026-01-21","notification_dismiss",339,339,5.844827586206897,0
"2026-01-21","event_18104",335,250,1.34,0
"2026-01-21","event_20014",328,278,1.1798561151079137,0
"2026-01-21","event_39155",324,189,1.7142857142857142,0
"2026-01-21","event_18005",316,262,1.2061068702290076,0
"2026-01-21","event_9808",296,199,1.4874371859296482,0
"2026-01-21","ad_reward",295,249,1.1847389558232932,0
"2026-01-21","event_33004",287,216,1.3287037037037037,0
"2026-01-21","event_20016",286,249,1.1485943775100402,0
"2026-01-21","event_17016",282,191,1.4764397905759161,0
"2026-01-21","event_20003",276,206,1.3398058252427185,0
"2026-01-21","home_notification_permission_on_click",266,226,1.176991150442478,0
"2026-01-21","event_4401",245,132,1.856060606060606,0
"2026-01-21","event_4808",240,214,1.1214953271028036,0
"2026-01-21","event_17011",236,236,1,0
"2026-01-21","event_10364",233,180,1.3016759776536313,0
"2026-01-21","event_18002",232,203,1.1428571428571428,0
"2026-01-21","event_5508",232,184,1.288888888888889,0
"2026-01-21","out__notification__dismiss",220,153,7.857142857142857,0
"2026-01-21","event_20018",217,202,1.0742574257425743,0
"2026-01-21","event_18107",216,131,1.6488549618320612,0
"2026-01-21","event_17018",198,143,1.3846153846153846,0
"2026-01-21","event_19000",196,120,1.6333333333333333,0
"2026-01-21","event_10602",186,155,1.2,0
"2026-01-21","event_4602",185,77,2.4025974025974026,0
"2026-01-21","event_8007",184,130,1.4153846153846155,0
"2026-01-21","out__dialog__residual_cleanup__",180,44,4.7368421052631575,0
"2026-01-21","event_20007",177,50,3.54,0
"2026-01-21","event_39203",176,176,1,0
"2026-01-21","antitheft_deprecation__on_show",165,129,1.2790697674418605,0
"2026-01-21","event_19006",164,145,1.1310344827586207,0
"2026-01-21","event_4400",150,113,1.3274336283185841,0
"2026-01-21","event_4408",146,61,2.3934426229508197,0
"2026-01-21","open_wifi_alert_settings__screen_viewed",142,81,1.7530864197530864,0
"2026-01-21","event_10603",141,96,1.5161290322580645,0
"2026-01-21","out__appbox__placement__impress",139,29,4.793103448275862,0
"2026-01-21","event_18004",132,124,1.064516129032258,0
"2026-01-21","event_4418",127,51,2.4901960784313726,0
"2026-01-21","event_3403",125,98,1.2755102040816326,0
"2026-01-21","event_6604",124,107,1.158878504672897,0
"2026-01-21","event_32000",123,97,1.268041237113402,0
"2026-01-21","event_32002",116,83,1.3975903614457832,0
"2026-01-21","event_10003",113,49,2.306122448979592,0
"2026-01-21","event_4605",109,48,2.2708333333333335,0
"2026-01-21","out__vault__conversion",109,16,15.571428571428571,0
"2026-01-21","event_3401",107,72,1.4861111111111112,0
"2026-01-21","event_10002",106,57,1.8596491228070176,0
"2026-01-21","event_2050",105,95,1.1170212765957446,0
"2026-01-21","event_4420",99,73,1.356164383561644,0
"2026-01-21","event_2500",96,89,1.0909090909090908,0
"2026-01-21","event_2700",95,66,1.4393939393939394,0
"2026-01-21","event_26005",94,85,1.1058823529411765,0
"2026-01-21","event_10362",90,37,2.5714285714285716,0
"2026-01-21","event_18105",88,70,1.2571428571428571,0
"2026-01-21","event_20015",88,63,1.3968253968253967,0
"2026-01-21","event_4211",88,69,1.2753623188405796,0
"2026-01-21","event_12002",87,87,1,0
"2026-01-21","USER_ID_JOB_RUNNING",86,1,86,0
"2026-01-21","event_20005",86,24,3.739130434782609,0
"2026-01-21","in__scan__start",84,22,3.8181818181818183,0
"2026-01-21","event_40000",83,57,1.66,0
"2026-01-21","event_26001",80,41,1.951219512195122,0
"2026-01-21","out__toolbar__click",79,37,2.257142857142857,0
"2026-01-21","pix_analyzer_onboarding_start",76,64,1.1875,0
"2026-01-21","event_17017",74,58,1.2758620689655173,0
"2026-01-21","event_2720",72,51,1.411764705882353,0
"2026-01-21","event_10804",71,59,1.2033898305084745,0
"2026-01-21","event_4212",71,61,1.1639344262295082,0
"2026-01-21","event_10805",69,59,1.1694915254237288,0
"2026-01-21","event_36004",69,69,1,0
"2026-01-21","event_23002",67,63,1.0634920634920635,0
"2026-01-21","out__ads__container_impression",67,6,22.333333333333332,0
"2026-01-21","app_clear_data",63,44,2.1724137931034484,0
"2026-01-21","event_31001",63,40,1.575,0
"2026-01-21","event_23001",61,58,1.0517241379310345,0
"2026-01-21","event_20019",56,53,1.0566037735849056,0
"2026-01-21","event_2701",56,36,1.5555555555555556,0
"2026-01-21","event_2722",55,36,1.5277777777777777,0
"2026-01-21","event_4419",55,37,1.4864864864864864,0
"2026-01-21","event_28000",54,46,1.173913043478261,0
"2026-01-21","event_40001",54,36,1.8620689655172413,0
"2026-01-21","event_10507",52,33,1.5757575757575757,0
"2026-01-21","event_10952",52,51,1.0196078431372548,0
"2026-01-21","in__quick_cleanup__click",51,35,1.6451612903225807,0
"2026-01-21","open_wifi_alert__click_on_upgrade",50,35,1.4285714285714286,0
"2026-01-21","open_wifi_alert_paywall__screen_viewed",50,35,1.4285714285714286,0
"2026-01-21","event_10601",48,41,1.170731707317073,0
"2026-01-21","out__notification__click",48,37,1.5,0
"2026-01-21","event_10508",47,26,1.8076923076923077,0
"2026-01-21","event_10509",46,36,1.2777777777777777,0
"2026-01-21","event_28001",45,41,1.0975609756097562,0
"2026-01-21","event_4412",45,39,1.1538461538461537,0
"2026-01-21","event_4403",41,34,1.2058823529411764,0
"2026-01-21","event_4413",41,33,1.2424242424242424,0
"2026-01-21","event_3402",40,28,1.4285714285714286,0
"2026-01-21","event_4410",40,26,1.5384615384615385,0
"2026-01-21","in__memory_boost__conversion",40,24,1.6666666666666667,0
"2026-01-21","event_10514",39,31,1.2580645161290323,0
"2026-01-21","in__memory_boost__click",36,24,1.5,0
"2026-01-21","event_4411",35,25,1.4,0
"2026-01-21","event_10208",33,5,6.6,0
"2026-01-21","pix_analyzer_monitoring_enable",33,26,1.2692307692307692,0
"2026-01-21","event_20012",31,7,4.428571428571429,0
"2026-01-21","event_19007",29,16,1.8125,0
"2026-01-21","out__ads__not_loaded",29,4,14.5,0
"2026-01-21","pix_analyzer_onboarding_activate_click",29,29,1,0
"2026-01-21","event_5501",28,22,1.2727272727272727,0
"2026-01-21","out__dfndr_assistant__impression",28,20,2.1538461538461537,0
"2026-01-21","out__uninstall_dialog__impressi",28,15,1.8666666666666667,0
"2026-01-21","event_10102",27,24,1.125,0
"2026-01-21","event_4402",27,23,1.173913043478261,0
"2026-01-21","event_26000",26,18,1.4444444444444444,0
"2026-01-21","out__ads__impression",26,3,13,0
"2026-01-21","event_18106",24,23,1.0434782608695652,0
"2026-01-21","app_open",23,8,2.875,0
"2026-01-21","app_store_subscription_renew",23,23,3.8333333333333335,131243091
"2026-01-21","event_10209",23,7,3.2857142857142856,0
"2026-01-21","in__cpu_cooler__click",23,21,1.0952380952380953,0
"2026-01-21","event_19009",22,15,1.4666666666666666,0
"2026-01-21","event_38000",22,19,1.1578947368421053,0
"2026-01-21","event_40002",21,21,1,0
"2026-01-21","notification_foreground",21,21,2.1,0
"2026-01-21","event_39004",20,15,1.3333333333333333,0
"2026-01-21","event_4202",20,16,1.25,0
"2026-01-21","event_23003",19,16,1.1875,0
"2026-01-21","event_36005",19,15,1.2666666666666666,0
"2026-01-21","event_38003",18,15,1.2,0
"2026-01-21","in__internet_booster__conversion",18,10,1.8,0
"2026-01-21","in__storage_cleanup__click",18,14,1.2857142857142858,0
"2026-01-21","out__dialog__install_monitor__impression",18,10,1.8,0
"2026-01-21","event_4203",17,11,1.5454545454545454,0
"2026-01-21","event_4417",17,7,2.4285714285714284,0
"2026-01-21","event_2650",16,16,1,0
"2026-01-21","event_5505",16,12,1.3333333333333333,0
"2026-01-21","in__internet_booster__click",16,10,1.6,0
"2026-01-21","pix_analyzer_alert_open",16,14,1.1428571428571428,0
"2026-01-21","event_28003",15,12,1.25,0
"2026-01-21","out__permissions__LOCATION",15,3,0,0
"2026-01-21","USER_ID_ALREADY_SET",14,13,1.4,0
"2026-01-21","event_14003",14,14,1,0
"2026-01-21","event_4416",14,6,2.3333333333333335,0
"2026-01-21","in__dialog__back_button__impres",14,7,2,0
"2026-01-21","in__storage_cleanup__conversion",14,12,1.1666666666666667,0
"2026-01-21","in_app_purchase",14,14,1.0769230769230769,26548708
"2026-01-21","event_34001",13,13,1,0
"2026-01-21","event_38004",12,10,1.2,0
"2026-01-21","event_4204",12,10,1.2,0
"2026-01-21","event_4805",11,11,1,0
"2026-01-21","out__dfndr_assistant__click",11,7,1.8333333333333333,0
"2026-01-21","event_26002",10,7,1.4285714285714286,0
"2026-01-21","event_4414",10,6,1.6666666666666667,0
"2026-01-21","in__home__cards_click",10,5,2,0
"2026-01-21","in__wifi_check__click",10,8,1.25,0
"2026-01-21","in__wifi_check__conversion",10,8,1.25,0
"2026-01-21","blocked_newinstall",9,9,1,0
"2026-01-21","event_4404",9,9,1,0
"2026-01-21","in__quick_av_scan__click",9,8,1.125,0
"2026-01-21","new_install",9,9,1,0
"2026-01-21","ob__splash__show",9,9,1,0
"2026-01-21","ad_card__on_remove_ads_switch_click",8,7,1.1428571428571428,0
"2026-01-21","event_23005",8,5,1.6,0
"2026-01-21","event_2721",8,7,1.1428571428571428,0
"2026-01-21","event_4201",8,6,1.3333333333333333,0
"2026-01-21","in__dialog__antiphishing_enter_",8,7,1.3333333333333333,0
"2026-01-21","in__quick_av_scan__scan",8,7,1.1428571428571428,0
"2026-01-21","out__dialog__call_blocker__impr",8,6,1.6,0
"2026-01-21","out__permissions__contacts",8,2,0,0
"2026-01-21","valid_install",8,8,1,0
"2026-01-21","event_35000",7,6,1.1666666666666667,0
"2026-01-21","event_36003",7,7,1,0
"2026-01-21","in__app_manager__click",7,7,1,0
"2026-01-21","in__dialog__accessibility_cance",7,3,2.3333333333333335,0
"2026-01-21","in__quick_av_scan__conversion",7,6,1.1666666666666667,0
"2026-01-21","out__notifications__impression",7,7,1.1666666666666667,0
"2026-01-21","app_store_subscription_convert",6,6,1.2,85717675
"2026-01-21","consent_rejected",6,4,1.5,0
"2026-01-21","event_2724",6,6,1,0
"2026-01-21","event_2725",6,3,2,0
"2026-01-21","in__full_av_scan__click",6,3,2,0
"2026-01-21","in__quick_av_scan__cancel",6,6,1,0
"2026-01-21","in__vault__setup__step_1",6,3,2,0
"2026-01-21","app_store_subscription_cancel",5,5,1.6666666666666667,0
"2026-01-21","event_14002",5,4,1.25,0
"2026-01-21","event_31003",5,4,1.25,0
"2026-01-21","event_35006",5,4,1.25,0
"2026-01-21","event_4215",5,4,1.25,0
"2026-01-21","in__dialog__notification_widget",5,5,1,0
"2026-01-21","in__quick_cleanup__conversion",5,4,1.25,0
"2026-01-21","in__vault__click",5,3,1.6666666666666667,0
"2026-01-21","in__vault__configuration__cancel",5,3,1.6666666666666667,0
"2026-01-21","notification_open",5,5,1.25,0
"2026-01-21","out__card__vault__impression",5,1,5,0
"2026-01-21","event_19012",4,2,2,0
"2026-01-21","event_31004",4,3,1.3333333333333333,0
"2026-01-21","event_35002",4,3,1.3333333333333333,0
"2026-01-21","event_3800",4,4,1,0
"2026-01-21","event_5507",4,4,1,0
"2026-01-21","in__bottom_timer__open",4,1,4,0
"2026-01-21","in__dialog__accessibility__impr",4,4,1,0
"2026-01-21","in__dialog__vault_enter__impres",4,4,1,0
"2026-01-21","in__full_av_scan__conversion",4,1,4,0
"2026-01-21","in__ob__terms__show_with_fireba",4,4,1,0
"2026-01-21","in__security_advisor__click",4,3,1.3333333333333333,0
"2026-01-21","in__whatsapp_cleaner__scan",4,3,1.3333333333333333,0
"2026-01-21","ob__antiphishing__show",4,4,1,0
"2026-01-21","out__dialog__install_monitor_in",4,1,4,0
"2026-01-21","event_35009",3,3,1,0
"2026-01-21","in__ads__not_loaded",3,2,1.5,0
"2026-01-21","in__battery_manager__click",3,3,1,0
"2026-01-21","in__dialog__anti_theft_enter__i",3,3,1,0
"2026-01-21","in__duplicated_photos__click",3,3,1,0
"2026-01-21","in__duplicated_photos__scan",3,3,1,0
"2026-01-21","in__full_av_scan__cancel",3,1,3,0
"2026-01-21","in__settings__advanced_protecti",3,3,1,0
"2026-01-21","in__whatsapp_photo_cleaner__con",3,2,1.5,0
"2026-01-21","ob__antiphishing__cancel",3,3,1,0
"2026-01-21","subscription__show",3,3,1,0
"2026-01-21","event_10360",2,2,2,0
"2026-01-21","event_20011",2,1,2,0
"2026-01-21","event_2704",2,2,1,0
"2026-01-21","event_35008",2,1,2,0
"2026-01-21","event_35010",2,2,1,0
"2026-01-21","event_38001",2,1,2,0
"2026-01-21","event_9809",2,2,1,0
"2026-01-21","in__card__vault_add_app__impres",2,2,1,0
"2026-01-21","in__dialog__back_button__click",2,2,1,0
"2026-01-21","in__dialog__total_charge_br_any",2,2,1,0
"2026-01-21","in__home__open",2,1,2,0
"2026-01-21","in__landing_page__scheduler__im",2,2,1,0
"2026-01-21","in__onboarding__click",2,2,1,0
"2026-01-21","in__onboarding__conversion",2,2,1,0
"2026-01-21","in__vault__setup__step_4",2,2,1,0
"2026-01-21","in__whatsapp_photo_cleaner__can",2,2,1,0
"2026-01-21","in__whatsapp_photo_cleaner__cli",2,2,1,0
"2026-01-21","in__whatsapp_video_cleaner__con",2,1,2,0
"2026-01-21","ob__terms__click",2,2,1,0
"2026-01-21","out__dialog__uninstall_monitor_",2,1,2,0
"2026-01-21","out__float_window__click",2,1,2,0
"2026-01-21","event_19003",1,1,1,0
"2026-01-21","event_2723",1,1,1,0
"2026-01-21","event_28006",1,1,1,0
"2026-01-21","event_35004",1,1,1,0
"2026-01-21","event_35007",1,1,1,0
"2026-01-21","event_39251",1,1,1,0
"2026-01-21","event_4216",1,1,1,0
"2026-01-21","event_4415",1,1,1,0
"2026-01-21","event_8009",1,1,1,0
"2026-01-21","in__ads__container_impression",1,1,1,0
"2026-01-21","in__anti_theft__click",1,1,1,0
"2026-01-21","in__call_blocker__click",1,1,1,0
"2026-01-21","in__call_blocker__configuration",1,1,1,0
"2026-01-21","in__card__anti_theft__impression",1,1,1,0
"2026-01-21","in__card__float_window__impress",1,1,1,0
"2026-01-21","in__card__internet_booster__imp",1,1,1,0
"2026-01-21","in__card__like__impression",1,1,1,0
"2026-01-21","in__card__powerpro__impression",1,1,1,0
"2026-01-21","in__card__storage_cleanup__impr",1,1,1,0
"2026-01-21","in__cpu_cooler__cancel",1,1,1,0
"2026-01-21","in__dialog__accessibility__click",1,1,1,0
"2026-01-21","in__dialog__advanced_protection",1,1,1,0
"2026-01-21","in__dialog__ah_antihacking_not_",1,1,1,0
"2026-01-21","in__dialog__al_applock_not_enab",1,1,1,0
"2026-01-21","in__dialog__assistant_enter__im",1,1,1,0
"2026-01-21","in__dialog__feedback_we_are_tog",1,1,1,0
"2026-01-21","in__dialog__stone_age_digital_s",1,1,1,0
"2026-01-21","in__dialog__total_charge_us_any",1,1,1,0
"2026-01-21","in__landing_page__scheduler__ca",1,1,1,0
"2026-01-21","in__landing_page__scheduler__cl",1,1,1,0
"2026-01-21","in__memory_optimization__click",1,1,1,0
"2026-01-21","in__memory_optimization__conver",1,1,1,0
"2026-01-21","in__quick_cleanup__cancel",1,1,1,0
"2026-01-21","in__security_advisor__configura",1,1,1,0
"2026-01-21","in__settings__assistant",1,1,1,0
"2026-01-21","in__settings__scheduler",1,1,1,0
"2026-01-21","in__trial_screen__open",1,1,1,0
"2026-01-21","in__vault__setup__step_2",1,1,1,0
"2026-01-21","in__vault__setup__step_3",1,1,1,0
"2026-01-21","in__whatsapp_video_cleaner__can",1,1,1,0
"2026-01-21","in__whatsapp_video_cleaner__cli",1,1,1,0
"2026-01-21","ob__antiphishing__cta__click",1,1,1,0
"2026-01-21","out__card__charge_monitor_notif",1,1,1,0
"2026-01-21","out__dialog__call_blocker__click",1,1,1,0
"2026-01-21","out__float_window__icon",1,1,1,0
"2026-01-21","out__game_booster__click",1,1,1,0
"2026-01-21","out__permissions__STORAGE",1,1,0,0
"2026-01-21","out__uninstall_dialog__click",1,1,1,0
"2026-01-21","out__vault__configuration__clea",1,1,1,0
"2026-01-21","pix_analyzer_alert_click",1,1,1,0
"2026-01-22","event_17015",9257254,64671,211.20816792151496,0
"2026-01-22","state_hidden_gallery",9045854,553082,52.60593759995348,0
"2026-01-22","state_notification",9042858,552798,52.58851443691663,0
"2026-01-22","state_widget",9038570,552367,52.64225558830039,0
"2026-01-22","state_security_alert",9037369,552690,52.55659329475735,0
"2026-01-22","state_ads_free_subscription",9035758,552678,52.547224564566314,0
"2026-01-22","state_update_monitor",9032478,552107,52.60677468578551,0
"2026-01-22","state_are_notification_allowed",9030730,551843,52.59659401973232,0
"2026-01-22","state_upgrade_premium",9002916,551766,52.440097856477166,0
"2026-01-22","state_auto_optimization_security",9001471,551723,52.43168103448276,0
"2026-01-22","state_auto_optimization_performance",9000186,551701,52.42419617893756,0
"2026-01-22","state_medals",8998692,551695,52.41549394221808,0
"2026-01-22","state_in_app_update",8935291,552696,51.752885846177016,0
"2026-01-22","state_mediation_network",8930285,550912,52.03279767870045,0
"2026-01-22","state_android_go",8928970,550936,52.0169526084297,0
"2026-01-22","state_restricted_app_standby_bucket",8927606,550838,52.0171883375673,0
"2026-01-22","state_anti_phishing",8926233,550605,52.00918847740462,0
"2026-01-22","state_daily_phone_checkup",8924207,550813,51.91933607158233,0
"2026-01-22","state_install_monitor",8922546,550190,51.987705968723056,0
"2026-01-22","state_gallery_assistant",8921971,550417,51.90632744958868,0
"2026-01-22","state_notification_manager",8915991,549752,51.95253994336259,0
"2026-01-22","state_assistant",8915916,549622,51.89887888983317,0
"2026-01-22","state_safe_app_installer",8914927,549619,51.946340127492455,0
"2026-01-22","state_total_charge",8914643,549945,51.86671204822081,0
"2026-01-22","state_whatsapp_cloning",8913397,549817,51.85946263585375,0
"2026-01-22","state_vault",8909621,549768,51.83960458255997,0
"2026-01-22","state_permission_system_admin",8907686,549245,51.90626474992862,0
"2026-01-22","state_permission_accessibility",8906753,549147,51.90082803549889,0
"2026-01-22","state_permission_camera",8905766,549147,51.89507665592532,0
"2026-01-22","state_permission_access_coarse_location",8904862,549014,51.8946472799324,0
"2026-01-22","state_permission_access_fine_location",8904014,548881,51.889705410996825,0
"2026-01-22","state_permission_draw_over_apps",8903196,548808,51.8849383723302,0
"2026-01-22","state_permission_get_accounts",8902333,548565,51.87990908826015,0
"2026-01-22","state_permission_gps",8901484,548516,51.87496139164894,0
"2026-01-22","state_permission_miui_background_popup",8900195,548431,51.87289088863892,0
"2026-01-22","state_permission_miui_change_wifi_state",8899315,548407,51.867761996071735,0
"2026-01-22","state_permission_notification_access",8898555,548249,51.86575080579825,0
"2026-01-22","state_permission_storage",8897044,548225,51.85694385349335,0
"2026-01-22","state_permission_read_phone_state",8896225,548079,51.85217026385885,0
"2026-01-22","state_permission_usage_access",8895466,548032,51.852279748650574,0
"2026-01-22","state_permission_wifi",8894495,547911,51.84661972323583,0
"2026-01-22","state_permission_miui_autostart",8884141,545852,52.06578446138789,0
"2026-01-22","state_permission_post_notification",8793275,536904,52.82261455655141,0
"2026-01-22","event_10350",5851106,508290,32.99930065986126,0
"2026-01-22","event_10351",3153195,205069,19.764910521202243,0
"2026-01-22","screen_view",3109673,177395,18.02332846478416,0
"2026-01-22","event_10358",2957983,155624,21.193392610212722,0
"2026-01-22","user_engagement",2909000,173468,16.775272475635777,0
"2026-01-22","ad_impression",2860205,110229,27.304017030375928,2152935426
"2026-01-22","event_10353",1916336,109994,18.325692591636304,0
"2026-01-22","event_7000",1830631,54421,34.81412243500751,0
"2026-01-22","event_6800",1263874,448588,7.5431296365926,0
"2026-01-22","event_6600",1000255,50370,19.87195788218933,0
"2026-01-22","user_profile",940214,544599,5.4820096904535625,0
"2026-01-22","event_10700",913453,50044,18.271252550306038,0
"2026-01-22","session_start",668418,183569,3.8554643563728233,0
"2026-01-22","event_8010",390017,388373,2.997986056129077,0
"2026-01-22","event_10352",388955,68540,7.92185176887513,0
"2026-01-22","state_wifi_theft_auto_scan_state",387450,28427,41.12620740897994,0
"2026-01-22","event_7001",328892,30479,11.147747686675931,0
"2026-01-22","zendesk_messaging_init_error",263829,101328,14.57457739476301,0
"2026-01-22","event_10505",236655,44524,7.9660360845563485,0
"2026-01-22","state_charge_booster",234064,18625,32.56769166550716,0
"2026-01-22","state_antitheft",233723,18204,33.45112351509947,0
"2026-01-22","state_data_monitoring",233489,18173,33.45593924631036,0
"2026-01-22","event_21001",185369,41923,4.424820375719094,0
"2026-01-22","event_1000",114979,62894,1.8450663542853476,0
"2026-01-22","event_21002",90765,38561,2.356797881179892,0
"2026-01-22","event_10511",84642,2857,35.092039800995025,0
"2026-01-22","event_21000",81159,45275,1.7997738058278263,0
"2026-01-22","event_4800",69212,28917,2.394133314884638,0
"2026-01-22","event_1751",60599,35205,1.8011294397384456,0
"2026-01-22","event_10100",56394,33133,1.7554552529182879,0
"2026-01-22","event_10510",55975,35302,2.448064727749836,0
"2026-01-22","event_8011",47099,5495,12.784744842562432,0
"2026-01-22","event_9900",44197,21121,2.1107502746071924,0
"2026-01-22","first_open",40317,39998,1.0079753987699385,0
"2026-01-22","event_21005",36468,9748,3.741075092326631,0
"2026-01-22","event_4803",34622,17297,2.0016187778227437,0
"2026-01-22","event_10354",31612,20468,1.5540261527873365,0
"2026-01-22","event_1600",28690,20228,1.418962362134626,0
"2026-01-22","appsflyer_onConversionDataSuccess",27256,6197,5.533089727974016,0
"2026-01-22","USER_ID_STARTED",24874,2,24874,0
"2026-01-22","USER_ID_FINISHED",24358,2035,127.52879581151832,0
"2026-01-22","event_31006",22329,5193,4.308954071786955,0
"2026-01-22","event_19005",20871,10619,1.9654393069027216,0
"2026-01-22","event_10363",20516,6329,3.422185154295246,0
"2026-01-22","event_21003",19891,12383,1.6063151094242105,0
"2026-01-22","event_10200",19240,13886,1.3864668155941486,0
"2026-01-22","event_4802",17773,8675,2.0487608069164267,0
"2026-01-22","event_17000",16956,3587,4.727069974909395,0
"2026-01-22","event_2100",16820,12749,1.320458470717538,0
"2026-01-22","event_30001",15628,14300,1.107583274273565,0
"2026-01-22","event_33002",15373,15147,1.3888336796458578,0
"2026-01-22","event_2300",13106,10454,1.2541626794258374,0
"2026-01-22","event_32004",12547,2544,5.230095873280534,0
"2026-01-22","event_6801",12166,10460,1.1848461238800156,0
"2026-01-22","event_6605",12059,8612,1.4005807200929152,0
"2026-01-22","event_10205",11635,8969,1.2972460697959638,0
"2026-01-22","event_10950",11519,6247,1.9461057611082953,0
"2026-01-22","event_10701",11213,5728,1.957576815642458,0
"2026-01-22","event_10207",11074,8917,1.24189749915891,0
"2026-01-22","event_33000",10847,7274,1.4918168064915418,0
"2026-01-22","event_1752",10261,8033,1.2778331257783313,0
"2026-01-22","event_1750",10151,8069,1.2580245383566737,0
"2026-01-22","event_1650",8455,7454,1.1342903139254092,0
"2026-01-22","out__appbox__publisher__request",8266,483,18.786363636363635,0
"2026-01-22","RESET_USER_ID",8139,82,99.2560975609756,0
"2026-01-22","event_14000",7813,5914,1.3213258921021478,0
"2026-01-22","out__appbox__publisher__load_fa",7778,476,17.921658986175114,0
"2026-01-22","event_10703",7702,1787,4.310016787912703,0
"2026-01-22","event_14005",7191,5322,1.3511837655016912,0
"2026-01-22","event_17019",7138,2892,2.4733194733194734,0
"2026-01-22","event_39250",6722,1892,3.5603813559322033,0
"2026-01-22","event_28005",6679,986,7.347634763476347,0
"2026-01-22","ad_click",6651,4057,1.6511916583912611,0
"2026-01-22","event_10250",6528,6477,1.0078740157480315,0
"2026-01-22","event_10101",6013,4822,1.246992948983824,0
"2026-01-22","event_31009",5990,3584,1.675055928411633,0
"2026-01-22","event_17009",5753,2580,2.22984496124031,0
"2026-01-22","event_39151",5749,3086,1.8635332252836305,0
"2026-01-22","event_12000",5736,5721,1.0027972027972027,0
"2026-01-22","event_10210",5424,1610,3.368944099378882,0
"2026-01-22","out__charge_monitor__notificati",5418,33,164.1818181818182,0
"2026-01-22","event_29000",5280,4546,1.163251817580965,0
"2026-01-22","event_18102",5206,673,7.735512630014859,0
"2026-01-22","event_1700",5194,3864,1.344899016053858,0
"2026-01-22","event_31000",5133,3041,1.6879316014468924,0
"2026-01-22","event_20000",4772,3914,1.2229625832906201,0
"2026-01-22","event_10252",4561,4543,1.00396213955536,0
"2026-01-22","event_4806",4530,3303,1.3718958207147183,0
"2026-01-22","event_5502",4049,3158,1.2874403815580286,0
"2026-01-22","appsflyer_onConversionDataFail",4000,893,7.8431372549019605,0
"2026-01-22","out__dialog__charge_booster_impression",3990,303,14.049295774647888,0
"2026-01-22","consent_granted",3863,3757,1.0443363071100298,0
"2026-01-22","event_1651",3688,3495,1.0552217453505006,0
"2026-01-22","event_10506",3655,3420,1.078489229861316,0
"2026-01-22","event_10702",3596,2598,1.3841416474210932,0
"2026-01-22","event_5500",3584,2567,1.4093590247738892,0
"2026-01-22","event_17001",3563,851,4.18683901292597,0
"2026-01-22","event_1652",3514,3451,1.0182555780933062,0
"2026-01-22","event_29001",3505,1634,2.145042839657283,0
"2026-01-22","event_19001",3292,2226,1.4788858939802336,0
"2026-01-22","event_30000",3103,2127,1.460235294117647,0
"2026-01-22","event_37000",3033,2720,1.1154836336888563,0
"2026-01-22","event_8000",2751,2661,1.0483993902439024,0
"2026-01-22","out__charge_monitor__impression",2611,213,12.374407582938389,0
"2026-01-22","event_2600",2586,2092,1.2361376673040152,0
"2026-01-22","app_exception",2498,787,6.679144385026738,0
"2026-01-22","event_8001",2462,2413,1.0207296849087895,0
"2026-01-22","state_system_admin_antitheft_permission",2395,356,9.429133858267717,0
"2026-01-22","event_25000",2322,1332,1.747178329571106,0
"2026-01-22","event_21008",2285,1549,1.4751452550032278,0
"2026-01-22","app_remove",2237,2097,1.6959818043972708,0
"2026-01-22","state_premium",2161,1362,3.294207317073171,0
"2026-01-22","event_5506",2089,1609,1.3105395232120451,0
"2026-01-22","event_31005",1942,722,2.6897506925207755,0
"2026-01-22","event_26003",1940,1360,1.4264705882352942,0
"2026-01-22","event_26004",1841,1320,1.3946969696969698,0
"2026-01-22","event_18101",1833,1014,1.8076923076923077,0
"2026-01-22","state_in__nps__impression",1784,1772,1.0067720090293453,0
"2026-01-22","home_notification_permission_on_open",1754,1268,1.3832807570977919,0
"2026-01-22","event_1701",1718,1369,1.2549306062819576,0
"2026-01-22","event_11002",1717,897,1.9141583054626532,0
"2026-01-22","event_10000",1712,1509,1.1443850267379678,0
"2026-01-22","state_WHATSAPP_CLONING",1627,145,33.895833333333336,0
"2026-01-22","event_17007",1596,640,2.49375,0
"2026-01-22","event_33001",1588,1334,1.1904047976011993,0
"2026-01-22","event_39153",1560,876,1.7808219178082192,0
"2026-01-22","event_1702",1532,1317,1.1632498101746394,0
"2026-01-22","out__permissions__phone",1507,106,88.6470588235294,0
"2026-01-22","event_17005",1479,209,7.076555023923445,0
"2026-01-22","event_31002",1429,850,1.6811764705882353,0
"2026-01-22","event_4801",1429,999,1.4304304304304305,0
"2026-01-22","event_39154",1375,755,1.8211920529801324,0
"2026-01-22","event_10850",1249,967,1.2916235780765253,0
"2026-01-22","event_10512",1241,663,1.8831562974203337,0
"2026-01-22","event_4206",1216,945,1.2867724867724868,0
"2026-01-22","event_25001",1185,886,1.337471783295711,0
"2026-01-22","event_39156",1090,448,2.4330357142857144,0
"2026-01-22","event_39000",1086,812,1.3440594059405941,0
"2026-01-22","event_10251",1079,1075,1.003720930232558,0
"2026-01-22","event_20001",1064,723,1.4716459197787,0
"2026-01-22","state_wifi_theft",1061,671,2.898907103825137,0
"2026-01-22","event_10800",1045,956,1.0930962343096233,0
"2026-01-22","event_39100",1030,880,1.1717861205915814,0
"2026-01-22","event_39002",1003,512,1.9628180039138943,0
"2026-01-22","event_39200",984,502,1.9601593625498008,0
"2026-01-22","event_37001",960,921,1.0423452768729642,0
"2026-01-22","out__notification__impression",928,672,6.3561643835616435,0
"2026-01-22","event_7002",927,493,1.8879837067209777,0
"2026-01-22","event_37002",924,911,1.0142700329308452,0
"2026-01-22","event_5504",897,777,1.196,0
"2026-01-22","out__charge_monitor__unlock",883,132,6.844961240310077,0
"2026-01-22","state_in__nps__close",846,846,1,0
"2026-01-22","event_4601",839,583,1.4415807560137457,0
"2026-01-22","out__permissions__camera",834,79,64.15384615384616,0
"2026-01-22","out__permissions__doze",830,79,63.84615384615385,0
"2026-01-22","event_10851",823,397,2.0730478589420653,0
"2026-01-22","event_20004",803,402,1.9975124378109452,0
"2026-01-22","event_2101",799,705,1.1333333333333333,0
"2026-01-22","state_anti_theft",783,468,4.036082474226804,0
"2026-01-22","state_adv_protection",778,467,4.010309278350515,0
"2026-01-22","USER_ID_WAITING",714,1,714,0
"2026-01-22","out__charge_monitor__click",703,155,4.6866666666666665,0
"2026-01-22","event_28004",678,277,2.4476534296028882,0
"2026-01-22","event_2301",677,654,1.0351681957186545,0
"2026-01-22","event_39003",667,443,1.5056433408577878,0
"2026-01-22","notification_receive",650,649,5.909090909090909,0
"2026-01-22","event_39157",649,375,1.7306666666666666,0
"2026-01-22","event_17010",635,586,1.083617747440273,0
"2026-01-22","out__permissions__CONTACTS",634,54,45.285714285714285,0
"2026-01-22","event_18000",627,524,1.1965648854961832,0
"2026-01-22","os_update",606,601,2.2444444444444445,0
"2026-01-22","event_17008",601,424,1.4174528301886793,0
"2026-01-22","event_39101",579,285,2.038732394366197,0
"2026-01-22","event_35001",577,322,1.969283276450512,0
"2026-01-22","event_20017",576,494,1.165991902834008,0
"2026-01-22","event_23000",572,295,1.9389830508474577,0
"2026-01-22","state_language",569,494,2.48471615720524,0
"2026-01-22","event_34000",568,553,1.3333333333333333,0
"2026-01-22","event_39152",563,447,1.2595078299776286,0
"2026-01-22","event_39201",535,169,3.165680473372781,0
"2026-01-22","state_antivirus",533,481,2.3794642857142856,0
"2026-01-22","event_8006",532,459,1.3103448275862069,0
"2026-01-22","event_10001",521,387,1.349740932642487,0
"2026-01-22","state_permission",508,464,2.502463054187192,0
"2026-01-22","event_36000",500,473,1.0570824524312896,0
"2026-01-22","event_4200",498,363,1.371900826446281,0
"2026-01-22","event_5509",487,400,1.2329113924050632,0
"2026-01-22","state_in__nps__click",487,486,1.0020576131687242,0
"2026-01-22","out__service__segmentation__req",484,445,4.208695652173913,0
"2026-01-22","state_achievements",482,447,2.5638297872340425,0
"2026-01-22","out__service__segmentation__res",479,443,4.201754385964913,0
"2026-01-22","state_get_accounts",478,444,2.5425531914893615,0
"2026-01-22","event_14001",475,307,1.5472312703583062,0
"2026-01-22","state_add_new_numbers_to_contacts",475,442,2.553763440860215,0
"2026-01-22","state_notification_bar",471,439,2.532258064516129,0
"2026-01-22","out__notifications__click",469,272,4.936842105263158,0
"2026-01-22","state_auto_flow",463,438,2.489247311827957,0
"2026-01-22","out__permissions__CAMERA",453,34,113.25,0
"2026-01-22","event_20020",451,326,1.383435582822086,0
"2026-01-22","out__permissions__DOZE",451,33,150.33333333333334,0
"2026-01-22","event_18001",444,373,1.1903485254691688,0
"2026-01-22","event_33003",443,420,1.0598086124401913,0
"2026-01-22","event_39202",442,126,3.507936507936508,0
"2026-01-22","event_18003",439,366,1.1994535519125684,0
"2026-01-22","event_3400",429,335,1.2805970149253731,0
"2026-01-22","event_28002",428,325,1.3169230769230769,0
"2026-01-22","app_update",424,419,11.157894736842104,0
"2026-01-22","event_20008",423,298,1.419463087248322,0
"2026-01-22","event_10600",409,273,1.5148148148148148,0
"2026-01-22","event_39155",408,204,2,0
"2026-01-22","event_30002",398,371,1.0727762803234502,0
"2026-01-22","event_12001",383,366,1.046448087431694,0
"2026-01-22","home_notification_permission_on_click",364,296,1.2297297297297298,0
"2026-01-22","event_10513",359,230,1.5608695652173914,0
"2026-01-22","event_9808",352,216,1.6296296296296295,0
"2026-01-22","event_19002",351,265,1.3245283018867924,0
"2026-01-22","event_20014",347,299,1.160535117056856,0
"2026-01-22","event_18005",335,269,1.245353159851301,0
"2026-01-22","event_33004",328,256,1.28125,0
"2026-01-22","event_4408",321,63,5.095238095238095,0
"2026-01-22","event_39001",320,255,1.2549019607843137,0
"2026-01-22","event_18104",318,236,1.347457627118644,0
"2026-01-22","notification_dismiss",315,314,4.2,0
"2026-01-22","event_20016",313,270,1.1592592592592592,0
"2026-01-22","event_10208",312,10,31.2,0
"2026-01-22","event_20003",292,207,1.4106280193236715,0
"2026-01-22","event_4401",256,136,1.8823529411764706,0
"2026-01-22","ad_reward",252,214,1.1775700934579438,0
"2026-01-22","event_10602",247,205,1.2167487684729064,0
"2026-01-22","event_18002",241,210,1.1476190476190475,0
"2026-01-22","open_wifi_alert_settings__screen_viewed",238,127,1.874015748031496,0
"2026-01-22","event_17011",237,230,1.0304347826086957,0
"2026-01-22","event_18107",233,134,1.7388059701492538,0
"2026-01-22","out__notification__dismiss",224,144,6.054054054054054,0
"2026-01-22","event_20018",223,202,1.103960396039604,0
"2026-01-22","event_10364",220,171,1.2941176470588236,0
"2026-01-22","event_39203",219,215,1.0233644859813085,0
"2026-01-22","event_17016",212,143,1.4825174825174825,0
"2026-01-22","antitheft_deprecation__on_show",209,161,1.2981366459627328,0
"2026-01-22","event_4808",205,195,1.0512820512820513,0
"2026-01-22","event_19000",202,109,1.853211009174312,0
"2026-01-22","event_4605",202,58,3.4827586206896552,0
"2026-01-22","event_5508",190,162,1.1801242236024845,0
"2026-01-22","event_4602",187,75,2.493333333333333,0
"2026-01-22","out__dialog__residual_cleanup__",181,51,4.022222222222222,0
"2026-01-22","event_19006",172,144,1.1944444444444444,0
"2026-01-22","event_8007",154,120,1.2833333333333334,0
"2026-01-22","event_4400",147,110,1.3363636363636364,0
"2026-01-22","event_10002",143,79,1.8101265822784811,0
"2026-01-22","event_17018",142,107,1.3271028037383177,0
"2026-01-22","event_10603",139,89,1.5617977528089888,0
"2026-01-22","event_4418",135,66,2.0454545454545454,0
"2026-01-22","event_2050",133,114,1.1666666666666667,0
"2026-01-22","event_6604",124,105,1.180952380952381,0
"2026-01-22","event_32000",121,79,1.5316455696202531,0
"2026-01-22","event_3403",121,96,1.2604166666666667,0
"2026-01-22","event_18004",120,110,1.0909090909090908,0
"2026-01-22","event_20005",117,35,3.342857142857143,0
"2026-01-22","event_10003",115,67,1.7424242424242424,0
"2026-01-22","event_2700",113,70,1.6142857142857143,0
"2026-01-22","out__appbox__placement__impress",112,20,5.894736842105263,0
"2026-01-22","event_2500",109,91,1.211111111111111,0
"2026-01-22","event_20007",107,51,2.0980392156862746,0
"2026-01-22","pix_analyzer_onboarding_start",107,83,1.2891566265060241,0
"2026-01-22","event_32002",106,70,1.5142857142857142,0
"2026-01-22","open_wifi_alert__click_on_upgrade",96,73,1.3150684931506849,0
"2026-01-22","open_wifi_alert_paywall__screen_viewed",95,73,1.3013698630136987,0
"2026-01-22","event_10362",93,43,2.2142857142857144,0
"2026-01-22","USER_ID_JOB_RUNNING",92,1,92,0
"2026-01-22","event_12002",92,92,1,0
"2026-01-22","event_26001",90,54,1.6666666666666667,0
"2026-01-22","event_26005",90,81,1.1111111111111112,0
"2026-01-22","event_36004",88,88,1,0
"2026-01-22","out__toolbar__click",86,39,2.4571428571428573,0
"2026-01-22","out__vault__conversion",86,16,10.75,0
"2026-01-22","event_3401",85,53,1.6037735849056605,0
"2026-01-22","event_18105",81,68,1.1911764705882353,0
"2026-01-22","event_40000",80,60,1.6666666666666667,0
"2026-01-22","event_4212",80,74,1.0810810810810811,0
"2026-01-22","in__scan__start",80,18,4.444444444444445,0
"2026-01-22","out__notification__click",78,61,1.5,0
"2026-01-22","event_2720",75,49,1.530612244897959,0
"2026-01-22","event_23001",72,64,1.125,0
"2026-01-22","event_23002",72,64,1.125,0
"2026-01-22","event_4211",72,56,1.2857142857142858,0
"2026-01-22","event_4420",72,62,1.1612903225806452,0
"2026-01-22","app_clear_data",69,51,2.15625,0
"2026-01-22","event_10508",68,27,2.5185185185185186,0
"2026-01-22","in__quick_cleanup__click",67,43,1.675,0
"2026-01-22","event_10952",65,62,1.0483870967741935,0
"2026-01-22","event_17017",65,58,1.1206896551724137,0
"2026-01-22","event_20015",65,53,1.2264150943396226,0
"2026-01-22","out__ads__container_impression",65,5,32.5,0
"2026-01-22","event_10601",63,50,1.26,0
"2026-01-22","event_40001",63,45,1.8529411764705883,0
"2026-01-22","event_4412",59,46,1.2826086956521738,0
"2026-01-22","event_2701",55,31,1.7741935483870968,0
"2026-01-22","event_31001",55,41,1.3414634146341464,0
"2026-01-22","event_2722",54,31,1.7419354838709677,0
"2026-01-22","event_4419",54,45,1.2,0
"2026-01-22","pix_analyzer_monitoring_enable",54,42,1.2857142857142858,0
"2026-01-22","pix_analyzer_onboarding_activate_click",53,50,1.06,0
"2026-01-22","event_20019",50,41,1.2195121951219512,0
"2026-01-22","in__memory_boost__click",48,29,1.7142857142857142,0
"2026-01-22","in__memory_boost__conversion",48,28,1.7142857142857142,0
"2026-01-22","event_4403",47,43,1.0930232558139534,0
"2026-01-22","event_28001",46,41,1.1219512195121952,0
"2026-01-22","event_10509",44,37,1.1891891891891893,0
"2026-01-22","event_20012",44,13,3.3846153846153846,0
"2026-01-22","event_26000",43,29,1.4827586206896552,0
"2026-01-22","event_19007",42,16,2.625,0
"2026-01-22","event_28000",42,38,1.105263157894737,0
"2026-01-22","event_4410",41,28,1.4642857142857142,0
"2026-01-22","event_10804",40,38,1.0526315789473684,0
"2026-01-22","event_4413",40,36,1.1111111111111112,0
"2026-01-22","event_10507",38,27,1.4074074074074074,0
"2026-01-22","event_3402",38,28,1.3571428571428572,0
"2026-01-22","event_5501",38,26,1.4615384615384615,0
"2026-01-22","event_10805",37,36,1.0277777777777777,0
"2026-01-22","out__uninstall_dialog__impressi",36,26,1.3846153846153846,0
"2026-01-22","out__ads__impression",35,4,17.5,0
"2026-01-22","event_4411",33,26,1.2692307692307692,0
"2026-01-22","in__cpu_cooler__click",32,25,1.28,0
"2026-01-22","event_2650",30,27,1.1111111111111112,0
"2026-01-22","in__dialog__back_button__impres",30,10,3,0
"2026-01-22","event_38000",29,27,1.0740740740740742,0
"2026-01-22","app_open",28,9,4,0
"2026-01-22","event_10514",28,26,1.0769230769230769,0
"2026-01-22","event_19009",28,20,1.4,0
"2026-01-22","event_23003",28,24,1.1666666666666667,0
"2026-01-22","event_4402",27,22,1.2272727272727273,0
"2026-01-22","out__dfndr_assistant__impression",27,17,3,0
"2026-01-22","notification_foreground",25,25,3.125,0
"2026-01-22","event_28003",23,10,2.3,0
"2026-01-22","in__internet_booster__conversion",23,14,1.6428571428571428,0
"2026-01-22","out__permissions__LOCATION",23,3,23,0
"2026-01-22","event_4203",22,17,1.2941176470588236,0
"2026-01-22","in__internet_booster__click",22,15,1.5714285714285714,0
"2026-01-22","event_18106",21,17,1.2352941176470589,0
"2026-01-22","in__storage_cleanup__click",21,13,1.6153846153846154,0
"2026-01-22","ad_card__on_remove_ads_switch_click",20,18,1.1111111111111112,0
"2026-01-22","event_10209",20,6,3.3333333333333335,0
"2026-01-22","in__storage_cleanup__conversion",20,11,1.8181818181818181,0
"2026-01-22","event_26002",19,12,1.5833333333333333,0
"2026-01-22","event_38003",19,18,1.0555555555555556,0
"2026-01-22","event_38004",19,18,1.0555555555555556,0
"2026-01-22","event_4417",19,12,1.5833333333333333,0
"2026-01-22","event_10102",18,17,1.0588235294117647,0
"2026-01-22","out__ads__not_loaded",17,3,8.5,0
"2026-01-22","event_23005",16,12,1.3333333333333333,0
"2026-01-22","event_34001",16,16,1.0666666666666667,0
"2026-01-22","in__landing_page__weekly_report",15,3,5,0
"2026-01-22","USER_ID_ALREADY_SET",14,12,1.5555555555555556,0
"2026-01-22","app_store_subscription_renew",14,14,7,68977410
"2026-01-22","event_39004",14,12,1.1666666666666667,0
"2026-01-22","event_14003",13,13,1,0
"2026-01-22","event_2721",13,8,1.625,0
"2026-01-22","event_36005",13,13,1,0
"2026-01-22","event_4805",13,12,1.0833333333333333,0
"2026-01-22","in__dialog__anti_theft_enter__i",13,13,1,0
"2026-01-22","in_app_purchase",13,13,1,2586422
"2026-01-22","event_31003",12,12,1,0
"2026-01-22","event_4204",12,12,1,0
"2026-01-22","out__permissions__contacts",12,2,0,0
"2026-01-22","event_4202",11,11,1,0
"2026-01-22","event_4404",11,9,1.2222222222222223,0
"2026-01-22","in__quick_av_scan__click",11,11,1,0
"2026-01-22","event_4201",10,10,1,0
"2026-01-22","event_5505",10,7,1.6666666666666667,0
"2026-01-22","pix_analyzer_alert_open",10,9,1.25,0
"2026-01-22","in__quick_av_scan__scan",9,9,1,0
"2026-01-22","ob__splash__show",9,9,1.2857142857142858,0
"2026-01-22","out__dfndr_assistant__click",9,5,4.5,0
"2026-01-22","event_35000",8,6,1.3333333333333333,0
"2026-01-22","in__full_av_scan__click",8,7,1.1428571428571428,0
"2026-01-22","in__home__cards_click",8,2,4,0
"2026-01-22","in__quick_av_scan__cancel",8,8,1,0
"2026-01-22","out__dialog__install_monitor__impression",8,5,1.6,0
"2026-01-22","out__flashlight__click",8,4,2,0
"2026-01-22","app_store_subscription_convert",7,7,1.75,134373224
"2026-01-22","blocked_newinstall",7,6,1.4,0
"2026-01-22","event_36003",7,7,1,0
"2026-01-22","event_40002",7,7,1,0
"2026-01-22","in__full_av_scan__cancel",7,6,1.1666666666666667,0
"2026-01-22","in__quick_av_scan__conversion",7,7,1,0
"2026-01-22","new_install",7,6,1.4,0
"2026-01-22","event_35006",6,4,1.5,0
"2026-01-22","event_9807",6,1,6,0
"2026-01-22","in__full_av_scan__conversion",6,5,1.2,0
"2026-01-22","in__wifi_check__click",6,5,1.5,0
"2026-01-22","in__wifi_check__conversion",6,5,1.5,0
"2026-01-22","out__notifications__impression",6,5,1.2,0
"2026-01-22","valid_install",6,5,1.5,0
"2026-01-22","app_store_subscription_cancel",5,5,1,0
"2026-01-22","consent_rejected",5,3,1.6666666666666667,0
"2026-01-22","event_2724",5,2,2.5,0
"2026-01-22","event_35002",5,3,1.6666666666666667,0
"2026-01-22","in__dialog__charge_monitor_ente",5,5,1,0
"2026-01-22","out__dialog__call_blocker__impr",5,5,1.25,0
"2026-01-22","pix_analyzer_click_on_subscribe",5,2,2.5,0
"2026-01-22","consent_settings_open",4,2,2,0
"2026-01-22","event_10360",4,4,4,0
"2026-01-22","event_4215",4,3,1.3333333333333333,0
"2026-01-22","event_4414",4,2,2,0
"2026-01-22","event_4416",4,3,1.3333333333333333,0
"2026-01-22","event_5507",4,4,1.3333333333333333,0
"2026-01-22","in__dialog__notification_widget",4,4,1,0
"2026-01-22","in__duplicated_photos__scan",4,4,1,0
"2026-01-22","in__home__open",4,4,1,0
"2026-01-22","in__memory_optimization__click",4,2,2,0
"2026-01-22","in__memory_optimization__conver",4,2,2,0
"2026-01-22","in__vault__click",4,4,1,0
"2026-01-22","in__whatsapp_video_cleaner__can",4,4,1,0
"2026-01-22","in__whatsapp_video_cleaner__cli",4,4,1,0
"2026-01-22","notification_open",4,4,1.3333333333333333,0
"2026-01-22","out__card__charge_monitor_notif",4,2,2,0
"2026-01-22","out__card__vault__impression",4,1,4,0
"2026-01-22","event_14002",3,2,1.5,0
"2026-01-22","event_31004",3,3,1,0
"2026-01-22","event_3800",3,3,1,0
"2026-01-22","in__ads__impression",3,1,3,0
"2026-01-22","in__app_manager__click",3,3,1,0
"2026-01-22","in__battery_manager__click",3,3,1,0
"2026-01-22","in__dailyphone__scan__open",3,2,1.5,0
"2026-01-22","in__dialog__assistant_enter__im",3,3,1,0
"2026-01-22","in__dialog__vault_enter__impres",3,3,1,0
"2026-01-22","in__duplicated_photos__click",3,3,1,0
"2026-01-22","in__ob__terms__show_with_fireba",3,3,1,0
"2026-01-22","in__vault__configuration__cancel",3,3,1,0
"2026-01-22","in__whatsapp_cleaner__scan",3,3,1,0
"2026-01-22","out__dialog__install_monitor_in",3,2,1.5,0
"2026-01-22","consent_error",2,1,2,0
"2026-01-22","event_19012",2,2,1,0
"2026-01-22","event_35008",2,1,2,0
"2026-01-22","event_3801",2,2,1,0
"2026-01-22","event_3804",2,2,1,0
"2026-01-22","event_39251",2,2,1,0
"2026-01-22","event_4415",2,2,1,0
"2026-01-22","in__anti_theft__click",2,2,1,0
"2026-01-22","in__anti_theft__setup__step_1",2,2,1,0
"2026-01-22","in__bottom_timer__open",2,1,2,0
"2026-01-22","in__dialog__antiphishing_enter_",2,2,1,0
"2026-01-22","in__dialog__back_button__click",2,1,2,0
"2026-01-22","in__dialog__contacts_permission",2,1,2,0
"2026-01-22","in__landing_page__anti_theft_pe",2,1,2,0
"2026-01-22","in__landing_page__power_pro__im",2,2,1,0
"2026-01-22","in__memory_boost__cancel",2,2,1,0
"2026-01-22","in__quick_cleanup__cancel",2,2,1,0
"2026-01-22","in__quick_cleanup__conversion",2,2,1,0
"2026-01-22","in__toolbar__layout_activated",2,1,2,0
"2026-01-22","in__vault__setup__step_1",2,2,1,0
"2026-01-22","in__whatsapp_cleaner__click",2,2,1,0
"2026-01-22","out__dialog__update_monitor_inf",2,1,2,0
"2026-01-22","out__float_window__click",2,2,2,0
"2026-01-22","out__uninstall_dialog__click",2,2,1,0
"2026-01-22","subscription_screen_open",2,2,1,0
"2026-01-22","event_10604",1,1,1,0
"2026-01-22","event_10605",1,1,1,0
"2026-01-22","event_14006",1,1,1,0
"2026-01-22","event_14007",1,1,1,0
"2026-01-22","event_20011",1,1,1,0
"2026-01-22","event_2900",1,1,1,0
"2026-01-22","event_35009",1,1,1,0
"2026-01-22","event_39103",1,1,1,0
"2026-01-22","event_4607",1,1,1,0
"2026-01-22","in__ads__loading",1,1,1,0
"2026-01-22","in__ads__not_loaded",1,1,1,0
"2026-01-22","in__battery_manager__install",1,1,1,0
"2026-01-22","in__billboard__notification_wid",1,1,1,0
"2026-01-22","in__call_blocker__click",1,1,1,0
"2026-01-22","in__card__anti_theft__impression",1,1,1,0
"2026-01-22","in__dialog__accessibility__impr",1,1,1,0
"2026-01-22","in__dialog__ah_antihacking_not_",1,1,0,0
"2026-01-22","in__dialog__free_users_choose_n",1,1,1,0
"2026-01-22","in__dialog__pro_security_trial_",1,1,1,0
"2026-01-22","in__dialog__scheduler_enter__im",1,1,1,0
"2026-01-22","in__dialog__vault_enter__click",1,1,1,0
"2026-01-22","in__full_av_scan__scan",1,1,1,0
"2026-01-22","in__game_booster__click",1,1,1,0
"2026-01-22","in__home__grid__button_click",1,1,1,0
"2026-01-22","in__home__header_click",1,1,1,0
"2026-01-22","in__home__upside_click",1,1,1,0
"2026-01-22","in__internet_booster__cancel",1,1,1,0
"2026-01-22","in__landing_page__power_pro__cl",1,1,1,0
"2026-01-22","in__onboarding__click",1,1,1,0
"2026-01-22","in__onboarding__conversion",1,1,1,0
"2026-01-22","in__scheduler__click",1,1,1,0
"2026-01-22","in__vault__setup__step_2",1,1,1,0
"2026-01-22","ob__antiphishing__show",1,1,1,0
"2026-01-22","ob__terms__click",1,1,1,0
"2026-01-22","out__card__vault__click",1,1,1,0
"2026-01-22","out__float_window__icon",1,1,1,0
"2026-01-22","out__float_window__main_feature",1,1,0,0
"2026-01-22","out__permissions__PHONE",1,1,1,0
"2026-01-22","out__permissions__STORAGE",1,1,1,0
"2026-01-22","out__permissions__accessibility",1,1,1,0
"2026-01-22","pix_analyzer_alert_click",1,1,1,0
"2026-01-22","subscription__show",1,1,1,0
"2026-01-22","subscription_tap_not_now",1,1,1,0
"2026-01-23","state_hidden_gallery",9048318,554409,53.14256012686107,0
"2026-01-23","state_notification",9045256,554409,53.13300203244869,0
"2026-01-23","state_widget",9040921,553963,53.18188823529412,0
"2026-01-23","state_security_alert",9039732,554208,53.100553342966904,0
"2026-01-23","state_ads_free_subscription",9038080,554158,53.090849281594004,0
"2026-01-23","state_update_monitor",9034845,553447,53.14614705882353,0
"2026-01-23","state_are_notification_allowed",9033125,553391,53.1360294117647,0
"2026-01-23","state_upgrade_premium",9007742,553036,53.010416421459006,0
"2026-01-23","state_auto_optimization_security",9006269,552888,53.00174784021092,0
"2026-01-23","state_auto_optimization_performance",9005024,552879,52.994421035286365,0
"2026-01-23","state_medals",9003524,552651,52.98559355947365,0
"2026-01-23","state_in_app_update",8943372,553609,52.289412755209426,0
"2026-01-23","state_mediation_network",8938235,551788,52.628933965319284,0
"2026-01-23","state_android_go",8936867,551567,52.61096622651839,0
"2026-01-23","state_restricted_app_standby_bucket",8935602,551521,52.613430682721464,0
"2026-01-23","state_anti_phishing",8934239,551435,52.60540524626844,0
"2026-01-23","state_daily_phone_checkup",8932146,551425,52.51979161766781,0
"2026-01-23","state_install_monitor",8930519,551008,52.58350163393882,0
"2026-01-23","state_gallery_assistant",8929913,551412,52.50666188437838,0
"2026-01-23","state_assistant",8924134,550491,52.49181812834539,0
"2026-01-23","state_notification_manager",8924014,550977,52.54519975270115,0
"2026-01-23","state_safe_app_installer",8923038,550855,52.53945299849854,0
"2026-01-23","state_total_charge",8922781,551268,52.4456075799076,0
"2026-01-23","state_whatsapp_cloning",8921380,551049,52.456489016416576,0
"2026-01-23","state_vault",8917580,551037,52.421508056409564,0
"2026-01-23","state_permission_system_admin",8915643,550569,52.50116595413914,0
"2026-01-23","state_permission_accessibility",8914752,550569,52.49591916051302,0
"2026-01-23","state_permission_camera",8913801,550569,52.490319047450804,0
"2026-01-23","state_permission_access_coarse_location",8912896,550434,52.48498981262293,0
"2026-01-23","state_permission_access_fine_location",8912043,550398,52.479966787973005,0
"2026-01-23","state_permission_draw_over_apps",8911222,550373,52.48378585311267,0
"2026-01-23","state_permission_get_accounts",8910368,550215,52.47875611048943,0
"2026-01-23","state_permission_gps",8909525,550215,52.473791153778194,0
"2026-01-23","state_permission_miui_background_popup",8908181,550191,52.46587549325638,0
"2026-01-23","state_permission_miui_change_wifi_state",8907349,550142,52.46097532245715,0
"2026-01-23","state_permission_notification_access",8906550,550105,52.456269509393955,0
"2026-01-23","state_permission_storage",8905018,550056,52.44724659873962,0
"2026-01-23","state_permission_read_phone_state",8904239,550056,52.442658578243716,0
"2026-01-23","state_permission_usage_access",8903463,550056,52.4380882266329,0
"2026-01-23","state_permission_wifi",8902583,549977,52.43290535367218,0
"2026-01-23","state_permission_miui_autostart",8892020,548420,52.707194764857206,0
"2026-01-23","state_permission_post_notification",8801188,539980,53.569746917112006,0
"2026-01-23","event_17015",7921460,64797,182.02302442611273,0
"2026-01-23","event_10350",5889071,517734,33.63165529253876,0
"2026-01-23","event_10351",3158180,206936,20.076027741225978,0
"2026-01-23","screen_view",3107731,174375,18.327884031304,0
"2026-01-23","event_10358",2947690,154646,21.485717201314937,0
"2026-01-23","user_engagement",2890659,170271,16.97781053793881,0
"2026-01-23","ad_impression",2872132,108754,27.964325703213998,2175883831
"2026-01-23","event_10353",1914406,108548,18.664021370354483,0
"2026-01-23","event_7000",1823501,53804,35.09702440526599,0
"2026-01-23","event_6800",1256373,451156,7.584182980495844,0
"2026-01-23","event_6600",1003553,49482,20.29717047913759,0
"2026-01-23","user_profile",939511,546723,5.546568193357184,0
"2026-01-23","event_10700",899105,49241,18.265952908193324,0
"2026-01-23","session_start",664333,180249,3.8958099985339394,0
"2026-01-23","state_wifi_theft_auto_scan_state",386417,28449,40.17644000831774,0
"2026-01-23","event_8010",383630,386887,3.028267407623754,0
"2026-01-23","event_10352",382054,67002,8.024995799025374,0
"2026-01-23","event_7001",328349,30249,11.263343852908891,0
"2026-01-23","zendesk_messaging_init_error",266799,101565,14.795862910381544,0
"2026-01-23","state_charge_booster",233332,18654,31.750170091168865,0
"2026-01-23","state_antitheft",233033,18253,32.564700950251535,0
"2026-01-23","state_data_monitoring",232734,18225,32.53655808751573,0
"2026-01-23","event_10505",232203,44136,7.966344174557431,0
"2026-01-23","event_21001",185619,41794,4.443409776415953,0
"2026-01-23","event_1000",113637,62073,1.846225081639616,0
"2026-01-23","event_21002",90047,38124,2.3656114540916855,0
"2026-01-23","event_10511",89246,2799,37.54564577198149,0
"2026-01-23","event_21000",80208,44960,1.7909168043585049,0
"2026-01-23","event_4800",67768,28327,2.392346524517245,0
"2026-01-23","event_1751",62121,35535,1.854247507611486,0
"2026-01-23","event_10510",55337,35306,2.4463748894783377,0
"2026-01-23","event_10100",54670,31866,1.7636621717530163,0
"2026-01-23","event_8011",44675,5413,12.833955759839126,0
"2026-01-23","event_9900",42334,20601,2.068200693731985,0
"2026-01-23","first_open",40804,40537,1.0065865752275698,0
"2026-01-23","event_21005",37094,9795,3.787034201123022,0
"2026-01-23","event_4803",34212,16827,2.03316099126404,0
"2026-01-23","event_10354",30300,19460,1.5688914202868534,0
"2026-01-23","event_1600",28429,19788,1.4373325243945598,0
"2026-01-23","USER_ID_STARTED",27375,4,27375,0
"2026-01-23","USER_ID_FINISHED",26709,2045,138.38860103626942,0
"2026-01-23","appsflyer_onConversionDataSuccess",25616,6108,5.400801180687329,0
"2026-01-23","event_31006",21404,4936,4.345107592367032,0
"2026-01-23","event_19005",20877,10346,2.017881306785231,0
"2026-01-23","event_10363",20010,6438,3.2857142857142856,0
"2026-01-23","event_21003",19471,12211,1.59454590123659,0
"2026-01-23","event_10200",18978,13653,1.3915530136383634,0
"2026-01-23","event_4802",17515,8617,2.0326099570616223,0
"2026-01-23","event_17000",16967,3494,4.862997993694468,0
"2026-01-23","event_2100",16279,12327,1.3209185329438493,0
"2026-01-23","event_30001",15960,14534,1.1132035990793052,0
"2026-01-23","event_33002",15097,14923,1.3886129506990434,0
"2026-01-23","event_2300",12606,10030,1.2568295114656032,0
"2026-01-23","event_6801",12328,10511,1.1901911565939371,0
"2026-01-23","event_6605",12023,8427,1.4270623145400594,0
"2026-01-23","event_10950",11741,6365,1.9477438619774385,0
"2026-01-23","event_10205",11203,8744,1.2812214089661482,0
"2026-01-23","event_10701",10848,5473,1.982093915585602,0
"2026-01-23","event_10207",10769,8702,1.2375316019305906,0
"2026-01-23","event_33000",10569,7227,1.4630398671096345,0
"2026-01-23","event_1752",9966,7890,1.2631178707224335,0
"2026-01-23","event_1750",9874,7944,1.2429506545820745,0
"2026-01-23","out__appbox__publisher__request",9759,498,21.215217391304346,0
"2026-01-23","out__appbox__publisher__load_fa",9451,484,21.002222222222223,0
"2026-01-23","event_32004",8679,2530,3.6344221105527637,0
"2026-01-23","event_1650",8180,7209,1.1350076314694046,0
"2026-01-23","RESET_USER_ID",7918,82,97.75308641975309,0
"2026-01-23","event_10250",7906,7853,1.0067490131160066,0
"2026-01-23","event_10703",7855,1730,4.540462427745664,0
"2026-01-23","event_14000",7826,5909,1.3255420054200542,0
"2026-01-23","event_28005",7654,1023,8.056842105263158,0
"2026-01-23","event_14005",7288,5310,1.3725047080979285,0
"2026-01-23","event_17019",7106,2789,2.555195972671701,0
"2026-01-23","ad_click",6758,3902,1.744,0
"2026-01-23","event_10210",6102,1665,3.6670673076923075,0
"2026-01-23","event_39250",6070,1807,3.359158826784726,0
"2026-01-23","event_17009",5751,2523,2.282142857142857,0
"2026-01-23","event_10101",5674,4495,1.2622914349276975,0
"2026-01-23","event_39151",5646,3084,1.8307392996108949,0
"2026-01-23","event_12000",5572,5563,1.0016178321049793,0
"2026-01-23","event_18102",5508,702,7.846153846153846,0
"2026-01-23","event_31009",5426,3335,1.627962796279628,0
"2026-01-23","event_10252",5183,5161,1.0042627397791126,0
"2026-01-23","event_1700",5157,3876,1.3308387096774195,0
"2026-01-23","event_29000",5080,4414,1.1545454545454545,0
"2026-01-23","event_20000",4903,3938,1.24790022906592,0
"2026-01-23","event_31000",4726,2832,1.6687853107344632,0
"2026-01-23","appsflyer_onConversionDataFail",4607,985,7.335987261146497,0
"2026-01-23","event_5502",4187,3257,1.2926829268292683,0
"2026-01-23","event_4806",4176,3097,1.3488372093023255,0
"2026-01-23","out__dialog__charge_booster_impression",3998,317,13.151315789473685,0
"2026-01-23","out__charge_monitor__notificati",3814,32,123.03225806451613,0
"2026-01-23","consent_granted",3795,3724,1.0346237731733916,0
"2026-01-23","event_17001",3704,854,4.337236533957846,0
"2026-01-23","event_5500",3595,2537,1.4334130781499204,0
"2026-01-23","event_1651",3543,3350,1.0576119402985074,0
"2026-01-23","event_10506",3506,3293,1.0724992352401346,0
"2026-01-23","event_10702",3449,2468,1.3974878444084278,0
"2026-01-23","event_19001",3444,2182,1.5783684692942255,0
"2026-01-23","event_1652",3388,3322,1.0198675496688743,0
"2026-01-23","event_29001",3329,1572,2.117684478371501,0
"2026-01-23","event_37000",3122,2729,1.144847818115145,0
"2026-01-23","event_30000",2908,1925,1.5122204888195527,0
"2026-01-23","event_2600",2633,2093,1.2580028666985188,0
"2026-01-23","event_8000",2576,2499,1.0446066504460665,0
"2026-01-23","app_exception",2553,766,6.631168831168831,0
"2026-01-23","state_system_admin_antitheft_permission",2512,368,9.2014652014652,0
"2026-01-23","home_notification_permission_on_open",2427,1671,1.4524236983842012,0
"2026-01-23","state_premium",2316,1401,3.1726027397260275,0
"2026-01-23","event_8001",2306,2265,1.0185512367491165,0
"2026-01-23","event_25000",2278,1296,1.757716049382716,0
"2026-01-23","app_remove",2149,2011,1.727491961414791,0
"2026-01-23","event_21008",2134,1374,1.5531295487627366,0
"2026-01-23","out__charge_monitor__impression",2126,211,10.270531400966183,0
"2026-01-23","event_5506",2008,1624,1.2503113325031132,0
"2026-01-23","event_26003",1963,1374,1.4286754002911208,0
"2026-01-23","event_18101",1918,1002,1.9141716566866267,0
"2026-01-23","event_26004",1878,1340,1.4014925373134328,0
"2026-01-23","event_31005",1866,694,2.6887608069164264,0
"2026-01-23","event_10000",1762,1517,1.1692103516921035,0
"2026-01-23","state_in__nps__impression",1730,1720,1.005813953488372,0
"2026-01-23","event_17005",1727,216,7.99537037037037,0
"2026-01-23","state_WHATSAPP_CLONING",1702,159,37.82222222222222,0
"2026-01-23","event_33001",1681,1396,1.2041547277936964,0
"2026-01-23","out__permissions__phone",1667,102,92.61111111111111,0
"2026-01-23","event_10251",1630,1627,1.0018438844499078,0
"2026-01-23","event_1701",1600,1331,1.2021036814425243,0
"2026-01-23","event_17007",1562,683,2.28696925329429,0
"2026-01-23","event_11002",1526,794,1.9219143576826196,0
"2026-01-23","event_1702",1473,1295,1.1374517374517374,0
"2026-01-23","event_39153",1443,837,1.7240143369175627,0
"2026-01-23","event_31002",1396,822,1.6982968369829683,0
"2026-01-23","event_4801",1387,1008,1.3773584905660377,0
"2026-01-23","event_39154",1316,740,1.7783783783783784,0
"2026-01-23","event_10850",1314,981,1.3394495412844036,0
"2026-01-23","event_4206",1289,974,1.3234086242299794,0
"2026-01-23","event_10512",1258,663,1.9176829268292683,0
"2026-01-23","event_39200",1231,621,1.9822866344605474,0
"2026-01-23","event_20001",1219,763,1.5976408912188729,0
"2026-01-23","event_36000",1200,1112,1.079136690647482,0
"2026-01-23","event_25001",1137,850,1.3376470588235294,0
"2026-01-23","event_39100",1119,951,1.1778947368421053,0
"2026-01-23","event_10800",1089,990,1.1,0
"2026-01-23","state_wifi_theft",1084,658,2.8753315649867375,0
"2026-01-23","event_39156",1076,457,2.3544857768052516,0
"2026-01-23","event_39000",1053,813,1.3016069221260815,0
"2026-01-23","event_5504",1024,822,1.2673267326732673,0
"2026-01-23","event_7002",1013,504,2.0139165009940356,0
"2026-01-23","out__charge_monitor__unlock",927,132,7.2421875,0
"2026-01-23","event_39002",875,502,1.7430278884462151,0
"2026-01-23","out__notification__impression",861,663,6.330882352941177,0
"2026-01-23","event_37001",851,814,1.0454545454545454,0
"2026-01-23","event_20004",837,415,2.016867469879518,0
"2026-01-23","state_anti_theft",836,446,4.1182266009852215,0
"2026-01-23","state_in__nps__close",832,831,1.0012033694344165,0
"2026-01-23","state_adv_protection",830,444,4.088669950738916,0
"2026-01-23","event_37002",820,805,1.0186335403726707,0
"2026-01-23","USER_ID_WAITING",806,1,806,0
"2026-01-23","event_10851",786,384,2.046875,0
"2026-01-23","event_4601",746,546,1.3738489871086557,0
"2026-01-23","event_2101",738,662,1.1148036253776434,0
"2026-01-23","out__permissions__CONTACTS",709,56,47.266666666666666,0
"2026-01-23","event_28004",701,331,2.117824773413897,0
"2026-01-23","out__charge_monitor__click",697,151,4.908450704225352,0
"2026-01-23","event_23000",687,311,2.2090032154340835,0
"2026-01-23","out__permissions__camera",680,88,37.77777777777778,0
"2026-01-23","event_39201",678,234,2.8974358974358974,0
"2026-01-23","out__permissions__doze",674,88,37.44444444444444,0
"2026-01-23","event_17010",670,627,1.0685805422647527,0
"2026-01-23","os_update",670,667,2.2711864406779663,0
"2026-01-23","event_39101",669,330,2.0272727272727273,0
"2026-01-23","event_2301",653,625,1.0448,0
"2026-01-23","event_39157",643,378,1.7010582010582012,0
"2026-01-23","home_notification_permission_on_click",635,514,1.235408560311284,0
"2026-01-23","event_20017",598,489,1.2229038854805725,0
"2026-01-23","event_39003",594,420,1.4142857142857144,0
"2026-01-23","event_35001",593,319,1.9832775919732442,0
"2026-01-23","event_34000",584,570,1.3871733966745843,0
"2026-01-23","event_17008",583,460,1.2729257641921397,0
"2026-01-23","state_language",571,484,2.3401639344262297,0
"2026-01-23","event_39152",560,457,1.225382932166302,0
"2026-01-23","event_18000",553,493,1.1217038539553752,0
"2026-01-23","event_39202",540,171,3.1578947368421053,0
"2026-01-23","event_20008",533,319,1.670846394984326,0
"2026-01-23","event_8006",527,440,1.3512820512820514,0
"2026-01-23","event_10001",525,364,1.4423076923076923,0
"2026-01-23","event_28002",518,384,1.3489583333333333,0
"2026-01-23","state_antivirus",508,447,2.3518518518518516,0
"2026-01-23","state_permission",499,442,2.3990384615384617,0
"2026-01-23","out__notifications__click",470,269,5.280898876404494,0
"2026-01-23","out__service__segmentation__req",467,441,4.207207207207207,0
"2026-01-23","state_achievements",467,417,2.4973262032085564,0
"2026-01-23","event_4200",466,333,1.3993993993993994,0
"2026-01-23","out__service__segmentation__res",463,439,4.171171171171171,0
"2026-01-23","event_20020",462,322,1.434782608695652,0
"2026-01-23","state_get_accounts",462,415,2.4838709677419355,0
"2026-01-23","state_add_new_numbers_to_contacts",460,415,2.4731182795698925,0
"2026-01-23","state_notification_bar",458,414,2.4623655913978495,0
"2026-01-23","open_wifi_alert_settings__screen_viewed",457,219,2.08675799086758,0
"2026-01-23","event_14001",450,314,1.4331210191082802,0
"2026-01-23","state_auto_flow",445,413,2.39247311827957,0
"2026-01-23","state_in__nps__click",445,445,1,0
"2026-01-23","event_33004",439,320,1.371875,0
"2026-01-23","event_5509",426,405,1.0730478589420656,0
"2026-01-23","event_3400",422,328,1.2865853658536586,0
"2026-01-23","out__permissions__CAMERA",420,35,84,0
"2026-01-23","out__permissions__DOZE",418,35,83.6,0
"2026-01-23","event_10600",396,244,1.6363636363636365,0
"2026-01-23","event_33003",394,371,1.0619946091644206,0
"2026-01-23","event_39155",387,183,2.1147540983606556,0
"2026-01-23","event_12001",384,367,1.0463215258855585,0
"2026-01-23","event_18003",383,334,1.1467065868263473,0
"2026-01-23","event_18001",371,340,1.0911764705882352,0
"2026-01-23","event_10513",356,227,1.5682819383259912,0
"2026-01-23","event_30002",353,349,1.011461318051576,0
"2026-01-23","event_18104",349,252,1.3849206349206349,0
"2026-01-23","event_20003",347,228,1.5219298245614035,0
"2026-01-23","event_20014",341,282,1.2092198581560283,0
"2026-01-23","event_19002",335,256,1.30859375,0
"2026-01-23","event_39001",333,239,1.393305439330544,0
"2026-01-23","event_18005",331,263,1.258555133079848,0
"2026-01-23","event_39203",316,313,1.0128205128205128,0
"2026-01-23","event_20016",309,256,1.20703125,0
"2026-01-23","event_9808",309,204,1.5147058823529411,0
"2026-01-23","event_4418",292,112,2.607142857142857,0
"2026-01-23","app_update",276,275,4.3125,0
"2026-01-23","event_17011",268,261,1.0268199233716475,0
"2026-01-23","event_10364",261,174,1.5086705202312138,0
"2026-01-23","pix_analyzer_onboarding_start",259,212,1.221698113207547,0
"2026-01-23","event_18107",256,133,1.9248120300751879,0
"2026-01-23","ad_reward",242,201,1.2039800995024876,0
"2026-01-23","event_17016",236,162,1.4567901234567902,0
"2026-01-23","event_10003",234,78,3,0
"2026-01-23","event_20007",234,77,3.038961038961039,0
"2026-01-23","event_18002",231,210,1.1,0
"2026-01-23","event_20018",229,202,1.1336633663366336,0
"2026-01-23","event_4401",224,132,1.696969696969697,0
"2026-01-23","event_36004",223,221,1.009049773755656,0
"2026-01-23","event_19000",217,130,1.6692307692307693,0
"2026-01-23","event_10602",216,180,1.2067039106145252,0
"2026-01-23","out__vault__conversion",216,14,30.857142857142858,0
"2026-01-23","out__notification__dismiss",212,152,6.235294117647059,0
"2026-01-23","event_4808",211,199,1.0603015075376885,0
"2026-01-23","event_5508",209,175,1.2151162790697674,0
"2026-01-23","antitheft_deprecation__on_show",204,155,1.3161290322580645,0
"2026-01-23","event_26001",201,74,2.7162162162162162,0
"2026-01-23","event_10362",193,65,3.015625,0
"2026-01-23","notification_dismiss",190,190,4.130434782608695,0
"2026-01-23","event_4602",186,70,2.657142857142857,0
"2026-01-23","event_32000",183,83,2.2048192771084336,0
"2026-01-23","notification_receive",178,178,7.12,0
"2026-01-23","open_wifi_alert__click_on_upgrade",174,116,1.5,0
"2026-01-23","open_wifi_alert_paywall__screen_viewed",174,116,1.5,0
"2026-01-23","out__dialog__residual_cleanup__",173,43,4.675675675675675,0
"2026-01-23","event_10002",168,83,2.0240963855421685,0
"2026-01-23","event_17018",155,115,1.3478260869565217,0
"2026-01-23","event_4408",155,61,2.540983606557377,0
"2026-01-23","event_10603",153,88,1.7586206896551724,0
"2026-01-23","event_19006",152,128,1.1875,0
"2026-01-23","pix_analyzer_onboarding_activate_click",152,144,1.0555555555555556,0
"2026-01-23","event_4400",150,117,1.2820512820512822,0
"2026-01-23","event_8007",150,114,1.3157894736842106,0
"2026-01-23","out__appbox__placement__impress",149,29,5.137931034482759,0
"2026-01-23","pix_analyzer_monitoring_enable",145,132,1.0984848484848484,0
"2026-01-23","event_4605",142,42,3.380952380952381,0
"2026-01-23","event_3401",134,51,2.627450980392157,0
"2026-01-23","event_3403",128,105,1.2190476190476192,0
"2026-01-23","event_26005",126,110,1.1454545454545455,0
"2026-01-23","event_4419",121,77,1.5714285714285714,0
"2026-01-23","event_4211",113,77,1.4675324675324675,0
"2026-01-23","event_32002",110,73,1.5068493150684932,0
"2026-01-23","event_6604",110,100,1.1,0
"2026-01-23","event_18004",108,103,1.0485436893203883,0
"2026-01-23","event_2500",107,82,1.3048780487804879,0
"2026-01-23","USER_ID_JOB_RUNNING",103,1,103,0
"2026-01-23","event_2050",102,83,1.2592592592592593,0
"2026-01-23","event_18105",96,84,1.1428571428571428,0
"2026-01-23","event_40000",96,74,1.5238095238095237,0
"2026-01-23","event_4420",96,76,1.263157894736842,0
"2026-01-23","event_12002",92,92,1,0
"2026-01-23","event_20005",91,35,2.6,0
"2026-01-23","event_23002",89,72,1.2361111111111112,0
"2026-01-23","event_2700",89,58,1.5614035087719298,0
"2026-01-23","in__quick_cleanup__click",87,44,2.0232558139534884,0
"2026-01-23","in__scan__start",84,25,3.5,0
"2026-01-23","out__toolbar__click",82,39,2.2777777777777777,0
"2026-01-23","event_17017",79,67,1.1791044776119404,0
"2026-01-23","event_20015",78,58,1.3448275862068966,0
"2026-01-23","app_clear_data",77,60,1.925,0
"2026-01-23","event_26000",77,45,1.711111111111111,0
"2026-01-23","event_2720",75,49,1.5625,0
"2026-01-23","event_10952",74,73,1.0136986301369864,0
"2026-01-23","event_23001",71,56,1.2678571428571428,0
"2026-01-23","event_4212",69,57,1.2105263157894737,0
"2026-01-23","in__memory_boost__conversion",68,32,2.125,0
"2026-01-23","event_20019",67,55,1.2181818181818183,0
"2026-01-23","event_28001",67,50,1.34,0
"2026-01-23","event_40001",67,53,1.5952380952380953,0
"2026-01-23","in__memory_boost__click",61,34,1.7941176470588236,0
"2026-01-23","out__notification__click",61,47,1.525,0
"2026-01-23","event_4413",57,43,1.3255813953488371,0
"2026-01-23","in__storage_cleanup__conversion",57,25,2.28,0
"2026-01-23","event_2701",56,32,1.75,0
"2026-01-23","event_10601",55,47,1.1702127659574468,0
"2026-01-23","event_2722",54,32,1.6875,0
"2026-01-23","in__storage_cleanup__click",54,27,2,0
"2026-01-23","in__cpu_cooler__click",52,28,1.8571428571428572,0
"2026-01-23","event_4402",51,38,1.3421052631578947,0
"2026-01-23","event_28000",48,34,1.411764705882353,0
"2026-01-23","event_10804",45,42,1.0714285714285714,0
"2026-01-23","event_10805",44,42,1.0476190476190477,0
"2026-01-23","app_open",43,15,2.8666666666666667,0
"2026-01-23","event_4412",42,34,1.2352941176470589,0
"2026-01-23","event_19009",39,25,1.56,0
"2026-01-23","event_10507",38,26,1.4615384615384615,0
"2026-01-23","event_38000",37,35,1.088235294117647,0
"2026-01-23","event_10508",36,16,2.25,0
"2026-01-23","in__internet_booster__click",35,18,2.0588235294117645,0
"2026-01-23","event_36005",34,34,1,0
"2026-01-23","event_4403",34,28,1.2142857142857142,0
"2026-01-23","event_4411",34,26,1.3076923076923077,0
"2026-01-23","in__internet_booster__conversion",34,18,1.8888888888888888,0
"2026-01-23","out__ads__container_impression",34,5,8.5,0
"2026-01-23","in__dialog__back_button__impres",33,17,1.9411764705882353,0
"2026-01-23","event_4203",31,13,2.3846153846153846,0
"2026-01-23","event_10514",29,22,1.3181818181818181,0
"2026-01-23","event_20012",29,8,3.625,0
"2026-01-23","event_31001",29,22,1.3181818181818181,0
"2026-01-23","event_3402",29,21,1.380952380952381,0
"2026-01-23","event_38003",28,25,1.12,0
"2026-01-23","event_19007",27,12,2.25,0
"2026-01-23","event_5501",27,23,1.2857142857142858,0
"2026-01-23","event_10208",26,11,2.3636363636363638,0
"2026-01-23","event_10509",26,24,1.0833333333333333,0
"2026-01-23","out__permissions__LOCATION",26,2,0,0
"2026-01-23","app_store_subscription_renew",24,24,8,149124103
"2026-01-23","event_10102",24,23,1.0434782608695652,0
"2026-01-23","event_18106",24,20,1.2,0
"2026-01-23","event_2721",24,7,3.4285714285714284,0
"2026-01-23","event_34001",24,24,1.0434782608695652,0
"2026-01-23","event_14003",23,20,1.15,0
"2026-01-23","pix_analyzer_alert_open",23,11,2.090909090909091,0
"2026-01-23","event_39004",22,16,1.375,0
"2026-01-23","out__dfndr_assistant__impression",22,18,2,0
"2026-01-23","ad_card__on_remove_ads_switch_click",21,20,1.05,0
"2026-01-23","in__quick_av_scan__click",21,14,1.5,0
"2026-01-23","pix_analyzer_click_on_subscribe",21,21,1,0
"2026-01-23","event_23003",20,17,1.1764705882352942,0
"2026-01-23","event_4410",20,19,1.0526315789473684,0
"2026-01-23","out__ads__not_loaded",20,2,20,0
"2026-01-23","event_2650",19,17,1.1176470588235294,0
"2026-01-23","in_app_purchase",19,19,1,23407800
"2026-01-23","event_36003",18,18,1,0
"2026-01-23","event_38004",18,16,1.125,0
"2026-01-23","in__quick_av_scan__cancel",18,12,1.5,0
"2026-01-23","out__uninstall_dialog__impressi",18,11,1.6363636363636365,0
"2026-01-23","in__full_av_scan__click",17,10,1.7,0
"2026-01-23","in__quick_av_scan__scan",17,12,1.4166666666666667,0
"2026-01-23","ob__splash__show",17,16,1.1333333333333333,0
"2026-01-23","out__dialog__install_monitor__impression",17,7,2.4285714285714284,0
"2026-01-23","event_35007",16,3,5.333333333333333,0
"2026-01-23","in__ads__not_loaded",16,2,8,0
"2026-01-23","in__full_av_scan__cancel",16,9,1.7777777777777777,0
"2026-01-23","in__full_av_scan__conversion",14,9,1.5555555555555556,0
"2026-01-23","in__quick_av_scan__conversion",14,9,1.5555555555555556,0
"2026-01-23","in__security_advisor__configura",14,4,3.5,0
"2026-01-23","out__permissions__contacts",14,2,0,0
"2026-01-23","USER_ID_ALREADY_SET",13,13,1.0833333333333333,0
"2026-01-23","event_14002",13,3,4.333333333333333,0
"2026-01-23","event_40002",13,12,1.0833333333333333,0
"2026-01-23","event_4204",13,11,1.1818181818181819,0
"2026-01-23","event_4215",13,3,4.333333333333333,0
"2026-01-23","event_4805",13,9,1.4444444444444444,0
"2026-01-23","in__wifi_check__click",13,10,1.4444444444444444,0
"2026-01-23","out__card__storage_cleanup__imp",13,1,13,0
"2026-01-23","event_26002",12,7,1.7142857142857142,0
"2026-01-23","event_4202",12,11,1.0909090909090908,0
"2026-01-23","out__notifications__impression",12,9,1.5,0
"2026-01-23","event_10209",11,5,2.2,0
"2026-01-23","event_2724",11,6,2.2,0
"2026-01-23","event_4404",11,7,1.5714285714285714,0
"2026-01-23","out__dfndr_assistant__click",11,7,2.75,0
"2026-01-23","event_23005",10,8,1.25,0
"2026-01-23","in__dialog__anti_theft_enter__i",10,10,1,0
"2026-01-23","in__security_advisor__click",10,3,3.3333333333333335,0
"2026-01-23","in__wifi_check__conversion",10,10,1.1111111111111112,0
"2026-01-23","event_4201",9,9,1,0
"2026-01-23","event_4417",9,3,3,0
"2026-01-23","event_5505",9,8,1.5,0
"2026-01-23","in__dialog__charge_monitor_ente",9,6,1.5,0
"2026-01-23","in__onboarding__click",9,8,1.125,0
"2026-01-23","event_35000",8,7,1.1428571428571428,0
"2026-01-23","in__onboarding__conversion",8,8,1,0
"2026-01-23","out__ads__impression",8,4,2.6666666666666665,0
"2026-01-23","event_3800",7,5,1.4,0
"2026-01-23","in__home__open",7,5,1.4,0
"2026-01-23","out__dialog__call_blocker__impr",7,6,1.75,0
"2026-01-23","ad_impression_custom",6,3,2,0
"2026-01-23","event_28003",6,4,1.5,0
"2026-01-23","event_35002",6,5,1.2,0
"2026-01-23","event_35006",6,5,1.2,0
"2026-01-23","event_35008",6,2,3,0
"2026-01-23","in__bottom_timer__open",6,2,3,0
"2026-01-23","in__card__advanced_protection__",6,1,6,0
"2026-01-23","in__dialog__location_permission",6,3,2,0
"2026-01-23","in__dialog__notification_widget",6,6,1,0
"2026-01-23","in__memory_optimization__click",6,5,1.2,0
"2026-01-23","in__memory_optimization__conver",6,4,1.5,0
"2026-01-23","ob__terms__click",6,6,1,0
"2026-01-23","blocked_newinstall",5,5,1.25,0
"2026-01-23","event_10604",5,3,1.6666666666666667,0
"2026-01-23","event_4416",5,2,2.5,0
"2026-01-23","in__app_manager__click",5,4,1.25,0
"2026-01-23","in__duplicated_photos__scan",5,5,1,0
"2026-01-23","in__ob__terms__show_with_fireba",5,5,1.25,0
"2026-01-23","in__vault__click",5,5,1,0
"2026-01-23","in__vault__setup__step_1",5,4,1.25,0
"2026-01-23","in__vault__setup__step_4",5,5,1,0
"2026-01-23","new_install",5,5,1.25,0
"2026-01-23","out__flashlight__click",5,4,1.25,0
"2026-01-23","out__permissions__usage_access",5,4,1.25,0
"2026-01-23","valid_install",5,5,1.25,0
"2026-01-23","app_store_subscription_convert",4,4,1.3333333333333333,63581726
"2026-01-23","event_10606",4,2,2,0
"2026-01-23","event_10607",4,2,2,0
"2026-01-23","event_31003",4,3,1.3333333333333333,0
"2026-01-23","in__card__charge_monitor__impre",4,1,4,0
"2026-01-23","in__card__memory_boost__scan",4,2,2,0
"2026-01-23","in__dialog__back_button__click",4,3,1.3333333333333333,0
"2026-01-23","in__dialog__contacts_permission",4,1,4,0
"2026-01-23","in__dialog__storage_permission_",4,2,2,0
"2026-01-23","in__duplicated_photos__click",4,4,1,0
"2026-01-23","in__landing_page__onboarding_pe",4,2,2,0
"2026-01-23","in__landing_page__quick_av_scan",4,1,4,0
"2026-01-23","in__settings__advanced_protecti",4,4,1,0
"2026-01-23","in__settings__charge_monitor__d",4,3,1.3333333333333333,0
"2026-01-23","in__vault__configuration__cancel",4,4,1,0
"2026-01-23","ob__scan__show",4,4,1,0
"2026-01-23","subscription__show",4,4,1,0
"2026-01-23","consent_rejected",3,2,1.5,0
"2026-01-23","event_10360",3,3,3,0
"2026-01-23","event_2725",3,2,1.5,0
"2026-01-23","event_4414",3,3,1,0
"2026-01-23","event_4607",3,3,1,0
"2026-01-23","in__card__memory_boost__impress",3,1,3,0
"2026-01-23","in__card__powerpro__impression",3,1,3,0
"2026-01-23","in__card__quick_cleanup__impres",3,1,3,0
"2026-01-23","in__card__vault_add_app__impres",3,1,3,0
"2026-01-23","in__dailyphone__scan__open",3,3,1,0
"2026-01-23","in__dialog__dfndr__impression",3,1,3,0
"2026-01-23","in__dialog__phone_permission__c",3,3,1,0
"2026-01-23","in__dialog__phone_permission__i",3,3,1,0
"2026-01-23","in__game_booster__click",3,2,1.5,0
"2026-01-23","in__home__cards_click",3,1,3,0
"2026-01-23","in__home__upside_click",3,3,1,0
"2026-01-23","in__landing_page__anti_theft_pe",3,1,3,0
"2026-01-23","in__landing_page__weekly_report",3,3,1,0
"2026-01-23","in__quick_cleanup__conversion",3,3,1,0
"2026-01-23","in__settings__antiphishing",3,3,1,0
"2026-01-23","in__settings__charge_monitor__a",3,3,1,0
"2026-01-23","in__settings__scheduler",3,3,1,0
"2026-01-23","in__whatsapp_cleaner__scan",3,3,1,0
"2026-01-23","in__wifi_check__cancel",3,2,1.5,0
"2026-01-23","notification_open",3,3,1,0
"2026-01-23","ob__p_storage__allow",3,3,1,0
"2026-01-23","ob__scan__issues__show",3,3,1,0
"2026-01-23","out__card__advanced_protection_",3,1,3,0
"2026-01-23","out__permissions__accessibility",3,3,1,0
"2026-01-23","app_store_subscription_cancel",2,2,1,0
"2026-01-23","event_2704",2,2,1,0
"2026-01-23","in__anti_theft__click",2,2,1,0
"2026-01-23","in__anti_theft__setup__step_1",2,2,1,0
"2026-01-23","in__app_manager__conversion__ap",2,2,1,0
"2026-01-23","in__battery_manager__click",2,2,1,0
"2026-01-23","in__card__cpu_cooler__impression",2,1,2,0
"2026-01-23","in__card__internet_booster__imp",2,1,2,0
"2026-01-23","in__card__like__impression",2,1,2,0
"2026-01-23","in__card__quick_cleanup__click",2,1,2,0
"2026-01-23","in__cpu_cooler__cancel",2,2,1,0
"2026-01-23","in__cpu_cooler__conversion",2,1,2,0
"2026-01-23","in__dialog__accessibility__click",2,2,1,0
"2026-01-23","in__dialog__accessibility__impr",2,2,1,0
"2026-01-23","in__dialog__ah_antihacking_not_",2,1,2,0
"2026-01-23","in__dialog__antiphishing_enter_",2,1,2,0
"2026-01-23","in__dialog__vault_enter__impres",2,2,1,0
"2026-01-23","in__home__grid__button_click",2,2,1,0
"2026-01-23","in__landing_page__paid_version_",2,1,2,0
"2026-01-23","in__quick_cleanup__cancel",2,2,1,0
"2026-01-23","in__scheduler__click",2,1,2,0
"2026-01-23","in__settings__assistant",2,2,1,0
"2026-01-23","in__storage_cleanup__cancel",2,1,2,0
"2026-01-23","in__whatsapp_photo_cleaner__con",2,1,2,0
"2026-01-23","notification_foreground",2,2,0,0
"2026-01-23","ob__antiphishing__cta__click",2,2,1,0
"2026-01-23","ob__antiphishing__show",2,2,1,0
"2026-01-23","ob__p_location__allow",2,2,1,0
"2026-01-23","ob__scan__issues__cta__click",2,2,1,0
"2026-01-23","ob__scan__result__show",2,2,1,0
"2026-01-23","out__card__charge_monitor_notif",2,2,1,0
"2026-01-23","out__card__storage_cleanup__cli",2,1,2,0
"2026-01-23","out__dialog__uninstall_monitor_",2,1,2,0
"2026-01-23","out__uninstall_dialog__click",2,2,1,0
"2026-01-23","event_19003",1,1,1,0
"2026-01-23","event_19012",1,1,1,0
"2026-01-23","event_2900",1,1,1,0
"2026-01-23","event_2903",1,1,1,0
"2026-01-23","event_2905",1,1,1,0
"2026-01-23","event_32001",1,1,1,0
"2026-01-23","event_3600",1,1,1,0
"2026-01-23","event_38001",1,1,1,0
"2026-01-23","event_3801",1,1,1,0
"2026-01-23","event_3804",1,1,1,0
"2026-01-23","event_39103",1,1,1,0
"2026-01-23","event_4217",1,1,1,0
"2026-01-23","event_5507",1,1,1,0
"2026-01-23","event_9807",1,1,1,0
"2026-01-23","event_9809",1,1,1,0
"2026-01-23","in__battery_manager__install",1,1,1,0
"2026-01-23","in__billboard__antiphishing__im",1,1,1,0
"2026-01-23","in__card__internet_booster__cli",1,1,1,0
"2026-01-23","in__daily_phone__start_scan",1,1,1,0
"2026-01-23","in__dialog__assistant_enter__cl",1,1,1,0
"2026-01-23","in__dialog__assistant_enter__im",1,1,1,0
"2026-01-23","in__dialog__battery_saver_launc",1,1,1,0
"2026-01-23","in__dialog__corona_virus_2020_p",1,1,1,0
"2026-01-23","in__dialog__feedback_we_are_tog",1,1,1,0
"2026-01-23","in__dialog__pro_security_trial_",1,1,1,0
"2026-01-23","in__dialog__total_charge_br_any",1,1,1,0
"2026-01-23","in__duplicated_photos__cancel",1,1,1,0
"2026-01-23","in__duplicatevideos_scan",1,1,1,0
"2026-01-23","in__game_booster__configuration",1,1,1,0
"2026-01-23","in__internet_booster__cancel",1,1,1,0
"2026-01-23","in__landing_page__full_av_scan_",1,1,1,0
"2026-01-23","in__landing_page__power_pro__cl",1,1,1,0
"2026-01-23","in__landing_page__power_pro__im",1,1,1,0
"2026-01-23","in__memory_boost__cancel",1,1,1,0
"2026-01-23","in__memory_optimization__cancel",1,1,1,0
"2026-01-23","in__onboarding__skip",1,1,1,0
"2026-01-23","in__settings__charge_monitor__w",1,1,1,0
"2026-01-23","in__settings__update_monitor",1,1,1,0
"2026-01-23","in__trial_screen__open",1,1,1,0
"2026-01-23","in__vault__configuration__add_a",1,1,1,0
"2026-01-23","in__vault__setup__step_5",1,1,1,0
"2026-01-23","in__whatsapp_cleaner__click",1,1,1,0
"2026-01-23","in__whatsapp_photo_cleaner__cli",1,1,1,0
"2026-01-23","ob__p_location__deny",1,1,1,0
"2026-01-23","out__dialog__install_monitor_in",1,1,1,0
"2026-01-23","out__float_window__click",1,1,1,0
"2026-01-23","trial__skip",1,1,1,0
"2026-01-24","state_hidden_gallery",8974600,549348,53.127719402101526,0
"2026-01-24","state_notification",8971361,549197,53.11043162699282,0
"2026-01-24","state_widget",8967154,548561,53.11634216122402,0
"2026-01-24","state_security_alert",8965977,548853,53.07887258906688,0
"2026-01-24","state_ads_free_subscription",8964400,548853,53.06953669827964,0
"2026-01-24","state_update_monitor",8961215,548343,53.08116288850321,0
"2026-01-24","state_are_notification_allowed",8959501,548343,53.071010123148184,0
"2026-01-24","state_upgrade_premium",8939363,548149,52.961762911090176,0
"2026-01-24","state_auto_optimization_security",8937920,548031,52.953213775779226,0
"2026-01-24","state_auto_optimization_performance",8936713,547888,52.94606283584831,0
"2026-01-24","state_medals",8935260,547747,52.93745445497041,0
"2026-01-24","state_in_app_update",8877710,548776,52.30982712092108,0
"2026-01-24","state_mediation_network",8872475,547541,52.58635506928557,0
"2026-01-24","state_android_go",8871168,547493,52.57860859876009,0
"2026-01-24","state_restricted_app_standby_bucket",8869842,547402,52.57074951695689,0
"2026-01-24","state_anti_phishing",8868513,547073,52.562872654425625,0
"2026-01-24","state_daily_phone_checkup",8866472,547257,52.5208923219088,0
"2026-01-24","state_install_monitor",8864791,546895,52.5408126978106,0
"2026-01-24","state_gallery_assistant",8864288,546984,52.50795531282209,0
"2026-01-24","state_assistant",8858681,546259,52.52514585902666,0
"2026-01-24","state_notification_manager",8858149,546387,52.50300206855267,0
"2026-01-24","state_safe_app_installer",8857094,546352,52.502350339954596,0
"2026-01-24","state_total_charge",8857052,546726,52.47037636032962,0
"2026-01-24","state_whatsapp_cloning",8855552,546714,52.46304414796559,0
"2026-01-24","state_vault",8851833,546665,52.41647964470762,0
"2026-01-24","state_permission_system_admin",8849790,546268,52.459054291963795,0
"2026-01-24","state_permission_accessibility",8848843,546174,52.45903806593511,0
"2026-01-24","state_permission_camera",8847898,546138,52.45343577522068,0
"2026-01-24","state_permission_access_coarse_location",8847045,546138,52.44837889270279,0
"2026-01-24","state_permission_access_fine_location",8846210,546096,52.44342872048423,0
"2026-01-24","state_permission_draw_over_apps",8845382,546096,52.4385200467154,0
"2026-01-24","state_permission_get_accounts",8844542,545919,52.43354023274702,0
"2026-01-24","state_permission_gps",8843699,545919,52.42854263372875,0
"2026-01-24","state_permission_miui_background_popup",8842428,545729,52.4210077009266,0
"2026-01-24","state_permission_miui_change_wifi_state",8841602,545657,52.4161108838577,0
"2026-01-24","state_permission_notification_access",8840860,545618,52.41326566909341,0
"2026-01-24","state_permission_storage",8839299,545522,52.404011240484714,0
"2026-01-24","state_permission_read_phone_state",8838533,545522,52.39946998980294,0
"2026-01-24","state_permission_usage_access",8837799,545475,52.39511845194337,0
"2026-01-24","state_permission_wifi",8836847,545199,52.38947449548246,0
"2026-01-24","state_permission_miui_autostart",8826477,543688,52.623753934942286,0
"2026-01-24","state_permission_post_notification",8737663,535748,53.372159646207976,0
"2026-01-24","event_17015",6490297,63104,154.03576599026937,0
"2026-01-24","event_10350",5544051,504765,32.20102805366788,0
"2026-01-24","event_10351",2936887,202317,18.858233537740393,0
"2026-01-24","screen_view",2875036,174333,17.064351087950048,0
"2026-01-24","event_10358",2738762,150551,20.3798163499174,0
"2026-01-24","user_engagement",2688457,169865,15.833359835568356,0
"2026-01-24","ad_impression",2613022,105574,25.914096435726044,2155928418
"2026-01-24","event_10353",1753845,105312,17.42103224268431,0
"2026-01-24","event_7000",1605898,51844,32.38742336237496,0
"2026-01-24","event_6800",1238583,444261,7.5738098877916045,0
"2026-01-24","event_6600",968942,48569,19.965424161875916,0
"2026-01-24","user_profile",937411,541627,5.579329226557153,0
"2026-01-24","event_10700",864362,48289,17.920552318951756,0
"2026-01-24","session_start",640964,180186,3.7761295149669203,0
"2026-01-24","state_wifi_theft_auto_scan_state",377792,27451,41.893102683521846,0
"2026-01-24","event_8010",373745,375807,3.0095340091958094,0
"2026-01-24","event_10352",361317,63047,8.092024814673804,0
"2026-01-24","event_7001",293945,29147,10.548896465099586,0
"2026-01-24","zendesk_messaging_init_error",256014,100504,14.703308063404549,0
"2026-01-24","state_charge_booster",228991,18032,33.21116751269035,0
"2026-01-24","state_antitheft",228658,17631,34.199521387974876,0
"2026-01-24","state_data_monitoring",228385,17612,34.17402364207691,0
"2026-01-24","event_10505",192369,39780,7.347376059888473,0
"2026-01-24","event_21001",177186,40613,4.367306696901728,0
"2026-01-24","event_1000",108512,60727,1.806034984937503,0
"2026-01-24","event_21002",86125,36954,2.3366704650279453,0
"2026-01-24","event_10511",82445,2808,34.52470686767169,0
"2026-01-24","event_21000",76468,43775,1.7544970631424377,0
"2026-01-24","event_1751",65336,37765,1.8460147486791174,0
"2026-01-24","event_4800",64897,27574,2.3537284201363704,0
"2026-01-24","event_10100",53571,31152,1.7677864308342133,0
"2026-01-24","event_10510",48178,31223,2.4162696223481617,0
"2026-01-24","event_8011",46166,5700,13.502778590231062,0
"2026-01-24","event_9900",40444,20256,2.0128402926392277,0
"2026-01-24","first_open",40108,39709,1.0100480999269688,0
"2026-01-24","event_21005",34734,9320,3.726824034334764,0
"2026-01-24","appsflyer_onConversionDataSuccess",34000,6341,6.645817044566067,0
"2026-01-24","event_4803",32331,16189,1.9970967941194637,0
"2026-01-24","USER_ID_STARTED",30214,3,30214,0
"2026-01-24","USER_ID_FINISHED",29579,1989,153.25906735751295,0
"2026-01-24","event_10354",29317,18978,1.5537947848208606,0
"2026-01-24","event_1600",27679,19454,1.4230848329048844,0
"2026-01-24","event_31006",20463,4774,4.293537557700378,0
"2026-01-24","event_10363",19091,6107,3.3098127600554785,0
"2026-01-24","event_19005",19082,9674,1.9725036179450073,0
"2026-01-24","event_21003",18543,11693,1.586091865537593,0
"2026-01-24","event_10200",17602,12700,1.3863117271796488,0
"2026-01-24","event_4802",16857,8320,2.026081730769231,0
"2026-01-24","event_30001",16341,14850,1.1140578129260976,0
"2026-01-24","event_17000",15802,3436,4.602971162248762,0
"2026-01-24","event_2100",15349,11735,1.307967618236046,0
"2026-01-24","event_33002",14495,14334,1.3946887328009236,0
"2026-01-24","event_32004",12581,2486,5.308438818565401,0
"2026-01-24","event_2300",11981,9667,1.239371056170477,0
"2026-01-24","event_6801",11845,10238,1.1781380545056694,0
"2026-01-24","event_6605",11643,8186,1.4226539589442815,0
"2026-01-24","event_33000",11402,7649,1.4906523728591974,0
"2026-01-24","event_10205",10452,8282,1.2620140062786767,0
"2026-01-24","event_10701",10352,5280,1.9606060606060607,0
"2026-01-24","event_10207",9992,8232,1.2137998056365404,0
"2026-01-24","event_1752",9875,7848,1.2582823649337411,0
"2026-01-24","event_10950",9874,5282,1.9626316835619162,0
"2026-01-24","event_1750",9799,7882,1.243212382643999,0
"2026-01-24","event_14000",8414,6507,1.2942624211659746,0
"2026-01-24","event_14005",7827,5846,1.3388641806363326,0
"2026-01-24","RESET_USER_ID",7820,82,95.36585365853658,0
"2026-01-24","event_1650",7791,6886,1.1322482197355035,0
"2026-01-24","event_10250",7587,7544,1.0058332228556277,0
"2026-01-24","event_28005",7053,1001,7.7505494505494505,0
"2026-01-24","event_10703",7006,1669,4.197723187537448,0
"2026-01-24","event_17019",6608,2759,2.4011627906976742,0
"2026-01-24","out__appbox__publisher__request",6445,467,15.236406619385344,0
"2026-01-24","ad_click",6363,3555,1.801528878822197,0
"2026-01-24","out__appbox__publisher__load_fa",6216,458,14.978313253012049,0
"2026-01-24","event_39250",5838,1708,3.4200351493848857,0
"2026-01-24","event_18102",5615,714,7.864145658263305,0
"2026-01-24","event_10210",5589,1574,3.5508259212198223,0
"2026-01-24","event_12000",5581,5571,1.0017950098725543,0
"2026-01-24","event_10101",5463,4282,1.2758056982718355,0
"2026-01-24","event_39151",5327,2878,1.850938151494093,0
"2026-01-24","event_17009",5274,2462,2.144774298495323,0
"2026-01-24","event_31009",5236,3259,1.6086021505376344,0
"2026-01-24","event_10252",5137,5117,1.00390854016025,0
"2026-01-24","event_1700",4965,3739,1.3310991957104559,0
"2026-01-24","event_29000",4904,4212,1.1670633031889577,0
"2026-01-24","out__charge_monitor__notificati",4745,29,182.5,0
"2026-01-24","event_20000",4684,3890,1.2075277133281774,0
"2026-01-24","event_31000",4594,2766,1.660882140274765,0
"2026-01-24","event_4806",4166,3033,1.3735575337949226,0
"2026-01-24","appsflyer_onConversionDataFail",4127,853,8.422448979591836,0
"2026-01-24","event_5502",3999,3134,1.282552918537524,0
"2026-01-24","consent_granted",3535,3485,1.0285132382892057,0
"2026-01-24","event_5500",3454,2452,1.4243298969072165,0
"2026-01-24","event_29001",3363,1569,2.1447704081632653,0
"2026-01-24","event_1651",3304,3107,1.0634052140328292,0
"2026-01-24","event_17001",3261,795,4.10188679245283,0
"2026-01-24","event_19001",3236,2170,1.4912442396313363,0
"2026-01-24","event_10702",3234,2362,1.3691786621507198,0
"2026-01-24","event_1652",3161,3077,1.0272993175170622,0
"2026-01-24","app_exception",3114,716,8.439024390243903,0
"2026-01-24","home_notification_permission_on_open",3046,2116,1.4395085066162572,0
"2026-01-24","event_10506",2995,2805,1.0773381294964028,0
"2026-01-24","event_37000",2905,2601,1.1173076923076923,0
"2026-01-24","event_30000",2787,1862,1.4983870967741935,0
"2026-01-24","event_2600",2618,2076,1.2610789980732178,0
"2026-01-24","out__dialog__charge_booster_impression",2597,292,9.763157894736842,0
"2026-01-24","event_8000",2580,2519,1.0449574726609963,0
"2026-01-24","state_system_admin_antitheft_permission",2520,358,9.72972972972973,0
"2026-01-24","event_8001",2249,2219,1.0139765554553652,0
"2026-01-24","event_21008",2170,1463,1.4832535885167464,0
"2026-01-24","state_premium",2160,1371,3.033707865168539,0
"2026-01-24","event_18101",2115,1096,1.9297445255474452,0
"2026-01-24","app_remove",2107,1986,1.6320681642137878,0
"2026-01-24","event_25000",2095,1218,1.7200328407224958,0
"2026-01-24","out__permissions__phone",2046,104,120.3529411764706,0
"2026-01-24","event_5506",2000,1598,1.2650221378874131,0
"2026-01-24","event_31005",1876,689,2.7227866473149493,0
"2026-01-24","event_33001",1840,1538,1.1963589076723018,0
"2026-01-24","event_26003",1828,1295,1.4115830115830117,0
"2026-01-24","event_26004",1757,1265,1.3889328063241106,0
"2026-01-24","state_WHATSAPP_CLONING",1658,148,37.68181818181818,0
"2026-01-24","event_10000",1630,1433,1.150317572335921,0
"2026-01-24","event_11002",1583,784,2.021711366538953,0
"2026-01-24","state_in__nps__impression",1547,1543,1.002592352559948,0
"2026-01-24","event_1701",1531,1262,1.2131537242472266,0
"2026-01-24","event_39200",1520,735,2.068027210884354,0
"2026-01-24","event_17007",1443,647,2.2302936630602783,0
"2026-01-24","event_1702",1367,1216,1.1241776315789473,0
"2026-01-24","event_39153",1348,801,1.682896379525593,0
"2026-01-24","event_31002",1345,824,1.6322815533980584,0
"2026-01-24","event_7002",1345,640,2.104851330203443,0
"2026-01-24","event_10251",1334,1332,1.0015015015015014,0
"2026-01-24","event_4801",1332,968,1.3760330578512396,0
"2026-01-24","event_10850",1300,1009,1.288404360753221,0
"2026-01-24","event_4206",1275,992,1.2852822580645162,0
"2026-01-24","event_39154",1269,718,1.767409470752089,0
"2026-01-24","event_10512",1201,645,1.8765625,0
"2026-01-24","event_17005",1166,205,5.68780487804878,0
"2026-01-24","event_39156",1117,439,2.5444191343963554,0
"2026-01-24","out__charge_monitor__impression",1109,190,5.962365591397849,0
"2026-01-24","state_wifi_theft",1087,683,2.969945355191257,0
"2026-01-24","event_20001",1065,713,1.4936886395511921,0
"2026-01-24","event_25001",1064,815,1.305521472392638,0
"2026-01-24","state_anti_theft",1019,491,5.019704433497537,0
"2026-01-24","state_adv_protection",1016,490,5.02970297029703,0
"2026-01-24","event_10800",1005,913,1.1007667031763417,0
"2026-01-24","event_39000",999,757,1.32317880794702,0
"2026-01-24","event_39100",952,812,1.176761433868974,0
"2026-01-24","event_5504",928,780,1.2242744063324538,0
"2026-01-24","out__charge_monitor__unlock",906,126,7.426229508196721,0
"2026-01-24","event_39002",887,476,1.8634453781512605,0
"2026-01-24","event_37001",886,840,1.0547619047619048,0
"2026-01-24","event_37002",849,830,1.0228915662650602,0
"2026-01-24","event_39201",843,275,3.0654545454545454,0
"2026-01-24","out__notification__impression",833,629,6.17037037037037,0
"2026-01-24","event_17010",795,742,1.0714285714285714,0
"2026-01-24","event_4601",774,560,1.3821428571428571,0
"2026-01-24","home_notification_permission_on_click",743,626,1.1869009584664536,0
"2026-01-24","event_10851",741,416,1.78125,0
"2026-01-24","state_in__nps__close",739,738,1.0013550135501355,0
"2026-01-24","event_20004",736,375,1.9626666666666666,0
"2026-01-24","USER_ID_WAITING",731,1,731,0
"2026-01-24","event_39202",701,205,3.419512195121951,0
"2026-01-24","event_2101",684,579,1.1813471502590673,0
"2026-01-24","os_update",683,676,2.3633217993079585,0
"2026-01-24","event_39157",675,375,1.8,0
"2026-01-24","out__charge_monitor__click",674,143,5.029850746268656,0
"2026-01-24","event_28004",672,310,2.167741935483871,0
"2026-01-24","event_36000",649,603,1.076285240464345,0
"2026-01-24","event_2301",643,608,1.0575657894736843,0
"2026-01-24","event_18000",622,548,1.135036496350365,0
"2026-01-24","out__permissions__CONTACTS",606,50,37.875,0
"2026-01-24","event_39003",602,407,1.479115479115479,0
"2026-01-24","state_language",595,525,2.5,0
"2026-01-24","event_8006",577,480,1.4073170731707316,0
"2026-01-24","event_39152",565,438,1.2899543378995433,0
"2026-01-24","state_permission",545,490,2.511520737327189,0
"2026-01-24","state_antivirus",542,490,2.430493273542601,0
"2026-01-24","event_34000",538,531,1.341645885286783,0
"2026-01-24","event_20017",536,454,1.1806167400881058,0
"2026-01-24","event_23000",532,285,1.8666666666666667,0
"2026-01-24","event_35001",528,303,1.927007299270073,0
"2026-01-24","out__permissions__camera",527,73,52.7,0
"2026-01-24","out__permissions__doze",523,73,52.3,0
"2026-01-24","event_39101",508,254,2,0
"2026-01-24","event_4200",507,330,1.5363636363636364,0
"2026-01-24","state_achievements",505,467,2.5505050505050506,0
"2026-01-24","state_get_accounts",500,464,2.5510204081632653,0
"2026-01-24","event_17008",497,397,1.2582278481012659,0
"2026-01-24","state_add_new_numbers_to_contacts",495,460,2.551546391752577,0
"2026-01-24","state_notification_bar",494,459,2.5463917525773194,0
"2026-01-24","state_auto_flow",492,457,2.5492227979274613,0
"2026-01-24","event_10001",476,356,1.3370786516853932,0
"2026-01-24","event_28002",464,359,1.2924791086350975,0
"2026-01-24","event_33004",452,319,1.4169278996865204,0
"2026-01-24","out__service__segmentation__req",448,414,4.148148148148148,0
"2026-01-24","event_3400",446,351,1.2706552706552707,0
"2026-01-24","event_14001",445,291,1.529209621993127,0
"2026-01-24","out__service__segmentation__res",442,412,4.130841121495327,0
"2026-01-24","out__notifications__click",438,255,5.152941176470589,0
"2026-01-24","event_20020",429,311,1.3794212218649518,0
"2026-01-24","event_39203",427,424,1.0070754716981132,0
"2026-01-24","event_18003",425,365,1.1643835616438356,0
"2026-01-24","open_wifi_alert_settings__screen_viewed",421,214,1.9672897196261683,0
"2026-01-24","event_18001",417,371,1.123989218328841,0
"2026-01-24","event_20008",416,291,1.429553264604811,0
"2026-01-24","event_18104",409,294,1.3911564625850341,0
"2026-01-24","event_5509",400,367,1.1019283746556474,0
"2026-01-24","state_in__nps__click",388,388,1,0
"2026-01-24","event_33003",383,359,1.0698324022346368,0
"2026-01-24","event_30002",382,368,1.0380434782608696,0
"2026-01-24","event_12001",381,369,1.032520325203252,0
"2026-01-24","event_39155",363,175,2.0742857142857143,0
"2026-01-24","event_10513",349,236,1.478813559322034,0
"2026-01-24","event_10600",340,248,1.3877551020408163,0
"2026-01-24","event_18107",331,180,1.8388888888888888,0
"2026-01-24","out__permissions__CAMERA",318,34,79.5,0
"2026-01-24","out__permissions__DOZE",318,34,79.5,0
"2026-01-24","event_18005",312,270,1.1555555555555554,0
"2026-01-24","event_39001",309,240,1.2875,0
"2026-01-24","event_20003",302,214,1.411214953271028,0
"2026-01-24","event_9808",295,202,1.4603960396039604,0
"2026-01-24","event_19002",292,252,1.1587301587301588,0
"2026-01-24","event_20014",292,263,1.1102661596958174,0
"2026-01-24","event_19000",287,154,1.8636363636363635,0
"2026-01-24","event_4418",287,105,2.7333333333333334,0
"2026-01-24","event_17011",284,284,1,0
"2026-01-24","event_4401",281,133,2.112781954887218,0
"2026-01-24","pix_analyzer_onboarding_start",270,217,1.2442396313364055,0
"2026-01-24","event_20016",267,243,1.0987654320987654,0
"2026-01-24","event_4408",244,61,4,0
"2026-01-24","event_18002",235,210,1.119047619047619,0
"2026-01-24","ad_reward",234,207,1.1304347826086956,0
"2026-01-24","event_10362",232,66,3.6825396825396823,0
"2026-01-24","out__notification__dismiss",226,150,5.512195121951219,0
"2026-01-24","event_17016",224,143,1.5664335664335665,0
"2026-01-24","event_10602",218,179,1.2247191011235956,0
"2026-01-24","event_20018",211,193,1.0932642487046633,0
"2026-01-24","event_4808",206,186,1.10752688172043,0
"2026-01-24","event_5508",202,157,1.294871794871795,0
"2026-01-24","event_3401",191,85,2.2470588235294118,0
"2026-01-24","event_10364",189,158,1.2038216560509554,0
"2026-01-24","event_3403",178,148,1.2027027027027026,0
"2026-01-24","open_wifi_alert__click_on_upgrade",169,118,1.4322033898305084,0
"2026-01-24","open_wifi_alert_paywall__screen_viewed",169,118,1.4322033898305084,0
"2026-01-24","out__dialog__residual_cleanup__",169,46,4.333333333333333,0
"2026-01-24","antitheft_deprecation__on_show",166,139,1.1942446043165467,0
"2026-01-24","out__vault__conversion",163,13,32.6,0
"2026-01-24","event_17018",151,109,1.385321100917431,0
"2026-01-24","event_8007",151,120,1.2583333333333333,0
"2026-01-24","event_19006",146,127,1.1496062992125984,0
"2026-01-24","event_4400",139,90,1.5444444444444445,0
"2026-01-24","event_10002",136,68,2,0
"2026-01-24","event_6604",136,111,1.2252252252252251,0
"2026-01-24","pix_analyzer_monitoring_enable",135,113,1.1946902654867257,0
"2026-01-24","event_26001",133,60,2.216666666666667,0
"2026-01-24","pix_analyzer_onboarding_activate_click",131,127,1.031496062992126,0
"2026-01-24","event_32000",129,76,1.6973684210526316,0
"2026-01-24","event_32002",128,74,1.7297297297297298,0
"2026-01-24","app_update",127,127,3.175,0
"2026-01-24","event_20007",124,58,2.1379310344827585,0
"2026-01-24","event_20005",123,43,2.86046511627907,0
"2026-01-24","event_4602",123,55,2.2363636363636363,0
"2026-01-24","out__appbox__placement__impress",120,25,4.8,0
"2026-01-24","notification_dismiss",118,118,6.2105263157894735,0
"2026-01-24","event_4419",117,72,1.625,0
"2026-01-24","event_10603",112,82,1.4,0
"2026-01-24","event_26005",111,87,1.2758620689655173,0
"2026-01-24","event_18004",110,99,1.1111111111111112,0
"2026-01-24","event_18105",109,93,1.1720430107526882,0
"2026-01-24","app_clear_data",105,75,1.9444444444444444,0
"2026-01-24","event_36004",103,102,1.0098039215686274,0
"2026-01-24","event_2700",101,65,1.5538461538461539,0
"2026-01-24","event_2050",100,88,1.1363636363636365,0
"2026-01-24","event_40000",100,64,1.7241379310344827,0
"2026-01-24","event_2500",94,83,1.1325301204819278,0
"2026-01-24","USER_ID_JOB_RUNNING",90,1,90,0
"2026-01-24","event_4605",87,44,1.9772727272727273,0
"2026-01-24","event_10003",84,56,1.5,0
"2026-01-24","event_12002",84,84,1,0
"2026-01-24","event_2720",83,51,1.6274509803921569,0
"2026-01-24","event_4420",83,69,1.2028985507246377,0
"2026-01-24","event_4211",80,71,1.1267605633802817,0
"2026-01-24","event_40001",76,51,1.6521739130434783,0
"2026-01-24","out__ads__container_impression",76,7,25.333333333333332,0
"2026-01-24","event_4212",74,65,1.1384615384615384,0
"2026-01-24","in__scan__start",72,20,3.6,0
"2026-01-24","event_17017",70,48,1.4583333333333333,0
"2026-01-24","event_20015",68,52,1.3333333333333333,0
"2026-01-24","event_2701",68,41,1.6585365853658536,0
"2026-01-24","event_2722",67,41,1.6341463414634145,0
"2026-01-24","event_23002",63,55,1.1454545454545455,0
"2026-01-24","event_28000",63,47,1.3404255319148937,0
"2026-01-24","out__toolbar__click",62,32,2.1379310344827585,0
"2026-01-24","event_10952",61,60,1.0166666666666666,0
"2026-01-24","event_20019",59,49,1.2040816326530612,0
"2026-01-24","event_26000",59,35,1.6857142857142857,0
"2026-01-24","event_4402",59,43,1.372093023255814,0
"2026-01-24","event_23001",56,51,1.0980392156862746,0
"2026-01-24","out__notification__click",56,47,1.5135135135135136,0
"2026-01-24","ad_card__on_remove_ads_switch_click",55,43,1.2790697674418605,0
"2026-01-24","event_10514",53,39,1.358974358974359,0
"2026-01-24","event_28001",52,39,1.3333333333333333,0
"2026-01-24","event_3402",50,32,1.5625,0
"2026-01-24","event_10601",48,39,1.2307692307692308,0
"2026-01-24","event_19007",47,22,2.1363636363636362,0
"2026-01-24","in__memory_boost__conversion",42,25,1.75,0
"2026-01-24","event_10507",39,25,1.56,0
"2026-01-24","in__memory_boost__click",39,26,1.625,0
"2026-01-24","event_4411",38,28,1.3571428571428572,0
"2026-01-24","event_19009",37,28,1.3214285714285714,0
"2026-01-24","in__quick_cleanup__click",37,27,1.5416666666666667,0
"2026-01-24","event_10804",36,35,1.0285714285714285,0
"2026-01-24","out__ads__impression",36,6,12,0
"2026-01-24","USER_ID_ALREADY_SET",35,13,2.9166666666666665,0
"2026-01-24","event_10805",35,34,1.0294117647058822,0
"2026-01-24","event_36005",35,35,1.0294117647058822,0
"2026-01-24","event_10509",34,32,1.0625,0
"2026-01-24","event_31001",33,29,1.1379310344827587,0
"2026-01-24","event_4413",32,29,1.103448275862069,0
"2026-01-24","out__uninstall_dialog__impressi",31,21,1.4761904761904763,0
"2026-01-24","event_5501",30,21,1.4285714285714286,0
"2026-01-24","event_18106",29,27,1.0740740740740742,0
"2026-01-24","app_open",28,10,3.5,0
"2026-01-24","in__cpu_cooler__click",27,23,1.173913043478261,0
"2026-01-24","event_10102",26,26,1,0
"2026-01-24","event_10208",26,8,3.25,0
"2026-01-24","event_4403",25,23,1.0869565217391304,0
"2026-01-24","in__storage_cleanup__conversion",25,12,2.0833333333333335,0
"2026-01-24","out__dfndr_assistant__impression",25,17,1.7857142857142858,0
"2026-01-24","event_38000",24,21,1.2,0
"2026-01-24","event_10508",22,11,2,0
"2026-01-24","event_4410",22,20,1.1,0
"2026-01-24","in__storage_cleanup__click",21,12,1.75,0
"2026-01-24","event_38003",20,17,1.25,0
"2026-01-24","out__permissions__LOCATION",20,2,0,0
"2026-01-24","event_2650",18,16,1.125,0
"2026-01-24","event_39004",18,13,1.3846153846153846,0
"2026-01-24","event_23003",17,14,1.2142857142857142,0
"2026-01-24","in__internet_booster__conversion",17,10,1.8888888888888888,0
"2026-01-24","event_35000",16,10,1.6,0
"2026-01-24","event_4412",16,16,1,0
"2026-01-24","event_28003",15,9,1.6666666666666667,0
"2026-01-24","event_4404",15,8,1.875,0
"2026-01-24","in__internet_booster__click",15,10,1.6666666666666667,0
"2026-01-24","event_14003",14,14,1,0
"2026-01-24","event_34001",14,14,1.0769230769230769,0
"2026-01-24","event_38004",14,12,1.1666666666666667,0
"2026-01-24","in_app_purchase",14,14,1,8434643
"2026-01-24","out__ads__not_loaded",14,2,0,0
"2026-01-24","pix_analyzer_click_on_subscribe",14,10,1.4,0
"2026-01-24","event_35006",13,9,1.4444444444444444,0
"2026-01-24","in__wifi_check__conversion",13,11,1.1818181818181819,0
"2026-01-24","blocked_newinstall",12,11,1.0909090909090908,0
"2026-01-24","event_10209",12,6,2,0
"2026-01-24","event_20012",12,3,4,0
"2026-01-24","event_23005",12,9,1.3333333333333333,0
"2026-01-24","event_4201",12,11,1.0909090909090908,0
"2026-01-24","event_4805",12,11,1.0909090909090908,0
"2026-01-24","in__wifi_check__click",12,11,1.0909090909090908,0
"2026-01-24","new_install",12,11,1.0909090909090908,0
"2026-01-24","out__dialog__install_monitor__impression",12,6,2,0
"2026-01-24","pix_analyzer_alert_open",12,10,1.2,0
"2026-01-24","valid_install",12,11,1.0909090909090908,0
"2026-01-24","app_store_subscription_renew",11,11,3.6666666666666665,47922593
"2026-01-24","event_26002",11,9,1.2222222222222223,0
"2026-01-24","event_36003",11,11,1,0
"2026-01-24","out__notifications__impression",11,9,1.2222222222222223,0
"2026-01-24","event_35002",10,9,1.1111111111111112,0
"2026-01-24","event_5505",10,9,1.25,0
"2026-01-24","event_4202",9,9,1,0
"2026-01-24","event_4204",9,9,1,0
"2026-01-24","event_4414",9,7,1.2857142857142858,0
"2026-01-24","event_4417",9,5,1.8,0
"2026-01-24","in__ads__container_impression",9,3,9,0
"2026-01-24","in__full_av_scan__click",9,8,1.125,0
"2026-01-24","event_2721",8,4,2,0
"2026-01-24","event_35010",8,3,2.6666666666666665,0
"2026-01-24","event_40002",8,8,1,0
"2026-01-24","event_4203",7,6,1.1666666666666667,0
"2026-01-24","in__dialog__anti_theft_enter__i",7,7,1,0
"2026-01-24","in__dialog__back_button__impres",7,5,1.4,0
"2026-01-24","in__dialog__vault_enter__impres",7,7,1,0
"2026-01-24","in__full_av_scan__cancel",7,6,1.1666666666666667,0
"2026-01-24","ob__splash__show",7,7,1.1666666666666667,0
"2026-01-24","out__dfndr_assistant__click",7,5,1.75,0
"2026-01-24","app_store_subscription_convert",6,6,1.2,86414000
"2026-01-24","event_35008",6,3,2,0
"2026-01-24","event_3800",6,6,1,0
"2026-01-24","in__full_av_scan__conversion",6,5,1.2,0
"2026-01-24","event_10360",5,5,0,0
"2026-01-24","event_19003",5,4,1.25,0
"2026-01-24","event_19012",5,2,2.5,0
"2026-01-24","in__ads__not_loaded",5,1,0,0
"2026-01-24","in__quick_av_scan__click",5,5,1,0
"2026-01-24","out__uninstall_dialog__click",5,5,1,0
"2026-01-24","event_2724",4,4,1,0
"2026-01-24","event_31003",4,3,1.3333333333333333,0
"2026-01-24","event_3801",4,4,1,0
"2026-01-24","event_3804",4,4,1,0
"2026-01-24","event_4416",4,2,2,0
"2026-01-24","in__dialog__advanced_protection",4,2,2,0
"2026-01-24","in__home__cards_click",4,3,1.3333333333333333,0
"2026-01-24","in__home__open",4,4,1,0
"2026-01-24","in__quick_av_scan__cancel",4,4,1,0
"2026-01-24","in__quick_av_scan__conversion",4,4,1,0
"2026-01-24","in__quick_av_scan__scan",4,4,1,0
"2026-01-24","in__settings__advanced_protecti",4,3,4,0
"2026-01-24","out__dialog__call_blocker__impr",4,4,1,0
"2026-01-24","out__flashlight__click",4,3,1.3333333333333333,0
"2026-01-24","out__permissions__contacts",4,2,0,0
"2026-01-24","app_store_subscription_cancel",3,3,1.5,0
"2026-01-24","event_4607",3,3,1,0
"2026-01-24","in__ads__impression",3,2,3,0
"2026-01-24","in__bottom_timer__open",3,2,1.5,0
"2026-01-24","in__dialog__antiphishing_enter_",3,2,1.5,0
"2026-01-24","in__dialog__charge_monitor_ente",3,3,1,0
"2026-01-24","in__duplicated_photos__click",3,3,1,0
"2026-01-24","in__duplicated_photos__scan",3,3,1,0
"2026-01-24","in__ob__terms__show_with_fireba",3,3,1,0
"2026-01-24","event_2704",2,2,1,0
"2026-01-24","event_35004",2,1,2,0
"2026-01-24","event_35007",2,2,1,0
"2026-01-24","event_9809",2,2,1,0
"2026-01-24","in__battery_manager__click",2,2,1,0
"2026-01-24","in__card__quick_cleanup__impres",2,2,0,0
"2026-01-24","in__card__storage_cleanup__impr",2,2,2,0
"2026-01-24","in__dialog__back_button__click",2,2,1,0
"2026-01-24","in__landing_page__quick_cleanup",2,1,2,0
"2026-01-24","in__memory_optimization__click",2,2,1,0
"2026-01-24","in__memory_optimization__conver",2,2,1,0
"2026-01-24","in__onboarding__click",2,2,1,0
"2026-01-24","in__onboarding__conversion",2,2,1,0
"2026-01-24","in__quick_cleanup__cancel",2,1,2,0
"2026-01-24","in__whatsapp_video_cleaner__con",2,1,2,0
"2026-01-24","out__ads__click",2,2,2,0
"2026-01-24","out__card__charge_monitor_notif",2,2,2,0
"2026-01-24","out__permissions__usage_access",2,2,1,0
"2026-01-24","consent_rejected",1,1,1,0
"2026-01-24","event_2725",1,1,1,0
"2026-01-24","event_2900",1,1,1,0
"2026-01-24","event_2905",1,1,1,0
"2026-01-24","event_31004",1,1,1,0
"2026-01-24","event_35009",1,1,1,0
"2026-01-24","event_39102",1,1,1,0
"2026-01-24","event_4415",1,1,1,0
"2026-01-24","event_5507",1,1,1,0
"2026-01-24","event_8009",1,1,1,0
"2026-01-24","in__anti_theft__click",1,1,1,0
"2026-01-24","in__app_manager__click",1,1,1,0
"2026-01-24","in__billboard__assistant__impre",1,1,1,0
"2026-01-24","in__billboard__vault__impression",1,1,1,0
"2026-01-24","in__card__charge_monitor__impre",1,1,0,0
"2026-01-24","in__card__cpu_cooler__impression",1,1,0,0
"2026-01-24","in__card__internet_booster__imp",1,1,0,0
"2026-01-24","in__card__like__impression",1,1,0,0
"2026-01-24","in__card__powerpro__impression",1,1,0,0
"2026-01-24","in__card__vault_add_app__impres",1,1,0,0
"2026-01-24","in__cpu_cooler__cancel",1,1,1,0
"2026-01-24","in__dialog__accessibility__click",1,1,1,0
"2026-01-24","in__dialog__accessibility__impr",1,1,1,0
"2026-01-24","in__dialog__al_applock_not_enab",1,1,1,0
"2026-01-24","in__dialog__anti_theft_enter__c",1,1,1,0
"2026-01-24","in__dialog__assistant_enter__cl",1,1,1,0
"2026-01-24","in__dialog__assistant_enter__im",1,1,1,0
"2026-01-24","in__dialog__duplicate_videos_20",1,1,1,0
"2026-01-24","in__dialog__notification_widget",1,1,1,0
"2026-01-24","in__dialog__pro_security_plan_u",1,1,1,0
"2026-01-24","in__dialog__rate__impression",1,1,1,0
"2026-01-24","in__duplicated_photos__cancel",1,1,1,0
"2026-01-24","in__hidden_gallery__click",1,1,0,0
"2026-01-24","in__home__grid__button_click",1,1,1,0
"2026-01-24","in__home__header_click",1,1,1,0
"2026-01-24","in__landing_page__weekly_report",1,1,1,0
"2026-01-24","in__quick_cleanup__conversion",1,1,1,0
"2026-01-24","in__security_advisor__click",1,1,1,0
"2026-01-24","in__security_advisor__configura",1,1,1,0
"2026-01-24","in__settings__antiphishing",1,1,1,0
"2026-01-24","in__settings__assistant",1,1,1,0
"2026-01-24","in__vault__click",1,1,1,0
"2026-01-24","in__vault__setup__step_4",1,1,1,0
"2026-01-24","in__whatsapp_cleaner__click",1,1,1,0
"2026-01-24","in__whatsapp_cleaner__scan",1,1,1,0
"2026-01-24","in__whatsapp_photo_cleaner__can",1,1,1,0
"2026-01-24","in__whatsapp_photo_cleaner__cli",1,1,1,0
"2026-01-24","in__whatsapp_video_cleaner__can",1,1,1,0
"2026-01-24","in__whatsapp_video_cleaner__cli",1,1,1,0
"2026-01-24","out__card__anti_theft__impressi",1,1,0,0
"2026-01-24","out__dialog__call_blocker__click",1,1,1,0
"2026-01-24","out__dialog__update_monitor_inf",1,1,1,0
"2026-01-24","out__float_window__click",1,1,0,0
"2026-01-24","out__float_window__main_feature",1,1,0,0
"2026-01-24","out__permissions__STORAGE",1,1,1,0
"2026-01-24","out__permissions__accessibility",1,1,1,0
"2026-01-24","out__permissions__storage",1,1,0,0
"2026-01-24","pix_analyzer_alert_click",1,1,1,0
"2026-01-24","subscription__show",1,1,1,0
"2026-01-24","trial__skip",1,1,1,0
"2026-01-25","state_hidden_gallery",8847316,542765,55.926293964449165,0
"2026-01-25","state_notification",8844224,542615,55.91805973546445,0
"2026-01-25","state_widget",8840167,542224,55.96707248358689,0
"2026-01-25","state_security_alert",8839110,542306,55.89562149036273,0
"2026-01-25","state_ads_free_subscription",8837621,542223,55.887619204209145,0
"2026-01-25","state_update_monitor",8834422,541869,55.93211732901126,0
"2026-01-25","state_are_notification_allowed",8832815,541685,55.921943158867734,0
"2026-01-25","state_upgrade_premium",8817266,541373,55.8309229522314,0
"2026-01-25","state_auto_optimization_security",8815877,541244,55.82212780507573,0
"2026-01-25","state_auto_optimization_performance",8814678,541137,55.81453573780457,0
"2026-01-25","state_medals",8813254,541046,55.80551897067018,0
"2026-01-25","state_in_app_update",8760009,541419,55.1947187025474,0
"2026-01-25","state_mediation_network",8755036,539996,55.45408825746299,0
"2026-01-25","state_android_go",8753720,539744,55.44434802987022,0
"2026-01-25","state_restricted_app_standby_bucket",8752466,539498,55.437809968393516,0
"2026-01-25","state_anti_phishing",8751235,539163,55.43001285794818,0
"2026-01-25","state_daily_phone_checkup",8749237,539250,55.36405515373566,0
"2026-01-25","state_install_monitor",8747600,538882,55.42173254686797,0
"2026-01-25","state_gallery_assistant",8747039,539144,55.35434979337928,0
"2026-01-25","state_assistant",8741593,538266,55.333191966122506,0
"2026-01-25","state_notification_manager",8741264,538618,55.381589868028406,0
"2026-01-25","state_safe_app_installer",8740211,538595,55.37491842850536,0
"2026-01-25","state_total_charge",8740160,538921,55.31081705364545,0
"2026-01-25","state_whatsapp_cloning",8738663,538710,55.29084650962676,0
"2026-01-25","state_vault",8735376,538733,55.28054221327815,0
"2026-01-25","state_permission_system_admin",8733296,538308,55.33110740827563,0
"2026-01-25","state_permission_accessibility",8732381,538168,55.32531028846215,0
"2026-01-25","state_permission_camera",8731454,538162,55.32189064182982,0
"2026-01-25","state_permission_access_coarse_location",8730566,538127,55.31626433504403,0
"2026-01-25","state_permission_access_fine_location",8729731,537934,55.3109738326047,0
"2026-01-25","state_permission_draw_over_apps",8728908,537864,55.30575936133815,0
"2026-01-25","state_permission_get_accounts",8728126,537707,55.300804663245266,0
"2026-01-25","state_permission_gps",8727398,537695,55.29864468423487,0
"2026-01-25","state_permission_miui_background_popup",8726067,537683,55.29021118594881,0
"2026-01-25","state_permission_miui_change_wifi_state",8725234,537613,55.28493312128143,0
"2026-01-25","state_permission_notification_access",8724505,537590,55.280314022670964,0
"2026-01-25","state_permission_storage",8722983,537532,55.27067030787654,0
"2026-01-25","state_permission_read_phone_state",8722265,537450,55.26612090759902,0
"2026-01-25","state_permission_usage_access",8721521,537403,55.261406765807266,0
"2026-01-25","state_permission_wifi",8720567,537403,55.255362019477516,0
"2026-01-25","state_permission_miui_autostart",8710362,536416,55.50263801804557,0
"2026-01-25","state_permission_post_notification",8622735,528121,56.39866177422836,0
"2026-01-25","event_17015",6904882,63678,168.16975571738232,0
"2026-01-25","event_10350",5047458,461163,31.65721489453779,0
"2026-01-25","event_10351",2623963,185025,18.20881446732915,0
"2026-01-25","screen_view",2613879,160923,16.593107257122544,0
"2026-01-25","user_engagement",2416961,158771,15.225334811585803,0
"2026-01-25","event_10358",2413497,138610,19.530309038089612,0
"2026-01-25","ad_impression",2385125,98249,25.593392207569238,1979391880
"2026-01-25","event_10353",1562534,98187,16.75370181740203,0
"2026-01-25","event_7000",1432127,50143,30.518187823640975,0
"2026-01-25","event_6800",1223581,442678,7.991985682653934,0
"2026-01-25","user_profile",927076,535381,5.886570575909581,0
"2026-01-25","event_6600",892608,48133,18.553095965579598,0
"2026-01-25","event_10700",851895,46689,18.261414790996785,0
"2026-01-25","session_start",593423,166141,3.7401709293970833,0
"2026-01-25","event_8010",375027,372098,3.2229613014669862,0
"2026-01-25","state_wifi_theft_auto_scan_state",367740,26768,42.880130597014926,0
"2026-01-25","event_10352",325988,58473,7.953060577228037,0
"2026-01-25","event_7001",264115,27919,10.099227592535943,0
"2026-01-25","zendesk_messaging_init_error",237661,92156,15.417515407071035,0
"2026-01-25","state_charge_booster",222954,17614,33.678851963746226,0
"2026-01-25","state_antitheft",222621,17186,34.83351588170865,0
"2026-01-25","state_data_monitoring",222382,17164,34.82881754111198,0
"2026-01-25","event_21001",173101,39055,4.436439591983187,0
"2026-01-25","event_1000",103642,58436,1.793207259892382,0
"2026-01-25","event_21002",83071,35348,2.354686924232546,0
"2026-01-25","event_10505",81046,32400,3.9109202335569173,0
"2026-01-25","event_21000",73024,41854,1.7526881720430108,0
"2026-01-25","event_10511",72112,2694,31.614204296361244,0
"2026-01-25","event_4800",63807,26585,2.4002031297020765,0
"2026-01-25","event_10100",54026,30866,1.7994870599207275,0
"2026-01-25","event_1751",53764,30976,1.7971653964433747,0
"2026-01-25","event_8011",40836,4829,12.845548914753067,0
"2026-01-25","first_open",38372,37517,1.02278966868353,0
"2026-01-25","event_10510",36940,27129,2.192805413748071,0
"2026-01-25","event_21005",35194,9004,3.908707241226122,0
"2026-01-25","event_4803",31825,15626,2.036669653142199,0
"2026-01-25","event_10354",26995,17398,1.5639302473784833,0
"2026-01-25","event_1600",26912,18802,1.4318701782388934,0
"2026-01-25","appsflyer_onConversionDataSuccess",24668,5818,5.340549902576315,0
"2026-01-25","USER_ID_STARTED",23922,3,23922,0
"2026-01-25","USER_ID_FINISHED",23235,1885,141.6768292682927,0
"2026-01-25","event_31006",19847,4651,4.270008605851979,0
"2026-01-25","event_19005",18346,9268,1.979499352611135,0
"2026-01-25","event_21003",17615,11237,1.5675892142030792,0
"2026-01-25","event_10363",17235,5583,3.2354045428946874,0
"2026-01-25","event_10200",16999,12245,1.3889206634528966,0
"2026-01-25","event_4802",16985,8328,2.0395052833813643,0
"2026-01-25","event_2100",15215,11467,1.3277772929575007,0
"2026-01-25","event_30001",15127,13846,1.1084487433135488,0
"2026-01-25","event_17000",14141,3267,4.331087289433384,0
"2026-01-25","event_33002",13964,13923,1.420260374288039,0
"2026-01-25","event_9900",13129,7832,1.6912276181888446,0
"2026-01-25","event_2300",12090,9486,1.2753164556962024,0
"2026-01-25","event_6801",11582,9947,1.1848593350383632,0
"2026-01-25","event_33000",10931,7473,1.4627325036799144,0
"2026-01-25","event_6605",10823,7766,1.393638938964718,0
"2026-01-25","event_10701",10271,5155,1.992434529582929,0
"2026-01-25","event_10205",10160,7937,1.28008063500063,0
"2026-01-25","event_32004",9934,2425,4.336097773897861,0
"2026-01-25","event_10207",9710,7877,1.2327028056366638,0
"2026-01-25","event_1752",9332,7337,1.2719094997955567,0
"2026-01-25","event_1750",9227,7376,1.2509490238611713,0
"2026-01-25","event_14000",8673,6569,1.3214993143379552,0
"2026-01-25","event_14005",7969,5825,1.368068669527897,0
"2026-01-25","event_1650",7718,6795,1.1361695863388783,0
"2026-01-25","RESET_USER_ID",7572,79,97.07692307692308,0
"2026-01-25","event_10250",7088,7067,1.0032554847841473,0
"2026-01-25","event_28005",7060,956,8.199767711962833,0
"2026-01-25","ad_click",7057,3303,2.15876414805751,0
"2026-01-25","event_10703",6747,1613,4.1828890266584,0
"2026-01-25","out__appbox__publisher__request",6234,428,15.62406015037594,0
"2026-01-25","event_10210",6116,1676,3.649164677804296,0
"2026-01-25","out__appbox__publisher__load_fa",5987,421,15.27295918367347,0
"2026-01-25","event_39250",5963,1703,3.5055849500293945,0
"2026-01-25","event_17019",5831,2559,2.283979631805719,0
"2026-01-25","event_10101",5457,4286,1.2732151189920673,0
"2026-01-25","event_12000",5338,5327,1.0024413145539905,0
"2026-01-25","event_31009",5335,3244,1.646096883677877,0
"2026-01-25","event_39151",5309,2907,1.8269098417068135,0
"2026-01-25","event_10252",4964,4944,1.004248432126239,0
"2026-01-25","event_29000",4846,4125,1.1779290228488088,0
"2026-01-25","event_17009",4746,2341,2.028205128205128,0
"2026-01-25","event_1700",4697,3578,1.3145815841029946,0
"2026-01-25","event_31000",4493,2673,1.6808829031051253,0
"2026-01-25","event_20000",4450,3695,1.2082541406462124,0
"2026-01-25","event_18102",4366,641,6.811232449297972,0
"2026-01-25","event_4806",4156,2931,1.4179460934834527,0
"2026-01-25","appsflyer_onConversionDataFail",3862,838,7.770623742454728,0
"2026-01-25","event_5502",3749,2966,1.2691266079891672,0
"2026-01-25","out__charge_monitor__notificati",3598,29,133.25925925925927,0
"2026-01-25","event_29001",3447,1555,2.216720257234727,0
"2026-01-25","event_1651",3332,3123,1.0669228306115914,0
"2026-01-25","consent_granted",3314,3246,1.035301468291159,0
"2026-01-25","event_5500",3212,2297,1.4081543182814555,0
"2026-01-25","event_10702",3202,2325,1.3772043010752688,0
"2026-01-25","event_19001",3188,2103,1.516650808753568,0
"2026-01-25","home_notification_permission_on_open",3184,2280,1.3964912280701753,0
"2026-01-25","event_1652",3179,3093,1.027804720336243,0
"2026-01-25","event_37000",3059,2678,1.1435514018691588,0
"2026-01-25","event_30000",3031,1925,1.5753638253638254,0
"2026-01-25","event_17001",2858,749,3.815754339118825,0
"2026-01-25","event_10506",2774,2616,1.0689788053949905,0
"2026-01-25","event_10950",2611,1665,1.649399873657612,0
"2026-01-25","event_2600",2533,2003,1.2646030953569645,0
"2026-01-25","state_system_admin_antitheft_permission",2457,362,9.202247191011235,0
"2026-01-25","event_8000",2410,2329,1.0455531453362257,0
"2026-01-25","event_8001",2173,2129,1.0211466165413534,0
"2026-01-25","event_21008",2128,1436,1.4818941504178273,0
"2026-01-25","out__dialog__charge_booster_impression",2040,272,7.96875,0
"2026-01-25","event_25000",2026,1136,1.783450704225352,0
"2026-01-25","event_5506",1954,1546,1.2804718217562254,0
"2026-01-25","app_exception",1906,685,5.605882352941176,0
"2026-01-25","app_remove",1861,1733,1.6765765765765765,0
"2026-01-25","event_18101",1840,972,1.8930041152263375,0
"2026-01-25","event_33001",1839,1562,1.1773367477592829,0
"2026-01-25","state_premium",1787,1181,2.7748447204968945,0
"2026-01-25","out__permissions__phone",1775,90,126.78571428571429,0
"2026-01-25","event_31005",1773,675,2.6266666666666665,0
"2026-01-25","event_26003",1767,1222,1.4459901800327333,0
"2026-01-25","state_WHATSAPP_CLONING",1682,154,42.05,0
"2026-01-25","event_26004",1666,1185,1.4059071729957806,0
"2026-01-25","state_in__nps__impression",1654,1645,1.0054711246200607,0
"2026-01-25","event_10000",1651,1456,1.1386206896551725,0
"2026-01-25","event_39200",1575,783,2.0114942528735633,0
"2026-01-25","event_1701",1521,1240,1.2266129032258064,0
"2026-01-25","event_17005",1488,197,7.553299492385787,0
"2026-01-25","event_11002",1480,782,1.8950064020486557,0
"2026-01-25","event_17007",1407,646,2.181395348837209,0
"2026-01-25","event_1702",1371,1192,1.1501677852348993,0
"2026-01-25","event_31002",1361,835,1.629940119760479,0
"2026-01-25","event_39154",1316,739,1.780784844384303,0
"2026-01-25","event_39153",1296,799,1.6220275344180226,0
"2026-01-25","event_10850",1261,971,1.298661174047374,0
"2026-01-25","event_4801",1248,901,1.3851276359600444,0
"2026-01-25","event_39156",1244,485,2.5649484536082476,0
"2026-01-25","event_4206",1234,961,1.2840790842872007,0
"2026-01-25","out__charge_monitor__impression",1162,176,6.716763005780347,0
"2026-01-25","event_10800",1142,997,1.1454363089267803,0
"2026-01-25","event_7002",1140,564,2.024866785079929,0
"2026-01-25","event_10512",1129,642,1.7640625,0
"2026-01-25","event_20001",1087,705,1.5418439716312056,0
"2026-01-25","event_10251",1053,1052,1.0009505703422052,0
"2026-01-25","state_wifi_theft",1033,635,2.784366576819407,0
"2026-01-25","state_anti_theft",1022,453,4.482456140350878,0
"2026-01-25","state_adv_protection",1017,451,4.4605263157894735,0
"2026-01-25","event_25001",1015,743,1.3660834454912516,0
"2026-01-25","event_5504",965,807,1.2246192893401016,0
"2026-01-25","event_39100",958,816,1.1740196078431373,0
"2026-01-25","event_39000",919,714,1.2889200561009817,0
"2026-01-25","event_37001",916,877,1.0444697833523375,0
"2026-01-25","event_37002",895,875,1.022857142857143,0
"2026-01-25","out__notification__impression",844,611,6.645669291338582,0
"2026-01-25","event_20004",828,409,2.024449877750611,0
"2026-01-25","event_4601",826,567,1.4567901234567902,0
"2026-01-25","event_39201",820,273,3.0036630036630036,0
"2026-01-25","state_in__nps__close",797,797,1,0
"2026-01-25","event_39002",791,429,1.843822843822844,0
"2026-01-25","out__charge_monitor__unlock",785,107,7.336448598130841,0
"2026-01-25","event_10851",781,383,2.039164490861619,0
"2026-01-25","event_39157",760,420,1.8095238095238095,0
"2026-01-25","USER_ID_WAITING",750,1,750,0
"2026-01-25","event_17010",744,701,1.0613409415121255,0
"2026-01-25","home_notification_permission_on_click",718,593,1.2107925801011805,0
"2026-01-25","event_10208",701,11,63.72727272727273,0
"2026-01-25","event_2101",688,610,1.1278688524590164,0
"2026-01-25","event_39202",667,207,3.2222222222222223,0
"2026-01-25","event_2301",633,603,1.0497512437810945,0
"2026-01-25","event_39152",625,484,1.2913223140495869,0
"2026-01-25","event_23000",619,297,2.0841750841750843,0
"2026-01-25","os_update",618,611,2.607594936708861,0
"2026-01-25","event_18000",583,493,1.182555780933063,0
"2026-01-25","out__permissions__CONTACTS",568,43,43.69230769230769,0
"2026-01-25","event_28004",567,267,2.1235955056179776,0
"2026-01-25","state_language",561,489,2.0252707581227436,0
"2026-01-25","out__charge_monitor__click",553,124,4.726495726495727,0
"2026-01-25","event_20017",536,444,1.2072072072072073,0
"2026-01-25","event_34000",536,525,1.3569620253164556,0
"2026-01-25","event_35001",532,306,1.906810035842294,0
"2026-01-25","event_8006",526,437,1.3697916666666667,0
"2026-01-25","state_antivirus",522,469,2,0
"2026-01-25","event_39003",521,366,1.4234972677595628,0
"2026-01-25","state_permission",512,464,2.0562248995983934,0
"2026-01-25","event_39101",497,270,1.8407407407407408,0
"2026-01-25","event_17008",478,383,1.2513089005235603,0
"2026-01-25","event_10001",476,345,1.3797101449275362,0
"2026-01-25","state_achievements",473,439,2.0476190476190474,0
"2026-01-25","event_20008",472,304,1.5526315789473684,0
"2026-01-25","state_get_accounts",467,434,2.0129310344827585,0
"2026-01-25","state_add_new_numbers_to_contacts",465,432,2.012987012987013,0
"2026-01-25","state_auto_flow",465,432,2.012987012987013,0
"2026-01-25","state_notification_bar",465,432,2.012987012987013,0
"2026-01-25","out__service__segmentation__req",460,421,4.380952380952381,0
"2026-01-25","out__service__segmentation__res",460,421,4.466019417475728,0
"2026-01-25","event_39203",456,451,1.0133333333333334,0
"2026-01-25","event_4200",451,326,1.383435582822086,0
"2026-01-25","out__permissions__camera",440,66,36.666666666666664,0
"2026-01-25","out__permissions__doze",438,66,36.5,0
"2026-01-25","event_3400",429,316,1.3575949367088607,0
"2026-01-25","event_28002",412,321,1.2875,0
"2026-01-25","event_18003",405,324,1.25,0
"2026-01-25","out__notifications__click",401,240,5.141025641025641,0
"2026-01-25","event_18001",395,328,1.204268292682927,0
"2026-01-25","state_in__nps__click",395,395,1,0
"2026-01-25","event_20020",393,290,1.3551724137931034,0
"2026-01-25","event_33003",390,370,1.056910569105691,0
"2026-01-25","event_14001",384,249,1.5421686746987953,0
"2026-01-25","event_36000",376,317,1.1861198738170347,0
"2026-01-25","event_33004",369,263,1.403041825095057,0
"2026-01-25","event_5509",359,338,1.0845921450151057,0
"2026-01-25","event_30002",356,349,1.0200573065902578,0
"2026-01-25","event_18104",348,253,1.3754940711462451,0
"2026-01-25","event_39155",343,182,1.8846153846153846,0
"2026-01-25","event_9808",335,206,1.6262135922330097,0
"2026-01-25","open_wifi_alert_settings__screen_viewed",330,172,1.9186046511627908,0
"2026-01-25","event_10513",320,224,1.4285714285714286,0
"2026-01-25","event_12001",320,314,1.019108280254777,0
"2026-01-25","event_10600",314,189,1.715846994535519,0
"2026-01-25","event_19002",311,245,1.2693877551020407,0
"2026-01-25","event_20014",311,260,1.1961538461538461,0
"2026-01-25","event_18005",306,247,1.2388663967611335,0
"2026-01-25","event_20003",297,183,1.6229508196721312,0
"2026-01-25","event_39001",296,217,1.3640552995391706,0
"2026-01-25","event_17011",290,286,1.013986013986014,0
"2026-01-25","out__permissions__CAMERA",286,32,71.5,0
"2026-01-25","out__permissions__DOZE",285,32,71.25,0
"2026-01-25","event_20016",283,237,1.1940928270042195,0
"2026-01-25","event_18107",274,144,1.9027777777777777,0
"2026-01-25","event_17016",264,165,1.6,0
"2026-01-25","ad_reward",261,210,1.2428571428571429,0
"2026-01-25","event_4605",254,35,7.257142857142857,0
"2026-01-25","event_4401",249,131,1.900763358778626,0
"2026-01-25","event_18002",238,210,1.1333333333333333,0
"2026-01-25","event_10602",236,146,1.6275862068965516,0
"2026-01-25","out__dialog__residual_cleanup__",212,32,7.310344827586207,0
"2026-01-25","event_20018",209,196,1.066326530612245,0
"2026-01-25","out__vault__conversion",208,13,29.714285714285715,0
"2026-01-25","event_4418",206,83,2.4819277108433737,0
"2026-01-25","event_4808",196,174,1.1264367816091954,0
"2026-01-25","event_17018",191,132,1.446969696969697,0
"2026-01-25","out__notification__dismiss",188,134,6.064516129032258,0
"2026-01-25","event_19000",186,106,1.7714285714285714,0
"2026-01-25","pix_analyzer_onboarding_start",186,146,1.273972602739726,0
"2026-01-25","event_5508",184,141,1.3430656934306568,0
"2026-01-25","event_20007",180,72,2.5,0
"2026-01-25","event_10362",173,50,3.6041666666666665,0
"2026-01-25","event_3403",173,132,1.3106060606060606,0
"2026-01-25","event_10364",170,142,1.1971830985915493,0
"2026-01-25","antitheft_deprecation__on_show",168,136,1.2352941176470589,0
"2026-01-25","event_4602",166,63,2.634920634920635,0
"2026-01-25","event_8007",161,119,1.3529411764705883,0
"2026-01-25","event_26001",152,56,2.7142857142857144,0
"2026-01-25","event_3401",141,68,2.073529411764706,0
"2026-01-25","event_20005",137,41,3.341463414634146,0
"2026-01-25","event_10002",134,64,2.09375,0
"2026-01-25","event_18004",133,109,1.2201834862385321,0
"2026-01-25","open_wifi_alert__click_on_upgrade",132,97,1.3608247422680413,0
"2026-01-25","open_wifi_alert_paywall__screen_viewed",131,97,1.3505154639175259,0
"2026-01-25","event_19006",130,110,1.1926605504587156,0
"2026-01-25","event_4400",123,97,1.268041237113402,0
"2026-01-25","event_2050",120,93,1.2903225806451613,0
"2026-01-25","event_10603",117,68,1.828125,0
"2026-01-25","event_2500",116,93,1.2473118279569892,0
"2026-01-25","out__appbox__placement__impress",112,17,6.588235294117647,0
"2026-01-25","out__toolbar__click",100,37,2.857142857142857,0
"2026-01-25","event_2700",99,64,1.546875,0
"2026-01-25","event_10003",96,66,1.4545454545454546,0
"2026-01-25","USER_ID_JOB_RUNNING",92,1,92,0
"2026-01-25","event_26005",92,76,1.2105263157894737,0
"2026-01-25","notification_dismiss",92,92,4.181818181818182,0
"2026-01-25","event_18105",91,84,1.0833333333333333,0
"2026-01-25","event_32000",91,62,1.467741935483871,0
"2026-01-25","event_4419",90,61,1.4754098360655739,0
"2026-01-25","event_32002",89,52,1.7115384615384615,0
"2026-01-25","event_4408",88,42,2.0952380952380953,0
"2026-01-25","pix_analyzer_onboarding_activate_click",85,82,1.0365853658536586,0
"2026-01-25","event_2720",84,52,1.6153846153846154,0
"2026-01-25","event_4420",83,62,1.3387096774193548,0
"2026-01-25","event_12002",81,81,1,0
"2026-01-25","event_6604",81,75,1.08,0
"2026-01-25","event_40000",80,55,1.6326530612244898,0
"2026-01-25","pix_analyzer_monitoring_enable",79,71,1.1126760563380282,0
"2026-01-25","event_20015",77,49,1.5714285714285714,0
"2026-01-25","event_23002",77,60,1.2833333333333334,0
"2026-01-25","event_4211",75,64,1.171875,0
"2026-01-25","app_clear_data",71,58,1.8205128205128205,0
"2026-01-25","event_20019",70,36,1.9444444444444444,0
"2026-01-25","in__quick_cleanup__click",70,33,2.3333333333333335,0
"2026-01-25","event_17017",67,53,1.2641509433962264,0
"2026-01-25","event_23001",66,55,1.2,0
"2026-01-25","in__scan__start",66,11,6,0
"2026-01-25","event_2701",65,37,1.7567567567567568,0
"2026-01-25","event_2722",65,37,1.7567567567567568,0
"2026-01-25","event_4212",63,57,1.105263157894737,0
"2026-01-25","app_update",62,62,1.4761904761904763,0
"2026-01-25","event_36004",61,60,1.0166666666666666,0
"2026-01-25","out__notification__click",60,42,1.5384615384615385,0
"2026-01-25","event_10601",57,46,1.2391304347826086,0
"2026-01-25","event_4402",55,46,1.1956521739130435,0
"2026-01-25","event_10804",50,43,1.1627906976744187,0
"2026-01-25","event_40001",50,38,1.5625,0
"2026-01-25","ad_card__on_remove_ads_switch_click",47,37,1.2702702702702702,0
"2026-01-25","event_10805",47,43,1.0930232558139534,0
"2026-01-25","event_26000",45,30,1.5,0
"2026-01-25","out__ads__container_impression",45,8,7.5,0
"2026-01-25","event_10507",44,30,1.4666666666666666,0
"2026-01-25","event_28001",43,39,1.1025641025641026,0
"2026-01-25","event_4411",43,27,1.5925925925925926,0
"2026-01-25","event_10514",42,29,1.4482758620689655,0
"2026-01-25","in__memory_boost__conversion",41,23,1.7826086956521738,0
"2026-01-25","event_4413",40,38,1.0526315789473684,0
"2026-01-25","event_10509",39,35,1.1142857142857143,0
"2026-01-25","in__memory_boost__click",38,24,1.5833333333333333,0
"2026-01-25","event_19009",36,20,1.8,0
"2026-01-25","event_3402",36,25,1.44,0
"2026-01-25","event_5501",35,25,1.4,0
"2026-01-25","out__uninstall_dialog__impressi",34,27,1.2592592592592593,0
"2026-01-25","event_31001",33,27,1.2222222222222223,0
"2026-01-25","event_4403",33,30,1.1,0
"2026-01-25","event_18106",30,21,1.4285714285714286,0
"2026-01-25","event_19007",29,10,2.9,0
"2026-01-25","event_20012",29,6,4.833333333333333,0
"2026-01-25","event_2724",29,9,3.2222222222222223,0
"2026-01-25","event_28000",27,24,1.125,0
"2026-01-25","event_2721",26,10,2.6,0
"2026-01-25","event_4412",26,23,1.1304347826086956,0
"2026-01-25","in__storage_cleanup__click",25,9,2.7777777777777777,0
"2026-01-25","in__storage_cleanup__conversion",25,9,2.7777777777777777,0
"2026-01-25","out__dfndr_assistant__impression",25,17,1.9230769230769231,0
"2026-01-25","event_2725",24,4,6,0
"2026-01-25","in__cpu_cooler__click",24,16,1.5,0
"2026-01-25","in__dialog__back_button__impres",24,12,2,0
"2026-01-25","event_10508",22,11,2,0
"2026-01-25","event_36005",22,20,1.1578947368421053,0
"2026-01-25","event_38000",22,19,1.2222222222222223,0
"2026-01-25","event_39004",21,18,1.1666666666666667,0
"2026-01-25","event_4202",21,12,1.75,0
"2026-01-25","event_2650",20,17,1.1764705882352942,0
"2026-01-25","event_4410",20,17,1.1764705882352942,0
"2026-01-25","out__ads__impression",20,7,4,0
"2026-01-25","USER_ID_ALREADY_SET",19,9,2.111111111111111,0
"2026-01-25","event_10952",19,18,1.0555555555555556,0
"2026-01-25","pix_analyzer_alert_open",19,13,1.4615384615384615,0
"2026-01-25","event_10209",18,6,3,0
"2026-01-25","event_4805",18,14,1.2857142857142858,0
"2026-01-25","event_28003",17,14,1.2142857142857142,0
"2026-01-25","event_4204",17,14,1.2142857142857142,0
"2026-01-25","in__internet_booster__click",17,12,1.4166666666666667,0
"2026-01-25","in__internet_booster__conversion",17,10,1.7,0
"2026-01-25","event_10102",15,14,1.0714285714285714,0
"2026-01-25","event_4404",15,9,1.6666666666666667,0
"2026-01-25","out__flashlight__click",15,5,3,0
"2026-01-25","in__full_av_scan__click",14,5,2.8,0
"2026-01-25","event_23003",13,10,1.3,0
"2026-01-25","event_40002",13,13,1,0
"2026-01-25","event_5505",13,9,1.4444444444444444,0
"2026-01-25","in__full_av_scan__conversion",13,4,3.25,0
"2026-01-25","in_app_purchase",13,13,1,18497444
"2026-01-25","out__ads__not_loaded",13,2,13,0
"2026-01-25","out__dialog__install_monitor__impression",13,9,1.4444444444444444,0
"2026-01-25","app_open",12,5,2.4,0
"2026-01-25","event_14003",12,12,1,0
"2026-01-25","event_23005",12,8,1.5,0
"2026-01-25","event_38003",12,11,1.0909090909090908,0
"2026-01-25","event_38004",12,11,1.0909090909090908,0
"2026-01-25","in__full_av_scan__cancel",12,5,2.4,0
"2026-01-25","app_store_subscription_renew",11,11,2.75,49275178
"2026-01-25","event_34001",10,10,1.1111111111111112,0
"2026-01-25","event_4203",10,10,1,0
"2026-01-25","ob__splash__show",10,8,1.25,0
"2026-01-25","subscription__show",10,3,3.3333333333333335,0
"2026-01-25","event_35000",9,8,1.125,0
"2026-01-25","in__home__cards_click",9,2,4.5,0
"2026-01-25","out__uninstall_dialog__click",9,5,1.8,0
"2026-01-25","pix_analyzer_click_on_subscribe",9,9,1,0
"2026-01-25","blocked_newinstall",8,7,1.1428571428571428,0
"2026-01-25","event_4417",8,4,2,0
"2026-01-25","in__dialog__anti_theft_enter__i",8,8,1.1428571428571428,0
"2026-01-25","new_install",8,7,1.1428571428571428,0
"2026-01-25","out__dfndr_assistant__click",8,5,2.6666666666666665,0
"2026-01-25","out__permissions__LOCATION",8,1,0,0
"2026-01-25","valid_install",8,7,1.1428571428571428,0
"2026-01-25","event_26002",7,7,1,0
"2026-01-25","event_35002",7,7,1,0
"2026-01-25","event_3800",7,6,1.1666666666666667,0
"2026-01-25","in__memory_optimization__click",7,3,2.3333333333333335,0
"2026-01-25","in__wifi_check__conversion",7,6,1.1666666666666667,0
"2026-01-25","event_4201",6,6,1,0
"2026-01-25","in__wifi_check__click",6,6,1,0
"2026-01-25","event_35006",5,5,1,0
"2026-01-25","event_5507",5,2,2.5,0
"2026-01-25","in__dialog__back_button__click",5,4,1.25,0
"2026-01-25","in__dialog__vault_enter__impres",5,5,1,0
"2026-01-25","in__ob__terms__show_with_fireba",5,5,1,0
"2026-01-25","in__quick_cleanup__cancel",5,5,1,0
"2026-01-25","out__notifications__impression",5,5,1.6666666666666667,0
"2026-01-25","app_store_subscription_convert",4,4,1.3333333333333333,45309592
"2026-01-25","event_10360",4,4,2,0
"2026-01-25","event_4414",4,3,1.3333333333333333,0
"2026-01-25","in__dialog__contacts_permission",4,1,4,0
"2026-01-25","in__dialog__scheduler_enter__im",4,4,1,0
"2026-01-25","in__dialog__storage_permission_",4,1,4,0
"2026-01-25","in__landing_page__anti_theft_pe",4,1,4,0
"2026-01-25","out__dialog__uninstall_monitor_",4,2,2,0
"2026-01-25","event_31003",3,3,1,0
"2026-01-25","event_36003",3,3,1,0
"2026-01-25","event_4607",3,3,1,0
"2026-01-25","event_9807",3,2,1.5,0
"2026-01-25","in__duplicated_photos__scan",3,3,1,0
"2026-01-25","in__landing_page__call_blocker_",3,1,3,0
"2026-01-25","in__memory_optimization__conver",3,1,3,0
"2026-01-25","in__quick_av_scan__cancel",3,2,1.5,0
"2026-01-25","in__quick_av_scan__click",3,2,1.5,0
"2026-01-25","in__quick_av_scan__scan",3,2,1.5,0
"2026-01-25","in__security_advisor__configura",3,1,3,0
"2026-01-25","in__settings__antiphishing",3,2,1.5,0
"2026-01-25","out__flashlight__configuration_",3,1,3,0
"2026-01-25","out__game_booster__click",3,1,3,0
"2026-01-25","out__permissions__accessibility",3,2,1.5,0
"2026-01-25","out__permissions__usage_access",3,2,1.5,0
"2026-01-25","event_10604",2,2,1,0
"2026-01-25","event_19012",2,2,1,0
"2026-01-25","event_2704",2,1,2,0
"2026-01-25","event_2723",2,2,1,0
"2026-01-25","event_38005",2,1,2,0
"2026-01-25","event_3801",2,1,2,0
"2026-01-25","event_3804",2,1,2,0
"2026-01-25","event_39103",2,2,1,0
"2026-01-25","event_4416",2,1,2,0
"2026-01-25","in__app_manager__click",2,2,1,0
"2026-01-25","in__call_blocker__click",2,2,1,0
"2026-01-25","in__dailyphone__scan__open",2,2,1,0
"2026-01-25","in__dialog__antiphishing_enter_",2,2,1,0
"2026-01-25","in__dialog__assistant_enter__im",2,2,1,0
"2026-01-25","in__dialog__charge_monitor_ente",2,2,1,0
"2026-01-25","in__dialog__location_permission",2,1,2,0
"2026-01-25","in__dialog__notification_widget",2,2,1,0
"2026-01-25","in__dialog__phone_permission__c",2,1,2,0
"2026-01-25","in__dialog__phone_permission__i",2,1,2,0
"2026-01-25","in__duplicated_photos__click",2,2,1,0
"2026-01-25","in__home__open",2,2,1,0
"2026-01-25","in__home__upside_click",2,1,2,0
"2026-01-25","in__landing_page__full_av_scan_",2,1,2,0
"2026-01-25","in__landing_page__quick_av_scan",2,1,2,0
"2026-01-25","in__onboarding__click",2,1,2,0
"2026-01-25","in__onboarding__conversion",2,1,2,0
"2026-01-25","in__quick_av_scan__conversion",2,1,2,0
"2026-01-25","in__quick_cleanup__conversion",2,2,1,0
"2026-01-25","in__settings__advanced_protecti",2,2,1,0
"2026-01-25","in__settings__charge_monitor__a",2,1,2,0
"2026-01-25","in__settings__scheduler",2,1,2,0
"2026-01-25","in__vault__setup__step_4",2,1,2,0
"2026-01-25","ob__terms__click",2,1,2,0
"2026-01-25","out__dialog__call_blocker__impr",2,1,2,0
"2026-01-25","out__permissions__contacts",2,1,0,0
"2026-01-25","pix_analyzer_alert_click",2,2,1,0
"2026-01-25","app_store_subscription_cancel",1,1,1,0
"2026-01-25","event_10605",1,1,1,0
"2026-01-25","event_19003",1,1,1,0
"2026-01-25","event_20011",1,1,1,0
"2026-01-25","event_2900",1,1,1,0
"2026-01-25","event_31004",1,1,1,0
"2026-01-25","event_35008",1,1,1,0
"2026-01-25","event_4216",1,1,1,0
"2026-01-25","event_4415",1,1,1,0
"2026-01-25","event_8009",1,1,1,0
"2026-01-25","event_9809",1,1,1,0
"2026-01-25","in__anti_theft__click",1,1,1,0
"2026-01-25","in__battery_manager__click",1,1,1,0
"2026-01-25","in__billboard__scheduler__impre",1,1,1,0
"2026-01-25","in__call_blocker__configuration",1,1,1,0
"2026-01-25","in__cpu_cooler__cancel",1,1,1,0
"2026-01-25","in__dialog__advanced_protection",1,1,1,0
"2026-01-25","in__dialog__gallery_assistant_a",1,1,1,0
"2026-01-25","in__dialog__privacy_protection_",1,1,1,0
"2026-01-25","in__game_booster__click",1,1,1,0
"2026-01-25","in__game_booster__conversion",1,1,1,0
"2026-01-25","in__game_booster__setup__step_1",1,1,1,0
"2026-01-25","in__game_booster__setup__step_2",1,1,1,0
"2026-01-25","in__home__grid__button_click",1,1,1,0
"2026-01-25","in__landing_page__privacy_forgo",1,1,1,0
"2026-01-25","in__landing_page__weekly_report",1,1,1,0
"2026-01-25","in__memory_boost__cancel",1,1,1,0
"2026-01-25","in__security_advisor__click",1,1,1,0
"2026-01-25","in__settings__assistant",1,1,1,0
"2026-01-25","in__settings__charge_monitor__d",1,1,1,0
"2026-01-25","in__settings__update_monitor",1,1,1,0
"2026-01-25","in__settings__vault_block",1,1,1,0
"2026-01-25","in__storage_cleanup__cancel",1,1,1,0
"2026-01-25","in__vault__click",1,1,1,0
"2026-01-25","in__vault__setup__step_5",1,1,1,0
"2026-01-25","notification_open",1,1,1,0
"2026-01-25","out__ads__click",1,1,0,0
"2026-01-25","out__card__advanced_protection_",1,1,1,0
"2026-01-25","out__dialog__call_blocker__click",1,1,1,0
"2026-01-25","out__dialog__install_monitor_in",1,1,1,0
"2026-01-25","out__dialog__update_monitor_inf",1,1,1,0
"2026-01-25","out__float_window__click",1,1,0,0
"2026-01-25","out__vault__configuration__remo",1,1,1,0
"2026-01-25","subscription__click",1,1,1,0
