Data,SKU,ContagemDeEventos,TotalDeUsuarios
"2024-10-01","com.psafe.msuite.ultra_12mo_59.90",1312,754
"2024-10-01","com.psafe.msuite.ads_free_12mo_13.90",456,352
"2024-10-01","com.psafe.msuite.pro_lto_12mo_39.90",145,110
"2024-10-01","com.psafe.msuite.pro_3day_trial_12mo49.9",65,46
"2024-10-01","com.psafe.msuite.adsfree_lto_12mo",39,24
"2024-10-01","com.psafe.msuite.ultra_1mo_16.90",39,29
"2024-10-01","com.psafe.msuite.pro_1mo_3.90",15,12
"2024-10-01","com.psafe.msuite.pro_12mo_49.90",12,10
"2024-10-01","com.psafe.msuite.ads_free_12mo",4,3
"2024-10-01","com.psafe.msuite.ultra_12mo",4,3
"2024-10-01","com.psafe.msuite.ultra_12mo_99.99",2,1
"2024-10-01","(not set)",1,1
"2024-10-02","com.psafe.msuite.ultra_12mo_59.90",1243,743
"2024-10-02","com.psafe.msuite.ads_free_12mo_13.90",431,346
"2024-10-02","com.psafe.msuite.pro_lto_12mo_39.90",236,102
"2024-10-02","com.psafe.msuite.pro_3day_trial_12mo49.9",71,46
"2024-10-02","com.psafe.msuite.adsfree_lto_12mo",49,40
"2024-10-02","com.psafe.msuite.ultra_1mo_16.90",30,20
"2024-10-02","com.psafe.msuite.pro_1mo_3.90",17,9
"2024-10-02","com.psafe.msuite.pro_12mo_49.90",9,7
"2024-10-02","com.psafe.msuite.ultra_12mo",7,4
"2024-10-02","com.psafe.msuite.ads_free_12mo",1,1
"2024-10-03","com.psafe.msuite.ultra_12mo_59.90",1185,736
"2024-10-03","com.psafe.msuite.ads_free_12mo_13.90",415,322
"2024-10-03","com.psafe.msuite.pro_lto_12mo_39.90",166,121
"2024-10-03","com.psafe.msuite.pro_3day_trial_12mo49.9",77,54
"2024-10-03","com.psafe.msuite.adsfree_lto_12mo",43,35
"2024-10-03","com.psafe.msuite.ultra_1mo_16.90",41,30
"2024-10-03","com.psafe.msuite.pro_1mo_3.90",17,15
"2024-10-03","com.psafe.msuite.ultra_12mo",13,5
"2024-10-03","com.psafe.msuite.pro_12mo_49.90",8,7
"2024-10-03","com.psafe.msuite.ads_free_12mo",3,3
"2024-10-03","com.psafe.msuite.pro_lto_12mo",1,1
"2024-10-04","com.psafe.msuite.ultra_12mo_59.90",1293,788
"2024-10-04","com.psafe.msuite.ads_free_12mo_13.90",436,346
"2024-10-04","com.psafe.msuite.pro_lto_12mo_39.90",131,97
"2024-10-04","com.psafe.msuite.pro_3day_trial_12mo49.9",65,50
"2024-10-04","com.psafe.msuite.adsfree_lto_12mo",47,38
"2024-10-04","com.psafe.msuite.ultra_1mo_16.90",21,19
"2024-10-04","com.psafe.msuite.ads_free_12mo",16,7
"2024-10-04","com.psafe.msuite.pro_1mo_3.90",14,7
"2024-10-04","com.psafe.msuite.ultra_12mo",10,7
"2024-10-04","com.psafe.msuite.pro_12mo_49.90",5,3
"2024-10-04","com.psafe.msuite.pro_1mo",1,1
"2024-10-04","com.psafe.msuite.pro_3day_trial_12mo",1,1
"2024-10-05","com.psafe.msuite.ultra_12mo_59.90",1141,719
"2024-10-05","com.psafe.msuite.ads_free_12mo_13.90",433,332
"2024-10-05","com.psafe.msuite.pro_lto_12mo_39.90",152,112
"2024-10-05","com.psafe.msuite.adsfree_lto_12mo",58,42
"2024-10-05","com.psafe.msuite.pro_3day_trial_12mo49.9",49,32
"2024-10-05","com.psafe.msuite.ultra_1mo_16.90",21,19
"2024-10-05","com.psafe.msuite.ultra_12mo",9,7
"2024-10-05","com.psafe.msuite.pro_12mo_49.90",8,4
"2024-10-05","com.psafe.msuite.ads_free_12mo",7,6
"2024-10-05","com.psafe.msuite.pro_1mo_3.90",2,2
"2024-10-05","com.psafe.msuite.ultra_trial_12mo_2.99",1,1
"2024-10-06","com.psafe.msuite.ultra_12mo_59.90",1169,718
"2024-10-06","com.psafe.msuite.ads_free_12mo_13.90",414,316
"2024-10-06","com.psafe.msuite.pro_lto_12mo_39.90",168,103
"2024-10-06","com.psafe.msuite.adsfree_lto_12mo",59,37
"2024-10-06","com.psafe.msuite.pro_3day_trial_12mo49.9",48,33
"2024-10-06","com.psafe.msuite.ultra_1mo_16.90",28,26
"2024-10-06","com.psafe.msuite.ultra_12mo",9,3
"2024-10-06","com.psafe.msuite.ads_free_12mo",8,4
"2024-10-06","com.psafe.msuite.pro_1mo_3.90",7,7
"2024-10-06","(not set)",2,2
"2024-10-06","com.psafe.msuite.ultra_trial_12mo_2.99",2,1
"2024-10-07","com.psafe.msuite.ultra_12mo_59.90",1182,734
"2024-10-07","com.psafe.msuite.ads_free_12mo_13.90",474,348
"2024-10-07","com.psafe.msuite.pro_lto_12mo_39.90",111,90
"2024-10-07","com.psafe.msuite.ultra_1mo_16.90",41,29
"2024-10-07","com.psafe.msuite.pro_3day_trial_12mo49.9",33,26
"2024-10-07","com.psafe.msuite.ads_free_12mo",31,6
"2024-10-07","com.psafe.msuite.adsfree_lto_12mo",26,25
"2024-10-07","com.psafe.msuite.pro_1mo_3.90",7,7
"2024-10-07","com.psafe.msuite.ultra_12mo",7,5
"2024-10-07","com.psafe.msuite.pro_12mo_49.90",4,3
"2024-10-08","com.psafe.msuite.ultra_12mo_59.90",1229,760
"2024-10-08","com.psafe.msuite.ads_free_12mo_13.90",449,355
"2024-10-08","com.psafe.msuite.pro_lto_12mo_39.90",125,80
"2024-10-08","com.psafe.msuite.pro_3day_trial_12mo49.9",51,40
"2024-10-08","com.psafe.msuite.adsfree_lto_12mo",49,34
"2024-10-08","com.psafe.msuite.ultra_1mo_16.90",41,30
"2024-10-08","com.psafe.msuite.pro_1mo_3.90",22,12
"2024-10-08","com.psafe.msuite.pro_12mo_49.90",6,5
"2024-10-08","com.psafe.msuite.ultra_12mo",3,2
"2024-10-08","com.psafe.msuite.ads_free_12mo",2,2
"2024-10-09","com.psafe.msuite.ultra_12mo_59.90",1233,735
"2024-10-09","com.psafe.msuite.ads_free_12mo_13.90",540,372
"2024-10-09","com.psafe.msuite.pro_lto_12mo_39.90",143,79
"2024-10-09","com.psafe.msuite.pro_3day_trial_12mo49.9",77,50
"2024-10-09","com.psafe.msuite.adsfree_lto_12mo",39,34
"2024-10-09","com.psafe.msuite.ultra_1mo_16.90",36,35
"2024-10-09","com.psafe.msuite.ultra_12mo",15,7
"2024-10-09","com.psafe.msuite.pro_1mo_3.90",8,7
"2024-10-09","com.psafe.msuite.ads_free_12mo",4,4
"2024-10-09","(not set)",3,2
"2024-10-09","com.psafe.msuite.pro_12mo_49.90",3,3
"2024-10-10","com.psafe.msuite.ultra_12mo_59.90",1266,769
"2024-10-10","com.psafe.msuite.ads_free_12mo_13.90",460,354
"2024-10-10","com.psafe.msuite.pro_lto_12mo_39.90",109,77
"2024-10-10","com.psafe.msuite.adsfree_lto_12mo",38,25
"2024-10-10","com.psafe.msuite.pro_3day_trial_12mo49.9",37,29
"2024-10-10","com.psafe.msuite.ultra_1mo_16.90",31,22
"2024-10-10","com.psafe.msuite.ultra_12mo",16,6
"2024-10-10","com.psafe.msuite.pro_12mo_49.90",9,6
"2024-10-10","com.psafe.msuite.ads_free_12mo",7,5
"2024-10-10","com.psafe.msuite.pro_1mo_3.90",2,2
"2024-10-10","com.psafe.msuite.ultra_1mo",1,1
"2024-10-11","com.psafe.msuite.ultra_12mo_59.90",1275,753
"2024-10-11","com.psafe.msuite.ads_free_12mo_13.90",417,334
"2024-10-11","com.psafe.msuite.pro_lto_12mo_39.90",173,82
"2024-10-11","com.psafe.msuite.pro_3day_trial_12mo49.9",42,28
"2024-10-11","com.psafe.msuite.adsfree_lto_12mo",33,28
"2024-10-11","com.psafe.msuite.ultra_1mo_16.90",29,21
"2024-10-11","com.psafe.msuite.ultra_12mo",7,4
"2024-10-11","com.psafe.msuite.pro_1mo_3.90",6,5
"2024-10-11","com.psafe.msuite.ads_free_12mo",5,3
"2024-10-11","com.psafe.msuite.pro_12mo_49.90",4,3
"2024-10-11","(not set)",1,1
"2024-10-11","com.psafe.msuite.ultra_12mo_99.99",1,1
"2024-10-12","com.psafe.msuite.ultra_12mo_59.90",1223,765
"2024-10-12","com.psafe.msuite.ads_free_12mo_13.90",413,330
"2024-10-12","com.psafe.msuite.pro_lto_12mo_39.90",96,70
"2024-10-12","com.psafe.msuite.pro_3day_trial_12mo49.9",50,32
"2024-10-12","com.psafe.msuite.ultra_1mo_16.90",28,24
"2024-10-12","com.psafe.msuite.adsfree_lto_12mo",25,22
"2024-10-12","com.psafe.msuite.pro_1mo_3.90",23,10
"2024-10-12","com.psafe.msuite.ultra_12mo",21,6
"2024-10-12","com.psafe.msuite.ads_free_12mo",4,4
"2024-10-12","com.psafe.msuite.pro_12mo_49.90",1,1
"2024-10-13","com.psafe.msuite.ultra_12mo_59.90",1239,786
"2024-10-13","com.psafe.msuite.ads_free_12mo_13.90",447,340
"2024-10-13","com.psafe.msuite.pro_lto_12mo_39.90",69,47
"2024-10-13","com.psafe.msuite.pro_3day_trial_12mo49.9",66,37
"2024-10-13","com.psafe.msuite.adsfree_lto_12mo",42,35
"2024-10-13","com.psafe.msuite.ultra_1mo_16.90",28,26
"2024-10-13","com.psafe.msuite.pro_1mo_3.90",6,4
"2024-10-13","com.psafe.msuite.ultra_12mo",4,4
"2024-10-13","(not set)",1,1
"2024-10-13","com.psafe.msuite.pro_12mo_49.90",1,1
"2024-10-13","com.psafe.msuite.pro_3day_trial_12mo",1,1
"2024-10-14","com.psafe.msuite.ultra_12mo_59.90",1216,760
"2024-10-14","com.psafe.msuite.ads_free_12mo_13.90",478,362
"2024-10-14","com.psafe.msuite.pro_lto_12mo_39.90",164,74
"2024-10-14","com.psafe.msuite.ultra_1mo_16.90",49,30
"2024-10-14","com.psafe.msuite.pro_3day_trial_12mo49.9",39,29
"2024-10-14","com.psafe.msuite.adsfree_lto_12mo",19,18
"2024-10-14","com.psafe.msuite.pro_12mo_49.90",12,7
"2024-10-14","com.psafe.msuite.pro_1mo_3.90",8,4
"2024-10-14","com.psafe.msuite.ads_free_12mo",6,6
"2024-10-14","com.psafe.msuite.ultra_12mo",6,4
"2024-10-15","com.psafe.msuite.ultra_12mo_59.90",1333,783
"2024-10-15","com.psafe.msuite.ads_free_12mo_13.90",485,365
"2024-10-15","com.psafe.msuite.pro_lto_12mo_39.90",105,77
"2024-10-15","com.psafe.msuite.pro_3day_trial_12mo49.9",62,40
"2024-10-15","com.psafe.msuite.adsfree_lto_12mo",44,36
"2024-10-15","com.psafe.msuite.ultra_1mo_16.90",39,32
"2024-10-15","com.psafe.msuite.pro_12mo_49.90",5,3
"2024-10-15","com.psafe.msuite.pro_1mo_3.90",5,4
"2024-10-15","com.psafe.msuite.ultra_12mo",4,3
"2024-10-15","com.psafe.msuite.ads_free_12mo",1,1
"2024-10-15","com.psafe.msuite.pro_trial_12mo",1,1
"2024-10-16","com.psafe.msuite.ultra_12mo_59.90",1361,836
"2024-10-16","com.psafe.msuite.ads_free_12mo_13.90",462,364
"2024-10-16","com.psafe.msuite.pro_lto_12mo_39.90",75,59
"2024-10-16","com.psafe.msuite.pro_3day_trial_12mo49.9",47,32
"2024-10-16","com.psafe.msuite.ultra_1mo_16.90",38,34
"2024-10-16","com.psafe.msuite.adsfree_lto_12mo",27,21
"2024-10-16","com.psafe.msuite.pro_12mo_49.90",10,6
"2024-10-16","com.psafe.msuite.pro_1mo_3.90",6,5
"2024-10-16","(not set)",5,1
"2024-10-16","com.psafe.msuite.pro_lto_12mo",3,1
"2024-10-16","com.psafe.msuite.ads_free_12mo",1,1
"2024-10-16","com.psafe.msuite.ultra_12mo",1,1
"2024-10-17","com.psafe.msuite.ultra_12mo_59.90",1230,761
"2024-10-17","com.psafe.msuite.ads_free_12mo_13.90",501,390
"2024-10-17","com.psafe.msuite.pro_lto_12mo_39.90",93,69
"2024-10-17","com.psafe.msuite.pro_3day_trial_12mo49.9",38,26
"2024-10-17","com.psafe.msuite.adsfree_lto_12mo",32,28
"2024-10-17","com.psafe.msuite.ultra_1mo_16.90",18,15
"2024-10-17","com.psafe.msuite.pro_12mo_49.90",10,5
"2024-10-17","com.psafe.msuite.ads_free_12mo",8,3
"2024-10-17","com.psafe.msuite.pro_1mo_3.90",6,6
"2024-10-17","com.psafe.msuite.ultra_12mo",6,2
"2024-10-17","(not set)",4,2
"2024-10-18","com.psafe.msuite.ultra_12mo_59.90",1258,776
"2024-10-18","com.psafe.msuite.ads_free_12mo_13.90",414,318
"2024-10-18","com.psafe.msuite.pro_lto_12mo_39.90",58,54
"2024-10-18","com.psafe.msuite.adsfree_lto_12mo",30,23
"2024-10-18","com.psafe.msuite.pro_3day_trial_12mo49.9",29,24
"2024-10-18","com.psafe.msuite.ultra_1mo_16.90",27,24
"2024-10-18","com.psafe.msuite.pro_1mo_3.90",7,6
"2024-10-18","com.psafe.msuite.ultra_12mo",7,3
"2024-10-18","com.psafe.msuite.ads_free_12mo",5,5
"2024-10-18","com.psafe.msuite.pro_12mo_49.90",2,2
"2024-10-18","(not set)",1,1
"2024-10-19","com.psafe.msuite.ultra_12mo_59.90",1320,787
"2024-10-19","com.psafe.msuite.ads_free_12mo_13.90",441,307
"2024-10-19","com.psafe.msuite.pro_lto_12mo_39.90",83,56
"2024-10-19","com.psafe.msuite.pro_3day_trial_12mo49.9",71,25
"2024-10-19","com.psafe.msuite.ultra_1mo_16.90",40,25
"2024-10-19","com.psafe.msuite.adsfree_lto_12mo",35,28
"2024-10-19","com.psafe.msuite.pro_1mo_3.90",25,10
"2024-10-19","com.psafe.msuite.ultra_12mo",14,9
"2024-10-19","com.psafe.msuite.pro_12mo_49.90",8,6
"2024-10-19","com.psafe.msuite.ads_free_12mo",5,3
"2024-10-19","(not set)",2,2
"2024-10-19","com.psafe.msuite.ultra_1mo",1,1
"2024-10-20","com.psafe.msuite.ultra_12mo_59.90",1301,808
"2024-10-20","com.psafe.msuite.ads_free_12mo_13.90",403,340
"2024-10-20","com.psafe.msuite.ultra_1mo_16.90",70,37
"2024-10-20","com.psafe.msuite.pro_lto_12mo_39.90",59,51
"2024-10-20","com.psafe.msuite.pro_3day_trial_12mo49.9",46,35
"2024-10-20","com.psafe.msuite.pro_1mo_3.90",42,10
"2024-10-20","com.psafe.msuite.adsfree_lto_12mo",28,23
"2024-10-20","com.psafe.msuite.ultra_12mo",6,4
"2024-10-20","com.psafe.msuite.pro_12mo_49.90",5,4
"2024-10-20","(not set)",2,2
"2024-10-20","com.psafe.msuite.ads_free_12mo",1,1
"2024-10-21","com.psafe.msuite.ultra_12mo_59.90",1299,790
"2024-10-21","com.psafe.msuite.ads_free_12mo_13.90",443,359
"2024-10-21","com.psafe.msuite.pro_lto_12mo_39.90",56,43
"2024-10-21","com.psafe.msuite.pro_3day_trial_12mo49.9",55,38
"2024-10-21","com.psafe.msuite.ultra_1mo_16.90",51,37
"2024-10-21","com.psafe.msuite.adsfree_lto_12mo",27,21
"2024-10-21","com.psafe.msuite.pro_1mo_3.90",19,9
"2024-10-21","com.psafe.msuite.pro_12mo_49.90",9,6
"2024-10-21","com.psafe.msuite.ultra_12mo",4,4
"2024-10-21","com.psafe.msuite.ads_free_12mo",2,2
"2024-10-22","com.psafe.msuite.ultra_12mo_59.90",1231,772
"2024-10-22","com.psafe.msuite.ads_free_12mo_13.90",506,383
"2024-10-22","com.psafe.msuite.pro_lto_12mo_39.90",100,50
"2024-10-22","com.psafe.msuite.pro_3day_trial_12mo49.9",57,36
"2024-10-22","com.psafe.msuite.ultra_1mo_16.90",52,24
"2024-10-22","com.psafe.msuite.adsfree_lto_12mo",25,22
"2024-10-22","com.psafe.msuite.pro_12mo_49.90",13,4
"2024-10-22","com.psafe.msuite.pro_1mo_3.90",10,7
"2024-10-22","com.psafe.msuite.ultra_12mo",7,4
"2024-10-22","com.psafe.msuite.ads_free_12mo",2,2
"2024-10-22","(not set)",1,1
"2024-10-22","com.psafe.msuite.pro_lto_12mo",1,1
"2024-10-23","com.psafe.msuite.ultra_12mo_59.90",1208,736
"2024-10-23","com.psafe.msuite.ads_free_12mo_13.90",444,353
"2024-10-23","com.psafe.msuite.pro_lto_12mo_39.90",168,50
"2024-10-23","com.psafe.msuite.adsfree_lto_12mo",47,36
"2024-10-23","com.psafe.msuite.ultra_1mo_16.90",43,31
"2024-10-23","com.psafe.msuite.pro_3day_trial_12mo49.9",31,27
"2024-10-23","com.psafe.msuite.pro_1mo_3.90",25,5
"2024-10-23","com.psafe.msuite.ads_free_12mo",7,5
"2024-10-23","com.psafe.msuite.ultra_12mo",4,3
"2024-10-23","com.psafe.msuite.pro_12mo_49.90",2,2
"2024-10-23","(not set)",1,1
"2024-10-24","com.psafe.msuite.ultra_12mo_59.90",1232,780
"2024-10-24","com.psafe.msuite.ads_free_12mo_13.90",503,378
"2024-10-24","com.psafe.msuite.pro_lto_12mo_39.90",73,49
"2024-10-24","com.psafe.msuite.ultra_1mo_16.90",63,40
"2024-10-24","com.psafe.msuite.pro_3day_trial_12mo49.9",47,29
"2024-10-24","com.psafe.msuite.adsfree_lto_12mo",33,26
"2024-10-24","com.psafe.msuite.pro_1mo_3.90",16,11
"2024-10-24","com.psafe.msuite.ultra_12mo",11,8
"2024-10-24","com.psafe.msuite.pro_12mo_49.90",5,5
"2024-10-24","com.psafe.msuite.ads_free_12mo",3,2
"2024-10-24","com.psafe.msuite.ultra_trial_12mo_2.99",2,1
"2024-10-24","com.psafe.msuite.ultra_1mo",1,1
"2024-10-25","com.psafe.msuite.ultra_12mo_59.90",1129,708
"2024-10-25","com.psafe.msuite.ads_free_12mo_13.90",461,353
"2024-10-25","com.psafe.msuite.pro_lto_12mo_39.90",60,43
"2024-10-25","com.psafe.msuite.pro_3day_trial_12mo49.9",40,20
"2024-10-25","com.psafe.msuite.adsfree_lto_12mo",32,21
"2024-10-25","com.psafe.msuite.ultra_1mo_16.90",31,26
"2024-10-25","com.psafe.msuite.pro_1mo_3.90",23,12
"2024-10-25","com.psafe.msuite.ultra_12mo",9,3
"2024-10-25","com.psafe.msuite.pro_12mo_49.90",3,2
"2024-10-25","(not set)",2,1
"2024-10-25","com.psafe.msuite.ads_free_12mo",1,1
"2024-10-26","com.psafe.msuite.ultra_12mo_59.90",1108,706
"2024-10-26","com.psafe.msuite.ads_free_12mo_13.90",470,338
"2024-10-26","com.psafe.msuite.pro_lto_12mo_39.90",79,50
"2024-10-26","com.psafe.msuite.pro_3day_trial_12mo49.9",42,24
"2024-10-26","com.psafe.msuite.adsfree_lto_12mo",40,27
"2024-10-26","com.psafe.msuite.ultra_1mo_16.90",29,23
"2024-10-26","com.psafe.msuite.pro_1mo_3.90",10,9
"2024-10-26","com.psafe.msuite.ultra_12mo",5,3
"2024-10-26","com.psafe.msuite.pro_12mo_49.90",2,2
"2024-10-26","com.psafe.msuite.ads_free_12mo",1,1
"2024-10-27","com.psafe.msuite.ultra_12mo_59.90",1265,795
"2024-10-27","com.psafe.msuite.ads_free_12mo_13.90",407,317
"2024-10-27","com.psafe.msuite.pro_3day_trial_12mo49.9",102,24
"2024-10-27","com.psafe.msuite.pro_lto_12mo_39.90",58,44
"2024-10-27","com.psafe.msuite.ultra_1mo_16.90",39,31
"2024-10-27","com.psafe.msuite.adsfree_lto_12mo",34,24
"2024-10-27","com.psafe.msuite.pro_1mo_3.90",20,8
"2024-10-27","com.psafe.msuite.ads_free_12mo",6,3
"2024-10-27","com.psafe.msuite.ultra_12mo",6,3
"2024-10-27","(not set)",2,2
"2024-10-27","com.psafe.msuite.pro_12mo_49.90",1,1
"2024-10-28","com.psafe.msuite.ultra_12mo_59.90",1365,826
"2024-10-28","com.psafe.msuite.ads_free_12mo_13.90",514,395
"2024-10-28","com.psafe.msuite.pro_lto_12mo_39.90",50,39
"2024-10-28","com.psafe.msuite.ultra_1mo_16.90",50,38
"2024-10-28","com.psafe.msuite.pro_3day_trial_12mo49.9",46,31
"2024-10-28","com.psafe.msuite.adsfree_lto_12mo",23,18
"2024-10-28","com.psafe.msuite.ads_free_12mo",10,5
"2024-10-28","com.psafe.msuite.pro_1mo_3.90",8,7
"2024-10-28","com.psafe.msuite.pro_12mo_49.90",6,4
"2024-10-28","com.psafe.msuite.ultra_12mo",6,4
"2024-10-28","(not set)",1,1
"2024-10-29","com.psafe.msuite.ultra_12mo_59.90",1247,780
"2024-10-29","com.psafe.msuite.ads_free_12mo_13.90",491,357
"2024-10-29","com.psafe.msuite.pro_lto_12mo_39.90",78,55
"2024-10-29","com.psafe.msuite.ultra_1mo_16.90",39,29
"2024-10-29","com.psafe.msuite.pro_3day_trial_12mo49.9",38,27
"2024-10-29","com.psafe.msuite.adsfree_lto_12mo",31,27
"2024-10-29","com.psafe.msuite.pro_1mo_3.90",17,11
"2024-10-29","com.psafe.msuite.pro_12mo_49.90",11,7
"2024-10-29","com.psafe.msuite.ads_free_12mo",7,3
"2024-10-29","com.psafe.msuite.ultra_12mo",7,5
"2024-10-29","(not set)",1,1
"2024-10-30","com.psafe.msuite.ultra_12mo_59.90",1335,822
"2024-10-30","com.psafe.msuite.ads_free_12mo_13.90",519,395
"2024-10-30","com.psafe.msuite.pro_lto_12mo_39.90",54,42
"2024-10-30","com.psafe.msuite.pro_3day_trial_12mo49.9",53,32
"2024-10-30","com.psafe.msuite.ultra_1mo_16.90",34,32
"2024-10-30","com.psafe.msuite.adsfree_lto_12mo",33,19
"2024-10-30","com.psafe.msuite.pro_12mo_49.90",9,6
"2024-10-30","com.psafe.msuite.pro_1mo_3.90",7,7
"2024-10-30","com.psafe.msuite.ultra_12mo",6,4
"2024-10-30","com.psafe.msuite.ads_free_12mo",3,2
"2024-10-31","com.psafe.msuite.ultra_12mo_59.90",1418,817
"2024-10-31","com.psafe.msuite.ads_free_12mo_13.90",547,369
"2024-10-31","com.psafe.msuite.pro_lto_12mo_39.90",72,46
"2024-10-31","com.psafe.msuite.ultra_1mo_16.90",57,32
"2024-10-31","com.psafe.msuite.adsfree_lto_12mo",46,32
"2024-10-31","com.psafe.msuite.pro_3day_trial_12mo49.9",45,23
"2024-10-31","com.psafe.msuite.ultra_12mo",14,10
"2024-10-31","com.psafe.msuite.ads_free_12mo",11,6
"2024-10-31","com.psafe.msuite.pro_1mo_3.90",9,8
"2024-10-31","com.psafe.msuite.pro_12mo_49.90",7,3
"2024-10-31","com.psafe.msuite.pro_1mo",1,1
"2024-10-31","com.psafe.msuite.pro_3day_trial_12mo",1,1
"2024-10-31","com.psafe.msuite.ultra_1mo",1,1
"2024-11-01","com.psafe.msuite.ultra_12mo_59.90",1486,917
"2024-11-01","com.psafe.msuite.ads_free_12mo_13.90",484,374
"2024-11-01","com.psafe.msuite.pro_3day_trial_12mo49.9",54,42
"2024-11-01","com.psafe.msuite.pro_lto_12mo_39.90",49,35
"2024-11-01","com.psafe.msuite.ultra_1mo_16.90",46,37
"2024-11-01","com.psafe.msuite.adsfree_lto_12mo",45,36
"2024-11-01","com.psafe.msuite.pro_1mo_3.90",18,14
"2024-11-01","com.psafe.msuite.pro_12mo_49.90",12,8
"2024-11-01","com.psafe.msuite.ultra_12mo",8,5
"2024-11-01","com.psafe.msuite.ads_free_12mo",5,5
"2024-11-02","com.psafe.msuite.ultra_12mo_59.90",1717,1039
"2024-11-02","com.psafe.msuite.ads_free_12mo_13.90",552,409
"2024-11-02","com.psafe.msuite.ultra_1mo_16.90",72,46
"2024-11-02","com.psafe.msuite.pro_lto_12mo_39.90",70,49
"2024-11-02","com.psafe.msuite.pro_3day_trial_12mo49.9",54,38
"2024-11-02","com.psafe.msuite.adsfree_lto_12mo",52,31
"2024-11-02","com.psafe.msuite.ultra_12mo",14,8
"2024-11-02","com.psafe.msuite.pro_1mo_3.90",8,7
"2024-11-02","com.psafe.msuite.pro_12mo_49.90",4,4
"2024-11-02","com.psafe.msuite.ads_free_12mo",3,3
"2024-11-02","(not set)",1,1
"2024-11-03","com.psafe.msuite.ultra_12mo_59.90",1526,942
"2024-11-03","com.psafe.msuite.ads_free_12mo_13.90",608,418
"2024-11-03","com.psafe.msuite.ultra_1mo_16.90",53,44
"2024-11-03","com.psafe.msuite.adsfree_lto_12mo",50,29
"2024-11-03","com.psafe.msuite.pro_lto_12mo_39.90",43,37
"2024-11-03","com.psafe.msuite.pro_3day_trial_12mo49.9",39,29
"2024-11-03","com.psafe.msuite.ultra_12mo",8,6
"2024-11-03","com.psafe.msuite.pro_1mo_3.90",6,6
"2024-11-03","com.psafe.msuite.ads_free_12mo",4,3
"2024-11-03","com.psafe.msuite.pro_12mo_49.90",3,3
"2024-11-04","com.psafe.msuite.ultra_12mo_59.90",1507,900
"2024-11-04","com.psafe.msuite.ads_free_12mo_13.90",476,386
"2024-11-04","com.psafe.msuite.pro_lto_12mo_39.90",89,55
"2024-11-04","com.psafe.msuite.ultra_1mo_16.90",65,52
"2024-11-04","com.psafe.msuite.pro_3day_trial_12mo49.9",62,35
"2024-11-04","com.psafe.msuite.adsfree_lto_12mo",37,30
"2024-11-04","com.psafe.msuite.pro_1mo_3.90",17,12
"2024-11-04","com.psafe.msuite.ultra_12mo",10,6
"2024-11-04","com.psafe.msuite.pro_12mo_49.90",5,4
"2024-11-04","com.psafe.msuite.ads_free_12mo",2,2
"2024-11-04","com.psafe.msuite.pro_trial_12mo",1,1
"2024-11-05","com.psafe.msuite.ultra_12mo_59.90",1379,834
"2024-11-05","com.psafe.msuite.ads_free_12mo_13.90",505,392
"2024-11-05","com.psafe.msuite.pro_lto_12mo_39.90",163,110
"2024-11-05","com.psafe.msuite.ultra_1mo_16.90",77,40
"2024-11-05","com.psafe.msuite.pro_3day_trial_12mo49.9",57,33
"2024-11-05","com.psafe.msuite.adsfree_lto_12mo",28,21
"2024-11-05","com.psafe.msuite.pro_1mo_3.90",12,10
"2024-11-05","(not set)",6,5
"2024-11-05","com.psafe.msuite.ultra_12mo",5,5
"2024-11-05","com.psafe.msuite.pro_12mo_49.90",2,2
"2024-11-06","com.psafe.msuite.ultra_12mo_59.90",1502,890
"2024-11-06","com.psafe.msuite.ads_free_12mo_13.90",526,389
"2024-11-06","com.psafe.msuite.pro_lto_12mo_39.90",185,105
"2024-11-06","com.psafe.msuite.ultra_1mo_16.90",67,38
"2024-11-06","com.psafe.msuite.pro_3day_trial_12mo49.9",64,36
"2024-11-06","com.psafe.msuite.adsfree_lto_12mo",27,24
"2024-11-06","com.psafe.msuite.pro_1mo_3.90",18,8
"2024-11-06","com.psafe.msuite.ads_free_12mo",8,4
"2024-11-06","com.psafe.msuite.ultra_12mo",7,6
"2024-11-06","com.psafe.msuite.pro_12mo_49.90",3,3
"2024-11-06","(not set)",2,2
"2024-11-07","com.psafe.msuite.ultra_12mo_59.90",1218,783
"2024-11-07","com.psafe.msuite.ads_free_12mo_13.90",501,360
"2024-11-07","com.psafe.msuite.pro_lto_12mo_39.90",154,110
"2024-11-07","com.psafe.msuite.ultra_1mo_16.90",54,38
"2024-11-07","com.psafe.msuite.pro_3day_trial_12mo49.9",47,34
"2024-11-07","com.psafe.msuite.adsfree_lto_12mo",43,25
"2024-11-07","com.psafe.msuite.pro_1mo_3.90",18,11
"2024-11-07","com.psafe.msuite.ads_free_12mo",10,5
"2024-11-07","com.psafe.msuite.ultra_12mo",7,5
"2024-11-07","(not set)",5,5
"2024-11-07","com.psafe.msuite.pro_12mo_49.90",2,2
"2024-11-08","com.psafe.msuite.ultra_12mo_59.90",1275,824
"2024-11-08","com.psafe.msuite.ads_free_12mo_13.90",741,361
"2024-11-08","com.psafe.msuite.pro_lto_12mo_39.90",184,118
"2024-11-08","com.psafe.msuite.pro_3day_trial_12mo49.9",46,32
"2024-11-08","com.psafe.msuite.ultra_1mo_16.90",46,41
"2024-11-08","com.psafe.msuite.adsfree_lto_12mo",32,26
"2024-11-08","com.psafe.msuite.pro_1mo_3.90",12,9
"2024-11-08","com.psafe.msuite.ultra_12mo",11,6
"2024-11-08","com.psafe.msuite.ads_free_12mo",3,2
"2024-11-08","com.psafe.msuite.ultra_12mo_99.99",2,2
"2024-11-08","(not set)",1,1
"2024-11-08","com.psafe.msuite.pro_12mo_49.90",1,1
"2024-11-09","com.psafe.msuite.ultra_12mo_59.90",1449,882
"2024-11-09","com.psafe.msuite.ads_free_12mo_13.90",495,375
"2024-11-09","com.psafe.msuite.pro_lto_12mo_39.90",248,96
"2024-11-09","com.psafe.msuite.adsfree_lto_12mo",192,35
"2024-11-09","com.psafe.msuite.ultra_1mo_16.90",56,46
"2024-11-09","com.psafe.msuite.pro_3day_trial_12mo49.9",34,27
"2024-11-09","com.psafe.msuite.pro_1mo_3.90",30,16
"2024-11-09","com.psafe.msuite.pro_12mo_49.90",10,3
"2024-11-09","com.psafe.msuite.ultra_12mo",6,3
"2024-11-09","(not set)",3,2
"2024-11-09","com.psafe.msuite.ads_free_12mo",1,1
"2024-11-09","com.psafe.msuite.pro_lto_12mo",1,1
"2024-11-10","com.psafe.msuite.ultra_12mo_59.90",1424,896
"2024-11-10","com.psafe.msuite.ads_free_12mo_13.90",573,337
"2024-11-10","com.psafe.msuite.pro_lto_12mo_39.90",106,77
"2024-11-10","com.psafe.msuite.ultra_1mo_16.90",39,30
"2024-11-10","com.psafe.msuite.adsfree_lto_12mo",36,26
"2024-11-10","com.psafe.msuite.pro_3day_trial_12mo49.9",29,23
"2024-11-10","com.psafe.msuite.pro_1mo_3.90",13,11
"2024-11-10","com.psafe.msuite.ads_free_12mo",11,4
"2024-11-10","com.psafe.msuite.pro_12mo_49.90",6,2
"2024-11-10","com.psafe.msuite.ultra_12mo",4,4
"2024-11-10","(not set)",3,3
"2024-11-10","com.psafe.msuite.ultra_trial_12mo_2.99",1,1
"2024-11-11","com.psafe.msuite.ultra_12mo_59.90",1480,883
"2024-11-11","com.psafe.msuite.ads_free_12mo_13.90",497,348
"2024-11-11","com.psafe.msuite.pro_lto_12mo_39.90",129,86
"2024-11-11","com.psafe.msuite.ultra_1mo_16.90",46,32
"2024-11-11","com.psafe.msuite.adsfree_lto_12mo",45,30
"2024-11-11","com.psafe.msuite.pro_3day_trial_12mo49.9",42,27
"2024-11-11","com.psafe.msuite.pro_1mo_3.90",13,5
"2024-11-11","com.psafe.msuite.ultra_12mo",8,5
"2024-11-11","com.psafe.msuite.ads_free_12mo",6,6
"2024-11-11","(not set)",5,4
"2024-11-11","com.psafe.msuite.pro_12mo_49.90",1,1
"2024-11-12","com.psafe.msuite.ultra_12mo_59.90",1567,963
"2024-11-12","com.psafe.msuite.ads_free_12mo_13.90",524,378
"2024-11-12","com.psafe.msuite.pro_lto_12mo_39.90",115,73
"2024-11-12","(not set)",81,4
"2024-11-12","com.psafe.msuite.ultra_1mo_16.90",54,39
"2024-11-12","com.psafe.msuite.pro_3day_trial_12mo49.9",49,34
"2024-11-12","com.psafe.msuite.adsfree_lto_12mo",21,18
"2024-11-12","com.psafe.msuite.pro_1mo_3.90",11,11
"2024-11-12","com.psafe.msuite.ultra_12mo",4,3
"2024-11-12","com.psafe.msuite.ads_free_12mo",1,1
"2024-11-12","com.psafe.msuite.pro_12mo_49.90",1,1
"2024-11-13","com.psafe.msuite.ultra_12mo_59.90",1591,1002
"2024-11-13","com.psafe.msuite.ads_free_12mo_13.90",586,413
"2024-11-13","com.psafe.msuite.pro_lto_12mo_39.90",162,113
"2024-11-13","com.psafe.msuite.ultra_1mo_16.90",36,26
"2024-11-13","com.psafe.msuite.adsfree_lto_12mo",31,28
"2024-11-13","com.psafe.msuite.pro_3day_trial_12mo49.9",30,23
"2024-11-13","com.psafe.msuite.pro_1mo_3.90",14,11
"2024-11-13","com.psafe.msuite.ultra_12mo",9,6
"2024-11-13","com.psafe.msuite.ads_free_12mo",6,2
"2024-11-13","(not set)",3,3
"2024-11-13","com.psafe.msuite.pro_12mo_49.90",2,2
"2024-11-13","com.psafe.msuite.pro_3day_trial_12mo",1,1
"2024-11-14","com.psafe.msuite.ultra_12mo_59.90",1472,909
"2024-11-14","com.psafe.msuite.ads_free_12mo_13.90",485,363
"2024-11-14","com.psafe.msuite.pro_lto_12mo_39.90",111,79
"2024-11-14","com.psafe.msuite.ultra_1mo_16.90",89,46
"2024-11-14","com.psafe.msuite.pro_3day_trial_12mo49.9",49,32
"2024-11-14","com.psafe.msuite.adsfree_lto_12mo",40,26
"2024-11-14","com.psafe.msuite.pro_1mo_3.90",12,11
"2024-11-14","com.psafe.msuite.ultra_12mo",9,6
"2024-11-14","(not set)",7,7
"2024-11-14","com.psafe.msuite.ads_free_12mo",6,3
"2024-11-15","com.psafe.msuite.ultra_12mo_59.90",1590,971
"2024-11-15","com.psafe.msuite.ads_free_12mo_13.90",508,376
"2024-11-15","com.psafe.msuite.pro_lto_12mo_39.90",128,90
"2024-11-15","com.psafe.msuite.ultra_1mo_16.90",62,46
"2024-11-15","com.psafe.msuite.pro_3day_trial_12mo49.9",32,27
"2024-11-15","com.psafe.msuite.adsfree_lto_12mo",28,23
"2024-11-15","com.psafe.msuite.pro_1mo_3.90",14,10
"2024-11-15","com.psafe.msuite.ultra_12mo",7,5
"2024-11-15","(not set)",6,5
"2024-11-15","com.psafe.msuite.pro_12mo_49.90",4,4
"2024-11-15","com.psafe.msuite.ads_free_12mo_11.90",1,1
"2024-11-16","com.psafe.msuite.ultra_12mo_59.90",1543,971
"2024-11-16","com.psafe.msuite.ads_free_12mo_13.90",496,372
"2024-11-16","com.psafe.msuite.pro_lto_12mo_39.90",292,106
"2024-11-16","com.psafe.msuite.ultra_1mo_16.90",70,44
"2024-11-16","com.psafe.msuite.adsfree_lto_12mo",51,34
"2024-11-16","com.psafe.msuite.pro_3day_trial_12mo49.9",49,29
"2024-11-16","com.psafe.msuite.pro_1mo_3.90",28,7
"2024-11-16","com.psafe.msuite.ultra_12mo",17,11
"2024-11-16","com.psafe.msuite.pro_12mo_49.90",11,3
"2024-11-16","com.psafe.msuite.ads_free_12mo",3,2
"2024-11-17","com.psafe.msuite.ultra_12mo_59.90",1469,942
"2024-11-17","com.psafe.msuite.ads_free_12mo_13.90",473,360
"2024-11-17","com.psafe.msuite.pro_lto_12mo_39.90",150,105
"2024-11-17","com.psafe.msuite.pro_3day_trial_12mo49.9",42,29
"2024-11-17","com.psafe.msuite.ultra_1mo_16.90",40,35
"2024-11-17","com.psafe.msuite.adsfree_lto_12mo",38,33
"2024-11-17","com.psafe.msuite.pro_12mo_49.90",13,4
"2024-11-17","com.psafe.msuite.ultra_12mo",11,7
"2024-11-17","com.psafe.msuite.pro_1mo_3.90",5,5
"2024-11-17","(not set)",3,3
"2024-11-17","com.psafe.msuite.ads_free_12mo",2,1
"2024-11-17","com.psafe.msuite.pro_12mo_29.88",1,1
"2024-11-18","com.psafe.msuite.ultra_12mo_59.90",1446,933
"2024-11-18","com.psafe.msuite.ads_free_12mo_13.90",528,390
"2024-11-18","com.psafe.msuite.pro_lto_12mo_39.90",164,118
"2024-11-18","com.psafe.msuite.pro_3day_trial_12mo49.9",54,40
"2024-11-18","com.psafe.msuite.ultra_1mo_16.90",49,38
"2024-11-18","com.psafe.msuite.adsfree_lto_12mo",25,21
"2024-11-18","com.psafe.msuite.pro_1mo_3.90",17,13
"2024-11-18","com.psafe.msuite.ultra_12mo",10,8
"2024-11-18","com.psafe.msuite.ads_free_12mo",6,4
"2024-11-18","com.psafe.msuite.pro_12mo_49.90",5,3
"2024-11-18","(not set)",2,2
"2024-11-19","com.psafe.msuite.ultra_12mo_59.90",1418,873
"2024-11-19","com.psafe.msuite.ads_free_12mo_13.90",445,354
"2024-11-19","com.psafe.msuite.pro_lto_12mo_39.90",147,104
"2024-11-19","com.psafe.msuite.ultra_1mo_16.90",54,41
"2024-11-19","com.psafe.msuite.adsfree_lto_12mo",38,27
"2024-11-19","com.psafe.msuite.pro_3day_trial_12mo49.9",23,17
"2024-11-19","com.psafe.msuite.pro_1mo_3.90",11,6
"2024-11-19","com.psafe.msuite.pro_12mo_49.90",7,6
"2024-11-19","(not set)",5,4
"2024-11-19","com.psafe.msuite.ads_free_12mo",3,2
"2024-11-19","com.psafe.msuite.ultra_12mo",2,2
"2024-11-20","com.psafe.msuite.ultra_12mo_59.90",1682,1068
"2024-11-20","com.psafe.msuite.ads_free_12mo_13.90",459,379
"2024-11-20","com.psafe.msuite.pro_lto_12mo_39.90",234,132
"2024-11-20","com.psafe.msuite.ultra_1mo_16.90",43,31
"2024-11-20","com.psafe.msuite.pro_3day_trial_12mo49.9",38,27
"2024-11-20","com.psafe.msuite.adsfree_lto_12mo",25,22
"2024-11-20","com.psafe.msuite.ads_free_12mo",17,7
"2024-11-20","com.psafe.msuite.ultra_12mo",10,7
"2024-11-20","(not set)",8,3
"2024-11-20","com.psafe.msuite.pro_1mo_3.90",3,3
"2024-11-20","com.psafe.msuite.pro_12mo_49.90",1,1
"2024-11-21","com.psafe.msuite.ultra_12mo_59.90",1535,944
"2024-11-21","com.psafe.msuite.ads_free_12mo_13.90",419,341
"2024-11-21","com.psafe.msuite.pro_lto_12mo_39.90",194,132
"2024-11-21","com.psafe.msuite.ultra_1mo_16.90",50,43
"2024-11-21","com.psafe.msuite.adsfree_lto_12mo",46,29
"2024-11-21","com.psafe.msuite.pro_3day_trial_12mo49.9",29,21
"2024-11-21","com.psafe.msuite.ads_free_12mo",19,6
"2024-11-21","com.psafe.msuite.ultra_12mo",12,7
"2024-11-21","com.psafe.msuite.pro_1mo_3.90",7,7
"2024-11-21","(not set)",5,5
"2024-11-21","com.psafe.msuite.pro_12mo_49.90",3,1
"2024-11-22","com.psafe.msuite.ultra_12mo_59.90",1502,923
"2024-11-22","com.psafe.msuite.ads_free_12mo_13.90",454,369
"2024-11-22","com.psafe.msuite.pro_lto_12mo_39.90",234,131
"2024-11-22","com.psafe.msuite.ultra_1mo_16.90",59,45
"2024-11-22","com.psafe.msuite.adsfree_lto_12mo",36,25
"2024-11-22","com.psafe.msuite.pro_3day_trial_12mo49.9",30,19
"2024-11-22","com.psafe.msuite.pro_1mo_3.90",10,8
"2024-11-22","(not set)",5,5
"2024-11-22","com.psafe.msuite.ultra_12mo",5,5
"2024-11-22","com.psafe.msuite.ads_free_12mo",3,2
"2024-11-22","com.psafe.msuite.pro_12mo_49.90",3,2
"2024-11-23","com.psafe.msuite.ultra_12mo_59.90",1565,925
"2024-11-23","com.psafe.msuite.ads_free_12mo_13.90",447,342
"2024-11-23","com.psafe.msuite.pro_lto_12mo_39.90",255,168
"2024-11-23","com.psafe.msuite.ultra_1mo_16.90",44,40
"2024-11-23","com.psafe.msuite.adsfree_lto_12mo",37,29
"2024-11-23","com.psafe.msuite.pro_3day_trial_12mo49.9",33,23
"2024-11-23","com.psafe.msuite.ads_free_12mo",13,5
"2024-11-23","com.psafe.msuite.pro_1mo_3.90",11,6
"2024-11-23","com.psafe.msuite.ultra_12mo",10,5
"2024-11-23","(not set)",2,2
"2024-11-23","com.psafe.msuite.pro_12mo_49.90",1,1
"2024-11-24","com.psafe.msuite.ultra_12mo_59.90",1460,904
"2024-11-24","com.psafe.msuite.ads_free_12mo_13.90",487,367
"2024-11-24","com.psafe.msuite.pro_lto_12mo_39.90",190,119
"2024-11-24","com.psafe.msuite.ultra_1mo_16.90",52,44
"2024-11-24","com.psafe.msuite.pro_3day_trial_12mo49.9",35,25
"2024-11-24","com.psafe.msuite.adsfree_lto_12mo",31,23
"2024-11-24","com.psafe.msuite.pro_1mo_3.90",7,5
"2024-11-24","com.psafe.msuite.pro_12mo_49.90",6,3
"2024-11-24","com.psafe.msuite.ads_free_12mo",4,3
"2024-11-24","com.psafe.msuite.ultra_12mo",4,4
"2024-11-24","(not set)",3,3
"2024-11-25","com.psafe.msuite.ultra_12mo_59.90",1539,899
"2024-11-25","com.psafe.msuite.ads_free_12mo_13.90",460,370
"2024-11-25","com.psafe.msuite.pro_lto_12mo_39.90",167,117
"2024-11-25","com.psafe.msuite.ultra_1mo_16.90",63,39
"2024-11-25","com.psafe.msuite.pro_3day_trial_12mo49.9",44,29
"2024-11-25","com.psafe.msuite.adsfree_lto_12mo",43,30
"2024-11-25","com.psafe.msuite.ads_free_12mo",31,5
"2024-11-25","com.psafe.msuite.ultra_12mo",12,8
"2024-11-25","(not set)",7,6
"2024-11-25","com.psafe.msuite.pro_1mo_3.90",5,4
"2024-11-25","com.psafe.msuite.pro_12mo_49.90",3,3
"2024-11-26","com.psafe.msuite.ultra_12mo_59.90",1375,840
"2024-11-26","com.psafe.msuite.ads_free_12mo_13.90",513,379
"2024-11-26","com.psafe.msuite.pro_lto_12mo_39.90",197,124
"2024-11-26","com.psafe.msuite.ultra_1mo_16.90",70,50
"2024-11-26","com.psafe.msuite.adsfree_lto_12mo",36,21
"2024-11-26","com.psafe.msuite.pro_3day_trial_12mo49.9",32,24
"2024-11-26","com.psafe.msuite.ads_free_12mo",21,11
"2024-11-26","com.psafe.msuite.ultra_12mo",21,13
"2024-11-26","com.psafe.msuite.pro_1mo_3.90",17,8
"2024-11-26","com.psafe.msuite.pro_12mo_49.90",4,2
"2024-11-26","(not set)",3,3
"2024-11-27","com.psafe.msuite.ultra_12mo_59.90",1602,946
"2024-11-27","com.psafe.msuite.ads_free_12mo_13.90",513,372
"2024-11-27","com.psafe.msuite.pro_lto_12mo_39.90",234,146
"2024-11-27","com.psafe.msuite.ultra_1mo_16.90",83,67
"2024-11-27","com.psafe.msuite.pro_3day_trial_12mo49.9",53,25
"2024-11-27","com.psafe.msuite.adsfree_lto_12mo",22,15
"2024-11-27","com.psafe.msuite.pro_1mo_3.90",21,12
"2024-11-27","com.psafe.msuite.pro_12mo_49.90",8,5
"2024-11-27","(not set)",6,4
"2024-11-27","com.psafe.msuite.ultra_12mo",6,4
"2024-11-27","com.psafe.msuite.ads_free_12mo",2,2
"2024-11-27","com.psafe.msuite.ultra_12mo_99.99",2,1
"2024-11-28","com.psafe.msuite.ultra_12mo_59.90",1568,964
"2024-11-28","com.psafe.msuite.ads_free_12mo_13.90",498,378
"2024-11-28","com.psafe.msuite.pro_lto_12mo_39.90",184,122
"2024-11-28","com.psafe.msuite.ultra_1mo_16.90",94,61
"2024-11-28","com.psafe.msuite.adsfree_lto_12mo",40,31
"2024-11-28","com.psafe.msuite.pro_3day_trial_12mo49.9",25,20
"2024-11-28","com.psafe.msuite.pro_1mo_3.90",14,10
"2024-11-28","com.psafe.msuite.ads_free_12mo",11,2
"2024-11-28","com.psafe.msuite.ultra_12mo",5,4
"2024-11-28","(not set)",2,2
"2024-11-28","com.psafe.msuite.pro_12mo_49.90",2,2
"2024-11-29","com.psafe.msuite.ultra_12mo_59.90",1593,950
"2024-11-29","com.psafe.msuite.ads_free_12mo_13.90",482,360
"2024-11-29","com.psafe.msuite.pro_lto_12mo_39.90",220,132
"2024-11-29","com.psafe.msuite.ultra_1mo_16.90",82,59
"2024-11-29","com.psafe.msuite.adsfree_lto_12mo",41,32
"2024-11-29","com.psafe.msuite.pro_3day_trial_12mo49.9",33,23
"2024-11-29","com.psafe.msuite.ads_free_12mo",20,4
"2024-11-29","com.psafe.msuite.pro_1mo_3.90",4,4
"2024-11-29","com.psafe.msuite.ultra_12mo",4,3
"2024-11-29","com.psafe.msuite.pro_12mo_49.90",2,2
"2024-11-29","(not set)",1,1
"2024-11-30","com.psafe.msuite.ultra_12mo_59.90",1639,1005
"2024-11-30","com.psafe.msuite.ads_free_12mo_13.90",451,333
"2024-11-30","com.psafe.msuite.pro_lto_12mo_39.90",191,146
"2024-11-30","com.psafe.msuite.ultra_1mo_16.90",86,57
"2024-11-30","com.psafe.msuite.adsfree_lto_12mo",59,33
"2024-11-30","com.psafe.msuite.pro_3day_trial_12mo49.9",54,34
"2024-11-30","com.psafe.msuite.ads_free_12mo",22,7
"2024-11-30","com.psafe.msuite.ultra_12mo",15,7
"2024-11-30","com.psafe.msuite.pro_1mo_3.90",12,2
"2024-11-30","(not set)",9,5
"2024-11-30","com.psafe.msuite.pro_12mo_49.90",1,1
"2024-12-01","com.psafe.msuite.ultra_12mo_59.90",1723,1011
"2024-12-01","com.psafe.msuite.ads_free_12mo_13.90",498,361
"2024-12-01","com.psafe.msuite.pro_lto_12mo_39.90",145,112
"2024-12-01","com.psafe.msuite.ultra_1mo_16.90",63,48
"2024-12-01","com.psafe.msuite.adsfree_lto_12mo",38,31
"2024-12-01","com.psafe.msuite.pro_3day_trial_12mo49.9",37,31
"2024-12-01","com.psafe.msuite.ads_free_12mo",16,6
"2024-12-01","com.psafe.msuite.ultra_12mo",9,7
"2024-12-01","com.psafe.msuite.pro_12mo_49.90",8,5
"2024-12-01","com.psafe.msuite.pro_1mo_3.90",4,4
"2024-12-01","(not set)",3,3
"2024-12-02","com.psafe.msuite.ultra_12mo_59.90",1598,1022
"2024-12-02","com.psafe.msuite.ads_free_12mo_13.90",543,404
"2024-12-02","com.psafe.msuite.pro_lto_12mo_39.90",190,110
"2024-12-02","com.psafe.msuite.ultra_1mo_16.90",74,63
"2024-12-02","com.psafe.msuite.pro_3day_trial_12mo49.9",39,29
"2024-12-02","com.psafe.msuite.adsfree_lto_12mo",23,19
"2024-12-02","com.psafe.msuite.pro_1mo_3.90",17,15
"2024-12-02","com.psafe.msuite.pro_12mo_49.90",8,5
"2024-12-02","com.psafe.msuite.ads_free_12mo",7,3
"2024-12-02","com.psafe.msuite.ultra_12mo",7,4
"2024-12-03","com.psafe.msuite.ultra_12mo_59.90",1662,999
"2024-12-03","com.psafe.msuite.ads_free_12mo_13.90",549,401
"2024-12-03","com.psafe.msuite.pro_lto_12mo_39.90",158,108
"2024-12-03","com.psafe.msuite.ultra_1mo_16.90",73,63
"2024-12-03","com.psafe.msuite.adsfree_lto_12mo",47,30
"2024-12-03","com.psafe.msuite.pro_3day_trial_12mo49.9",30,26
"2024-12-03","com.psafe.msuite.ultra_12mo",17,9
"2024-12-03","com.psafe.msuite.pro_1mo_3.90",5,5
"2024-12-03","(not set)",3,2
"2024-12-03","com.psafe.msuite.pro_12mo_49.90",2,2
"2024-12-03","com.psafe.msuite.ads_free_12mo",1,1
"2024-12-04","com.psafe.msuite.ultra_12mo_59.90",1747,1102
"2024-12-04","com.psafe.msuite.ads_free_12mo_13.90",591,404
"2024-12-04","com.psafe.msuite.pro_lto_12mo_39.90",151,103
"2024-12-04","com.psafe.msuite.ultra_1mo_16.90",83,56
"2024-12-04","com.psafe.msuite.adsfree_lto_12mo",51,33
"2024-12-04","com.psafe.msuite.pro_3day_trial_12mo49.9",37,24
"2024-12-04","com.psafe.msuite.ultra_12mo",12,7
"2024-12-04","com.psafe.msuite.pro_12mo_49.90",5,4
"2024-12-04","com.psafe.msuite.pro_1mo_3.90",5,4
"2024-12-04","com.psafe.msuite.ads_free_12mo",4,1
"2024-12-04","(not set)",2,2
"2024-12-05","com.psafe.msuite.ultra_12mo_59.90",1687,1034
"2024-12-05","com.psafe.msuite.ads_free_12mo_13.90",443,334
"2024-12-05","com.psafe.msuite.pro_lto_12mo_39.90",101,85
"2024-12-05","com.psafe.msuite.ultra_1mo_16.90",81,55
"2024-12-05","com.psafe.msuite.pro_3day_trial_12mo49.9",33,20
"2024-12-05","com.psafe.msuite.adsfree_lto_12mo",27,21
"2024-12-05","com.psafe.msuite.ads_free_12mo",18,2
"2024-12-05","com.psafe.msuite.ultra_12mo",17,11
"2024-12-05","com.psafe.msuite.pro_1mo_3.90",12,9
"2024-12-05","com.psafe.msuite.pro_12mo_49.90",6,6
"2024-12-05","(not set)",4,4
"2024-12-06","com.psafe.msuite.ultra_12mo_59.90",1681,1004
"2024-12-06","com.psafe.msuite.ads_free_12mo_13.90",440,335
"2024-12-06","com.psafe.msuite.ultra_1mo_16.90",113,80
"2024-12-06","com.psafe.msuite.pro_lto_12mo_39.90",99,71
"2024-12-06","com.psafe.msuite.adsfree_lto_12mo",60,39
"2024-12-06","com.psafe.msuite.pro_3day_trial_12mo49.9",40,26
"2024-12-06","com.psafe.msuite.pro_1mo_3.90",18,7
"2024-12-06","com.psafe.msuite.ultra_12mo",13,9
"2024-12-06","com.psafe.msuite.ads_free_12mo",9,5
"2024-12-06","com.psafe.msuite.pro_12mo_49.90",3,1
"2024-12-06","(not set)",1,1
"2024-12-07","com.psafe.msuite.ultra_12mo_59.90",1744,1070
"2024-12-07","com.psafe.msuite.ads_free_12mo_13.90",509,389
"2024-12-07","com.psafe.msuite.pro_lto_12mo_39.90",117,86
"2024-12-07","com.psafe.msuite.ultra_1mo_16.90",93,64
"2024-12-07","com.psafe.msuite.ads_free_12mo",32,6
"2024-12-07","com.psafe.msuite.adsfree_lto_12mo",32,25
"2024-12-07","com.psafe.msuite.pro_3day_trial_12mo49.9",28,21
"2024-12-07","com.psafe.msuite.pro_1mo_3.90",19,7
"2024-12-07","com.psafe.msuite.pro_12mo_49.90",6,5
"2024-12-07","com.psafe.msuite.ultra_12mo",4,4
"2024-12-08","com.psafe.msuite.ultra_12mo_59.90",1633,969
"2024-12-08","com.psafe.msuite.ads_free_12mo_13.90",409,324
"2024-12-08","com.psafe.msuite.ultra_1mo_16.90",77,55
"2024-12-08","com.psafe.msuite.pro_lto_12mo_39.90",74,65
"2024-12-08","com.psafe.msuite.pro_3day_trial_12mo49.9",73,34
"2024-12-08","com.psafe.msuite.adsfree_lto_12mo",28,22
"2024-12-08","com.psafe.msuite.pro_1mo_3.90",15,6
"2024-12-08","com.psafe.msuite.ads_free_12mo",10,6
"2024-12-08","com.psafe.msuite.pro_12mo_49.90",6,3
"2024-12-08","com.psafe.msuite.ultra_12mo",3,2
"2024-12-09","com.psafe.msuite.ultra_12mo_59.90",1545,957
"2024-12-09","com.psafe.msuite.ads_free_12mo_13.90",435,341
"2024-12-09","com.psafe.msuite.pro_lto_12mo_39.90",110,76
"2024-12-09","com.psafe.msuite.ultra_1mo_16.90",64,51
"2024-12-09","com.psafe.msuite.pro_3day_trial_12mo49.9",36,23
"2024-12-09","com.psafe.msuite.adsfree_lto_12mo",30,19
"2024-12-09","com.psafe.msuite.ultra_12mo",10,5
"2024-12-09","com.psafe.msuite.ads_free_12mo",7,1
"2024-12-09","com.psafe.msuite.pro_1mo_3.90",5,4
"2024-12-09","(not set)",2,2
"2024-12-09","com.psafe.msuite.pro_12mo_49.90",2,2
"2024-12-10","com.psafe.msuite.ultra_12mo_59.90",1529,960
"2024-12-10","com.psafe.msuite.ads_free_12mo_13.90",427,334
"2024-12-10","com.psafe.msuite.pro_lto_12mo_39.90",151,64
"2024-12-10","com.psafe.msuite.ultra_1mo_16.90",90,72
"2024-12-10","com.psafe.msuite.pro_3day_trial_12mo49.9",40,31
"2024-12-10","com.psafe.msuite.adsfree_lto_12mo",22,18
"2024-12-10","com.psafe.msuite.pro_1mo_3.90",11,4
"2024-12-10","com.psafe.msuite.pro_12mo_49.90",9,4
"2024-12-10","com.psafe.msuite.ads_free_12mo",8,3
"2024-12-10","com.psafe.msuite.ultra_12mo",8,5
"2024-12-11","com.psafe.msuite.ultra_12mo_59.90",1711,1037
"2024-12-11","com.psafe.msuite.ads_free_12mo_13.90",519,384
"2024-12-11","com.psafe.msuite.ultra_1mo_16.90",96,69
"2024-12-11","com.psafe.msuite.pro_lto_12mo_39.90",73,56
"2024-12-11","com.psafe.msuite.pro_3day_trial_12mo49.9",33,28
"2024-12-11","com.psafe.msuite.adsfree_lto_12mo",30,24
"2024-12-11","com.psafe.msuite.pro_1mo_3.90",16,8
"2024-12-11","com.psafe.msuite.ultra_12mo",14,7
"2024-12-11","com.psafe.msuite.pro_12mo_49.90",10,7
"2024-12-11","com.psafe.msuite.ads_free_12mo",6,1
"2024-12-12","com.psafe.msuite.ultra_12mo_59.90",1542,950
"2024-12-12","com.psafe.msuite.ads_free_12mo_13.90",454,359
"2024-12-12","com.psafe.msuite.pro_lto_12mo_39.90",106,71
"2024-12-12","com.psafe.msuite.ultra_1mo_16.90",81,60
"2024-12-12","com.psafe.msuite.pro_3day_trial_12mo49.9",49,25
"2024-12-12","com.psafe.msuite.adsfree_lto_12mo",16,14
"2024-12-12","com.psafe.msuite.ads_free_12mo",14,3
"2024-12-12","com.psafe.msuite.pro_12mo_49.90",5,3
"2024-12-12","com.psafe.msuite.pro_1mo_3.90",5,5
"2024-12-12","com.psafe.msuite.ultra_12mo",4,4
"2024-12-13","com.psafe.msuite.ultra_12mo_59.90",1568,947
"2024-12-13","com.psafe.msuite.ads_free_12mo_13.90",582,339
"2024-12-13","com.psafe.msuite.pro_lto_12mo_39.90",86,70
"2024-12-13","com.psafe.msuite.ultra_1mo_16.90",61,51
"2024-12-13","com.psafe.msuite.adsfree_lto_12mo",30,24
"2024-12-13","com.psafe.msuite.pro_3day_trial_12mo49.9",13,11
"2024-12-13","com.psafe.msuite.ads_free_12mo",8,6
"2024-12-13","com.psafe.msuite.ultra_12mo",8,6
"2024-12-13","com.psafe.msuite.pro_12mo_49.90",6,2
"2024-12-13","com.psafe.msuite.pro_1mo_3.90",3,2
"2024-12-14","com.psafe.msuite.ultra_12mo_59.90",1582,928
"2024-12-14","com.psafe.msuite.ads_free_12mo_13.90",482,352
"2024-12-14","com.psafe.msuite.pro_lto_12mo_39.90",91,64
"2024-12-14","com.psafe.msuite.ultra_1mo_16.90",74,58
"2024-12-14","com.psafe.msuite.pro_3day_trial_12mo49.9",41,24
"2024-12-14","com.psafe.msuite.adsfree_lto_12mo",23,17
"2024-12-14","com.psafe.msuite.ultra_12mo",14,7
"2024-12-14","com.psafe.msuite.pro_1mo_3.90",8,8
"2024-12-14","com.psafe.msuite.ads_free_12mo",4,1
"2024-12-14","com.psafe.msuite.pro_12mo_49.90",1,1
"2024-12-15","com.psafe.msuite.ultra_12mo_59.90",1570,970
"2024-12-15","com.psafe.msuite.ads_free_12mo_13.90",430,340
"2024-12-15","com.psafe.msuite.pro_lto_12mo_39.90",87,66
"2024-12-15","com.psafe.msuite.ultra_1mo_16.90",72,64
"2024-12-15","com.psafe.msuite.pro_3day_trial_12mo49.9",40,28
"2024-12-15","com.psafe.msuite.adsfree_lto_12mo",35,26
"2024-12-15","com.psafe.msuite.ultra_12mo",16,8
"2024-12-15","com.psafe.msuite.pro_1mo_3.90",15,9
"2024-12-15","com.psafe.msuite.ads_free_12mo",5,4
"2024-12-15","com.psafe.msuite.pro_12mo_49.90",2,2
"2024-12-16","com.psafe.msuite.ultra_12mo_59.90",1457,927
"2024-12-16","com.psafe.msuite.ads_free_12mo_13.90",468,374
"2024-12-16","com.psafe.msuite.ultra_1mo_16.90",70,50
"2024-12-16","com.psafe.msuite.pro_lto_12mo_39.90",68,47
"2024-12-16","com.psafe.msuite.pro_3day_trial_12mo49.9",60,37
"2024-12-16","com.psafe.msuite.adsfree_lto_12mo",26,22
"2024-12-16","com.psafe.msuite.pro_1mo_3.90",14,13
"2024-12-16","com.psafe.msuite.ads_free_12mo",9,3
"2024-12-16","com.psafe.msuite.pro_12mo_49.90",5,4
"2024-12-16","com.psafe.msuite.ultra_12mo",2,2
"2024-12-16","(not set)",1,1
"2024-12-17","com.psafe.msuite.ultra_12mo_59.90",1611,998
"2024-12-17","com.psafe.msuite.ads_free_12mo_13.90",500,382
"2024-12-17","com.psafe.msuite.pro_lto_12mo_39.90",82,55
"2024-12-17","com.psafe.msuite.ultra_1mo_16.90",71,55
"2024-12-17","com.psafe.msuite.adsfree_lto_12mo",34,28
"2024-12-17","com.psafe.msuite.pro_3day_trial_12mo49.9",27,25
"2024-12-17","com.psafe.msuite.pro_1mo_3.90",13,5
"2024-12-17","com.psafe.msuite.ultra_12mo",3,3
"2024-12-17","com.psafe.msuite.ads_free_12mo",2,1
"2024-12-17","com.psafe.msuite.pro_12mo_49.90",2,1
"2024-12-18","com.psafe.msuite.ultra_12mo_59.90",1711,1015
"2024-12-18","com.psafe.msuite.ads_free_12mo_13.90",519,398
"2024-12-18","com.psafe.msuite.pro_lto_12mo_39.90",103,67
"2024-12-18","com.psafe.msuite.ultra_1mo_16.90",95,63
"2024-12-18","com.psafe.msuite.pro_3day_trial_12mo49.9",46,33
"2024-12-18","com.psafe.msuite.adsfree_lto_12mo",43,33
"2024-12-18","com.psafe.msuite.pro_1mo_3.90",16,9
"2024-12-18","com.psafe.msuite.pro_12mo_49.90",11,3
"2024-12-18","com.psafe.msuite.ultra_12mo",7,5
"2024-12-18","com.psafe.msuite.ads_free_12mo",2,2
"2024-12-18","(not set)",1,1
"2024-12-19","com.psafe.msuite.ultra_12mo_59.90",1553,948
"2024-12-19","com.psafe.msuite.ads_free_12mo_13.90",488,387
"2024-12-19","com.psafe.msuite.pro_lto_12mo_39.90",100,62
"2024-12-19","com.psafe.msuite.ultra_1mo_16.90",88,56
"2024-12-19","com.psafe.msuite.adsfree_lto_12mo",78,22
"2024-12-19","com.psafe.msuite.pro_3day_trial_12mo49.9",69,26
"2024-12-19","com.psafe.msuite.pro_1mo_3.90",21,4
"2024-12-19","com.psafe.msuite.ultra_12mo",7,6
"2024-12-19","com.psafe.msuite.ads_free_12mo",2,1
"2024-12-19","com.psafe.msuite.pro_12mo_49.90",2,2
"2024-12-19","com.psafe.msuite.pro_3day_trial_12mo",1,1
"2024-12-20","com.psafe.msuite.ultra_12mo_59.90",1467,897
"2024-12-20","com.psafe.msuite.ads_free_12mo_13.90",536,371
"2024-12-20","com.psafe.msuite.ultra_1mo_16.90",87,66
"2024-12-20","com.psafe.msuite.pro_lto_12mo_39.90",78,56
"2024-12-20","com.psafe.msuite.adsfree_lto_12mo",34,24
"2024-12-20","com.psafe.msuite.pro_3day_trial_12mo49.9",25,21
"2024-12-20","com.psafe.msuite.pro_1mo_3.90",10,6
"2024-12-20","com.psafe.msuite.pro_12mo_49.90",8,5
"2024-12-20","com.psafe.msuite.ultra_12mo",6,5
"2024-12-20","(not set)",2,1
"2024-12-20","com.psafe.msuite.ads_free_12mo",2,2
"2024-12-20","com.psafe.msuite.pro_3day_trial_12mo",1,1
"2024-12-21","com.psafe.msuite.ultra_12mo_59.90",1506,942
"2024-12-21","com.psafe.msuite.ads_free_12mo_13.90",419,313
"2024-12-21","com.psafe.msuite.pro_lto_12mo_39.90",109,63
"2024-12-21","com.psafe.msuite.ultra_1mo_16.90",55,48
"2024-12-21","com.psafe.msuite.adsfree_lto_12mo",35,24
"2024-12-21","com.psafe.msuite.pro_3day_trial_12mo49.9",33,26
"2024-12-21","com.psafe.msuite.pro_1mo_3.90",9,7
"2024-12-21","com.psafe.msuite.ultra_12mo",6,4
"2024-12-21","com.psafe.msuite.ads_free_12mo",5,2
"2024-12-22","com.psafe.msuite.ultra_12mo_59.90",1373,909
"2024-12-22","com.psafe.msuite.ads_free_12mo_13.90",525,378
"2024-12-22","com.psafe.msuite.ultra_1mo_16.90",70,54
"2024-12-22","com.psafe.msuite.pro_lto_12mo_39.90",64,44
"2024-12-22","com.psafe.msuite.adsfree_lto_12mo",39,26
"2024-12-22","com.psafe.msuite.pro_3day_trial_12mo49.9",30,23
"2024-12-22","com.psafe.msuite.ultra_12mo",6,5
"2024-12-22","com.psafe.msuite.ads_free_12mo",5,4
"2024-12-22","com.psafe.msuite.pro_1mo_3.90",5,5
"2024-12-22","(not set)",1,1
"2024-12-22","com.psafe.msuite.pro_12mo_49.90",1,1
"2024-12-23","com.psafe.msuite.ultra_12mo_59.90",1497,923
"2024-12-23","com.psafe.msuite.ads_free_12mo_13.90",632,354
"2024-12-23","com.psafe.msuite.pro_lto_12mo_39.90",85,64
"2024-12-23","com.psafe.msuite.ultra_1mo_16.90",84,62
"2024-12-23","com.psafe.msuite.adsfree_lto_12mo",34,25
"2024-12-23","com.psafe.msuite.pro_3day_trial_12mo49.9",29,24
"2024-12-23","com.psafe.msuite.pro_1mo_3.90",9,5
"2024-12-23","com.psafe.msuite.ads_free_12mo",5,3
"2024-12-23","com.psafe.msuite.ultra_12mo",5,3
"2024-12-23","com.psafe.msuite.pro_12mo_49.90",4,3
"2024-12-24","com.psafe.msuite.ultra_12mo_59.90",1430,918
"2024-12-24","com.psafe.msuite.ads_free_12mo_13.90",430,332
"2024-12-24","com.psafe.msuite.pro_lto_12mo_39.90",90,57
"2024-12-24","com.psafe.msuite.ultra_1mo_16.90",85,55
"2024-12-24","com.psafe.msuite.pro_3day_trial_12mo49.9",39,26
"2024-12-24","com.psafe.msuite.adsfree_lto_12mo",28,24
"2024-12-24","com.psafe.msuite.ultra_12mo",10,6
"2024-12-24","com.psafe.msuite.pro_1mo_3.90",7,7
"2024-12-24","com.psafe.msuite.pro_12mo_49.90",6,5
"2024-12-24","com.psafe.msuite.ads_free_12mo",1,1
"2024-12-25","com.psafe.msuite.ultra_12mo_59.90",1469,925
"2024-12-25","com.psafe.msuite.ads_free_12mo_13.90",409,334
"2024-12-25","com.psafe.msuite.ultra_1mo_16.90",69,60
"2024-12-25","com.psafe.msuite.pro_3day_trial_12mo49.9",63,22
"2024-12-25","com.psafe.msuite.pro_lto_12mo_39.90",60,49
"2024-12-25","com.psafe.msuite.adsfree_lto_12mo",43,33
"2024-12-25","com.psafe.msuite.ads_free_12mo",18,4
"2024-12-25","com.psafe.msuite.pro_1mo_3.90",8,7
"2024-12-25","com.psafe.msuite.pro_12mo_49.90",4,3
"2024-12-25","com.psafe.msuite.ultra_12mo",4,3
"2024-12-25","(not set)",1,1
"2024-12-26","com.psafe.msuite.ultra_12mo_59.90",1734,1092
"2024-12-26","com.psafe.msuite.ads_free_12mo_13.90",595,442
"2024-12-26","com.psafe.msuite.ultra_1mo_16.90",110,69
"2024-12-26","com.psafe.msuite.pro_lto_12mo_39.90",69,48
"2024-12-26","com.psafe.msuite.pro_3day_trial_12mo49.9",45,29
"2024-12-26","com.psafe.msuite.adsfree_lto_12mo",16,15
"2024-12-26","com.psafe.msuite.ultra_12mo",8,5
"2024-12-26","com.psafe.msuite.pro_1mo_3.90",7,6
"2024-12-26","com.psafe.msuite.ads_free_12mo",6,3
"2024-12-26","com.psafe.msuite.pro_12mo_49.90",5,5
"2024-12-27","com.psafe.msuite.ultra_12mo_59.90",1798,1153
"2024-12-27","com.psafe.msuite.ads_free_12mo_13.90",579,443
"2024-12-27","com.psafe.msuite.ultra_1mo_16.90",69,52
"2024-12-27","com.psafe.msuite.pro_lto_12mo_39.90",66,51
"2024-12-27","com.psafe.msuite.pro_3day_trial_12mo49.9",58,23
"2024-12-27","com.psafe.msuite.adsfree_lto_12mo",56,14
"2024-12-27","com.psafe.msuite.pro_1mo_3.90",36,7
"2024-12-27","com.psafe.msuite.ultra_12mo",7,4
"2024-12-27","com.psafe.msuite.pro_12mo_49.90",6,3
"2024-12-27","com.psafe.msuite.ads_free_12mo",3,3
"2024-12-27","(not set)",1,1
"2024-12-28","com.psafe.msuite.ultra_12mo_59.90",1907,1089
"2024-12-28","com.psafe.msuite.ads_free_12mo_13.90",631,440
"2024-12-28","com.psafe.msuite.pro_lto_12mo_39.90",87,61
"2024-12-28","com.psafe.msuite.pro_3day_trial_12mo49.9",59,39
"2024-12-28","com.psafe.msuite.ultra_1mo_16.90",55,47
"2024-12-28","com.psafe.msuite.adsfree_lto_12mo",29,21
"2024-12-28","com.psafe.msuite.ultra_12mo",13,9
"2024-12-28","com.psafe.msuite.pro_1mo_3.90",10,9
"2024-12-28","com.psafe.msuite.ads_free_12mo",8,2
"2024-12-28","com.psafe.msuite.pro_12mo_49.90",2,2
"2024-12-29","com.psafe.msuite.ultra_12mo_59.90",1788,1117
"2024-12-29","com.psafe.msuite.ads_free_12mo_13.90",524,403
"2024-12-29","com.psafe.msuite.pro_lto_12mo_39.90",101,60
"2024-12-29","com.psafe.msuite.ultra_1mo_16.90",66,50
"2024-12-29","com.psafe.msuite.pro_3day_trial_12mo49.9",39,36
"2024-12-29","com.psafe.msuite.adsfree_lto_12mo",20,16
"2024-12-29","com.psafe.msuite.ads_free_12mo",7,4
"2024-12-29","com.psafe.msuite.ultra_12mo",7,4
"2024-12-29","com.psafe.msuite.pro_1mo_3.90",6,6
"2024-12-29","com.psafe.msuite.pro_12mo_49.90",4,3
"2024-12-30","com.psafe.msuite.ultra_12mo_59.90",1667,1056
"2024-12-30","com.psafe.msuite.ads_free_12mo_13.90",563,418
"2024-12-30","com.psafe.msuite.pro_lto_12mo_39.90",135,56
"2024-12-30","com.psafe.msuite.ultra_1mo_16.90",100,72
"2024-12-30","com.psafe.msuite.adsfree_lto_12mo",32,20
"2024-12-30","com.psafe.msuite.pro_3day_trial_12mo49.9",26,23
"2024-12-30","com.psafe.msuite.ads_free_12mo",12,5
"2024-12-30","com.psafe.msuite.pro_1mo_3.90",10,10
"2024-12-30","com.psafe.msuite.ultra_12mo",8,6
"2024-12-30","com.psafe.msuite.pro_12mo_49.90",3,3
"2024-12-31","com.psafe.msuite.ultra_12mo_59.90",1577,944
"2024-12-31","com.psafe.msuite.ads_free_12mo_13.90",454,359
"2024-12-31","com.psafe.msuite.ultra_1mo_16.90",106,77
"2024-12-31","com.psafe.msuite.pro_lto_12mo_39.90",84,53
"2024-12-31","com.psafe.msuite.pro_3day_trial_12mo49.9",27,22
"2024-12-31","com.psafe.msuite.adsfree_lto_12mo",25,21
"2024-12-31","com.psafe.msuite.pro_1mo_3.90",16,10
"2024-12-31","com.psafe.msuite.pro_12mo_49.90",5,4
"2024-12-31","com.psafe.msuite.ultra_12mo",5,4
"2025-01-01","com.psafe.msuite.ultra_12mo_59.90",1557,974
"2025-01-01","com.psafe.msuite.ads_free_12mo_13.90",426,339
"2025-01-01","com.psafe.msuite.ultra_1mo_16.90",83,68
"2025-01-01","com.psafe.msuite.pro_lto_12mo_39.90",67,54
"2025-01-01","com.psafe.msuite.pro_3day_trial_12mo49.9",38,22
"2025-01-01","com.psafe.msuite.pro_1mo_3.90",20,13
"2025-01-01","com.psafe.msuite.adsfree_lto_12mo",12,12
"2025-01-01","com.psafe.msuite.pro_12mo_49.90",9,5
"2025-01-01","com.psafe.msuite.ultra_12mo",7,5
"2025-01-01","(not set)",3,2
"2025-01-01","com.psafe.msuite.ads_free_12mo",2,2
"2025-01-02","com.psafe.msuite.ultra_12mo_59.90",1880,1183
"2025-01-02","com.psafe.msuite.ads_free_12mo_13.90",609,474
"2025-01-02","com.psafe.msuite.ultra_1mo_16.90",88,65
"2025-01-02","com.psafe.msuite.pro_lto_12mo_39.90",52,41
"2025-01-02","com.psafe.msuite.pro_3day_trial_12mo49.9",49,33
"2025-01-02","com.psafe.msuite.adsfree_lto_12mo",21,10
"2025-01-02","com.psafe.msuite.ultra_12mo",19,12
"2025-01-02","com.psafe.msuite.pro_1mo_3.90",11,10
"2025-01-02","com.psafe.msuite.pro_12mo_49.90",6,5
"2025-01-02","com.psafe.msuite.ads_free_12mo",3,2
"2025-01-02","(not set)",1,1
"2025-01-03","com.psafe.msuite.ultra_12mo_59.90",1829,1128
"2025-01-03","com.psafe.msuite.ads_free_12mo_13.90",648,522
"2025-01-03","com.psafe.msuite.pro_lto_12mo_39.90",84,61
"2025-01-03","com.psafe.msuite.ultra_1mo_16.90",77,60
"2025-01-03","com.psafe.msuite.pro_3day_trial_12mo49.9",28,28
"2025-01-03","com.psafe.msuite.adsfree_lto_12mo",23,17
"2025-01-03","com.psafe.msuite.pro_1mo_3.90",6,4
"2025-01-03","com.psafe.msuite.ultra_12mo",4,3
"2025-01-03","com.psafe.msuite.pro_12mo_49.90",1,1
"2025-01-04","com.psafe.msuite.ultra_12mo_59.90",1873,1169
"2025-01-04","com.psafe.msuite.ads_free_12mo_13.90",600,463
"2025-01-04","com.psafe.msuite.pro_lto_12mo_39.90",103,58
"2025-01-04","com.psafe.msuite.ultra_1mo_16.90",84,66
"2025-01-04","com.psafe.msuite.pro_3day_trial_12mo49.9",49,32
"2025-01-04","com.psafe.msuite.adsfree_lto_12mo",16,14
"2025-01-04","com.psafe.msuite.ultra_12mo",10,6
"2025-01-04","com.psafe.msuite.pro_1mo_3.90",8,6
"2025-01-04","com.psafe.msuite.pro_12mo_49.90",3,2
"2025-01-04","com.psafe.msuite.ads_free_12mo",1,1
"2025-01-05","com.psafe.msuite.ultra_12mo_59.90",2079,1220
"2025-01-05","com.psafe.msuite.ads_free_12mo_13.90",598,457
"2025-01-05","com.psafe.msuite.ultra_1mo_16.90",193,67
"2025-01-05","com.psafe.msuite.pro_lto_12mo_39.90",70,48
"2025-01-05","com.psafe.msuite.pro_3day_trial_12mo49.9",37,26
"2025-01-05","com.psafe.msuite.adsfree_lto_12mo",13,11
"2025-01-05","com.psafe.msuite.ultra_12mo",12,8
"2025-01-05","com.psafe.msuite.pro_1mo_3.90",5,5
"2025-01-05","com.psafe.msuite.ads_free_12mo",2,2
"2025-01-06","com.psafe.msuite.ultra_12mo_59.90",1911,1159
"2025-01-06","com.psafe.msuite.ads_free_12mo_13.90",589,454
"2025-01-06","com.psafe.msuite.ultra_1mo_16.90",89,71
"2025-01-06","com.psafe.msuite.pro_lto_12mo_39.90",75,52
"2025-01-06","com.psafe.msuite.pro_3day_trial_12mo49.9",58,35
"2025-01-06","com.psafe.msuite.adsfree_lto_12mo",12,10
"2025-01-06","com.psafe.msuite.ultra_12mo",12,8
"2025-01-06","com.psafe.msuite.pro_1mo_3.90",9,8
"2025-01-06","com.psafe.msuite.ads_free_12mo",7,5
"2025-01-06","com.psafe.msuite.pro_12mo_49.90",4,3
"2025-01-06","(not set)",1,1
"2025-01-07","com.psafe.msuite.ultra_12mo_59.90",2014,1169
"2025-01-07","com.psafe.msuite.ads_free_12mo_13.90",590,425
"2025-01-07","com.psafe.msuite.ultra_1mo_16.90",70,52
"2025-01-07","com.psafe.msuite.pro_3day_trial_12mo49.9",54,29
"2025-01-07","com.psafe.msuite.pro_lto_12mo_39.90",53,43
"2025-01-07","com.psafe.msuite.pro_1mo_3.90",23,10
"2025-01-07","com.psafe.msuite.adsfree_lto_12mo",16,12
"2025-01-07","com.psafe.msuite.ultra_12mo",11,8
"2025-01-07","com.psafe.msuite.ads_free_12mo",10,2
"2025-01-07","com.psafe.msuite.pro_12mo_49.90",7,2
"2025-01-07","com.psafe.msuite.ultra_1mo",1,1
"2025-01-08","com.psafe.msuite.ultra_12mo_59.90",1756,1080
"2025-01-08","com.psafe.msuite.ads_free_12mo_13.90",558,436
"2025-01-08","com.psafe.msuite.ultra_1mo_16.90",88,54
"2025-01-08","com.psafe.msuite.pro_lto_12mo_39.90",79,49
"2025-01-08","com.psafe.msuite.pro_3day_trial_12mo49.9",35,29
"2025-01-08","com.psafe.msuite.pro_1mo_3.90",16,9
"2025-01-08","com.psafe.msuite.adsfree_lto_12mo",13,11
"2025-01-08","com.psafe.msuite.ultra_12mo",5,4
"2025-01-08","(not set)",2,1
"2025-01-08","com.psafe.msuite.pro_12mo_49.90",2,2
"2025-01-09","com.psafe.msuite.ultra_12mo_59.90",1678,1024
"2025-01-09","com.psafe.msuite.ads_free_12mo_13.90",539,421
"2025-01-09","com.psafe.msuite.pro_lto_12mo_39.90",106,43
"2025-01-09","com.psafe.msuite.ultra_1mo_16.90",87,61
"2025-01-09","com.psafe.msuite.pro_3day_trial_12mo49.9",35,25
"2025-01-09","com.psafe.msuite.adsfree_lto_12mo",21,15
"2025-01-09","com.psafe.msuite.pro_1mo_3.90",10,7
"2025-01-09","com.psafe.msuite.ultra_12mo",9,5
"2025-01-09","com.psafe.msuite.ads_free_12mo",3,3
"2025-01-09","com.psafe.msuite.pro_12mo_49.90",3,3
"2025-01-10","com.psafe.msuite.ultra_12mo_59.90",1612,992
"2025-01-10","com.psafe.msuite.ads_free_12mo_13.90",485,378
"2025-01-10","com.psafe.msuite.ultra_1mo_16.90",79,62
"2025-01-10","com.psafe.msuite.pro_lto_12mo_39.90",69,56
"2025-01-10","com.psafe.msuite.pro_3day_trial_12mo49.9",37,25
"2025-01-10","com.psafe.msuite.adsfree_lto_12mo",15,14
"2025-01-10","com.psafe.msuite.pro_1mo_3.90",14,12
"2025-01-10","com.psafe.msuite.ultra_12mo",8,3
"2025-01-10","com.psafe.msuite.pro_12mo_49.90",3,2
"2025-01-10","(not set)",1,1
"2025-01-10","com.psafe.msuite.ads_free_12mo",1,1
"2025-01-11","com.psafe.msuite.ultra_12mo_59.90",1839,1108
"2025-01-11","com.psafe.msuite.ads_free_12mo_13.90",459,362
"2025-01-11","com.psafe.msuite.ultra_1mo_16.90",87,60
"2025-01-11","com.psafe.msuite.pro_lto_12mo_39.90",54,41
"2025-01-11","com.psafe.msuite.pro_3day_trial_12mo49.9",23,19
"2025-01-11","com.psafe.msuite.ultra_12mo",23,11
"2025-01-11","com.psafe.msuite.adsfree_lto_12mo",22,15
"2025-01-11","com.psafe.msuite.pro_1mo_3.90",5,5
"2025-01-11","com.psafe.msuite.ads_free_12mo",3,2
"2025-01-11","com.psafe.msuite.pro_12mo_49.90",3,3
"2025-01-11","com.psafe.msuite.ultra_trial_12mo_2.99",1,1
"2025-01-12","com.psafe.msuite.ultra_12mo_59.90",1879,1104
"2025-01-12","com.psafe.msuite.ads_free_12mo_13.90",512,401
"2025-01-12","com.psafe.msuite.ultra_1mo_16.90",94,53
"2025-01-12","com.psafe.msuite.pro_lto_12mo_39.90",68,47
"2025-01-12","com.psafe.msuite.pro_3day_trial_12mo49.9",37,27
"2025-01-12","com.psafe.msuite.ultra_12mo",27,10
"2025-01-12","com.psafe.msuite.pro_1mo_3.90",21,14
"2025-01-12","com.psafe.msuite.adsfree_lto_12mo",12,9
"2025-01-12","com.psafe.msuite.ads_free_12mo",7,4
"2025-01-12","com.psafe.msuite.pro_12mo_49.90",4,2
"2025-01-12","com.psafe.msuite.ultra_1mo",2,1
"2025-01-12","com.psafe.msuite.pro_3day_trial_12mo",1,1
"2025-01-13","com.psafe.msuite.ultra_12mo_59.90",1781,1130
"2025-01-13","com.psafe.msuite.ads_free_12mo_13.90",492,378
"2025-01-13","com.psafe.msuite.ultra_1mo_16.90",80,58
"2025-01-13","com.psafe.msuite.pro_lto_12mo_39.90",61,50
"2025-01-13","com.psafe.msuite.pro_3day_trial_12mo49.9",28,18
"2025-01-13","com.psafe.msuite.ultra_12mo",12,9
"2025-01-13","com.psafe.msuite.pro_1mo_3.90",5,4
"2025-01-13","com.psafe.msuite.ads_free_12mo",4,1
"2025-01-13","com.psafe.msuite.pro_12mo_49.90",4,2
"2025-01-13","com.psafe.msuite.adsfree_lto_12mo",3,3
"2025-01-14","com.psafe.msuite.ultra_12mo_59.90",1704,1108
"2025-01-14","com.psafe.msuite.ads_free_12mo_13.90",542,428
"2025-01-14","com.psafe.msuite.pro_lto_12mo_39.90",89,60
"2025-01-14","com.psafe.msuite.ultra_1mo_16.90",68,54
"2025-01-14","com.psafe.msuite.pro_3day_trial_12mo49.9",32,25
"2025-01-14","com.psafe.msuite.adsfree_lto_12mo",18,13
"2025-01-14","com.psafe.msuite.ultra_12mo",12,8
"2025-01-14","com.psafe.msuite.ads_free_12mo",4,3
"2025-01-14","com.psafe.msuite.pro_1mo_3.90",3,3
"2025-01-14","com.psafe.msuite.pro_12mo_49.90",2,2
"2025-01-14","(not set)",1,1
"2025-01-14","com.psafe.msuite.ultra_1mo",1,1
"2025-01-15","com.psafe.msuite.ultra_12mo_59.90",1631,1023
"2025-01-15","com.psafe.msuite.ads_free_12mo_13.90",612,402
"2025-01-15","com.psafe.msuite.ultra_1mo_16.90",71,56
"2025-01-15","com.psafe.msuite.pro_lto_12mo_39.90",50,32
"2025-01-15","com.psafe.msuite.adsfree_lto_12mo",37,16
"2025-01-15","com.psafe.msuite.pro_3day_trial_12mo49.9",20,16
"2025-01-15","com.psafe.msuite.ultra_12mo",11,8
"2025-01-15","com.psafe.msuite.ads_free_12mo",4,2
"2025-01-15","com.psafe.msuite.pro_12mo_49.90",4,3
"2025-01-15","com.psafe.msuite.pro_1mo_3.90",4,4
"2025-01-15","com.psafe.msuite.pro_lto_12mo",1,1
"2025-01-16","com.psafe.msuite.ultra_12mo_59.90",1721,1071
"2025-01-16","com.psafe.msuite.ads_free_12mo_13.90",545,390
"2025-01-16","com.psafe.msuite.ultra_1mo_16.90",65,50
"2025-01-16","com.psafe.msuite.pro_lto_12mo_39.90",63,48
"2025-01-16","com.psafe.msuite.pro_3day_trial_12mo49.9",43,30
"2025-01-16","com.psafe.msuite.adsfree_lto_12mo",18,14
"2025-01-16","com.psafe.msuite.ultra_12mo",13,7
"2025-01-16","(not set)",9,1
"2025-01-16","com.psafe.msuite.pro_1mo_3.90",9,8
"2025-01-16","com.psafe.msuite.ads_free_12mo",3,2
"2025-01-16","com.psafe.msuite.pro_12mo_49.90",2,2
"2025-01-16","com.psafe.msuite.pro_3day_trial_12mo",1,1
"2025-01-17","com.psafe.msuite.ultra_12mo_59.90",1699,1048
"2025-01-17","com.psafe.msuite.ads_free_12mo_13.90",561,400
"2025-01-17","com.psafe.msuite.pro_lto_12mo_39.90",74,58
"2025-01-17","com.psafe.msuite.ultra_1mo_16.90",44,39
"2025-01-17","com.psafe.msuite.pro_3day_trial_12mo49.9",37,24
"2025-01-17","com.psafe.msuite.adsfree_lto_12mo",27,24
"2025-01-17","com.psafe.msuite.ultra_12mo",14,7
"2025-01-17","com.psafe.msuite.pro_12mo_49.90",9,3
"2025-01-17","com.psafe.msuite.pro_1mo_3.90",8,8
"2025-01-17","com.psafe.msuite.ads_free_12mo",6,2
"2025-01-17","com.psafe.msuite.ultra_1mo",2,1
"2025-01-17","(not set)",1,1
"2025-01-17","com.psafe.msuite.pro_1mo",1,1
"2025-01-18","com.psafe.msuite.ultra_12mo_59.90",1667,1037
"2025-01-18","com.psafe.msuite.ads_free_12mo_13.90",488,352
"2025-01-18","com.psafe.msuite.pro_lto_12mo_39.90",85,57
"2025-01-18","com.psafe.msuite.ultra_1mo_16.90",77,56
"2025-01-18","com.psafe.msuite.adsfree_lto_12mo",33,26
"2025-01-18","com.psafe.msuite.pro_3day_trial_12mo49.9",26,15
"2025-01-18","com.psafe.msuite.ultra_12mo",12,9
"2025-01-18","com.psafe.msuite.pro_1mo_3.90",4,1
"2025-01-18","com.psafe.msuite.ultra_1mo",2,1
"2025-01-18","com.psafe.msuite.pro_12mo_49.90",1,1
"2025-01-19","com.psafe.msuite.ultra_12mo_59.90",1715,1042
"2025-01-19","com.psafe.msuite.ads_free_12mo_13.90",479,352
"2025-01-19","com.psafe.msuite.pro_lto_12mo_39.90",84,59
"2025-01-19","com.psafe.msuite.ultra_1mo_16.90",77,66
"2025-01-19","com.psafe.msuite.pro_3day_trial_12mo49.9",36,28
"2025-01-19","com.psafe.msuite.adsfree_lto_12mo",28,23
"2025-01-19","com.psafe.msuite.ultra_12mo",21,8
"2025-01-19","com.psafe.msuite.pro_12mo_49.90",8,7
"2025-01-19","com.psafe.msuite.ads_free_12mo",2,1
"2025-01-19","com.psafe.msuite.pro_1mo_3.90",2,2
"2025-01-19","(not set)",1,1
"2025-01-20","com.psafe.msuite.ultra_12mo_59.90",1774,1106
"2025-01-20","com.psafe.msuite.ads_free_12mo_13.90",555,400
"2025-01-20","com.psafe.msuite.pro_lto_12mo_39.90",82,61
"2025-01-20","com.psafe.msuite.ultra_1mo_16.90",76,45
"2025-01-20","com.psafe.msuite.pro_3day_trial_12mo49.9",33,21
"2025-01-20","com.psafe.msuite.adsfree_lto_12mo",29,20
"2025-01-20","com.psafe.msuite.pro_1mo_3.90",10,7
"2025-01-20","com.psafe.msuite.pro_12mo_49.90",4,3
"2025-01-20","com.psafe.msuite.ads_free_12mo",3,3
"2025-01-20","com.psafe.msuite.ultra_12mo",3,3
"2025-01-21","com.psafe.msuite.ultra_12mo_59.90",2077,1199
"2025-01-21","com.psafe.msuite.ads_free_12mo_13.90",629,429
"2025-01-21","com.psafe.msuite.pro_lto_12mo_39.90",143,79
"2025-01-21","com.psafe.msuite.ultra_1mo_16.90",66,58
"2025-01-21","com.psafe.msuite.pro_3day_trial_12mo49.9",31,25
"2025-01-21","com.psafe.msuite.adsfree_lto_12mo",29,26
"2025-01-21","com.psafe.msuite.ultra_12mo",12,6
"2025-01-21","com.psafe.msuite.ads_free_12mo",9,2
"2025-01-21","com.psafe.msuite.pro_1mo_3.90",5,4
"2025-01-21","com.psafe.msuite.pro_12mo_49.90",2,1
"2025-01-22","com.psafe.msuite.ultra_12mo_59.90",1825,1113
"2025-01-22","com.psafe.msuite.ads_free_12mo_13.90",516,412
"2025-01-22","com.psafe.msuite.pro_lto_12mo_39.90",200,78
"2025-01-22","com.psafe.msuite.ultra_1mo_16.90",92,67
"2025-01-22","com.psafe.msuite.adsfree_lto_12mo",33,22
"2025-01-22","com.psafe.msuite.pro_3day_trial_12mo49.9",28,22
"2025-01-22","com.psafe.msuite.pro_12mo_49.90",23,4
"2025-01-22","com.psafe.msuite.ultra_12mo",7,6
"2025-01-22","com.psafe.msuite.pro_1mo_3.90",5,4
"2025-01-22","com.psafe.msuite.ads_free_12mo",2,2
"2025-01-22","(not set)",1,1
"2025-01-23","com.psafe.msuite.ultra_12mo_59.90",1665,1011
"2025-01-23","com.psafe.msuite.ads_free_12mo_13.90",532,409
"2025-01-23","com.psafe.msuite.pro_lto_12mo_39.90",112,76
"2025-01-23","com.psafe.msuite.ultra_1mo_16.90",71,50
"2025-01-23","com.psafe.msuite.pro_3day_trial_12mo49.9",42,30
"2025-01-23","com.psafe.msuite.adsfree_lto_12mo",26,16
"2025-01-23","com.psafe.msuite.pro_1mo_3.90",6,5
"2025-01-23","com.psafe.msuite.ultra_12mo",6,6
"2025-01-23","com.psafe.msuite.pro_12mo_49.90",5,3
"2025-01-23","com.psafe.msuite.ads_free_12mo",4,3
"2025-01-23","com.psafe.msuite.ultra_trial_12mo_2.99",2,1
"2025-01-23","com.psafe.msuite.pro_3day_trial_12mo",1,1
"2025-01-24","com.psafe.msuite.ultra_12mo_59.90",1838,1087
"2025-01-24","com.psafe.msuite.ads_free_12mo_13.90",480,352
"2025-01-24","com.psafe.msuite.pro_lto_12mo_39.90",96,80
"2025-01-24","com.psafe.msuite.ultra_1mo_16.90",73,51
"2025-01-24","com.psafe.msuite.pro_3day_trial_12mo49.9",44,25
"2025-01-24","com.psafe.msuite.adsfree_lto_12mo",38,32
"2025-01-24","com.psafe.msuite.pro_1mo_3.90",12,10
"2025-01-24","com.psafe.msuite.ultra_12mo",9,7
"2025-01-24","com.psafe.msuite.ads_free_12mo",5,4
"2025-01-24","com.psafe.msuite.pro_12mo_49.90",3,3
"2025-01-25","com.psafe.msuite.ultra_12mo_59.90",1806,1132
"2025-01-25","com.psafe.msuite.ads_free_12mo_13.90",520,404
"2025-01-25","com.psafe.msuite.pro_lto_12mo_39.90",89,62
"2025-01-25","com.psafe.msuite.adsfree_lto_12mo",87,38
"2025-01-25","com.psafe.msuite.ultra_1mo_16.90",86,60
"2025-01-25","com.psafe.msuite.pro_3day_trial_12mo49.9",45,21
"2025-01-25","com.psafe.msuite.ads_free_12mo",16,7
"2025-01-25","com.psafe.msuite.pro_12mo_49.90",16,4
"2025-01-25","com.psafe.msuite.ultra_12mo",12,9
"2025-01-25","com.psafe.msuite.pro_1mo_3.90",8,3
"2025-01-26","com.psafe.msuite.ultra_12mo_59.90",1786,1115
"2025-01-26","com.psafe.msuite.ads_free_12mo_13.90",531,401
"2025-01-26","com.psafe.msuite.pro_lto_12mo_39.90",83,66
"2025-01-26","com.psafe.msuite.ultra_1mo_16.90",67,49
"2025-01-26","com.psafe.msuite.pro_3day_trial_12mo49.9",41,24
"2025-01-26","com.psafe.msuite.adsfree_lto_12mo",38,30
"2025-01-26","com.psafe.msuite.pro_1mo_3.90",7,6
"2025-01-26","com.psafe.msuite.ultra_12mo",7,5
"2025-01-26","com.psafe.msuite.ads_free_12mo",4,2
"2025-01-26","com.psafe.msuite.pro_12mo_49.90",1,1
"2025-01-27","com.psafe.msuite.ultra_12mo_59.90",1953,1180
"2025-01-27","com.psafe.msuite.ads_free_12mo_13.90",575,414
"2025-01-27","com.psafe.msuite.pro_lto_12mo_39.90",131,91
"2025-01-27","com.psafe.msuite.ultra_1mo_16.90",73,58
"2025-01-27","com.psafe.msuite.adsfree_lto_12mo",34,24
"2025-01-27","com.psafe.msuite.pro_3day_trial_12mo49.9",31,25
"2025-01-27","com.psafe.msuite.pro_1mo_3.90",14,12
"2025-01-27","com.psafe.msuite.ads_free_12mo",11,2
"2025-01-27","com.psafe.msuite.pro_12mo_49.90",4,2
"2025-01-27","com.psafe.msuite.ultra_12mo",3,2
"2025-01-27","com.psafe.msuite.ultra_12mo_99.99",1,1
"2025-01-28","com.psafe.msuite.ultra_12mo_59.90",1789,1140
"2025-01-28","com.psafe.msuite.ads_free_12mo_13.90",577,441
"2025-01-28","com.psafe.msuite.pro_lto_12mo_39.90",83,65
"2025-01-28","com.psafe.msuite.ultra_1mo_16.90",53,44
"2025-01-28","com.psafe.msuite.adsfree_lto_12mo",49,38
"2025-01-28","com.psafe.msuite.pro_3day_trial_12mo49.9",38,26
"2025-01-28","com.psafe.msuite.ads_free_12mo",20,2
"2025-01-28","com.psafe.msuite.ultra_12mo",12,6
"2025-01-28","com.psafe.msuite.pro_1mo_3.90",9,8
"2025-01-28","com.psafe.msuite.pro_12mo_49.90",5,3
"2025-01-28","com.psafe.msuite.pro_lto_12mo",1,1
"2025-01-29","com.psafe.msuite.ultra_12mo_59.90",1739,1061
"2025-01-29","com.psafe.msuite.ads_free_12mo_13.90",561,448
"2025-01-29","com.psafe.msuite.ultra_1mo_16.90",99,56
"2025-01-29","com.psafe.msuite.pro_lto_12mo_39.90",81,58
"2025-01-29","com.psafe.msuite.pro_3day_trial_12mo49.9",36,24
"2025-01-29","com.psafe.msuite.adsfree_lto_12mo",25,21
"2025-01-29","com.psafe.msuite.pro_1mo_3.90",18,13
"2025-01-29","com.psafe.msuite.ads_free_12mo",7,4
"2025-01-29","com.psafe.msuite.ultra_12mo",4,2
"2025-01-29","com.psafe.msuite.pro_12mo_49.90",2,2
"2025-01-29","(not set)",1,1
"2025-01-30","com.psafe.msuite.ultra_12mo_59.90",1922,1122
"2025-01-30","com.psafe.msuite.ads_free_12mo_13.90",616,452
"2025-01-30","com.psafe.msuite.pro_lto_12mo_39.90",78,65
"2025-01-30","com.psafe.msuite.ultra_1mo_16.90",69,58
"2025-01-30","com.psafe.msuite.pro_3day_trial_12mo49.9",40,38
"2025-01-30","com.psafe.msuite.adsfree_lto_12mo",30,24
"2025-01-30","com.psafe.msuite.pro_1mo_3.90",13,12
"2025-01-30","com.psafe.msuite.pro_12mo_49.90",12,3
"2025-01-30","com.psafe.msuite.ultra_12mo",7,6
"2025-01-30","com.psafe.msuite.ads_free_12mo",2,2
"2025-01-31","com.psafe.msuite.ultra_12mo_59.90",1782,1057
"2025-01-31","com.psafe.msuite.ads_free_12mo_13.90",492,374
"2025-01-31","com.psafe.msuite.ultra_1mo_16.90",86,66
"2025-01-31","com.psafe.msuite.pro_lto_12mo_39.90",81,69
"2025-01-31","com.psafe.msuite.pro_3day_trial_12mo49.9",67,27
"2025-01-31","com.psafe.msuite.adsfree_lto_12mo",35,28
"2025-01-31","com.psafe.msuite.pro_12mo_49.90",16,7
"2025-01-31","com.psafe.msuite.pro_1mo_3.90",9,4
"2025-01-31","com.psafe.msuite.ads_free_12mo",4,2
"2025-01-31","com.psafe.msuite.ultra_12mo",1,1
"2025-02-01","com.psafe.msuite.ultra_12mo_59.90",1663,1032
"2025-02-01","com.psafe.msuite.ads_free_12mo_13.90",520,397
"2025-02-01","com.psafe.msuite.pro_lto_12mo_39.90",113,75
"2025-02-01","com.psafe.msuite.ultra_1mo_16.90",62,53
"2025-02-01","com.psafe.msuite.adsfree_lto_12mo",57,32
"2025-02-01","com.psafe.msuite.pro_3day_trial_12mo49.9",21,17
"2025-02-01","com.psafe.msuite.pro_12mo_49.90",13,4
"2025-02-01","com.psafe.msuite.pro_1mo_3.90",6,5
"2025-02-01","com.psafe.msuite.ultra_12mo",3,3
"2025-02-01","com.psafe.msuite.ads_free_12mo",1,1
"2025-02-01","com.psafe.msuite.pro_3day_trial_12mo",1,1
"2025-02-02","com.psafe.msuite.ultra_12mo_59.90",1717,1053
"2025-02-02","com.psafe.msuite.ads_free_12mo_13.90",507,384
"2025-02-02","com.psafe.msuite.pro_3day_trial_12mo49.9",166,35
"2025-02-02","com.psafe.msuite.pro_lto_12mo_39.90",100,69
"2025-02-02","com.psafe.msuite.ultra_1mo_16.90",64,49
"2025-02-02","com.psafe.msuite.pro_1mo_3.90",43,11
"2025-02-02","com.psafe.msuite.adsfree_lto_12mo",34,25
"2025-02-02","com.psafe.msuite.ultra_12mo",13,8
"2025-02-02","com.psafe.msuite.ads_free_12mo",8,4
"2025-02-02","com.psafe.msuite.pro_12mo_49.90",1,1
"2025-02-03","com.psafe.msuite.ultra_12mo_59.90",1653,1001
"2025-02-03","com.psafe.msuite.ads_free_12mo_13.90",503,379
"2025-02-03","com.psafe.msuite.pro_lto_12mo_39.90",114,82
"2025-02-03","com.psafe.msuite.ultra_1mo_16.90",49,44
"2025-02-03","com.psafe.msuite.pro_3day_trial_12mo49.9",29,22
"2025-02-03","com.psafe.msuite.adsfree_lto_12mo",22,19
"2025-02-03","com.psafe.msuite.ultra_12mo",16,9
"2025-02-03","com.psafe.msuite.ads_free_12mo",7,3
"2025-02-03","com.psafe.msuite.pro_1mo_3.90",7,5
"2025-02-03","com.psafe.msuite.pro_12mo_49.90",3,2
"2025-02-03","com.psafe.msuite.ultra_12mo_99.99",2,1
"2025-02-04","com.psafe.msuite.ultra_12mo_59.90",1561,925
"2025-02-04","com.psafe.msuite.ads_free_12mo_13.90",481,367
"2025-02-04","com.psafe.msuite.pro_lto_12mo_39.90",142,87
"2025-02-04","com.psafe.msuite.ultra_1mo_16.90",95,56
"2025-02-04","com.psafe.msuite.adsfree_lto_12mo",31,20
"2025-02-04","com.psafe.msuite.pro_3day_trial_12mo49.9",31,20
"2025-02-04","com.psafe.msuite.ultra_12mo",10,7
"2025-02-04","com.psafe.msuite.pro_1mo_3.90",6,5
"2025-02-04","com.psafe.msuite.pro_12mo_49.90",2,2
"2025-02-05","com.psafe.msuite.ultra_12mo_59.90",1414,875
"2025-02-05","com.psafe.msuite.ads_free_12mo_13.90",423,344
"2025-02-05","com.psafe.msuite.pro_lto_12mo_39.90",126,71
"2025-02-05","com.psafe.msuite.ultra_1mo_16.90",64,56
"2025-02-05","com.psafe.msuite.adsfree_lto_12mo",32,25
"2025-02-05","com.psafe.msuite.pro_3day_trial_12mo49.9",21,19
"2025-02-05","com.psafe.msuite.pro_1mo_3.90",17,12
"2025-02-05","com.psafe.msuite.ultra_12mo",15,7
"2025-02-05","com.psafe.msuite.pro_12mo_49.90",4,4
"2025-02-05","com.psafe.msuite.ads_free_12mo",2,2
"2025-02-06","com.psafe.msuite.ultra_12mo_59.90",1513,913
"2025-02-06","com.psafe.msuite.ads_free_12mo_13.90",466,358
"2025-02-06","com.psafe.msuite.pro_lto_12mo_39.90",108,76
"2025-02-06","com.psafe.msuite.ultra_1mo_16.90",72,51
"2025-02-06","com.psafe.msuite.pro_3day_trial_12mo49.9",40,28
"2025-02-06","com.psafe.msuite.adsfree_lto_12mo",32,23
"2025-02-06","com.psafe.msuite.pro_1mo_3.90",16,10
"2025-02-06","com.psafe.msuite.pro_12mo_49.90",3,2
"2025-02-06","com.psafe.msuite.ultra_12mo",2,2
"2025-02-07","com.psafe.msuite.ultra_12mo_59.90",1411,920
"2025-02-07","com.psafe.msuite.ads_free_12mo_13.90",510,357
"2025-02-07","com.psafe.msuite.pro_lto_12mo_39.90",105,70
"2025-02-07","com.psafe.msuite.ultra_1mo_16.90",74,56
"2025-02-07","com.psafe.msuite.adsfree_lto_12mo",39,30
"2025-02-07","com.psafe.msuite.pro_3day_trial_12mo49.9",29,19
"2025-02-07","com.psafe.msuite.ultra_12mo",13,10
"2025-02-07","com.psafe.msuite.ads_free_12mo",12,5
"2025-02-07","com.psafe.msuite.pro_1mo_3.90",6,6
"2025-02-07","com.psafe.msuite.pro_12mo_49.90",5,4
"2025-02-07","com.psafe.msuite.ultra_trial_12mo_2.99",1,1
"2025-02-08","com.psafe.msuite.ultra_12mo_59.90",1490,900
"2025-02-08","com.psafe.msuite.ads_free_12mo_13.90",481,360
"2025-02-08","com.psafe.msuite.pro_lto_12mo_39.90",112,73
"2025-02-08","com.psafe.msuite.ultra_1mo_16.90",83,64
"2025-02-08","com.psafe.msuite.adsfree_lto_12mo",33,23
"2025-02-08","com.psafe.msuite.pro_3day_trial_12mo49.9",28,20
"2025-02-08","com.psafe.msuite.pro_12mo_49.90",12,7
"2025-02-08","com.psafe.msuite.ads_free_12mo",9,5
"2025-02-08","com.psafe.msuite.ultra_12mo",9,7
"2025-02-08","com.psafe.msuite.pro_1mo_3.90",7,7
"2025-02-09","com.psafe.msuite.ultra_12mo_59.90",1626,998
"2025-02-09","com.psafe.msuite.ads_free_12mo_13.90",428,350
"2025-02-09","com.psafe.msuite.pro_lto_12mo_39.90",100,75
"2025-02-09","com.psafe.msuite.ultra_1mo_16.90",63,52
"2025-02-09","com.psafe.msuite.adsfree_lto_12mo",30,25
"2025-02-09","com.psafe.msuite.pro_3day_trial_12mo49.9",23,19
"2025-02-09","com.psafe.msuite.ultra_12mo",19,12
"2025-02-09","com.psafe.msuite.ads_free_12mo",9,4
"2025-02-09","com.psafe.msuite.pro_1mo_3.90",8,7
"2025-02-09","com.psafe.msuite.pro_12mo_49.90",4,4
"2025-02-10","com.psafe.msuite.ultra_12mo_59.90",1468,886
"2025-02-10","com.psafe.msuite.ads_free_12mo_13.90",454,351
"2025-02-10","com.psafe.msuite.pro_lto_12mo_39.90",98,66
"2025-02-10","com.psafe.msuite.ultra_1mo_16.90",93,64
"2025-02-10","com.psafe.msuite.adsfree_lto_12mo",59,27
"2025-02-10","com.psafe.msuite.pro_3day_trial_12mo49.9",50,27
"2025-02-10","com.psafe.msuite.ultra_12mo",20,11
"2025-02-10","com.psafe.msuite.pro_1mo_3.90",17,10
"2025-02-10","com.psafe.msuite.pro_12mo_49.90",3,3
"2025-02-10","com.psafe.msuite.ads_free_12mo",1,1
"2025-02-11","com.psafe.msuite.ultra_12mo_59.90",1401,900
"2025-02-11","com.psafe.msuite.ads_free_12mo_13.90",423,350
"2025-02-11","com.psafe.msuite.pro_lto_12mo_39.90",97,62
"2025-02-11","com.psafe.msuite.ultra_1mo_16.90",83,52
"2025-02-11","com.psafe.msuite.adsfree_lto_12mo",30,27
"2025-02-11","com.psafe.msuite.pro_3day_trial_12mo49.9",17,14
"2025-02-11","com.psafe.msuite.ads_free_12mo",4,2
"2025-02-11","com.psafe.msuite.pro_1mo_3.90",4,4
"2025-02-11","com.psafe.msuite.pro_12mo_49.90",3,2
"2025-02-11","com.psafe.msuite.ultra_12mo",3,3
"2025-02-12","com.psafe.msuite.ultra_12mo_59.90",1378,826
"2025-02-12","com.psafe.msuite.ads_free_12mo_13.90",403,293
"2025-02-12","com.psafe.msuite.ultra_1mo_16.90",129,45
"2025-02-12","com.psafe.msuite.pro_lto_12mo_39.90",98,77
"2025-02-12","com.psafe.msuite.adsfree_lto_12mo",69,37
"2025-02-12","com.psafe.msuite.pro_3day_trial_12mo49.9",29,22
"2025-02-12","com.psafe.msuite.ultra_12mo",8,6
"2025-02-12","com.psafe.msuite.pro_1mo_3.90",3,3
"2025-02-12","com.psafe.msuite.pro_12mo_49.90",2,1
"2025-02-12","com.psafe.msuite.ads_free_12mo",1,1
"2025-02-13","com.psafe.msuite.ultra_12mo_59.90",1318,782
"2025-02-13","com.psafe.msuite.ads_free_12mo_13.90",389,312
"2025-02-13","com.psafe.msuite.adsfree_lto_12mo",104,25
"2025-02-13","com.psafe.msuite.pro_lto_12mo_39.90",82,52
"2025-02-13","com.psafe.msuite.ultra_1mo_16.90",65,56
"2025-02-13","com.psafe.msuite.pro_3day_trial_12mo49.9",34,22
"2025-02-13","com.psafe.msuite.pro_1mo_3.90",6,5
"2025-02-13","com.psafe.msuite.pro_12mo_49.90",5,3
"2025-02-13","com.psafe.msuite.ultra_12mo",3,3
"2025-02-13","com.psafe.msuite.ads_free_12mo",2,2
"2025-02-14","com.psafe.msuite.ultra_12mo_59.90",1290,764
"2025-02-14","com.psafe.msuite.ads_free_12mo_13.90",357,266
"2025-02-14","com.psafe.msuite.ultra_1mo_16.90",103,58
"2025-02-14","com.psafe.msuite.pro_lto_12mo_39.90",81,59
"2025-02-14","com.psafe.msuite.adsfree_lto_12mo",34,30
"2025-02-14","com.psafe.msuite.pro_3day_trial_12mo49.9",17,14
"2025-02-14","com.psafe.msuite.pro_1mo_3.90",12,9
"2025-02-14","com.psafe.msuite.pro_12mo_49.90",3,3
"2025-02-14","com.psafe.msuite.ads_free_12mo",2,2
"2025-02-14","com.psafe.msuite.ultra_12mo_99.99",2,1
"2025-02-14","com.psafe.msuite.ultra_12mo",1,1
"2025-02-15","com.psafe.msuite.ultra_12mo_59.90",1316,803
"2025-02-15","com.psafe.msuite.ads_free_12mo_13.90",371,275
"2025-02-15","com.psafe.msuite.pro_lto_12mo_39.90",112,76
"2025-02-15","com.psafe.msuite.ultra_1mo_16.90",79,58
"2025-02-15","com.psafe.msuite.pro_3day_trial_12mo49.9",38,28
"2025-02-15","com.psafe.msuite.adsfree_lto_12mo",20,18
"2025-02-15","com.psafe.msuite.ultra_12mo",13,9
"2025-02-15","com.psafe.msuite.pro_1mo_3.90",9,8
"2025-02-15","com.psafe.msuite.ads_free_12mo",4,1
"2025-02-15","com.psafe.msuite.pro_12mo_49.90",1,1
"2025-02-16","com.psafe.msuite.ultra_12mo_59.90",1378,883
"2025-02-16","com.psafe.msuite.ads_free_12mo_13.90",343,262
"2025-02-16","com.psafe.msuite.pro_lto_12mo_39.90",92,59
"2025-02-16","com.psafe.msuite.ultra_1mo_16.90",86,62
"2025-02-16","com.psafe.msuite.adsfree_lto_12mo",43,33
"2025-02-16","com.psafe.msuite.pro_3day_trial_12mo49.9",22,15
"2025-02-16","com.psafe.msuite.ultra_12mo",22,12
"2025-02-16","com.psafe.msuite.pro_1mo_3.90",7,4
"2025-02-16","com.psafe.msuite.pro_12mo_49.90",4,3
"2025-02-17","com.psafe.msuite.ultra_12mo_59.90",1262,764
"2025-02-17","com.psafe.msuite.ads_free_12mo_13.90",397,296
"2025-02-17","com.psafe.msuite.pro_lto_12mo_39.90",91,55
"2025-02-17","com.psafe.msuite.pro_3day_trial_12mo49.9",37,17
"2025-02-17","com.psafe.msuite.ultra_1mo_16.90",31,26
"2025-02-17","com.psafe.msuite.adsfree_lto_12mo",19,16
"2025-02-17","com.psafe.msuite.pro_1mo_3.90",6,6
"2025-02-17","com.psafe.msuite.ultra_12mo",5,5
"2025-02-17","com.psafe.msuite.ads_free_12mo",2,2
"2025-02-17","com.psafe.msuite.pro_12mo_49.90",2,2
"2025-02-18","com.psafe.msuite.ultra_12mo_59.90",1221,761
"2025-02-18","com.psafe.msuite.ads_free_12mo_13.90",383,293
"2025-02-18","com.psafe.msuite.pro_lto_12mo_39.90",74,63
"2025-02-18","com.psafe.msuite.ultra_1mo_16.90",58,39
"2025-02-18","com.psafe.msuite.adsfree_lto_12mo",28,23
"2025-02-18","com.psafe.msuite.pro_3day_trial_12mo49.9",27,19
"2025-02-18","com.psafe.msuite.pro_1mo_3.90",9,8
"2025-02-18","com.psafe.msuite.ultra_12mo",5,5
"2025-02-18","com.psafe.msuite.ads_free_12mo",4,3
"2025-02-18","com.psafe.msuite.pro_12mo_49.90",4,2
"2025-02-18","com.psafe.msuite.ultra_trial_12mo_2.99",2,1
"2025-02-18","com.psafe.msuite.ultra_1mo",1,1
"2025-02-19","com.psafe.msuite.ultra_12mo_59.90",1216,760
"2025-02-19","com.psafe.msuite.ads_free_12mo_13.90",428,322
"2025-02-19","com.psafe.msuite.pro_lto_12mo_39.90",80,61
"2025-02-19","com.psafe.msuite.ultra_1mo_16.90",53,42
"2025-02-19","com.psafe.msuite.adsfree_lto_12mo",27,23
"2025-02-19","com.psafe.msuite.pro_3day_trial_12mo49.9",21,16
"2025-02-19","com.psafe.msuite.ultra_12mo",11,5
"2025-02-19","com.psafe.msuite.pro_1mo_3.90",8,7
"2025-02-19","(not set)",3,3
"2025-02-19","com.psafe.msuite.ads_free_12mo",1,1
"2025-02-20","com.psafe.msuite.ultra_12mo_59.90",1208,760
"2025-02-20","com.psafe.msuite.ads_free_12mo_13.90",391,309
"2025-02-20","com.psafe.msuite.pro_lto_12mo_39.90",93,57
"2025-02-20","com.psafe.msuite.ultra_1mo_16.90",53,41
"2025-02-20","com.psafe.msuite.adsfree_lto_12mo",35,28
"2025-02-20","com.psafe.msuite.ads_free_12mo",31,1
"2025-02-20","com.psafe.msuite.pro_3day_trial_12mo49.9",16,15
"2025-02-20","com.psafe.msuite.pro_1mo_3.90",9,8
"2025-02-20","com.psafe.msuite.pro_12mo_49.90",4,3
"2025-02-20","com.psafe.msuite.ultra_12mo",4,4
"2025-02-21","com.psafe.msuite.ultra_12mo_59.90",1250,741
"2025-02-21","com.psafe.msuite.ads_free_12mo_13.90",329,273
"2025-02-21","com.psafe.msuite.pro_lto_12mo_39.90",81,54
"2025-02-21","com.psafe.msuite.ultra_1mo_16.90",60,42
"2025-02-21","com.psafe.msuite.adsfree_lto_12mo",36,29
"2025-02-21","com.psafe.msuite.pro_3day_trial_12mo49.9",22,19
"2025-02-21","com.psafe.msuite.ultra_12mo",7,4
"2025-02-21","com.psafe.msuite.pro_1mo_3.90",5,5
"2025-02-21","com.psafe.msuite.pro_12mo_49.90",2,2
"2025-02-21","com.psafe.msuite.ads_free_12mo",1,1
"2025-02-22","com.psafe.msuite.ultra_12mo_59.90",1145,711
"2025-02-22","com.psafe.msuite.ads_free_12mo_13.90",330,270
"2025-02-22","com.psafe.msuite.pro_lto_12mo_39.90",60,49
"2025-02-22","com.psafe.msuite.ultra_1mo_16.90",55,34
"2025-02-22","com.psafe.msuite.adsfree_lto_12mo",32,26
"2025-02-22","com.psafe.msuite.pro_3day_trial_12mo49.9",26,23
"2025-02-22","com.psafe.msuite.ads_free_12mo",8,2
"2025-02-22","com.psafe.msuite.pro_1mo_3.90",3,3
"2025-02-22","com.psafe.msuite.pro_12mo_29.88",2,1
"2025-02-22","com.psafe.msuite.pro_12mo_49.90",2,2
"2025-02-22","com.psafe.msuite.ultra_12mo",2,2
"2025-02-23","com.psafe.msuite.ultra_12mo_59.90",1286,810
"2025-02-23","com.psafe.msuite.ads_free_12mo_13.90",358,283
"2025-02-23","com.psafe.msuite.pro_lto_12mo_39.90",63,42
"2025-02-23","com.psafe.msuite.ultra_1mo_16.90",43,28
"2025-02-23","com.psafe.msuite.adsfree_lto_12mo",32,25
"2025-02-23","com.psafe.msuite.pro_3day_trial_12mo49.9",26,22
"2025-02-23","com.psafe.msuite.pro_1mo_3.90",9,8
"2025-02-23","com.psafe.msuite.ultra_12mo",5,4
"2025-02-23","com.psafe.msuite.ads_free_12mo",3,1
"2025-02-23","com.psafe.msuite.pro_12mo_49.90",2,2
"2025-02-23","(not set)",1,1
"2025-02-24","com.psafe.msuite.ultra_12mo_59.90",1350,786
"2025-02-24","com.psafe.msuite.ads_free_12mo_13.90",351,269
"2025-02-24","com.psafe.msuite.ultra_1mo_16.90",61,38
"2025-02-24","com.psafe.msuite.pro_lto_12mo_39.90",51,39
"2025-02-24","com.psafe.msuite.pro_3day_trial_12mo49.9",23,18
"2025-02-24","com.psafe.msuite.adsfree_lto_12mo",15,14
"2025-02-24","com.psafe.msuite.ads_free_12mo",10,3
"2025-02-24","com.psafe.msuite.pro_1mo_3.90",10,4
"2025-02-24","com.psafe.msuite.ultra_12mo",3,2
"2025-02-25","com.psafe.msuite.ultra_12mo_59.90",1280,806
"2025-02-25","com.psafe.msuite.ads_free_12mo_13.90",430,322
"2025-02-25","com.psafe.msuite.pro_lto_12mo_39.90",89,56
"2025-02-25","com.psafe.msuite.ultra_1mo_16.90",62,42
"2025-02-25","com.psafe.msuite.adsfree_lto_12mo",24,21
"2025-02-25","com.psafe.msuite.pro_3day_trial_12mo49.9",19,13
"2025-02-25","com.psafe.msuite.pro_1mo_3.90",4,4
"2025-02-25","com.psafe.msuite.ultra_12mo",4,4
"2025-02-26","com.psafe.msuite.ultra_12mo_59.90",1392,850
"2025-02-26","com.psafe.msuite.ads_free_12mo_13.90",488,363
"2025-02-26","com.psafe.msuite.ultra_1mo_16.90",58,42
"2025-02-26","com.psafe.msuite.pro_lto_12mo_39.90",55,37
"2025-02-26","com.psafe.msuite.pro_3day_trial_12mo49.9",30,24
"2025-02-26","com.psafe.msuite.adsfree_lto_12mo",17,13
"2025-02-26","com.psafe.msuite.ultra_12mo",15,6
"2025-02-26","com.psafe.msuite.pro_1mo_3.90",9,7
"2025-02-26","com.psafe.msuite.ads_free_12mo",6,5
"2025-02-26","com.psafe.msuite.pro_12mo_49.90",5,4
"2025-02-26","com.psafe.msuite.ultra_1mo",1,1
"2025-02-27","com.psafe.msuite.ultra_12mo_59.90",1346,808
"2025-02-27","com.psafe.msuite.ads_free_12mo_13.90",443,329
"2025-02-27","com.psafe.msuite.pro_lto_12mo_39.90",91,60
"2025-02-27","com.psafe.msuite.ultra_1mo_16.90",50,37
"2025-02-27","com.psafe.msuite.adsfree_lto_12mo",40,29
"2025-02-27","com.psafe.msuite.pro_3day_trial_12mo49.9",15,12
"2025-02-27","com.psafe.msuite.ultra_12mo",8,8
"2025-02-27","com.psafe.msuite.pro_1mo_3.90",6,6
"2025-02-27","com.psafe.msuite.pro_12mo_49.90",3,3
"2025-02-27","(not set)",2,2
"2025-02-28","com.psafe.msuite.ultra_12mo_59.90",1255,781
"2025-02-28","com.psafe.msuite.ads_free_12mo_13.90",453,333
"2025-02-28","com.psafe.msuite.pro_lto_12mo_39.90",118,63
"2025-02-28","com.psafe.msuite.ultra_1mo_16.90",33,28
"2025-02-28","com.psafe.msuite.adsfree_lto_12mo",29,20
"2025-02-28","com.psafe.msuite.pro_3day_trial_12mo49.9",19,15
"2025-02-28","com.psafe.msuite.pro_1mo_3.90",11,9
"2025-02-28","com.psafe.msuite.pro_12mo_49.90",7,5
"2025-02-28","com.psafe.msuite.ads_free_12mo",5,4
"2025-02-28","com.psafe.msuite.ultra_12mo",4,4
"2025-03-01","com.psafe.msuite.ultra_12mo_59.90",1350,826
"2025-03-01","com.psafe.msuite.ads_free_12mo_13.90",430,327
"2025-03-01","com.psafe.msuite.pro_lto_12mo_39.90",89,60
"2025-03-01","com.psafe.msuite.adsfree_lto_12mo",41,31
"2025-03-01","com.psafe.msuite.ultra_1mo_16.90",37,23
"2025-03-01","com.psafe.msuite.pro_3day_trial_12mo49.9",29,18
"2025-03-01","com.psafe.msuite.ultra_12mo",8,7
"2025-03-01","com.psafe.msuite.ads_free_12mo",5,3
"2025-03-01","com.psafe.msuite.pro_12mo_49.90",3,3
"2025-03-01","com.psafe.msuite.pro_1mo_3.90",3,3
"2025-03-02","com.psafe.msuite.ultra_12mo_59.90",1344,859
"2025-03-02","com.psafe.msuite.ads_free_12mo_13.90",459,340
"2025-03-02","com.psafe.msuite.pro_lto_12mo_39.90",81,59
"2025-03-02","com.psafe.msuite.adsfree_lto_12mo",37,27
"2025-03-02","com.psafe.msuite.pro_3day_trial_12mo49.9",21,13
"2025-03-02","com.psafe.msuite.ultra_1mo_16.90",20,17
"2025-03-02","com.psafe.msuite.pro_1mo_3.90",6,4
"2025-03-02","com.psafe.msuite.ultra_12mo",4,3
"2025-03-02","com.psafe.msuite.pro_12mo_49.90",1,1
"2025-03-03","com.psafe.msuite.ultra_12mo_59.90",1463,929
"2025-03-03","com.psafe.msuite.ads_free_12mo_13.90",444,319
"2025-03-03","com.psafe.msuite.pro_lto_12mo_39.90",60,49
"2025-03-03","com.psafe.msuite.pro_3day_trial_12mo49.9",33,24
"2025-03-03","com.psafe.msuite.ultra_1mo_16.90",33,29
"2025-03-03","com.psafe.msuite.adsfree_lto_12mo",24,20
"2025-03-03","com.psafe.msuite.pro_12mo_49.90",19,2
"2025-03-03","com.psafe.msuite.ultra_12mo",11,6
"2025-03-03","com.psafe.msuite.pro_1mo_3.90",7,7
"2025-03-03","com.psafe.msuite.ads_free_12mo",3,2
"2025-03-04","com.psafe.msuite.ultra_12mo_59.90",1615,980
"2025-03-04","com.psafe.msuite.ads_free_12mo_13.90",422,312
"2025-03-04","com.psafe.msuite.pro_lto_12mo_39.90",100,68
"2025-03-04","com.psafe.msuite.adsfree_lto_12mo",37,27
"2025-03-04","com.psafe.msuite.pro_1mo_3.90",35,11
"2025-03-04","com.psafe.msuite.pro_3day_trial_12mo49.9",35,21
"2025-03-04","com.psafe.msuite.ultra_1mo_16.90",23,22
"2025-03-04","com.psafe.msuite.ultra_12mo",8,7
"2025-03-04","com.psafe.msuite.ads_free_12mo",2,2
"2025-03-04","com.psafe.msuite.pro_12mo_49.90",1,1
"2025-03-04","com.psafe.msuite.ultra_trial_12mo_2.99",1,1
"2025-03-05","com.psafe.msuite.ultra_12mo_59.90",1686,1019
"2025-03-05","com.psafe.msuite.ads_free_12mo_13.90",386,292
"2025-03-05","com.psafe.msuite.pro_lto_12mo_39.90",87,64
"2025-03-05","com.psafe.msuite.ultra_1mo_16.90",47,33
"2025-03-05","com.psafe.msuite.adsfree_lto_12mo",33,25
"2025-03-05","com.psafe.msuite.pro_3day_trial_12mo49.9",32,26
"2025-03-05","com.psafe.msuite.ultra_12mo",10,8
"2025-03-05","com.psafe.msuite.pro_1mo_3.90",9,6
"2025-03-05","com.psafe.msuite.ads_free_12mo",3,2
"2025-03-05","com.psafe.msuite.pro_12mo_49.90",1,1
"2025-03-05","com.psafe.msuite.ultra_1mo",1,1
"2025-03-06","com.psafe.msuite.ultra_12mo_59.90",1585,958
"2025-03-06","com.psafe.msuite.ads_free_12mo_13.90",428,319
"2025-03-06","com.psafe.msuite.pro_lto_12mo_39.90",111,66
"2025-03-06","com.psafe.msuite.ultra_1mo_16.90",32,21
"2025-03-06","com.psafe.msuite.adsfree_lto_12mo",26,22
"2025-03-06","com.psafe.msuite.pro_3day_trial_12mo49.9",24,21
"2025-03-06","com.psafe.msuite.pro_1mo_3.90",18,10
"2025-03-06","com.psafe.msuite.ultra_12mo",13,10
"2025-03-06","com.psafe.msuite.pro_12mo_49.90",6,5
"2025-03-06","(not set)",1,1
"2025-03-06","com.psafe.msuite.ads_free_12mo",1,1
"2025-03-07","com.psafe.msuite.ultra_12mo_59.90",1009,623
"2025-03-07","com.psafe.msuite.ads_free_12mo_13.90",399,282
"2025-03-07","com.psafe.msuite.pro_lto_12mo_39.90",77,47
"2025-03-07","com.psafe.msuite.ultra_1mo_16.90",54,39
"2025-03-07","com.psafe.msuite.adsfree_lto_12mo",35,29
"2025-03-07","com.psafe.msuite.pro_3day_trial_12mo49.9",29,21
"2025-03-07","com.psafe.msuite.pro_1mo_3.90",18,9
"2025-03-07","com.psafe.msuite.ads_free_12mo",4,3
"2025-03-07","com.psafe.msuite.ultra_12mo",4,2
"2025-03-07","com.psafe.msuite.pro_12mo_49.90",3,2
"2025-03-08","com.psafe.msuite.ads_free_12mo_13.90",395,286
"2025-03-08","com.psafe.msuite.ultra_12mo_59.90",358,231
"2025-03-08","com.psafe.msuite.pro_lto_12mo_39.90",61,48
"2025-03-08","com.psafe.msuite.ultra_1mo_16.90",45,30
"2025-03-08","com.psafe.msuite.adsfree_lto_12mo",21,18
"2025-03-08","com.psafe.msuite.pro_3day_trial_12mo49.9",17,16
"2025-03-08","com.psafe.msuite.pro_1mo_3.90",7,5
"2025-03-08","com.psafe.msuite.ultra_12mo",4,1
"2025-03-08","com.psafe.msuite.ads_free_12mo",1,1
"2025-03-08","com.psafe.msuite.ultra_1mo",1,1
"2025-03-09","com.psafe.msuite.ultra_12mo_59.90",484,261
"2025-03-09","com.psafe.msuite.ads_free_12mo_13.90",385,296
"2025-03-09","com.psafe.msuite.pro_lto_12mo_39.90",73,58
"2025-03-09","com.psafe.msuite.ultra_1mo_16.90",35,30
"2025-03-09","com.psafe.msuite.adsfree_lto_12mo",21,19
"2025-03-09","com.psafe.msuite.pro_3day_trial_12mo49.9",6,6
"2025-03-09","com.psafe.msuite.pro_1mo_3.90",5,5
"2025-03-09","com.psafe.msuite.pro_12mo_49.90",4,3
"2025-03-09","com.psafe.msuite.ads_free_12mo",2,2
"2025-03-09","(not set)",1,1
"2025-03-10","com.psafe.msuite.ads_free_12mo_13.90",401,286
"2025-03-10","com.psafe.msuite.ultra_12mo_59.90",341,220
"2025-03-10","com.psafe.msuite.pro_lto_12mo_39.90",100,55
"2025-03-10","com.psafe.msuite.adsfree_lto_12mo",33,17
"2025-03-10","com.psafe.msuite.ultra_1mo_16.90",32,26
"2025-03-10","com.psafe.msuite.pro_3day_trial_12mo49.9",29,15
"2025-03-10","com.psafe.msuite.pro_1mo_3.90",12,9
"2025-03-10","com.psafe.msuite.ads_free_12mo",5,3
"2025-03-10","(not set)",1,1
"2025-03-11","com.psafe.msuite.ads_free_12mo_13.90",355,255
"2025-03-11","com.psafe.msuite.ultra_12mo_59.90",319,197
"2025-03-11","com.psafe.msuite.pro_lto_12mo_39.90",105,56
"2025-03-11","com.psafe.msuite.adsfree_lto_12mo",39,22
"2025-03-11","com.psafe.msuite.ultra_1mo_16.90",33,24
"2025-03-11","com.psafe.msuite.pro_3day_trial_12mo49.9",7,6
"2025-03-11","com.psafe.msuite.ads_free_12mo",5,4
"2025-03-11","com.psafe.msuite.pro_1mo_3.90",3,2
"2025-03-11","com.psafe.msuite.ultra_12mo",1,1
"2025-03-12","com.psafe.msuite.ads_free_12mo_13.90",378,266
"2025-03-12","com.psafe.msuite.ultra_12mo_59.90",307,206
"2025-03-12","com.psafe.msuite.pro_lto_12mo_39.90",72,46
"2025-03-12","com.psafe.msuite.ultra_1mo_16.90",48,31
"2025-03-12","com.psafe.msuite.adsfree_lto_12mo",34,29
"2025-03-12","com.psafe.msuite.pro_3day_trial_12mo49.9",13,11
"2025-03-12","com.psafe.msuite.pro_1mo_3.90",7,5
"2025-03-12","com.psafe.msuite.pro_12mo_49.90",2,2
"2025-03-12","(not set)",1,1
"2025-03-12","com.psafe.msuite.ads_free_12mo",1,1
"2025-03-13","com.psafe.msuite.ads_free_12mo_13.90",372,265
"2025-03-13","com.psafe.msuite.ultra_12mo_59.90",337,219
"2025-03-13","com.psafe.msuite.pro_lto_12mo_39.90",106,56
"2025-03-13","com.psafe.msuite.adsfree_lto_12mo",37,28
"2025-03-13","com.psafe.msuite.ultra_1mo_16.90",30,23
"2025-03-13","com.psafe.msuite.pro_3day_trial_12mo49.9",23,11
"2025-03-13","com.psafe.msuite.pro_1mo_3.90",14,11
"2025-03-13","com.psafe.msuite.ads_free_12mo",3,3
"2025-03-13","com.psafe.msuite.pro_12mo_49.90",2,2
"2025-03-14","com.psafe.msuite.ultra_12mo_59.90",345,213
"2025-03-14","com.psafe.msuite.ads_free_12mo_13.90",287,220
"2025-03-14","com.psafe.msuite.pro_lto_12mo_39.90",68,54
"2025-03-14","com.psafe.msuite.ultra_1mo_16.90",37,24
"2025-03-14","com.psafe.msuite.adsfree_lto_12mo",26,22
"2025-03-14","com.psafe.msuite.pro_3day_trial_12mo49.9",19,19
"2025-03-14","com.psafe.msuite.ads_free_12mo",8,5
"2025-03-14","com.psafe.msuite.pro_1mo_3.90",4,4
"2025-03-14","com.psafe.msuite.pro_12mo_49.90",1,1
"2025-03-15","com.psafe.msuite.ads_free_12mo_13.90",370,244
"2025-03-15","com.psafe.msuite.ultra_12mo_59.90",342,222
"2025-03-15","com.psafe.msuite.pro_lto_12mo_39.90",72,52
"2025-03-15","com.psafe.msuite.adsfree_lto_12mo",40,31
"2025-03-15","com.psafe.msuite.ultra_1mo_16.90",37,30
"2025-03-15","com.psafe.msuite.pro_3day_trial_12mo49.9",11,7
"2025-03-15","com.psafe.msuite.pro_12mo_49.90",7,5
"2025-03-15","com.psafe.msuite.ultra_12mo",4,3
"2025-03-15","com.psafe.msuite.pro_1mo_3.90",3,3
"2025-03-15","com.psafe.msuite.ads_free_12mo",1,1
"2025-03-16","com.psafe.msuite.ultra_12mo_59.90",348,229
"2025-03-16","com.psafe.msuite.ads_free_12mo_13.90",340,261
"2025-03-16","com.psafe.msuite.pro_lto_12mo_39.90",58,50
"2025-03-16","com.psafe.msuite.ultra_1mo_16.90",35,26
"2025-03-16","com.psafe.msuite.adsfree_lto_12mo",32,23
"2025-03-16","com.psafe.msuite.pro_3day_trial_12mo49.9",23,20
"2025-03-16","com.psafe.msuite.pro_1mo_3.90",14,12
"2025-03-16","(not set)",12,1
"2025-03-16","com.psafe.msuite.ads_free_12mo",6,5
"2025-03-16","com.psafe.msuite.ultra_12mo",3,2
"2025-03-16","com.psafe.msuite.pro_12mo_49.90",1,1
"2025-03-17","com.psafe.msuite.ads_free_12mo_13.90",467,266
"2025-03-17","com.psafe.msuite.ultra_12mo_59.90",425,244
"2025-03-17","com.psafe.msuite.pro_lto_12mo_39.90",42,35
"2025-03-17","com.psafe.msuite.adsfree_lto_12mo",35,30
"2025-03-17","com.psafe.msuite.ultra_1mo_16.90",30,21
"2025-03-17","com.psafe.msuite.pro_3day_trial_12mo49.9",18,14
"2025-03-17","com.psafe.msuite.pro_1mo_3.90",10,6
"2025-03-17","com.psafe.msuite.pro_12mo_49.90",4,2
"2025-03-17","com.psafe.msuite.ads_free_12mo",3,1
"2025-03-17","(not set)",1,1
"2025-03-18","com.psafe.msuite.ads_free_12mo_13.90",434,308
"2025-03-18","com.psafe.msuite.ultra_12mo_59.90",432,277
"2025-03-18","com.psafe.msuite.pro_lto_12mo_39.90",86,63
"2025-03-18","com.psafe.msuite.ultra_1mo_16.90",50,36
"2025-03-18","com.psafe.msuite.adsfree_lto_12mo",25,16
"2025-03-18","com.psafe.msuite.pro_3day_trial_12mo49.9",24,15
"2025-03-18","com.psafe.msuite.pro_1mo_3.90",10,8
"2025-03-18","com.psafe.msuite.pro_12mo_49.90",6,5
"2025-03-18","com.psafe.msuite.ultra_12mo",5,4
"2025-03-18","com.psafe.msuite.ads_free_12mo",3,2
"2025-03-18","com.psafe.msuite.ultra_12mo_99.99",1,1
"2025-03-18","com.psafe.msuite.ultra_1mo",1,1
"2025-03-19","com.psafe.msuite.ultra_12mo_59.90",452,261
"2025-03-19","com.psafe.msuite.ads_free_12mo_13.90",326,262
"2025-03-19","com.psafe.msuite.pro_lto_12mo_39.90",78,55
"2025-03-19","com.psafe.msuite.ultra_1mo_16.90",54,42
"2025-03-19","com.psafe.msuite.adsfree_lto_12mo",48,24
"2025-03-19","com.psafe.msuite.pro_3day_trial_12mo49.9",34,13
"2025-03-19","com.psafe.msuite.pro_1mo_3.90",24,14
"2025-03-19","com.psafe.msuite.pro_12mo_49.90",9,5
"2025-03-19","com.psafe.msuite.ultra_12mo",4,2
"2025-03-19","com.psafe.msuite.ads_free_12mo",3,2
"2025-03-20","com.psafe.msuite.ads_free_12mo_13.90",365,240
"2025-03-20","com.psafe.msuite.ultra_12mo_59.90",323,219
"2025-03-20","com.psafe.msuite.pro_lto_12mo_39.90",47,43
"2025-03-20","com.psafe.msuite.ultra_1mo_16.90",46,34
"2025-03-20","com.psafe.msuite.adsfree_lto_12mo",23,20
"2025-03-20","com.psafe.msuite.pro_3day_trial_12mo49.9",16,16
"2025-03-20","com.psafe.msuite.pro_1mo_3.90",7,6
"2025-03-20","com.psafe.msuite.ads_free_12mo",3,2
"2025-03-20","com.psafe.msuite.pro_12mo_49.90",2,1
"2025-03-20","com.psafe.msuite.ultra_12mo",1,1
"2025-03-21","com.psafe.msuite.ultra_12mo_59.90",357,241
"2025-03-21","com.psafe.msuite.ads_free_12mo_13.90",251,215
"2025-03-21","com.psafe.msuite.pro_lto_12mo_39.90",90,61
"2025-03-21","com.psafe.msuite.ultra_1mo_16.90",66,45
"2025-03-21","com.psafe.msuite.adsfree_lto_12mo",27,24
"2025-03-21","com.psafe.msuite.pro_3day_trial_12mo49.9",12,11
"2025-03-21","com.psafe.msuite.ads_free_12mo",6,4
"2025-03-21","com.psafe.msuite.pro_12mo_49.90",6,4
"2025-03-21","com.psafe.msuite.pro_1mo_3.90",6,4
"2025-03-21","com.psafe.msuite.ultra_12mo",1,1
"2025-03-22","com.psafe.msuite.ultra_12mo_59.90",335,218
"2025-03-22","com.psafe.msuite.ads_free_12mo_13.90",292,224
"2025-03-22","com.psafe.msuite.pro_lto_12mo_39.90",108,71
"2025-03-22","com.psafe.msuite.ultra_1mo_16.90",45,33
"2025-03-22","com.psafe.msuite.adsfree_lto_12mo",23,19
"2025-03-22","com.psafe.msuite.pro_3day_trial_12mo49.9",23,18
"2025-03-22","com.psafe.msuite.pro_1mo_3.90",8,6
"2025-03-22","com.psafe.msuite.ads_free_12mo",5,4
"2025-03-22","com.psafe.msuite.ultra_12mo",3,1
"2025-03-23","com.psafe.msuite.ads_free_12mo_13.90",358,257
"2025-03-23","com.psafe.msuite.ultra_12mo_59.90",315,222
"2025-03-23","com.psafe.msuite.pro_lto_12mo_39.90",66,52
"2025-03-23","com.psafe.msuite.adsfree_lto_12mo",34,19
"2025-03-23","com.psafe.msuite.ultra_1mo_16.90",33,28
"2025-03-23","com.psafe.msuite.ads_free_12mo",10,6
"2025-03-23","com.psafe.msuite.pro_3day_trial_12mo49.9",8,7
"2025-03-23","com.psafe.msuite.pro_1mo_3.90",4,4
"2025-03-24","com.psafe.msuite.ads_free_12mo_13.90",383,254
"2025-03-24","com.psafe.msuite.ultra_12mo_59.90",294,195
"2025-03-24","com.psafe.msuite.pro_lto_12mo_39.90",107,73
"2025-03-24","com.psafe.msuite.ultra_1mo_16.90",37,28
"2025-03-24","com.psafe.msuite.pro_12mo_49.90",25,2
"2025-03-24","com.psafe.msuite.adsfree_lto_12mo",24,19
"2025-03-24","com.psafe.msuite.pro_3day_trial_12mo49.9",21,11
"2025-03-24","com.psafe.msuite.pro_1mo_3.90",10,3
"2025-03-24","com.psafe.msuite.ads_free_12mo",6,6
"2025-03-24","com.psafe.msuite.ultra_12mo",5,4
"2025-03-25","com.psafe.msuite.ads_free_12mo_13.90",422,264
"2025-03-25","com.psafe.msuite.ultra_12mo_59.90",299,201
"2025-03-25","com.psafe.msuite.pro_lto_12mo_39.90",94,72
"2025-03-25","com.psafe.msuite.ultra_1mo_16.90",47,35
"2025-03-25","com.psafe.msuite.adsfree_lto_12mo",21,15
"2025-03-25","com.psafe.msuite.pro_3day_trial_12mo49.9",14,13
"2025-03-25","com.psafe.msuite.ads_free_12mo",3,1
"2025-03-25","com.psafe.msuite.pro_12mo_49.90",3,3
"2025-03-25","com.psafe.msuite.pro_1mo_3.90",2,2
"2025-03-25","com.psafe.msuite.ultra_12mo",2,1
"2025-03-26","com.psafe.msuite.ads_free_12mo_13.90",330,245
"2025-03-26","com.psafe.msuite.ultra_12mo_59.90",276,180
"2025-03-26","com.psafe.msuite.pro_lto_12mo_39.90",85,61
"2025-03-26","com.psafe.msuite.adsfree_lto_12mo",56,25
"2025-03-26","com.psafe.msuite.ultra_1mo_16.90",45,36
"2025-03-26","com.psafe.msuite.pro_3day_trial_12mo49.9",9,6
"2025-03-26","com.psafe.msuite.ultra_12mo",9,2
"2025-03-26","com.psafe.msuite.ads_free_12mo",4,3
"2025-03-26","com.psafe.msuite.pro_1mo_3.90",3,3
"2025-03-26","com.psafe.msuite.pro_12mo_49.90",1,1
"2025-03-27","com.psafe.msuite.ads_free_12mo_13.90",382,271
"2025-03-27","com.psafe.msuite.ultra_12mo_59.90",261,153
"2025-03-27","com.psafe.msuite.pro_lto_12mo_39.90",107,71
"2025-03-27","com.psafe.msuite.ultra_1mo_16.90",49,32
"2025-03-27","com.psafe.msuite.adsfree_lto_12mo",47,27
"2025-03-27","com.psafe.msuite.pro_1mo_3.90",8,6
"2025-03-27","com.psafe.msuite.pro_3day_trial_12mo49.9",8,8
"2025-03-27","com.psafe.msuite.pro_12mo_49.90",4,4
"2025-03-27","com.psafe.msuite.ads_free_12mo",3,3
"2025-03-28","com.psafe.msuite.ads_free_12mo_13.90",366,265
"2025-03-28","com.psafe.msuite.ultra_12mo_59.90",215,159
"2025-03-28","com.psafe.msuite.pro_lto_12mo_39.90",88,67
"2025-03-28","com.psafe.msuite.ultra_1mo_16.90",29,18
"2025-03-28","com.psafe.msuite.adsfree_lto_12mo",24,22
"2025-03-28","com.psafe.msuite.pro_3day_trial_12mo49.9",24,20
"2025-03-28","com.psafe.msuite.pro_1mo_3.90",8,7
"2025-03-28","com.psafe.msuite.ads_free_12mo",2,2
"2025-03-28","com.psafe.msuite.pro_12mo_49.90",2,2
"2025-03-28","com.psafe.msuite.ultra_12mo",1,1
"2025-03-29","com.psafe.msuite.ads_free_12mo_13.90",376,243
"2025-03-29","com.psafe.msuite.ultra_12mo_59.90",299,195
"2025-03-29","com.psafe.msuite.pro_lto_12mo_39.90",120,87
"2025-03-29","com.psafe.msuite.ultra_1mo_16.90",32,29
"2025-03-29","com.psafe.msuite.adsfree_lto_12mo",25,23
"2025-03-29","com.psafe.msuite.pro_3day_trial_12mo49.9",13,11
"2025-03-29","com.psafe.msuite.pro_1mo_3.90",6,2
"2025-03-29","com.psafe.msuite.ads_free_12mo",4,3
"2025-03-29","com.psafe.msuite.pro_12mo_49.90",4,2
"2025-03-29","com.psafe.msuite.ultra_12mo",2,1
"2025-03-30","com.psafe.msuite.ads_free_12mo_13.90",342,249
"2025-03-30","com.psafe.msuite.ultra_12mo_59.90",241,184
"2025-03-30","com.psafe.msuite.pro_lto_12mo_39.90",64,48
"2025-03-30","com.psafe.msuite.ultra_1mo_16.90",32,29
"2025-03-30","com.psafe.msuite.adsfree_lto_12mo",22,20
"2025-03-30","com.psafe.msuite.pro_3day_trial_12mo49.9",21,14
"2025-03-30","com.psafe.msuite.pro_12mo_49.90",9,5
"2025-03-30","com.psafe.msuite.ads_free_12mo",2,2
"2025-03-30","com.psafe.msuite.pro_1mo_3.90",2,2
"2025-03-31","com.psafe.msuite.ads_free_12mo_13.90",456,280
"2025-03-31","com.psafe.msuite.ultra_12mo_59.90",264,172
"2025-03-31","com.psafe.msuite.pro_lto_12mo_39.90",116,81
"2025-03-31","com.psafe.msuite.adsfree_lto_12mo",64,20
"2025-03-31","com.psafe.msuite.ultra_1mo_16.90",51,38
"2025-03-31","com.psafe.msuite.pro_3day_trial_12mo49.9",21,18
"2025-03-31","com.psafe.msuite.pro_1mo_3.90",5,4
"2025-03-31","com.psafe.msuite.pro_12mo_49.90",3,3
"2025-03-31","com.psafe.msuite.ultra_12mo",1,1
"2025-04-01","com.psafe.msuite.ads_free_12mo_13.90",370,267
"2025-04-01","com.psafe.msuite.ultra_12mo_59.90",247,170
"2025-04-01","com.psafe.msuite.pro_lto_12mo_39.90",98,64
"2025-04-01","com.psafe.msuite.ultra_1mo_16.90",39,31
"2025-04-01","com.psafe.msuite.adsfree_lto_12mo",27,22
"2025-04-01","com.psafe.msuite.pro_3day_trial_12mo49.9",15,14
"2025-04-01","com.psafe.msuite.pro_12mo_49.90",6,4
"2025-04-01","com.psafe.msuite.pro_1mo_3.90",1,1
"2025-04-02","com.psafe.msuite.ads_free_12mo_13.90",455,294
"2025-04-02","com.psafe.msuite.ultra_12mo_59.90",248,168
"2025-04-02","com.psafe.msuite.pro_lto_12mo_39.90",115,65
"2025-04-02","com.psafe.msuite.ultra_1mo_16.90",75,33
"2025-04-02","com.psafe.msuite.adsfree_lto_12mo",24,16
"2025-04-02","com.psafe.msuite.pro_3day_trial_12mo49.9",15,11
"2025-04-02","com.psafe.msuite.pro_12mo_49.90",12,4
"2025-04-02","com.psafe.msuite.pro_1mo_3.90",6,4
"2025-04-02","com.psafe.msuite.ads_free_12mo",3,3
"2025-04-02","com.psafe.msuite.ultra_12mo",1,1
"2025-04-03","com.psafe.msuite.ads_free_12mo_13.90",436,267
"2025-04-03","com.psafe.msuite.ultra_12mo_59.90",295,184
"2025-04-03","com.psafe.msuite.pro_lto_12mo_39.90",90,63
"2025-04-03","com.psafe.msuite.adsfree_lto_12mo",40,18
"2025-04-03","com.psafe.msuite.ultra_1mo_16.90",24,21
"2025-04-03","com.psafe.msuite.pro_3day_trial_12mo49.9",10,7
"2025-04-03","com.psafe.msuite.pro_12mo_49.90",3,2
"2025-04-03","com.psafe.msuite.pro_1mo_3.90",3,3
"2025-04-03","(not set)",2,1
"2025-04-03","com.psafe.msuite.ultra_12mo",1,1
"2025-04-04","com.psafe.msuite.ads_free_12mo_13.90",384,249
"2025-04-04","com.psafe.msuite.ultra_12mo_59.90",265,185
"2025-04-04","com.psafe.msuite.pro_lto_12mo_39.90",106,71
"2025-04-04","com.psafe.msuite.ultra_1mo_16.90",41,36
"2025-04-04","com.psafe.msuite.adsfree_lto_12mo",27,18
"2025-04-04","com.psafe.msuite.pro_3day_trial_12mo49.9",17,11
"2025-04-04","com.psafe.msuite.pro_1mo_3.90",6,6
"2025-04-04","com.psafe.msuite.ads_free_12mo",4,3
"2025-04-04","com.psafe.msuite.pro_12mo_49.90",1,1
"2025-04-05","com.psafe.msuite.ads_free_12mo_13.90",333,237
"2025-04-05","com.psafe.msuite.ultra_12mo_59.90",279,171
"2025-04-05","com.psafe.msuite.pro_lto_12mo_39.90",66,47
"2025-04-05","com.psafe.msuite.ultra_1mo_16.90",59,39
"2025-04-05","com.psafe.msuite.adsfree_lto_12mo",47,19
"2025-04-05","com.psafe.msuite.pro_3day_trial_12mo49.9",15,12
"2025-04-05","com.psafe.msuite.pro_1mo_3.90",12,9
"2025-04-05","com.psafe.msuite.pro_12mo_49.90",7,3
"2025-04-05","(not set)",1,1
"2025-04-05","com.psafe.msuite.ads_free_12mo",1,1
"2025-04-05","com.psafe.msuite.ultra_12mo",1,1
"2025-04-06","com.psafe.msuite.ads_free_12mo_13.90",322,236
"2025-04-06","com.psafe.msuite.ultra_12mo_59.90",241,182
"2025-04-06","com.psafe.msuite.pro_lto_12mo_39.90",67,51
"2025-04-06","com.psafe.msuite.ultra_1mo_16.90",36,32
"2025-04-06","com.psafe.msuite.adsfree_lto_12mo",25,21
"2025-04-06","com.psafe.msuite.pro_3day_trial_12mo49.9",11,11
"2025-04-06","com.psafe.msuite.pro_1mo_3.90",5,3
"2025-04-06","com.psafe.msuite.ads_free_12mo",2,1
"2025-04-06","com.psafe.msuite.pro_12mo_49.90",1,1
"2025-04-07","com.psafe.msuite.ads_free_12mo_13.90",379,239
"2025-04-07","com.psafe.msuite.ultra_12mo_59.90",245,158
"2025-04-07","com.psafe.msuite.pro_lto_12mo_39.90",70,58
"2025-04-07","com.psafe.msuite.ultra_1mo_16.90",42,32
"2025-04-07","com.psafe.msuite.adsfree_lto_12mo",39,21
"2025-04-07","com.psafe.msuite.pro_3day_trial_12mo49.9",19,10
"2025-04-07","com.psafe.msuite.pro_1mo_3.90",9,7
"2025-04-07","com.psafe.msuite.pro_12mo_49.90",6,4
"2025-04-08","com.psafe.msuite.ads_free_12mo_13.90",313,228
"2025-04-08","com.psafe.msuite.ultra_12mo_59.90",261,176
"2025-04-08","com.psafe.msuite.pro_lto_12mo_39.90",162,57
"2025-04-08","com.psafe.msuite.adsfree_lto_12mo",44,30
"2025-04-08","com.psafe.msuite.ultra_1mo_16.90",40,33
"2025-04-08","com.psafe.msuite.pro_1mo_3.90",8,8
"2025-04-08","com.psafe.msuite.ads_free_12mo",7,3
"2025-04-08","com.psafe.msuite.pro_12mo_49.90",6,4
"2025-04-08","com.psafe.msuite.pro_3day_trial_12mo49.9",6,6
"2025-04-08","com.psafe.msuite.ads_free_1mo",1,1
"2025-04-08","com.psafe.msuite.ultra_12mo",1,1
"2025-04-09","com.psafe.msuite.ads_free_12mo_13.90",359,236
"2025-04-09","com.psafe.msuite.ultra_12mo_59.90",284,177
"2025-04-09","com.psafe.msuite.pro_lto_12mo_39.90",86,56
"2025-04-09","com.psafe.msuite.ultra_1mo_16.90",51,38
"2025-04-09","com.psafe.msuite.adsfree_lto_12mo",37,13
"2025-04-09","com.psafe.msuite.pro_3day_trial_12mo49.9",14,11
"2025-04-09","com.psafe.msuite.pro_1mo_3.90",10,8
"2025-04-09","com.psafe.msuite.ads_free_12mo",5,2
"2025-04-09","com.psafe.msuite.pro_12mo_49.90",4,3
"2025-04-09","com.psafe.msuite.ultra_12mo",1,1
"2025-04-10","com.psafe.msuite.ads_free_12mo_13.90",325,236
"2025-04-10","com.psafe.msuite.ultra_12mo_59.90",253,172
"2025-04-10","com.psafe.msuite.pro_lto_12mo_39.90",142,70
"2025-04-10","com.psafe.msuite.ultra_1mo_16.90",27,24
"2025-04-10","com.psafe.msuite.ultra_12mo",16,2
"2025-04-10","com.psafe.msuite.adsfree_lto_12mo",14,12
"2025-04-10","com.psafe.msuite.pro_3day_trial_12mo49.9",13,13
"2025-04-10","com.psafe.msuite.ads_free_12mo",11,4
"2025-04-10","com.psafe.msuite.pro_12mo_49.90",5,3
"2025-04-10","com.psafe.msuite.ultra_1mo",3,1
"2025-04-10","com.psafe.msuite.pro_1mo_3.90",2,1
"2025-04-11","com.psafe.msuite.ads_free_12mo_13.90",426,290
"2025-04-11","com.psafe.msuite.ultra_12mo_59.90",272,158
"2025-04-11","com.psafe.msuite.pro_lto_12mo_39.90",77,53
"2025-04-11","com.psafe.msuite.adsfree_lto_12mo",70,25
"2025-04-11","com.psafe.msuite.pro_3day_trial_12mo49.9",23,11
"2025-04-11","com.psafe.msuite.ultra_1mo_16.90",23,17
"2025-04-11","com.psafe.msuite.ads_free_12mo",3,3
"2025-04-11","com.psafe.msuite.pro_1mo_3.90",3,3
"2025-04-11","com.psafe.msuite.pro_12mo_49.90",2,2
"2025-04-11","com.psafe.msuite.ultra_12mo",1,1
"2025-04-12","com.psafe.msuite.ads_free_12mo_13.90",452,314
"2025-04-12","com.psafe.msuite.ultra_12mo_59.90",323,230
"2025-04-12","com.psafe.msuite.pro_lto_12mo_39.90",87,59
"2025-04-12","com.psafe.msuite.ultra_1mo_16.90",37,30
"2025-04-12","com.psafe.msuite.adsfree_lto_12mo",24,19
"2025-04-12","com.psafe.msuite.pro_3day_trial_12mo49.9",22,15
"2025-04-12","com.psafe.msuite.pro_1mo_3.90",9,8
"2025-04-12","com.psafe.msuite.ads_free_12mo",5,3
"2025-04-12","com.psafe.msuite.ultra_12mo",1,1
"2025-04-13","com.psafe.msuite.ads_free_12mo_13.90",470,318
"2025-04-13","com.psafe.msuite.ultra_12mo_59.90",364,239
"2025-04-13","com.psafe.msuite.pro_lto_12mo_39.90",121,58
"2025-04-13","com.psafe.msuite.ultra_1mo_16.90",48,37
"2025-04-13","com.psafe.msuite.adsfree_lto_12mo",28,22
"2025-04-13","com.psafe.msuite.pro_1mo_3.90",20,12
"2025-04-13","com.psafe.msuite.pro_3day_trial_12mo49.9",17,10
"2025-04-13","com.psafe.msuite.pro_12mo_49.90",4,3
"2025-04-13","com.psafe.msuite.ads_free_12mo",2,2
"2025-04-13","(not set)",1,1
"2025-04-13","com.psafe.msuite.ultra_12mo",1,1
"2025-04-13","com.psafe.msuite.ultra_1mo",1,1
"2025-04-14","com.psafe.msuite.ads_free_12mo_13.90",396,274
"2025-04-14","com.psafe.msuite.ultra_12mo_59.90",256,174
"2025-04-14","com.psafe.msuite.pro_lto_12mo_39.90",78,61
"2025-04-14","com.psafe.msuite.ultra_1mo_16.90",29,25
"2025-04-14","com.psafe.msuite.adsfree_lto_12mo",22,20
"2025-04-14","com.psafe.msuite.pro_3day_trial_12mo49.9",5,5
"2025-04-14","com.psafe.msuite.pro_1mo_3.90",4,3
"2025-04-14","com.psafe.msuite.ads_free_12mo",3,2
"2025-04-14","com.psafe.msuite.pro_12mo_49.90",2,2
"2025-04-14","(not set)",1,1
"2025-04-14","com.psafe.msuite.ultra_12mo",1,1
"2025-04-15","com.psafe.msuite.ads_free_12mo_13.90",453,314
"2025-04-15","com.psafe.msuite.ultra_12mo_59.90",237,152
"2025-04-15","com.psafe.msuite.pro_lto_12mo_39.90",84,59
"2025-04-15","com.psafe.msuite.ultra_1mo_16.90",49,29
"2025-04-15","com.psafe.msuite.adsfree_lto_12mo",24,19
"2025-04-15","com.psafe.msuite.pro_3day_trial_12mo49.9",11,7
"2025-04-15","com.psafe.msuite.pro_12mo_49.90",5,4
"2025-04-15","com.psafe.msuite.pro_1mo_3.90",5,3
"2025-04-15","com.psafe.msuite.ads_free_12mo",2,2
"2025-04-15","com.psafe.msuite.pro_trial_12mo",1,1
"2025-04-16","com.psafe.msuite.ads_free_12mo_13.90",463,291
"2025-04-16","com.psafe.msuite.ultra_12mo_59.90",322,180
"2025-04-16","com.psafe.msuite.pro_lto_12mo_39.90",91,71
"2025-04-16","com.psafe.msuite.ultra_1mo_16.90",34,27
"2025-04-16","com.psafe.msuite.pro_3day_trial_12mo49.9",23,14
"2025-04-16","com.psafe.msuite.adsfree_lto_12mo",22,18
"2025-04-16","com.psafe.msuite.ads_free_12mo",10,4
"2025-04-16","com.psafe.msuite.pro_1mo_3.90",10,6
"2025-04-16","com.psafe.msuite.ultra_12mo",6,3
"2025-04-16","com.psafe.msuite.pro_12mo_49.90",3,3
"2025-04-17","com.psafe.msuite.ads_free_12mo_13.90",446,318
"2025-04-17","com.psafe.msuite.ultra_12mo_59.90",237,154
"2025-04-17","com.psafe.msuite.pro_lto_12mo_39.90",93,65
"2025-04-17","com.psafe.msuite.ultra_1mo_16.90",33,27
"2025-04-17","com.psafe.msuite.adsfree_lto_12mo",27,23
"2025-04-17","com.psafe.msuite.pro_3day_trial_12mo49.9",19,13
"2025-04-17","com.psafe.msuite.pro_1mo_3.90",18,7
"2025-04-17","com.psafe.msuite.ads_free_12mo",10,5
"2025-04-17","com.psafe.msuite.pro_12mo_49.90",6,4
"2025-04-17","com.psafe.msuite.ultra_12mo",6,3
"2025-04-18","com.psafe.msuite.ads_free_12mo_13.90",478,320
"2025-04-18","com.psafe.msuite.ultra_12mo_59.90",208,141
"2025-04-18","com.psafe.msuite.pro_lto_12mo_39.90",87,55
"2025-04-18","com.psafe.msuite.ultra_1mo_16.90",31,24
"2025-04-18","com.psafe.msuite.adsfree_lto_12mo",18,15
"2025-04-18","com.psafe.msuite.pro_3day_trial_12mo49.9",8,7
"2025-04-18","com.psafe.msuite.pro_1mo_3.90",6,6
"2025-04-18","com.psafe.msuite.ads_free_12mo",3,2
"2025-04-18","(not set)",2,1
"2025-04-18","com.psafe.msuite.pro_12mo_49.90",2,1
"2025-04-18","com.psafe.msuite.ultra_12mo",1,1
"2025-04-19","com.psafe.msuite.ads_free_12mo_13.90",449,324
"2025-04-19","com.psafe.msuite.ultra_12mo_59.90",218,149
"2025-04-19","com.psafe.msuite.pro_lto_12mo_39.90",98,67
"2025-04-19","com.psafe.msuite.adsfree_lto_12mo",43,27
"2025-04-19","com.psafe.msuite.ultra_1mo_16.90",26,26
"2025-04-19","com.psafe.msuite.pro_3day_trial_12mo49.9",13,10
"2025-04-19","com.psafe.msuite.pro_1mo_3.90",11,9
"2025-04-19","com.psafe.msuite.pro_12mo_49.90",1,1
"2025-04-19","com.psafe.msuite.ultra_12mo",1,1
"2025-04-20","com.psafe.msuite.ads_free_12mo_13.90",373,277
"2025-04-20","com.psafe.msuite.ultra_12mo_59.90",194,143
"2025-04-20","com.psafe.msuite.pro_lto_12mo_39.90",85,62
"2025-04-20","com.psafe.msuite.ultra_1mo_16.90",37,27
"2025-04-20","com.psafe.msuite.adsfree_lto_12mo",34,26
"2025-04-20","com.psafe.msuite.pro_3day_trial_12mo49.9",8,7
"2025-04-20","com.psafe.msuite.pro_12mo_49.90",5,4
"2025-04-20","(not set)",3,1
"2025-04-20","com.psafe.msuite.ads_free_12mo",3,2
"2025-04-20","com.psafe.msuite.pro_1mo_3.90",3,3
"2025-04-20","com.psafe.msuite.ultra_12mo",2,1
"2025-04-21","com.psafe.msuite.ads_free_12mo_13.90",503,346
"2025-04-21","com.psafe.msuite.ultra_12mo_59.90",231,160
"2025-04-21","com.psafe.msuite.pro_lto_12mo_39.90",105,73
"2025-04-21","com.psafe.msuite.adsfree_lto_12mo",28,19
"2025-04-21","com.psafe.msuite.ultra_1mo_16.90",19,17
"2025-04-21","com.psafe.msuite.pro_3day_trial_12mo49.9",16,12
"2025-04-21","com.psafe.msuite.pro_1mo_3.90",10,8
"2025-04-21","com.psafe.msuite.pro_12mo_49.90",3,2
"2025-04-21","com.psafe.msuite.ads_free_12mo",2,2
"2025-04-21","(not set)",1,1
"2025-04-21","com.psafe.msuite.ultra_12mo",1,1
"2025-04-22","com.psafe.msuite.ads_free_12mo_13.90",422,292
"2025-04-22","com.psafe.msuite.ultra_12mo_59.90",221,156
"2025-04-22","com.psafe.msuite.pro_lto_12mo_39.90",89,58
"2025-04-22","com.psafe.msuite.ultra_1mo_16.90",32,26
"2025-04-22","com.psafe.msuite.pro_3day_trial_12mo49.9",18,11
"2025-04-22","com.psafe.msuite.adsfree_lto_12mo",14,12
"2025-04-22","com.psafe.msuite.pro_1mo_3.90",12,10
"2025-04-22","com.psafe.msuite.pro_12mo_49.90",9,6
"2025-04-22","com.psafe.msuite.ads_free_12mo",2,2
"2025-04-22","com.psafe.msuite.ultra_12mo",1,1
"2025-04-23","com.psafe.msuite.ads_free_12mo_13.90",383,268
"2025-04-23","com.psafe.msuite.ultra_12mo_59.90",224,157
"2025-04-23","com.psafe.msuite.pro_lto_12mo_39.90",64,48
"2025-04-23","com.psafe.msuite.adsfree_lto_12mo",36,25
"2025-04-23","com.psafe.msuite.ultra_1mo_16.90",20,17
"2025-04-23","com.psafe.msuite.ads_free_12mo",8,4
"2025-04-23","com.psafe.msuite.pro_3day_trial_12mo49.9",8,6
"2025-04-23","com.psafe.msuite.pro_1mo_3.90",6,5
"2025-04-23","(not set)",1,1
"2025-04-24","com.psafe.msuite.ads_free_12mo_13.90",489,335
"2025-04-24","com.psafe.msuite.ultra_12mo_59.90",258,166
"2025-04-24","com.psafe.msuite.pro_lto_12mo_39.90",63,46
"2025-04-24","com.psafe.msuite.ultra_1mo_16.90",52,34
"2025-04-24","com.psafe.msuite.adsfree_lto_12mo",30,20
"2025-04-24","com.psafe.msuite.pro_3day_trial_12mo49.9",19,10
"2025-04-24","com.psafe.msuite.pro_1mo_3.90",10,5
"2025-04-24","com.psafe.msuite.ads_free_12mo",9,4
"2025-04-24","com.psafe.msuite.pro_12mo_49.90",3,3
"2025-04-24","(not set)",1,1
"2025-04-25","com.psafe.msuite.ads_free_12mo_13.90",495,298
"2025-04-25","com.psafe.msuite.ultra_12mo_59.90",230,153
"2025-04-25","com.psafe.msuite.pro_lto_12mo_39.90",74,58
"2025-04-25","com.psafe.msuite.pro_3day_trial_12mo49.9",23,17
"2025-04-25","com.psafe.msuite.adsfree_lto_12mo",18,15
"2025-04-25","com.psafe.msuite.ultra_1mo_16.90",17,14
"2025-04-25","com.psafe.msuite.pro_1mo_3.90",5,5
"2025-04-25","com.psafe.msuite.ultra_12mo",5,3
"2025-04-25","com.psafe.msuite.pro_12mo_49.90",3,2
"2025-04-25","com.psafe.msuite.ads_free_12mo",2,2
"2025-04-26","com.psafe.msuite.ads_free_12mo_13.90",444,291
"2025-04-26","com.psafe.msuite.ultra_12mo_59.90",260,183
"2025-04-26","com.psafe.msuite.pro_lto_12mo_39.90",58,44
"2025-04-26","com.psafe.msuite.ultra_1mo_16.90",48,35
"2025-04-26","com.psafe.msuite.adsfree_lto_12mo",26,15
"2025-04-26","com.psafe.msuite.pro_3day_trial_12mo49.9",7,7
"2025-04-26","com.psafe.msuite.pro_12mo_49.90",4,4
"2025-04-26","com.psafe.msuite.pro_1mo_3.90",3,3
"2025-04-27","com.psafe.msuite.ads_free_12mo_13.90",421,309
"2025-04-27","com.psafe.msuite.ultra_12mo_59.90",226,140
"2025-04-27","com.psafe.msuite.pro_lto_12mo_39.90",136,43
"2025-04-27","com.psafe.msuite.adsfree_lto_12mo",44,29
"2025-04-27","com.psafe.msuite.ultra_1mo_16.90",38,27
"2025-04-27","com.psafe.msuite.pro_3day_trial_12mo49.9",17,15
"2025-04-27","com.psafe.msuite.pro_1mo_3.90",6,5
"2025-04-27","com.psafe.msuite.ads_free_12mo",4,3
"2025-04-27","com.psafe.msuite.pro_12mo_49.90",2,2
"2025-04-27","com.psafe.msuite.ultra_12mo",1,1
"2025-04-28","com.psafe.msuite.ads_free_12mo_13.90",467,302
"2025-04-28","com.psafe.msuite.ultra_12mo_59.90",207,159
"2025-04-28","com.psafe.msuite.pro_lto_12mo_39.90",76,44
"2025-04-28","com.psafe.msuite.ultra_1mo_16.90",29,22
"2025-04-28","com.psafe.msuite.adsfree_lto_12mo",10,8
"2025-04-28","com.psafe.msuite.pro_3day_trial_12mo49.9",9,7
"2025-04-28","com.psafe.msuite.pro_1mo_3.90",8,7
"2025-04-28","com.psafe.msuite.ultra_12mo_99.99",3,1
"2025-04-28","com.psafe.msuite.pro_12mo_49.90",1,1
"2025-04-29","com.psafe.msuite.ads_free_12mo_13.90",460,298
"2025-04-29","com.psafe.msuite.ultra_12mo_59.90",240,149
"2025-04-29","com.psafe.msuite.pro_lto_12mo_39.90",75,52
"2025-04-29","com.psafe.msuite.ultra_1mo_16.90",33,26
"2025-04-29","com.psafe.msuite.adsfree_lto_12mo",25,22
"2025-04-29","com.psafe.msuite.pro_1mo_3.90",8,5
"2025-04-29","com.psafe.msuite.pro_3day_trial_12mo49.9",6,5
"2025-04-29","com.psafe.msuite.ads_free_12mo",4,2
"2025-04-30","com.psafe.msuite.ads_free_12mo_13.90",428,282
"2025-04-30","com.psafe.msuite.ultra_12mo_59.90",251,156
"2025-04-30","com.psafe.msuite.pro_lto_12mo_39.90",93,57
"2025-04-30","com.psafe.msuite.adsfree_lto_12mo",31,24
"2025-04-30","com.psafe.msuite.ultra_1mo_16.90",26,16
"2025-04-30","com.psafe.msuite.pro_1mo_3.90",8,7
"2025-04-30","com.psafe.msuite.ultra_12mo",4,1
"2025-04-30","com.psafe.msuite.pro_3day_trial_12mo49.9",3,3
"2025-04-30","com.psafe.msuite.ads_free_12mo",2,2
"2025-04-30","com.psafe.msuite.pro_lto_12mo",2,1
"2025-04-30","com.psafe.msuite.ultra_1mo",1,1
"2025-05-01","com.psafe.msuite.ads_free_12mo_13.90",436,306
"2025-05-01","com.psafe.msuite.ultra_12mo_59.90",249,164
"2025-05-01","com.psafe.msuite.pro_lto_12mo_39.90",76,55
"2025-05-01","com.psafe.msuite.ultra_1mo_16.90",42,31
"2025-05-01","com.psafe.msuite.adsfree_lto_12mo",25,18
"2025-05-01","com.psafe.msuite.pro_3day_trial_12mo49.9",18,9
"2025-05-01","com.psafe.msuite.pro_1mo_3.90",13,9
"2025-05-01","com.psafe.msuite.ads_free_12mo",5,3
"2025-05-01","com.psafe.msuite.pro_12mo_49.90",3,2
"2025-05-01","com.psafe.msuite.ultra_12mo",2,2
"2025-05-02","com.psafe.msuite.ads_free_12mo_13.90",386,284
"2025-05-02","com.psafe.msuite.ultra_12mo_59.90",242,156
"2025-05-02","com.psafe.msuite.pro_lto_12mo_39.90",64,53
"2025-05-02","com.psafe.msuite.ultra_1mo_16.90",42,27
"2025-05-02","com.psafe.msuite.adsfree_lto_12mo",25,20
"2025-05-02","com.psafe.msuite.pro_3day_trial_12mo49.9",11,7
"2025-05-02","com.psafe.msuite.ultra_12mo",5,3
"2025-05-02","com.psafe.msuite.pro_1mo_3.90",4,4
"2025-05-02","com.psafe.msuite.ads_free_12mo",2,2
"2025-05-02","com.psafe.msuite.pro_lto_12mo",2,1
"2025-05-02","com.psafe.msuite.pro_12mo_49.90",1,1
"2025-05-03","com.psafe.msuite.ads_free_12mo_13.90",520,290
"2025-05-03","com.psafe.msuite.ultra_12mo_59.90",293,179
"2025-05-03","com.psafe.msuite.pro_lto_12mo_39.90",83,55
"2025-05-03","com.psafe.msuite.ultra_1mo_16.90",27,17
"2025-05-03","com.psafe.msuite.pro_3day_trial_12mo49.9",21,9
"2025-05-03","com.psafe.msuite.pro_1mo_3.90",20,11
"2025-05-03","com.psafe.msuite.adsfree_lto_12mo",16,12
"2025-05-03","com.psafe.msuite.pro_12mo_49.90",5,3
"2025-05-03","com.psafe.msuite.pro_lto_12mo",1,1
"2025-05-04","com.psafe.msuite.ads_free_12mo_13.90",429,267
"2025-05-04","com.psafe.msuite.ultra_12mo_59.90",272,179
"2025-05-04","com.psafe.msuite.pro_lto_12mo_39.90",63,43
"2025-05-04","com.psafe.msuite.ultra_1mo_16.90",32,28
"2025-05-04","com.psafe.msuite.adsfree_lto_12mo",31,21
"2025-05-04","com.psafe.msuite.pro_3day_trial_12mo49.9",20,10
"2025-05-04","com.psafe.msuite.ads_free_12mo",4,3
"2025-05-04","com.psafe.msuite.ultra_12mo",2,2
"2025-05-04","com.psafe.msuite.pro_12mo_49.90",1,1
"2025-05-04","com.psafe.msuite.pro_1mo_3.90",1,1
"2025-05-05","com.psafe.msuite.ads_free_12mo_13.90",311,232
"2025-05-05","com.psafe.msuite.ultra_12mo_59.90",292,173
"2025-05-05","com.psafe.msuite.pro_lto_12mo_39.90",67,48
"2025-05-05","com.psafe.msuite.ultra_1mo_16.90",44,27
"2025-05-05","com.psafe.msuite.adsfree_lto_12mo",34,20
"2025-05-05","com.psafe.msuite.pro_3day_trial_12mo49.9",20,6
"2025-05-05","com.psafe.msuite.pro_1mo_3.90",9,7
"2025-05-05","com.psafe.msuite.ads_free_12mo",6,3
"2025-05-05","com.psafe.msuite.pro_12mo_49.90",1,1
"2025-05-06","com.psafe.msuite.ultra_12mo_59.90",355,218
"2025-05-06","com.psafe.msuite.ads_free_12mo_13.90",350,254
"2025-05-06","com.psafe.msuite.pro_lto_12mo_39.90",72,49
"2025-05-06","com.psafe.msuite.ultra_1mo_16.90",43,35
"2025-05-06","com.psafe.msuite.adsfree_lto_12mo",21,19
"2025-05-06","com.psafe.msuite.pro_1mo_3.90",13,8
"2025-05-06","com.psafe.msuite.pro_3day_trial_12mo49.9",13,11
"2025-05-06","com.psafe.msuite.ultra_12mo",4,1
"2025-05-06","com.psafe.msuite.ads_free_12mo",3,3
"2025-05-06","com.psafe.msuite.pro_12mo_49.90",1,1
"2025-05-07","com.psafe.msuite.ultra_12mo_59.90",375,222
"2025-05-07","com.psafe.msuite.ads_free_12mo_13.90",370,251
"2025-05-07","com.psafe.msuite.pro_lto_12mo_39.90",77,46
"2025-05-07","com.psafe.msuite.ultra_1mo_16.90",39,34
"2025-05-07","com.psafe.msuite.adsfree_lto_12mo",20,15
"2025-05-07","com.psafe.msuite.pro_3day_trial_12mo49.9",16,9
"2025-05-07","com.psafe.msuite.pro_12mo_49.90",2,1
"2025-05-07","com.psafe.msuite.ultra_12mo",2,2
"2025-05-07","com.psafe.msuite.pro_1mo_3.90",1,1
"2025-05-08","com.psafe.msuite.ads_free_12mo_13.90",313,225
"2025-05-08","com.psafe.msuite.ultra_12mo_59.90",292,193
"2025-05-08","com.psafe.msuite.pro_lto_12mo_39.90",61,37
"2025-05-08","com.psafe.msuite.ultra_1mo_16.90",37,25
"2025-05-08","com.psafe.msuite.adsfree_lto_12mo",25,17
"2025-05-08","com.psafe.msuite.pro_3day_trial_12mo49.9",9,9
"2025-05-08","com.psafe.msuite.pro_1mo_3.90",3,3
"2025-05-08","com.psafe.msuite.ultra_12mo",3,2
"2025-05-09","com.psafe.msuite.ads_free_12mo_13.90",321,241
"2025-05-09","com.psafe.msuite.ultra_12mo_59.90",277,201
"2025-05-09","com.psafe.msuite.pro_lto_12mo_39.90",59,48
"2025-05-09","com.psafe.msuite.ultra_1mo_16.90",31,28
"2025-05-09","com.psafe.msuite.pro_3day_trial_12mo49.9",24,13
"2025-05-09","com.psafe.msuite.adsfree_lto_12mo",19,16
"2025-05-09","com.psafe.msuite.pro_1mo_3.90",4,3
"2025-05-09","com.psafe.msuite.ads_free_12mo",3,2
"2025-05-09","com.psafe.msuite.pro_12mo_49.90",2,2
"2025-05-10","com.psafe.msuite.ultra_12mo_59.90",375,247
"2025-05-10","com.psafe.msuite.ads_free_12mo_13.90",348,220
"2025-05-10","com.psafe.msuite.pro_lto_12mo_39.90",70,53
"2025-05-10","com.psafe.msuite.ultra_1mo_16.90",38,30
"2025-05-10","com.psafe.msuite.pro_3day_trial_12mo49.9",32,19
"2025-05-10","com.psafe.msuite.adsfree_lto_12mo",20,16
"2025-05-10","com.psafe.msuite.pro_1mo_3.90",4,3
"2025-05-10","com.psafe.msuite.pro_12mo_49.90",2,2
"2025-05-10","com.psafe.msuite.ultra_1mo",1,1
"2025-05-11","com.psafe.msuite.ultra_12mo_59.90",363,213
"2025-05-11","com.psafe.msuite.ads_free_12mo_13.90",361,213
"2025-05-11","com.psafe.msuite.pro_lto_12mo_39.90",75,59
"2025-05-11","com.psafe.msuite.ultra_1mo_16.90",41,33
"2025-05-11","com.psafe.msuite.pro_12mo_49.90",21,2
"2025-05-11","com.psafe.msuite.adsfree_lto_12mo",17,13
"2025-05-11","com.psafe.msuite.pro_3day_trial_12mo49.9",14,12
"2025-05-11","com.psafe.msuite.ads_free_12mo",5,3
"2025-05-11","com.psafe.msuite.pro_1mo_3.90",2,2
"2025-05-11","(not set)",1,1
"2025-05-11","com.psafe.msuite.ultra_12mo_99.99",1,1
"2025-05-12","com.psafe.msuite.ultra_12mo_59.90",355,226
"2025-05-12","com.psafe.msuite.ads_free_12mo_13.90",316,236
"2025-05-12","com.psafe.msuite.pro_lto_12mo_39.90",56,35
"2025-05-12","com.psafe.msuite.ultra_1mo_16.90",49,38
"2025-05-12","com.psafe.msuite.pro_3day_trial_12mo49.9",23,12
"2025-05-12","com.psafe.msuite.adsfree_lto_12mo",12,12
"2025-05-12","com.psafe.msuite.ads_free_12mo",5,2
"2025-05-12","com.psafe.msuite.pro_1mo_3.90",5,5
"2025-05-12","com.psafe.msuite.pro_12mo_49.90",1,1
"2025-05-13","com.psafe.msuite.ultra_12mo_59.90",372,222
"2025-05-13","com.psafe.msuite.ads_free_12mo_13.90",272,219
"2025-05-13","com.psafe.msuite.pro_lto_12mo_39.90",60,47
"2025-05-13","com.psafe.msuite.ultra_1mo_16.90",33,29
"2025-05-13","com.psafe.msuite.adsfree_lto_12mo",19,15
"2025-05-13","com.psafe.msuite.pro_3day_trial_12mo49.9",9,8
"2025-05-13","(not set)",6,1
"2025-05-13","com.psafe.msuite.pro_1mo_3.90",6,6
"2025-05-13","com.psafe.msuite.ads_free_12mo",4,2
"2025-05-13","com.psafe.msuite.pro_12mo_49.90",3,3
"2025-05-13","com.psafe.msuite.ultra_12mo",1,1
"2025-05-14","com.psafe.msuite.ultra_12mo_59.90",333,220
"2025-05-14","com.psafe.msuite.ads_free_12mo_13.90",327,234
"2025-05-14","com.psafe.msuite.pro_lto_12mo_39.90",78,51
"2025-05-14","com.psafe.msuite.ultra_1mo_16.90",26,22
"2025-05-14","com.psafe.msuite.adsfree_lto_12mo",23,18
"2025-05-14","com.psafe.msuite.pro_3day_trial_12mo49.9",12,11
"2025-05-14","com.psafe.msuite.pro_1mo_3.90",8,8
"2025-05-14","com.psafe.msuite.ads_free_12mo",3,3
"2025-05-14","com.psafe.msuite.pro_12mo_49.90",3,3
"2025-05-14","com.psafe.msuite.ultra_12mo",2,1
"2025-05-15","com.psafe.msuite.ultra_12mo_59.90",354,226
"2025-05-15","com.psafe.msuite.ads_free_12mo_13.90",353,250
"2025-05-15","com.psafe.msuite.pro_lto_12mo_39.90",68,49
"2025-05-15","com.psafe.msuite.adsfree_lto_12mo",35,18
"2025-05-15","com.psafe.msuite.ultra_1mo_16.90",27,22
"2025-05-15","com.psafe.msuite.pro_3day_trial_12mo49.9",20,15
"2025-05-15","com.psafe.msuite.pro_1mo_3.90",10,8
"2025-05-15","com.psafe.msuite.ads_free_12mo",2,2
"2025-05-15","com.psafe.msuite.ultra_12mo",2,2
"2025-05-15","(not set)",1,1
"2025-05-15","com.psafe.msuite.pro_12mo_49.90",1,1
"2025-05-16","com.psafe.msuite.ultra_12mo_59.90",365,245
"2025-05-16","com.psafe.msuite.ads_free_12mo_13.90",292,211
"2025-05-16","com.psafe.msuite.pro_lto_12mo_39.90",84,53
"2025-05-16","com.psafe.msuite.ultra_1mo_16.90",27,20
"2025-05-16","com.psafe.msuite.adsfree_lto_12mo",19,17
"2025-05-16","com.psafe.msuite.pro_3day_trial_12mo49.9",10,6
"2025-05-16","com.psafe.msuite.ads_free_12mo",8,5
"2025-05-16","com.psafe.msuite.pro_12mo_49.90",5,5
"2025-05-16","com.psafe.msuite.pro_1mo_3.90",2,2
"2025-05-16","com.psafe.msuite.ultra_12mo",2,2
"2025-05-17","com.psafe.msuite.ultra_12mo_59.90",436,257
"2025-05-17","com.psafe.msuite.ads_free_12mo_13.90",323,240
"2025-05-17","com.psafe.msuite.pro_lto_12mo_39.90",87,53
"2025-05-17","com.psafe.msuite.ultra_1mo_16.90",55,43
"2025-05-17","com.psafe.msuite.adsfree_lto_12mo",24,16
"2025-05-17","com.psafe.msuite.ultra_12mo",8,1
"2025-05-17","com.psafe.msuite.pro_3day_trial_12mo49.9",7,7
"2025-05-17","com.psafe.msuite.pro_12mo_49.90",3,2
"2025-05-17","com.psafe.msuite.pro_1mo_3.90",3,3
"2025-05-18","com.psafe.msuite.ultra_12mo_59.90",432,259
"2025-05-18","com.psafe.msuite.ads_free_12mo_13.90",400,249
"2025-05-18","com.psafe.msuite.ultra_1mo_16.90",62,39
"2025-05-18","com.psafe.msuite.pro_lto_12mo_39.90",51,46
"2025-05-18","com.psafe.msuite.adsfree_lto_12mo",29,23
"2025-05-18","com.psafe.msuite.pro_3day_trial_12mo49.9",20,19
"2025-05-18","com.psafe.msuite.pro_1mo_3.90",18,13
"2025-05-18","com.psafe.msuite.ads_free_12mo",10,7
"2025-05-18","com.psafe.msuite.pro_12mo_49.90",4,3
"2025-05-18","com.psafe.msuite.ultra_12mo",2,1
"2025-05-19","com.psafe.msuite.ultra_12mo_59.90",438,280
"2025-05-19","com.psafe.msuite.ads_free_12mo_13.90",351,227
"2025-05-19","com.psafe.msuite.pro_lto_12mo_39.90",63,47
"2025-05-19","com.psafe.msuite.ultra_1mo_16.90",51,35
"2025-05-19","com.psafe.msuite.adsfree_lto_12mo",20,15
"2025-05-19","com.psafe.msuite.pro_3day_trial_12mo49.9",18,16
"2025-05-19","com.psafe.msuite.pro_1mo_3.90",11,11
"2025-05-19","com.psafe.msuite.ads_free_12mo",4,3
"2025-05-19","com.psafe.msuite.pro_12mo_49.90",3,1
"2025-05-19","com.psafe.msuite.ultra_12mo",2,1
"2025-05-20","com.psafe.msuite.ultra_12mo_59.90",421,268
"2025-05-20","com.psafe.msuite.ads_free_12mo_13.90",384,240
"2025-05-20","com.psafe.msuite.pro_lto_12mo_39.90",57,45
"2025-05-20","com.psafe.msuite.ultra_1mo_16.90",54,42
"2025-05-20","com.psafe.msuite.adsfree_lto_12mo",20,20
"2025-05-20","com.psafe.msuite.pro_3day_trial_12mo49.9",19,16
"2025-05-20","com.psafe.msuite.pro_1mo_3.90",10,7
"2025-05-20","com.psafe.msuite.ads_free_12mo",2,2
"2025-05-20","com.psafe.msuite.pro_12mo_49.90",1,1
"2025-05-21","com.psafe.msuite.ultra_12mo_59.90",467,252
"2025-05-21","com.psafe.msuite.ads_free_12mo_13.90",383,277
"2025-05-21","com.psafe.msuite.pro_lto_12mo_39.90",58,44
"2025-05-21","com.psafe.msuite.ultra_1mo_16.90",37,28
"2025-05-21","com.psafe.msuite.adsfree_lto_12mo",23,21
"2025-05-21","com.psafe.msuite.pro_3day_trial_12mo49.9",14,11
"2025-05-21","com.psafe.msuite.pro_1mo_3.90",7,4
"2025-05-21","com.psafe.msuite.ads_free_12mo",2,2
"2025-05-21","com.psafe.msuite.pro_12mo_49.90",2,1
"2025-05-22","com.psafe.msuite.ads_free_12mo_13.90",389,265
"2025-05-22","com.psafe.msuite.ultra_12mo_59.90",377,242
"2025-05-22","com.psafe.msuite.pro_lto_12mo_39.90",70,51
"2025-05-22","com.psafe.msuite.ultra_1mo_16.90",47,39
"2025-05-22","com.psafe.msuite.adsfree_lto_12mo",26,22
"2025-05-22","com.psafe.msuite.pro_3day_trial_12mo49.9",20,15
"2025-05-22","com.psafe.msuite.pro_1mo_3.90",11,11
"2025-05-22","com.psafe.msuite.pro_12mo_49.90",2,2
"2025-05-23","com.psafe.msuite.ultra_12mo_59.90",401,264
"2025-05-23","com.psafe.msuite.ads_free_12mo_13.90",312,225
"2025-05-23","com.psafe.msuite.pro_lto_12mo_39.90",78,59
"2025-05-23","com.psafe.msuite.adsfree_lto_12mo",50,24
"2025-05-23","com.psafe.msuite.ultra_1mo_16.90",32,31
"2025-05-23","com.psafe.msuite.pro_3day_trial_12mo49.9",15,12
"2025-05-23","com.psafe.msuite.pro_1mo_3.90",9,7
"2025-05-23","com.psafe.msuite.ultra_12mo",4,4
"2025-05-23","com.psafe.msuite.ads_free_12mo",1,1
"2025-05-23","com.psafe.msuite.pro_12mo_49.90",1,1
"2025-05-23","com.psafe.msuite.pro_1mo",1,1
"2025-05-23","com.psafe.msuite.pro_lto_12mo",1,1
"2025-05-24","com.psafe.msuite.ultra_12mo_59.90",418,284
"2025-05-24","com.psafe.msuite.ads_free_12mo_13.90",401,256
"2025-05-24","com.psafe.msuite.pro_lto_12mo_39.90",63,44
"2025-05-24","com.psafe.msuite.ultra_1mo_16.90",45,38
"2025-05-24","com.psafe.msuite.adsfree_lto_12mo",30,20
"2025-05-24","com.psafe.msuite.pro_3day_trial_12mo49.9",19,13
"2025-05-24","com.psafe.msuite.pro_1mo_3.90",16,10
"2025-05-24","com.psafe.msuite.ads_free_12mo",7,5
"2025-05-24","com.psafe.msuite.pro_12mo_49.90",4,3
"2025-05-25","com.psafe.msuite.ads_free_12mo_13.90",551,266
"2025-05-25","com.psafe.msuite.ultra_12mo_59.90",383,262
"2025-05-25","com.psafe.msuite.pro_lto_12mo_39.90",64,53
"2025-05-25","com.psafe.msuite.ultra_1mo_16.90",52,43
"2025-05-25","com.psafe.msuite.adsfree_lto_12mo",21,18
"2025-05-25","com.psafe.msuite.pro_3day_trial_12mo49.9",15,13
"2025-05-25","com.psafe.msuite.pro_1mo_3.90",7,7
"2025-05-25","com.psafe.msuite.ads_free_12mo",1,1
"2025-05-25","com.psafe.msuite.pro_12mo_49.90",1,1
"2025-05-25","com.psafe.msuite.ultra_12mo",1,1
"2025-05-26","com.psafe.msuite.ultra_12mo_59.90",471,289
"2025-05-26","com.psafe.msuite.ads_free_12mo_13.90",384,262
"2025-05-26","com.psafe.msuite.pro_lto_12mo_39.90",73,47
"2025-05-26","com.psafe.msuite.ultra_1mo_16.90",60,40
"2025-05-26","com.psafe.msuite.pro_1mo_3.90",17,13
"2025-05-26","com.psafe.msuite.adsfree_lto_12mo",16,14
"2025-05-26","com.psafe.msuite.pro_3day_trial_12mo49.9",15,14
"2025-05-26","com.psafe.msuite.pro_12mo_49.90",5,4
"2025-05-26","com.psafe.msuite.ads_free_12mo",4,3
"2025-05-26","com.psafe.msuite.ultra_12mo",3,1
"2025-05-26","com.psafe.msuite.ultra_1mo",1,1
"2025-05-27","com.psafe.msuite.ultra_12mo_59.90",452,294
"2025-05-27","com.psafe.msuite.ads_free_12mo_13.90",375,259
"2025-05-27","com.psafe.msuite.pro_lto_12mo_39.90",69,46
"2025-05-27","com.psafe.msuite.ultra_1mo_16.90",48,41
"2025-05-27","com.psafe.msuite.pro_3day_trial_12mo49.9",26,16
"2025-05-27","com.psafe.msuite.adsfree_lto_12mo",22,16
"2025-05-27","com.psafe.msuite.pro_1mo_3.90",18,12
"2025-05-27","com.psafe.msuite.pro_12mo_49.90",5,4
"2025-05-27","com.psafe.msuite.ads_free_12mo",1,1
"2025-05-28","com.psafe.msuite.ads_free_12mo_13.90",460,282
"2025-05-28","com.psafe.msuite.ultra_12mo_59.90",400,264
"2025-05-28","com.psafe.msuite.pro_lto_12mo_39.90",73,49
"2025-05-28","com.psafe.msuite.ultra_1mo_16.90",47,35
"2025-05-28","com.psafe.msuite.adsfree_lto_12mo",34,22
"2025-05-28","com.psafe.msuite.pro_3day_trial_12mo49.9",18,16
"2025-05-28","com.psafe.msuite.pro_1mo_3.90",10,5
"2025-05-28","com.psafe.msuite.ads_free_12mo",2,2
"2025-05-28","com.psafe.msuite.pro_1mo",2,1
"2025-05-28","(not set)",1,1
"2025-05-28","com.psafe.msuite.pro_12mo_49.90",1,1
"2025-05-28","com.psafe.msuite.ultra_12mo",1,1
"2025-05-29","com.psafe.msuite.ultra_12mo_59.90",426,257
"2025-05-29","com.psafe.msuite.ads_free_12mo_13.90",369,263
"2025-05-29","com.psafe.msuite.pro_lto_12mo_39.90",66,49
"2025-05-29","com.psafe.msuite.ultra_1mo_16.90",58,40
"2025-05-29","com.psafe.msuite.adsfree_lto_12mo",26,19
"2025-05-29","com.psafe.msuite.pro_3day_trial_12mo49.9",17,15
"2025-05-29","com.psafe.msuite.pro_1mo_3.90",9,6
"2025-05-29","com.psafe.msuite.ultra_12mo",7,4
"2025-05-29","(not set)",6,2
"2025-05-29","com.psafe.msuite.ads_free_12mo",4,3
"2025-05-29","com.psafe.msuite.pro_12mo_49.90",3,3
"2025-05-29","com.psafe.msuite.pro_1mo",2,1
"2025-05-29","com.psafe.msuite.ultra_1mo",1,1
"2025-05-30","com.psafe.msuite.ultra_12mo_59.90",456,271
"2025-05-30","com.psafe.msuite.ads_free_12mo_13.90",337,240
"2025-05-30","com.psafe.msuite.pro_lto_12mo_39.90",78,55
"2025-05-30","com.psafe.msuite.ultra_1mo_16.90",34,29
"2025-05-30","com.psafe.msuite.adsfree_lto_12mo",32,23
"2025-05-30","com.psafe.msuite.pro_3day_trial_12mo49.9",10,9
"2025-05-30","com.psafe.msuite.pro_1mo_3.90",9,8
"2025-05-30","com.psafe.msuite.ads_free_12mo",2,2
"2025-05-30","com.psafe.msuite.pro_12mo_49.90",1,1
"2025-05-30","com.psafe.msuite.ultra_12mo",1,1
"2025-05-31","com.psafe.msuite.ultra_12mo_59.90",392,262
"2025-05-31","com.psafe.msuite.ads_free_12mo_13.90",370,252
"2025-05-31","com.psafe.msuite.pro_lto_12mo_39.90",89,66
"2025-05-31","com.psafe.msuite.ultra_1mo_16.90",40,32
"2025-05-31","com.psafe.msuite.adsfree_lto_12mo",24,22
"2025-05-31","com.psafe.msuite.pro_3day_trial_12mo49.9",16,13
"2025-05-31","com.psafe.msuite.pro_1mo_3.90",8,4
"2025-05-31","com.psafe.msuite.ultra_12mo",3,1
"2025-05-31","com.psafe.msuite.ads_free_12mo",2,2
"2025-05-31","com.psafe.msuite.pro_12mo_49.90",1,1
"2025-06-01","com.psafe.msuite.ultra_12mo_59.90",373,266
"2025-06-01","com.psafe.msuite.ads_free_12mo_13.90",363,246
"2025-06-01","com.psafe.msuite.pro_lto_12mo_39.90",73,60
"2025-06-01","com.psafe.msuite.ultra_1mo_16.90",29,27
"2025-06-01","com.psafe.msuite.adsfree_lto_12mo",19,12
"2025-06-01","com.psafe.msuite.pro_3day_trial_12mo49.9",9,8
"2025-06-01","com.psafe.msuite.ads_free_12mo",8,1
"2025-06-01","com.psafe.msuite.pro_1mo_3.90",4,3
"2025-06-01","com.psafe.msuite.pro_12mo_49.90",1,1
"2025-06-02","com.psafe.msuite.ultra_12mo_59.90",424,272
"2025-06-02","com.psafe.msuite.ads_free_12mo_13.90",391,266
"2025-06-02","com.psafe.msuite.pro_lto_12mo_39.90",57,50
"2025-06-02","com.psafe.msuite.ultra_1mo_16.90",43,35
"2025-06-02","com.psafe.msuite.adsfree_lto_12mo",23,20
"2025-06-02","com.psafe.msuite.pro_3day_trial_12mo49.9",15,12
"2025-06-02","com.psafe.msuite.pro_1mo_3.90",7,7
"2025-06-02","com.psafe.msuite.pro_12mo_49.90",2,2
"2025-06-02","com.psafe.msuite.ads_free_12mo",1,1
"2025-06-03","com.psafe.msuite.ultra_12mo_59.90",351,230
"2025-06-03","com.psafe.msuite.ads_free_12mo_13.90",346,219
"2025-06-03","com.psafe.msuite.pro_lto_12mo_39.90",68,53
"2025-06-03","com.psafe.msuite.ultra_1mo_16.90",50,36
"2025-06-03","com.psafe.msuite.adsfree_lto_12mo",34,22
"2025-06-03","com.psafe.msuite.pro_3day_trial_12mo49.9",18,12
"2025-06-03","com.psafe.msuite.ads_free_12mo",15,4
"2025-06-03","com.psafe.msuite.pro_1mo_3.90",14,8
"2025-06-03","com.psafe.msuite.pro_12mo_49.90",10,2
"2025-06-03","com.psafe.msuite.ultra_12mo",4,3
"2025-06-04","com.psafe.msuite.ultra_12mo_59.90",370,223
"2025-06-04","com.psafe.msuite.ads_free_12mo_13.90",318,234
"2025-06-04","com.psafe.msuite.pro_lto_12mo_39.90",76,49
"2025-06-04","com.psafe.msuite.ultra_1mo_16.90",55,38
"2025-06-04","com.psafe.msuite.pro_3day_trial_12mo49.9",18,10
"2025-06-04","com.psafe.msuite.adsfree_lto_12mo",12,12
"2025-06-04","com.psafe.msuite.pro_12mo_49.90",7,4
"2025-06-04","com.psafe.msuite.pro_1mo_3.90",6,6
"2025-06-04","com.psafe.msuite.ads_free_12mo",1,1
"2025-06-05","com.psafe.msuite.ultra_12mo_59.90",367,234
"2025-06-05","com.psafe.msuite.ads_free_12mo_13.90",357,256
"2025-06-05","com.psafe.msuite.pro_lto_12mo_39.90",129,77
"2025-06-05","com.psafe.msuite.ultra_1mo_16.90",59,43
"2025-06-05","com.psafe.msuite.adsfree_lto_12mo",24,23
"2025-06-05","com.psafe.msuite.pro_3day_trial_12mo49.9",19,11
"2025-06-05","com.psafe.msuite.pro_1mo_3.90",11,9
"2025-06-05","(not set)",1,1
"2025-06-05","com.psafe.msuite.ads_free_12mo",1,1
"2025-06-05","com.psafe.msuite.ultra_12mo",1,1
"2025-06-06","com.psafe.msuite.ultra_12mo_59.90",347,224
"2025-06-06","com.psafe.msuite.ads_free_12mo_13.90",250,173
"2025-06-06","com.psafe.msuite.pro_lto_12mo_39.90",71,51
"2025-06-06","com.psafe.msuite.ultra_1mo_16.90",63,49
"2025-06-06","com.psafe.msuite.adsfree_lto_12mo",28,23
"2025-06-06","com.psafe.msuite.pro_3day_trial_12mo49.9",6,5
"2025-06-06","com.psafe.msuite.ads_free_12mo",3,2
"2025-06-06","(not set)",2,1
"2025-06-06","com.psafe.msuite.pro_12mo_49.90",2,2
"2025-06-06","com.psafe.msuite.pro_1mo_3.90",2,2
"2025-06-07","com.psafe.msuite.ultra_12mo_59.90",376,216
"2025-06-07","com.psafe.msuite.ads_free_12mo_13.90",300,202
"2025-06-07","com.psafe.msuite.pro_lto_12mo_39.90",60,44
"2025-06-07","com.psafe.msuite.ultra_1mo_16.90",58,48
"2025-06-07","com.psafe.msuite.adsfree_lto_12mo",31,28
"2025-06-07","com.psafe.msuite.pro_3day_trial_12mo49.9",14,11
"2025-06-07","com.psafe.msuite.pro_1mo_3.90",8,5
"2025-06-07","com.psafe.msuite.ads_free_12mo",4,2
"2025-06-07","(not set)",1,1
"2025-06-07","com.psafe.msuite.pro_12mo_49.90",1,1
"2025-06-07","com.psafe.msuite.ultra_12mo",1,1
"2025-06-08","com.psafe.msuite.ultra_12mo_59.90",350,230
"2025-06-08","com.psafe.msuite.ads_free_12mo_13.90",269,198
"2025-06-08","com.psafe.msuite.pro_lto_12mo_39.90",74,59
"2025-06-08","com.psafe.msuite.ultra_1mo_16.90",43,33
"2025-06-08","com.psafe.msuite.adsfree_lto_12mo",37,27
"2025-06-08","com.psafe.msuite.pro_3day_trial_12mo49.9",15,9
"2025-06-08","com.psafe.msuite.pro_1mo_3.90",10,6
"2025-06-08","com.psafe.msuite.ads_free_12mo",8,5
"2025-06-08","com.psafe.msuite.pro_lto_12mo",1,1
"2025-06-08","com.psafe.msuite.ultra_12mo",1,1
"2025-06-09","com.psafe.msuite.ultra_12mo_59.90",293,201
"2025-06-09","com.psafe.msuite.ads_free_12mo_13.90",268,187
"2025-06-09","com.psafe.msuite.pro_lto_12mo_39.90",82,48
"2025-06-09","com.psafe.msuite.ultra_1mo_16.90",63,48
"2025-06-09","com.psafe.msuite.adsfree_lto_12mo",29,22
"2025-06-09","com.psafe.msuite.pro_3day_trial_12mo49.9",16,6
"2025-06-09","com.psafe.msuite.pro_1mo_3.90",15,6
"2025-06-09","com.psafe.msuite.ads_free_12mo",3,2
"2025-06-09","com.psafe.msuite.pro_12mo_49.90",1,1
"2025-06-10","com.psafe.msuite.ultra_12mo_59.90",310,201
"2025-06-10","com.psafe.msuite.ads_free_12mo_13.90",253,196
"2025-06-10","com.psafe.msuite.ultra_1mo_16.90",62,44
"2025-06-10","com.psafe.msuite.pro_lto_12mo_39.90",59,45
"2025-06-10","com.psafe.msuite.adsfree_lto_12mo",38,23
"2025-06-10","com.psafe.msuite.pro_3day_trial_12mo49.9",21,12
"2025-06-10","com.psafe.msuite.ads_free_12mo",8,2
"2025-06-10","com.psafe.msuite.pro_12mo_49.90",8,2
"2025-06-10","com.psafe.msuite.pro_1mo_3.90",7,4
"2025-06-10","(not set)",1,1
"2025-06-10","com.psafe.msuite.ultra_12mo",1,1
"2025-06-11","com.psafe.msuite.ultra_12mo_59.90",303,201
"2025-06-11","com.psafe.msuite.ads_free_12mo_13.90",242,171
"2025-06-11","com.psafe.msuite.pro_lto_12mo_39.90",83,54
"2025-06-11","com.psafe.msuite.ultra_1mo_16.90",63,52
"2025-06-11","com.psafe.msuite.adsfree_lto_12mo",33,19
"2025-06-11","com.psafe.msuite.pro_3day_trial_12mo49.9",12,9
"2025-06-11","com.psafe.msuite.pro_1mo_3.90",10,7
"2025-06-11","com.psafe.msuite.ads_free_12mo",7,3
"2025-06-11","com.psafe.msuite.ultra_12mo",7,4
"2025-06-11","com.psafe.msuite.ultra_1mo",4,2
"2025-06-11","com.psafe.msuite.pro_12mo_49.90",1,1
"2025-06-12","com.psafe.msuite.ultra_12mo_59.90",245,167
"2025-06-12","com.psafe.msuite.ads_free_12mo_13.90",218,167
"2025-06-12","com.psafe.msuite.pro_lto_12mo_39.90",61,47
"2025-06-12","com.psafe.msuite.ultra_1mo_16.90",54,41
"2025-06-12","com.psafe.msuite.adsfree_lto_12mo",25,20
"2025-06-12","com.psafe.msuite.pro_3day_trial_12mo49.9",11,10
"2025-06-12","com.psafe.msuite.pro_1mo_3.90",7,5
"2025-06-12","com.psafe.msuite.ultra_12mo",7,5
"2025-06-12","com.psafe.msuite.ads_free_12mo",6,4
"2025-06-13","com.psafe.msuite.ultra_12mo_59.90",276,174
"2025-06-13","com.psafe.msuite.ads_free_12mo_13.90",217,156
"2025-06-13","com.psafe.msuite.pro_lto_12mo_39.90",102,62
"2025-06-13","com.psafe.msuite.ultra_1mo_16.90",48,30
"2025-06-13","com.psafe.msuite.adsfree_lto_12mo",26,18
"2025-06-13","com.psafe.msuite.pro_3day_trial_12mo49.9",13,9
"2025-06-13","(not set)",3,2
"2025-06-13","com.psafe.msuite.pro_12mo_49.90",3,3
"2025-06-13","com.psafe.msuite.pro_1mo_3.90",3,3
"2025-06-13","com.psafe.msuite.ultra_12mo",3,2
"2025-06-13","com.psafe.msuite.ads_free_12mo",1,1
"2025-06-14","com.psafe.msuite.ultra_12mo_59.90",317,175
"2025-06-14","com.psafe.msuite.ads_free_12mo_13.90",218,162
"2025-06-14","com.psafe.msuite.pro_lto_12mo_39.90",63,47
"2025-06-14","com.psafe.msuite.ultra_1mo_16.90",47,39
"2025-06-14","com.psafe.msuite.adsfree_lto_12mo",32,25
"2025-06-14","com.psafe.msuite.pro_3day_trial_12mo49.9",11,8
"2025-06-14","com.psafe.msuite.pro_12mo_49.90",6,3
"2025-06-14","com.psafe.msuite.pro_1mo_3.90",4,3
"2025-06-14","com.psafe.msuite.ads_free_12mo",3,1
"2025-06-14","com.psafe.msuite.pro_3day_trial_12mo",2,1
"2025-06-14","com.psafe.msuite.ultra_12mo",1,1
"2025-06-15","com.psafe.msuite.ultra_12mo_59.90",351,203
"2025-06-15","com.psafe.msuite.ads_free_12mo_13.90",270,220
"2025-06-15","com.psafe.msuite.pro_lto_12mo_39.90",78,50
"2025-06-15","com.psafe.msuite.ultra_1mo_16.90",52,38
"2025-06-15","com.psafe.msuite.adsfree_lto_12mo",15,11
"2025-06-15","com.psafe.msuite.pro_3day_trial_12mo49.9",12,11
"2025-06-15","com.psafe.msuite.ads_free_12mo",7,2
"2025-06-15","com.psafe.msuite.pro_1mo_3.90",5,5
"2025-06-16","com.psafe.msuite.ultra_12mo_59.90",300,189
"2025-06-16","com.psafe.msuite.ads_free_12mo_13.90",275,184
"2025-06-16","com.psafe.msuite.pro_lto_12mo_39.90",51,36
"2025-06-16","com.psafe.msuite.ultra_1mo_16.90",41,35
"2025-06-16","com.psafe.msuite.adsfree_lto_12mo",27,19
"2025-06-16","com.psafe.msuite.pro_3day_trial_12mo49.9",14,11
"2025-06-16","com.psafe.msuite.ads_free_12mo",7,1
"2025-06-16","com.psafe.msuite.pro_1mo_3.90",7,5
"2025-06-16","com.psafe.msuite.pro_12mo_49.90",1,1
"2025-06-17","com.psafe.msuite.ultra_12mo_59.90",302,200
"2025-06-17","com.psafe.msuite.ads_free_12mo_13.90",241,193
"2025-06-17","com.psafe.msuite.ultra_1mo_16.90",64,50
"2025-06-17","com.psafe.msuite.pro_lto_12mo_39.90",48,41
"2025-06-17","com.psafe.msuite.adsfree_lto_12mo",22,19
"2025-06-17","com.psafe.msuite.pro_3day_trial_12mo49.9",15,8
"2025-06-17","com.psafe.msuite.ads_free_12mo",6,4
"2025-06-17","com.psafe.msuite.pro_1mo_3.90",5,5
"2025-06-17","com.psafe.msuite.pro_12mo_49.90",3,3
"2025-06-17","com.psafe.msuite.ultra_12mo",1,1
"2025-06-18","com.psafe.msuite.ultra_12mo_59.90",311,203
"2025-06-18","com.psafe.msuite.ads_free_12mo_13.90",241,181
"2025-06-18","com.psafe.msuite.pro_lto_12mo_39.90",80,52
"2025-06-18","com.psafe.msuite.ultra_1mo_16.90",61,43
"2025-06-18","com.psafe.msuite.adsfree_lto_12mo",36,28
"2025-06-18","com.psafe.msuite.pro_3day_trial_12mo49.9",7,6
"2025-06-18","com.psafe.msuite.pro_12mo_49.90",4,4
"2025-06-18","com.psafe.msuite.ultra_1mo",2,1
"2025-06-18","(not set)",1,1
"2025-06-19","com.psafe.msuite.ultra_12mo_59.90",348,220
"2025-06-19","com.psafe.msuite.ads_free_12mo_13.90",281,198
"2025-06-19","com.psafe.msuite.ultra_1mo_16.90",62,47
"2025-06-19","com.psafe.msuite.pro_lto_12mo_39.90",55,44
"2025-06-19","com.psafe.msuite.adsfree_lto_12mo",20,14
"2025-06-19","com.psafe.msuite.pro_3day_trial_12mo49.9",15,12
"2025-06-19","com.psafe.msuite.pro_1mo_3.90",10,6
"2025-06-19","com.psafe.msuite.pro_12mo_49.90",3,3
"2025-06-19","com.psafe.msuite.ads_free_12mo",1,1
"2025-06-19","com.psafe.msuite.pro_1mo",1,1
"2025-06-20","com.psafe.msuite.ultra_12mo_59.90",298,193
"2025-06-20","com.psafe.msuite.ads_free_12mo_13.90",256,180
"2025-06-20","com.psafe.msuite.pro_lto_12mo_39.90",65,53
"2025-06-20","com.psafe.msuite.ultra_1mo_16.90",41,36
"2025-06-20","com.psafe.msuite.pro_3day_trial_12mo49.9",28,18
"2025-06-20","com.psafe.msuite.adsfree_lto_12mo",20,14
"2025-06-20","com.psafe.msuite.pro_1mo_3.90",8,6
"2025-06-20","com.psafe.msuite.pro_12mo_49.90",4,2
"2025-06-20","com.psafe.msuite.ads_free_12mo",2,1
"2025-06-20","com.psafe.msuite.ultra_12mo",1,1
"2025-06-21","com.psafe.msuite.ultra_12mo_59.90",319,200
"2025-06-21","com.psafe.msuite.ads_free_12mo_13.90",244,190
"2025-06-21","com.psafe.msuite.pro_lto_12mo_39.90",68,54
"2025-06-21","com.psafe.msuite.adsfree_lto_12mo",52,25
"2025-06-21","com.psafe.msuite.ultra_1mo_16.90",41,34
"2025-06-21","com.psafe.msuite.pro_3day_trial_12mo49.9",10,9
"2025-06-21","com.psafe.msuite.pro_1mo_3.90",4,3
"2025-06-21","com.psafe.msuite.ads_free_12mo",3,2
"2025-06-21","com.psafe.msuite.pro_12mo_49.90",1,1
"2025-06-22","com.psafe.msuite.ultra_12mo_59.90",301,197
"2025-06-22","com.psafe.msuite.ads_free_12mo_13.90",271,178
"2025-06-22","com.psafe.msuite.pro_lto_12mo_39.90",41,30
"2025-06-22","com.psafe.msuite.ultra_1mo_16.90",40,32
"2025-06-22","com.psafe.msuite.adsfree_lto_12mo",26,22
"2025-06-22","com.psafe.msuite.pro_1mo_3.90",4,2
"2025-06-22","com.psafe.msuite.pro_3day_trial_12mo49.9",4,4
"2025-06-22","com.psafe.msuite.pro_12mo_49.90",2,2
"2025-06-22","com.psafe.msuite.ads_free_12mo",1,1
"2025-06-23","com.psafe.msuite.ultra_12mo_59.90",307,206
"2025-06-23","com.psafe.msuite.ads_free_12mo_13.90",242,181
"2025-06-23","com.psafe.msuite.pro_lto_12mo_39.90",63,46
"2025-06-23","com.psafe.msuite.ultra_1mo_16.90",55,43
"2025-06-23","com.psafe.msuite.adsfree_lto_12mo",17,16
"2025-06-23","com.psafe.msuite.pro_1mo_3.90",10,9
"2025-06-23","com.psafe.msuite.pro_3day_trial_12mo49.9",9,8
"2025-06-23","com.psafe.msuite.ads_free_12mo",6,3
"2025-06-23","com.psafe.msuite.pro_12mo_49.90",2,2
"2025-06-23","(not set)",1,1
"2025-06-24","com.psafe.msuite.ultra_12mo_59.90",324,206
"2025-06-24","com.psafe.msuite.ads_free_12mo_13.90",240,172
"2025-06-24","com.psafe.msuite.pro_lto_12mo_39.90",67,51
"2025-06-24","com.psafe.msuite.ultra_1mo_16.90",50,41
"2025-06-24","com.psafe.msuite.adsfree_lto_12mo",23,18
"2025-06-24","com.psafe.msuite.pro_3day_trial_12mo49.9",13,8
"2025-06-24","com.psafe.msuite.pro_1mo_3.90",12,6
"2025-06-24","com.psafe.msuite.ads_free_12mo",7,4
"2025-06-24","com.psafe.msuite.pro_12mo_49.90",5,2
"2025-06-25","com.psafe.msuite.ultra_12mo_59.90",316,188
"2025-06-25","com.psafe.msuite.ads_free_12mo_13.90",201,153
"2025-06-25","com.psafe.msuite.pro_lto_12mo_39.90",55,46
"2025-06-25","com.psafe.msuite.ultra_1mo_16.90",37,30
"2025-06-25","com.psafe.msuite.adsfree_lto_12mo",22,15
"2025-06-25","com.psafe.msuite.pro_1mo_3.90",12,9
"2025-06-25","com.psafe.msuite.pro_3day_trial_12mo49.9",10,7
"2025-06-25","com.psafe.msuite.ads_free_12mo",5,3
"2025-06-25","com.psafe.msuite.pro_12mo_49.90",4,3
"2025-06-25","(not set)",1,1
"2025-06-26","com.psafe.msuite.ultra_12mo_59.90",444,290
"2025-06-26","com.psafe.msuite.ads_free_12mo_13.90",171,121
"2025-06-26","com.psafe.msuite.pro_lto_12mo_39.90",65,49
"2025-06-26","com.psafe.msuite.ultra_1mo_16.90",57,46
"2025-06-26","com.psafe.msuite.adsfree_lto_12mo",20,17
"2025-06-26","com.psafe.msuite.pro_1mo_3.90",11,8
"2025-06-26","com.psafe.msuite.pro_3day_trial_12mo49.9",11,10
"2025-06-26","com.psafe.msuite.ads_free_12mo",6,4
"2025-06-26","com.psafe.msuite.pro_12mo_49.90",3,3
"2025-06-26","com.psafe.msuite.ultra_12mo",1,1
"2025-06-27","com.psafe.msuite.ultra_12mo_59.90",415,268
"2025-06-27","com.psafe.msuite.ads_free_12mo_13.90",120,86
"2025-06-27","com.psafe.msuite.pro_lto_12mo_39.90",80,56
"2025-06-27","com.psafe.msuite.ultra_1mo_16.90",39,29
"2025-06-27","com.psafe.msuite.adsfree_lto_12mo",17,16
"2025-06-27","com.psafe.msuite.pro_1mo_3.90",15,9
"2025-06-27","com.psafe.msuite.pro_3day_trial_12mo49.9",11,7
"2025-06-27","com.psafe.msuite.ultra_12mo",5,3
"2025-06-27","com.psafe.msuite.pro_12mo_49.90",3,3
"2025-06-27","com.psafe.msuite.ads_free_12mo",2,1
"2025-06-28","com.psafe.msuite.ultra_12mo_59.90",461,314
"2025-06-28","com.psafe.msuite.ads_free_12mo_13.90",135,95
"2025-06-28","com.psafe.msuite.pro_lto_12mo_39.90",81,62
"2025-06-28","com.psafe.msuite.ultra_1mo_16.90",36,31
"2025-06-28","com.psafe.msuite.adsfree_lto_12mo",31,20
"2025-06-28","com.psafe.msuite.pro_3day_trial_12mo49.9",13,11
"2025-06-28","com.psafe.msuite.pro_1mo_3.90",5,5
"2025-06-28","com.psafe.msuite.pro_12mo_49.90",4,1
"2025-06-28","com.psafe.msuite.ads_free_12mo",2,2
"2025-06-28","com.psafe.msuite.ultra_12mo",1,1
"2025-06-29","com.psafe.msuite.ultra_12mo_59.90",392,282
"2025-06-29","com.psafe.msuite.ads_free_12mo_13.90",91,76
"2025-06-29","com.psafe.msuite.pro_lto_12mo_39.90",70,53
"2025-06-29","com.psafe.msuite.ultra_1mo_16.90",53,39
"2025-06-29","com.psafe.msuite.adsfree_lto_12mo",24,19
"2025-06-29","com.psafe.msuite.pro_3day_trial_12mo49.9",18,12
"2025-06-29","com.psafe.msuite.ultra_12mo",14,5
"2025-06-29","com.psafe.msuite.pro_1mo_3.90",9,7
"2025-06-29","com.psafe.msuite.ads_free_12mo",1,1
"2025-06-29","com.psafe.msuite.pro_12mo_49.90",1,1
"2025-06-30","com.psafe.msuite.ultra_12mo_59.90",469,310
"2025-06-30","com.psafe.msuite.ads_free_12mo_13.90",100,78
"2025-06-30","com.psafe.msuite.pro_lto_12mo_39.90",59,43
"2025-06-30","com.psafe.msuite.ultra_1mo_16.90",49,39
"2025-06-30","com.psafe.msuite.adsfree_lto_12mo",18,13
"2025-06-30","com.psafe.msuite.pro_1mo_3.90",12,4
"2025-06-30","com.psafe.msuite.pro_3day_trial_12mo49.9",5,5
"2025-06-30","com.psafe.msuite.ultra_12mo",4,4
"2025-06-30","com.psafe.msuite.pro_12mo_49.90",2,2
"2025-06-30","(not set)",1,1
"2025-07-01","com.psafe.msuite.ultra_12mo_59.90",460,318
"2025-07-01","com.psafe.msuite.ads_free_12mo_13.90",70,59
"2025-07-01","com.psafe.msuite.pro_lto_12mo_39.90",70,49
"2025-07-01","com.psafe.msuite.ultra_1mo_16.90",58,36
"2025-07-01","com.psafe.msuite.adsfree_lto_12mo",30,25
"2025-07-01","com.psafe.msuite.pro_3day_trial_12mo49.9",18,14
"2025-07-01","com.psafe.msuite.pro_1mo_3.90",14,6
"2025-07-01","com.psafe.msuite.ultra_12mo",8,4
"2025-07-01","(not set)",1,1
"2025-07-01","com.psafe.msuite.ads_free_12mo",1,1
"2025-07-02","com.psafe.msuite.ultra_12mo_59.90",406,286
"2025-07-02","com.psafe.msuite.ads_free_12mo_13.90",80,71
"2025-07-02","com.psafe.msuite.pro_lto_12mo_39.90",46,34
"2025-07-02","com.psafe.msuite.ultra_1mo_16.90",43,25
"2025-07-02","com.psafe.msuite.adsfree_lto_12mo",29,20
"2025-07-02","com.psafe.msuite.pro_3day_trial_12mo49.9",21,12
"2025-07-02","com.psafe.msuite.pro_1mo_3.90",11,4
"2025-07-02","com.psafe.msuite.pro_12mo_49.90",3,2
"2025-07-02","com.psafe.msuite.ultra_12mo",3,1
"2025-07-03","com.psafe.msuite.ultra_12mo_59.90",451,281
"2025-07-03","com.psafe.msuite.pro_lto_12mo_39.90",66,45
"2025-07-03","com.psafe.msuite.ads_free_12mo_13.90",57,48
"2025-07-03","com.psafe.msuite.ultra_1mo_16.90",53,39
"2025-07-03","com.psafe.msuite.adsfree_lto_12mo",32,23
"2025-07-03","com.psafe.msuite.pro_3day_trial_12mo49.9",11,7
"2025-07-03","com.psafe.msuite.ultra_12mo",7,3
"2025-07-03","com.psafe.msuite.pro_1mo_3.90",3,3
"2025-07-03","com.psafe.msuite.pro_12mo_49.90",2,2
"2025-07-03","com.psafe.msuite.ads_free_12mo",1,1
"2025-07-04","com.psafe.msuite.ultra_12mo_59.90",452,283
"2025-07-04","com.psafe.msuite.ads_free_12mo_13.90",111,57
"2025-07-04","com.psafe.msuite.pro_lto_12mo_39.90",51,44
"2025-07-04","com.psafe.msuite.ultra_1mo_16.90",43,33
"2025-07-04","com.psafe.msuite.adsfree_lto_12mo",25,22
"2025-07-04","com.psafe.msuite.pro_3day_trial_12mo49.9",9,7
"2025-07-04","com.psafe.msuite.ultra_12mo",8,5
"2025-07-04","com.psafe.msuite.pro_1mo_3.90",5,3
"2025-07-04","com.psafe.msuite.pro_12mo_49.90",2,2
"2025-07-05","com.psafe.msuite.ultra_12mo_59.90",456,287
"2025-07-05","com.psafe.msuite.ads_free_12mo_13.90",74,57
"2025-07-05","com.psafe.msuite.pro_lto_12mo_39.90",52,43
"2025-07-05","com.psafe.msuite.ultra_1mo_16.90",33,27
"2025-07-05","com.psafe.msuite.adsfree_lto_12mo",21,18
"2025-07-05","com.psafe.msuite.pro_3day_trial_12mo49.9",12,9
"2025-07-05","com.psafe.msuite.pro_1mo_3.90",4,4
"2025-07-05","com.psafe.msuite.ultra_12mo",3,2
"2025-07-06","com.psafe.msuite.ultra_12mo_59.90",397,260
"2025-07-06","com.psafe.msuite.ads_free_12mo_13.90",93,64
"2025-07-06","com.psafe.msuite.pro_lto_12mo_39.90",40,32
"2025-07-06","com.psafe.msuite.ultra_1mo_16.90",38,32
"2025-07-06","com.psafe.msuite.pro_3day_trial_12mo49.9",23,10
"2025-07-06","com.psafe.msuite.adsfree_lto_12mo",18,15
"2025-07-06","com.psafe.msuite.pro_1mo_3.90",10,8
"2025-07-06","com.psafe.msuite.ultra_12mo",8,4
"2025-07-06","com.psafe.msuite.ads_free_12mo",5,3
"2025-07-06","com.psafe.msuite.pro_12mo_49.90",2,2
"2025-07-07","com.psafe.msuite.ultra_12mo_59.90",393,291
"2025-07-07","com.psafe.msuite.ads_free_12mo_13.90",73,55
"2025-07-07","com.psafe.msuite.pro_lto_12mo_39.90",66,49
"2025-07-07","com.psafe.msuite.ultra_1mo_16.90",42,30
"2025-07-07","com.psafe.msuite.adsfree_lto_12mo",16,14
"2025-07-07","com.psafe.msuite.pro_3day_trial_12mo49.9",16,11
"2025-07-07","com.psafe.msuite.ultra_12mo",9,3
"2025-07-07","com.psafe.msuite.pro_1mo_3.90",6,5
"2025-07-07","com.psafe.msuite.pro_12mo_49.90",3,2
"2025-07-07","(not set)",1,1
"2025-07-08","com.psafe.msuite.ultra_12mo_59.90",429,294
"2025-07-08","com.psafe.msuite.ads_free_12mo_13.90",83,59
"2025-07-08","com.psafe.msuite.pro_lto_12mo_39.90",69,54
"2025-07-08","com.psafe.msuite.ultra_1mo_16.90",27,24
"2025-07-08","com.psafe.msuite.adsfree_lto_12mo",19,11
"2025-07-08","com.psafe.msuite.pro_3day_trial_12mo49.9",16,7
"2025-07-08","com.psafe.msuite.pro_1mo_3.90",6,6
"2025-07-08","com.psafe.msuite.ultra_12mo",5,2
"2025-07-08","com.psafe.msuite.ads_free_12mo",1,1
"2025-07-08","com.psafe.msuite.ultra_1mo",1,1
"2025-07-09","com.psafe.msuite.ultra_12mo_59.90",487,300
"2025-07-09","com.psafe.msuite.ads_free_12mo_13.90",84,55
"2025-07-09","com.psafe.msuite.pro_lto_12mo_39.90",51,39
"2025-07-09","com.psafe.msuite.ultra_1mo_16.90",44,34
"2025-07-09","com.psafe.msuite.adsfree_lto_12mo",24,17
"2025-07-09","com.psafe.msuite.pro_3day_trial_12mo49.9",11,7
"2025-07-09","com.psafe.msuite.ultra_12mo",9,2
"2025-07-09","com.psafe.msuite.pro_1mo_3.90",8,4
"2025-07-09","com.psafe.msuite.ads_free_12mo",3,3
"2025-07-09","com.psafe.msuite.pro_12mo_49.90",3,2
"2025-07-10","com.psafe.msuite.ultra_12mo_59.90",464,285
"2025-07-10","com.psafe.msuite.ads_free_12mo_13.90",100,59
"2025-07-10","com.psafe.msuite.pro_lto_12mo_39.90",46,39
"2025-07-10","com.psafe.msuite.ultra_1mo_16.90",43,35
"2025-07-10","com.psafe.msuite.adsfree_lto_12mo",11,9
"2025-07-10","com.psafe.msuite.pro_3day_trial_12mo49.9",10,6
"2025-07-10","com.psafe.msuite.pro_12mo_49.90",5,2
"2025-07-10","com.psafe.msuite.pro_1mo_3.90",5,4
"2025-07-10","com.psafe.msuite.ads_free_12mo",1,1
"2025-07-10","com.psafe.msuite.ultra_12mo",1,1
"2025-07-11","com.psafe.msuite.ultra_12mo_59.90",429,296
"2025-07-11","com.psafe.msuite.ads_free_12mo_13.90",89,45
"2025-07-11","com.psafe.msuite.pro_lto_12mo_39.90",45,37
"2025-07-11","com.psafe.msuite.adsfree_lto_12mo",29,23
"2025-07-11","com.psafe.msuite.ultra_1mo_16.90",28,18
"2025-07-11","com.psafe.msuite.ultra_12mo",8,5
"2025-07-11","com.psafe.msuite.pro_3day_trial_12mo49.9",7,6
"2025-07-11","com.psafe.msuite.pro_1mo_3.90",3,1
"2025-07-11","com.psafe.msuite.pro_12mo_49.90",2,1
"2025-07-11","com.psafe.msuite.ultra_12mo_99.99",2,1
"2025-07-11","com.psafe.msuite.pro_lto_12mo",1,1
"2025-07-12","com.psafe.msuite.ultra_12mo_59.90",393,267
"2025-07-12","com.psafe.msuite.ads_free_12mo_13.90",57,44
"2025-07-12","com.psafe.msuite.pro_lto_12mo_39.90",54,40
"2025-07-12","com.psafe.msuite.adsfree_lto_12mo",25,20
"2025-07-12","com.psafe.msuite.ultra_1mo_16.90",21,20
"2025-07-12","com.psafe.msuite.pro_3day_trial_12mo49.9",17,13
"2025-07-12","com.psafe.msuite.ultra_12mo",4,2
"2025-07-12","com.psafe.msuite.pro_1mo_3.90",3,2
"2025-07-12","com.psafe.msuite.pro_12mo_49.90",1,1
"2025-07-12","com.psafe.msuite.ultra_12mo_99.99",1,1
"2025-07-13","com.psafe.msuite.adsfree_lto_12mo",406,22
"2025-07-13","com.psafe.msuite.ultra_12mo_59.90",390,288
"2025-07-13","com.psafe.msuite.ads_free_12mo_13.90",71,45
"2025-07-13","com.psafe.msuite.pro_lto_12mo_39.90",53,45
"2025-07-13","com.psafe.msuite.ultra_1mo_16.90",21,15
"2025-07-13","com.psafe.msuite.pro_3day_trial_12mo49.9",13,7
"2025-07-13","com.psafe.msuite.pro_12mo_49.90",3,2
"2025-07-13","com.psafe.msuite.pro_1mo_3.90",2,2
"2025-07-13","com.psafe.msuite.ads_free_12mo",1,1
"2025-07-14","com.psafe.msuite.ultra_12mo_59.90",466,303
"2025-07-14","com.psafe.msuite.ads_free_12mo_13.90",81,64
"2025-07-14","com.psafe.msuite.pro_lto_12mo_39.90",72,52
"2025-07-14","com.psafe.msuite.adsfree_lto_12mo",27,19
"2025-07-14","com.psafe.msuite.ultra_1mo_16.90",27,23
"2025-07-14","com.psafe.msuite.pro_3day_trial_12mo49.9",17,16
"2025-07-14","com.psafe.msuite.pro_12mo_49.90",5,4
"2025-07-14","com.psafe.msuite.pro_1mo_3.90",3,3
"2025-07-14","com.psafe.msuite.ultra_12mo",3,1
"2025-07-15","com.psafe.msuite.ultra_12mo_59.90",400,280
"2025-07-15","com.psafe.msuite.ads_free_12mo_13.90",62,52
"2025-07-15","com.psafe.msuite.pro_lto_12mo_39.90",55,47
"2025-07-15","com.psafe.msuite.pro_3day_trial_12mo49.9",25,14
"2025-07-15","com.psafe.msuite.ultra_1mo_16.90",23,16
"2025-07-15","com.psafe.msuite.ultra_12mo",13,2
"2025-07-15","com.psafe.msuite.adsfree_lto_12mo",11,10
"2025-07-15","com.psafe.msuite.pro_1mo_3.90",6,5
"2025-07-16","com.psafe.msuite.ultra_12mo_59.90",405,296
"2025-07-16","com.psafe.msuite.ads_free_12mo_13.90",67,56
"2025-07-16","com.psafe.msuite.pro_lto_12mo_39.90",50,36
"2025-07-16","com.psafe.msuite.ultra_1mo_16.90",29,25
"2025-07-16","com.psafe.msuite.adsfree_lto_12mo",26,16
"2025-07-16","com.psafe.msuite.pro_3day_trial_12mo49.9",10,9
"2025-07-16","com.psafe.msuite.pro_1mo_3.90",9,6
"2025-07-16","com.psafe.msuite.ultra_12mo",7,3
"2025-07-16","com.psafe.msuite.pro_12mo_49.90",3,3
"2025-07-17","com.psafe.msuite.ultra_12mo_59.90",465,316
"2025-07-17","com.psafe.msuite.ads_free_12mo_13.90",87,49
"2025-07-17","com.psafe.msuite.pro_lto_12mo_39.90",67,50
"2025-07-17","com.psafe.msuite.ultra_1mo_16.90",45,34
"2025-07-17","com.psafe.msuite.adsfree_lto_12mo",18,14
"2025-07-17","com.psafe.msuite.ultra_12mo",14,2
"2025-07-17","com.psafe.msuite.pro_3day_trial_12mo49.9",12,7
"2025-07-17","com.psafe.msuite.pro_1mo_3.90",10,4
"2025-07-17","com.psafe.msuite.pro_12mo_49.90",3,2
"2025-07-18","com.psafe.msuite.ultra_12mo_59.90",440,288
"2025-07-18","com.psafe.msuite.ads_free_12mo_13.90",81,42
"2025-07-18","com.psafe.msuite.pro_lto_12mo_39.90",51,37
"2025-07-18","com.psafe.msuite.ultra_1mo_16.90",36,25
"2025-07-18","com.psafe.msuite.adsfree_lto_12mo",17,16
"2025-07-18","com.psafe.msuite.pro_3day_trial_12mo49.9",17,14
"2025-07-18","com.psafe.msuite.pro_1mo_3.90",5,4
"2025-07-18","com.psafe.msuite.pro_12mo_49.90",4,4
"2025-07-18","com.psafe.msuite.ultra_12mo",1,1
"2025-07-19","com.psafe.msuite.ultra_12mo_59.90",434,271
"2025-07-19","com.psafe.msuite.ads_free_12mo_13.90",61,44
"2025-07-19","com.psafe.msuite.pro_lto_12mo_39.90",59,48
"2025-07-19","com.psafe.msuite.ultra_1mo_16.90",38,35
"2025-07-19","com.psafe.msuite.pro_3day_trial_12mo49.9",24,12
"2025-07-19","com.psafe.msuite.adsfree_lto_12mo",23,19
"2025-07-19","com.psafe.msuite.ultra_12mo",8,5
"2025-07-19","com.psafe.msuite.pro_1mo_3.90",3,3
"2025-07-19","com.psafe.msuite.pro_12mo_49.90",2,2
"2025-07-20","com.psafe.msuite.ultra_12mo_59.90",476,286
"2025-07-20","com.psafe.msuite.ads_free_12mo_13.90",65,54
"2025-07-20","com.psafe.msuite.pro_lto_12mo_39.90",61,47
"2025-07-20","com.psafe.msuite.adsfree_lto_12mo",27,17
"2025-07-20","com.psafe.msuite.ultra_1mo_16.90",22,19
"2025-07-20","com.psafe.msuite.pro_1mo_3.90",15,6
"2025-07-20","com.psafe.msuite.pro_3day_trial_12mo49.9",11,11
"2025-07-20","com.psafe.msuite.pro_12mo_49.90",3,2
"2025-07-20","com.psafe.msuite.ultra_12mo",1,1
"2025-07-21","com.psafe.msuite.ultra_12mo_59.90",461,299
"2025-07-21","com.psafe.msuite.ads_free_12mo_13.90",93,49
"2025-07-21","com.psafe.msuite.pro_lto_12mo_39.90",60,43
"2025-07-21","com.psafe.msuite.ultra_1mo_16.90",33,32
"2025-07-21","com.psafe.msuite.adsfree_lto_12mo",16,11
"2025-07-21","com.psafe.msuite.pro_3day_trial_12mo49.9",9,8
"2025-07-21","com.psafe.msuite.ultra_12mo",5,4
"2025-07-21","com.psafe.msuite.pro_1mo_3.90",4,4
"2025-07-21","com.psafe.msuite.pro_12mo_49.90",2,2
"2025-07-22","com.psafe.msuite.ultra_12mo_59.90",457,302
"2025-07-22","com.psafe.msuite.pro_lto_12mo_39.90",60,45
"2025-07-22","com.psafe.msuite.ads_free_12mo_13.90",54,41
"2025-07-22","com.psafe.msuite.ultra_1mo_16.90",38,25
"2025-07-22","com.psafe.msuite.adsfree_lto_12mo",27,26
"2025-07-22","com.psafe.msuite.pro_3day_trial_12mo49.9",16,11
"2025-07-22","com.psafe.msuite.pro_1mo_3.90",5,5
"2025-07-22","com.psafe.msuite.ads_free_12mo",2,2
"2025-07-22","com.psafe.msuite.pro_12mo_49.90",2,2
"2025-07-22","com.psafe.msuite.ultra_12mo",1,1
"2025-07-23","com.psafe.msuite.ultra_12mo_59.90",496,293
"2025-07-23","com.psafe.msuite.ads_free_12mo_13.90",174,67
"2025-07-23","com.psafe.msuite.pro_lto_12mo_39.90",60,47
"2025-07-23","com.psafe.msuite.ultra_1mo_16.90",37,29
"2025-07-23","com.psafe.msuite.adsfree_lto_12mo",16,15
"2025-07-23","com.psafe.msuite.ultra_12mo",13,2
"2025-07-23","com.psafe.msuite.pro_3day_trial_12mo49.9",11,7
"2025-07-23","com.psafe.msuite.pro_12mo_49.90",5,5
"2025-07-23","com.psafe.msuite.ads_free_12mo",3,2
"2025-07-23","com.psafe.msuite.pro_1mo_3.90",3,1
"2025-07-24","com.psafe.msuite.ultra_12mo_59.90",430,298
"2025-07-24","com.psafe.msuite.ultra_1mo_16.90",56,29
"2025-07-24","com.psafe.msuite.ads_free_12mo_13.90",55,49
"2025-07-24","com.psafe.msuite.pro_lto_12mo_39.90",50,45
"2025-07-24","com.psafe.msuite.adsfree_lto_12mo",22,17
"2025-07-24","com.psafe.msuite.pro_3day_trial_12mo49.9",17,14
"2025-07-24","com.psafe.msuite.pro_1mo_3.90",9,4
"2025-07-24","(not set)",2,1
"2025-07-24","com.psafe.msuite.ultra_12mo",2,2
"2025-07-24","com.psafe.msuite.pro_12mo_49.90",1,1
"2025-07-25","com.psafe.msuite.ultra_12mo_59.90",429,285
"2025-07-25","com.psafe.msuite.ads_free_12mo_13.90",69,55
"2025-07-25","com.psafe.msuite.pro_lto_12mo_39.90",49,41
"2025-07-25","com.psafe.msuite.ultra_1mo_16.90",31,23
"2025-07-25","com.psafe.msuite.adsfree_lto_12mo",16,14
"2025-07-25","com.psafe.msuite.pro_3day_trial_12mo49.9",4,4
"2025-07-25","com.psafe.msuite.pro_1mo_3.90",3,3
"2025-07-25","(not set)",2,1
"2025-07-25","com.psafe.msuite.ultra_12mo",1,1
"2025-07-26","com.psafe.msuite.ultra_12mo_59.90",434,299
"2025-07-26","com.psafe.msuite.ads_free_12mo_13.90",56,47
"2025-07-26","com.psafe.msuite.pro_lto_12mo_39.90",42,37
"2025-07-26","com.psafe.msuite.ultra_1mo_16.90",20,18
"2025-07-26","com.psafe.msuite.adsfree_lto_12mo",12,12
"2025-07-26","com.psafe.msuite.pro_3day_trial_12mo49.9",10,9
"2025-07-26","com.psafe.msuite.pro_1mo_3.90",9,8
"2025-07-26","com.psafe.msuite.pro_12mo_49.90",1,1
"2025-07-26","com.psafe.msuite.ultra_12mo",1,1
"2025-07-27","com.psafe.msuite.ultra_12mo_59.90",371,263
"2025-07-27","com.psafe.msuite.ads_free_12mo_13.90",86,54
"2025-07-27","com.psafe.msuite.pro_lto_12mo_39.90",45,40
"2025-07-27","com.psafe.msuite.ultra_1mo_16.90",23,17
"2025-07-27","com.psafe.msuite.adsfree_lto_12mo",22,18
"2025-07-27","com.psafe.msuite.pro_3day_trial_12mo49.9",16,13
"2025-07-27","(not set)",9,1
"2025-07-27","com.psafe.msuite.pro_1mo_3.90",6,4
"2025-07-27","com.psafe.msuite.ultra_12mo",2,2
"2025-07-27","com.psafe.msuite.pro_12mo_49.90",1,1
"2025-07-28","com.psafe.msuite.ultra_12mo_59.90",531,325
"2025-07-28","com.psafe.msuite.ads_free_12mo_13.90",73,49
"2025-07-28","com.psafe.msuite.pro_lto_12mo_39.90",59,49
"2025-07-28","com.psafe.msuite.ultra_1mo_16.90",32,29
"2025-07-28","com.psafe.msuite.adsfree_lto_12mo",18,13
"2025-07-28","com.psafe.msuite.pro_3day_trial_12mo49.9",14,11
"2025-07-28","com.psafe.msuite.pro_1mo_3.90",4,4
"2025-07-28","com.psafe.msuite.pro_12mo_49.90",2,2
"2025-07-28","com.psafe.msuite.ultra_12mo",1,1
"2025-07-29","com.psafe.msuite.ultra_12mo_59.90",370,239
"2025-07-29","com.psafe.msuite.ads_free_12mo_13.90",64,38
"2025-07-29","com.psafe.msuite.pro_lto_12mo_39.90",57,37
"2025-07-29","com.psafe.msuite.ultra_1mo_16.90",28,19
"2025-07-29","com.psafe.msuite.adsfree_lto_12mo",27,21
"2025-07-29","com.psafe.msuite.pro_1mo_3.90",7,7
"2025-07-29","com.psafe.msuite.pro_3day_trial_12mo49.9",7,6
"2025-07-29","com.psafe.msuite.pro_12mo_49.90",1,1
"2025-07-29","com.psafe.msuite.ultra_12mo",1,1
"2025-07-30","com.psafe.msuite.ultra_12mo_59.90",362,265
"2025-07-30","com.psafe.msuite.pro_lto_12mo_39.90",70,42
"2025-07-30","com.psafe.msuite.ads_free_12mo_13.90",56,44
"2025-07-30","com.psafe.msuite.ultra_1mo_16.90",36,29
"2025-07-30","com.psafe.msuite.adsfree_lto_12mo",18,14
"2025-07-30","com.psafe.msuite.ultra_12mo",6,3
"2025-07-30","com.psafe.msuite.pro_3day_trial_12mo49.9",2,2
"2025-07-31","com.psafe.msuite.ultra_12mo_59.90",344,252
"2025-07-31","com.psafe.msuite.ads_free_12mo_13.90",77,57
"2025-07-31","com.psafe.msuite.pro_lto_12mo_39.90",69,50
"2025-07-31","com.psafe.msuite.ultra_1mo_16.90",26,24
"2025-07-31","com.psafe.msuite.pro_3day_trial_12mo49.9",18,8
"2025-07-31","com.psafe.msuite.adsfree_lto_12mo",17,13
"2025-07-31","com.psafe.msuite.ultra_12mo",9,3
"2025-07-31","com.psafe.msuite.pro_1mo_3.90",3,3
"2025-07-31","com.psafe.msuite.pro_12mo_49.90",2,2
"2025-07-31","com.psafe.msuite.ads_free_12mo",1,1
"2025-08-01","com.psafe.msuite.ultra_12mo_59.90",425,284
"2025-08-01","com.psafe.msuite.ads_free_12mo_13.90",81,52
"2025-08-01","com.psafe.msuite.pro_lto_12mo_39.90",76,61
"2025-08-01","com.psafe.msuite.ultra_1mo_16.90",52,34
"2025-08-01","com.psafe.msuite.adsfree_lto_12mo",8,8
"2025-08-01","com.psafe.msuite.pro_12mo_49.90",7,4
"2025-08-01","com.psafe.msuite.pro_1mo_3.90",6,5
"2025-08-01","com.psafe.msuite.pro_3day_trial_12mo49.9",4,4
"2025-08-01","com.psafe.msuite.ultra_12mo",2,2
"2025-08-02","com.psafe.msuite.ultra_12mo_59.90",392,273
"2025-08-02","com.psafe.msuite.pro_lto_12mo_39.90",67,47
"2025-08-02","com.psafe.msuite.ads_free_12mo_13.90",49,35
"2025-08-02","com.psafe.msuite.ultra_1mo_16.90",46,37
"2025-08-02","com.psafe.msuite.adsfree_lto_12mo",15,10
"2025-08-02","com.psafe.msuite.pro_1mo_3.90",9,7
"2025-08-02","com.psafe.msuite.pro_3day_trial_12mo49.9",9,7
"2025-08-02","com.psafe.msuite.pro_12mo_49.90",1,1
"2025-08-03","com.psafe.msuite.ultra_12mo_59.90",399,283
"2025-08-03","com.psafe.msuite.pro_lto_12mo_39.90",66,45
"2025-08-03","com.psafe.msuite.ads_free_12mo_13.90",62,47
"2025-08-03","com.psafe.msuite.ultra_1mo_16.90",18,17
"2025-08-03","com.psafe.msuite.pro_3day_trial_12mo49.9",15,8
"2025-08-03","com.psafe.msuite.adsfree_lto_12mo",13,11
"2025-08-03","com.psafe.msuite.pro_1mo_3.90",7,5
"2025-08-03","com.psafe.msuite.pro_12mo_49.90",2,2
"2025-08-03","com.psafe.msuite.ultra_12mo",1,1
"2025-08-04","com.psafe.msuite.ultra_12mo_59.90",439,276
"2025-08-04","com.psafe.msuite.ads_free_12mo_13.90",53,45
"2025-08-04","com.psafe.msuite.pro_lto_12mo_39.90",49,42
"2025-08-04","com.psafe.msuite.ultra_1mo_16.90",41,35
"2025-08-04","com.psafe.msuite.adsfree_lto_12mo",17,17
"2025-08-04","com.psafe.msuite.pro_3day_trial_12mo49.9",17,9
"2025-08-04","com.psafe.msuite.pro_1mo_3.90",5,3
"2025-08-04","com.psafe.msuite.pro_12mo_49.90",2,2
"2025-08-04","com.psafe.msuite.ultra_12mo",2,1
"2025-08-04","com.psafe.msuite.ads_free_12mo",1,1
"2025-08-05","com.psafe.msuite.ultra_12mo_59.90",343,240
"2025-08-05","com.psafe.msuite.pro_lto_12mo_39.90",56,44
"2025-08-05","com.psafe.msuite.ultra_1mo_16.90",41,31
"2025-08-05","com.psafe.msuite.ads_free_12mo_13.90",34,32
"2025-08-05","com.psafe.msuite.adsfree_lto_12mo",20,16
"2025-08-05","com.psafe.msuite.pro_3day_trial_12mo49.9",9,8
"2025-08-05","com.psafe.msuite.ads_free_12mo",5,1
"2025-08-05","com.psafe.msuite.pro_1mo_3.90",4,4
"2025-08-05","com.psafe.msuite.ultra_12mo",3,1
"2025-08-05","com.psafe.msuite.pro_12mo_49.90",1,1
"2025-08-06","com.psafe.msuite.ultra_12mo_59.90",393,246
"2025-08-06","com.psafe.msuite.pro_lto_12mo_39.90",69,54
"2025-08-06","com.psafe.msuite.ads_free_12mo_13.90",57,44
"2025-08-06","com.psafe.msuite.ultra_1mo_16.90",36,17
"2025-08-06","com.psafe.msuite.adsfree_lto_12mo",19,16
"2025-08-06","com.psafe.msuite.pro_3day_trial_12mo49.9",6,6
"2025-08-06","com.psafe.msuite.pro_12mo_49.90",3,3
"2025-08-06","(not set)",1,1
"2025-08-07","com.psafe.msuite.ultra_12mo_59.90",396,278
"2025-08-07","com.psafe.msuite.pro_lto_12mo_39.90",70,48
"2025-08-07","com.psafe.msuite.ads_free_12mo_13.90",51,42
"2025-08-07","com.psafe.msuite.adsfree_lto_12mo",23,19
"2025-08-07","com.psafe.msuite.ultra_1mo_16.90",22,21
"2025-08-07","com.psafe.msuite.pro_3day_trial_12mo49.9",8,7
"2025-08-07","com.psafe.msuite.pro_1mo_3.90",6,4
"2025-08-07","com.psafe.msuite.pro_12mo_49.90",2,2
"2025-08-07","com.psafe.msuite.ultra_12mo",1,1
"2025-08-08","com.psafe.msuite.ultra_12mo_59.90",413,260
"2025-08-08","com.psafe.msuite.ads_free_12mo_13.90",82,45
"2025-08-08","com.psafe.msuite.pro_lto_12mo_39.90",49,35
"2025-08-08","com.psafe.msuite.ultra_1mo_16.90",25,20
"2025-08-08","com.psafe.msuite.adsfree_lto_12mo",24,20
"2025-08-08","com.psafe.msuite.pro_3day_trial_12mo49.9",14,10
"2025-08-08","com.psafe.msuite.pro_1mo_3.90",10,10
"2025-08-08","com.psafe.msuite.ultra_12mo",8,4
"2025-08-08","com.psafe.msuite.pro_12mo_49.90",1,1
"2025-08-09","com.psafe.msuite.ultra_12mo_59.90",330,217
"2025-08-09","com.psafe.msuite.pro_lto_12mo_39.90",71,50
"2025-08-09","com.psafe.msuite.ads_free_12mo_13.90",61,44
"2025-08-09","com.psafe.msuite.adsfree_lto_12mo",29,21
"2025-08-09","com.psafe.msuite.pro_3day_trial_12mo49.9",17,10
"2025-08-09","com.psafe.msuite.ultra_1mo_16.90",15,14
"2025-08-09","com.psafe.msuite.pro_1mo_3.90",7,5
"2025-08-09","com.psafe.msuite.ads_free_12mo",3,1
"2025-08-09","com.psafe.msuite.ultra_12mo",3,2
"2025-08-09","com.psafe.msuite.pro_12mo_49.90",1,1
"2025-08-10","com.psafe.msuite.ultra_12mo_59.90",329,201
"2025-08-10","com.psafe.msuite.ads_free_12mo_13.90",58,39
"2025-08-10","com.psafe.msuite.pro_lto_12mo_39.90",46,40
"2025-08-10","com.psafe.msuite.adsfree_lto_12mo",16,14
"2025-08-10","com.psafe.msuite.ultra_1mo_16.90",13,12
"2025-08-10","com.psafe.msuite.pro_3day_trial_12mo",5,1
"2025-08-10","com.psafe.msuite.pro_3day_trial_12mo49.9",5,5
"2025-08-10","(not set)",2,2
"2025-08-10","com.psafe.msuite.pro_12mo_49.90",2,2
"2025-08-10","com.psafe.msuite.pro_1mo_3.90",2,2
"2025-08-10","com.psafe.msuite.ultra_12mo",2,2
"2025-08-10","com.psafe.msuite.ads_free_12mo",1,1
"2025-08-10","com.psafe.msuite.pro_12mo_29.88",1,1
"2025-08-11","com.psafe.msuite.ultra_12mo_59.90",366,244
"2025-08-11","com.psafe.msuite.ads_free_12mo_13.90",58,37
"2025-08-11","com.psafe.msuite.pro_lto_12mo_39.90",51,36
"2025-08-11","com.psafe.msuite.pro_3day_trial_12mo49.9",27,14
"2025-08-11","com.psafe.msuite.ultra_1mo_16.90",22,21
"2025-08-11","com.psafe.msuite.adsfree_lto_12mo",15,15
"2025-08-11","com.psafe.msuite.ultra_12mo",10,9
"2025-08-11","com.psafe.msuite.pro_12mo_49.90",2,2
"2025-08-11","com.psafe.msuite.pro_1mo_3.90",2,2
"2025-08-11","com.psafe.msuite.pro_lto_12mo",1,1
"2025-08-12","com.psafe.msuite.ultra_12mo_59.90",401,275
"2025-08-12","com.psafe.msuite.pro_lto_12mo_39.90",70,49
"2025-08-12","com.psafe.msuite.ads_free_12mo_13.90",61,39
"2025-08-12","com.psafe.msuite.ultra_1mo_16.90",41,30
"2025-08-12","com.psafe.msuite.adsfree_lto_12mo",33,22
"2025-08-12","com.psafe.msuite.pro_3day_trial_12mo49.9",23,13
"2025-08-12","com.psafe.msuite.ultra_12mo",5,3
"2025-08-12","com.psafe.msuite.pro_12mo_49.90",2,1
"2025-08-12","com.psafe.msuite.pro_1mo_3.90",1,1
"2025-08-13","com.psafe.msuite.ultra_12mo_59.90",358,263
"2025-08-13","com.psafe.msuite.pro_lto_12mo_39.90",87,56
"2025-08-13","com.psafe.msuite.ads_free_12mo_13.90",45,33
"2025-08-13","com.psafe.msuite.ultra_1mo_16.90",36,32
"2025-08-13","com.psafe.msuite.adsfree_lto_12mo",21,20
"2025-08-13","com.psafe.msuite.pro_3day_trial_12mo49.9",11,9
"2025-08-13","com.psafe.msuite.ultra_12mo",9,5
"2025-08-13","com.psafe.msuite.pro_12mo_49.90",2,2
"2025-08-13","com.psafe.msuite.pro_1mo_3.90",2,2
"2025-08-14","com.psafe.msuite.ultra_12mo_59.90",377,261
"2025-08-14","com.psafe.msuite.pro_lto_12mo_39.90",68,50
"2025-08-14","com.psafe.msuite.ads_free_12mo_13.90",36,30
"2025-08-14","com.psafe.msuite.ultra_1mo_16.90",22,17
"2025-08-14","com.psafe.msuite.pro_3day_trial_12mo49.9",16,12
"2025-08-14","com.psafe.msuite.adsfree_lto_12mo",13,10
"2025-08-14","com.psafe.msuite.pro_1mo_3.90",4,3
"2025-08-14","com.psafe.msuite.pro_12mo_49.90",2,2
"2025-08-14","com.psafe.msuite.ultra_12mo",2,2
"2025-08-14","(not set)",1,1
"2025-08-15","com.psafe.msuite.ultra_12mo_59.90",352,235
"2025-08-15","com.psafe.msuite.pro_lto_12mo_39.90",79,57
"2025-08-15","com.psafe.msuite.ads_free_12mo_13.90",58,39
"2025-08-15","com.psafe.msuite.adsfree_lto_12mo",22,20
"2025-08-15","com.psafe.msuite.ultra_1mo_16.90",20,16
"2025-08-15","com.psafe.msuite.pro_3day_trial_12mo49.9",13,10
"2025-08-15","com.psafe.msuite.ultra_12mo",4,4
"2025-08-15","com.psafe.msuite.pro_1mo_3.90",1,1
"2025-08-16","com.psafe.msuite.ultra_12mo_59.90",347,229
"2025-08-16","com.psafe.msuite.pro_lto_12mo_39.90",82,49
"2025-08-16","com.psafe.msuite.ads_free_12mo_13.90",44,28
"2025-08-16","com.psafe.msuite.adsfree_lto_12mo",39,21
"2025-08-16","com.psafe.msuite.ultra_1mo_16.90",18,17
"2025-08-16","com.psafe.msuite.pro_1mo_3.90",4,3
"2025-08-16","com.psafe.msuite.pro_3day_trial_12mo49.9",3,3
"2025-08-16","(not set)",1,1
"2025-08-17","com.psafe.msuite.ultra_12mo_59.90",368,262
"2025-08-17","com.psafe.msuite.ads_free_12mo_13.90",66,39
"2025-08-17","com.psafe.msuite.pro_lto_12mo_39.90",55,48
"2025-08-17","com.psafe.msuite.ultra_1mo_16.90",24,19
"2025-08-17","com.psafe.msuite.adsfree_lto_12mo",19,16
"2025-08-17","com.psafe.msuite.ultra_12mo",17,2
"2025-08-17","com.psafe.msuite.pro_3day_trial_12mo49.9",16,11
"2025-08-17","com.psafe.msuite.pro_1mo_3.90",4,4
"2025-08-17","com.psafe.msuite.pro_12mo_49.90",1,1
"2025-08-18","com.psafe.msuite.ultra_12mo_59.90",270,203
"2025-08-18","com.psafe.msuite.pro_lto_12mo_39.90",94,54
"2025-08-18","com.psafe.msuite.ads_free_12mo_13.90",46,27
"2025-08-18","com.psafe.msuite.adsfree_lto_12mo",34,20
"2025-08-18","com.psafe.msuite.ultra_1mo_16.90",27,22
"2025-08-18","com.psafe.msuite.ultra_12mo",10,3
"2025-08-18","com.psafe.msuite.pro_1mo_3.90",4,3
"2025-08-18","com.psafe.msuite.pro_3day_trial_12mo49.9",3,3
"2025-08-18","com.psafe.msuite.pro_12mo_49.90",2,1
"2025-08-19","com.psafe.msuite.ultra_12mo_59.90",345,229
"2025-08-19","com.psafe.msuite.ads_free_12mo_13.90",48,36
"2025-08-19","com.psafe.msuite.pro_lto_12mo_39.90",44,39
"2025-08-19","com.psafe.msuite.adsfree_lto_12mo",38,20
"2025-08-19","com.psafe.msuite.ultra_1mo_16.90",22,19
"2025-08-19","com.psafe.msuite.pro_3day_trial_12mo49.9",7,6
"2025-08-19","com.psafe.msuite.pro_1mo_3.90",3,3
"2025-08-20","com.psafe.msuite.ultra_12mo_59.90",383,250
"2025-08-20","com.psafe.msuite.pro_lto_12mo_39.90",82,58
"2025-08-20","com.psafe.msuite.ads_free_12mo_13.90",40,35
"2025-08-20","com.psafe.msuite.adsfree_lto_12mo",26,21
"2025-08-20","com.psafe.msuite.ultra_1mo_16.90",23,18
"2025-08-20","com.psafe.msuite.pro_3day_trial_12mo49.9",8,7
"2025-08-20","com.psafe.msuite.pro_1mo_3.90",3,2
"2025-08-21","com.psafe.msuite.ultra_12mo_59.90",315,210
"2025-08-21","com.psafe.msuite.ads_free_12mo_13.90",55,39
"2025-08-21","com.psafe.msuite.pro_lto_12mo_39.90",48,38
"2025-08-21","com.psafe.msuite.ultra_1mo_16.90",24,19
"2025-08-21","com.psafe.msuite.adsfree_lto_12mo",23,16
"2025-08-21","com.psafe.msuite.pro_3day_trial_12mo49.9",16,13
"2025-08-21","com.psafe.msuite.ultra_12mo",4,1
"2025-08-21","com.psafe.msuite.pro_1mo_3.90",2,2
"2025-08-21","com.psafe.msuite.ultra_1mo",2,1
"2025-08-21","com.psafe.msuite.pro_12mo_49.90",1,1
"2025-08-22","com.psafe.msuite.ultra_12mo_59.90",396,249
"2025-08-22","com.psafe.msuite.pro_lto_12mo_39.90",74,53
"2025-08-22","com.psafe.msuite.ads_free_12mo_13.90",63,52
"2025-08-22","com.psafe.msuite.ultra_1mo_16.90",44,21
"2025-08-22","com.psafe.msuite.adsfree_lto_12mo",15,11
"2025-08-22","com.psafe.msuite.pro_3day_trial_12mo49.9",8,5
"2025-08-22","com.psafe.msuite.pro_1mo_3.90",6,5
"2025-08-22","(not set)",3,2
"2025-08-22","com.psafe.msuite.pro_12mo_49.90",2,2
"2025-08-22","com.psafe.msuite.ultra_12mo",2,2
"2025-08-23","com.psafe.msuite.ultra_12mo_59.90",469,260
"2025-08-23","com.psafe.msuite.pro_lto_12mo_39.90",81,60
"2025-08-23","com.psafe.msuite.ads_free_12mo_13.90",52,38
"2025-08-23","com.psafe.msuite.ultra_1mo_16.90",39,26
"2025-08-23","com.psafe.msuite.adsfree_lto_12mo",21,15
"2025-08-23","com.psafe.msuite.pro_3day_trial_12mo49.9",11,4
"2025-08-23","com.psafe.msuite.ultra_12mo",7,4
"2025-08-23","com.psafe.msuite.pro_1mo_3.90",5,3
"2025-08-23","com.psafe.msuite.pro_12mo_49.90",3,2
"2025-08-24","com.psafe.msuite.ultra_12mo_59.90",331,224
"2025-08-24","com.psafe.msuite.ads_free_12mo_13.90",80,46
"2025-08-24","com.psafe.msuite.pro_lto_12mo_39.90",68,48
"2025-08-24","com.psafe.msuite.ultra_1mo_16.90",25,16
"2025-08-24","com.psafe.msuite.adsfree_lto_12mo",14,12
"2025-08-24","com.psafe.msuite.pro_3day_trial_12mo49.9",14,7
"2025-08-24","com.psafe.msuite.pro_1mo_3.90",6,3
"2025-08-25","com.psafe.msuite.ultra_12mo_59.90",306,216
"2025-08-25","com.psafe.msuite.adsfree_lto_12mo",88,19
"2025-08-25","com.psafe.msuite.ads_free_12mo_13.90",47,36
"2025-08-25","com.psafe.msuite.pro_lto_12mo_39.90",47,35
"2025-08-25","com.psafe.msuite.ultra_1mo_16.90",28,19
"2025-08-25","com.psafe.msuite.pro_3day_trial_12mo49.9",9,7
"2025-08-25","com.psafe.msuite.pro_1mo_3.90",5,5
"2025-08-25","com.psafe.msuite.ads_free_12mo",2,1
"2025-08-25","com.psafe.msuite.pro_12mo_49.90",1,1
"2025-08-25","com.psafe.msuite.ultra_12mo",1,1
"2025-08-26","com.psafe.msuite.ultra_12mo_59.90",486,326
"2025-08-26","com.psafe.msuite.pro_lto_12mo_39.90",129,38
"2025-08-26","com.psafe.msuite.ads_free_12mo_13.90",120,50
"2025-08-26","com.psafe.msuite.adsfree_lto_12mo",32,18
"2025-08-26","com.psafe.msuite.ultra_1mo_16.90",27,21
"2025-08-26","com.psafe.msuite.pro_3day_trial_12mo49.9",17,9
"2025-08-26","com.psafe.msuite.pro_1mo_3.90",5,4
"2025-08-26","com.psafe.msuite.pro_trial_12mo",2,1
"2025-08-26","com.psafe.msuite.ultra_12mo",2,1
"2025-08-26","(not set)",1,1
"2025-08-26","com.psafe.msuite.pro_12mo_49.90",1,1
"2025-08-27","com.psafe.msuite.ultra_12mo_59.90",498,343
"2025-08-27","com.psafe.msuite.ads_free_12mo_13.90",48,37
"2025-08-27","com.psafe.msuite.pro_lto_12mo_39.90",46,31
"2025-08-27","com.psafe.msuite.ultra_1mo_16.90",27,24
"2025-08-27","com.psafe.msuite.pro_3day_trial_12mo49.9",19,12
"2025-08-27","com.psafe.msuite.adsfree_lto_12mo",15,13
"2025-08-27","com.psafe.msuite.pro_1mo_3.90",15,9
"2025-08-27","com.psafe.msuite.ultra_12mo",3,2
"2025-08-28","com.psafe.msuite.ultra_12mo_59.90",811,514
"2025-08-28","com.psafe.msuite.pro_lto_12mo_39.90",75,58
"2025-08-28","com.psafe.msuite.ads_free_12mo_13.90",66,52
"2025-08-28","com.psafe.msuite.ultra_1mo_16.90",44,29
"2025-08-28","com.psafe.msuite.adsfree_lto_12mo",29,22
"2025-08-28","com.psafe.msuite.pro_3day_trial_12mo49.9",23,17
"2025-08-28","com.psafe.msuite.pro_1mo_3.90",10,8
"2025-08-28","com.psafe.msuite.ultra_12mo",8,4
"2025-08-28","(not set)",1,1
"2025-08-29","com.psafe.msuite.ultra_12mo_59.90",561,393
"2025-08-29","com.psafe.msuite.ads_free_12mo_13.90",58,40
"2025-08-29","com.psafe.msuite.pro_lto_12mo_39.90",55,42
"2025-08-29","com.psafe.msuite.ultra_1mo_16.90",39,28
"2025-08-29","com.psafe.msuite.adsfree_lto_12mo",19,17
"2025-08-29","com.psafe.msuite.pro_3day_trial_12mo49.9",12,12
"2025-08-29","com.psafe.msuite.pro_1mo_3.90",7,5
"2025-08-29","com.psafe.msuite.pro_1mo",5,1
"2025-08-29","com.psafe.msuite.pro_12mo_49.90",3,3
"2025-08-29","com.psafe.msuite.ads_free_12mo",1,1
"2025-08-29","com.psafe.msuite.ultra_12mo",1,1
"2025-08-30","com.psafe.msuite.ultra_12mo_59.90",445,279
"2025-08-30","com.psafe.msuite.pro_lto_12mo_39.90",56,46
"2025-08-30","com.psafe.msuite.ads_free_12mo_13.90",55,40
"2025-08-30","com.psafe.msuite.ultra_1mo_16.90",29,22
"2025-08-30","com.psafe.msuite.adsfree_lto_12mo",28,20
"2025-08-30","com.psafe.msuite.pro_3day_trial_12mo49.9",9,7
"2025-08-30","com.psafe.msuite.pro_1mo_3.90",4,3
"2025-08-30","com.psafe.msuite.ultra_12mo",3,3
"2025-08-30","com.psafe.msuite.ultra_12mo_99.99",3,1
"2025-08-31","com.psafe.msuite.ultra_12mo_59.90",464,311
"2025-08-31","com.psafe.msuite.ads_free_12mo_13.90",66,45
"2025-08-31","com.psafe.msuite.pro_lto_12mo_39.90",39,33
"2025-08-31","com.psafe.msuite.adsfree_lto_12mo",30,12
"2025-08-31","com.psafe.msuite.ultra_1mo_16.90",26,19
"2025-08-31","com.psafe.msuite.pro_3day_trial_12mo49.9",5,5
"2025-08-31","com.psafe.msuite.pro_12mo_49.90",4,1
"2025-08-31","com.psafe.msuite.pro_1mo_3.90",2,2
"2025-08-31","com.psafe.msuite.ultra_12mo",1,1
"2025-09-01","com.psafe.msuite.ultra_12mo_59.90",403,288
"2025-09-01","com.psafe.msuite.pro_lto_12mo_39.90",86,42
"2025-09-01","com.psafe.msuite.ultra_1mo_16.90",51,31
"2025-09-01","com.psafe.msuite.ads_free_12mo_13.90",38,29
"2025-09-01","com.psafe.msuite.adsfree_lto_12mo",10,9
"2025-09-01","com.psafe.msuite.pro_1mo_3.90",7,6
"2025-09-01","com.psafe.msuite.pro_3day_trial_12mo49.9",6,5
"2025-09-01","com.psafe.msuite.ultra_12mo",2,2
"2025-09-02","com.psafe.msuite.ultra_12mo_59.90",439,306
"2025-09-02","com.psafe.msuite.pro_lto_12mo_39.90",48,41
"2025-09-02","com.psafe.msuite.ads_free_12mo_13.90",47,39
"2025-09-02","com.psafe.msuite.ultra_1mo_16.90",32,27
"2025-09-02","com.psafe.msuite.adsfree_lto_12mo",27,17
"2025-09-02","com.psafe.msuite.pro_1mo_3.90",6,6
"2025-09-02","com.psafe.msuite.pro_3day_trial_12mo49.9",4,4
"2025-09-02","com.psafe.msuite.pro_12mo_49.90",3,2
"2025-09-02","com.psafe.msuite.ultra_12mo",1,1
"2025-09-03","com.psafe.msuite.ultra_12mo_59.90",443,296
"2025-09-03","com.psafe.msuite.ads_free_12mo_13.90",88,51
"2025-09-03","com.psafe.msuite.pro_lto_12mo_39.90",50,42
"2025-09-03","com.psafe.msuite.ultra_1mo_16.90",24,20
"2025-09-03","com.psafe.msuite.adsfree_lto_12mo",23,16
"2025-09-03","com.psafe.msuite.ultra_12mo",6,2
"2025-09-03","com.psafe.msuite.pro_3day_trial_12mo49.9",5,4
"2025-09-03","com.psafe.msuite.pro_1mo",3,1
"2025-09-03","com.psafe.msuite.pro_1mo_3.90",2,1
"2025-09-03","com.psafe.msuite.pro_3day_trial_12mo",1,1
"2025-09-04","com.psafe.msuite.ultra_12mo_59.90",368,272
"2025-09-04","com.psafe.msuite.pro_lto_12mo_39.90",60,44
"2025-09-04","com.psafe.msuite.ads_free_12mo_13.90",49,37
"2025-09-04","com.psafe.msuite.ultra_1mo_16.90",43,25
"2025-09-04","com.psafe.msuite.adsfree_lto_12mo",32,19
"2025-09-04","com.psafe.msuite.pro_3day_trial_12mo49.9",10,7
"2025-09-04","com.psafe.msuite.pro_1mo_3.90",6,4
"2025-09-04","com.psafe.msuite.ultra_12mo",1,1
"2025-09-04","com.psafe.msuite.ultra_1mo",1,1
"2025-09-05","com.psafe.msuite.ultra_12mo_59.90",422,260
"2025-09-05","com.psafe.msuite.pro_lto_12mo_39.90",69,42
"2025-09-05","com.psafe.msuite.ads_free_12mo_13.90",60,39
"2025-09-05","com.psafe.msuite.ultra_1mo_16.90",29,25
"2025-09-05","com.psafe.msuite.adsfree_lto_12mo",17,15
"2025-09-05","com.psafe.msuite.pro_3day_trial_12mo49.9",10,9
"2025-09-05","com.psafe.msuite.pro_1mo_3.90",8,5
"2025-09-05","com.psafe.msuite.ultra_12mo",3,3
"2025-09-06","com.psafe.msuite.ultra_12mo_59.90",400,283
"2025-09-06","com.psafe.msuite.ads_free_12mo_13.90",75,47
"2025-09-06","com.psafe.msuite.pro_lto_12mo_39.90",70,49
"2025-09-06","com.psafe.msuite.ultra_1mo_16.90",30,19
"2025-09-06","com.psafe.msuite.adsfree_lto_12mo",23,17
"2025-09-06","com.psafe.msuite.pro_1mo_3.90",6,6
"2025-09-06","com.psafe.msuite.pro_3day_trial_12mo49.9",6,6
"2025-09-06","com.psafe.msuite.ads_free_12mo",5,2
"2025-09-06","com.psafe.msuite.ultra_12mo",4,3
"2025-09-06","com.psafe.msuite.pro_12mo_49.90",3,1
"2025-09-07","com.psafe.msuite.ultra_12mo_59.90",428,263
"2025-09-07","com.psafe.msuite.pro_lto_12mo_39.90",54,43
"2025-09-07","com.psafe.msuite.ads_free_12mo_13.90",51,42
"2025-09-07","com.psafe.msuite.ultra_1mo_16.90",24,18
"2025-09-07","com.psafe.msuite.adsfree_lto_12mo",23,17
"2025-09-07","com.psafe.msuite.pro_1mo_3.90",10,8
"2025-09-07","com.psafe.msuite.pro_3day_trial_12mo49.9",10,9
"2025-09-07","com.psafe.msuite.ultra_12mo",3,1
"2025-09-07","com.psafe.msuite.pro_12mo_29.88",1,1
"2025-09-07","com.psafe.msuite.pro_3day_trial_12mo",1,1
"2025-09-08","com.psafe.msuite.ultra_12mo_59.90",422,289
"2025-09-08","com.psafe.msuite.pro_lto_12mo_39.90",57,46
"2025-09-08","com.psafe.msuite.ads_free_12mo_13.90",51,40
"2025-09-08","com.psafe.msuite.ultra_1mo_16.90",32,25
"2025-09-08","com.psafe.msuite.adsfree_lto_12mo",24,18
"2025-09-08","com.psafe.msuite.pro_3day_trial_12mo49.9",8,7
"2025-09-08","com.psafe.msuite.pro_12mo_49.90",3,2
"2025-09-08","com.psafe.msuite.pro_1mo_3.90",3,3
"2025-09-08","com.psafe.msuite.ultra_12mo",2,1
"2025-09-08","(not set)",1,1
"2025-09-09","com.psafe.msuite.ultra_12mo_59.90",361,251
"2025-09-09","com.psafe.msuite.pro_lto_12mo_39.90",83,48
"2025-09-09","com.psafe.msuite.ads_free_12mo_13.90",56,42
"2025-09-09","com.psafe.msuite.adsfree_lto_12mo",27,18
"2025-09-09","com.psafe.msuite.ultra_1mo_16.90",23,19
"2025-09-09","com.psafe.msuite.pro_3day_trial_12mo49.9",10,10
"2025-09-09","com.psafe.msuite.pro_1mo_3.90",4,4
"2025-09-09","(not set)",2,1
"2025-09-10","com.psafe.msuite.ultra_12mo_59.90",393,247
"2025-09-10","com.psafe.msuite.ads_free_12mo_13.90",75,47
"2025-09-10","com.psafe.msuite.pro_lto_12mo_39.90",69,50
"2025-09-10","com.psafe.msuite.ultra_1mo_16.90",32,21
"2025-09-10","com.psafe.msuite.adsfree_lto_12mo",25,20
"2025-09-10","com.psafe.msuite.pro_3day_trial_12mo49.9",17,10
"2025-09-10","com.psafe.msuite.pro_1mo_3.90",7,6
"2025-09-10","com.psafe.msuite.ultra_12mo",3,1
"2025-09-10","com.psafe.msuite.ads_free_12mo",1,1
"2025-09-11","com.psafe.msuite.ultra_12mo_59.90",394,255
"2025-09-11","com.psafe.msuite.ads_free_12mo_13.90",64,44
"2025-09-11","com.psafe.msuite.pro_lto_12mo_39.90",46,38
"2025-09-11","com.psafe.msuite.ultra_1mo_16.90",21,18
"2025-09-11","com.psafe.msuite.adsfree_lto_12mo",13,9
"2025-09-11","com.psafe.msuite.pro_3day_trial_12mo49.9",10,8
"2025-09-11","com.psafe.msuite.pro_1mo_3.90",7,5
"2025-09-11","com.psafe.msuite.ultra_12mo",2,1
"2025-09-11","(not set)",1,1
"2025-09-12","com.psafe.msuite.ultra_12mo_59.90",420,264
"2025-09-12","com.psafe.msuite.pro_lto_12mo_39.90",63,43
"2025-09-12","com.psafe.msuite.ads_free_12mo_13.90",59,42
"2025-09-12","com.psafe.msuite.ultra_1mo_16.90",56,35
"2025-09-12","com.psafe.msuite.adsfree_lto_12mo",16,6
"2025-09-12","com.psafe.msuite.pro_3day_trial_12mo49.9",7,6
"2025-09-12","com.psafe.msuite.pro_12mo_49.90",3,3
"2025-09-12","com.psafe.msuite.pro_1mo_3.90",3,2
"2025-09-13","com.psafe.msuite.ultra_12mo_59.90",455,294
"2025-09-13","com.psafe.msuite.pro_lto_12mo_39.90",74,46
"2025-09-13","com.psafe.msuite.ads_free_12mo_13.90",50,40
"2025-09-13","com.psafe.msuite.ultra_1mo_16.90",29,22
"2025-09-13","com.psafe.msuite.adsfree_lto_12mo",11,8
"2025-09-13","com.psafe.msuite.pro_3day_trial_12mo49.9",4,3
"2025-09-13","com.psafe.msuite.pro_1mo_3.90",1,1
"2025-09-13","com.psafe.msuite.pro_3day_trial_12mo",1,1
"2025-09-13","com.psafe.msuite.ultra_12mo",1,1
"2025-09-14","com.psafe.msuite.ultra_12mo_59.90",397,265
"2025-09-14","com.psafe.msuite.pro_lto_12mo_39.90",48,34
"2025-09-14","com.psafe.msuite.ads_free_12mo_13.90",44,41
"2025-09-14","com.psafe.msuite.ultra_1mo_16.90",25,16
"2025-09-14","com.psafe.msuite.adsfree_lto_12mo",13,12
"2025-09-14","com.psafe.msuite.pro_3day_trial_12mo49.9",7,6
"2025-09-14","com.psafe.msuite.pro_1mo_3.90",3,3
"2025-09-15","com.psafe.msuite.ultra_12mo_59.90",389,276
"2025-09-15","com.psafe.msuite.pro_lto_12mo_39.90",94,45
"2025-09-15","com.psafe.msuite.ads_free_12mo_13.90",39,36
"2025-09-15","com.psafe.msuite.ultra_1mo_16.90",23,20
"2025-09-15","com.psafe.msuite.adsfree_lto_12mo",22,15
"2025-09-15","com.psafe.msuite.pro_3day_trial_12mo49.9",17,12
"2025-09-15","com.psafe.msuite.pro_12mo_49.90",2,1
"2025-09-15","com.psafe.msuite.pro_1mo_3.90",2,2
"2025-09-15","com.psafe.msuite.ultra_12mo",1,1
"2025-09-16","com.psafe.msuite.ultra_12mo_59.90",438,318
"2025-09-16","com.psafe.msuite.ads_free_12mo_13.90",70,48
"2025-09-16","com.psafe.msuite.pro_lto_12mo_39.90",49,38
"2025-09-16","com.psafe.msuite.ultra_1mo_16.90",44,34
"2025-09-16","com.psafe.msuite.adsfree_lto_12mo",20,17
"2025-09-16","com.psafe.msuite.pro_3day_trial_12mo49.9",10,4
"2025-09-16","com.psafe.msuite.pro_1mo_3.90",3,3
"2025-09-16","com.psafe.msuite.ultra_12mo",3,2
"2025-09-16","com.psafe.msuite.pro_12mo_49.90",1,1
"2025-09-16","com.psafe.msuite.ultra_12mo_99.99",1,1
"2025-09-17","com.psafe.msuite.ultra_12mo_59.90",361,255
"2025-09-17","com.psafe.msuite.pro_lto_12mo_39.90",63,36
"2025-09-17","com.psafe.msuite.ads_free_12mo_13.90",43,33
"2025-09-17","com.psafe.msuite.ultra_1mo_16.90",26,21
"2025-09-17","com.psafe.msuite.pro_3day_trial_12mo49.9",22,12
"2025-09-17","com.psafe.msuite.adsfree_lto_12mo",12,10
"2025-09-17","com.psafe.msuite.pro_12mo_49.90",9,6
"2025-09-17","com.psafe.msuite.pro_1mo_3.90",8,6
"2025-09-17","(not set)",1,1
"2025-09-18","com.psafe.msuite.ultra_12mo_59.90",324,224
"2025-09-18","com.psafe.msuite.ads_free_12mo_13.90",83,49
"2025-09-18","com.psafe.msuite.pro_lto_12mo_39.90",51,37
"2025-09-18","com.psafe.msuite.ultra_1mo_16.90",35,29
"2025-09-18","com.psafe.msuite.adsfree_lto_12mo",22,17
"2025-09-18","com.psafe.msuite.pro_3day_trial_12mo49.9",22,13
"2025-09-18","com.psafe.msuite.pro_1mo_3.90",8,5
"2025-09-18","com.psafe.msuite.ultra_12mo",5,2
"2025-09-18","com.psafe.msuite.pro_12mo_49.90",3,2
"2025-09-18","com.psafe.msuite.pro_trial_12mo",3,1
"2025-09-18","com.psafe.msuite.ads_free_12mo",2,1
"2025-09-19","com.psafe.msuite.ultra_12mo_59.90",465,294
"2025-09-19","com.psafe.msuite.ads_free_12mo_13.90",61,41
"2025-09-19","com.psafe.msuite.pro_lto_12mo_39.90",52,41
"2025-09-19","com.psafe.msuite.ultra_1mo_16.90",49,30
"2025-09-19","com.psafe.msuite.adsfree_lto_12mo",15,14
"2025-09-19","com.psafe.msuite.pro_1mo_3.90",12,5
"2025-09-19","com.psafe.msuite.pro_3day_trial_12mo49.9",7,6
"2025-09-19","com.psafe.msuite.ads_free_12mo",5,2
"2025-09-20","com.psafe.msuite.ultra_12mo_59.90",347,257
"2025-09-20","com.psafe.msuite.pro_lto_12mo_39.90",109,55
"2025-09-20","com.psafe.msuite.ads_free_12mo_13.90",86,41
"2025-09-20","com.psafe.msuite.ultra_1mo_16.90",32,24
"2025-09-20","com.psafe.msuite.adsfree_lto_12mo",12,12
"2025-09-20","com.psafe.msuite.pro_1mo_3.90",7,7
"2025-09-20","com.psafe.msuite.pro_3day_trial_12mo49.9",6,6
"2025-09-20","com.psafe.msuite.ultra_12mo",4,4
"2025-09-20","com.psafe.msuite.pro_12mo_49.90",3,2
"2025-09-21","com.psafe.msuite.ultra_12mo_59.90",385,277
"2025-09-21","com.psafe.msuite.ads_free_12mo_13.90",83,53
"2025-09-21","com.psafe.msuite.pro_lto_12mo_39.90",62,43
"2025-09-21","com.psafe.msuite.ultra_1mo_16.90",34,20
"2025-09-21","com.psafe.msuite.adsfree_lto_12mo",23,17
"2025-09-21","com.psafe.msuite.pro_12mo_49.90",12,2
"2025-09-21","com.psafe.msuite.pro_3day_trial_12mo49.9",12,10
"2025-09-21","com.psafe.msuite.pro_1mo_3.90",7,4
"2025-09-21","com.psafe.msuite.ultra_12mo",4,3
"2025-09-22","com.psafe.msuite.ultra_12mo_59.90",429,279
"2025-09-22","com.psafe.msuite.ads_free_12mo_13.90",56,46
"2025-09-22","com.psafe.msuite.pro_lto_12mo_39.90",44,31
"2025-09-22","com.psafe.msuite.ultra_1mo_16.90",41,25
"2025-09-22","com.psafe.msuite.adsfree_lto_12mo",25,20
"2025-09-22","com.psafe.msuite.pro_3day_trial_12mo49.9",17,13
"2025-09-22","com.psafe.msuite.pro_1mo_3.90",4,4
"2025-09-22","com.psafe.msuite.ultra_12mo",3,3
"2025-09-23","com.psafe.msuite.ultra_12mo_59.90",395,266
"2025-09-23","com.psafe.msuite.ads_free_12mo_13.90",61,46
"2025-09-23","com.psafe.msuite.pro_lto_12mo_39.90",57,38
"2025-09-23","com.psafe.msuite.ultra_1mo_16.90",32,27
"2025-09-23","com.psafe.msuite.adsfree_lto_12mo",15,13
"2025-09-23","com.psafe.msuite.pro_3day_trial_12mo49.9",12,10
"2025-09-23","com.psafe.msuite.ultra_12mo",11,8
"2025-09-23","com.psafe.msuite.pro_1mo_3.90",4,3
"2025-09-24","com.psafe.msuite.ultra_12mo_59.90",387,256
"2025-09-24","com.psafe.msuite.ads_free_12mo_13.90",47,40
"2025-09-24","com.psafe.msuite.ultra_1mo_16.90",45,35
"2025-09-24","com.psafe.msuite.pro_lto_12mo_39.90",42,38
"2025-09-24","com.psafe.msuite.adsfree_lto_12mo",25,17
"2025-09-24","com.psafe.msuite.pro_3day_trial_12mo49.9",18,15
"2025-09-24","com.psafe.msuite.pro_1mo_3.90",4,4
"2025-09-24","com.psafe.msuite.pro_12mo_49.90",3,1
"2025-09-25","com.psafe.msuite.ultra_12mo_59.90",425,291
"2025-09-25","com.psafe.msuite.ads_free_12mo_13.90",76,47
"2025-09-25","com.psafe.msuite.pro_lto_12mo_39.90",52,32
"2025-09-25","com.psafe.msuite.ultra_1mo_16.90",33,29
"2025-09-25","com.psafe.msuite.adsfree_lto_12mo",17,17
"2025-09-25","com.psafe.msuite.pro_3day_trial_12mo49.9",9,6
"2025-09-25","com.psafe.msuite.pro_1mo_3.90",8,6
"2025-09-25","com.psafe.msuite.pro_12mo_49.90",6,4
"2025-09-25","(not set)",2,1
"2025-09-25","com.psafe.msuite.ads_free_12mo",1,1
"2025-09-26","com.psafe.msuite.ultra_12mo_59.90",402,256
"2025-09-26","com.psafe.msuite.pro_lto_12mo_39.90",79,49
"2025-09-26","com.psafe.msuite.ads_free_12mo_13.90",49,36
"2025-09-26","com.psafe.msuite.ultra_1mo_16.90",28,25
"2025-09-26","com.psafe.msuite.adsfree_lto_12mo",18,18
"2025-09-26","com.psafe.msuite.pro_1mo_3.90",14,4
"2025-09-26","com.psafe.msuite.pro_3day_trial_12mo49.9",5,5
"2025-09-26","com.psafe.msuite.pro_12mo_49.90",3,3
"2025-09-26","com.psafe.msuite.ultra_12mo",2,2
"2025-09-27","com.psafe.msuite.ultra_12mo_59.90",341,237
"2025-09-27","com.psafe.msuite.ads_free_12mo_13.90",59,44
"2025-09-27","com.psafe.msuite.ultra_1mo_16.90",48,29
"2025-09-27","com.psafe.msuite.pro_lto_12mo_39.90",37,29
"2025-09-27","com.psafe.msuite.adsfree_lto_12mo",11,10
"2025-09-27","com.psafe.msuite.pro_3day_trial_12mo49.9",4,4
"2025-09-27","com.psafe.msuite.ultra_12mo",4,1
"2025-09-27","com.psafe.msuite.pro_1mo_3.90",2,2
"2025-09-28","com.psafe.msuite.ultra_12mo_59.90",346,238
"2025-09-28","com.psafe.msuite.ads_free_12mo_13.90",64,35
"2025-09-28","com.psafe.msuite.pro_lto_12mo_39.90",40,33
"2025-09-28","com.psafe.msuite.ultra_1mo_16.90",29,16
"2025-09-28","com.psafe.msuite.adsfree_lto_12mo",27,22
"2025-09-28","com.psafe.msuite.pro_1mo_3.90",8,5
"2025-09-28","com.psafe.msuite.pro_3day_trial_12mo49.9",8,5
"2025-09-28","com.psafe.msuite.ultra_12mo",3,2
"2025-09-28","com.psafe.msuite.pro_12mo_49.90",2,2
"2025-09-29","com.psafe.msuite.ultra_12mo_59.90",377,245
"2025-09-29","com.psafe.msuite.pro_lto_12mo_39.90",67,49
"2025-09-29","com.psafe.msuite.ads_free_12mo_13.90",43,25
"2025-09-29","com.psafe.msuite.ultra_1mo_16.90",19,15
"2025-09-29","com.psafe.msuite.adsfree_lto_12mo",14,12
"2025-09-29","com.psafe.msuite.pro_12mo_49.90",11,4
"2025-09-29","com.psafe.msuite.pro_3day_trial_12mo49.9",8,7
"2025-09-29","com.psafe.msuite.pro_1mo_3.90",4,4
"2025-09-29","com.psafe.msuite.ultra_12mo",2,1
"2025-09-30","com.psafe.msuite.ultra_12mo_59.90",388,276
"2025-09-30","com.psafe.msuite.pro_lto_12mo_39.90",70,53
"2025-09-30","com.psafe.msuite.ultra_1mo_16.90",44,24
"2025-09-30","com.psafe.msuite.ads_free_12mo_13.90",42,32
"2025-09-30","com.psafe.msuite.adsfree_lto_12mo",10,10
"2025-09-30","com.psafe.msuite.pro_1mo_3.90",10,6
"2025-09-30","com.psafe.msuite.pro_3day_trial_12mo49.9",7,7
"2025-09-30","com.psafe.msuite.pro_12mo_49.90",1,1
"2025-10-01","com.psafe.msuite.ultra_12mo_59.90",377,240
"2025-10-01","com.psafe.msuite.pro_lto_12mo_39.90",59,44
"2025-10-01","com.psafe.msuite.ads_free_12mo_13.90",42,32
"2025-10-01","com.psafe.msuite.ultra_1mo_16.90",19,18
"2025-10-01","com.psafe.msuite.adsfree_lto_12mo",13,9
"2025-10-01","com.psafe.msuite.pro_1mo_3.90",6,4
"2025-10-01","com.psafe.msuite.pro_3day_trial_12mo49.9",6,6
"2025-10-02","com.psafe.msuite.ultra_12mo_59.90",378,249
"2025-10-02","com.psafe.msuite.pro_lto_12mo_39.90",69,43
"2025-10-02","com.psafe.msuite.ultra_1mo_16.90",63,27
"2025-10-02","com.psafe.msuite.ads_free_12mo_13.90",46,40
"2025-10-02","com.psafe.msuite.adsfree_lto_12mo",16,14
"2025-10-02","com.psafe.msuite.pro_3day_trial_12mo49.9",7,6
"2025-10-02","com.psafe.msuite.pro_1mo_3.90",3,3
"2025-10-02","com.psafe.msuite.ultra_12mo",3,1
"2025-10-02","com.psafe.msuite.pro_12mo_49.90",2,2
"2025-10-03","com.psafe.msuite.ultra_12mo_59.90",370,225
"2025-10-03","com.psafe.msuite.ads_free_12mo_13.90",182,35
"2025-10-03","com.psafe.msuite.pro_lto_12mo_39.90",46,36
"2025-10-03","com.psafe.msuite.ultra_1mo_16.90",32,18
"2025-10-03","com.psafe.msuite.adsfree_lto_12mo",11,9
"2025-10-03","com.psafe.msuite.pro_1mo_3.90",9,4
"2025-10-03","com.psafe.msuite.pro_3day_trial_12mo49.9",9,4
"2025-10-03","com.psafe.msuite.ultra_12mo",6,3
"2025-10-03","com.psafe.msuite.pro_12mo_49.90",2,1
"2025-10-04","com.psafe.msuite.ultra_12mo_59.90",418,239
"2025-10-04","com.psafe.msuite.ads_free_12mo_13.90",50,31
"2025-10-04","com.psafe.msuite.ultra_1mo_16.90",48,23
"2025-10-04","com.psafe.msuite.pro_3day_trial_12mo49.9",16,10
"2025-10-04","com.psafe.msuite.pro_1mo_3.90",6,4
"2025-10-04","com.psafe.msuite.pro_lto_12mo_39.90",5,3
"2025-10-04","com.psafe.msuite.pro_12mo_49.90",3,1
"2025-10-04","com.psafe.msuite.ultra_12mo",1,1
"2025-10-05","com.psafe.msuite.ultra_12mo_59.90",337,243
"2025-10-05","com.psafe.msuite.ads_free_12mo_13.90",59,41
"2025-10-05","com.psafe.msuite.ultra_1mo_16.90",23,19
"2025-10-05","com.psafe.msuite.pro_3day_trial_12mo49.9",13,8
"2025-10-05","com.psafe.msuite.pro_1mo_3.90",4,3
"2025-10-05","com.psafe.msuite.pro_12mo_49.90",2,1
"2025-10-05","com.psafe.msuite.ultra_12mo",1,1
"2025-10-05","com.psafe.msuite.ultra_1mo",1,1
"2025-10-06","com.psafe.msuite.ultra_12mo_59.90",364,218
"2025-10-06","com.psafe.msuite.ads_free_12mo_13.90",34,29
"2025-10-06","com.psafe.msuite.ultra_1mo_16.90",26,19
"2025-10-06","com.psafe.msuite.pro_3day_trial_12mo49.9",6,5
"2025-10-06","com.psafe.msuite.pro_lto_12mo_39.90",6,6
"2025-10-06","com.psafe.msuite.pro_1mo_3.90",4,4
"2025-10-06","com.psafe.msuite.adsfree_lto_12mo",3,3
"2025-10-06","com.psafe.msuite.ultra_12mo",2,2
"2025-10-06","com.psafe.msuite.pro_12mo_49.90",1,1
"2025-10-07","com.psafe.msuite.ultra_12mo_59.90",362,232
"2025-10-07","com.psafe.msuite.ads_free_12mo_13.90",58,37
"2025-10-07","com.psafe.msuite.ultra_1mo_16.90",37,22
"2025-10-07","com.psafe.msuite.pro_lto_12mo_39.90",15,13
"2025-10-07","com.psafe.msuite.pro_3day_trial_12mo49.9",11,7
"2025-10-07","com.psafe.msuite.adsfree_lto_12mo",8,7
"2025-10-07","com.psafe.msuite.pro_1mo_3.90",6,3
"2025-10-07","com.psafe.msuite.ads_free_12mo",1,1
"2025-10-07","com.psafe.msuite.ultra_1mo",1,1
"2025-10-08","com.psafe.msuite.ultra_12mo_59.90",410,214
"2025-10-08","com.psafe.msuite.ads_free_12mo_13.90",50,27
"2025-10-08","com.psafe.msuite.ultra_1mo_16.90",25,22
"2025-10-08","com.psafe.msuite.pro_lto_12mo_39.90",18,14
"2025-10-08","com.psafe.msuite.pro_3day_trial_12mo49.9",12,10
"2025-10-08","com.psafe.msuite.pro_1mo_3.90",7,4
"2025-10-08","com.psafe.msuite.adsfree_lto_12mo",3,3
"2025-10-08","com.psafe.msuite.ads_free_12mo",2,1
"2025-10-08","com.psafe.msuite.pro_12mo_49.90",1,1
"2025-10-09","com.psafe.msuite.ultra_12mo_59.90",384,194
"2025-10-09","com.psafe.msuite.ultra_1mo_16.90",56,28
"2025-10-09","com.psafe.msuite.ads_free_12mo_13.90",42,33
"2025-10-09","com.psafe.msuite.pro_lto_12mo_39.90",10,9
"2025-10-09","com.psafe.msuite.pro_3day_trial_12mo49.9",8,5
"2025-10-09","com.psafe.msuite.pro_1mo_3.90",6,4
"2025-10-09","com.psafe.msuite.adsfree_lto_12mo",4,4
"2025-10-09","com.psafe.msuite.ultra_12mo",3,3
"2025-10-09","com.psafe.msuite.pro_12mo_49.90",2,2
"2025-10-09","(not set)",1,1
"2025-10-09","com.psafe.msuite.ads_free_12mo",1,1
"2025-10-10","com.psafe.msuite.ultra_12mo_59.90",305,204
"2025-10-10","com.psafe.msuite.ads_free_12mo_13.90",71,31
"2025-10-10","com.psafe.msuite.ultra_1mo_16.90",20,11
"2025-10-10","com.psafe.msuite.pro_3day_trial_12mo49.9",13,7
"2025-10-10","com.psafe.msuite.adsfree_lto_12mo",11,6
"2025-10-10","com.psafe.msuite.ultra_12mo",7,2
"2025-10-10","com.psafe.msuite.pro_lto_12mo_39.90",5,5
"2025-10-10","com.psafe.msuite.ads_free_12mo",1,1
"2025-10-11","com.psafe.msuite.ultra_12mo_59.90",333,190
"2025-10-11","com.psafe.msuite.ads_free_12mo_13.90",76,35
"2025-10-11","com.psafe.msuite.ultra_1mo_16.90",44,26
"2025-10-11","com.psafe.msuite.pro_3day_trial_12mo49.9",8,6
"2025-10-11","com.psafe.msuite.pro_lto_12mo_39.90",8,7
"2025-10-11","com.psafe.msuite.pro_1mo_3.90",4,4
"2025-10-11","com.psafe.msuite.adsfree_lto_12mo",2,2
"2025-10-11","com.psafe.msuite.ultra_12mo",1,1
"2025-10-12","com.psafe.msuite.ultra_12mo_59.90",325,210
"2025-10-12","com.psafe.msuite.ads_free_12mo_13.90",45,28
"2025-10-12","com.psafe.msuite.ultra_1mo_16.90",27,13
"2025-10-12","com.psafe.msuite.pro_lto_12mo_39.90",9,7
"2025-10-12","com.psafe.msuite.pro_3day_trial_12mo49.9",5,5
"2025-10-12","com.psafe.msuite.adsfree_lto_12mo",3,3
"2025-10-12","com.psafe.msuite.pro_1mo_3.90",2,2
"2025-10-13","com.psafe.msuite.ultra_12mo_59.90",375,214
"2025-10-13","com.psafe.msuite.ads_free_12mo_13.90",54,27
"2025-10-13","com.psafe.msuite.ultra_1mo_16.90",36,25
"2025-10-13","com.psafe.msuite.pro_lto_12mo_39.90",13,11
"2025-10-13","com.psafe.msuite.pro_3day_trial_12mo49.9",11,9
"2025-10-13","com.psafe.msuite.pro_12mo_49.90",4,3
"2025-10-13","com.psafe.msuite.adsfree_lto_12mo",3,3
"2025-10-13","com.psafe.msuite.pro_1mo_3.90",3,2
"2025-10-13","com.psafe.msuite.ultra_12mo",3,2
"2025-10-13","com.psafe.msuite.ads_free_12mo",2,1
"2025-10-14","com.psafe.msuite.ultra_12mo_59.90",339,236
"2025-10-14","com.psafe.msuite.ads_free_12mo_13.90",54,32
"2025-10-14","com.psafe.msuite.ultra_1mo_16.90",27,22
"2025-10-14","com.psafe.msuite.pro_lto_12mo_39.90",15,13
"2025-10-14","com.psafe.msuite.pro_3day_trial_12mo49.9",14,11
"2025-10-14","com.psafe.msuite.adsfree_lto_12mo",3,3
"2025-10-14","com.psafe.msuite.ultra_12mo",2,2
"2025-10-14","com.psafe.msuite.pro_1mo_3.90",1,1
"2025-10-15","com.psafe.msuite.ultra_12mo_59.90",414,262
"2025-10-15","com.psafe.msuite.ads_free_12mo_13.90",45,32
"2025-10-15","com.psafe.msuite.ultra_1mo_16.90",41,27
"2025-10-15","com.psafe.msuite.pro_lto_12mo_39.90",20,14
"2025-10-15","com.psafe.msuite.ads_free_12mo",8,2
"2025-10-15","com.psafe.msuite.adsfree_lto_12mo",8,6
"2025-10-15","com.psafe.msuite.pro_1mo_3.90",4,4
"2025-10-15","com.psafe.msuite.pro_12mo_49.90",3,2
"2025-10-15","com.psafe.msuite.pro_3day_trial_12mo49.9",3,3
"2025-10-15","com.psafe.msuite.pro_1mo",1,1
"2025-10-15","com.psafe.msuite.ultra_12mo",1,1
"2025-10-16","com.psafe.msuite.ultra_12mo_59.90",333,233
"2025-10-16","com.psafe.msuite.ads_free_12mo_13.90",34,25
"2025-10-16","com.psafe.msuite.ultra_1mo_16.90",31,19
"2025-10-16","com.psafe.msuite.pro_3day_trial_12mo49.9",12,6
"2025-10-16","com.psafe.msuite.pro_lto_12mo_39.90",8,7
"2025-10-16","com.psafe.msuite.pro_1mo_3.90",3,3
"2025-10-16","com.psafe.msuite.ads_free_12mo",1,1
"2025-10-16","com.psafe.msuite.adsfree_lto_12mo",1,1
"2025-10-16","com.psafe.msuite.pro_lto_12mo",1,1
"2025-10-16","com.psafe.msuite.ultra_12mo",1,1
"2025-10-17","com.psafe.msuite.ultra_12mo_59.90",269,191
"2025-10-17","com.psafe.msuite.ads_free_12mo_13.90",33,28
"2025-10-17","com.psafe.msuite.ultra_1mo_16.90",21,13
"2025-10-17","com.psafe.msuite.ultra_12mo",14,5
"2025-10-17","com.psafe.msuite.pro_3day_trial_12mo49.9",12,8
"2025-10-17","com.psafe.msuite.ads_free_12mo",5,2
"2025-10-17","com.psafe.msuite.pro_lto_12mo_39.90",5,5
"2025-10-17","(not set)",1,1
"2025-10-17","com.psafe.msuite.adsfree_lto_12mo",1,1
"2025-10-17","com.psafe.msuite.pro_12mo_49.90",1,1
"2025-10-17","com.psafe.msuite.pro_1mo_3.90",1,1
"2025-10-18","com.psafe.msuite.ultra_12mo_59.90",359,221
"2025-10-18","com.psafe.msuite.ads_free_12mo_13.90",41,24
"2025-10-18","com.psafe.msuite.ultra_1mo_16.90",14,13
"2025-10-18","com.psafe.msuite.pro_lto_12mo_39.90",8,8
"2025-10-18","com.psafe.msuite.pro_3day_trial_12mo49.9",6,4
"2025-10-18","com.psafe.msuite.pro_1mo_3.90",5,5
"2025-10-18","com.psafe.msuite.pro_12mo_49.90",4,2
"2025-10-18","com.psafe.msuite.adsfree_lto_12mo",3,3
"2025-10-18","com.psafe.msuite.ultra_12mo",2,2
"2025-10-19","com.psafe.msuite.ultra_12mo_59.90",299,206
"2025-10-19","com.psafe.msuite.ads_free_12mo_13.90",59,32
"2025-10-19","com.psafe.msuite.ultra_1mo_16.90",28,22
"2025-10-19","com.psafe.msuite.ultra_12mo",10,3
"2025-10-19","com.psafe.msuite.pro_3day_trial_12mo49.9",8,4
"2025-10-19","com.psafe.msuite.pro_lto_12mo_39.90",8,7
"2025-10-19","com.psafe.msuite.pro_1mo_3.90",3,2
"2025-10-19","com.psafe.msuite.adsfree_lto_12mo",1,1
"2025-10-19","com.psafe.msuite.pro_12mo_49.90",1,1
"2025-10-20","com.psafe.msuite.ultra_12mo_59.90",344,217
"2025-10-20","com.psafe.msuite.ads_free_12mo_13.90",51,34
"2025-10-20","com.psafe.msuite.ultra_1mo_16.90",36,23
"2025-10-20","com.psafe.msuite.pro_3day_trial_12mo49.9",13,7
"2025-10-20","com.psafe.msuite.pro_lto_12mo_39.90",11,7
"2025-10-20","com.psafe.msuite.adsfree_lto_12mo",8,4
"2025-10-20","com.psafe.msuite.pro_1mo_3.90",3,3
"2025-10-20","com.psafe.msuite.ultra_12mo",3,3
"2025-10-20","com.psafe.msuite.pro_12mo_49.90",2,2
"2025-10-20","com.psafe.msuite.pro_1mo",2,1
"2025-10-21","com.psafe.msuite.ultra_12mo_59.90",404,217
"2025-10-21","com.psafe.msuite.ads_free_12mo_13.90",72,25
"2025-10-21","com.psafe.msuite.ultra_1mo_16.90",40,28
"2025-10-21","com.psafe.msuite.pro_3day_trial_12mo49.9",16,9
"2025-10-21","com.psafe.msuite.pro_lto_12mo_39.90",9,8
"2025-10-21","com.psafe.msuite.pro_1mo_3.90",8,5
"2025-10-21","com.psafe.msuite.ads_free_12mo",5,1
"2025-10-21","com.psafe.msuite.ultra_12mo",3,2
"2025-10-21","com.psafe.msuite.adsfree_lto_12mo",2,2
"2025-10-21","com.psafe.msuite.pro_12mo_49.90",1,1
"2025-10-22","com.psafe.msuite.ultra_12mo_59.90",302,192
"2025-10-22","com.psafe.msuite.ads_free_12mo_13.90",33,24
"2025-10-22","com.psafe.msuite.ultra_1mo_16.90",27,21
"2025-10-22","com.psafe.msuite.pro_3day_trial_12mo49.9",16,10
"2025-10-22","com.psafe.msuite.pro_lto_12mo_39.90",10,9
"2025-10-22","com.psafe.msuite.pro_1mo_3.90",6,5
"2025-10-22","com.psafe.msuite.ads_free_12mo",2,1
"2025-10-22","com.psafe.msuite.adsfree_lto_12mo",2,2
"2025-10-23","com.psafe.msuite.ultra_12mo_59.90",336,237
"2025-10-23","com.psafe.msuite.ads_free_12mo_13.90",59,42
"2025-10-23","com.psafe.msuite.ultra_1mo_16.90",20,17
"2025-10-23","com.psafe.msuite.pro_1mo_3.90",7,6
"2025-10-23","com.psafe.msuite.pro_3day_trial_12mo49.9",6,5
"2025-10-23","com.psafe.msuite.pro_lto_12mo_39.90",5,5
"2025-10-23","com.psafe.msuite.ads_free_12mo",1,1
"2025-10-23","com.psafe.msuite.adsfree_lto_12mo",1,1
"2025-10-23","com.psafe.msuite.pro_12mo_49.90",1,1
"2025-10-23","com.psafe.msuite.ultra_12mo",1,1
"2025-10-24","com.psafe.msuite.ultra_12mo_59.90",357,215
"2025-10-24","com.psafe.msuite.ultra_1mo_16.90",33,19
"2025-10-24","com.psafe.msuite.ads_free_12mo_13.90",28,25
"2025-10-24","com.psafe.msuite.pro_3day_trial_12mo49.9",16,7
"2025-10-24","com.psafe.msuite.pro_lto_12mo_39.90",5,4
"2025-10-24","com.psafe.msuite.ultra_12mo",4,3
"2025-10-24","com.psafe.msuite.ads_free_12mo",3,2
"2025-10-24","com.psafe.msuite.adsfree_lto_12mo",1,1
"2025-10-24","com.psafe.msuite.pro_12mo_49.90",1,1
"2025-10-25","com.psafe.msuite.ultra_12mo_59.90",334,197
"2025-10-25","com.psafe.msuite.ads_free_12mo_13.90",35,26
"2025-10-25","com.psafe.msuite.ultra_1mo_16.90",18,12
"2025-10-25","com.psafe.msuite.pro_1mo_3.90",6,6
"2025-10-25","com.psafe.msuite.pro_3day_trial_12mo49.9",6,5
"2025-10-25","com.psafe.msuite.pro_lto_12mo_39.90",5,5
"2025-10-25","com.psafe.msuite.ultra_12mo",4,1
"2025-10-25","com.psafe.msuite.adsfree_lto_12mo",3,3
"2025-10-25","com.psafe.msuite.pro_12mo_49.90",2,2
"2025-10-25","com.psafe.msuite.pro_12mo_29.88",1,1
"2025-10-25","com.psafe.msuite.pro_3day_trial_12mo",1,1
"2025-10-26","com.psafe.msuite.ultra_12mo_59.90",343,212
"2025-10-26","com.psafe.msuite.ads_free_12mo_13.90",55,33
"2025-10-26","com.psafe.msuite.ultra_1mo_16.90",18,15
"2025-10-26","com.psafe.msuite.pro_lto_12mo_39.90",6,6
"2025-10-26","com.psafe.msuite.pro_3day_trial_12mo49.9",5,2
"2025-10-26","com.psafe.msuite.ultra_12mo",3,2
"2025-10-26","com.psafe.msuite.adsfree_lto_12mo",2,1
"2025-10-26","com.psafe.msuite.pro_12mo_49.90",1,1
"2025-10-26","com.psafe.msuite.pro_1mo_3.90",1,1
"2025-10-27","com.psafe.msuite.ultra_12mo_59.90",294,216
"2025-10-27","com.psafe.msuite.ads_free_12mo_13.90",135,32
"2025-10-27","com.psafe.msuite.ultra_1mo_16.90",34,28
"2025-10-27","com.psafe.msuite.pro_3day_trial_12mo49.9",16,7
"2025-10-27","com.psafe.msuite.pro_1mo_3.90",11,8
"2025-10-27","com.psafe.msuite.pro_lto_12mo_39.90",10,7
"2025-10-27","com.psafe.msuite.ultra_12mo",6,4
"2025-10-27","com.psafe.msuite.pro_12mo_49.90",2,2
"2025-10-28","com.psafe.msuite.ultra_12mo_59.90",304,211
"2025-10-28","com.psafe.msuite.ads_free_12mo_13.90",42,35
"2025-10-28","com.psafe.msuite.ultra_1mo_16.90",25,18
"2025-10-28","com.psafe.msuite.pro_lto_12mo_39.90",6,2
"2025-10-28","com.psafe.msuite.ultra_12mo",6,3
"2025-10-28","com.psafe.msuite.pro_1mo_3.90",3,3
"2025-10-28","com.psafe.msuite.pro_3day_trial_12mo49.9",3,2
"2025-10-28","com.psafe.msuite.ads_free_12mo",1,1
"2025-10-28","com.psafe.msuite.adsfree_lto_12mo",1,1
"2025-10-28","com.psafe.msuite.pro_12mo_49.90",1,1
"2025-10-29","com.psafe.msuite.ultra_12mo_59.90",320,227
"2025-10-29","com.psafe.msuite.ads_free_12mo_13.90",37,22
"2025-10-29","com.psafe.msuite.ultra_1mo_16.90",23,22
"2025-10-29","com.psafe.msuite.pro_lto_12mo_39.90",7,7
"2025-10-29","com.psafe.msuite.ultra_12mo",6,2
"2025-10-29","com.psafe.msuite.adsfree_lto_12mo",5,5
"2025-10-29","com.psafe.msuite.pro_3day_trial_12mo49.9",5,4
"2025-10-29","com.psafe.msuite.pro_1mo_3.90",3,3
"2025-10-29","com.psafe.msuite.pro_1mo",1,1
"2025-10-30","com.psafe.msuite.ultra_12mo_59.90",282,212
"2025-10-30","com.psafe.msuite.ads_free_12mo_13.90",66,41
"2025-10-30","com.psafe.msuite.ultra_1mo_16.90",26,13
"2025-10-30","com.psafe.msuite.pro_3day_trial_12mo49.9",9,7
"2025-10-30","com.psafe.msuite.pro_1mo_3.90",7,5
"2025-10-30","com.psafe.msuite.ultra_12mo",7,3
"2025-10-30","com.psafe.msuite.pro_lto_12mo_39.90",6,6
"2025-10-30","com.psafe.msuite.ads_free_12mo",4,1
"2025-10-30","com.psafe.msuite.adsfree_lto_12mo",4,3
"2025-10-30","com.psafe.msuite.ultra_1mo",1,1
"2025-10-30","com.psafe.msuite.ultra_trial_12mo_2.99",1,1
"2025-10-31","com.psafe.msuite.ultra_12mo_59.90",326,201
"2025-10-31","com.psafe.msuite.ads_free_12mo_13.90",43,27
"2025-10-31","com.psafe.msuite.ultra_1mo_16.90",35,20
"2025-10-31","com.psafe.msuite.adsfree_lto_12mo",6,5
"2025-10-31","com.psafe.msuite.pro_1mo_3.90",6,4
"2025-10-31","com.psafe.msuite.pro_lto_12mo_39.90",6,5
"2025-10-31","com.psafe.msuite.pro_3day_trial_12mo49.9",4,3
"2025-10-31","com.psafe.msuite.ultra_12mo",3,2
"2025-10-31","com.psafe.msuite.pro_12mo_49.90",2,2
"2025-10-31","com.psafe.msuite.ads_free_12mo",1,1
"2025-11-01","com.psafe.msuite.ultra_12mo_59.90",355,237
"2025-11-01","com.psafe.msuite.ads_free_12mo_13.90",35,33
"2025-11-01","com.psafe.msuite.ultra_1mo_16.90",30,22
"2025-11-01","com.psafe.msuite.pro_lto_12mo_39.90",16,8
"2025-11-01","com.psafe.msuite.ultra_12mo",7,3
"2025-11-01","com.psafe.msuite.pro_1mo_3.90",6,6
"2025-11-01","com.psafe.msuite.pro_3day_trial_12mo49.9",6,6
"2025-11-01","com.psafe.msuite.adsfree_lto_12mo",3,3
"2025-11-01","com.psafe.msuite.pro_12mo_49.90",1,1
"2025-11-02","com.psafe.msuite.ultra_12mo_59.90",335,208
"2025-11-02","com.psafe.msuite.ads_free_12mo_13.90",64,35
"2025-11-02","com.psafe.msuite.ultra_1mo_16.90",26,23
"2025-11-02","com.psafe.msuite.pro_3day_trial_12mo49.9",9,6
"2025-11-02","com.psafe.msuite.pro_lto_12mo_39.90",8,5
"2025-11-02","com.psafe.msuite.pro_1mo_3.90",4,4
"2025-11-02","com.psafe.msuite.ultra_12mo",3,3
"2025-11-02","com.psafe.msuite.adsfree_lto_12mo",1,1
"2025-11-03","com.psafe.msuite.ultra_12mo_59.90",342,243
"2025-11-03","com.psafe.msuite.ultra_1mo_16.90",33,26
"2025-11-03","com.psafe.msuite.ads_free_12mo_13.90",30,25
"2025-11-03","com.psafe.msuite.pro_lto_12mo_39.90",13,9
"2025-11-03","com.psafe.msuite.pro_3day_trial_12mo49.9",6,5
"2025-11-03","com.psafe.msuite.adsfree_lto_12mo",3,3
"2025-11-03","com.psafe.msuite.pro_1mo_3.90",3,3
"2025-11-04","com.psafe.msuite.ultra_12mo_59.90",439,273
"2025-11-04","com.psafe.msuite.ads_free_12mo_13.90",62,44
"2025-11-04","com.psafe.msuite.pro_3day_trial_12mo49.9",30,7
"2025-11-04","com.psafe.msuite.ultra_1mo_16.90",29,15
"2025-11-04","com.psafe.msuite.pro_lto_12mo_39.90",5,5
"2025-11-04","com.psafe.msuite.pro_12mo_49.90",3,3
"2025-11-04","com.psafe.msuite.pro_1mo_3.90",2,2
"2025-11-04","com.psafe.msuite.ultra_12mo",2,2
"2025-11-04","com.psafe.msuite.ads_free_12mo",1,1
"2025-11-04","com.psafe.msuite.adsfree_lto_12mo",1,1
"2025-11-05","com.psafe.msuite.ultra_12mo_59.90",395,248
"2025-11-05","com.psafe.msuite.ultra_1mo_16.90",44,18
"2025-11-05","com.psafe.msuite.ads_free_12mo_13.90",43,34
"2025-11-05","com.psafe.msuite.pro_3day_trial_12mo49.9",5,4
"2025-11-05","com.psafe.msuite.adsfree_lto_12mo",4,1
"2025-11-05","com.psafe.msuite.pro_lto_12mo_39.90",4,3
"2025-11-05","com.psafe.msuite.ultra_12mo",4,3
"2025-11-05","com.psafe.msuite.pro_12mo_49.90",2,1
"2025-11-05","com.psafe.msuite.pro_1mo_3.90",1,1
"2025-11-06","com.psafe.msuite.ultra_12mo_59.90",382,238
"2025-11-06","com.psafe.msuite.ads_free_12mo_13.90",57,31
"2025-11-06","com.psafe.msuite.ultra_1mo_16.90",57,26
"2025-11-06","com.psafe.msuite.pro_lto_12mo_39.90",49,31
"2025-11-06","com.psafe.msuite.pro_1mo_3.90",11,5
"2025-11-06","com.psafe.msuite.pro_3day_trial_12mo49.9",11,7
"2025-11-06","com.psafe.msuite.ads_free_12mo",1,1
"2025-11-06","com.psafe.msuite.adsfree_lto_12mo",1,1
"2025-11-07","com.psafe.msuite.ultra_12mo_59.90",295,202
"2025-11-07","com.psafe.msuite.pro_lto_12mo_39.90",61,41
"2025-11-07","com.psafe.msuite.ads_free_12mo_13.90",56,36
"2025-11-07","com.psafe.msuite.ultra_1mo_16.90",30,25
"2025-11-07","com.psafe.msuite.pro_3day_trial_12mo49.9",20,13
"2025-11-07","com.psafe.msuite.pro_1mo_3.90",5,2
"2025-11-07","com.psafe.msuite.pro_12mo_49.90",4,3
"2025-11-07","com.psafe.msuite.ultra_12mo",3,1
"2025-11-07","(not set)",1,1
"2025-11-07","com.psafe.msuite.adsfree_lto_12mo",1,1
"2025-11-08","com.psafe.msuite.ultra_12mo_59.90",342,219
"2025-11-08","com.psafe.msuite.ads_free_12mo_13.90",91,24
"2025-11-08","com.psafe.msuite.pro_lto_12mo_39.90",64,44
"2025-11-08","com.psafe.msuite.ultra_1mo_16.90",35,29
"2025-11-08","com.psafe.msuite.pro_3day_trial_12mo49.9",7,5
"2025-11-08","com.psafe.msuite.pro_1mo_3.90",5,4
"2025-11-08","(not set)",3,3
"2025-11-08","com.psafe.msuite.ads_free_12mo",1,1
"2025-11-08","com.psafe.msuite.adsfree_lto_12mo",1,1
"2025-11-08","com.psafe.msuite.pro_12mo_49.90",1,1
"2025-11-08","com.psafe.msuite.ultra_12mo",1,1
"2025-11-09","com.psafe.msuite.ultra_12mo_59.90",292,191
"2025-11-09","com.psafe.msuite.pro_lto_12mo_39.90",48,31
"2025-11-09","com.psafe.msuite.ultra_1mo_16.90",25,19
"2025-11-09","com.psafe.msuite.ads_free_12mo_13.90",23,17
"2025-11-09","com.psafe.msuite.ultra_12mo",10,6
"2025-11-09","com.psafe.msuite.pro_3day_trial_12mo49.9",4,1
"2025-11-09","com.psafe.msuite.adsfree_lto_12mo",2,2
"2025-11-09","com.psafe.msuite.pro_12mo_49.90",2,1
"2025-11-09","com.psafe.msuite.pro_1mo_3.90",2,2
"2025-11-09","(not set)",1,1
"2025-11-10","com.psafe.msuite.ultra_12mo_59.90",336,218
"2025-11-10","com.psafe.msuite.pro_lto_12mo_39.90",54,36
"2025-11-10","com.psafe.msuite.ads_free_12mo_13.90",40,28
"2025-11-10","com.psafe.msuite.ultra_1mo_16.90",24,15
"2025-11-10","com.psafe.msuite.pro_3day_trial_12mo49.9",3,3
"2025-11-10","com.psafe.msuite.pro_12mo_49.90",2,1
"2025-11-10","com.psafe.msuite.pro_1mo_3.90",2,2
"2025-11-10","com.psafe.msuite.ultra_12mo",2,1
"2025-11-10","com.psafe.msuite.ads_free_12mo",1,1
"2025-11-10","com.psafe.msuite.adsfree_lto_12mo",1,1
"2025-11-11","com.psafe.msuite.ultra_12mo_59.90",358,234
"2025-11-11","com.psafe.msuite.pro_lto_12mo_39.90",42,35
"2025-11-11","com.psafe.msuite.ads_free_12mo_13.90",39,26
"2025-11-11","(not set)",22,1
"2025-11-11","com.psafe.msuite.pro_3day_trial_12mo49.9",16,4
"2025-11-11","com.psafe.msuite.ultra_12mo",15,2
"2025-11-11","com.psafe.msuite.ultra_1mo_16.90",15,14
"2025-11-11","com.psafe.msuite.pro_12mo_49.90",12,1
"2025-11-11","com.psafe.msuite.pro_1mo_3.90",7,4
"2025-11-11","com.psafe.msuite.ads_free_12mo",2,1
"2025-11-11","com.psafe.msuite.adsfree_lto_12mo",2,1
"2025-11-11","com.psafe.msuite.pro_1mo",1,1
"2025-11-11","com.psafe.msuite.ultra_12mo_99.99",1,1
"2025-11-11","com.psafe.msuite.ultra_1mo",1,1
"2025-11-12","com.psafe.msuite.ultra_12mo_59.90",299,216
"2025-11-12","com.psafe.msuite.pro_lto_12mo_39.90",62,40
"2025-11-12","com.psafe.msuite.ads_free_12mo_13.90",34,25
"2025-11-12","com.psafe.msuite.ultra_1mo_16.90",19,14
"2025-11-12","com.psafe.msuite.pro_3day_trial_12mo49.9",10,8
"2025-11-12","com.psafe.msuite.ads_free_12mo",6,1
"2025-11-12","com.psafe.msuite.pro_1mo_3.90",4,4
"2025-11-12","(not set)",2,2
"2025-11-12","com.psafe.msuite.pro_12mo_49.90",2,1
"2025-11-12","com.psafe.msuite.ultra_12mo",2,2
"2025-11-12","com.psafe.msuite.adsfree_lto_12mo",1,1
"2025-11-12","com.psafe.msuite.pro_1mo",1,1
"2025-11-13","com.psafe.msuite.ultra_12mo_59.90",332,231
"2025-11-13","com.psafe.msuite.ads_free_12mo_13.90",56,36
"2025-11-13","com.psafe.msuite.pro_lto_12mo_39.90",42,32
"2025-11-13","com.psafe.msuite.ultra_1mo_16.90",31,20
"2025-11-13","com.psafe.msuite.ads_free_12mo",4,2
"2025-11-13","com.psafe.msuite.ultra_12mo",4,3
"2025-11-13","com.psafe.msuite.pro_12mo_49.90",3,3
"2025-11-13","com.psafe.msuite.adsfree_lto_12mo",2,2
"2025-11-13","com.psafe.msuite.pro_1mo",2,1
"2025-11-13","(not set)",1,1
"2025-11-13","com.psafe.msuite.pro_1mo_3.90",1,1
"2025-11-13","com.psafe.msuite.pro_3day_trial_12mo49.9",1,1
"2025-11-14","com.psafe.msuite.ultra_12mo_59.90",284,182
"2025-11-14","com.psafe.msuite.ads_free_12mo_13.90",44,27
"2025-11-14","com.psafe.msuite.pro_lto_12mo_39.90",34,26
"2025-11-14","com.psafe.msuite.ultra_1mo_16.90",30,18
"2025-11-14","com.psafe.msuite.pro_3day_trial_12mo49.9",6,6
"2025-11-14","com.psafe.msuite.pro_1mo_3.90",3,3
"2025-11-14","(not set)",2,2
"2025-11-14","com.psafe.msuite.ultra_12mo",2,1
"2025-11-14","com.psafe.msuite.adsfree_lto_12mo",1,1
"2025-11-15","com.psafe.msuite.ultra_12mo_59.90",295,197
"2025-11-15","com.psafe.msuite.pro_lto_12mo_39.90",98,26
"2025-11-15","com.psafe.msuite.ads_free_12mo_13.90",60,32
"2025-11-15","com.psafe.msuite.ultra_1mo_16.90",16,12
"2025-11-15","com.psafe.msuite.pro_1mo_3.90",5,5
"2025-11-15","com.psafe.msuite.pro_3day_trial_12mo49.9",5,3
"2025-11-15","com.psafe.msuite.ultra_12mo",4,3
"2025-11-16","com.psafe.msuite.ultra_12mo_59.90",280,197
"2025-11-16","com.psafe.msuite.pro_lto_12mo_39.90",40,26
"2025-11-16","com.psafe.msuite.ultra_1mo_16.90",39,26
"2025-11-16","com.psafe.msuite.ads_free_12mo_13.90",31,20
"2025-11-16","com.psafe.msuite.ultra_12mo",10,4
"2025-11-16","com.psafe.msuite.pro_3day_trial_12mo49.9",6,5
"2025-11-16","com.psafe.msuite.pro_1mo_3.90",3,3
"2025-11-16","com.psafe.msuite.adsfree_lto_12mo",2,2
"2025-11-16","com.psafe.msuite.pro_12mo_49.90",1,1
"2025-11-17","com.psafe.msuite.ultra_12mo_59.90",332,233
"2025-11-17","com.psafe.msuite.pro_lto_12mo_39.90",46,35
"2025-11-17","com.psafe.msuite.ads_free_12mo_13.90",35,24
"2025-11-17","com.psafe.msuite.ultra_1mo_16.90",25,23
"2025-11-17","com.psafe.msuite.pro_1mo_3.90",8,5
"2025-11-17","com.psafe.msuite.pro_12mo_49.90",5,4
"2025-11-17","com.psafe.msuite.ultra_12mo",3,3
"2025-11-17","com.psafe.msuite.pro_3day_trial_12mo49.9",2,2
"2025-11-17","com.psafe.msuite.ads_free_12mo",1,1
"2025-11-18","com.psafe.msuite.ultra_12mo_59.90",407,233
"2025-11-18","com.psafe.msuite.pro_lto_12mo_39.90",47,29
"2025-11-18","com.psafe.msuite.ads_free_12mo_13.90",37,31
"2025-11-18","com.psafe.msuite.ultra_1mo_16.90",23,16
"2025-11-18","com.psafe.msuite.adsfree_lto_12mo",7,5
"2025-11-18","com.psafe.msuite.ultra_12mo",6,3
"2025-11-18","(not set)",3,3
"2025-11-18","com.psafe.msuite.pro_1mo_3.90",1,1
"2025-11-18","com.psafe.msuite.pro_3day_trial_12mo49.9",1,1
"2025-11-18","com.psafe.msuite.pro_lto_12mo",1,1
"2025-11-19","com.psafe.msuite.ultra_12mo_59.90",367,220
"2025-11-19","com.psafe.msuite.ads_free_12mo_13.90",76,30
"2025-11-19","com.psafe.msuite.pro_lto_12mo_39.90",38,27
"2025-11-19","com.psafe.msuite.ultra_1mo_16.90",24,12
"2025-11-19","com.psafe.msuite.pro_3day_trial_12mo49.9",13,7
"2025-11-19","com.psafe.msuite.pro_1mo_3.90",8,5
"2025-11-19","com.psafe.msuite.ultra_12mo",2,2
"2025-11-19","(not set)",1,1
"2025-11-19","com.psafe.msuite.adsfree_lto_12mo",1,1
"2025-11-20","com.psafe.msuite.ultra_12mo_59.90",315,205
"2025-11-20","com.psafe.msuite.ads_free_12mo_13.90",28,19
"2025-11-20","com.psafe.msuite.pro_lto_12mo_39.90",25,21
"2025-11-20","com.psafe.msuite.ultra_1mo_16.90",17,13
"2025-11-20","com.psafe.msuite.pro_12mo_49.90",5,2
"2025-11-20","com.psafe.msuite.pro_3day_trial_12mo49.9",2,2
"2025-11-20","com.psafe.msuite.adsfree_lto_12mo",1,1
"2025-11-21","com.psafe.msuite.ultra_12mo_59.90",287,207
"2025-11-21","com.psafe.msuite.pro_lto_12mo_39.90",45,28
"2025-11-21","com.psafe.msuite.ads_free_12mo_13.90",42,26
"2025-11-21","com.psafe.msuite.ultra_1mo_16.90",20,18
"2025-11-21","com.psafe.msuite.ultra_12mo",18,3
"2025-11-21","com.psafe.msuite.pro_3day_trial_12mo49.9",4,4
"2025-11-21","com.psafe.msuite.adsfree_lto_12mo",2,2
"2025-11-21","(not set)",1,1
"2025-11-21","com.psafe.msuite.ads_free_12mo",1,1
"2025-11-21","com.psafe.msuite.pro_12mo_49.90",1,1
"2025-11-21","com.psafe.msuite.pro_1mo_3.90",1,1
"2025-11-22","com.psafe.msuite.ultra_12mo_59.90",238,179
"2025-11-22","com.psafe.msuite.ads_free_12mo_13.90",43,23
"2025-11-22","com.psafe.msuite.pro_lto_12mo_39.90",28,19
"2025-11-22","com.psafe.msuite.ultra_1mo_16.90",18,17
"2025-11-22","com.psafe.msuite.pro_3day_trial_12mo49.9",14,5
"2025-11-22","com.psafe.msuite.pro_1mo_3.90",8,3
"2025-11-22","com.psafe.msuite.adsfree_lto_12mo",4,4
"2025-11-22","(not set)",2,2
"2025-11-22","com.psafe.msuite.pro_12mo_49.90",2,2
"2025-11-23","com.psafe.msuite.ultra_12mo_59.90",333,219
"2025-11-23","com.psafe.msuite.pro_lto_12mo_39.90",46,35
"2025-11-23","com.psafe.msuite.ads_free_12mo_13.90",33,25
"2025-11-23","com.psafe.msuite.ultra_1mo_16.90",20,17
"2025-11-23","com.psafe.msuite.pro_1mo_3.90",5,4
"2025-11-23","com.psafe.msuite.ultra_12mo",3,2
"2025-11-23","(not set)",1,1
"2025-11-23","com.psafe.msuite.pro_12mo_49.90",1,1
"2025-11-23","com.psafe.msuite.pro_3day_trial_12mo49.9",1,1
"2025-11-24","com.psafe.msuite.ultra_12mo_59.90",330,201
"2025-11-24","com.psafe.msuite.ads_free_12mo_13.90",60,29
"2025-11-24","com.psafe.msuite.pro_lto_12mo_39.90",33,30
"2025-11-24","com.psafe.msuite.ultra_1mo_16.90",22,11
"2025-11-24","com.psafe.msuite.pro_1mo_3.90",4,4
"2025-11-24","com.psafe.msuite.adsfree_lto_12mo",1,1
"2025-11-24","com.psafe.msuite.pro_12mo_49.90",1,1
"2025-11-24","com.psafe.msuite.pro_3day_trial_12mo49.9",1,1
"2025-11-24","com.psafe.msuite.ultra_12mo",1,1
"2025-11-25","com.psafe.msuite.ultra_12mo_59.90",343,219
"2025-11-25","com.psafe.msuite.ads_free_12mo_13.90",41,28
"2025-11-25","com.psafe.msuite.ultra_1mo_16.90",32,24
"2025-11-25","com.psafe.msuite.pro_lto_12mo_39.90",31,27
"2025-11-25","com.psafe.msuite.pro_1mo_3.90",6,5
"2025-11-25","com.psafe.msuite.pro_3day_trial_12mo49.9",6,6
"2025-11-25","com.psafe.msuite.adsfree_lto_12mo",5,5
"2025-11-25","com.psafe.msuite.ultra_12mo",2,1
"2025-11-25","(not set)",1,1
"2025-11-25","com.psafe.msuite.pro_12mo_49.90",1,1
"2025-11-26","com.psafe.msuite.ultra_12mo_59.90",321,199
"2025-11-26","com.psafe.msuite.ads_free_12mo_13.90",59,24
"2025-11-26","com.psafe.msuite.pro_lto_12mo_39.90",52,30
"2025-11-26","com.psafe.msuite.ultra_1mo_16.90",13,10
"2025-11-26","com.psafe.msuite.pro_1mo_3.90",4,4
"2025-11-26","com.psafe.msuite.pro_3day_trial_12mo49.9",3,2
"2025-11-26","com.psafe.msuite.ultra_12mo",3,2
"2025-11-26","com.psafe.msuite.ads_free_12mo",2,2
"2025-11-26","com.psafe.msuite.pro_12mo_49.90",1,1
"2025-11-26","com.psafe.msuite.pro_1mo",1,1
"2025-11-27","com.psafe.msuite.ultra_12mo_59.90",326,202
"2025-11-27","com.psafe.msuite.ads_free_12mo_13.90",56,37
"2025-11-27","com.psafe.msuite.pro_lto_12mo_39.90",42,33
"2025-11-27","com.psafe.msuite.ultra_1mo_16.90",25,20
"2025-11-27","com.psafe.msuite.ultra_12mo",7,5
"2025-11-27","com.psafe.msuite.pro_1mo_3.90",6,5
"2025-11-27","com.psafe.msuite.pro_3day_trial_12mo49.9",6,6
"2025-11-27","(not set)",2,2
"2025-11-27","com.psafe.msuite.pro_12mo_49.90",2,1
"2025-11-28","com.psafe.msuite.ultra_12mo_59.90",311,219
"2025-11-28","com.psafe.msuite.pro_lto_12mo_39.90",46,32
"2025-11-28","com.psafe.msuite.ads_free_12mo_13.90",45,31
"2025-11-28","com.psafe.msuite.pro_3day_trial_12mo49.9",22,6
"2025-11-28","com.psafe.msuite.ultra_1mo_16.90",13,13
"2025-11-28","com.psafe.msuite.pro_1mo_3.90",7,2
"2025-11-28","com.psafe.msuite.adsfree_lto_12mo",4,4
"2025-11-28","com.psafe.msuite.pro_12mo_49.90",1,1
"2025-11-28","com.psafe.msuite.ultra_12mo",1,1
"2025-11-29","com.psafe.msuite.ultra_12mo_59.90",280,193
"2025-11-29","com.psafe.msuite.ads_free_12mo_13.90",45,30
"2025-11-29","com.psafe.msuite.ultra_1mo_16.90",17,14
"2025-11-29","com.psafe.msuite.pro_3day_trial_12mo49.9",11,7
"2025-11-29","com.psafe.msuite.pro_lto_12mo_39.90",8,7
"2025-11-29","com.psafe.msuite.pro_1mo_3.90",5,3
"2025-11-29","com.psafe.msuite.ultra_12mo",3,2
"2025-11-29","(not set)",1,1
"2025-11-29","com.psafe.msuite.adsfree_lto_12mo",1,1
"2025-11-30","com.psafe.msuite.ultra_12mo_59.90",353,240
"2025-11-30","com.psafe.msuite.ads_free_12mo_13.90",62,40
"2025-11-30","com.psafe.msuite.ultra_1mo_16.90",23,16
"2025-11-30","com.psafe.msuite.ultra_12mo",15,5
"2025-11-30","com.psafe.msuite.pro_3day_trial_12mo49.9",3,3
"2025-11-30","com.psafe.msuite.pro_lto_12mo_39.90",3,3
"2025-11-30","com.psafe.msuite.pro_1mo_3.90",2,2
"2025-11-30","com.psafe.msuite.adsfree_lto_12mo",1,1
"2025-11-30","com.psafe.msuite.pro_12mo_49.90",1,1
"2025-11-30","com.psafe.msuite.ultra_1mo",1,1
"2025-12-01","com.psafe.msuite.ultra_12mo_59.90",351,250
"2025-12-01","com.psafe.msuite.ads_free_12mo_13.90",50,32
"2025-12-01","com.psafe.msuite.ultra_1mo_16.90",26,19
"2025-12-01","com.psafe.msuite.pro_3day_trial_12mo49.9",9,7
"2025-12-01","com.psafe.msuite.pro_lto_12mo_39.90",5,5
"2025-12-01","com.psafe.msuite.pro_1mo_3.90",1,1
"2025-12-02","com.psafe.msuite.ultra_12mo_59.90",383,255
"2025-12-02","com.psafe.msuite.ultra_1mo_16.90",238,20
"2025-12-02","com.psafe.msuite.ads_free_12mo_13.90",62,41
"2025-12-02","com.psafe.msuite.pro_3day_trial_12mo49.9",8,6
"2025-12-02","com.psafe.msuite.pro_lto_12mo_39.90",6,4
"2025-12-02","com.psafe.msuite.pro_1mo_3.90",3,3
"2025-12-02","com.psafe.msuite.ultra_12mo",3,2
"2025-12-02","com.psafe.msuite.adsfree_lto_12mo",2,2
"2025-12-02","com.psafe.msuite.pro_12mo_49.90",1,1
"2025-12-03","com.psafe.msuite.ultra_12mo_59.90",511,233
"2025-12-03","com.psafe.msuite.ads_free_12mo_13.90",66,38
"2025-12-03","com.psafe.msuite.ultra_1mo_16.90",15,14
"2025-12-03","com.psafe.msuite.pro_lto_12mo_39.90",11,5
"2025-12-03","com.psafe.msuite.pro_3day_trial_12mo49.9",10,7
"2025-12-03","com.psafe.msuite.pro_1mo_3.90",7,4
"2025-12-03","com.psafe.msuite.adsfree_lto_12mo",1,1
"2025-12-03","com.psafe.msuite.ultra_12mo",1,1
"2025-12-04","com.psafe.msuite.ultra_12mo_59.90",373,264
"2025-12-04","com.psafe.msuite.ads_free_12mo_13.90",81,38
"2025-12-04","com.psafe.msuite.ultra_1mo_16.90",27,20
"2025-12-04","com.psafe.msuite.pro_1mo_3.90",8,7
"2025-12-04","com.psafe.msuite.pro_3day_trial_12mo49.9",7,5
"2025-12-04","com.psafe.msuite.adsfree_lto_12mo",3,2
"2025-12-04","com.psafe.msuite.pro_lto_12mo_39.90",3,3
"2025-12-04","com.psafe.msuite.pro_12mo_49.90",1,1
"2025-12-05","com.psafe.msuite.ultra_12mo_59.90",424,269
"2025-12-05","com.psafe.msuite.ads_free_12mo_13.90",49,31
"2025-12-05","com.psafe.msuite.ultra_1mo_16.90",47,31
"2025-12-05","com.psafe.msuite.pro_1mo_3.90",17,6
"2025-12-05","com.psafe.msuite.pro_3day_trial_12mo49.9",7,4
"2025-12-05","com.psafe.msuite.pro_lto_12mo_39.90",4,3
"2025-12-05","com.psafe.msuite.pro_12mo_49.90",3,3
"2025-12-05","com.psafe.msuite.ultra_12mo",2,1
"2025-12-05","com.psafe.msuite.ads_free_12mo",1,1
"2025-12-06","com.psafe.msuite.ultra_12mo_59.90",419,264
"2025-12-06","com.psafe.msuite.ads_free_12mo_13.90",39,19
"2025-12-06","com.psafe.msuite.ultra_1mo_16.90",34,22
"2025-12-06","com.psafe.msuite.pro_3day_trial_12mo49.9",9,6
"2025-12-06","com.psafe.msuite.pro_lto_12mo_39.90",8,5
"2025-12-06","com.psafe.msuite.pro_1mo_3.90",7,4
"2025-12-06","com.psafe.msuite.adsfree_lto_12mo",5,4
"2025-12-06","com.psafe.msuite.ultra_12mo",3,1
"2025-12-06","com.psafe.msuite.pro_12mo_49.90",1,1
"2025-12-07","com.psafe.msuite.ultra_12mo_59.90",337,232
"2025-12-07","com.psafe.msuite.ads_free_12mo_13.90",34,29
"2025-12-07","com.psafe.msuite.pro_3day_trial_12mo49.9",8,4
"2025-12-07","com.psafe.msuite.pro_lto_12mo_39.90",7,4
"2025-12-07","com.psafe.msuite.ultra_1mo_16.90",7,6
"2025-12-07","com.psafe.msuite.pro_1mo_3.90",4,4
"2025-12-07","com.psafe.msuite.ads_free_12mo",3,2
"2025-12-07","com.psafe.msuite.adsfree_lto_12mo",1,1
"2025-12-07","com.psafe.msuite.ultra_12mo",1,1
"2025-12-08","com.psafe.msuite.ultra_12mo_59.90",346,232
"2025-12-08","com.psafe.msuite.ads_free_12mo_13.90",30,21
"2025-12-08","com.psafe.msuite.ultra_1mo_16.90",20,19
"2025-12-08","com.psafe.msuite.pro_3day_trial_12mo49.9",11,5
"2025-12-08","com.psafe.msuite.pro_lto_12mo_39.90",5,5
"2025-12-08","com.psafe.msuite.adsfree_lto_12mo",1,1
"2025-12-08","com.psafe.msuite.pro_1mo_3.90",1,1
"2025-12-09","com.psafe.msuite.ultra_12mo_59.90",326,214
"2025-12-09","com.psafe.msuite.ads_free_12mo_13.90",45,35
"2025-12-09","com.psafe.msuite.ultra_1mo_16.90",27,16
"2025-12-09","com.psafe.msuite.pro_3day_trial_12mo49.9",13,9
"2025-12-09","com.psafe.msuite.pro_lto_12mo_39.90",13,10
"2025-12-09","com.psafe.msuite.pro_1mo_3.90",3,3
"2025-12-09","com.psafe.msuite.adsfree_lto_12mo",2,2
"2025-12-10","com.psafe.msuite.ultra_12mo_59.90",416,253
"2025-12-10","com.psafe.msuite.ultra_1mo_16.90",72,17
"2025-12-10","com.psafe.msuite.ads_free_12mo_13.90",41,32
"2025-12-10","com.psafe.msuite.pro_lto_12mo_39.90",10,7
"2025-12-10","com.psafe.msuite.pro_3day_trial_12mo49.9",8,2
"2025-12-10","com.psafe.msuite.pro_1mo_3.90",6,3
"2025-12-10","com.psafe.msuite.adsfree_lto_12mo",2,2
"2025-12-10","com.psafe.msuite.ultra_12mo",2,1
"2025-12-11","com.psafe.msuite.ultra_12mo_59.90",343,222
"2025-12-11","com.psafe.msuite.ads_free_12mo_13.90",40,25
"2025-12-11","com.psafe.msuite.ultra_1mo_16.90",20,14
"2025-12-11","com.psafe.msuite.pro_1mo_3.90",7,4
"2025-12-11","com.psafe.msuite.ultra_12mo",7,3
"2025-12-11","com.psafe.msuite.pro_3day_trial_12mo49.9",6,4
"2025-12-11","com.psafe.msuite.ads_free_12mo",4,2
"2025-12-11","com.psafe.msuite.pro_lto_12mo_39.90",3,3
"2025-12-11","com.psafe.msuite.pro_12mo_49.90",1,1
"2025-12-12","com.psafe.msuite.ultra_12mo_59.90",351,241
"2025-12-12","com.psafe.msuite.ads_free_12mo_13.90",41,28
"2025-12-12","com.psafe.msuite.ultra_1mo_16.90",19,13
"2025-12-12","com.psafe.msuite.pro_3day_trial_12mo49.9",9,7
"2025-12-12","com.psafe.msuite.pro_1mo_3.90",8,4
"2025-12-12","com.psafe.msuite.pro_lto_12mo_39.90",3,3
"2025-12-12","com.psafe.msuite.ads_free_12mo",1,1
"2025-12-12","com.psafe.msuite.adsfree_lto_12mo",1,1
"2025-12-12","com.psafe.msuite.ultra_12mo",1,1
"2025-12-13","com.psafe.msuite.ultra_12mo_59.90",329,216
"2025-12-13","com.psafe.msuite.ads_free_12mo_13.90",38,26
"2025-12-13","com.psafe.msuite.ultra_1mo_16.90",21,20
"2025-12-13","com.psafe.msuite.pro_3day_trial_12mo49.9",14,9
"2025-12-13","com.psafe.msuite.pro_lto_12mo_39.90",7,7
"2025-12-13","com.psafe.msuite.adsfree_lto_12mo",4,4
"2025-12-13","com.psafe.msuite.pro_1mo_3.90",3,3
"2025-12-13","com.psafe.msuite.pro_12mo_49.90",2,1
"2025-12-14","com.psafe.msuite.ultra_12mo_59.90",328,220
"2025-12-14","com.psafe.msuite.ads_free_12mo_13.90",32,26
"2025-12-14","com.psafe.msuite.ultra_1mo_16.90",24,13
"2025-12-14","com.psafe.msuite.pro_1mo_3.90",10,4
"2025-12-14","com.psafe.msuite.pro_3day_trial_12mo49.9",4,3
"2025-12-14","com.psafe.msuite.pro_lto_12mo_39.90",4,4
"2025-12-14","com.psafe.msuite.ultra_12mo",1,1
"2025-12-15","com.psafe.msuite.pro_1mo_3.90",1923,6
"2025-12-15","com.psafe.msuite.ultra_12mo_59.90",300,212
"2025-12-15","com.psafe.msuite.ads_free_12mo_13.90",56,32
"2025-12-15","com.psafe.msuite.ultra_1mo_16.90",25,19
"2025-12-15","com.psafe.msuite.pro_3day_trial_12mo49.9",6,5
"2025-12-15","com.psafe.msuite.pro_lto_12mo_39.90",4,4
"2025-12-15","com.psafe.msuite.pro_12mo_49.90",3,3
"2025-12-15","com.psafe.msuite.ultra_12mo",3,3
"2025-12-16","com.psafe.msuite.ultra_12mo_59.90",396,259
"2025-12-16","com.psafe.msuite.ads_free_12mo_13.90",42,29
"2025-12-16","com.psafe.msuite.ultra_1mo_16.90",15,11
"2025-12-16","com.psafe.msuite.pro_3day_trial_12mo49.9",7,6
"2025-12-16","com.psafe.msuite.ultra_12mo",4,2
"2025-12-16","ultra_yearly",4,1
"2025-12-16","com.psafe.msuite.pro_1mo_3.90",2,2
"2025-12-16","com.psafe.msuite.pro_lto_12mo_39.90",2,2
"2025-12-16","com.psafe.msuite.adsfree_lto_12mo",1,1
"2025-12-16","com.psafe.msuite.pro_12mo_49.90",1,1
"2025-12-17","com.psafe.msuite.ultra_12mo_59.90",345,250
"2025-12-17","com.psafe.msuite.ads_free_12mo_13.90",47,27
"2025-12-17","com.psafe.msuite.ultra_1mo_16.90",19,14
"2025-12-17","com.psafe.msuite.pro_lto_12mo_39.90",6,6
"2025-12-17","com.psafe.msuite.ultra_12mo",5,5
"2025-12-17","com.psafe.msuite.pro_3day_trial_12mo49.9",3,3
"2025-12-17","ultra_4",3,1
"2025-12-17","com.psafe.msuite.ads_free_12mo",2,1
"2025-12-17","com.psafe.msuite.adsfree_lto_12mo",2,1
"2025-12-17","pro_yearly",2,1
"2025-12-17","ultra_monthly",2,1
"2025-12-17","ultra_yearly_1",2,1
"2025-12-17","basic_monthly_4",1,1
"2025-12-17","basic_monthly_6",1,1
"2025-12-17","basic_monthly_8",1,1
"2025-12-17","basic_monthly_9",1,1
"2025-12-17","basic_yearly_1",1,1
"2025-12-17","com.psafe.msuite.pro_1mo_3.90",1,1
"2025-12-17","pro_monthly",1,1
"2025-12-18","com.psafe.msuite.ultra_12mo_59.90",409,266
"2025-12-18","com.psafe.msuite.ultra_1mo_16.90",21,15
"2025-12-18","pro_yearly",19,1
"2025-12-18","com.psafe.msuite.ads_free_12mo_13.90",18,17
"2025-12-18","pro_monthly",8,1
"2025-12-18","ultra_yearly_1",8,1
"2025-12-18","pro_bimonthly",7,1
"2025-12-18","basic_monthly_3",6,1
"2025-12-18","pro_semiannual",6,1
"2025-12-18","basic_monthly_6",5,1
"2025-12-18","com.psafe.msuite.pro_3day_trial_12mo49.9",5,5
"2025-12-18","pro_quarterly",5,1
"2025-12-18","ultra_4",5,1
"2025-12-18","basic_monthly_4",4,1
"2025-12-18","basic_yearly_1",4,1
"2025-12-18","com.psafe.msuite.pro_1mo_3.90",4,3
"2025-12-18","com.psafe.msuite.pro_lto_12mo_39.90",4,3
"2025-12-18","ultra_monthly",3,1
"2025-12-18","basic_monthly_8",2,1
"2025-12-18","com.psafe.msuite.ads_free_12mo",2,2
"2025-12-18","com.psafe.msuite.adsfree_lto_12mo",2,2
"2025-12-18","basic_monthly_5",1,1
"2025-12-18","com.psafe.msuite.pro_12mo_49.90",1,1
"2025-12-18","com.psafe.msuite.pro_1mo",1,1
"2025-12-18","com.psafe.msuite.ultra_12mo",1,1
"2025-12-19","com.psafe.msuite.ultra_12mo_59.90",372,264
"2025-12-19","com.psafe.msuite.ads_free_12mo_13.90",40,24
"2025-12-19","com.psafe.msuite.ultra_1mo_16.90",19,13
"2025-12-19","com.psafe.msuite.pro_3day_trial_12mo49.9",8,6
"2025-12-19","com.psafe.msuite.adsfree_lto_12mo",3,3
"2025-12-19","com.psafe.msuite.pro_lto_12mo_39.90",3,3
"2025-12-19","pro_yearly",3,2
"2025-12-19","com.psafe.msuite.ultra_12mo",2,2
"2025-12-19","(not set)",1,1
"2025-12-19","basic_yearly_2",1,1
"2025-12-19","com.psafe.msuite.pro_12mo_49.90",1,1
"2025-12-19","com.psafe.msuite.pro_1mo_3.90",1,1
"2025-12-19","pro_monthly",1,1
"2025-12-19","pro_quarterly",1,1
"2025-12-19","pro_semiannual",1,1
"2025-12-19","ultra_4",1,1
"2025-12-19","ultra_yearly_1",1,1
"2025-12-20","com.psafe.msuite.ultra_12mo_59.90",374,262
"2025-12-20","com.psafe.msuite.ads_free_12mo_13.90",40,21
"2025-12-20","com.psafe.msuite.ultra_1mo_16.90",27,12
"2025-12-20","com.psafe.msuite.pro_1mo_3.90",13,5
"2025-12-20","com.psafe.msuite.pro_3day_trial_12mo49.9",5,3
"2025-12-20","com.psafe.msuite.adsfree_lto_12mo",3,3
"2025-12-20","com.psafe.msuite.pro_lto_12mo_39.90",2,2
"2025-12-21","com.psafe.msuite.ultra_12mo_59.90",403,258
"2025-12-21","com.psafe.msuite.ads_free_12mo_13.90",44,33
"2025-12-21","com.psafe.msuite.ultra_1mo_16.90",33,26
"2025-12-21","com.psafe.msuite.pro_3day_trial_12mo49.9",23,5
"2025-12-21","com.psafe.msuite.pro_lto_12mo_39.90",5,3
"2025-12-21","com.psafe.msuite.pro_1mo_3.90",3,3
"2025-12-21","com.psafe.msuite.ultra_12mo",3,1
"2025-12-21","com.psafe.msuite.pro_12mo_49.90",1,1
"2025-12-22","com.psafe.msuite.ultra_12mo_59.90",370,241
"2025-12-22","com.psafe.msuite.ads_free_12mo_13.90",63,39
"2025-12-22","com.psafe.msuite.ultra_1mo_16.90",34,26
"2025-12-22","test_pro:yearly:default",13,1
"2025-12-22","com.psafe.msuite.pro_3day_trial_12mo49.9",12,6
"2025-12-22","com.psafe.msuite.pro_lto_12mo_39.90",8,6
"2025-12-22","test_adsfree:monthly:default",5,1
"2025-12-22","com.psafe.msuite.pro_1mo_3.90",4,3
"2025-12-22","test_adsfree:monthly:trial",3,1
"2025-12-22","test_ultra:yearly:test-offer-1",3,1
"2025-12-22","com.psafe.msuite.pro_12mo_49.90",2,2
"2025-12-22","com.psafe.msuite.ultra_12mo",2,2
"2025-12-22","test_adsfree:bimonthly:trial",2,1
"2025-12-22","test_adsfree:yearly:trial",2,1
"2025-12-22","test_pro:bimonthly:default",2,1
"2025-12-22","test_pro:monthly:default",2,1
"2025-12-22","test_pro:semiannual:default",2,1
"2025-12-22","test_ultra:monthly:test-offer-2",2,1
"2025-12-22","test_ultra:yearly:test-offer-2",1,1
"2025-12-23","com.psafe.msuite.ultra_12mo_59.90",330,226
"2025-12-23","com.psafe.msuite.ads_free_12mo_13.90",41,30
"2025-12-23","com.psafe.msuite.ultra_1mo_16.90",17,13
"2025-12-23","com.psafe.msuite.pro_3day_trial_12mo49.9",12,6
"2025-12-23","com.psafe.msuite.adsfree_lto_12mo",3,3
"2025-12-23","com.psafe.msuite.pro_1mo_3.90",3,2
"2025-12-23","com.psafe.msuite.pro_lto_12mo_39.90",2,1
"2025-12-23","com.psafe.msuite.pro_12mo_49.90",1,1
"2025-12-24","com.psafe.msuite.ultra_12mo_59.90",282,201
"2025-12-24","com.psafe.msuite.ads_free_12mo_13.90",47,30
"2025-12-24","com.psafe.msuite.ultra_1mo_16.90",11,9
"2025-12-24","com.psafe.msuite.pro_1mo_3.90",8,6
"2025-12-24","com.psafe.msuite.adsfree_lto_12mo",3,3
"2025-12-24","com.psafe.msuite.pro_3day_trial_12mo49.9",3,3
"2025-12-24","com.psafe.msuite.pro_lto_12mo_39.90",3,3
"2025-12-24","com.psafe.msuite.pro_12mo_49.90",2,1
"2025-12-24","com.psafe.msuite.ultra_12mo",1,1
"2025-12-25","com.psafe.msuite.ultra_12mo_59.90",419,261
"2025-12-25","com.psafe.msuite.ads_free_12mo_13.90",256,27
"2025-12-25","com.psafe.msuite.ultra_1mo_16.90",15,13
"2025-12-25","com.psafe.msuite.pro_3day_trial_12mo49.9",10,5
"2025-12-25","com.psafe.msuite.ultra_12mo",4,4
"2025-12-25","com.psafe.msuite.pro_1mo_3.90",3,3
"2025-12-25","com.psafe.msuite.adsfree_lto_12mo",2,1
"2025-12-25","com.psafe.msuite.pro_lto_12mo_39.90",2,2
"2025-12-25","com.psafe.msuite.pro_12mo_49.90",1,1
"2025-12-26","com.psafe.msuite.ultra_12mo_59.90",561,344
"2025-12-26","com.psafe.msuite.ads_free_12mo_13.90",51,33
"2025-12-26","com.psafe.msuite.ultra_1mo_16.90",40,26
"2025-12-26","com.psafe.msuite.pro_3day_trial_12mo49.9",14,7
"2025-12-26","com.psafe.msuite.pro_1mo_3.90",9,4
"2025-12-26","com.psafe.msuite.pro_lto_12mo_39.90",3,3
"2025-12-26","com.psafe.msuite.ultra_12mo",3,2
"2025-12-26","com.psafe.msuite.adsfree_lto_12mo",1,1
"2025-12-26","com.psafe.msuite.pro_12mo_49.90",1,1
"2025-12-27","com.psafe.msuite.ultra_12mo_59.90",572,336
"2025-12-27","com.psafe.msuite.ads_free_12mo_13.90",89,54
"2025-12-27","com.psafe.msuite.ultra_1mo_16.90",33,21
"2025-12-27","com.psafe.msuite.pro_1mo_3.90",13,11
"2025-12-27","com.psafe.msuite.pro_3day_trial_12mo49.9",12,6
"2025-12-27","com.psafe.msuite.pro_lto_12mo_39.90",8,5
"2025-12-27","com.psafe.msuite.adsfree_lto_12mo",3,3
"2025-12-27","com.psafe.msuite.pro_12mo_49.90",3,3
"2025-12-28","com.psafe.msuite.ultra_12mo_59.90",511,311
"2025-12-28","com.psafe.msuite.ads_free_12mo_13.90",58,43
"2025-12-28","com.psafe.msuite.ultra_1mo_16.90",21,12
"2025-12-28","com.psafe.msuite.pro_3day_trial_12mo49.9",9,9
"2025-12-28","com.psafe.msuite.pro_1mo_3.90",8,4
"2025-12-28","com.psafe.msuite.adsfree_lto_12mo",7,4
"2025-12-28","com.psafe.msuite.pro_12mo_49.90",5,2
"2025-12-28","com.psafe.msuite.pro_lto_12mo_39.90",5,2
"2025-12-28","com.psafe.msuite.ads_free_12mo",1,1
"2025-12-28","com.psafe.msuite.ultra_12mo",1,1
"2025-12-29","com.psafe.msuite.ultra_12mo_59.90",463,323
"2025-12-29","com.psafe.msuite.ads_free_12mo_13.90",42,36
"2025-12-29","com.psafe.msuite.ultra_1mo_16.90",23,17
"2025-12-29","com.psafe.msuite.pro_lto_12mo_39.90",8,6
"2025-12-29","com.psafe.msuite.pro_1mo",3,1
"2025-12-29","com.psafe.msuite.pro_12mo_49.90",2,2
"2025-12-29","com.psafe.msuite.ads_free_12mo",1,1
"2025-12-29","com.psafe.msuite.pro_1mo_3.90",1,1
"2025-12-29","com.psafe.msuite.pro_3day_trial_12mo49.9",1,1
"2025-12-29","com.psafe.msuite.ultra_12mo",1,1
"2025-12-30","com.psafe.msuite.ultra_12mo_59.90",463,312
"2025-12-30","com.psafe.msuite.ads_free_12mo_13.90",43,32
"2025-12-30","com.psafe.msuite.ultra_1mo_16.90",26,22
"2025-12-30","com.psafe.msuite.pro_3day_trial_12mo49.9",8,7
"2025-12-30","com.psafe.msuite.pro_lto_12mo_39.90",6,4
"2025-12-30","test_adsfree:quarterly:default",4,1
"2025-12-30","com.psafe.msuite.pro_1mo_3.90",2,2
"2025-12-30","(not set)",1,1
"2025-12-30","test_adsfree:bimonthly:default",1,1
"2025-12-30","test_adsfree:semiannual:default",1,1
"2025-12-30","test_adsfree:yearly:default",1,1
"2025-12-31","com.psafe.msuite.ultra_12mo_59.90",391,285
"2025-12-31","com.psafe.msuite.ads_free_12mo_13.90",83,35
"2025-12-31","com.psafe.msuite.ultra_1mo_16.90",29,17
"2025-12-31","com.psafe.msuite.pro_3day_trial_12mo49.9",8,6
"2025-12-31","com.psafe.msuite.pro_1mo_3.90",5,5
"2025-12-31","com.psafe.msuite.ultra_12mo",2,1
"2025-12-31","com.psafe.msuite.adsfree_lto_12mo",1,1
"2025-12-31","com.psafe.msuite.pro_12mo_49.90",1,1
"2025-12-31","com.psafe.msuite.pro_lto_12mo_39.90",1,1
"2026-01-01","com.psafe.msuite.ultra_12mo_59.90",444,279
"2026-01-01","com.psafe.msuite.ads_free_12mo_13.90",35,26
"2026-01-01","com.psafe.msuite.ultra_1mo_16.90",16,14
"2026-01-01","com.psafe.msuite.pro_1mo_3.90",5,4
"2026-01-01","com.psafe.msuite.pro_3day_trial_12mo49.9",2,2
"2026-01-01","com.psafe.msuite.ads_free_12mo",1,1
"2026-01-01","com.psafe.msuite.pro_lto_12mo_39.90",1,1
"2026-01-02","com.psafe.msuite.ultra_12mo_59.90",488,313
"2026-01-02","com.psafe.msuite.ads_free_12mo_13.90",40,29
"2026-01-02","com.psafe.msuite.ultra_1mo_16.90",18,16
"2026-01-02","com.psafe.msuite.ultra_1mo_16.90:p1m:default",9,1
"2026-01-02","com.psafe.msuite.pro_3day_trial_12mo49.9",8,7
"2026-01-02","com.psafe.msuite.pro_1mo_3.90",7,7
"2026-01-02","com.psafe.msuite.adsfree_lto_12mo",6,5
"2026-01-02","com.psafe.msuite.pro_lto_12mo_39.90",3,3
"2026-01-02","com.psafe.msuite.ultra_12mo",3,3
"2026-01-02","com.psafe.msuite.ultra_12mo_59.90:p1y:default",1,1
"2026-01-03","com.psafe.msuite.ultra_12mo_59.90",421,289
"2026-01-03","com.psafe.msuite.ads_free_12mo_13.90",56,26
"2026-01-03","com.psafe.msuite.ultra_1mo_16.90",24,15
"2026-01-03","com.psafe.msuite.pro_3day_trial_12mo49.9",15,10
"2026-01-03","com.psafe.msuite.pro_1mo_3.90",7,4
"2026-01-03","com.psafe.msuite.pro_lto_12mo_39.90",6,5
"2026-01-03","com.psafe.msuite.adsfree_lto_12mo",3,3
"2026-01-03","com.psafe.msuite.pro_12mo_49.90",2,2
"2026-01-03","com.psafe.msuite.ultra_12mo",2,2
"2026-01-04","com.psafe.msuite.ultra_12mo_59.90",474,331
"2026-01-04","com.psafe.msuite.ads_free_12mo_13.90",62,31
"2026-01-04","com.psafe.msuite.ultra_1mo_16.90",22,13
"2026-01-04","com.psafe.msuite.pro_1mo_3.90",12,4
"2026-01-04","com.psafe.msuite.pro_3day_trial_12mo49.9",9,6
"2026-01-04","com.psafe.msuite.ultra_1mo_16.90:p1m:default",9,2
"2026-01-04","com.psafe.msuite.pro_lto_12mo_39.90",6,5
"2026-01-04","com.psafe.msuite.ultra_12mo",3,3
"2026-01-04","com.psafe.msuite.adsfree_lto_12mo",2,2
"2026-01-04","com.psafe.msuite.pro_12mo_49.90",1,1
"2026-01-04","com.psafe.msuite.ultra_trial_12mo_2.99",1,1
"2026-01-05","com.psafe.msuite.ultra_12mo_59.90",471,313
"2026-01-05","com.psafe.msuite.ads_free_12mo_13.90",47,34
"2026-01-05","com.psafe.msuite.ultra_1mo_16.90",22,18
"2026-01-05","com.psafe.msuite.pro_3day_trial_12mo49.9",15,10
"2026-01-05","com.psafe.msuite.ultra_12mo_59.90:p1y:default",8,1
"2026-01-05","com.psafe.msuite.adsfree_lto_12mo",7,6
"2026-01-05","com.psafe.msuite.pro_1mo_3.90",7,6
"2026-01-05","com.psafe.msuite.ads_free_12mo_13.90:p1y:default",4,1
"2026-01-05","com.psafe.msuite.pro_lto_12mo_39.90",4,4
"2026-01-05","com.psafe.msuite.ultra_1mo_16.90:p1m:default",4,1
"2026-01-05","com.psafe.msuite.pro_12mo_49.90:p1y:default",3,1
"2026-01-05","com.psafe.msuite.pro_1mo_3.90:p1m:default",3,1
"2026-01-05","com.psafe.msuite.ads_free_12mo",1,1
"2026-01-05","com.psafe.msuite.pro_12mo_49.90",1,1
"2026-01-05","com.psafe.msuite.pro_lto_12mo_39.90:p1y:default",1,1
"2026-01-05","com.psafe.msuite.ultra_12mo",1,1
"2026-01-06","com.psafe.msuite.ultra_12mo_59.90",411,280
"2026-01-06","com.psafe.msuite.ads_free_12mo_13.90",35,26
"2026-01-06","com.psafe.msuite.ultra_1mo_16.90",25,21
"2026-01-06","com.psafe.msuite.pro_3day_trial_12mo49.9:p1y:default",8,1
"2026-01-06","com.psafe.msuite.pro_3day_trial_12mo49.9",7,4
"2026-01-06","com.psafe.msuite.ultra_12mo_59.90:p1y:default",7,1
"2026-01-06","com.psafe.msuite.ultra_12mo",5,4
"2026-01-06","com.psafe.msuite.pro_lto_12mo_39.90",4,3
"2026-01-06","com.psafe.msuite.adsfree_lto_12mo",3,3
"2026-01-06","com.psafe.msuite.pro_12mo_49.90",3,3
"2026-01-06","com.psafe.msuite.ads_free_12mo",2,2
"2026-01-06","com.psafe.msuite.ultra_1mo_16.90:p1m:default",2,1
"2026-01-06","com.psafe.msuite.pro_1mo_3.90",1,1
"2026-01-06","com.psafe.msuite.pro_1mo_3.90:p1m:default",1,1
"2026-01-06","com.psafe.msuite.pro_trial_12mo",1,1
"2026-01-06","com.psafe.msuite.ultra_trial_12mo_2.99:p1y:introprice",1,1
"2026-01-07","com.psafe.msuite.ultra_12mo_59.90",501,313
"2026-01-07","com.psafe.msuite.ads_free_12mo_13.90",53,40
"2026-01-07","com.psafe.msuite.ultra_1mo_16.90",22,19
"2026-01-07","com.psafe.msuite.pro_3day_trial_12mo49.9",9,7
"2026-01-07","com.psafe.msuite.ultra_12mo",7,2
"2026-01-07","com.psafe.msuite.pro_lto_12mo_39.90",6,5
"2026-01-07","com.psafe.msuite.adsfree_lto_12mo",2,2
"2026-01-07","com.psafe.msuite.pro_1mo_3.90",2,2
"2026-01-07","com.psafe.msuite.ads_free_12mo",1,1
"2026-01-07","com.psafe.msuite.ultra_12mo_99.99",1,1
"2026-01-08","com.psafe.msuite.ultra_12mo_59.90",514,325
"2026-01-08","com.psafe.msuite.ads_free_12mo_13.90",60,37
"2026-01-08","com.psafe.msuite.ultra_1mo_16.90",29,20
"2026-01-08","com.psafe.msuite.pro_3day_trial_12mo49.9",8,7
"2026-01-08","com.psafe.msuite.pro_1mo_3.90",7,7
"2026-01-08","com.psafe.msuite.adsfree_lto_12mo",2,2
"2026-01-08","com.psafe.msuite.pro_12mo_49.90",2,2
"2026-01-08","com.psafe.msuite.pro_lto_12mo_39.90",2,2
"2026-01-08","(not set)",1,1
"2026-01-08","com.psafe.msuite.pro_1mo",1,1
"2026-01-08","com.psafe.msuite.ultra_12mo",1,1
"2026-01-09","com.psafe.msuite.ultra_12mo_59.90",496,320
"2026-01-09","com.psafe.msuite.ads_free_12mo_13.90",57,41
"2026-01-09","com.psafe.msuite.ultra_1mo_16.90",24,20
"2026-01-09","com.psafe.msuite.pro_3day_trial_12mo49.9",22,12
"2026-01-09","com.psafe.msuite.pro_1mo_3.90",9,4
"2026-01-09","com.psafe.msuite.pro_lto_12mo_39.90",9,7
"2026-01-09","com.psafe.msuite.adsfree_lto_12mo",8,5
"2026-01-09","com.psafe.msuite.pro_12mo_49.90",4,4
"2026-01-09","(not set)",1,1
"2026-01-09","com.psafe.msuite.ads_free_12mo",1,1
"2026-01-09","com.psafe.msuite.pro_lto_12mo",1,1
"2026-01-10","com.psafe.msuite.ultra_12mo_59.90",529,352
"2026-01-10","com.psafe.msuite.ads_free_12mo_13.90",42,29
"2026-01-10","com.psafe.msuite.ultra_1mo_16.90",38,27
"2026-01-10","com.psafe.msuite.pro_lto_12mo_39.90",33,21
"2026-01-10","com.psafe.msuite.pro_12mo_49.90",9,6
"2026-01-10","com.psafe.msuite.adsfree_lto_12mo",7,6
"2026-01-10","com.psafe.msuite.pro_1mo_3.90",7,3
"2026-01-10","com.psafe.msuite.pro_3day_trial_12mo49.9",3,3
"2026-01-10","com.psafe.msuite.ultra_12mo",2,1
"2026-01-11","com.psafe.msuite.ultra_12mo_59.90",480,312
"2026-01-11","com.psafe.msuite.ads_free_12mo_13.90",48,32
"2026-01-11","com.psafe.msuite.ultra_1mo_16.90",31,29
"2026-01-11","com.psafe.msuite.pro_lto_12mo_39.90",28,21
"2026-01-11","com.psafe.msuite.pro_3day_trial_12mo49.9",10,8
"2026-01-11","com.psafe.msuite.adsfree_lto_12mo",8,7
"2026-01-11","com.psafe.msuite.pro_12mo_49.90",8,6
"2026-01-11","com.psafe.msuite.pro_1mo_3.90",7,6
"2026-01-11","com.psafe.msuite.ultra_12mo",1,1
"2026-01-12","com.psafe.msuite.ultra_12mo_59.90",493,313
"2026-01-12","com.psafe.msuite.ads_free_12mo_13.90",48,24
"2026-01-12","com.psafe.msuite.pro_lto_12mo_39.90",26,20
"2026-01-12","com.psafe.msuite.ultra_1mo_16.90",20,14
"2026-01-12","com.psafe.msuite.pro_3day_trial_12mo49.9",8,8
"2026-01-12","com.psafe.msuite.adsfree_lto_12mo",6,6
"2026-01-12","com.psafe.msuite.pro_1mo_3.90",4,4
"2026-01-12","com.psafe.msuite.pro_12mo_49.90",2,2
"2026-01-12","com.psafe.msuite.pro_1mo",1,1
"2026-01-13","com.psafe.msuite.ultra_12mo_59.90",561,382
"2026-01-13","com.psafe.msuite.ads_free_12mo_13.90",54,35
"2026-01-13","com.psafe.msuite.ultra_1mo_16.90",28,21
"2026-01-13","com.psafe.msuite.pro_1mo_3.90",23,7
"2026-01-13","com.psafe.msuite.adsfree_lto_12mo",22,18
"2026-01-13","com.psafe.msuite.pro_3day_trial_12mo49.9",8,7
"2026-01-13","com.psafe.msuite.pro_12mo_49.90",4,3
"2026-01-13","com.psafe.msuite.pro_lto_12mo_39.90",3,2
"2026-01-13","com.psafe.msuite.ultra_12mo",1,1
"2026-01-14","com.psafe.msuite.ultra_12mo_59.90",479,344
"2026-01-14","com.psafe.msuite.ads_free_12mo_13.90",48,34
"2026-01-14","com.psafe.msuite.ultra_1mo_16.90",32,23
"2026-01-14","com.psafe.msuite.adsfree_lto_12mo",24,12
"2026-01-14","com.psafe.msuite.pro_3day_trial_12mo49.9",11,9
"2026-01-14","com.psafe.msuite.pro_12mo_49.90",5,5
"2026-01-14","com.psafe.msuite.pro_1mo_3.90",3,3
"2026-01-15","com.psafe.msuite.ultra_12mo_59.90",501,340
"2026-01-15","com.psafe.msuite.ads_free_12mo_13.90",62,42
"2026-01-15","com.psafe.msuite.ultra_1mo_16.90",24,20
"2026-01-15","com.psafe.msuite.adsfree_lto_12mo",15,12
"2026-01-15","com.psafe.msuite.pro_1mo_3.90",6,5
"2026-01-15","com.psafe.msuite.pro_3day_trial_12mo49.9",3,3
"2026-01-15","com.psafe.msuite.pro_12mo_49.90",2,2
"2026-01-15","com.psafe.msuite.pro_1mo",2,1
"2026-01-15","com.psafe.msuite.pro_lto_12mo_39.90",2,2
"2026-01-15","com.psafe.msuite.ultra_12mo",2,1
"2026-01-15","com.psafe.msuite.ads_free_12mo",1,1
"2026-01-16","com.psafe.msuite.ultra_12mo_59.90",404,267
"2026-01-16","com.psafe.msuite.ads_free_12mo_13.90",74,42
"2026-01-16","com.psafe.msuite.ultra_1mo_16.90",17,16
"2026-01-16","com.psafe.msuite.adsfree_lto_12mo",13,10
"2026-01-16","com.psafe.msuite.pro_1mo_3.90",3,3
"2026-01-16","com.psafe.msuite.pro_12mo_49.90",1,1
"2026-01-16","com.psafe.msuite.pro_3day_trial_12mo49.9",1,1
"2026-01-16","com.psafe.msuite.ultra_12mo",1,1
"2026-01-17","com.psafe.msuite.ultra_12mo_59.90",432,275
"2026-01-17","com.psafe.msuite.ads_free_12mo_13.90",68,43
"2026-01-17","com.psafe.msuite.ultra_1mo_16.90",16,16
"2026-01-17","com.psafe.msuite.adsfree_lto_12mo",11,10
"2026-01-17","com.psafe.msuite.pro_3day_trial_12mo49.9",6,5
"2026-01-17","com.psafe.msuite.ultra_12mo",6,3
"2026-01-17","com.psafe.msuite.pro_12mo_49.90",5,5
"2026-01-17","com.psafe.msuite.pro_1mo_3.90",4,4
"2026-01-18","com.psafe.msuite.ultra_12mo_59.90",436,281
"2026-01-18","com.psafe.msuite.ultra_1mo_16.90",38,19
"2026-01-18","com.psafe.msuite.ads_free_12mo_13.90",37,36
"2026-01-18","com.psafe.msuite.pro_3day_trial_12mo49.9",13,5
"2026-01-18","com.psafe.msuite.adsfree_lto_12mo",9,6
"2026-01-18","com.psafe.msuite.pro_12mo_49.90",2,2
"2026-01-18","com.psafe.msuite.ultra_12mo",2,1
"2026-01-18","com.psafe.msuite.pro_1mo_3.90",1,1
"2026-01-19","com.psafe.msuite.ultra_12mo_59.90",389,260
"2026-01-19","com.psafe.msuite.ads_free_12mo_13.90",58,32
"2026-01-19","com.psafe.msuite.ultra_1mo_16.90",24,21
"2026-01-19","com.psafe.msuite.pro_1mo_3.90",19,5
"2026-01-19","com.psafe.msuite.adsfree_lto_12mo",10,9
"2026-01-19","com.psafe.msuite.pro_3day_trial_12mo49.9",7,7
"2026-01-19","com.psafe.msuite.pro_1mo",2,1
"2026-01-19","com.psafe.msuite.ads_free_12mo",1,1
"2026-01-19","com.psafe.msuite.ultra_12mo",1,1
"2026-01-20","com.psafe.msuite.ultra_12mo_59.90",391,270
"2026-01-20","com.psafe.msuite.ads_free_12mo_13.90",43,29
"2026-01-20","com.psafe.msuite.ultra_1mo_16.90",26,20
"2026-01-20","com.psafe.msuite.adsfree_lto_12mo",9,8
"2026-01-20","com.psafe.msuite.pro_1mo_3.90",8,4
"2026-01-20","com.psafe.msuite.pro_3day_trial_12mo49.9",5,5
"2026-01-20","com.psafe.msuite.ads_free_12mo",4,1
"2026-01-20","(not set)",1,1
"2026-01-20","com.psafe.msuite.ultra_12mo",1,1
"2026-01-21","com.psafe.msuite.ultra_12mo_59.90",436,284
"2026-01-21","com.psafe.msuite.ads_free_12mo_13.90",68,44
"2026-01-21","com.psafe.msuite.ultra_1mo_16.90",18,17
"2026-01-21","com.psafe.msuite.adsfree_lto_12mo",13,7
"2026-01-21","com.psafe.msuite.pro_3day_trial_12mo49.9",7,6
"2026-01-21","com.psafe.msuite.pro_1mo_3.90",2,1
"2026-01-21","com.psafe.msuite.ultra_12mo",2,1
"2026-01-21","com.psafe.msuite.ads_free_12mo",1,1
"2026-01-21","com.psafe.msuite.pro_lto_12mo_39.90",1,1
"2026-01-22","com.psafe.msuite.ultra_12mo_59.90",402,266
"2026-01-22","com.psafe.msuite.ads_free_12mo_13.90",33,26
"2026-01-22","com.psafe.msuite.ultra_1mo_16.90",14,14
"2026-01-22","com.psafe.msuite.adsfree_lto_12mo",8,6
"2026-01-22","com.psafe.msuite.pro_3day_trial_12mo49.9",6,6
"2026-01-22","com.psafe.msuite.pro_12mo_49.90",4,3
"2026-01-22","com.psafe.msuite.pro_1mo_3.90",3,2
"2026-01-22","com.psafe.msuite.ultra_12mo",3,1
"2026-01-22","com.psafe.msuite.ads_free_12mo",2,2
"2026-01-23","com.psafe.msuite.ultra_12mo_59.90",316,245
"2026-01-23","com.psafe.msuite.ads_free_12mo_13.90",55,46
"2026-01-23","com.psafe.msuite.ultra_1mo_16.90",25,22
"2026-01-23","com.psafe.msuite.pro_3day_trial_12mo49.9",20,8
"2026-01-23","com.psafe.msuite.adsfree_lto_12mo",13,11
"2026-01-23","com.psafe.msuite.pro_1mo_3.90",7,6
"2026-01-23","com.psafe.msuite.pro_12mo_49.90",6,3
"2026-01-23","com.psafe.msuite.ultra_12mo",6,4
"2026-01-23","com.psafe.msuite.ads_free_12mo",2,2
"2026-01-23","com.psafe.msuite.pro_lto_12mo_39.90",1,1
"2026-01-24","com.psafe.msuite.ultra_12mo_59.90",318,223
"2026-01-24","com.psafe.msuite.ads_free_12mo_13.90",68,41
"2026-01-24","com.psafe.msuite.adsfree_lto_12mo",24,17
"2026-01-24","com.psafe.msuite.ultra_1mo_16.90",12,12
"2026-01-24","com.psafe.msuite.ultra_12mo",11,6
"2026-01-24","com.psafe.msuite.pro_1mo_3.90",4,3
"2026-01-24","com.psafe.msuite.ads_free_12mo",3,1
"2026-01-24","com.psafe.msuite.pro_3day_trial_12mo49.9",3,3
"2026-01-24","(not set)",1,1
"2026-01-24","com.psafe.msuite.pro_12mo_49.90",1,1
"2026-01-25","com.psafe.msuite.ultra_12mo_59.90",293,204
"2026-01-25","com.psafe.msuite.ads_free_12mo_13.90",42,24
"2026-01-25","com.psafe.msuite.ultra_1mo_16.90",26,12
"2026-01-25","com.psafe.msuite.adsfree_lto_12mo",22,19
"2026-01-25","com.psafe.msuite.pro_3day_trial_12mo49.9",2,2
"2026-01-25","com.psafe.msuite.ultra_12mo",2,1
"2026-01-25","com.psafe.msuite.ads_free_12mo",1,1
"2026-01-25","com.psafe.msuite.pro_1mo_3.90",1,1
