Data,NomeDoEvento,Pais,ContagemDeEventos,TotalDeUsuarios,EventosPorUsuario,ReceitaCombinada
2026-01-19,event_10350,Brazil,5209630,421334,34.774218525762116,0
2026-01-19,event_10351,Brazil,2795902,160991,19.935272265755906,0
2026-01-19,event_10353,Brazil,1814528,98700,19.280311965403293,0
2026-01-19,event_6800,Brazil,1170346,404498,7.815540982730758,0
2026-01-19,event_10350,United States,364792,34624,26.497566644875427,0
2026-01-19,event_10351,United States,299023,29009,24.380187525479005,0
2026-01-19,event_10352,Brazil,288430,50550,7.006850646195705,0
2026-01-19,event_10505,Brazil,211594,39860,8.103634483550994,0
2026-01-19,event_10353,United States,121659,9421,14.423117960877297,0
2026-01-19,event_1000,Brazil,98254,55900,1.7753324660306447,0
2026-01-19,event_6800,United States,94067,35780,7.018877779435905,0
2026-01-19,event_10511,Brazil,69009,2190,37.06176154672395,0
2026-01-19,event_10100,Brazil,53130,31073,1.7561894688130102,0
2026-01-19,event_9900,Brazil,39034,18530,2.1208367291496875,0
2026-01-19,event_10354,Brazil,29333,18826,1.5710460071769055,0
2026-01-19,event_10505,United States,28564,3830,10.666168782673637,0
2026-01-19,event_1600,Brazil,22937,16317,1.4061427170181462,0
2026-01-19,event_10352,United States,21901,7333,11.902717391304348,0
2026-01-19,event_10350,Indonesia,20322,2620,12.046235921754594,0
2026-01-19,event_10350,Mexico,19106,1702,24.307888040712466,0
2026-01-19,event_10363,Brazil,18807,5739,3.436951754385965,0
2026-01-19,event_10350,India,14726,1293,22.866459627329192,0
2026-01-19,event_2100,Brazil,14445,11144,1.2971443965517242,0
2026-01-19,event_10351,Mexico,13130,1259,22.521440823327616,0
2026-01-19,event_1000,United States,12465,6029,2.0844481605351173,0
2026-01-19,event_10350,Thailand,10895,2155,5.707176532215819,0
2026-01-19,event_2300,Brazil,10718,8636,1.2416589434661724,0
2026-01-19,event_6801,Brazil,10215,8845,1.1725206611570247,0
2026-01-19,event_10352,India,8257,769,34.69327731092437,0
2026-01-19,event_1750,Brazil,8143,6476,1.2574119827053736,0
2026-01-19,event_1650,Brazil,7760,6845,1.1341712949429992,0
2026-01-19,event_10351,Indonesia,7240,1024,16.124721603563476,0
2026-01-19,subscription_screen_open,Brazil,7180,5418,1.3259464450600185,0
2026-01-19,event_10352,Indonesia,7091,1078,16.52913752913753,0
2026-01-19,event_10350,Philippines,6786,489,23.081632653061224,0
2026-01-19,event_10511,United States,6595,335,23.723021582733814,0
2026-01-19,event_10350,Nigeria,6482,273,40.01234567901235,0
2026-01-19,event_10350,Pakistan,6108,345,54.535714285714285,0
2026-01-19,event_9900,United States,6084,2763,2.2285714285714286,0
2026-01-19,event_10350,Portugal,6054,625,39.828947368421055,0
2026-01-19,event_10353,Mexico,5893,384,16.88538681948424,0
2026-01-19,event_10210,Brazil,5817,1581,3.6793168880455407,0
2026-01-19,event_10350,Argentina,5101,367,32.909677419354836,0
2026-01-19,event_1600,United States,5096,3330,1.5303303303303304,0
2026-01-19,event_31009,Brazil,4591,2718,1.6934710438952416,0
2026-01-19,event_1700,Brazil,4519,3381,1.339359810314167,0
2026-01-19,event_10352,Thailand,4493,504,12.411602209944752,0
2026-01-19,event_29000,Brazil,4441,3867,1.1499223200414292,0
2026-01-19,event_10351,Thailand,4225,513,13.852459016393443,0
2026-01-19,event_10350,Egypt,3853,293,51.373333333333335,0
2026-01-19,event_10351,India,3695,596,14.899193548387096,0
2026-01-19,event_10351,Argentina,3522,302,24.802816901408452,0
2026-01-19,event_10352,Mexico,3472,814,9.258666666666667,0
2026-01-19,event_10352,Nigeria,3314,158,42.48717948717949,0
2026-01-19,event_10350,Iran,3250,477,22.569444444444443,0
2026-01-19,event_10100,United States,3157,1908,1.6954887218045114,0
2026-01-19,event_10350,Bangladesh,3137,235,36.90588235294118,0
2026-01-19,event_10350,Colombia,3029,173,47.328125,0
2026-01-19,event_10354,United States,3029,1864,1.638182801514332,0
2026-01-19,event_30000,Brazil,2905,1904,1.525735294117647,0
2026-01-19,event_10352,Pakistan,2897,217,49.101694915254235,0
2026-01-19,event_10351,Philippines,2869,210,34.566265060240966,0
2026-01-19,event_10350,United Kingdom,2832,250,31.820224719101123,0
2026-01-19,event_10350,Puerto Rico,2731,232,25.523364485981308,0
2026-01-19,event_37000,Brazil,2726,2441,1.117671176711767,0
2026-01-19,event_10350,Canada,2547,256,25.727272727272727,0
2026-01-19,event_10352,Iran,2477,386,18.21323529411765,0
2026-01-19,event_10351,Pakistan,2454,230,46.301886792452834,0
2026-01-19,event_10350,Saudi Arabia,2338,259,18.265625,0
2026-01-19,event_8000,Brazil,2243,2191,1.036027713625866,0
2026-01-19,event_10352,Philippines,2209,183,35.62903225806452,0
2026-01-19,event_10351,Portugal,2165,169,16.037037037037038,0
2026-01-19,event_2600,Brazil,2153,1812,1.1881898454746136,0
2026-01-19,event_10351,Canada,2033,191,24.202380952380953,0
2026-01-19,event_6801,United States,2032,1587,1.3042362002567394,0
2026-01-19,event_10350,Haiti,2021,58,57.74285714285714,0
2026-01-19,event_8001,Brazil,2013,1987,1.0130850528434827,0
2026-01-19,event_10351,Nigeria,2003,141,27.06756756756757,0
2026-01-19,event_6800,Mexico,1968,1270,3.7846153846153845,0
2026-01-19,event_10352,Haiti,1924,41,91.61904761904762,0
2026-01-19,event_10350,Malaysia,1915,66,136.78571428571428,0
2026-01-19,event_2300,United States,1905,1477,1.2897765741367637,0
2026-01-19,event_2100,United States,1903,1407,1.3534850640113798,0
2026-01-19,event_10353,Argentina,1893,117,17.20909090909091,0
2026-01-19,event_6800,Indonesia,1807,851,7.925438596491228,0
2026-01-19,event_10351,Puerto Rico,1794,173,20.620689655172413,0
2026-01-19,event_10351,Egypt,1777,188,32.30909090909091,0
2026-01-19,event_10351,Bangladesh,1711,166,29,0
2026-01-19,event_10351,Colombia,1624,124,28,0
2026-01-19,event_10350,Spain,1591,178,33.145833333333336,0
2026-01-19,event_10000,Brazil,1578,1398,1.135251798561151,0
2026-01-19,event_10352,Egypt,1576,204,31.52,0
2026-01-19,event_10350,Algeria,1510,88,53.92857142857143,0
2026-01-19,event_6800,Portugal,1489,564,9.48407643312102,0
2026-01-19,event_10350,Paraguay,1403,105,43.84375,0
2026-01-19,event_10351,Malaysia,1402,50,107.84615384615384,0
2026-01-19,event_26003,Brazil,1389,965,1.4393782383419689,0
2026-01-19,event_6800,India,1383,607,8.753164556962025,0
2026-01-19,event_10350,Chile,1366,85,40.1764705882353,0
2026-01-19,event_10353,Portugal,1366,86,16.261904761904763,0
2026-01-19,event_10350,Cuba,1327,112,17.460526315789473,0
2026-01-19,event_10350,Netherlands,1320,125,27.5,0
2026-01-19,event_10350,France,1299,97,33.30769230769231,0
2026-01-19,event_10351,Saudi Arabia,1247,134,34.638888888888886,0
2026-01-19,event_10352,Cuba,1192,93,19.540983606557376,0
2026-01-19,event_10351,United Kingdom,1143,108,14.653846153846153,0
2026-01-19,event_10352,Colombia,1141,112,26.53488372093023,0
2026-01-19,event_10353,Canada,1111,60,21.784313725490197,0
2026-01-19,event_10352,Argentina,1072,205,12.611764705882353,0
2026-01-19,event_10352,Bangladesh,1046,132,20.92,0
2026-01-19,event_10353,Indonesia,1041,90,12.695121951219512,0
2026-01-19,event_10350,United Arab Emirates,1037,91,37.035714285714285,0
2026-01-19,event_10353,India,1034,87,13.786666666666667,0
2026-01-19,event_10850,Brazil,1013,798,1.2694235588972431,0
2026-01-19,event_31009,United States,1013,587,1.72572402044293,0
2026-01-19,event_10352,Paraguay,1008,75,36,0
2026-01-19,event_10350,Peru,1007,75,32.483870967741936,0
2026-01-19,event_10350,Bolivia,989,77,47.095238095238095,0
2026-01-19,event_10512,Brazil,985,550,1.804029304029304,0
2026-01-19,event_10800,Brazil,970,867,1.118800461361015,0
2026-01-19,event_10350,Germany,951,144,20.23404255319149,0
2026-01-19,event_39000,Brazil,951,746,1.2765100671140939,0
2026-01-19,event_10350,Japan,946,83,31.533333333333335,0
2026-01-19,event_10352,Algeria,940,63,42.72727272727273,0
2026-01-19,event_10353,Puerto Rico,935,67,15.583333333333334,0
2026-01-19,event_39100,Brazil,932,773,1.2056921086675292,0
2026-01-19,event_10353,Colombia,913,44,21.738095238095237,0
2026-01-19,event_1750,United States,847,659,1.2852807283763277,0
2026-01-19,event_10350,South Africa,833,40,32.03846153846154,0
2026-01-19,event_10350,Venezuela,818,61,28.20689655172414,0
2026-01-19,event_10351,Spain,813,49,21.394736842105264,0
2026-01-19,event_10350,Syria,804,43,47.294117647058826,0
2026-01-19,event_10511,Iran,766,16,54.714285714285715,0
2026-01-19,event_10352,Bolivia,755,62,41.94444444444444,0
2026-01-19,event_10351,Netherlands,735,51,18.375,0
2026-01-19,event_10350,Morocco,733,38,61.083333333333336,0
2026-01-19,subscription_screen_open,United States,726,572,1.2692307692307692,0
2026-01-19,event_10350,Vietnam,719,66,119.83333333333333,0
2026-01-19,event_10352,Puerto Rico,713,108,14.854166666666666,0
2026-01-19,event_6800,Iran,710,435,6.173913043478261,0
2026-01-19,event_10350,Guatemala,706,110,10.537313432835822,0
2026-01-19,event_10351,Chile,698,57,24.928571428571427,0
2026-01-19,event_10351,United Arab Emirates,698,58,33.23809523809524,0
2026-01-19,event_10353,United Kingdom,693,48,15.065217391304348,0
2026-01-19,event_10505,Mexico,687,154,6.245454545454545,0
2026-01-19,event_1700,United States,680,472,1.4406779661016949,0
2026-01-19,event_6800,Canada,680,260,8.19277108433735,0
2026-01-19,event_10350,Türkiye,673,21,336.5,0
2026-01-19,event_10351,France,673,43,21.70967741935484,0
2026-01-19,event_10350,Honduras,667,66,18.027027027027028,0
2026-01-19,event_10351,Peru,666,61,23.785714285714285,0
2026-01-19,event_10350,Myanmar (Burma),638,40,35.44444444444444,0
2026-01-19,event_10363,United States,636,188,3.719298245614035,0
2026-01-19,event_10350,Nepal,634,45,37.294117647058826,0
2026-01-19,event_10353,Egypt,626,50,16.91891891891892,0
2026-01-19,event_10352,Syria,617,42,36.294117647058826,0
2026-01-19,event_10350,Jamaica,613,55,29.19047619047619,0
2026-01-19,event_10352,Chile,586,52,29.3,0
2026-01-19,event_10350,Italy,574,103,22.076923076923077,0
2026-01-19,event_10350,El Salvador,562,54,19.379310344827587,0
2026-01-19,event_10350,Laos,555,56,15,0
2026-01-19,event_10353,Netherlands,554,31,19.103448275862068,0
2026-01-19,event_1650,United States,554,464,1.1939655172413792,0
2026-01-19,event_10350,Angola,551,27,36.733333333333334,0
2026-01-19,event_10353,Philippines,549,40,16.147058823529413,0
2026-01-19,event_6800,Egypt,544,225,10.074074074074074,0
2026-01-19,event_10511,Mexico,538,32,17.933333333333334,0
2026-01-19,event_6800,United Kingdom,538,234,6.044943820224719,0
2026-01-19,event_10350,Australia,529,31,31.11764705882353,0
2026-01-19,event_10350,Bhutan,526,3,263,0
2026-01-19,event_29000,United States,524,427,1.2300469483568075,0
2026-01-19,event_10350,Ghana,520,26,30.58823529411765,0
2026-01-19,event_10352,Saudi Arabia,518,82,30.470588235294116,0
2026-01-19,event_10352,Venezuela,517,45,20.68,0
2026-01-19,event_6800,Argentina,508,312,3.6546762589928057,0
2026-01-19,event_10353,Spain,501,24,22.772727272727273,0
2026-01-19,event_10350,Mozambique,491,16,49.1,0
2026-01-19,event_6800,Philippines,487,203,6.671232876712328,0
2026-01-19,event_10350,Uruguay,485,48,60.625,0
2026-01-19,event_10351,South Africa,472,29,23.6,0
2026-01-19,event_6800,Pakistan,469,231,9.97872340425532,0
2026-01-19,event_10350,Ireland,464,40,46.4,0
2026-01-19,event_10351,Australia,457,25,30.466666666666665,0
2026-01-19,event_10350,Iraq,452,22,64.57142857142857,0
2026-01-19,event_10352,Angola,451,21,32.214285714285715,0
2026-01-19,event_10352,Bhutan,434,2,434,0
2026-01-19,event_2600,United States,434,292,1.4914089347079038,0
2026-01-19,event_10351,Algeria,432,64,18.782608695652176,0
2026-01-19,event_10353,Nigeria,430,39,11.944444444444445,0
2026-01-19,event_10351,Japan,429,58,20.428571428571427,0
2026-01-19,event_10352,Honduras,429,47,21.45,0
2026-01-19,subscription_subscribe_click,Brazil,427,261,1.6360153256704981,0
2026-01-19,event_10350,Qatar,424,45,35.333333333333336,0
2026-01-19,event_6800,Bangladesh,420,165,8.75,0
2026-01-19,event_10352,Nepal,404,38,31.076923076923077,0
2026-01-19,event_6800,Thailand,400,262,6.0606060606060606,0
2026-01-19,event_10351,Germany,397,55,10.447368421052632,0
2026-01-19,event_10350,Sudan,390,16,97.5,0
2026-01-19,event_10352,Mozambique,385,16,38.5,0
2026-01-19,event_26003,United States,385,286,1.3461538461538463,0
2026-01-19,event_10352,Guatemala,384,49,15.36,0
2026-01-19,event_10350,Dominican Republic,379,53,19.94736842105263,0
2026-01-19,event_10352,Malaysia,371,39,41.22222222222222,0
2026-01-19,event_10511,Cuba,371,10,37.1,0
2026-01-19,event_10352,Myanmar (Burma),370,21,52.857142857142854,0
2026-01-19,event_10353,South Africa,366,11,33.27272727272727,0
2026-01-19,event_10353,Chile,366,19,22.875,0
2026-01-19,event_10353,Peru,361,28,15.695652173913043,0
2026-01-19,event_10352,France,356,27,27.384615384615383,0
2026-01-19,event_10351,Türkiye,354,20,177,0
2026-01-19,event_1000,Mexico,352,224,1.592760180995475,0
2026-01-19,event_10352,Morocco,341,30,37.888888888888886,0
2026-01-19,event_6800,Germany,339,146,7.533333333333333,0
2026-01-19,event_10352,Japan,337,38,28.083333333333332,0
2026-01-19,event_10350,Kenya,335,15,67,0
2026-01-19,event_6800,Nigeria,335,150,5.153846153846154,0
2026-01-19,event_10511,Honduras,333,4,83.25,0
2026-01-19,event_10351,Morocco,332,25,30.181818181818183,0
2026-01-19,event_6800,Puerto Rico,324,190,4.764705882352941,0
2026-01-19,event_10350,Costa Rica,309,25,28.09090909090909,0
2026-01-19,event_10351,Ghana,309,16,28.09090909090909,0
2026-01-19,event_10352,El Salvador,307,36,19.1875,0
2026-01-19,event_6800,Saudi Arabia,307,122,11.807692307692308,0
2026-01-19,event_10351,Jamaica,300,33,15,0
2026-01-19,event_10352,Türkiye,299,12,299,0
2026-01-19,event_10351,Paraguay,296,57,10.962962962962964,0
2026-01-19,event_10352,Iraq,296,18,49.333333333333336,0
2026-01-19,event_10352,Peru,288,44,14.4,0
2026-01-19,event_10351,Qatar,284,34,28.4,0
2026-01-19,event_10352,Portugal,283,49,8.84375,0
2026-01-19,event_10350,Romania,279,18,25.363636363636363,0
2026-01-19,event_10350,Ecuador,277,52,18.466666666666665,0
2026-01-19,event_6800,Netherlands,276,125,5.872340425531915,0
2026-01-19,event_10352,South Africa,271,16,24.636363636363637,0
2026-01-19,event_10352,Canada,271,72,11.782608695652174,0
2026-01-19,event_10351,Dominican Republic,267,41,15.705882352941176,0
2026-01-19,event_6800,Spain,263,130,7.108108108108108,0
2026-01-19,event_37000,United States,261,210,1.2428571428571429,0
2026-01-19,event_10350,Uganda,259,18,37,0
2026-01-19,event_10352,Sudan,258,15,64.5,0
2026-01-19,event_10350,Jordan,253,30,50.6,0
2026-01-19,event_10352,Laos,253,34,14.055555555555555,0
2026-01-19,event_10505,India,247,64,7.057142857142857,0
2026-01-19,event_10351,Guatemala,236,58,7.612903225806452,0
2026-01-19,event_10351,Costa Rica,234,23,21.272727272727273,0
2026-01-19,event_10351,El Salvador,233,34,10.590909090909092,0
2026-01-19,event_10352,Netherlands,232,28,11.047619047619047,0
2026-01-19,event_10352,United Kingdom,230,55,9.583333333333334,0
2026-01-19,event_10351,Uruguay,228,26,76,0
2026-01-19,event_10352,Jamaica,228,41,12,0
2026-01-19,event_10351,Vietnam,226,43,37.666666666666664,0
2026-01-19,event_10511,Indonesia,223,15,17.153846153846153,0
2026-01-19,event_10505,United Kingdom,220,29,11,0
2026-01-19,event_6800,Colombia,219,131,4.055555555555555,0
2026-01-19,event_10505,Portugal,217,53,6.027777777777778,0
2026-01-19,event_10353,Ghana,212,6,35.333333333333336,0
2026-01-19,event_10350,Zambia,211,4,105.5,0
2026-01-19,event_6800,Italy,211,85,10.55,0
2026-01-19,event_10351,Nepal,207,22,23,0
2026-01-19,event_10353,Bangladesh,207,31,7.392857142857143,0
2026-01-19,event_6800,Algeria,206,75,8.956521739130435,0
2026-01-19,event_10350,Serbia,204,5,102,0
2026-01-19,event_10350,Tanzania,201,22,16.75,0
2026-01-19,event_10511,Congo - Kinshasa,200,1,200,0
2026-01-19,event_10350,Panama,199,13,39.8,0
2026-01-19,event_10350,Israel,199,20,49.75,0
2026-01-19,event_10352,Germany,196,39,12.25,0
2026-01-19,event_10350,Afghanistan,195,35,9.75,0
2026-01-19,event_10350,South Korea,193,18,27.571428571428573,0
2026-01-19,event_10350,Kuwait,193,20,32.166666666666664,0
2026-01-19,event_10352,Zambia,190,4,95,0
2026-01-19,event_10352,Uruguay,190,25,31.666666666666668,0
2026-01-19,event_10352,Ghana,189,15,23.625,0
2026-01-19,event_6800,France,188,83,5.529411764705882,0
2026-01-19,event_10350,Cape Verde,185,5,37,0
2026-01-19,event_10351,Kuwait,184,18,26.285714285714285,0
2026-01-19,event_10350,Oman,183,22,26.142857142857142,0
2026-01-19,event_10364,Brazil,182,150,1.221476510067114,0
2026-01-19,event_10351,Venezuela,181,33,12.066666666666666,0
2026-01-19,event_10363,India,181,40,5.484848484848484,0
2026-01-19,event_10350,Singapore,180,46,5.625,0
2026-01-19,event_10352,Ecuador,180,44,13.846153846153847,0
2026-01-19,event_10505,Egypt,180,28,15,0
2026-01-19,event_10505,Argentina,179,37,6.392857142857143,0
2026-01-19,event_10351,Panama,177,10,35.4,0
2026-01-19,event_10352,Vietnam,175,45,58.333333333333336,0
2026-01-19,event_10351,Syria,174,11,29,0
2026-01-19,event_10351,Israel,174,12,43.5,0
2026-01-19,event_10351,Bolivia,171,37,9.5,0
2026-01-19,event_10350,Switzerland,170,18,28.333333333333332,0
2026-01-19,event_10351,South Korea,170,12,34,0
2026-01-19,event_6800,Japan,169,83,5.121212121212121,0
2026-01-19,event_6800,Paraguay,169,86,5.827586206896552,0
2026-01-19,event_10351,Italy,168,24,8,0
2026-01-19,event_10352,Uganda,168,16,28,0
2026-01-19,event_10351,Kenya,167,12,33.4,0
2026-01-19,event_10350,Tunisia,166,13,166,0
2026-01-19,event_1000,India,164,84,1.9759036144578312,0
2026-01-19,event_10351,Romania,164,10,20.5,0
2026-01-19,event_10352,Cape Verde,164,5,32.8,0
2026-01-19,event_10353,Australia,163,11,16.3,0
2026-01-19,event_10350,Burkina Faso,162,3,0,0
2026-01-19,event_10352,United Arab Emirates,161,43,11.5,0
2026-01-19,event_10352,Afghanistan,159,22,13.25,0
2026-01-19,event_10350,Belgium,155,14,38.75,0
2026-01-19,event_10353,Jamaica,155,15,11.071428571428571,0
2026-01-19,event_10350,Zimbabwe,154,6,38.5,0
2026-01-19,event_10353,Morocco,152,11,16.88888888888889,0
2026-01-19,event_10352,Kenya,151,13,25.166666666666668,0
2026-01-19,event_6800,United Arab Emirates,150,60,8.333333333333334,0
2026-01-19,event_10850,United States,148,107,1.3831775700934579,0
2026-01-19,event_10210,United States,143,20,7.15,0
2026-01-19,event_10350,Botswana,143,1,143,0
2026-01-19,event_10351,Iraq,143,10,71.5,0
2026-01-19,event_10351,Honduras,143,24,11,0
2026-01-19,event_10352,Zimbabwe,143,5,35.75,0
2026-01-19,event_10350,Ethiopia,142,11,47.333333333333336,0
2026-01-19,event_10352,Spain,142,21,17.75,0
2026-01-19,event_10800,United States,141,128,1.110236220472441,0
2026-01-19,event_10000,United States,139,114,1.219298245614035,0
2026-01-19,event_6800,Malaysia,139,55,8.176470588235293,0
2026-01-19,event_10352,Burkina Faso,136,1,0,0
2026-01-19,event_10353,Germany,135,21,6.75,0
2026-01-19,event_10352,Serbia,133,3,66.5,0
2026-01-19,event_10350,Yemen,131,9,43.666666666666664,0
2026-01-19,event_10353,Japan,130,15,9.285714285714286,0
2026-01-19,event_10353,South Korea,128,4,32,0
2026-01-19,event_10350,Libya,127,9,42.333333333333336,0
2026-01-19,event_10353,Dominican Republic,127,9,14.11111111111111,0
2026-01-19,event_10351,Belgium,125,4,41.666666666666664,0
2026-01-19,event_10353,Algeria,124,18,8.266666666666667,0
2026-01-19,event_10350,Bahrain,123,5,41,0
2026-01-19,event_10350,New Zealand,123,17,13.666666666666666,0
2026-01-19,event_10353,Qatar,123,4,30.75,0
2026-01-19,event_6800,Jamaica,122,55,5.304347826086956,0
2026-01-19,event_10352,Yemen,121,9,40.333333333333336,0
2026-01-19,event_10353,France,121,15,8.066666666666666,0
2026-01-19,event_1600,Mexico,121,76,1.5921052631578947,0
2026-01-19,event_9900,Mexico,121,57,2.1228070175438596,0
2026-01-19,event_4418,Brazil,119,52,2.2884615384615383,0
2026-01-19,event_6800,Chile,119,69,4.25,0
2026-01-19,event_10353,Costa Rica,118,11,11.8,0
2026-01-19,event_10353,Pakistan,118,26,5.363636363636363,0
2026-01-19,event_10351,Jordan,116,19,29,0
2026-01-19,event_10353,Saudi Arabia,116,20,7.25,0
2026-01-19,event_10511,Argentina,116,2,58,0
2026-01-19,event_10511,Haiti,116,4,38.666666666666664,0
2026-01-19,event_30000,United States,116,84,1.380952380952381,0
2026-01-19,event_6800,Cuba,116,80,2.8292682926829267,0
2026-01-19,event_10350,Bulgaria,115,4,115,0
2026-01-19,event_10351,Sri Lanka,114,10,28.5,0
2026-01-19,event_6800,Syria,114,46,7.6,0
2026-01-19,event_10350,Sri Lanka,113,14,22.6,0
2026-01-19,event_10350,Trinidad & Tobago,111,8,37,0
2026-01-19,event_10351,Tunisia,110,10,110,0
2026-01-19,event_10352,Qatar,110,24,22,0
2026-01-19,event_10350,Norway,109,16,21.8,0
2026-01-19,event_6800,Bolivia,109,58,5.45,0
2026-01-19,event_6800,Peru,108,59,4,0
2026-01-19,event_10350,U.S. Virgin Islands,107,10,35.666666666666664,0
2026-01-19,event_10351,Botswana,107,1,107,0
2026-01-19,event_10353,Panama,107,5,26.75,0
2026-01-19,event_10353,Kuwait,107,5,35.666666666666664,0
2026-01-19,event_10353,Paraguay,107,18,5.944444444444445,0
2026-01-19,event_8000,United States,107,107,1.009433962264151,0
2026-01-19,event_10353,El Salvador,106,9,11.777777777777779,0
2026-01-19,event_10505,Spain,106,14,10.6,0
2026-01-19,event_10512,United States,104,63,1.6507936507936507,0
2026-01-19,open_wifi_alert_settings__screen_viewed,Brazil,104,59,1.7627118644067796,0
2026-01-19,event_10352,Ethiopia,102,8,51,0
2026-01-19,event_10363,Mexico,102,46,2.4878048780487805,0
2026-01-19,event_10350,Poland,101,16,14.428571428571429,0
2026-01-19,event_10351,U.S. Virgin Islands,101,7,33.666666666666664,0
2026-01-19,event_10353,Romania,101,7,14.428571428571429,0
2026-01-19,event_10505,Nigeria,101,25,6.3125,0
2026-01-19,event_10350,Greece,100,10,16.666666666666668,0
2026-01-19,event_10351,Switzerland,100,6,20,0
2026-01-19,event_10505,Algeria,100,13,20,0
2026-01-19,event_10511,Sri Lanka,100,1,100,0
2026-01-19,event_6800,Ireland,99,34,8.25,0
2026-01-19,event_10353,Botswana,98,1,98,0
2026-01-19,event_1000,Portugal,97,54,1.7962962962962963,0
2026-01-19,event_10351,Sudan,97,8,32.333333333333336,0
2026-01-19,event_10505,Netherlands,97,17,8.818181818181818,0
2026-01-19,event_10353,Israel,95,5,23.75,0
2026-01-19,event_10100,Mexico,94,57,1.6785714285714286,0
2026-01-19,event_10350,Congo - Kinshasa,94,4,31.333333333333332,0
2026-01-19,event_10351,New Zealand,93,12,11.625,0
2026-01-19,event_6800,Australia,93,34,5.166666666666667,0
2026-01-19,event_6800,Guatemala,93,60,4.2272727272727275,0
2026-01-19,event_1000,Argentina,92,53,1.7358490566037736,0
2026-01-19,event_10511,Peru,92,1,0,0
2026-01-19,event_39100,United States,92,83,1.108433734939759,0
2026-01-19,event_10353,Guatemala,91,13,7.583333333333333,0
2026-01-19,event_10351,Mozambique,90,7,12.857142857142858,0
2026-01-19,event_10352,Tanzania,90,14,9,0
2026-01-19,event_10505,Puerto Rico,90,25,5.294117647058823,0
2026-01-19,event_10351,Singapore,89,29,4.45,0
2026-01-19,event_10352,Bahrain,89,3,89,0
2026-01-19,event_10505,Indonesia,89,37,3.2962962962962963,0
2026-01-19,event_10351,Bhutan,88,1,0,0
2026-01-19,event_10351,Oman,88,12,44,0
2026-01-19,event_10352,Congo - Kinshasa,87,4,29,0
2026-01-19,event_6800,El Salvador,87,52,4.142857142857143,0
2026-01-19,event_1000,Puerto Rico,86,41,2.097560975609756,0
2026-01-19,event_10352,Dominican Republic,86,31,7.818181818181818,0
2026-01-19,event_6800,South Africa,85,32,5.3125,0
2026-01-19,event_10353,Kenya,84,6,16.8,0
2026-01-19,event_10363,Algeria,84,9,9.333333333333334,0
2026-01-19,event_10511,Nigeria,84,16,5.25,0
2026-01-19,event_6800,Dominican Republic,83,50,5.1875,0
2026-01-19,event_10351,Greece,82,7,13.666666666666666,0
2026-01-19,event_10353,Switzerland,81,3,40.5,0
2026-01-19,event_6800,Qatar,81,36,13.5,0
2026-01-19,event_10353,Belgium,80,2,40,0
2026-01-19,event_10353,Italy,80,11,7.2727272727272725,0
2026-01-19,event_6800,Nepal,80,39,6.153846153846154,0
2026-01-19,event_1000,Egypt,79,32,2.46875,0
2026-01-19,event_10350,Bahamas,79,5,39.5,0
2026-01-19,event_1000,Indonesia,78,57,1.4181818181818182,0
2026-01-19,event_10511,Norway,78,1,78,0
2026-01-19,event_10350,Togo,76,2,38,0
2026-01-19,event_10350,Antigua & Barbuda,76,8,25.333333333333332,0
2026-01-19,event_10350,China,76,10,15.2,0
2026-01-19,event_10351,Ireland,76,15,7.6,0
2026-01-19,event_10505,Colombia,76,15,5.846153846153846,0
2026-01-19,event_10351,Ecuador,74,23,6.7272727272727275,0
2026-01-19,event_10363,Iran,74,38,2.3125,0
2026-01-19,event_8001,United States,74,74,1.0136986301369864,0
2026-01-19,event_1000,Bangladesh,73,27,2.8076923076923075,0
2026-01-19,event_10351,Tanzania,73,8,14.6,0
2026-01-19,event_1000,Philippines,72,39,1.894736842105263,0
2026-01-19,event_10350,Guyana,72,14,10.285714285714286,0
2026-01-19,event_10352,Libya,72,6,72,0
2026-01-19,event_10352,Oman,72,12,24,0
2026-01-19,event_6800,Vietnam,72,28,12,0
2026-01-19,event_10351,Haiti,71,11,10.142857142857142,0
2026-01-19,event_10353,Bolivia,71,7,10.142857142857142,0
2026-01-19,event_10511,Thailand,71,6,14.2,0
2026-01-19,event_2100,Mexico,71,54,1.3148148148148149,0
2026-01-19,event_10352,Singapore,70,13,14,0
2026-01-19,event_6800,Honduras,70,47,3.1818181818181817,0
2026-01-19,event_10352,Romania,69,8,9.857142857142858,0
2026-01-19,event_10351,Angola,68,11,8.5,0
2026-01-19,event_10353,Malaysia,68,10,8.5,0
2026-01-19,event_1000,Canada,67,30,2.392857142857143,0
2026-01-19,event_10350,Mali,66,4,33,0
2026-01-19,event_10351,Poland,66,6,11,0
2026-01-19,event_10505,Philippines,66,20,6,0
2026-01-19,event_6800,Morocco,66,30,6.6,0
2026-01-19,event_10353,U.S. Virgin Islands,65,3,21.666666666666668,0
2026-01-19,event_10353,Honduras,65,8,8.125,0
2026-01-19,event_10354,Mexico,64,43,1.4883720930232558,0
2026-01-19,event_10351,Antigua & Barbuda,63,5,21,0
2026-01-19,event_10352,Costa Rica,63,15,9,0
2026-01-19,event_10353,Nepal,63,4,21,0
2026-01-19,event_10363,Egypt,63,18,4.5,0
2026-01-19,event_10511,Philippines,63,12,5.7272727272727275,0
2026-01-19,event_10353,New Zealand,62,8,8.857142857142858,0
2026-01-19,event_6800,Laos,62,39,4.769230769230769,0
2026-01-19,event_10350,Curaçao,61,6,61,0
2026-01-19,event_10352,Australia,61,11,10.166666666666666,0
2026-01-19,event_10511,Puerto Rico,61,2,30.5,0
2026-01-19,event_6800,Venezuela,61,45,2.9047619047619047,0
2026-01-19,event_10505,Saudi Arabia,60,13,8.571428571428571,0
2026-01-19,event_10350,French Guiana,58,9,14.5,0
2026-01-19,event_10350,Hungary,58,13,14.5,0
2026-01-19,event_10352,Trinidad & Tobago,58,5,29,0
2026-01-19,event_10363,Nigeria,58,20,3.0526315789473686,0
2026-01-19,event_10505,Iran,58,32,3.2222222222222223,0
2026-01-19,event_6800,Jordan,58,23,19.333333333333332,0
2026-01-19,event_6800,Uruguay,58,32,8.285714285714286,0
2026-01-19,event_1000,United Kingdom,57,31,1.8387096774193548,0
2026-01-19,event_10350,Cayman Islands,57,3,28.5,0
2026-01-19,event_10350,Nicaragua,57,16,8.142857142857142,0
2026-01-19,event_10511,Slovakia,57,1,57,0
2026-01-19,event_6800,Haiti,57,28,4.75,0
2026-01-19,event_10350,Russia,56,10,18.666666666666668,0
2026-01-19,event_10511,India,56,11,5.6,0
2026-01-19,event_31009,Mexico,56,33,1.696969696969697,0
2026-01-19,event_6801,Mexico,56,44,1.302325581395349,0
2026-01-19,event_10208,Brazil,55,8,6.875,0
2026-01-19,event_10511,Malaysia,55,1,55,0
2026-01-19,event_10511,Bangladesh,55,3,18.333333333333332,0
2026-01-19,event_6800,Ecuador,55,34,3.4375,0
2026-01-19,event_1000,Peru,54,18,3,0
2026-01-19,event_10350,Luxembourg,54,7,13.5,0
2026-01-19,event_10351,Cayman Islands,54,2,27,0
2026-01-19,event_10505,Jamaica,54,6,10.8,0
2026-01-19,event_6800,Türkiye,54,21,27,0
2026-01-19,event_1000,Algeria,53,13,4.076923076923077,0
2026-01-19,event_1000,Nigeria,53,38,1.394736842105263,0
2026-01-19,event_10352,Mali,53,4,53,0
2026-01-19,event_10353,Thailand,53,10,6.625,0
2026-01-19,event_10505,Canada,53,18,4.818181818181818,0
2026-01-19,event_10350,Sweden,52,12,17.333333333333332,0
2026-01-19,event_10352,Guyana,52,12,8.666666666666666,0
2026-01-19,event_10363,Puerto Rico,52,5,10.4,0
2026-01-19,event_10511,Qatar,52,1,0,0
2026-01-19,event_1600,India,52,20,2.6,0
2026-01-19,event_10352,China,51,8,10.2,0
2026-01-19,event_10352,Sri Lanka,51,11,12.75,0
2026-01-19,event_6800,Israel,51,17,7.285714285714286,0
2026-01-19,event_6800,Singapore,51,24,3.923076923076923,0
2026-01-19,event_10352,Bahamas,50,4,25,0
2026-01-19,event_10352,Tunisia,50,10,50,0
2026-01-19,event_39000,United States,50,45,1.1111111111111112,0
2026-01-19,event_10350,Uzbekistan,49,10,6.125,0
2026-01-19,event_10351,Uganda,49,7,9.8,0
2026-01-19,event_10350,St. Lucia,48,2,0,0
2026-01-19,event_10350,Niger,48,5,9.6,0
2026-01-19,event_9900,United Kingdom,48,16,3,0
2026-01-19,pix_analyzer_onboarding_start,Brazil,48,38,1.263157894736842,0
2026-01-19,event_1000,Iran,47,34,1.3823529411764706,0
2026-01-19,event_10353,Poland,47,5,9.4,0
2026-01-19,event_10505,South Africa,47,5,9.4,0
2026-01-19,event_6800,Ghana,47,19,5.875,0
2026-01-19,event_6800,South Korea,47,19,6.714285714285714,0
2026-01-19,event_10350,Côte d’Ivoire,46,4,46,0
2026-01-19,event_10351,Curaçao,46,4,46,0
2026-01-19,event_10352,Jordan,46,18,23,0
2026-01-19,event_6800,Oman,46,16,23,0
2026-01-19,event_6800,Uganda,46,18,7.666666666666667,0
2026-01-19,event_10350,Barbados,45,3,0,0
2026-01-19,event_10350,American Samoa,45,3,22.5,0
2026-01-19,event_10350,Taiwan,45,10,45,0
2026-01-19,event_10351,Russia,45,5,22.5,0
2026-01-19,event_6800,Sudan,45,15,15,0
2026-01-19,event_6800,Angola,45,19,3.2142857142857144,0
2026-01-19,event_6800,Kuwait,45,20,7.5,0
2026-01-19,event_10350,Liberia,44,8,11,0
2026-01-19,event_10351,Libya,44,5,44,0
2026-01-19,event_10505,Japan,44,8,6.285714285714286,0
2026-01-19,event_6800,New Zealand,44,24,5.5,0
2026-01-19,event_1000,Colombia,43,20,2.15,0
2026-01-19,event_10352,St. Lucia,43,1,0,0
2026-01-19,event_6800,Sri Lanka,43,14,8.6,0
2026-01-19,event_9900,Portugal,43,23,1.8695652173913044,0
2026-01-19,event_10350,Azerbaijan,42,7,42,0
2026-01-19,event_10353,Cayman Islands,42,2,21,0
2026-01-19,event_10353,Syria,42,7,7,0
2026-01-19,event_10505,Paraguay,42,7,7,0
2026-01-19,event_6800,Romania,42,17,4.666666666666667,0
2026-01-19,event_10350,Austria,41,6,13.666666666666666,0
2026-01-19,event_10351,Norway,41,5,13.666666666666666,0
2026-01-19,event_10505,Morocco,41,6,10.25,0
2026-01-19,event_10511,Ethiopia,41,1,41,0
2026-01-19,event_10511,Bolivia,41,2,20.5,0
2026-01-19,event_1600,Argentina,41,28,1.4642857142857142,0
2026-01-19,event_31009,India,41,5,8.2,0
2026-01-19,event_6800,Afghanistan,41,19,10.25,0
2026-01-19,event_10350,Ukraine,40,2,20,0
2026-01-19,event_10353,United Arab Emirates,40,8,6.666666666666667,0
2026-01-19,event_10363,Syria,40,12,3.6363636363636362,0
2026-01-19,event_10505,Ireland,40,5,10,0
2026-01-19,event_2300,India,40,9,4.444444444444445,0
2026-01-19,event_6800,Belgium,40,14,8,0
2026-01-19,event_6800,Switzerland,40,17,8,0
2026-01-19,event_6800,Myanmar (Burma),40,20,6.666666666666667,0
2026-01-19,event_10100,Iran,39,30,1.3928571428571428,0
2026-01-19,event_10350,Guam,39,3,19.5,0
2026-01-19,event_10350,Cambodia,39,5,39,0
2026-01-19,event_10350,(not set),39,9,4.333333333333333,0
2026-01-19,event_10351,Ukraine,39,1,39,0
2026-01-19,event_10363,Pakistan,39,12,4.875,0
2026-01-19,event_10351,Trinidad & Tobago,38,6,12.666666666666666,0
2026-01-19,event_10353,Greece,38,4,9.5,0
2026-01-19,event_10363,Bangladesh,38,13,3.1666666666666665,0
2026-01-19,event_10363,Indonesia,38,15,2.923076923076923,0
2026-01-19,event_10363,Iraq,37,3,12.333333333333334,0
2026-01-19,event_6800,Iraq,37,14,9.25,0
2026-01-19,event_10352,Botswana,36,1,36,0
2026-01-19,event_10352,Barbados,36,2,0,0
2026-01-19,event_10352,Nicaragua,36,11,9,0
2026-01-19,event_10505,Peru,36,12,4.5,0
2026-01-19,event_10511,Mali,36,1,36,0
2026-01-19,event_6800,Trinidad & Tobago,36,11,9,0
2026-01-19,event_6800,Costa Rica,36,21,4.5,0
2026-01-19,event_10350,Papua New Guinea,35,3,35,0
2026-01-19,event_10351,Bahrain,35,6,11.666666666666666,0
2026-01-19,event_10505,Australia,35,5,11.666666666666666,0
2026-01-19,event_6800,Guyana,35,17,5,0
2026-01-19,open_wifi_alert_settings__screen_viewed,United States,35,23,1.5217391304347827,0
2026-01-19,event_10350,Lebanon,34,5,0,0
2026-01-19,event_10351,Cambodia,34,5,34,0
2026-01-19,event_10505,Venezuela,34,7,8.5,0
2026-01-19,open_wifi_alert__click_on_upgrade,Brazil,34,28,1.2142857142857142,0
2026-01-19,open_wifi_alert_paywall__screen_viewed,Brazil,34,28,1.2142857142857142,0
2026-01-19,event_10100,Argentina,33,21,1.65,0
2026-01-19,event_10351,Ethiopia,33,4,16.5,0
2026-01-19,event_10511,Ecuador,33,2,16.5,0
2026-01-19,event_6800,Greece,33,11,4.714285714285714,0
2026-01-19,event_1000,Cuba,32,23,1.4545454545454546,0
2026-01-19,event_10100,Indonesia,32,22,1.4545454545454546,0
2026-01-19,event_10350,North Macedonia,32,1,0,0
2026-01-19,event_10350,Slovakia,32,3,32,0
2026-01-19,event_10350,Sierra Leone,32,6,32,0
2026-01-19,event_10351,Serbia,32,3,32,0
2026-01-19,event_10352,Niger,32,5,6.4,0
2026-01-19,event_10352,Azerbaijan,32,6,0,0
2026-01-19,event_10363,Cuba,32,12,3.2,0
2026-01-19,event_6800,Kenya,32,15,5.333333333333333,0
2026-01-19,event_6800,Poland,32,16,5.333333333333333,0
2026-01-19,event_10353,Russia,31,3,15.5,0
2026-01-19,event_10363,Spain,31,2,15.5,0
2026-01-19,event_2100,India,31,16,1.9375,0
2026-01-19,event_10350,Eswatini,30,2,30,0
2026-01-19,event_10350,Senegal,30,9,15,0
2026-01-19,event_10353,Tanzania,30,2,15,0
2026-01-19,event_6800,Tunisia,30,14,30,0
2026-01-19,event_1000,France,29,13,2.230769230769231,0
2026-01-19,event_10350,Benin,29,1,29,0
2026-01-19,event_10350,Denmark,29,2,0,0
2026-01-19,event_10351,Luxembourg,29,1,29,0
2026-01-19,event_10353,Ireland,29,7,4.142857142857143,0
2026-01-19,event_10511,Nepal,29,1,29,0
2026-01-19,event_1600,United Kingdom,29,16,1.8125,0
2026-01-19,event_1600,Puerto Rico,29,21,1.380952380952381,0
2026-01-19,event_6800,Sweden,29,13,4.833333333333333,0
2026-01-19,event_1000,Syria,28,9,3.111111111111111,0
2026-01-19,event_10100,Philippines,28,11,2.5454545454545454,0
2026-01-19,event_10351,Guam,28,2,28,0
2026-01-19,event_10352,Togo,28,2,14,0
2026-01-19,event_10352,Côte d’Ivoire,28,3,28,0
2026-01-19,event_10353,Tunisia,28,1,28,0
2026-01-19,event_10353,Angola,28,6,4.666666666666667,0
2026-01-19,subscription_screen_open,Algeria,28,4,7,0
2026-01-19,event_1000,Germany,27,14,1.9285714285714286,0
2026-01-19,event_1000,Pakistan,27,17,1.8,0
2026-01-19,event_10351,North Macedonia,27,1,0,0
2026-01-19,event_10351,Lebanon,27,5,0,0
2026-01-19,event_10352,Bulgaria,27,2,27,0
2026-01-19,event_10353,Jordan,27,5,6.75,0
2026-01-19,event_10354,Puerto Rico,27,15,1.8,0
2026-01-19,event_10505,Costa Rica,27,5,6.75,0
2026-01-19,event_6800,Libya,27,8,27,0
2026-01-19,event_10100,India,26,22,1.2380952380952381,0
2026-01-19,event_10350,Bermuda,26,2,26,0
2026-01-19,event_10350,Suriname,26,3,0,0
2026-01-19,event_10350,Hong Kong,26,11,13,0
2026-01-19,event_10351,Laos,26,14,5.2,0
2026-01-19,event_10352,Eswatini,26,2,26,0
2026-01-19,event_10505,Cuba,26,14,2.3636363636363638,0
2026-01-19,event_10511,Egypt,26,3,13,0
2026-01-19,event_1000,Spain,25,17,1.4705882352941178,0
2026-01-19,event_10100,Portugal,25,19,1.3157894736842106,0
2026-01-19,event_10352,American Samoa,25,3,12.5,0
2026-01-19,event_10352,Liberia,25,6,12.5,0
2026-01-19,event_10511,Guyana,25,1,25,0
2026-01-19,event_1650,Mexico,25,24,1.0416666666666667,0
2026-01-19,event_1700,India,25,6,4.166666666666667,0
2026-01-19,event_6800,Antigua & Barbuda,25,8,6.25,0
2026-01-19,event_6800,Luxembourg,25,11,12.5,0
2026-01-19,event_1000,(not set),24,9,2.6666666666666665,0
2026-01-19,event_10351,Taiwan,24,7,24,0
2026-01-19,event_10353,Luxembourg,24,1,24,0
2026-01-19,event_10353,Ecuador,24,7,4,0
2026-01-19,subscription_subscribe_click,United States,24,20,1.2,0
2026-01-19,event_1000,Morocco,23,7,3.2857142857142856,0
2026-01-19,event_1000,Australia,23,12,1.9166666666666667,0
2026-01-19,event_1000,Netherlands,23,13,1.7692307692307692,0
2026-01-19,event_10100,Canada,23,15,1.6428571428571428,0
2026-01-19,event_10351,Zambia,23,2,11.5,0
2026-01-19,event_10351,Bermuda,23,2,23,0
2026-01-19,event_10351,Uzbekistan,23,6,5.75,0
2026-01-19,event_10354,India,23,11,2.090909090909091,0
2026-01-19,event_10363,Venezuela,23,7,3.8333333333333335,0
2026-01-19,event_10505,Ecuador,23,9,3.2857142857142856,0
2026-01-19,event_10505,Pakistan,23,16,3.8333333333333335,0
2026-01-19,subscription_screen_open,Bangladesh,23,11,2.090909090909091,0
2026-01-19,event_1600,Portugal,23,20,1.15,0
2026-01-19,event_2100,Egypt,23,11,2.090909090909091,0
2026-01-19,event_2100,Puerto Rico,23,18,1.2777777777777777,0
2026-01-19,event_6800,Mozambique,23,11,3.2857142857142856,0
2026-01-19,pix_analyzer_onboarding_activate_click,Brazil,23,20,1.15,0
2026-01-19,subscription_screen_open,Brazil,23,1,23,0
2026-01-19,event_1000,Malaysia,22,13,1.8333333333333333,0
2026-01-19,event_10350,Turkmenistan,22,3,22,0
2026-01-19,event_10350,Djibouti,22,5,5.5,0
2026-01-19,event_10351,Afghanistan,22,8,5.5,0
2026-01-19,event_10352,Benin,22,1,22,0
2026-01-19,event_10352,Sweden,22,6,7.333333333333333,0
2026-01-19,event_10353,Norway,22,3,7.333333333333333,0
2026-01-19,event_10353,Uganda,22,4,5.5,0
2026-01-19,event_10363,Uruguay,22,1,22,0
2026-01-19,event_10363,Philippines,22,7,3.6666666666666665,0
2026-01-19,event_10505,Italy,22,6,7.333333333333333,0
2026-01-19,subscription_screen_open,India,22,12,1.8333333333333333,0
2026-01-19,event_2300,Mexico,22,19,1.1578947368421053,0
2026-01-19,event_6800,Norway,22,10,11,0
2026-01-19,event_1000,Saudi Arabia,21,15,1.5,0
2026-01-19,event_10350,Malta,21,1,0,0
2026-01-19,event_10350,Cameroon,21,7,21,0
2026-01-19,event_10352,Poland,21,6,10.5,0
2026-01-19,event_10353,Ukraine,21,1,21,0
2026-01-19,event_10353,Zambia,21,2,10.5,0
2026-01-19,event_10353,Sri Lanka,21,2,21,0
2026-01-19,event_10505,Qatar,21,3,10.5,0
2026-01-19,event_10505,Sudan,21,4,7,0
2026-01-19,event_1600,Canada,21,13,1.6153846153846154,0
2026-01-19,event_4418,United States,21,11,1.9090909090909092,0
2026-01-19,event_6800,Hungary,21,9,21,0
2026-01-19,event_9900,Canada,21,12,1.9090909090909092,0
2026-01-19,event_1000,Chile,20,14,1.4285714285714286,0
2026-01-19,event_1000,Thailand,20,15,1.5384615384615385,0
2026-01-19,event_10100,Netherlands,20,8,2.5,0
2026-01-19,event_10350,Cook Islands,20,1,0,0
2026-01-19,event_10351,Iran,20,4,5,0
2026-01-19,event_10351,(not set),20,5,4,0
2026-01-19,event_10351,Sierra Leone,20,5,20,0
2026-01-19,event_10352,Malta,20,1,0,0
2026-01-19,event_10352,Djibouti,20,4,5,0
2026-01-19,event_10353,Curaçao,20,2,20,0
2026-01-19,event_10353,Singapore,20,5,4,0
2026-01-19,event_10354,Canada,20,12,1.8181818181818181,0
2026-01-19,event_10354,Colombia,20,13,1.5384615384615385,0
2026-01-19,event_10354,Portugal,20,13,1.5384615384615385,0
2026-01-19,event_10505,Iraq,20,2,10,0
2026-01-19,event_10505,Chile,20,6,6.666666666666667,0
2026-01-19,event_6800,French Guiana,20,8,5,0
2026-01-19,event_6800,U.S. Virgin Islands,20,9,6.666666666666667,0
2026-01-19,event_6800,Hong Kong,20,9,10,0
2026-01-19,event_9900,Indonesia,20,8,2.5,0
2026-01-19,event_10100,Germany,19,12,1.5833333333333333,0
2026-01-19,event_10351,Cook Islands,19,1,0,0
2026-01-19,event_10351,Slovakia,19,2,19,0
2026-01-19,event_10351,Sweden,19,4,4.75,0
2026-01-19,event_10352,Uzbekistan,19,4,9.5,0
2026-01-19,event_10353,Vietnam,19,4,4.75,0
2026-01-19,event_10505,Zimbabwe,19,2,9.5,0
2026-01-19,event_10505,France,19,8,3.1666666666666665,0
2026-01-19,event_10505,Bangladesh,19,12,3.1666666666666665,0
2026-01-19,event_6800,Panama,19,9,3.8,0
2026-01-19,event_1000,Romania,18,5,3.6,0
2026-01-19,event_1000,South Africa,18,7,2.5714285714285716,0
2026-01-19,event_10100,Egypt,18,10,1.8,0
2026-01-19,event_10350,Brunei,18,13,1.5,0
2026-01-19,event_10351,China,18,2,9,0
2026-01-19,event_10353,Venezuela,18,9,2.5714285714285716,0
2026-01-19,event_10363,Ecuador,18,5,4.5,0
2026-01-19,event_10363,Argentina,18,7,2.5714285714285716,0
2026-01-19,event_6800,China,18,9,6,0
2026-01-19,event_6800,Taiwan,18,9,18,0
2026-01-19,event_6800,Russia,18,10,6,0
2026-01-19,event_9900,Argentina,18,13,1.3846153846153846,0
2026-01-19,event_10350,Bosnia & Herzegovina,17,1,0,0
2026-01-19,event_10350,Marshall Islands,17,13,1.4166666666666667,0
2026-01-19,event_10351,Togo,17,1,17,0
2026-01-19,event_10351,Hungary,17,7,8.5,0
2026-01-19,event_10351,Hong Kong,17,9,8.5,0
2026-01-19,event_10352,Taiwan,17,6,0,0
2026-01-19,event_10353,Iran,17,1,17,0
2026-01-19,event_10353,Sudan,17,3,8.5,0
2026-01-19,event_10363,Portugal,17,6,3.4,0
2026-01-19,event_10511,Colombia,17,2,17,0
2026-01-19,event_1600,Nigeria,17,10,1.7,0
2026-01-19,event_1750,Portugal,17,12,1.4166666666666667,0
2026-01-19,event_31009,Colombia,17,5,3.4,0
2026-01-19,event_37000,Mexico,17,13,1.3076923076923077,0
2026-01-19,event_6800,Serbia,17,5,8.5,0
2026-01-19,event_6800,Yemen,17,5,17,0
2026-01-19,event_6800,Curaçao,17,7,17,0
2026-01-19,event_10351,Bahamas,16,1,16,0
2026-01-19,event_10351,Turkmenistan,16,1,16,0
2026-01-19,event_10351,Côte d’Ivoire,16,4,16,0
2026-01-19,event_10352,Italy,16,5,4,0
2026-01-19,event_10505,U.S. Virgin Islands,16,2,8,0
2026-01-19,event_10505,Syria,16,7,2.6666666666666665,0
2026-01-19,event_10511,New Zealand,16,1,0,0
2026-01-19,subscription_screen_open,Egypt,16,11,1.4545454545454546,0
2026-01-19,subscription_screen_open,Mexico,16,13,1.2307692307692308,0
2026-01-19,event_1600,Iran,16,15,1.0666666666666667,0
2026-01-19,event_6800,American Samoa,16,6,8,0
2026-01-19,event_6800,Cameroon,16,8,16,0
2026-01-19,event_6800,Tanzania,16,9,3.2,0
2026-01-19,event_1000,Ecuador,15,9,1.6666666666666667,0
2026-01-19,event_10100,Puerto Rico,15,12,1.25,0
2026-01-19,event_10209,Brazil,15,8,1.875,0
2026-01-19,event_10350,Kyrgyzstan,15,1,0,0
2026-01-19,event_10350,Czechia,15,2,15,0
2026-01-19,event_10350,Albania,15,8,2.142857142857143,0
2026-01-19,event_10351,American Samoa,15,2,7.5,0
2026-01-19,event_10351,Guyana,15,7,3,0
2026-01-19,event_10351,Albania,15,8,2.142857142857143,0
2026-01-19,event_10352,Senegal,15,4,0,0
2026-01-19,event_10353,Antigua & Barbuda,15,4,5,0
2026-01-19,event_10354,United Kingdom,15,8,1.875,0
2026-01-19,event_10354,Argentina,15,15,1,0
2026-01-19,event_10363,Mozambique,15,4,7.5,0
2026-01-19,event_10363,South Africa,15,5,3,0
2026-01-19,event_10505,Poland,15,3,7.5,0
2026-01-19,event_10511,Guatemala,15,1,15,0
2026-01-19,event_10511,Uzbekistan,15,2,7.5,0
2026-01-19,subscription_subscribe_click,Bangladesh,15,7,2.142857142857143,0
2026-01-19,event_1600,Egypt,15,8,1.875,0
2026-01-19,event_1750,Mexico,15,12,1.25,0
2026-01-19,event_2100,Algeria,15,5,3,0
2026-01-19,event_6800,Bahrain,15,5,5,0
2026-01-19,event_6801,India,15,14,1.0714285714285714,0
2026-01-19,event_8000,India,15,15,1,0
2026-01-19,event_8001,India,15,15,1,0
2026-01-19,event_9900,Nigeria,15,7,2.142857142857143,0
2026-01-19,event_9900,India,15,10,1.5,0
2026-01-19,event_1000,Iraq,14,3,4.666666666666667,0
2026-01-19,event_1000,Honduras,14,8,1.75,0
2026-01-19,event_1000,Japan,14,8,1.75,0
2026-01-19,event_10350,Mauritius,14,1,14,0
2026-01-19,event_10352,New Zealand,14,2,7,0
2026-01-19,event_10352,Israel,14,6,14,0
2026-01-19,event_10352,Panama,14,8,7,0
2026-01-19,event_10363,Afghanistan,14,3,7,0
2026-01-19,event_10505,Kuwait,14,4,7,0
2026-01-19,event_10505,Guatemala,14,5,2.8,0
2026-01-19,event_10511,Australia,14,1,14,0
2026-01-19,event_1600,Colombia,14,7,2,0
2026-01-19,event_1600,Peru,14,9,1.5555555555555556,0
2026-01-19,event_1600,Philippines,14,9,1.5555555555555556,0
2026-01-19,event_2100,Canada,14,8,1.75,0
2026-01-19,event_6800,Ethiopia,14,6,4.666666666666667,0
2026-01-19,event_6800,Finland,14,7,7,0
2026-01-19,event_10100,Iraq,13,3,4.333333333333333,0
2026-01-19,event_10350,Guinea,13,2,13,0
2026-01-19,event_10351,French Guiana,13,3,4.333333333333333,0
2026-01-19,event_10351,Liberia,13,4,4.333333333333333,0
2026-01-19,event_10353,Iraq,13,1,13,0
2026-01-19,event_10354,Bangladesh,13,7,1.8571428571428572,0
2026-01-19,event_10363,Myanmar (Burma),13,1,13,0
2026-01-19,event_10363,Guatemala,13,3,4.333333333333333,0
2026-01-19,event_10363,Peru,13,7,1.8571428571428572,0
2026-01-19,event_10505,Sri Lanka,13,2,13,0
2026-01-19,event_10505,Mozambique,13,8,2.1666666666666665,0
2026-01-19,subscription_screen_open,Qatar,13,1,13,0
2026-01-19,event_1600,Indonesia,13,9,1.4444444444444444,0
2026-01-19,event_2100,Colombia,13,8,1.625,0
2026-01-19,event_31009,Argentina,13,7,1.8571428571428572,0
2026-01-19,event_6800,Azerbaijan,13,5,0,0
2026-01-19,event_6801,Argentina,13,11,1.1818181818181819,0
2026-01-19,event_9900,Egypt,13,3,4.333333333333333,0
2026-01-19,event_1000,Bolivia,12,6,2,0
2026-01-19,event_1000,New Zealand,12,7,1.7142857142857142,0
2026-01-19,event_10100,Paraguay,12,5,2.4,0
2026-01-19,event_10351,Cape Verde,12,4,3,0
2026-01-19,event_10353,Bermuda,12,1,12,0
2026-01-19,event_10353,Mozambique,12,2,6,0
2026-01-19,event_10354,Chile,12,5,2.4,0
2026-01-19,event_10363,Japan,12,5,2.4,0
2026-01-19,event_10511,Dominican Republic,12,1,12,0
2026-01-19,event_10511,Pakistan,12,2,6,0
2026-01-19,event_10511,United Arab Emirates,12,2,12,0
2026-01-19,event_10850,India,12,4,3,0
2026-01-19,subscription_screen_open,Germany,12,1,12,0
2026-01-19,event_1650,India,12,10,1.2,0
2026-01-19,event_2100,Iran,12,7,1.7142857142857142,0
2026-01-19,event_2300,Portugal,12,9,1.3333333333333333,0
2026-01-19,event_6800,Cape Verde,12,5,2.4,0
2026-01-19,pix_analyzer_onboarding_start,United States,12,9,1.3333333333333333,0
2026-01-19,event_1000,Israel,11,2,5.5,0
2026-01-19,event_1000,Paraguay,11,8,1.5714285714285714,0
2026-01-19,event_1000,El Salvador,11,9,1.2222222222222223,0
2026-01-19,event_10100,Panama,11,3,3.6666666666666665,0
2026-01-19,event_10100,Algeria,11,9,1.375,0
2026-01-19,event_10351,Kyrgyzstan,11,1,0,0
2026-01-19,event_10351,Mauritius,11,1,11,0
2026-01-19,event_10351,Cameroon,11,4,11,0
2026-01-19,event_10351,Mali,11,4,11,0
2026-01-19,event_10352,Guinea,11,1,11,0
2026-01-19,event_10352,French Guiana,11,3,3.6666666666666665,0
2026-01-19,event_10352,Papua New Guinea,11,3,11,0
2026-01-19,event_10352,Norway,11,6,5.5,0
2026-01-19,event_10363,Paraguay,11,4,2.75,0
2026-01-19,event_10364,United States,11,9,1.2222222222222223,0
2026-01-19,event_10505,Malta,11,1,0,0
2026-01-19,event_10505,Malaysia,11,4,5.5,0
2026-01-19,event_10505,Bolivia,11,6,2.75,0
2026-01-19,event_10505,Germany,11,6,2.75,0
2026-01-19,subscription_screen_open,Portugal,11,4,2.75,0
2026-01-19,event_1600,Spain,11,9,1.2222222222222223,0
2026-01-19,event_1650,Portugal,11,9,1.2222222222222223,0
2026-01-19,event_2100,United Kingdom,11,9,1.2222222222222223,0
2026-01-19,event_2300,Puerto Rico,11,9,1.2222222222222223,0
2026-01-19,event_26003,India,11,5,2.2,0
2026-01-19,event_6800,Lebanon,11,4,0,0
2026-01-19,event_6800,Zimbabwe,11,4,5.5,0
2026-01-19,event_6800,Slovakia,11,5,5.5,0
2026-01-19,event_6800,Côte d’Ivoire,11,5,11,0
2026-01-19,event_6801,Portugal,11,8,1.375,0
2026-01-19,event_1000,Italy,10,9,1.1111111111111112,0
2026-01-19,event_1000,Jamaica,10,9,1.1111111111111112,0
2026-01-19,event_10100,United Kingdom,10,9,1.1111111111111112,0
2026-01-19,event_10350,Grenada,10,1,0,0
2026-01-19,event_10350,Aruba,10,2,10,0
2026-01-19,event_10350,St. Vincent & Grenadines,10,2,10,0
2026-01-19,event_10352,Bosnia & Herzegovina,10,1,0,0
2026-01-19,event_10352,Curaçao,10,2,10,0
2026-01-19,event_10353,Libya,10,1,10,0
2026-01-19,event_10354,Egypt,10,6,1.6666666666666667,0
2026-01-19,event_10363,Saudi Arabia,10,8,1.6666666666666667,0
2026-01-19,event_10364,Zimbabwe,10,1,10,0
2026-01-19,event_10505,Angola,10,3,3.3333333333333335,0
2026-01-19,event_10511,American Samoa,10,1,10,0
2026-01-19,event_10511,Syria,10,1,10,0
2026-01-19,event_10511,Venezuela,10,1,10,0
2026-01-19,event_1650,Puerto Rico,10,5,2,0
2026-01-19,event_2100,Philippines,10,4,2.5,0
2026-01-19,event_2100,Portugal,10,7,1.4285714285714286,0
2026-01-19,event_29000,India,10,4,2.5,0
2026-01-19,event_6800,Cayman Islands,10,3,5,0
2026-01-19,event_6800,Bulgaria,10,4,10,0
2026-01-19,event_6800,Senegal,10,4,10,0
2026-01-19,event_6800,Sierra Leone,10,4,10,0
2026-01-19,event_8000,Egypt,10,9,1.1111111111111112,0
2026-01-19,event_9900,El Salvador,10,2,5,0
2026-01-19,event_1000,Greece,9,3,3,0
2026-01-19,event_10100,Syria,9,6,1.5,0
2026-01-19,event_10100,Bangladesh,9,7,1.2857142857142858,0
2026-01-19,event_10100,Colombia,9,7,1.2857142857142858,0
2026-01-19,event_10210,Chile,9,1,9,0
2026-01-19,event_10350,Croatia,9,2,0,0
2026-01-19,event_10350,Micronesia,9,2,4.5,0
2026-01-19,event_10350,Somalia,9,2,9,0
2026-01-19,event_10351,St. Vincent & Grenadines,9,1,9,0
2026-01-19,event_10351,Barbados,9,2,0,0
2026-01-19,event_10352,Antigua & Barbuda,9,4,4.5,0
2026-01-19,event_10352,South Korea,9,4,4.5,0
2026-01-19,event_10352,Hungary,9,4,9,0
2026-01-19,event_10352,(not set),9,5,1.8,0
2026-01-19,event_10352,Sierra Leone,9,5,9,0
2026-01-19,event_10353,Cambodia,9,1,9,0
2026-01-19,event_10353,Sweden,9,2,4.5,0
2026-01-19,event_10354,Algeria,9,6,1.5,0
2026-01-19,event_10363,Ethiopia,9,1,9,0
2026-01-19,event_10363,Serbia,9,1,9,0
2026-01-19,event_10363,Zimbabwe,9,2,4.5,0
2026-01-19,event_10363,Singapore,9,2,9,0
2026-01-19,event_10505,Oman,9,2,4.5,0
2026-01-19,event_10505,Thailand,9,3,0,0
2026-01-19,event_10505,Belgium,9,3,4.5,0
2026-01-19,event_10511,Germany,9,1,0,0
2026-01-19,event_10512,Mexico,9,3,3,0
2026-01-19,subscription_subscribe_click,Egypt,9,5,1.8,0
2026-01-19,event_1600,Japan,9,2,4.5,0
2026-01-19,event_1600,Algeria,9,4,2.25,0
2026-01-19,event_1600,Romania,9,4,2.25,0
2026-01-19,event_1600,Bangladesh,9,7,1.2857142857142858,0
2026-01-19,event_2300,Philippines,9,5,1.8,0
2026-01-19,event_2600,Mexico,9,7,1.2857142857142858,0
2026-01-19,event_31009,Peru,9,3,3,0
2026-01-19,event_31009,Portugal,9,3,3,0
2026-01-19,event_31009,Philippines,9,4,2.25,0
2026-01-19,event_6800,Ukraine,9,3,4.5,0
2026-01-19,event_6800,Martinique,9,3,9,0
2026-01-19,event_6800,Togo,9,4,3,0
2026-01-19,event_6801,Indonesia,9,8,1.125,0
2026-01-19,event_8000,(not set),9,9,1,0
2026-01-19,event_8001,Egypt,9,9,1,0
2026-01-19,event_9900,Jamaica,9,2,4.5,0
2026-01-19,event_9900,Puerto Rico,9,8,1.125,0
2026-01-19,event_1000,Tunisia,8,1,8,0
2026-01-19,event_1000,Mozambique,8,4,2,0
2026-01-19,event_1000,Singapore,8,5,1.6,0
2026-01-19,event_1000,United Arab Emirates,8,6,1.3333333333333333,0
2026-01-19,event_1000,Venezuela,8,7,1.1428571428571428,0
2026-01-19,event_1000,Guatemala,8,7,1.3333333333333333,0
2026-01-19,event_10100,New Zealand,8,4,2,0
2026-01-19,event_10210,Mexico,8,4,2,0
2026-01-19,event_10350,Guinea-Bissau,8,3,0,0
2026-01-19,event_10351,Nicaragua,8,3,8,0
2026-01-19,event_10351,Brunei,8,4,4,0
2026-01-19,event_10352,Grenada,8,1,0,0
2026-01-19,event_10352,Slovakia,8,1,0,0
2026-01-19,event_10352,Greece,8,2,4,0
2026-01-19,event_10352,Aruba,8,2,8,0
2026-01-19,event_10352,Russia,8,5,8,0
2026-01-19,event_10353,Bahrain,8,2,4,0
2026-01-19,event_10354,Pakistan,8,5,1.6,0
2026-01-19,event_10363,Honduras,8,2,4,0
2026-01-19,event_10505,Ethiopia,8,1,8,0
2026-01-19,event_10505,Serbia,8,1,8,0
2026-01-19,event_10505,Kenya,8,2,0,0
2026-01-19,event_10505,Russia,8,2,8,0
2026-01-19,event_10505,Uruguay,8,2,8,0
2026-01-19,event_10511,Afghanistan,8,1,8,0
2026-01-19,subscription_screen_open,Canada,8,4,2,0
2026-01-19,event_1750,Netherlands,8,2,4,0
2026-01-19,event_1750,Argentina,8,8,1,0
2026-01-19,event_2100,Saudi Arabia,8,4,2,0
2026-01-19,event_2100,Argentina,8,7,1.1428571428571428,0
2026-01-19,event_2100,Bangladesh,8,7,1.1428571428571428,0
2026-01-19,event_29000,Mexico,8,7,1.1428571428571428,0
2026-01-19,event_30000,Portugal,8,4,2,0
2026-01-19,event_30000,India,8,5,1.6,0
2026-01-19,event_31009,Egypt,8,4,2,0
2026-01-19,event_6800,Czechia,8,2,8,0
2026-01-19,event_6800,Suriname,8,3,0,0
2026-01-19,event_6800,Guam,8,3,4,0
2026-01-19,event_6800,Nicaragua,8,6,4,0
2026-01-19,event_6801,United Kingdom,8,8,1,0
2026-01-19,event_8001,(not set),8,8,1,0
2026-01-19,event_9900,Japan,8,4,2,0
2026-01-19,event_9900,Colombia,8,5,1.6,0
2026-01-19,event_9900,Spain,8,7,1.1428571428571428,0
2026-01-19,event_1000,Togo,7,1,7,0
2026-01-19,event_1000,China,7,3,2.3333333333333335,0
2026-01-19,event_1000,Costa Rica,7,4,1.75,0
2026-01-19,event_1000,Dominican Republic,7,6,1.1666666666666667,0
2026-01-19,event_10000,Mexico,7,7,1,0
2026-01-19,event_10100,Pakistan,7,4,2.3333333333333335,0
2026-01-19,event_10100,Saudi Arabia,7,6,1.1666666666666667,0
2026-01-19,event_10210,Argentina,7,3,2.3333333333333335,0
2026-01-19,event_10350,Belarus,7,2,0,0
2026-01-19,event_10351,Bosnia & Herzegovina,7,1,0,0
2026-01-19,event_10351,Austria,7,2,3.5,0
2026-01-19,event_10352,Micronesia,7,1,7,0
2026-01-19,event_10352,Suriname,7,2,0,0
2026-01-19,event_10353,Bahamas,7,1,7,0
2026-01-19,event_10353,Togo,7,1,7,0
2026-01-19,event_10353,American Samoa,7,2,3.5,0
2026-01-19,event_10353,Oman,7,2,3.5,0
2026-01-19,event_10354,Indonesia,7,7,1,0
2026-01-19,event_10363,New Zealand,7,1,7,0
2026-01-19,event_10363,Romania,7,1,7,0
2026-01-19,event_10363,Canada,7,2,3.5,0
2026-01-19,event_10363,Bolivia,7,5,1.75,0
2026-01-19,event_10505,El Salvador,7,1,7,0
2026-01-19,event_10505,Sweden,7,1,7,0
2026-01-19,event_10505,Ghana,7,2,3.5,0
2026-01-19,event_10505,Nepal,7,2,7,0
2026-01-19,event_10511,Italy,7,1,7,0
2026-01-19,event_10511,Poland,7,1,7,0
2026-01-19,event_10850,Bangladesh,7,4,1.75,0
2026-01-19,subscription_subscribe_click,Algeria,7,4,1.75,0
2026-01-19,subscription_purchase_complete,Brazil,7,7,1,0
2026-01-19,event_1600,South Africa,7,4,1.75,0
2026-01-19,event_1600,Pakistan,7,5,1.4,0
2026-01-19,event_1600,Germany,7,6,1.1666666666666667,0
2026-01-19,event_1600,Malaysia,7,7,1,0
2026-01-19,event_1750,Philippines,7,4,1.75,0
2026-01-19,event_1750,Canada,7,5,1.4,0
2026-01-19,event_1750,Puerto Rico,7,5,1.4,0
2026-01-19,event_26003,Bangladesh,7,2,3.5,0
2026-01-19,event_31009,Algeria,7,4,1.75,0
2026-01-19,event_6800,St. Vincent & Grenadines,7,2,7,0
2026-01-19,event_6800,Barbados,7,3,0,0
2026-01-19,event_6800,Congo - Kinshasa,7,3,3.5,0
2026-01-19,event_6801,Philippines,7,4,1.75,0
2026-01-19,event_6801,Puerto Rico,7,7,1,0
2026-01-19,event_9900,Panama,7,1,7,0
2026-01-19,event_9900,Singapore,7,1,7,0
2026-01-19,event_9900,Malaysia,7,3,2.3333333333333335,0
2026-01-19,event_9900,Netherlands,7,6,1.1666666666666667,0
2026-01-19,pix_analyzer_alert_open,Brazil,7,7,1,0
2026-01-19,event_1000,Myanmar (Burma),6,2,3,0
2026-01-19,event_1000,Belgium,6,3,2,0
2026-01-19,event_1000,Vietnam,6,4,1.5,0
2026-01-19,event_1000,Haiti,6,6,1,0
2026-01-19,event_10000,Bangladesh,6,4,1.5,0
2026-01-19,event_10100,Ireland,6,2,3,0
2026-01-19,event_10100,South Africa,6,2,3,0
2026-01-19,event_10100,Thailand,6,5,1.2,0
2026-01-19,event_10209,United States,6,2,3,0
2026-01-19,event_10350,South Sudan,6,1,0,0
2026-01-19,event_10350,Cyprus,6,2,6,0
2026-01-19,event_10351,Benin,6,1,6,0
2026-01-19,event_10351,Senegal,6,4,3,0
2026-01-19,event_10352,Turkmenistan,6,2,0,0
2026-01-19,event_10352,Marshall Islands,6,2,6,0
2026-01-19,event_10352,Lebanon,6,3,0,0
2026-01-19,event_10352,Luxembourg,6,3,3,0
2026-01-19,event_10352,Hong Kong,6,4,3,0
2026-01-19,event_10352,U.S. Virgin Islands,6,5,6,0
2026-01-19,event_10353,Cape Verde,6,3,2,0
2026-01-19,event_10353,Uzbekistan,6,3,2,0
2026-01-19,event_10353,(not set),6,4,1.5,0
2026-01-19,event_10354,Tunisia,6,1,6,0
2026-01-19,event_10354,Malaysia,6,3,2,0
2026-01-19,event_10354,Spain,6,3,2,0
2026-01-19,event_10354,Germany,6,4,1.5,0
2026-01-19,event_10354,Morocco,6,4,1.5,0
2026-01-19,event_10363,Djibouti,6,1,6,0
2026-01-19,event_10363,Niger,6,2,3,0
2026-01-19,event_10363,Thailand,6,2,6,0
2026-01-19,event_10363,Tanzania,6,3,3,0
2026-01-19,event_10505,Afghanistan,6,3,3,0
2026-01-19,event_10511,France,6,1,6,0
2026-01-19,event_10511,South Africa,6,1,6,0
2026-01-19,event_10511,Portugal,6,3,2,0
2026-01-19,event_10511,Saudi Arabia,6,3,2,0
2026-01-19,event_10512,Haiti,6,1,6,0
2026-01-19,event_10512,Cuba,6,4,1.5,0
2026-01-19,subscription_screen_open,Libya,6,1,6,0
2026-01-19,subscription_screen_open,Saudi Arabia,6,2,3,0
2026-01-19,subscription_screen_open,Argentina,6,4,1.5,0
2026-01-19,subscription_screen_open,Puerto Rico,6,6,1,0
2026-01-19,subscription_subscribe_click,Qatar,6,1,6,0
2026-01-19,event_1600,France,6,4,1.5,0
2026-01-19,event_1700,Mexico,6,3,2,0
2026-01-19,event_1750,Iran,6,4,1.5,0
2026-01-19,event_2100,Indonesia,6,6,1,0
2026-01-19,event_2300,United Kingdom,6,4,1.5,0
2026-01-19,event_26003,Romania,6,1,6,0
2026-01-19,event_26003,Algeria,6,3,2,0
2026-01-19,event_37000,Portugal,6,6,1,0
2026-01-19,event_6800,Liberia,6,2,3,0
2026-01-19,event_6800,Marshall Islands,6,2,6,0
2026-01-19,event_6800,Bosnia & Herzegovina,6,3,0,0
2026-01-19,event_6800,Bahamas,6,3,3,0
2026-01-19,event_6800,St. Kitts & Nevis,6,3,6,0
2026-01-19,event_6800,Uzbekistan,6,4,2,0
2026-01-19,event_6801,Egypt,6,5,1.2,0
2026-01-19,event_6801,Nigeria,6,5,1.2,0
2026-01-19,event_8000,Bangladesh,6,6,1,0
2026-01-19,event_8001,Bangladesh,6,6,1,0
2026-01-19,event_9900,Italy,6,1,6,0
2026-01-19,event_9900,Philippines,6,3,2,0
2026-01-19,event_9900,Saudi Arabia,6,3,2,0
2026-01-19,open_wifi_alert_settings__screen_viewed,Portugal,6,2,3,0
2026-01-19,event_1000,French Guiana,5,2,2.5,0
2026-01-19,event_1000,Serbia,5,2,2.5,0
2026-01-19,event_1000,Ghana,5,3,1.6666666666666667,0
2026-01-19,event_1000,Panama,5,3,1.6666666666666667,0
2026-01-19,event_1000,Uganda,5,3,1.6666666666666667,0
2026-01-19,event_1000,Angola,5,5,1,0
2026-01-19,event_10100,El Salvador,5,1,5,0
2026-01-19,event_10100,Ecuador,5,3,1.6666666666666667,0
2026-01-19,event_10100,Cuba,5,4,1.25,0
2026-01-19,event_10100,Italy,5,5,1,0
2026-01-19,event_10210,Puerto Rico,5,2,2.5,0
2026-01-19,event_10350,Martinique,5,3,5,0
2026-01-19,event_10350,Finland,5,4,2.5,0
2026-01-19,event_10351,Congo - Kinshasa,5,1,5,0
2026-01-19,event_10351,Czechia,5,1,5,0
2026-01-19,event_10351,Yemen,5,1,5,0
2026-01-19,event_10351,Niger,5,2,2.5,0
2026-01-19,event_10351,Cyprus,5,2,5,0
2026-01-19,event_10353,French Guiana,5,1,5,0
2026-01-19,event_10353,Mauritius,5,1,5,0
2026-01-19,event_10354,New Zealand,5,2,2.5,0
2026-01-19,event_10354,Italy,5,4,1.25,0
2026-01-19,event_10354,Peru,5,5,1,0
2026-01-19,event_10363,Malta,5,1,0,0
2026-01-19,event_10363,United Arab Emirates,5,3,1.6666666666666667,0
2026-01-19,event_10363,United Kingdom,5,3,1.6666666666666667,0
2026-01-19,event_10363,France,5,3,2.5,0
2026-01-19,event_10505,Greece,5,1,5,0
2026-01-19,event_10505,Libya,5,1,5,0
2026-01-19,event_10505,Luxembourg,5,1,5,0
2026-01-19,event_10505,Myanmar (Burma),5,1,5,0
2026-01-19,event_10505,Taiwan,5,2,5,0
2026-01-19,event_10505,Romania,5,3,1.6666666666666667,0
2026-01-19,event_10505,United Arab Emirates,5,3,2.5,0
2026-01-19,event_10505,Haiti,5,4,1.25,0
2026-01-19,event_10511,Singapore,5,1,5,0
2026-01-19,event_10850,Portugal,5,1,5,0
2026-01-19,event_10850,Ecuador,5,2,2.5,0
2026-01-19,event_10850,Algeria,5,3,1.6666666666666667,0
2026-01-19,subscription_screen_open,Romania,5,1,5,0
2026-01-19,subscription_screen_open,South Africa,5,3,1.6666666666666667,0
2026-01-19,subscription_screen_open,Peru,5,4,1.25,0
2026-01-19,subscription_screen_open,United Kingdom,5,4,1.25,0
2026-01-19,event_1600,Bolivia,5,2,2.5,0
2026-01-19,event_1600,Iraq,5,2,2.5,0
2026-01-19,event_1600,Israel,5,2,2.5,0
2026-01-19,event_1600,Ecuador,5,3,1.6666666666666667,0
2026-01-19,event_1600,Guatemala,5,4,1.25,0
2026-01-19,event_1600,Italy,5,4,1.25,0
2026-01-19,event_1600,Saudi Arabia,5,4,1.25,0
2026-01-19,event_1650,Algeria,5,2,2.5,0
2026-01-19,event_1650,Chile,5,3,1.6666666666666667,0
2026-01-19,event_1650,Argentina,5,4,1.25,0
2026-01-19,event_1650,Bangladesh,5,4,1.25,0
2026-01-19,event_1650,United Kingdom,5,5,1,0
2026-01-19,event_1750,Bangladesh,5,4,1.25,0
2026-01-19,event_1750,Egypt,5,4,1.25,0
2026-01-19,event_2100,Bolivia,5,3,1.6666666666666667,0
2026-01-19,event_2100,Germany,5,3,1.6666666666666667,0
2026-01-19,event_2100,Cuba,5,4,1.25,0
2026-01-19,event_2100,New Zealand,5,4,1.25,0
2026-01-19,event_2100,Pakistan,5,4,1.25,0
2026-01-19,event_2100,Peru,5,4,1.25,0
2026-01-19,event_2100,Syria,5,4,1.25,0
2026-01-19,event_2100,Nigeria,5,5,1,0
2026-01-19,event_2300,Iran,5,2,2.5,0
2026-01-19,event_2300,Netherlands,5,3,1.6666666666666667,0
2026-01-19,event_2300,Romania,5,3,1.6666666666666667,0
2026-01-19,event_2300,Canada,5,5,1,0
2026-01-19,event_2600,Portugal,5,4,1.25,0
2026-01-19,event_2600,Puerto Rico,5,5,1,0
2026-01-19,event_26003,Syria,5,4,1.25,0
2026-01-19,event_29000,Pakistan,5,2,2.5,0
2026-01-19,event_29000,Canada,5,3,1.6666666666666667,0
2026-01-19,event_31009,Netherlands,5,2,2.5,0
2026-01-19,event_31009,Bangladesh,5,4,1.25,0
2026-01-19,event_37000,Argentina,5,5,1,0
2026-01-19,event_6800,Albania,5,2,0,0
2026-01-19,event_6800,Grenada,5,2,0,0
2026-01-19,event_6800,Guinea-Bissau,5,2,0,0
2026-01-19,event_6800,Rwanda,5,2,0,0
2026-01-19,event_6800,Niger,5,2,2.5,0
2026-01-19,event_6800,Brunei,5,2,5,0
2026-01-19,event_6800,Turkmenistan,5,2,5,0
2026-01-19,event_6800,Austria,5,3,2.5,0
2026-01-19,event_6800,Cambodia,5,3,5,0
2026-01-19,event_9900,Ireland,5,4,1.25,0
2026-01-19,open_wifi_alert__click_on_upgrade,United States,5,5,1,0
2026-01-19,open_wifi_alert_paywall__screen_viewed,United States,5,5,1,0
2026-01-19,pix_analyzer_onboarding_activate_click,United States,5,5,1,0
2026-01-19,event_1000,Bermuda,4,1,4,0
2026-01-19,event_1000,Qatar,4,1,4,0
2026-01-19,event_1000,Ethiopia,4,2,2,0
2026-01-19,event_1000,Ireland,4,2,2,0
2026-01-19,event_1000,Switzerland,4,2,2,0
2026-01-19,event_1000,Guyana,4,4,1,0
2026-01-19,event_10000,India,4,4,1,0
2026-01-19,event_10100,Romania,4,2,2,0
2026-01-19,event_10100,Chile,4,3,1.3333333333333333,0
2026-01-19,event_10100,Japan,4,3,1.3333333333333333,0
2026-01-19,event_10100,Jordan,4,3,1.3333333333333333,0
2026-01-19,event_10100,United Arab Emirates,4,3,1.3333333333333333,0
2026-01-19,event_10100,Honduras,4,4,1,0
2026-01-19,event_10100,Spain,4,4,1,0
2026-01-19,event_10210,Pakistan,4,1,4,0
2026-01-19,event_10210,Uruguay,4,1,4,0
2026-01-19,event_10350,Lithuania,4,1,4,0
2026-01-19,event_10350,Macao,4,2,0,0
2026-01-19,event_10350,São Tomé & Príncipe,4,2,0,0
2026-01-19,event_10351,Suriname,4,1,0,0
2026-01-19,event_10351,Lithuania,4,1,4,0
2026-01-19,event_10352,Guam,4,1,4,0
2026-01-19,event_10352,Guinea-Bissau,4,2,0,0
2026-01-19,event_10352,São Tomé & Príncipe,4,2,0,0
2026-01-19,event_10352,Austria,4,2,2,0
2026-01-19,event_10352,Ireland,4,2,2,0
2026-01-19,event_10353,Congo - Kinshasa,4,1,4,0
2026-01-19,event_10353,Côte d’Ivoire,4,1,4,0
2026-01-19,event_10353,Slovakia,4,1,4,0
2026-01-19,event_10353,Turkmenistan,4,1,4,0
2026-01-19,event_10353,Ethiopia,4,2,2,0
2026-01-19,event_10353,Trinidad & Tobago,4,2,2,0
2026-01-19,event_10354,Australia,4,2,2,0
2026-01-19,event_10354,Nigeria,4,2,2,0
2026-01-19,event_10354,Romania,4,3,1.3333333333333333,0
2026-01-19,event_10363,Congo - Kinshasa,4,1,4,0
2026-01-19,event_10363,China,4,2,4,0
2026-01-19,event_10363,Uganda,4,3,1.3333333333333333,0
2026-01-19,event_10363,Colombia,4,4,1,0
2026-01-19,event_10505,Switzerland,4,2,4,0
2026-01-19,event_10505,Cape Verde,4,4,1,0
2026-01-19,event_10511,Japan,4,2,2,0
2026-01-19,event_10512,Bolivia,4,1,4,0
2026-01-19,event_10512,Philippines,4,2,2,0
2026-01-19,event_10800,Puerto Rico,4,4,1,0
2026-01-19,event_10850,Philippines,4,1,4,0
2026-01-19,event_10850,Syria,4,4,1,0
2026-01-19,subscription_screen_open,Iraq,4,1,4,0
2026-01-19,subscription_screen_open,Australia,4,2,2,0
2026-01-19,subscription_screen_open,Indonesia,4,4,1,0
2026-01-19,subscription_screen_open,Philippines,4,4,1,0
2026-01-19,event_1600,Dominican Republic,4,2,2,0
2026-01-19,event_1600,Syria,4,2,2,0
2026-01-19,event_1600,Australia,4,3,1.3333333333333333,0
2026-01-19,event_1600,Chile,4,3,1.3333333333333333,0
2026-01-19,event_1600,Paraguay,4,3,1.3333333333333333,0
2026-01-19,event_1600,Cuba,4,4,1,0
2026-01-19,event_1650,Egypt,4,4,1,0
2026-01-19,event_1750,Spain,4,4,1,0
2026-01-19,event_2100,Morocco,4,3,1.3333333333333333,0
2026-01-19,event_2100,Guatemala,4,4,1,0
2026-01-19,event_2100,Netherlands,4,4,1,0
2026-01-19,event_2100,Romania,4,4,1,0
2026-01-19,event_2100,Spain,4,4,1,0
2026-01-19,event_2300,Germany,4,2,2,0
2026-01-19,event_2300,Colombia,4,3,1.3333333333333333,0
2026-01-19,event_2300,Egypt,4,3,1.3333333333333333,0
2026-01-19,event_29000,Algeria,4,2,2,0
2026-01-19,event_29000,Puerto Rico,4,4,1,0
2026-01-19,event_30000,Australia,4,1,4,0
2026-01-19,event_31009,Uganda,4,1,4,0
2026-01-19,event_31009,Israel,4,2,2,0
2026-01-19,event_31009,Spain,4,2,2,0
2026-01-19,event_31009,Puerto Rico,4,3,1.3333333333333333,0
2026-01-19,event_31009,United Kingdom,4,3,1.3333333333333333,0
2026-01-19,event_37000,Puerto Rico,4,4,1,0
2026-01-19,event_6800,Belize,4,1,0,0
2026-01-19,event_6800,South Sudan,4,1,0,0
2026-01-19,event_6800,Aruba,4,1,4,0
2026-01-19,event_6800,Botswana,4,1,4,0
2026-01-19,event_6800,Burkina Faso,4,2,0,0
2026-01-19,event_6800,Denmark,4,2,0,0
2026-01-19,event_6800,Malta,4,2,0,0
2026-01-19,event_6800,Zambia,4,2,2,0
2026-01-19,event_6800,Lithuania,4,2,4,0
2026-01-19,event_6800,(not set),4,4,1,0
2026-01-19,event_6801,Iraq,4,1,4,0
2026-01-19,event_6801,South Africa,4,2,2,0
2026-01-19,event_6801,Chile,4,3,1.3333333333333333,0
2026-01-19,event_6801,El Salvador,4,4,1,0
2026-01-19,event_6801,Iran,4,4,1,0
2026-01-19,event_6801,Peru,4,4,1,0
2026-01-19,event_8000,Algeria,4,4,1,0
2026-01-19,event_8000,Morocco,4,4,1,0
2026-01-19,event_8000,Portugal,4,4,1,0
2026-01-19,event_8000,Canada,4,4,2,0
2026-01-19,event_8001,Algeria,4,4,1,0
2026-01-19,event_8001,Mexico,4,4,1,0
2026-01-19,event_8001,Portugal,4,4,1,0
2026-01-19,event_9900,Hungary,4,1,4,0
2026-01-19,event_9900,U.S. Virgin Islands,4,1,4,0
2026-01-19,event_9900,Bangladesh,4,2,2,0
2026-01-19,event_9900,France,4,3,1.3333333333333333,0
2026-01-19,event_1000,Cambodia,3,1,3,0
2026-01-19,event_1000,Uruguay,3,1,3,0
2026-01-19,event_10100,Greece,3,1,3,0
2026-01-19,event_10100,Australia,3,2,1.5,0
2026-01-19,event_10100,Costa Rica,3,2,1.5,0
2026-01-19,event_10100,Morocco,3,2,1.5,0
2026-01-19,event_10100,Singapore,3,2,1.5,0
2026-01-19,event_10100,South Korea,3,2,1.5,0
2026-01-19,event_10100,Vietnam,3,2,1.5,0
2026-01-19,event_10100,Angola,3,3,1,0
2026-01-19,event_10210,France,3,1,3,0
2026-01-19,event_10350,French Polynesia,3,2,3,0
2026-01-19,event_10350,Palestine,3,2,3,0
2026-01-19,event_10351,Belarus,3,1,0,0
2026-01-19,event_10351,Myanmar (Burma),3,3,1.5,0
2026-01-19,event_10352,Kyrgyzstan,3,1,0,0
2026-01-19,event_10352,Macao,3,1,0,0
2026-01-19,event_10352,Somalia,3,1,0,0
2026-01-19,event_10352,Kuwait,3,2,0,0
2026-01-19,event_10352,Cameroon,3,3,0,0
2026-01-19,event_10353,China,3,1,3,0
2026-01-19,event_10353,Austria,3,2,1.5,0
2026-01-19,event_10353,Haiti,3,3,1.5,0
2026-01-19,event_10354,Panama,3,1,3,0
2026-01-19,event_10354,Costa Rica,3,2,1.5,0
2026-01-19,event_10354,Angola,3,3,1,0
2026-01-19,event_10354,France,3,3,1,0
2026-01-19,event_10354,Philippines,3,3,1,0
2026-01-19,event_10354,Saudi Arabia,3,3,1,0
2026-01-19,event_10363,French Guiana,3,1,3,0
2026-01-19,event_10363,Libya,3,1,3,0
2026-01-19,event_10363,Tunisia,3,1,3,0
2026-01-19,event_10363,Zambia,3,1,3,0
2026-01-19,event_10363,Chile,3,2,1.5,0
2026-01-19,event_10363,Malaysia,3,2,3,0
2026-01-19,event_10363,Cape Verde,3,3,1,0
2026-01-19,event_10363,Guyana,3,3,1,0
2026-01-19,event_10363,Jamaica,3,3,1.5,0
2026-01-19,event_10505,New Zealand,3,1,0,0
2026-01-19,event_10505,Benin,3,1,3,0
2026-01-19,event_10505,Tunisia,3,1,3,0
2026-01-19,event_10505,Yemen,3,1,3,0
2026-01-19,event_10505,Türkiye,3,2,0,0
2026-01-19,event_10505,Uzbekistan,3,2,1.5,0
2026-01-19,event_10505,Guinea,3,2,3,0
2026-01-19,event_10505,Jordan,3,2,3,0
2026-01-19,event_10505,Dominican Republic,3,3,1.5,0
2026-01-19,event_10505,Tanzania,3,3,1.5,0
2026-01-19,event_10511,Jamaica,3,1,3,0
2026-01-19,event_10511,Niger,3,1,3,0
2026-01-19,event_10511,Oman,3,1,3,0
2026-01-19,event_10512,Bangladesh,3,1,3,0
2026-01-19,event_10512,Egypt,3,1,3,0
2026-01-19,event_10512,Venezuela,3,1,3,0
2026-01-19,event_10800,India,3,2,1.5,0
2026-01-19,subscription_screen_open,Paraguay,3,2,1.5,0
2026-01-19,subscription_screen_open,Colombia,3,3,1,0
2026-01-19,subscription_screen_open,Pakistan,3,3,1,0
2026-01-19,subscription_screen_open,Spain,3,3,1,0
2026-01-19,subscription_subscribe_click,Argentina,3,2,1.5,0
2026-01-19,subscription_subscribe_click,India,3,2,1.5,0
2026-01-19,subscription_cancel_click,Brazil,3,2,1.5,0
2026-01-19,subscription_purchase_complete,United States,3,3,1,0
2026-01-19,event_1600,Greece,3,1,3,0
2026-01-19,event_1600,Libya,3,1,3,0
2026-01-19,event_1600,China,3,2,1.5,0
2026-01-19,event_1600,Belgium,3,3,1,0
2026-01-19,event_1650,Australia,3,2,1.5,0
2026-01-19,event_1650,Dominican Republic,3,2,1.5,0
2026-01-19,event_1650,South Africa,3,3,1,0
2026-01-19,event_1700,Bangladesh,3,2,1.5,0
2026-01-19,event_1700,New Zealand,3,2,1.5,0
2026-01-19,event_1700,Colombia,3,3,1,0
2026-01-19,event_1700,Puerto Rico,3,3,1,0
2026-01-19,event_1700,United Kingdom,3,3,1,0
2026-01-19,event_1750,Tunisia,3,1,3,0
2026-01-19,event_1750,India,3,2,1.5,0
2026-01-19,event_1750,Peru,3,2,1.5,0
2026-01-19,event_2100,Tunisia,3,1,3,0
2026-01-19,event_2100,Chile,3,2,1.5,0
2026-01-19,event_2100,Greece,3,2,1.5,0
2026-01-19,event_2100,Italy,3,2,1.5,0
2026-01-19,event_2100,Malaysia,3,2,1.5,0
2026-01-19,event_2100,Angola,3,3,1,0
2026-01-19,event_2300,Uruguay,3,1,3,0
2026-01-19,event_2300,Honduras,3,2,1.5,0
2026-01-19,event_2300,Argentina,3,3,1,0
2026-01-19,event_2300,Peru,3,3,1,0
2026-01-19,event_2300,South Africa,3,3,1,0
2026-01-19,event_2600,Canada,3,3,1,0
2026-01-19,event_26003,Portugal,3,2,1.5,0
2026-01-19,event_26003,Canada,3,3,1,0
2026-01-19,event_29000,Argentina,3,2,1.5,0
2026-01-19,event_29000,Bangladesh,3,2,1.5,0
2026-01-19,event_29000,Portugal,3,3,1,0
2026-01-19,event_31009,Singapore,3,1,3,0
2026-01-19,event_31009,Germany,3,2,1.5,0
2026-01-19,event_31009,Romania,3,2,1.5,0
2026-01-19,event_31009,Saudi Arabia,3,2,1.5,0
2026-01-19,event_31009,South Africa,3,3,1,0
2026-01-19,event_37000,India,3,1,3,0
2026-01-19,event_37000,Cuba,3,2,1.5,0
2026-01-19,event_37000,Bolivia,3,3,1,0
2026-01-19,event_37000,Canada,3,3,1,0
2026-01-19,event_39100,Ecuador,3,2,1.5,0
2026-01-19,event_6800,Georgia,3,1,0,0
2026-01-19,event_6800,Kazakhstan,3,1,0,0
2026-01-19,event_6800,Namibia,3,1,0,0
2026-01-19,event_6800,Seychelles,3,1,0,0
2026-01-19,event_6800,Bermuda,3,1,3,0
2026-01-19,event_6800,Cyprus,3,1,3,0
2026-01-19,event_6800,Malawi,3,1,3,0
2026-01-19,event_6800,Mauritius,3,1,3,0
2026-01-19,event_6800,Moldova,3,1,3,0
2026-01-19,event_6800,Somalia,3,1,3,0
2026-01-19,event_6800,Eswatini,3,2,3,0
2026-01-19,event_6801,Israel,3,1,3,0
2026-01-19,event_6801,Syria,3,1,3,0
2026-01-19,event_6801,France,3,2,1.5,0
2026-01-19,event_6801,Jamaica,3,2,1.5,0
2026-01-19,event_6801,Malaysia,3,2,1.5,0
2026-01-19,event_6801,Bangladesh,3,3,1,0
2026-01-19,event_6801,Canada,3,3,1,0
2026-01-19,event_6801,Colombia,3,3,1,0
2026-01-19,event_6801,Germany,3,3,1,0
2026-01-19,event_6801,Guatemala,3,3,1,0
2026-01-19,event_6801,Pakistan,3,3,1,0
2026-01-19,event_8000,Mexico,3,3,1,0
2026-01-19,event_8000,Philippines,3,3,1,0
2026-01-19,event_8000,Saudi Arabia,3,3,1,0
2026-01-19,event_8001,Morocco,3,3,1,0
2026-01-19,event_8001,Puerto Rico,3,3,1,0
2026-01-19,event_8001,Saudi Arabia,3,3,1,0
2026-01-19,event_9900,China,3,1,3,0
2026-01-19,event_9900,South Africa,3,1,3,0
2026-01-19,event_9900,Thailand,3,1,3,0
2026-01-19,event_9900,Paraguay,3,2,1.5,0
2026-01-19,event_9900,Peru,3,2,1.5,0
2026-01-19,event_9900,Switzerland,3,2,1.5,0
2026-01-19,event_9900,Chile,3,3,1,0
2026-01-19,open_wifi_alert__click_on_upgrade,Portugal,3,1,3,0
2026-01-19,open_wifi_alert_paywall__screen_viewed,Portugal,3,1,3,0
2026-01-19,event_1000,Afghanistan,2,1,2,0
2026-01-19,event_1000,Curaçao,2,1,2,0
2026-01-19,event_1000,Antigua & Barbuda,2,2,1,0
2026-01-19,event_1000,South Korea,2,2,1,0
2026-01-19,event_1000,Sri Lanka,2,2,1,0
2026-01-19,event_1000,Sudan,2,2,1,0
2026-01-19,event_10000,Myanmar (Burma),2,1,2,0
2026-01-19,event_10000,Argentina,2,2,1,0
2026-01-19,event_10100,Cape Verde,2,1,2,0
2026-01-19,event_10100,Belgium,2,2,1,0
2026-01-19,event_10100,Guatemala,2,2,1,0
2026-01-19,event_10100,Nepal,2,2,1,0
2026-01-19,event_10100,Nigeria,2,2,1,0
2026-01-19,event_10100,Trinidad & Tobago,2,2,1,0
2026-01-19,event_10100,Venezuela,2,2,1,0
2026-01-19,event_10100,Curaçao,2,2,2,0
2026-01-19,event_10210,Bangladesh,2,1,2,0
2026-01-19,event_10350,Gambia,2,1,0,0
2026-01-19,event_10350,Iceland,2,1,0,0
2026-01-19,event_10350,Kiribati,2,1,0,0
2026-01-19,event_10350,Kosovo,2,1,0,0
2026-01-19,event_10350,Rwanda,2,1,0,0
2026-01-19,event_10350,Seychelles,2,1,0,0
2026-01-19,event_10350,Solomon Islands,2,1,0,0
2026-01-19,event_10350,Malawi,2,1,2,0
2026-01-19,event_10351,Burkina Faso,2,1,0,0
2026-01-19,event_10351,Eswatini,2,1,0,0
2026-01-19,event_10351,Malawi,2,1,2,0
2026-01-19,event_10351,Micronesia,2,1,2,0
2026-01-19,event_10351,Palestine,2,1,2,0
2026-01-19,event_10351,Cuba,2,2,1,0
2026-01-19,event_10351,Azerbaijan,2,2,2,0
2026-01-19,event_10352,Bermuda,2,1,0,0
2026-01-19,event_10352,Palestine,2,1,0,0
2026-01-19,event_10352,Rwanda,2,1,0,0
2026-01-19,event_10352,Solomon Islands,2,1,0,0
2026-01-19,event_10352,South Sudan,2,1,0,0
2026-01-19,event_10352,Mauritius,2,1,2,0
2026-01-19,event_10352,Belgium,2,2,0,0
2026-01-19,event_10352,Finland,2,2,2,0
2026-01-19,event_10352,French Polynesia,2,2,2,0
2026-01-19,event_10353,Czechia,2,1,2,0
2026-01-19,event_10353,Serbia,2,1,2,0
2026-01-19,event_10353,Taiwan,2,2,2,0
2026-01-19,event_10353,Türkiye,2,2,2,0
2026-01-19,event_10354,Bolivia,2,1,2,0
2026-01-19,event_10354,Honduras,2,1,2,0
2026-01-19,event_10354,Qatar,2,1,2,0
2026-01-19,event_10354,Sri Lanka,2,1,2,0
2026-01-19,event_10354,Togo,2,1,2,0
2026-01-19,event_10354,Ecuador,2,2,1,0
2026-01-19,event_10354,Paraguay,2,2,1,0
2026-01-19,event_10354,South Africa,2,2,1,0
2026-01-19,event_10354,United Arab Emirates,2,2,1,0
2026-01-19,event_10354,Netherlands,2,2,2,0
2026-01-19,event_10363,Bulgaria,2,1,2,0
2026-01-19,event_10363,Greece,2,1,2,0
2026-01-19,event_10363,Haiti,2,1,2,0
2026-01-19,event_10363,Mali,2,1,2,0
2026-01-19,event_10363,Micronesia,2,1,2,0
2026-01-19,event_10363,Morocco,2,1,2,0
2026-01-19,event_10363,(not set),2,2,1,0
2026-01-19,event_10363,Angola,2,2,1,0
2026-01-19,event_10363,Nepal,2,2,2,0
2026-01-19,event_10364,Egypt,2,2,1,0
2026-01-19,event_10364,Syria,2,2,1,0
2026-01-19,event_10505,Antigua & Barbuda,2,1,0,0
2026-01-19,event_10505,Guam,2,1,2,0
2026-01-19,event_10505,Guyana,2,1,2,0
2026-01-19,event_10505,Mali,2,1,2,0
2026-01-19,event_10505,Niger,2,1,2,0
2026-01-19,event_10505,Slovakia,2,1,2,0
2026-01-19,event_10505,Zambia,2,1,2,0
2026-01-19,event_10505,Hungary,2,2,0,0
2026-01-19,event_10505,Honduras,2,2,1,0
2026-01-19,event_10505,American Samoa,2,2,2,0
2026-01-19,event_10505,Singapore,2,2,2,0
2026-01-19,event_10505,Trinidad & Tobago,2,2,2,0
2026-01-19,event_10512,Ethiopia,2,1,2,0
2026-01-19,event_10512,Honduras,2,1,2,0
2026-01-19,event_10512,Iran,2,1,2,0
2026-01-19,event_10512,Norway,2,1,2,0
2026-01-19,event_10800,Bangladesh,2,1,2,0
2026-01-19,event_10800,Portugal,2,1,2,0
2026-01-19,event_10800,Bolivia,2,2,1,0
2026-01-19,event_10800,Mexico,2,2,1,0
2026-01-19,event_10800,United Kingdom,2,2,1,0
2026-01-19,event_10850,Mexico,2,2,1,0
2026-01-19,event_10850,Nigeria,2,2,1,0
2026-01-19,subscription_screen_open,Honduras,2,1,2,0
2026-01-19,subscription_screen_open,Jamaica,2,1,2,0
2026-01-19,subscription_screen_open,Morocco,2,1,2,0
2026-01-19,subscription_screen_open,Nigeria,2,1,2,0
2026-01-19,subscription_screen_open,Tunisia,2,1,2,0
2026-01-19,subscription_screen_open,Cape Verde,2,2,1,0
2026-01-19,subscription_screen_open,Netherlands,2,2,1,0
2026-01-19,subscription_subscribe_click,Germany,2,1,2,0
2026-01-19,subscription_subscribe_click,Libya,2,1,2,0
2026-01-19,subscription_subscribe_click,Nigeria,2,1,2,0
2026-01-19,subscription_subscribe_click,Romania,2,1,2,0
2026-01-19,event_1600,Netherlands,2,1,2,0
2026-01-19,event_1600,Qatar,2,1,2,0
2026-01-19,event_1600,Guyana,2,2,1,0
2026-01-19,event_1600,Honduras,2,2,1,0
2026-01-19,event_1600,Ireland,2,2,1,0
2026-01-19,event_1600,New Zealand,2,2,1,0
2026-01-19,event_1600,Serbia,2,2,1,0
2026-01-19,event_1650,Israel,2,1,2,0
2026-01-19,event_1650,Libya,2,1,2,0
2026-01-19,event_1650,Netherlands,2,1,2,0
2026-01-19,event_1650,Spain,2,1,2,0
2026-01-19,event_1650,Bolivia,2,2,1,0
2026-01-19,event_1650,Canada,2,2,1,0
2026-01-19,event_1650,Cuba,2,2,1,0
2026-01-19,event_1650,France,2,2,1,0
2026-01-19,event_1650,Germany,2,2,1,0
2026-01-19,event_1650,Malaysia,2,2,1,0
2026-01-19,event_1650,Nigeria,2,2,1,0
2026-01-19,event_1650,Pakistan,2,2,1,0
2026-01-19,event_1650,Philippines,2,2,1,0
2026-01-19,event_1650,Saudi Arabia,2,2,1,0
2026-01-19,event_1700,Netherlands,2,1,2,0
2026-01-19,event_1700,Saudi Arabia,2,1,2,0
2026-01-19,event_1700,Canada,2,2,1,0
2026-01-19,event_1700,Cuba,2,2,1,0
2026-01-19,event_1700,Egypt,2,2,1,0
2026-01-19,event_1700,Portugal,2,2,1,0
2026-01-19,event_1750,Bolivia,2,1,2,0
2026-01-19,event_1750,Cuba,2,1,2,0
2026-01-19,event_1750,France,2,1,2,0
2026-01-19,event_1750,Greece,2,1,2,0
2026-01-19,event_1750,Algeria,2,2,1,0
2026-01-19,event_1750,Guatemala,2,2,1,0
2026-01-19,event_1750,Jamaica,2,2,1,0
2026-01-19,event_1750,Malaysia,2,2,1,0
2026-01-19,event_1750,Romania,2,2,1,0
2026-01-19,event_1750,Saudi Arabia,2,2,1,0
2026-01-19,event_1750,United Kingdom,2,2,1,0
2026-01-19,event_2100,Libya,2,1,2,0
2026-01-19,event_2100,Serbia,2,1,2,0
2026-01-19,event_2100,Thailand,2,1,2,0
2026-01-19,event_2100,Togo,2,1,2,0
2026-01-19,event_2100,Australia,2,2,1,0
2026-01-19,event_2100,Iraq,2,2,1,0
2026-01-19,event_2100,Jamaica,2,2,1,0
2026-01-19,event_2100,Panama,2,2,1,0
2026-01-19,event_2100,Paraguay,2,2,1,0
2026-01-19,event_2100,Uganda,2,2,1,0
2026-01-19,event_2300,Bangladesh,2,2,1,0
2026-01-19,event_2300,Cuba,2,2,1,0
2026-01-19,event_2300,France,2,2,1,0
2026-01-19,event_2300,Indonesia,2,2,1,0
2026-01-19,event_2300,Iraq,2,2,1,0
2026-01-19,event_2300,Italy,2,2,1,0
2026-01-19,event_2300,Malaysia,2,2,1,0
2026-01-19,event_2300,Morocco,2,2,1,0
2026-01-19,event_2300,Saudi Arabia,2,2,1,0
2026-01-19,event_2300,Uganda,2,2,1,0
2026-01-19,event_2600,Ghana,2,1,2,0
2026-01-19,event_2600,Bangladesh,2,2,1,0
2026-01-19,event_2600,India,2,2,1,0
2026-01-19,event_26003,Cuba,2,1,2,0
2026-01-19,event_26003,Germany,2,1,2,0
2026-01-19,event_26003,Jamaica,2,1,2,0
2026-01-19,event_26003,United Kingdom,2,2,1,0
2026-01-19,event_29000,Chile,2,1,2,0
2026-01-19,event_29000,Italy,2,1,2,0
2026-01-19,event_29000,Bolivia,2,2,1,0
2026-01-19,event_29000,Cuba,2,2,1,0
2026-01-19,event_29000,Indonesia,2,2,1,0
2026-01-19,event_29000,Iran,2,2,1,0
2026-01-19,event_29000,Nigeria,2,2,1,0
2026-01-19,event_29000,United Kingdom,2,2,1,0
2026-01-19,event_30000,Uruguay,2,1,2,0
2026-01-19,event_30000,Canada,2,2,1,0
2026-01-19,event_31009,Ireland,2,1,2,0
2026-01-19,event_31009,Pakistan,2,1,2,0
2026-01-19,event_31009,Chile,2,2,1,0
2026-01-19,event_37000,Australia,2,1,2,0
2026-01-19,event_37000,Pakistan,2,2,1,0
2026-01-19,event_39000,Romania,2,1,2,0
2026-01-19,event_39100,Qatar,2,1,2,0
2026-01-19,event_39100,Portugal,2,2,1,0
2026-01-19,event_4418,Philippines,2,1,2,0
2026-01-19,event_4418,Romania,2,1,2,0
2026-01-19,event_6800,Bhutan,2,1,0,0
2026-01-19,event_6800,Estonia,2,1,0,0
2026-01-19,event_6800,Gambia,2,1,0,0
2026-01-19,event_6800,Kyrgyzstan,2,1,0,0
2026-01-19,event_6800,North Macedonia,2,1,0,0
2026-01-19,event_6800,Palestine,2,1,0,0
2026-01-19,event_6800,Sint Maarten,2,1,0,0
2026-01-19,event_6800,Micronesia,2,1,2,0
2026-01-19,event_6800,Mali,2,2,1,0
2026-01-19,event_6800,Guinea,2,2,2,0
2026-01-19,event_6801,French Guiana,2,1,2,0
2026-01-19,event_6801,Morocco,2,1,2,0
2026-01-19,event_6801,Serbia,2,1,2,0
2026-01-19,event_6801,Algeria,2,2,1,0
2026-01-19,event_6801,Australia,2,2,1,0
2026-01-19,event_6801,Japan,2,2,1,0
2026-01-19,event_6801,Netherlands,2,2,1,0
2026-01-19,event_6801,Romania,2,2,1,0
2026-01-19,event_6801,Sri Lanka,2,2,1,0
2026-01-19,event_8000,Serbia,2,1,2,0
2026-01-19,event_8000,Germany,2,2,1,0
2026-01-19,event_8000,Italy,2,2,1,0
2026-01-19,event_8000,Malaysia,2,2,1,0
2026-01-19,event_8000,Puerto Rico,2,2,1,0
2026-01-19,event_8000,Syria,2,2,1,0
2026-01-19,event_8001,Serbia,2,1,2,0
2026-01-19,event_8001,Philippines,2,2,1,0
2026-01-19,event_8001,Syria,2,2,1,0
2026-01-19,event_8001,Indonesia,2,2,2,0
2026-01-19,event_9900,Greece,2,1,2,0
2026-01-19,event_9900,Honduras,2,1,2,0
2026-01-19,event_9900,Morocco,2,1,2,0
2026-01-19,event_9900,New Zealand,2,1,2,0
2026-01-19,event_9900,Romania,2,1,2,0
2026-01-19,event_9900,Syria,2,1,2,0
2026-01-19,event_9900,United Arab Emirates,2,1,2,0
2026-01-19,event_9900,Australia,2,2,1,0
2026-01-19,event_9900,Kuwait,2,2,1,0
2026-01-19,subscription_purchase_abandoned,Brazil,2,1,2,0
2026-01-19,subscription_subscribe_click,Brazil,2,1,2,0
2026-01-19,event_1000,Bahamas,1,1,1,0
2026-01-19,event_1000,Bahrain,1,1,1,0
2026-01-19,event_1000,Botswana,1,1,1,0
2026-01-19,event_1000,Bulgaria,1,1,1,0
2026-01-19,event_1000,Cameroon,1,1,1,0
2026-01-19,event_1000,Cape Verde,1,1,1,0
2026-01-19,event_1000,Congo - Kinshasa,1,1,1,0
2026-01-19,event_1000,Czechia,1,1,1,0
2026-01-19,event_1000,Djibouti,1,1,1,0
2026-01-19,event_1000,Hong Kong,1,1,1,0
2026-01-19,event_1000,Kenya,1,1,1,0
2026-01-19,event_1000,Laos,1,1,1,0
2026-01-19,event_1000,Liberia,1,1,1,0
2026-01-19,event_1000,Libya,1,1,1,0
2026-01-19,event_1000,Mali,1,1,1,0
2026-01-19,event_1000,Marshall Islands,1,1,1,0
2026-01-19,event_1000,Mauritius,1,1,1,0
2026-01-19,event_1000,Micronesia,1,1,1,0
2026-01-19,event_1000,Nepal,1,1,1,0
2026-01-19,event_1000,Nicaragua,1,1,1,0
2026-01-19,event_1000,Niger,1,1,1,0
2026-01-19,event_1000,Norway,1,1,1,0
2026-01-19,event_1000,Oman,1,1,1,0
2026-01-19,event_1000,Papua New Guinea,1,1,1,0
2026-01-19,event_1000,Poland,1,1,1,0
2026-01-19,event_1000,Russia,1,1,1,0
2026-01-19,event_1000,Slovakia,1,1,1,0
2026-01-19,event_1000,St. Vincent & Grenadines,1,1,1,0
2026-01-19,event_1000,Sweden,1,1,1,0
2026-01-19,event_1000,Trinidad & Tobago,1,1,1,0
2026-01-19,event_1000,Turkmenistan,1,1,1,0
2026-01-19,event_1000,Türkiye,1,1,1,0
2026-01-19,event_1000,Yemen,1,1,1,0
2026-01-19,event_1000,Zambia,1,1,1,0
2026-01-19,event_1000,Zimbabwe,1,1,1,0
2026-01-19,event_10000,Algeria,1,1,1,0
2026-01-19,event_10000,Angola,1,1,1,0
2026-01-19,event_10000,Bahamas,1,1,1,0
2026-01-19,event_10000,Chile,1,1,1,0
2026-01-19,event_10000,Egypt,1,1,1,0
2026-01-19,event_10000,France,1,1,1,0
2026-01-19,event_10000,Guatemala,1,1,1,0
2026-01-19,event_10000,Indonesia,1,1,1,0
2026-01-19,event_10000,Iran,1,1,1,0
2026-01-19,event_10000,Libya,1,1,1,0
2026-01-19,event_10000,Pakistan,1,1,1,0
2026-01-19,event_10000,Peru,1,1,1,0
2026-01-19,event_10000,Philippines,1,1,1,0
2026-01-19,event_10000,Portugal,1,1,1,0
2026-01-19,event_10000,Qatar,1,1,1,0
2026-01-19,event_10000,Saudi Arabia,1,1,1,0
2026-01-19,event_10000,South Africa,1,1,1,0
2026-01-19,event_10100,Bahrain,1,1,1,0
2026-01-19,event_10100,Botswana,1,1,1,0
2026-01-19,event_10100,Cambodia,1,1,1,0
2026-01-19,event_10100,Cayman Islands,1,1,1,0
2026-01-19,event_10100,Dominican Republic,1,1,1,0
2026-01-19,event_10100,France,1,1,1,0
2026-01-19,event_10100,French Guiana,1,1,1,0
2026-01-19,event_10100,Guyana,1,1,1,0
2026-01-19,event_10100,Haiti,1,1,1,0
2026-01-19,event_10100,Jamaica,1,1,1,0
2026-01-19,event_10100,Laos,1,1,1,0
2026-01-19,event_10100,Latvia,1,1,1,0
2026-01-19,event_10100,Libya,1,1,1,0
2026-01-19,event_10100,Lithuania,1,1,1,0
2026-01-19,event_10100,Malaysia,1,1,1,0
2026-01-19,event_10100,Martinique,1,1,1,0
2026-01-19,event_10100,Peru,1,1,1,0
2026-01-19,event_10100,Switzerland,1,1,1,0
2026-01-19,event_10100,Togo,1,1,1,0
2026-01-19,event_10100,Türkiye,1,1,1,0
2026-01-19,event_10100,Uganda,1,1,1,0
2026-01-19,event_10100,Uruguay,1,1,1,0
2026-01-19,event_10100,Yemen,1,1,1,0
2026-01-19,event_10210,Australia,1,1,1,0
2026-01-19,event_10210,India,1,1,1,0
2026-01-19,event_10210,Portugal,1,1,1,0
2026-01-19,event_10350,Belize,1,1,0,0
2026-01-19,event_10350,Caribbean Netherlands,1,1,0,0
2026-01-19,event_10350,Estonia,1,1,0,0
2026-01-19,event_10350,Gabon,1,1,0,0
2026-01-19,event_10350,Northern Mariana Islands,1,1,0,0
2026-01-19,event_10350,Réunion,1,1,0,0
2026-01-19,event_10350,Latvia,1,1,1,0
2026-01-19,event_10350,Moldova,1,1,1,0
2026-01-19,event_10351,Caribbean Netherlands,1,1,0,0
2026-01-19,event_10351,Malta,1,1,0,0
2026-01-19,event_10351,Seychelles,1,1,0,0
2026-01-19,event_10351,Moldova,1,1,1,0
2026-01-19,event_10351,Somalia,1,1,1,0
2026-01-19,event_10352,Belarus,1,1,0,0
2026-01-19,event_10352,Belize,1,1,0,0
2026-01-19,event_10352,Brunei,1,1,0,0
2026-01-19,event_10352,Gambia,1,1,0,0
2026-01-19,event_10352,Kiribati,1,1,0,0
2026-01-19,event_10352,Seychelles,1,1,0,0
2026-01-19,event_10352,Cyprus,1,1,1,0
2026-01-19,event_10352,Latvia,1,1,1,0
2026-01-19,event_10352,Martinique,1,1,1,0
2026-01-19,event_10352,Switzerland,1,1,1,0
2026-01-19,event_10352,Ukraine,1,1,1,0
2026-01-19,event_10353,Cameroon,1,1,0,0
2026-01-19,event_10353,Uruguay,1,1,0,0
2026-01-19,event_10353,Benin,1,1,1,0
2026-01-19,event_10353,Guam,1,1,1,0
2026-01-19,event_10353,Guyana,1,1,1,0
2026-01-19,event_10353,Hong Kong,1,1,1,0
2026-01-19,event_10353,Hungary,1,1,1,0
2026-01-19,event_10353,Laos,1,1,1,0
2026-01-19,event_10353,Lithuania,1,1,1,0
2026-01-19,event_10353,Nicaragua,1,1,1,0
2026-01-19,event_10353,Somalia,1,1,1,0
2026-01-19,event_10353,Yemen,1,1,1,0
2026-01-19,event_10354,Belgium,1,1,1,0
2026-01-19,event_10354,Curaçao,1,1,1,0
2026-01-19,event_10354,Dominican Republic,1,1,1,0
2026-01-19,event_10354,El Salvador,1,1,1,0
2026-01-19,event_10354,Ghana,1,1,1,0
2026-01-19,event_10354,Guatemala,1,1,1,0
2026-01-19,event_10354,Ireland,1,1,1,0
2026-01-19,event_10354,Jamaica,1,1,1,0
2026-01-19,event_10354,Japan,1,1,1,0
2026-01-19,event_10354,Jordan,1,1,1,0
2026-01-19,event_10354,Libya,1,1,1,0
2026-01-19,event_10354,Poland,1,1,1,0
2026-01-19,event_10354,Syria,1,1,1,0
2026-01-19,event_10354,Uganda,1,1,1,0
2026-01-19,event_10354,Venezuela,1,1,1,0
2026-01-19,event_10363,Kenya,1,1,0,0
2026-01-19,event_10363,Sri Lanka,1,1,0,0
2026-01-19,event_10363,Sudan,1,1,0,0
2026-01-19,event_10363,Türkiye,1,1,0,0
2026-01-19,event_10363,Yemen,1,1,0,0
2026-01-19,event_10363,Benin,1,1,1,0
2026-01-19,event_10363,El Salvador,1,1,1,0
2026-01-19,event_10363,Ghana,1,1,1,0
2026-01-19,event_10363,Guam,1,1,1,0
2026-01-19,event_10363,Italy,1,1,1,0
2026-01-19,event_10363,Jordan,1,1,1,0
2026-01-19,event_10363,Laos,1,1,1,0
2026-01-19,event_10363,Liberia,1,1,1,0
2026-01-19,event_10363,Netherlands,1,1,1,0
2026-01-19,event_10363,Oman,1,1,1,0
2026-01-19,event_10363,Russia,1,1,1,0
2026-01-19,event_10363,Togo,1,1,1,0
2026-01-19,event_10364,Algeria,1,1,1,0
2026-01-19,event_10364,Bangladesh,1,1,1,0
2026-01-19,event_10364,Bulgaria,1,1,1,0
2026-01-19,event_10364,Cape Verde,1,1,1,0
2026-01-19,event_10364,Cuba,1,1,1,0
2026-01-19,event_10364,Djibouti,1,1,1,0
2026-01-19,event_10364,Iran,1,1,1,0
2026-01-19,event_10364,Myanmar (Burma),1,1,1,0
2026-01-19,event_10364,Nigeria,1,1,1,0
2026-01-19,event_10364,Paraguay,1,1,1,0
2026-01-19,event_10364,South Africa,1,1,1,0
2026-01-19,event_10364,United Arab Emirates,1,1,1,0
2026-01-19,event_10505,Azerbaijan,1,1,0,0
2026-01-19,event_10505,Cameroon,1,1,0,0
2026-01-19,event_10505,China,1,1,0,0
2026-01-19,event_10505,Israel,1,1,0,0
2026-01-19,event_10505,Macao,1,1,0,0
2026-01-19,event_10505,Norway,1,1,0,0
2026-01-19,event_10505,Panama,1,1,0,0
2026-01-19,event_10505,Austria,1,1,1,0
2026-01-19,event_10505,Bahamas,1,1,1,0
2026-01-19,event_10505,Cambodia,1,1,1,0
2026-01-19,event_10505,Congo - Kinshasa,1,1,1,0
2026-01-19,event_10505,Djibouti,1,1,1,0
2026-01-19,event_10505,Eswatini,1,1,1,0
2026-01-19,event_10505,Liberia,1,1,1,0
2026-01-19,event_10505,South Korea,1,1,1,0
2026-01-19,event_10505,Uganda,1,1,1,0
2026-01-19,event_10505,Vietnam,1,1,1,0
2026-01-19,event_10511,Moldova,1,1,1,0
2026-01-19,event_10512,Argentina,1,1,1,0
2026-01-19,event_10512,Australia,1,1,1,0
2026-01-19,event_10512,Dominican Republic,1,1,1,0
2026-01-19,event_10512,India,1,1,1,0
2026-01-19,event_10512,Malaysia,1,1,1,0
2026-01-19,event_10512,Mali,1,1,1,0
2026-01-19,event_10512,Nigeria,1,1,1,0
2026-01-19,event_10512,Puerto Rico,1,1,1,0
2026-01-19,event_10512,Sri Lanka,1,1,1,0
2026-01-19,event_10512,Uzbekistan,1,1,1,0
2026-01-19,event_10800,Chile,1,1,1,0
2026-01-19,event_10800,Colombia,1,1,1,0
2026-01-19,event_10800,Cuba,1,1,1,0
2026-01-19,event_10800,Germany,1,1,1,0
2026-01-19,event_10800,Pakistan,1,1,1,0
2026-01-19,event_10800,Panama,1,1,1,0
2026-01-19,event_10800,Philippines,1,1,1,0
2026-01-19,event_10800,Qatar,1,1,1,0
2026-01-19,event_10850,Argentina,1,1,1,0
2026-01-19,event_10850,Canada,1,1,1,0
2026-01-19,event_10850,China,1,1,1,0
2026-01-19,event_10850,Cuba,1,1,1,0
2026-01-19,event_10850,Egypt,1,1,1,0
2026-01-19,event_10850,Honduras,1,1,1,0
2026-01-19,event_10850,Iraq,1,1,1,0
2026-01-19,event_10850,Pakistan,1,1,1,0
2026-01-19,event_10850,Romania,1,1,1,0
2026-01-19,subscription_screen_open,Belgium,1,1,1,0
2026-01-19,subscription_screen_open,Bolivia,1,1,1,0
2026-01-19,subscription_screen_open,Chile,1,1,1,0
2026-01-19,subscription_screen_open,Costa Rica,1,1,1,0
2026-01-19,subscription_screen_open,Cuba,1,1,1,0
2026-01-19,subscription_screen_open,Dominican Republic,1,1,1,0
2026-01-19,subscription_screen_open,French Guiana,1,1,1,0
2026-01-19,subscription_screen_open,Guatemala,1,1,1,0
2026-01-19,subscription_screen_open,Guyana,1,1,1,0
2026-01-19,subscription_screen_open,Ireland,1,1,1,0
2026-01-19,subscription_screen_open,Italy,1,1,1,0
2026-01-19,subscription_screen_open,Malaysia,1,1,1,0
2026-01-19,subscription_screen_open,United Arab Emirates,1,1,1,0
2026-01-19,subscription_screen_open,Uruguay,1,1,1,0
2026-01-19,subscription_screen_open,Vietnam,1,1,1,0
2026-01-19,subscription_screen_open,Zambia,1,1,1,0
2026-01-19,subscription_subscribe_click,Australia,1,1,1,0
2026-01-19,subscription_subscribe_click,Iraq,1,1,1,0
2026-01-19,subscription_subscribe_click,Jamaica,1,1,1,0
2026-01-19,subscription_subscribe_click,Morocco,1,1,1,0
2026-01-19,subscription_subscribe_click,Myanmar (Burma),1,1,1,0
2026-01-19,subscription_subscribe_click,Pakistan,1,1,1,0
2026-01-19,subscription_subscribe_click,Saudi Arabia,1,1,1,0
2026-01-19,subscription_subscribe_click,Tunisia,1,1,1,0
2026-01-19,subscription_subscribe_click,Vietnam,1,1,1,0
2026-01-19,event_1600,Angola,1,1,1,0
2026-01-19,event_1600,Bermuda,1,1,1,0
2026-01-19,event_1600,Botswana,1,1,1,0
2026-01-19,event_1600,Cambodia,1,1,1,0
2026-01-19,event_1600,Cape Verde,1,1,1,0
2026-01-19,event_1600,Congo - Kinshasa,1,1,1,0
2026-01-19,event_1600,Costa Rica,1,1,1,0
2026-01-19,event_1600,Djibouti,1,1,1,0
2026-01-19,event_1600,El Salvador,1,1,1,0
2026-01-19,event_1600,Hong Kong,1,1,1,0
2026-01-19,event_1600,Jamaica,1,1,1,0
2026-01-19,event_1600,Kenya,1,1,1,0
2026-01-19,event_1600,Mauritius,1,1,1,0
2026-01-19,event_1600,Morocco,1,1,1,0
2026-01-19,event_1600,Mozambique,1,1,1,0
2026-01-19,event_1600,Myanmar (Burma),1,1,1,0
2026-01-19,event_1600,Panama,1,1,1,0
2026-01-19,event_1600,Poland,1,1,1,0
2026-01-19,event_1600,Singapore,1,1,1,0
2026-01-19,event_1600,South Korea,1,1,1,0
2026-01-19,event_1600,St. Vincent & Grenadines,1,1,1,0
2026-01-19,event_1600,Thailand,1,1,1,0
2026-01-19,event_1600,Togo,1,1,1,0
2026-01-19,event_1600,Tunisia,1,1,1,0
2026-01-19,event_1600,Türkiye,1,1,1,0
2026-01-19,event_1600,Uganda,1,1,1,0
2026-01-19,event_1600,Uruguay,1,1,1,0
2026-01-19,event_1600,Venezuela,1,1,1,0
2026-01-19,event_1650,Costa Rica,1,1,1,0
2026-01-19,event_1650,Indonesia,1,1,1,0
2026-01-19,event_1650,Iraq,1,1,1,0
2026-01-19,event_1650,Japan,1,1,1,0
2026-01-19,event_1650,Micronesia,1,1,1,0
2026-01-19,event_1650,New Zealand,1,1,1,0
2026-01-19,event_1650,Panama,1,1,1,0
2026-01-19,event_1650,Paraguay,1,1,1,0
2026-01-19,event_1650,Peru,1,1,1,0
2026-01-19,event_1650,Poland,1,1,1,0
2026-01-19,event_1650,Qatar,1,1,1,0
2026-01-19,event_1650,Togo,1,1,1,0
2026-01-19,event_1650,Tunisia,1,1,1,0
2026-01-19,event_1650,Uruguay,1,1,1,0
2026-01-19,event_1650,Venezuela,1,1,1,0
2026-01-19,event_1700,Argentina,1,1,1,0
2026-01-19,event_1700,Bolivia,1,1,1,0
2026-01-19,event_1700,France,1,1,1,0
2026-01-19,event_1700,Indonesia,1,1,1,0
2026-01-19,event_1700,Italy,1,1,1,0
2026-01-19,event_1700,Nigeria,1,1,1,0
2026-01-19,event_1700,Panama,1,1,1,0
2026-01-19,event_1700,Peru,1,1,1,0
2026-01-19,event_1700,Philippines,1,1,1,0
2026-01-19,event_1700,Qatar,1,1,1,0
2026-01-19,event_1700,Sri Lanka,1,1,1,0
2026-01-19,event_1700,Uganda,1,1,1,0
2026-01-19,event_1700,Uruguay,1,1,1,0
2026-01-19,event_1750,Australia,1,1,1,0
2026-01-19,event_1750,Bermuda,1,1,1,0
2026-01-19,event_1750,Chile,1,1,1,0
2026-01-19,event_1750,Colombia,1,1,1,0
2026-01-19,event_1750,Ecuador,1,1,1,0
2026-01-19,event_1750,Germany,1,1,1,0
2026-01-19,event_1750,Indonesia,1,1,1,0
2026-01-19,event_1750,Japan,1,1,1,0
2026-01-19,event_1750,New Zealand,1,1,1,0
2026-01-19,event_1750,Qatar,1,1,1,0
2026-01-19,event_1750,South Korea,1,1,1,0
2026-01-19,event_1750,Togo,1,1,1,0
2026-01-19,event_1750,United Arab Emirates,1,1,1,0
2026-01-19,event_1750,Vietnam,1,1,1,0
2026-01-19,event_2100,Bermuda,1,1,1,0
2026-01-19,event_2100,Botswana,1,1,1,0
2026-01-19,event_2100,Bulgaria,1,1,1,0
2026-01-19,event_2100,Costa Rica,1,1,1,0
2026-01-19,event_2100,Curaçao,1,1,1,0
2026-01-19,event_2100,Ecuador,1,1,1,0
2026-01-19,event_2100,France,1,1,1,0
2026-01-19,event_2100,Guyana,1,1,1,0
2026-01-19,event_2100,Haiti,1,1,1,0
2026-01-19,event_2100,Israel,1,1,1,0
2026-01-19,event_2100,Mauritius,1,1,1,0
2026-01-19,event_2100,Nicaragua,1,1,1,0
2026-01-19,event_2100,Niger,1,1,1,0
2026-01-19,event_2100,Norway,1,1,1,0
2026-01-19,event_2100,Russia,1,1,1,0
2026-01-19,event_2100,Singapore,1,1,1,0
2026-01-19,event_2100,South Africa,1,1,1,0
2026-01-19,event_2100,South Korea,1,1,1,0
2026-01-19,event_2100,Sweden,1,1,1,0
2026-01-19,event_2100,Switzerland,1,1,1,0
2026-01-19,event_2100,United Arab Emirates,1,1,1,0
2026-01-19,event_2100,Uruguay,1,1,1,0
2026-01-19,event_2100,Venezuela,1,1,1,0
2026-01-19,event_2300,Antigua & Barbuda,1,1,1,0
2026-01-19,event_2300,Australia,1,1,1,0
2026-01-19,event_2300,Belgium,1,1,1,0
2026-01-19,event_2300,Bolivia,1,1,1,0
2026-01-19,event_2300,El Salvador,1,1,1,0
2026-01-19,event_2300,Greece,1,1,1,0
2026-01-19,event_2300,Ireland,1,1,1,0
2026-01-19,event_2300,New Zealand,1,1,1,0
2026-01-19,event_2300,Panama,1,1,1,0
2026-01-19,event_2300,Qatar,1,1,1,0
2026-01-19,event_2300,Russia,1,1,1,0
2026-01-19,event_2300,Switzerland,1,1,1,0
2026-01-19,event_2300,Thailand,1,1,1,0
2026-01-19,event_2300,Togo,1,1,1,0
2026-01-19,event_2300,Tunisia,1,1,1,0
2026-01-19,event_2300,Vietnam,1,1,1,0
2026-01-19,event_2600,Belgium,1,1,1,0
2026-01-19,event_2600,Colombia,1,1,1,0
2026-01-19,event_2600,Egypt,1,1,1,0
2026-01-19,event_2600,Israel,1,1,1,0
2026-01-19,event_2600,Japan,1,1,1,0
2026-01-19,event_2600,Pakistan,1,1,1,0
2026-01-19,event_2600,Panama,1,1,1,0
2026-01-19,event_2600,Peru,1,1,1,0
2026-01-19,event_2600,Philippines,1,1,1,0
2026-01-19,event_2600,Qatar,1,1,1,0
2026-01-19,event_2600,Sweden,1,1,1,0
2026-01-19,event_2600,Togo,1,1,1,0
2026-01-19,event_2600,United Kingdom,1,1,1,0
2026-01-19,event_2600,Uruguay,1,1,1,0
2026-01-19,event_26003,Argentina,1,1,1,0
2026-01-19,event_26003,Belgium,1,1,1,0
2026-01-19,event_26003,Bolivia,1,1,1,0
2026-01-19,event_26003,France,1,1,1,0
2026-01-19,event_26003,Ghana,1,1,1,0
2026-01-19,event_26003,Indonesia,1,1,1,0
2026-01-19,event_26003,Iraq,1,1,1,0
2026-01-19,event_26003,Malaysia,1,1,1,0
2026-01-19,event_26003,Mexico,1,1,1,0
2026-01-19,event_26003,Niger,1,1,1,0
2026-01-19,event_26003,Pakistan,1,1,1,0
2026-01-19,event_26003,Peru,1,1,1,0
2026-01-19,event_26003,Philippines,1,1,1,0
2026-01-19,event_26003,Puerto Rico,1,1,1,0
2026-01-19,event_26003,Qatar,1,1,1,0
2026-01-19,event_26003,Togo,1,1,1,0
2026-01-19,event_26003,Uganda,1,1,1,0
2026-01-19,event_26003,Uruguay,1,1,1,0
2026-01-19,event_29000,Australia,1,1,1,0
2026-01-19,event_29000,Belgium,1,1,1,0
2026-01-19,event_29000,Colombia,1,1,1,0
2026-01-19,event_29000,France,1,1,1,0
2026-01-19,event_29000,Honduras,1,1,1,0
2026-01-19,event_29000,Iraq,1,1,1,0
2026-01-19,event_29000,Ireland,1,1,1,0
2026-01-19,event_29000,Japan,1,1,1,0
2026-01-19,event_29000,Myanmar (Burma),1,1,1,0
2026-01-19,event_29000,New Zealand,1,1,1,0
2026-01-19,event_29000,Panama,1,1,1,0
2026-01-19,event_29000,Philippines,1,1,1,0
2026-01-19,event_29000,Qatar,1,1,1,0
2026-01-19,event_29000,South Africa,1,1,1,0
2026-01-19,event_29000,Sudan,1,1,1,0
2026-01-19,event_29000,Türkiye,1,1,1,0
2026-01-19,event_30000,Argentina,1,1,1,0
2026-01-19,event_30000,Bangladesh,1,1,1,0
2026-01-19,event_30000,Bolivia,1,1,1,0
2026-01-19,event_30000,Chile,1,1,1,0
2026-01-19,event_30000,Colombia,1,1,1,0
2026-01-19,event_30000,Mexico,1,1,1,0
2026-01-19,event_30000,Qatar,1,1,1,0
2026-01-19,event_30000,Romania,1,1,1,0
2026-01-19,event_31009,Australia,1,1,1,0
2026-01-19,event_31009,Bermuda,1,1,1,0
2026-01-19,event_31009,Canada,1,1,1,0
2026-01-19,event_31009,Cuba,1,1,1,0
2026-01-19,event_31009,Czechia,1,1,1,0
2026-01-19,event_31009,El Salvador,1,1,1,0
2026-01-19,event_31009,France,1,1,1,0
2026-01-19,event_31009,Honduras,1,1,1,0
2026-01-19,event_31009,Indonesia,1,1,1,0
2026-01-19,event_31009,Iran,1,1,1,0
2026-01-19,event_31009,Italy,1,1,1,0
2026-01-19,event_31009,Japan,1,1,1,0
2026-01-19,event_31009,Mali,1,1,1,0
2026-01-19,event_31009,Morocco,1,1,1,0
2026-01-19,event_31009,Nigeria,1,1,1,0
2026-01-19,event_31009,Sudan,1,1,1,0
2026-01-19,event_31009,Togo,1,1,1,0
2026-01-19,event_31009,Trinidad & Tobago,1,1,1,0
2026-01-19,event_31009,United Arab Emirates,1,1,1,0
2026-01-19,event_3600,United States,1,1,1,0
2026-01-19,event_37000,Chile,1,1,1,0
2026-01-19,event_37000,Colombia,1,1,1,0
2026-01-19,event_37000,Dominican Republic,1,1,1,0
2026-01-19,event_37000,Egypt,1,1,1,0
2026-01-19,event_37000,France,1,1,1,0
2026-01-19,event_37000,Guatemala,1,1,1,0
2026-01-19,event_37000,Indonesia,1,1,1,0
2026-01-19,event_37000,Panama,1,1,1,0
2026-01-19,event_37000,Qatar,1,1,1,0
2026-01-19,event_37000,Romania,1,1,1,0
2026-01-19,event_37000,South Africa,1,1,1,0
2026-01-19,event_37000,United Kingdom,1,1,1,0
2026-01-19,event_37000,Uruguay,1,1,1,0
2026-01-19,event_39000,Bangladesh,1,1,1,0
2026-01-19,event_39000,Egypt,1,1,1,0
2026-01-19,event_39000,India,1,1,1,0
2026-01-19,event_39000,Iraq,1,1,1,0
2026-01-19,event_39000,Puerto Rico,1,1,1,0
2026-01-19,event_39000,Serbia,1,1,1,0
2026-01-19,event_39000,Syria,1,1,1,0
2026-01-19,event_39100,Bangladesh,1,1,1,0
2026-01-19,event_39100,Canada,1,1,1,0
2026-01-19,event_39100,Colombia,1,1,1,0
2026-01-19,event_39100,Cuba,1,1,1,0
2026-01-19,event_39100,Germany,1,1,1,0
2026-01-19,event_39100,India,1,1,1,0
2026-01-19,event_39100,Iraq,1,1,1,0
2026-01-19,event_39100,Pakistan,1,1,1,0
2026-01-19,event_39100,Philippines,1,1,1,0
2026-01-19,event_6800,Belarus,1,1,0,0
2026-01-19,event_6800,Caribbean Netherlands,1,1,0,0
2026-01-19,event_6800,French Polynesia,1,1,0,0
2026-01-19,event_6800,Macao,1,1,0,0
2026-01-19,event_6800,Papua New Guinea,1,1,0,0
2026-01-19,event_6800,Réunion,1,1,0,0
2026-01-19,event_6800,Solomon Islands,1,1,0,0
2026-01-19,event_6800,Benin,1,1,1,0
2026-01-19,event_6800,Djibouti,1,1,1,0
2026-01-19,event_6801,South Korea,1,1,0,0
2026-01-19,event_6801,Angola,1,1,1,0
2026-01-19,event_6801,Bahrain,1,1,1,0
2026-01-19,event_6801,Bolivia,1,1,1,0
2026-01-19,event_6801,Costa Rica,1,1,1,0
2026-01-19,event_6801,Cuba,1,1,1,0
2026-01-19,event_6801,Curaçao,1,1,1,0
2026-01-19,event_6801,Czechia,1,1,1,0
2026-01-19,event_6801,Ghana,1,1,1,0
2026-01-19,event_6801,Honduras,1,1,1,0
2026-01-19,event_6801,Hong Kong,1,1,1,0
2026-01-19,event_6801,Ireland,1,1,1,0
2026-01-19,event_6801,Italy,1,1,1,0
2026-01-19,event_6801,Kenya,1,1,1,0
2026-01-19,event_6801,Mauritius,1,1,1,0
2026-01-19,event_6801,Myanmar (Burma),1,1,1,0
2026-01-19,event_6801,Norway,1,1,1,0
2026-01-19,event_6801,Saudi Arabia,1,1,1,0
2026-01-19,event_6801,Singapore,1,1,1,0
2026-01-19,event_6801,Spain,1,1,1,0
2026-01-19,event_6801,St. Vincent & Grenadines,1,1,1,0
2026-01-19,event_6801,Sudan,1,1,1,0
2026-01-19,event_6801,Sweden,1,1,1,0
2026-01-19,event_6801,United Arab Emirates,1,1,1,0
2026-01-19,event_8000,Argentina,1,1,1,0
2026-01-19,event_8000,Chile,1,1,1,0
2026-01-19,event_8000,Dominican Republic,1,1,1,0
2026-01-19,event_8000,France,1,1,1,0
2026-01-19,event_8000,Indonesia,1,1,1,0
2026-01-19,event_8000,Iran,1,1,1,0
2026-01-19,event_8000,Mali,1,1,1,0
2026-01-19,event_8000,Niger,1,1,1,0
2026-01-19,event_8000,Oman,1,1,1,0
2026-01-19,event_8000,Pakistan,1,1,1,0
2026-01-19,event_8000,Qatar,1,1,1,0
2026-01-19,event_8000,Singapore,1,1,1,0
2026-01-19,event_8000,Switzerland,1,1,1,0
2026-01-19,event_8001,Canada,1,1,1,0
2026-01-19,event_8001,Germany,1,1,1,0
2026-01-19,event_8001,Iran,1,1,1,0
2026-01-19,event_8001,Italy,1,1,1,0
2026-01-19,event_8001,Malaysia,1,1,1,0
2026-01-19,event_8001,Mali,1,1,1,0
2026-01-19,event_8001,Niger,1,1,1,0
2026-01-19,event_8001,Pakistan,1,1,1,0
2026-01-19,event_8001,Qatar,1,1,1,0
2026-01-19,event_8001,Singapore,1,1,1,0
2026-01-19,event_8001,Switzerland,1,1,1,0
2026-01-19,event_9900,Ecuador,1,1,1,0
2026-01-19,event_9900,Germany,1,1,1,0
2026-01-19,event_9900,Mozambique,1,1,1,0
2026-01-19,event_9900,Pakistan,1,1,1,0
2026-01-19,event_9900,Poland,1,1,1,0
2026-01-19,event_9900,Sweden,1,1,1,0
2026-01-19,event_9900,Zimbabwe,1,1,1,0
2026-01-19,open_wifi_alert_settings__screen_viewed,Italy,1,1,1,0
2026-01-19,open_wifi_alert_settings__screen_viewed,United Kingdom,1,1,1,0
2026-01-19,pix_analyzer_onboarding_activate_click,Algeria,1,1,1,0
2026-01-19,pix_analyzer_onboarding_activate_click,Portugal,1,1,1,0
2026-01-19,pix_analyzer_onboarding_start,Algeria,1,1,1,0
2026-01-19,pix_analyzer_onboarding_start,India,1,1,1,0
2026-01-19,pix_analyzer_onboarding_start,Pakistan,1,1,1,0
2026-01-19,pix_analyzer_onboarding_start,Portugal,1,1,1,0
2026-01-20,event_10350,Brazil,5217804,423301,33.52891961881751,0
2026-01-20,event_10351,Brazil,2801022,165452,19.43858261159227,0
2026-01-20,event_10353,Brazil,1816312,100536,18.915778840045405,0
2026-01-20,event_6800,Brazil,1176576,404392,7.7208722414347495,0
2026-01-20,event_10350,United States,368285,35217,26.076966650145152,0
2026-01-20,event_10351,United States,298093,29217,24.223386965707785,0
2026-01-20,event_10352,Brazil,290259,51701,6.86824732022432,0
2026-01-20,event_10505,Brazil,214499,40262,8.07297704177644,0
2026-01-20,event_10353,United States,120665,9519,14.164221152717456,0
2026-01-20,event_1000,Brazil,99271,55473,1.8054196599072474,0
2026-01-20,event_6800,United States,94595,36307,6.967810842663524,0
2026-01-20,event_10511,Brazil,76602,2216,40.68082846521508,0
2026-01-20,event_10100,Brazil,53841,31970,1.7393312873526086,0
2026-01-20,event_9900,Brazil,40082,19343,2.094586120401338,0
2026-01-20,event_10505,United States,29936,3815,11.20778734556346,0
2026-01-20,event_10354,Brazil,28465,18454,1.5542754177132247,0
2026-01-20,event_1600,Brazil,23044,16781,1.3737927745320138,0
2026-01-20,event_10352,United States,21915,7399,11.29639175257732,0
2026-01-20,event_10350,Indonesia,21189,2360,14.796787709497206,0
2026-01-20,event_10350,Mexico,19505,1658,26.46540027137042,0
2026-01-20,event_10363,Brazil,19087,5959,3.371070293182621,0
2026-01-20,event_2100,Brazil,14418,11207,1.286976702668928,0
2026-01-20,event_10350,India,14313,1265,23.657851239669423,0
2026-01-20,event_10351,Mexico,13168,1236,23.306194690265485,0
2026-01-20,event_1000,United States,12518,6103,2.0776763485477177,0
2026-01-20,event_10350,Thailand,12031,2200,6.113313008130081,0
2026-01-20,event_10350,Iran,11588,1019,35.43730886850153,0
2026-01-20,event_2300,Brazil,11081,9075,1.221046831955923,0
2026-01-20,event_6801,Brazil,10264,8886,1.1755812621692818,0
2026-01-20,event_10352,Iran,9047,829,28.812101910828027,0
2026-01-20,event_1750,Brazil,8494,6753,1.2578113431067675,0
2026-01-20,event_10352,India,8301,779,34.02049180327869,0
2026-01-20,event_1650,Brazil,8067,7121,1.133164770332912,0
2026-01-20,event_10352,Indonesia,7791,1101,16.647435897435898,0
2026-01-20,event_10351,Indonesia,7572,1053,15.113772455089821,0
2026-01-20,event_10511,United States,7353,314,27.747169811320756,0
2026-01-20,subscription_screen_open,Brazil,7177,5406,1.3278445883441259,0
2026-01-20,event_10350,Nigeria,6625,242,49.81203007518797,0
2026-01-20,event_10350,Philippines,6569,610,15.71531100478469,0
2026-01-20,event_10350,Pakistan,6123,375,45.355555555555554,0
2026-01-20,event_9900,United States,6057,2862,2.1275026343519494,0
2026-01-20,event_10353,Mexico,6032,377,18.114114114114113,0
2026-01-20,event_10210,Brazil,5954,1640,3.6327028676021964,0
2026-01-20,event_10350,Portugal,5868,589,39.38255033557047,0
2026-01-20,event_10352,Thailand,5705,605,12.538461538461538,0
2026-01-20,event_10350,Argentina,5056,384,32,0
2026-01-20,event_1600,United States,5043,3289,1.5332927941623593,0
2026-01-20,event_29000,Brazil,4668,4081,1.146083967591456,0
2026-01-20,event_31009,Brazil,4530,2846,1.5950704225352113,0
2026-01-20,event_1700,Brazil,4487,3406,1.318542462533059,0
2026-01-20,event_10351,Thailand,4142,511,13.233226837060704,0
2026-01-20,event_10352,Nigeria,3825,170,46.08433734939759,0
2026-01-20,event_10350,Egypt,3787,280,64.1864406779661,0
2026-01-20,event_10351,Argentina,3614,299,26,0
2026-01-20,event_10351,India,3588,594,13.694656488549619,0
2026-01-20,event_10352,Mexico,3515,829,9.423592493297587,0
2026-01-20,event_10100,United States,3239,1935,1.7183023872679044,0
2026-01-20,event_10350,Bangladesh,3228,227,43.04,0
2026-01-20,event_30000,Brazil,3041,2055,1.4798053527980535,0
2026-01-20,event_10350,Puerto Rico,3026,255,26.778761061946902,0
2026-01-20,event_10350,United Kingdom,2922,249,33.58620689655172,0
2026-01-20,event_10352,Pakistan,2889,243,38.52,0
2026-01-20,event_10350,Colombia,2865,186,44.07692307692308,0
2026-01-20,event_37000,Brazil,2863,2565,1.1174863387978142,0
2026-01-20,event_10354,United States,2774,1692,1.6620730976632714,0
2026-01-20,event_10351,Philippines,2569,196,30.583333333333332,0
2026-01-20,event_6800,Iran,2491,1062,9.091240875912408,0
2026-01-20,event_10351,Pakistan,2475,240,36.39705882352941,0
2026-01-20,event_10350,Canada,2445,240,23.509615384615383,0
2026-01-20,event_10350,Saudi Arabia,2414,221,26.52747252747253,0
2026-01-20,event_10351,Portugal,2413,163,18.419847328244273,0
2026-01-20,event_10352,Philippines,2274,177,39.206896551724135,0
2026-01-20,event_8000,Brazil,2210,2149,1.0429447852760736,0
2026-01-20,event_2600,Brazil,2123,1760,1.206935758953951,0
2026-01-20,event_6801,United States,2099,1637,1.3004956629491946,0
2026-01-20,event_10353,Argentina,2008,117,19.307692307692307,0
2026-01-20,event_10350,Malaysia,1995,59,133,0
2026-01-20,event_6800,Mexico,1963,1297,3.9979633401221997,0
2026-01-20,event_8001,Brazil,1962,1923,1.0208116545265349,0
2026-01-20,event_10351,Canada,1958,173,23.59036144578313,0
2026-01-20,event_10351,Puerto Rico,1887,180,21.689655172413794,0
2026-01-20,event_6800,Indonesia,1873,892,7.09469696969697,0
2026-01-20,event_2300,United States,1872,1431,1.3081761006289307,0
2026-01-20,event_2100,United States,1831,1355,1.351291512915129,0
2026-01-20,event_10351,Nigeria,1714,114,29.551724137931036,0
2026-01-20,event_10352,Egypt,1705,192,37.06521739130435,0
2026-01-20,event_10350,Peru,1703,86,44.81578947368421,0
2026-01-20,event_10000,Brazil,1621,1433,1.1343596920923722,0
2026-01-20,event_10351,Bangladesh,1613,163,26.883333333333333,0
2026-01-20,event_10511,Iran,1574,27,60.53846153846154,0
2026-01-20,event_10351,Egypt,1568,177,32,0
2026-01-20,event_10350,Spain,1562,165,35.5,0
2026-01-20,event_10350,France,1541,97,44.02857142857143,0
2026-01-20,event_10353,Portugal,1517,88,18.05952380952381,0
2026-01-20,event_10351,Colombia,1505,122,25.083333333333332,0
2026-01-20,event_6800,Portugal,1485,528,9.9,0
2026-01-20,event_10351,Saudi Arabia,1469,139,29.38,0
2026-01-20,event_26003,Brazil,1434,1043,1.3748801534036434,0
2026-01-20,event_6800,India,1413,625,8.88679245283019,0
2026-01-20,event_10350,Paraguay,1382,118,32.904761904761905,0
2026-01-20,event_10351,Malaysia,1382,43,98.71428571428571,0
2026-01-20,event_10350,Netherlands,1329,131,25.07547169811321,0
2026-01-20,event_10350,Bolivia,1287,81,45.964285714285715,0
2026-01-20,event_10350,Chile,1227,91,33.16216216216216,0
2026-01-20,event_10352,Bangladesh,1212,153,23.764705882352942,0
2026-01-20,event_10351,United Kingdom,1192,102,17.529411764705884,0
2026-01-20,event_10350,Algeria,1186,84,42.357142857142854,0
2026-01-20,event_10350,Cuba,1159,88,20.333333333333332,0
2026-01-20,event_10353,Indonesia,1146,119,10.324324324324325,0
2026-01-20,event_10353,Puerto Rico,1128,63,19.789473684210527,0
2026-01-20,event_10850,Brazil,1107,880,1.2579545454545455,0
2026-01-20,event_10350,United Arab Emirates,1096,95,45.666666666666664,0
2026-01-20,event_10352,Colombia,1096,122,22.833333333333332,0
2026-01-20,event_10352,Cuba,1092,77,22.75,0
2026-01-20,event_10512,Brazil,1080,550,1.981651376146789,0
2026-01-20,event_10353,Canada,1042,54,19.660377358490567,0
2026-01-20,event_31009,United States,1038,607,1.7100494233937398,0
2026-01-20,event_10352,Argentina,1008,213,10.956521739130435,0
2026-01-20,event_10350,South Africa,1001,45,31.28125,0
2026-01-20,event_10352,Bolivia,965,66,38.6,0
2026-01-20,event_39000,Brazil,918,731,1.2575342465753425,0
2026-01-20,event_10350,Germany,915,162,15,0
2026-01-20,event_10351,Peru,910,65,26.764705882352942,0
2026-01-20,event_39100,Brazil,909,793,1.146279949558638,0
2026-01-20,event_10800,Brazil,908,815,1.1141104294478528,0
2026-01-20,event_10352,Paraguay,901,76,28.15625,0
2026-01-20,event_10353,India,897,98,10.193181818181818,0
2026-01-20,event_10352,Puerto Rico,878,112,17.918367346938776,0
2026-01-20,event_1750,United States,871,672,1.2961309523809523,0
2026-01-20,event_10351,United Arab Emirates,833,62,49,0
2026-01-20,event_10353,Colombia,826,46,17.956521739130434,0
2026-01-20,event_10351,France,822,38,30.444444444444443,0
2026-01-20,event_10351,Spain,822,45,24.176470588235293,0
2026-01-20,event_10350,Venezuela,804,81,19.609756097560975,0
2026-01-20,event_10350,Angola,801,23,57.214285714285715,0
2026-01-20,event_10350,Australia,784,47,35.63636363636363,0
2026-01-20,subscription_screen_open,United States,781,587,1.3304940374787053,0
2026-01-20,event_10350,Vietnam,773,68,128.83333333333334,0
2026-01-20,event_10352,Algeria,730,61,34.76190476190476,0
2026-01-20,event_10350,Japan,714,74,27.46153846153846,0
2026-01-20,event_10351,Australia,706,34,41.529411764705884,0
2026-01-20,event_10350,Syria,702,45,46.8,0
2026-01-20,event_10350,Morocco,697,37,77.44444444444444,0
2026-01-20,event_10353,United Kingdom,682,47,15.155555555555555,0
2026-01-20,event_10350,Guatemala,681,82,19.457142857142856,0
2026-01-20,event_10350,Türkiye,670,26,83.75,0
2026-01-20,event_10363,United States,663,219,3.417525773195876,0
2026-01-20,event_10352,Angola,647,21,49.76923076923077,0
2026-01-20,event_6800,Canada,646,256,7.690476190476191,0
2026-01-20,event_10352,Syria,644,43,46,0
2026-01-20,event_10350,Myanmar (Burma),629,35,52.416666666666664,0
2026-01-20,event_10505,Mexico,625,157,5.787037037037037,0
2026-01-20,event_1700,United States,624,459,1.3654266958424508,0
2026-01-20,event_10350,Italy,607,101,31.94736842105263,0
2026-01-20,event_10351,Türkiye,604,16,120.8,0
2026-01-20,event_10351,Netherlands,598,46,15.736842105263158,0
2026-01-20,event_10350,Ghana,593,28,34.88235294117647,0
2026-01-20,event_10350,El Salvador,590,56,20.344827586206897,0
2026-01-20,event_10351,South Africa,589,31,25.608695652173914,0
2026-01-20,event_10350,Nepal,577,50,32.05555555555556,0
2026-01-20,event_10351,Chile,570,55,20.357142857142858,0
2026-01-20,event_10350,Jamaica,555,50,37,0
2026-01-20,event_10352,Chile,555,59,25.227272727272727,0
2026-01-20,event_6800,Egypt,541,208,9.836363636363636,0
2026-01-20,event_10350,Honduras,540,73,13.170731707317072,0
2026-01-20,event_6800,United Kingdom,538,235,5.977777777777778,0
2026-01-20,event_10352,Malaysia,537,37,107.4,0
2026-01-20,event_10353,Peru,536,23,25.523809523809526,0
2026-01-20,event_1650,United States,533,453,1.1766004415011038,0
2026-01-20,event_10350,Bhutan,525,3,525,0
2026-01-20,event_10353,Spain,518,26,21.583333333333332,0
2026-01-20,event_6800,Argentina,517,316,4.007751937984496,0
2026-01-20,event_6800,Pakistan,516,234,8.32258064516129,0
2026-01-20,event_10352,Saudi Arabia,514,99,19.76923076923077,0
2026-01-20,event_10352,Bhutan,512,2,0,0
2026-01-20,event_10352,Venezuela,512,55,20.48,0
2026-01-20,event_10350,Tanzania,511,19,31.9375,0
2026-01-20,event_29000,United States,503,403,1.248138957816377,0
2026-01-20,event_10511,Mexico,499,35,16.096774193548388,0
2026-01-20,event_10350,Kenya,497,15,99.4,0
2026-01-20,event_10511,Cuba,492,9,54.666666666666664,0
2026-01-20,event_10350,Jordan,459,30,76.5,0
2026-01-20,event_10350,Ireland,454,41,56.75,0
2026-01-20,event_6800,Philippines,449,196,7.741379310344827,0
2026-01-20,event_10352,France,441,33,27.5625,0
2026-01-20,event_10353,Netherlands,435,30,16.11111111111111,0
2026-01-20,event_10353,South Africa,433,11,39.36363636363637,0
2026-01-20,event_10350,Qatar,426,45,42.6,0
2026-01-20,event_6800,Bangladesh,424,185,8,0
2026-01-20,event_6800,Thailand,423,271,5.4935064935064934,0
2026-01-20,event_10350,Dominican Republic,415,53,20.75,0
2026-01-20,event_10350,Laos,413,68,8.978260869565217,0
2026-01-20,event_1000,Mexico,408,215,1.9154929577464788,0
2026-01-20,event_2600,United States,407,288,1.4131944444444444,0
2026-01-20,event_10353,Egypt,406,43,11.6,0
2026-01-20,event_10352,Netherlands,402,43,12.96774193548387,0
2026-01-20,subscription_subscribe_click,Brazil,398,272,1.463235294117647,0
2026-01-20,event_10350,Sudan,395,17,79,0
2026-01-20,event_26003,United States,395,279,1.4157706093189963,0
2026-01-20,event_10352,Guatemala,394,56,17.130434782608695,0
2026-01-20,event_10351,Japan,381,52,20.05263157894737,0
2026-01-20,event_10351,Paraguay,373,69,11.303030303030303,0
2026-01-20,event_10352,Honduras,370,52,16.818181818181817,0
2026-01-20,event_10352,South Africa,364,22,24.266666666666666,0
2026-01-20,event_10350,Uruguay,361,52,22.5625,0
2026-01-20,event_10353,Nigeria,358,31,13.25925925925926,0
2026-01-20,event_10350,Mozambique,348,13,38.666666666666664,0
2026-01-20,event_6800,Puerto Rico,348,204,4.578947368421052,0
2026-01-20,event_6800,Nigeria,347,145,6.547169811320755,0
2026-01-20,event_10351,Germany,343,64,9.026315789473685,0
2026-01-20,event_10511,Indonesia,338,16,22.533333333333335,0
2026-01-20,event_10353,Philippines,336,42,9.333333333333334,0
2026-01-20,event_10351,Morocco,334,23,41.75,0
2026-01-20,event_10353,Chile,326,20,17.157894736842106,0
2026-01-20,event_10352,Nepal,325,33,36.111111111111114,0
2026-01-20,event_10350,Ecuador,319,51,19.9375,0
2026-01-20,event_10352,El Salvador,316,42,15.047619047619047,0
2026-01-20,event_10352,Peru,316,54,12.153846153846153,0
2026-01-20,event_6800,Saudi Arabia,316,139,7.9,0
2026-01-20,event_10351,Algeria,312,58,12.48,0
2026-01-20,event_10352,Myanmar (Burma),310,18,51.666666666666664,0
2026-01-20,event_6800,Germany,304,139,6.7555555555555555,0
2026-01-20,event_10352,Laos,298,41,12.416666666666666,0
2026-01-20,event_10352,Sudan,294,14,58.8,0
2026-01-20,event_10352,Ghana,294,17,32.666666666666664,0
2026-01-20,event_10352,Morocco,294,29,49,0
2026-01-20,event_10350,Switzerland,285,26,31.666666666666668,0
2026-01-20,event_10350,Romania,283,17,31.444444444444443,0
2026-01-20,event_10351,Ghana,283,18,25.727272727272727,0
2026-01-20,event_10352,Jamaica,269,32,29.88888888888889,0
2026-01-20,event_6800,Spain,265,136,6.463414634146342,0
2026-01-20,event_10352,Canada,263,70,10.52,0
2026-01-20,event_10351,Qatar,258,34,51.6,0
2026-01-20,event_10350,Afghanistan,256,31,11.636363636363637,0
2026-01-20,event_10505,India,256,57,8,0
2026-01-20,event_6800,Netherlands,253,119,5.382978723404255,0
2026-01-20,event_37000,United States,252,200,1.26,0
2026-01-20,event_10351,Jamaica,248,35,17.714285714285715,0
2026-01-20,event_10351,Kenya,245,10,61.25,0
2026-01-20,event_10351,Dominican Republic,244,39,13.555555555555555,0
2026-01-20,event_10350,Kuwait,242,21,34.57142857142857,0
2026-01-20,event_10350,Oman,239,30,14.058823529411764,0
2026-01-20,event_10352,Mozambique,238,13,26.444444444444443,0
2026-01-20,event_10352,United Kingdom,238,57,11.9,0
2026-01-20,event_10350,Costa Rica,236,23,26.22222222222222,0
2026-01-20,event_10505,United Kingdom,235,30,10.217391304347826,0
2026-01-20,event_10505,Portugal,233,47,8.03448275862069,0
2026-01-20,event_6800,Italy,233,91,12.944444444444445,0
2026-01-20,event_10350,Haiti,229,59,6.542857142857143,0
2026-01-20,event_10351,El Salvador,227,33,10.80952380952381,0
2026-01-20,event_10350,Norway,226,18,28.25,0
2026-01-20,event_6800,France,226,90,6.848484848484849,0
2026-01-20,event_10352,Germany,222,45,8.538461538461538,0
2026-01-20,event_10351,Kuwait,221,16,31.571428571428573,0
2026-01-20,event_10511,Honduras,221,3,73.66666666666667,0
2026-01-20,event_10352,Portugal,219,49,6.84375,0
2026-01-20,event_10350,Cape Verde,218,5,43.6,0
2026-01-20,event_10352,Afghanistan,217,23,13.5625,0
2026-01-20,event_10352,Japan,217,34,16.692307692307693,0
2026-01-20,event_10350,Zambia,212,2,106,0
2026-01-20,event_10351,Jordan,212,23,42.4,0
2026-01-20,event_10351,Nepal,211,32,17.583333333333332,0
2026-01-20,event_10351,Vietnam,207,42,41.4,0
2026-01-20,event_6800,Colombia,207,131,3.8333333333333335,0
2026-01-20,event_10352,Zambia,200,2,100,0
2026-01-20,event_10350,Sri Lanka,199,18,22.11111111111111,0
2026-01-20,event_10351,Venezuela,199,35,13.266666666666667,0
2026-01-20,event_10352,Cape Verde,197,5,39.4,0
2026-01-20,event_10350,Serbia,196,5,98,0
2026-01-20,event_10350,Ethiopia,196,12,49,0
2026-01-20,event_10352,Ecuador,196,45,14,0
2026-01-20,event_10505,Egypt,196,24,16.333333333333332,0
2026-01-20,event_10350,Iraq,195,24,21.666666666666668,0
2026-01-20,event_10351,Bolivia,195,33,12.1875,0
2026-01-20,event_10364,Brazil,194,167,1.1686746987951808,0
2026-01-20,event_10353,Ghana,193,7,27.571428571428573,0
2026-01-20,event_10363,India,191,39,6.161290322580645,0
2026-01-20,event_6800,Paraguay,191,90,5.026315789473684,0
2026-01-20,event_10350,Belgium,190,14,47.5,0
2026-01-20,event_10363,Iran,190,90,2.5,0
2026-01-20,event_10352,Kenya,189,12,47.25,0
2026-01-20,event_10351,Guatemala,188,47,8.545454545454545,0
2026-01-20,event_10353,Bangladesh,188,32,6.266666666666667,0
2026-01-20,event_10350,Panama,185,13,23.125,0
2026-01-20,event_10350,Uganda,185,18,20.555555555555557,0
2026-01-20,event_10511,Haiti,183,3,91.5,0
2026-01-20,event_10350,Guyana,177,12,59,0
2026-01-20,event_10505,Argentina,177,40,6.8076923076923075,0
2026-01-20,event_6800,Algeria,175,76,7,0
2026-01-20,event_6800,Japan,175,77,6.730769230769231,0
2026-01-20,event_10353,France,174,19,9.157894736842104,0
2026-01-20,event_10511,Nigeria,172,13,13.23076923076923,0
2026-01-20,event_10351,Costa Rica,170,20,18.88888888888889,0
2026-01-20,event_10352,Haiti,170,45,7.391304347826087,0
2026-01-20,event_10352,Spain,169,20,14.083333333333334,0
2026-01-20,event_10505,Puerto Rico,169,23,9.941176470588236,0
2026-01-20,event_10352,Vietnam,167,47,0,0
2026-01-20,event_10350,Zimbabwe,165,13,13.75,0
2026-01-20,event_10351,Tanzania,163,7,23.285714285714285,0
2026-01-20,event_10351,Oman,162,23,10.8,0
2026-01-20,event_10850,United States,162,121,1.3388429752066116,0
2026-01-20,event_10800,United States,160,138,1.1594202898550725,0
2026-01-20,event_1000,India,158,92,1.7173913043478262,0
2026-01-20,event_10351,Panama,158,12,19.75,0
2026-01-20,event_10352,Zimbabwe,156,11,15.6,0
2026-01-20,event_10505,Spain,156,14,19.5,0
2026-01-20,event_10351,Italy,153,20,9.5625,0
2026-01-20,event_10352,Serbia,153,2,153,0
2026-01-20,event_10352,Guyana,153,10,51,0
2026-01-20,event_10505,Netherlands,153,15,17,0
2026-01-20,event_6800,United Arab Emirates,151,61,8.882352941176471,0
2026-01-20,event_6800,Jamaica,150,58,9.375,0
2026-01-20,event_10350,Yemen,147,10,36.75,0
2026-01-20,event_10350,Israel,147,19,29.4,0
2026-01-20,event_30000,United States,147,96,1.53125,0
2026-01-20,event_10352,Ethiopia,146,9,36.5,0
2026-01-20,event_10210,United States,145,23,6.304347826086956,0
2026-01-20,event_10351,Uruguay,145,26,13.181818181818182,0
2026-01-20,event_1000,Iran,143,90,1.6436781609195403,0
2026-01-20,event_10350,South Korea,143,13,28.6,0
2026-01-20,event_10505,Philippines,143,32,7.944444444444445,0
2026-01-20,event_10353,Kuwait,142,4,47.333333333333336,0
2026-01-20,event_10351,Switzerland,141,9,17.625,0
2026-01-20,event_10350,Bulgaria,139,4,69.5,0
2026-01-20,event_10350,Tunisia,139,16,69.5,0
2026-01-20,event_10512,United States,139,75,1.8533333333333333,0
2026-01-20,event_9900,Mexico,139,53,2.6226415094339623,0
2026-01-20,event_10511,New Zealand,138,1,138,0
2026-01-20,open_wifi_alert_settings__screen_viewed,Brazil,138,82,1.6829268292682926,0
2026-01-20,event_10350,Poland,136,20,12.363636363636363,0
2026-01-20,event_10511,India,136,19,8.5,0
2026-01-20,event_10353,El Salvador,133,14,9.5,0
2026-01-20,event_10352,Qatar,132,20,22,0
2026-01-20,event_6800,Malaysia,132,49,9.428571428571429,0
2026-01-20,event_10351,Israel,131,14,26.2,0
2026-01-20,event_6800,Bolivia,131,59,6.238095238095238,0
2026-01-20,event_8000,United States,131,131,1.0234375,0
2026-01-20,event_10353,Australia,129,11,12.9,0
2026-01-20,event_10351,Belgium,128,5,32,0
2026-01-20,event_10352,Yemen,127,10,31.75,0
2026-01-20,event_10505,Iran,127,99,2.2280701754385963,0
2026-01-20,event_10351,Romania,126,11,12.6,0
2026-01-20,event_10353,Germany,125,24,5.9523809523809526,0
2026-01-20,event_6800,Cuba,125,81,3.3783783783783785,0
2026-01-20,event_1000,Argentina,123,65,1.8923076923076922,0
2026-01-20,event_10351,South Korea,123,11,24.6,0
2026-01-20,event_10352,Tanzania,123,11,13.666666666666666,0
2026-01-20,event_10505,Indonesia,123,42,4.392857142857143,0
2026-01-20,event_10350,Mali,122,4,61,0
2026-01-20,event_10350,Trinidad & Tobago,122,9,40.666666666666664,0
2026-01-20,event_10100,Iran,121,69,1.7536231884057971,0
2026-01-20,event_10351,Norway,121,12,15.125,0
2026-01-20,event_6800,Chile,120,67,4.8,0
2026-01-20,event_10352,Uruguay,119,25,19.833333333333332,0
2026-01-20,event_4418,Brazil,118,53,2.2264150943396226,0
2026-01-20,event_10350,Togo,117,2,58.5,0
2026-01-20,event_10350,Burkina Faso,117,3,0,0
2026-01-20,event_10350,U.S. Virgin Islands,117,9,29.25,0
2026-01-20,event_10352,Dominican Republic,117,36,8.357142857142858,0
2026-01-20,event_6800,Syria,117,43,9.75,0
2026-01-20,event_6800,Peru,117,66,3.9,0
2026-01-20,event_10000,United States,115,104,1.1057692307692308,0
2026-01-20,event_10353,Switzerland,115,6,19.166666666666668,0
2026-01-20,event_10350,Greece,114,11,19,0
2026-01-20,event_10350,Luxembourg,114,11,19,0
2026-01-20,event_10352,Uganda,114,14,19,0
2026-01-20,event_10511,Ethiopia,114,1,114,0
2026-01-20,event_1600,Mexico,114,83,1.3902439024390243,0
2026-01-20,event_10352,United Arab Emirates,113,44,8.071428571428571,0
2026-01-20,event_1000,Portugal,112,59,1.9649122807017543,0
2026-01-20,event_10351,Honduras,111,30,5.045454545454546,0
2026-01-20,event_10350,Singapore,109,34,4.541666666666667,0
2026-01-20,event_10353,Jamaica,109,11,10.9,0
2026-01-20,event_10352,Romania,108,7,27,0
2026-01-20,event_10352,Sri Lanka,108,14,21.6,0
2026-01-20,event_10353,Qatar,107,4,26.75,0
2026-01-20,event_1000,Indonesia,105,80,1.3291139240506329,0
2026-01-20,event_10350,Antigua & Barbuda,105,6,35,0
2026-01-20,event_10353,Saudi Arabia,105,34,3.6206896551724137,0
2026-01-20,event_6800,Australia,105,42,4.7727272727272725,0
2026-01-20,event_10353,Japan,102,14,7.846153846153846,0
2026-01-20,event_10353,Algeria,102,16,7.846153846153846,0
2026-01-20,event_10351,Angola,101,16,7.214285714285714,0
2026-01-20,event_10353,Morocco,101,9,12.625,0
2026-01-20,event_10100,Mexico,99,55,1.8333333333333333,0
2026-01-20,event_10511,South Africa,99,1,99,0
2026-01-20,event_10354,Mexico,97,53,1.830188679245283,0
2026-01-20,event_8001,United States,97,97,1.0104166666666667,0
2026-01-20,event_10350,China,96,9,19.2,0
2026-01-20,event_6800,Qatar,96,39,12,0
2026-01-20,event_10353,Nepal,95,4,23.75,0
2026-01-20,event_10353,Panama,95,8,11.875,0
2026-01-20,event_10352,Iraq,94,21,11.75,0
2026-01-20,event_1000,United Kingdom,93,46,2.0217391304347827,0
2026-01-20,event_10352,Burkina Faso,93,1,0,0
2026-01-20,event_10353,Costa Rica,93,6,15.5,0
2026-01-20,event_10351,Mozambique,91,8,15.166666666666666,0
2026-01-20,event_10353,Kenya,91,5,22.75,0
2026-01-20,event_10351,Ireland,90,12,11.25,0
2026-01-20,event_10351,Greece,89,8,14.833333333333334,0
2026-01-20,event_39100,United States,89,68,1.3088235294117647,0
2026-01-20,event_6800,South Africa,89,33,4.238095238095238,0
2026-01-20,event_10352,Jordan,88,14,22,0
2026-01-20,event_10350,Congo - Kinshasa,87,7,17.4,0
2026-01-20,event_10351,Iraq,87,9,29,0
2026-01-20,event_6800,Ireland,87,35,10.875,0
2026-01-20,event_10353,Pakistan,86,26,3.44,0
2026-01-20,event_10505,Algeria,86,13,12.285714285714286,0
2026-01-20,event_10351,Haiti,85,3,42.5,0
2026-01-20,event_10511,Puerto Rico,85,2,42.5,0
2026-01-20,event_10351,Ecuador,84,23,7.636363636363637,0
2026-01-20,event_10511,Sri Lanka,84,2,42,0
2026-01-20,event_10351,Tunisia,82,10,41,0
2026-01-20,event_10350,Seychelles,80,2,0,0
2026-01-20,event_10353,Belgium,80,2,40,0
2026-01-20,event_10511,United Arab Emirates,80,2,80,0
2026-01-20,event_6800,Guatemala,80,61,3.6363636363636362,0
2026-01-20,event_10353,South Korea,79,4,19.75,0
2026-01-20,event_10350,Sweden,78,9,26,0
2026-01-20,event_6800,Morocco,78,30,9.75,0
2026-01-20,event_10353,Tanzania,77,4,19.25,0
2026-01-20,event_10505,Colombia,77,15,5.5,0
2026-01-20,event_10350,American Samoa,76,4,38,0
2026-01-20,event_10353,Italy,76,11,6.909090909090909,0
2026-01-20,event_2100,Mexico,76,59,1.2881355932203389,0
2026-01-20,event_6800,El Salvador,76,47,3.8,0
2026-01-20,event_10353,Norway,75,6,12.5,0
2026-01-20,event_1000,Canada,74,36,2.176470588235294,0
2026-01-20,event_10351,Sudan,74,11,37,0
2026-01-20,event_6800,Dominican Republic,74,45,4.625,0
2026-01-20,event_10363,Indonesia,73,24,3.3181818181818183,0
2026-01-20,event_6800,Honduras,73,48,4.055555555555555,0
2026-01-20,event_10350,Botswana,72,2,72,0
2026-01-20,event_10350,Cayman Islands,72,3,36,0
2026-01-20,event_10353,Malaysia,72,9,9,0
2026-01-20,event_10351,Botswana,71,2,71,0
2026-01-20,event_10351,U.S. Virgin Islands,71,7,23.666666666666668,0
2026-01-20,event_10350,Hungary,70,18,7,0
2026-01-20,event_10353,Paraguay,70,16,4.375,0
2026-01-20,event_6800,Venezuela,70,43,4.117647058823529,0
2026-01-20,event_10352,Trinidad & Tobago,69,5,34.5,0
2026-01-20,event_10352,Australia,69,18,9.857142857142858,0
2026-01-20,event_6800,Jordan,69,27,13.8,0
2026-01-20,event_6800,Nepal,69,33,6.9,0
2026-01-20,event_10511,Malaysia,68,1,68,0
2026-01-20,event_10350,Ukraine,67,3,33.5,0
2026-01-20,event_10350,Libya,67,9,33.5,0
2026-01-20,event_10353,Botswana,67,1,67,0
2026-01-20,event_10353,Dominican Republic,67,10,6.7,0
2026-01-20,event_10505,Ireland,67,4,22.333333333333332,0
2026-01-20,event_6800,Vietnam,67,30,16.75,0
2026-01-20,event_10505,Nigeria,66,18,5.5,0
2026-01-20,event_1000,Puerto Rico,65,36,1.8055555555555556,0
2026-01-20,event_10351,Ukraine,65,1,65,0
2026-01-20,event_10353,Bolivia,65,10,7.222222222222222,0
2026-01-20,event_10353,Oman,64,7,9.142857142857142,0
2026-01-20,event_10363,Nigeria,64,22,2.909090909090909,0
2026-01-20,event_10511,Philippines,64,12,5.333333333333333,0
2026-01-20,event_10350,Russia,63,12,15.75,0
2026-01-20,event_10350,New Zealand,63,19,9,0
2026-01-20,event_10352,Congo - Kinshasa,63,6,15.75,0
2026-01-20,event_10352,Italy,63,7,10.5,0
2026-01-20,event_10350,Austria,62,7,31,0
2026-01-20,event_10351,Togo,62,1,62,0
2026-01-20,event_10351,Singapore,62,19,5.636363636363637,0
2026-01-20,event_10363,Syria,62,12,5.636363636363637,0
2026-01-20,event_1000,Egypt,61,28,2.1785714285714284,0
2026-01-20,event_10363,Egypt,61,15,5.545454545454546,0
2026-01-20,event_10351,Cayman Islands,60,2,30,0
2026-01-20,event_10351,Uganda,60,8,10,0
2026-01-20,event_6800,Uruguay,60,31,5.454545454545454,0
2026-01-20,event_10352,Mali,59,3,29.5,0
2026-01-20,event_10353,Israel,59,4,19.666666666666668,0
2026-01-20,event_10363,Mexico,59,30,2.0344827586206895,0
2026-01-20,event_10511,Nepal,59,2,29.5,0
2026-01-20,event_10351,Luxembourg,58,4,14.5,0
2026-01-20,event_10352,Costa Rica,58,14,9.666666666666666,0
2026-01-20,event_10353,Romania,58,6,9.666666666666666,0
2026-01-20,event_10511,Qatar,58,1,58,0
2026-01-20,event_1000,Bangladesh,57,33,1.7272727272727273,0
2026-01-20,event_10350,Nicaragua,57,21,4.384615384615385,0
2026-01-20,event_10352,Norway,57,7,14.25,0
2026-01-20,event_10350,French Guiana,56,8,18.666666666666668,0
2026-01-20,event_6800,Angola,56,23,3.7333333333333334,0
2026-01-20,event_6800,Haiti,56,30,5.6,0
2026-01-20,event_10350,Curaçao,55,4,27.5,0
2026-01-20,event_10350,Azerbaijan,55,10,27.5,0
2026-01-20,event_10352,Oman,55,14,9.166666666666666,0
2026-01-20,event_1600,India,55,24,2.2916666666666665,0
2026-01-20,event_6800,Kuwait,55,19,9.166666666666666,0
2026-01-20,event_6800,Oman,55,20,6.875,0
2026-01-20,event_6800,Ghana,55,21,6.111111111111111,0
2026-01-20,event_6800,Uganda,55,21,6.875,0
2026-01-20,event_10210,Aruba,54,1,54,0
2026-01-20,event_10350,Bahrain,54,4,27,0
2026-01-20,event_1000,Philippines,53,32,1.7096774193548387,0
2026-01-20,event_10353,Cayman Islands,53,2,26.5,0
2026-01-20,event_6800,Türkiye,53,25,7.571428571428571,0
2026-01-20,event_6800,Ecuador,53,35,3.3125,0
2026-01-20,event_10351,Curaçao,52,3,26,0
2026-01-20,event_10363,Bangladesh,52,18,3.0588235294117645,0
2026-01-20,event_10505,South Africa,52,5,10.4,0
2026-01-20,event_10505,Saudi Arabia,52,15,6.5,0
2026-01-20,event_10350,Barbados,51,1,51,0
2026-01-20,event_10351,Antigua & Barbuda,51,5,17,0
2026-01-20,event_10352,China,51,5,51,0
2026-01-20,event_10363,Puerto Rico,51,7,7.285714285714286,0
2026-01-20,event_10352,Türkiye,50,15,12.5,0
2026-01-20,event_10511,Congo - Kinshasa,50,4,16.666666666666668,0
2026-01-20,event_1000,Peru,49,15,3.2666666666666666,0
2026-01-20,event_1000,Colombia,49,27,1.8148148148148149,0
2026-01-20,event_1000,Nigeria,49,28,1.75,0
2026-01-20,event_10351,Sri Lanka,49,6,12.25,0
2026-01-20,event_10352,Barbados,49,1,49,0
2026-01-20,event_10352,Antigua & Barbuda,49,4,24.5,0
2026-01-20,event_9900,Portugal,48,22,2.1818181818181817,0
2026-01-20,open_wifi_alert__click_on_upgrade,Brazil,48,36,1.3333333333333333,0
2026-01-20,open_wifi_alert_paywall__screen_viewed,Brazil,48,36,1.3333333333333333,0
2026-01-20,event_10100,India,47,25,1.88,0
2026-01-20,event_10208,Brazil,47,14,3.357142857142857,0
2026-01-20,event_10353,Ireland,47,5,9.4,0
2026-01-20,event_10353,United Arab Emirates,47,11,5.875,0
2026-01-20,event_10505,Canada,47,14,4.2727272727272725,0
2026-01-20,event_6800,Laos,47,32,4.2727272727272725,0
2026-01-20,event_10353,Ukraine,46,1,46,0
2026-01-20,event_1600,Argentina,46,31,1.4838709677419355,0
2026-01-20,event_6800,Poland,46,22,7.666666666666667,0
2026-01-20,event_6801,Mexico,46,42,1.0952380952380953,0
2026-01-20,event_10350,Liberia,45,4,22.5,0
2026-01-20,event_10353,Greece,45,5,11.25,0
2026-01-20,event_10100,Indonesia,44,34,1.375,0
2026-01-20,event_10350,Uzbekistan,44,6,11,0
2026-01-20,event_10352,Togo,44,2,22,0
2026-01-20,event_6800,South Korea,44,17,6.285714285714286,0
2026-01-20,event_6800,Afghanistan,44,18,6.285714285714286,0
2026-01-20,open_wifi_alert_settings__screen_viewed,United States,44,23,1.9130434782608696,0
2026-01-20,event_10351,Ethiopia,43,6,14.333333333333334,0
2026-01-20,event_10351,Syria,43,9,10.75,0
2026-01-20,event_10352,Poland,43,6,10.75,0
2026-01-20,event_10352,U.S. Virgin Islands,43,6,21.5,0
2026-01-20,event_10353,Guatemala,43,8,5.375,0
2026-01-20,event_10511,Netherlands,43,1,43,0
2026-01-20,event_9900,United Kingdom,43,14,3.0714285714285716,0
2026-01-20,event_10363,Cuba,42,8,5.25,0
2026-01-20,event_10505,France,42,10,4.2,0
2026-01-20,event_10511,Mali,42,1,42,0
2026-01-20,event_39000,United States,42,37,1.135135135135135,0
2026-01-20,pix_analyzer_onboarding_start,Brazil,42,39,1.0769230769230769,0
2026-01-20,event_10353,Luxembourg,41,4,10.25,0
2026-01-20,event_10353,Jordan,41,5,10.25,0
2026-01-20,event_10505,Cuba,41,16,3.4166666666666665,0
2026-01-20,event_10351,China,40,3,20,0
2026-01-20,event_10352,Luxembourg,40,3,13.333333333333334,0
2026-01-20,event_10352,Libya,40,7,40,0
2026-01-20,event_1600,United Kingdom,40,24,1.6666666666666667,0
2026-01-20,event_6800,Iraq,40,15,10,0
2026-01-20,event_6800,Tunisia,40,15,40,0
2026-01-20,event_6800,Israel,40,16,5,0
2026-01-20,event_6800,Guyana,40,17,10,0
2026-01-20,event_10353,Angola,39,10,3.9,0
2026-01-20,event_10511,Slovakia,39,1,39,0
2026-01-20,subscription_subscribe_click,United States,39,26,1.5,0
2026-01-20,event_31009,Mexico,39,21,1.8571428571428572,0
2026-01-20,event_6800,Romania,39,13,4.875,0
2026-01-20,event_10352,Singapore,38,13,6.333333333333333,0
2026-01-20,event_10352,Nicaragua,38,17,3.8,0
2026-01-20,event_10353,U.S. Virgin Islands,38,3,12.666666666666666,0
2026-01-20,event_10363,Algeria,38,11,3.8,0
2026-01-20,event_10505,Morocco,38,5,9.5,0
2026-01-20,event_10352,Russia,37,6,18.5,0
2026-01-20,event_10354,Argentina,37,23,1.6818181818181819,0
2026-01-20,event_6800,Belgium,37,13,9.25,0
2026-01-20,event_6800,Sri Lanka,37,14,12.333333333333334,0
2026-01-20,event_6800,Switzerland,37,19,4.625,0
2026-01-20,event_10351,Mali,36,4,18,0
2026-01-20,event_10352,Tunisia,36,13,18,0
2026-01-20,event_6800,Costa Rica,36,19,4,0
2026-01-20,event_6800,Myanmar (Burma),36,22,6,0
2026-01-20,event_10350,Aruba,35,1,35,0
2026-01-20,event_10353,Uruguay,35,7,5.833333333333333,0
2026-01-20,event_10505,Peru,35,10,3.888888888888889,0
2026-01-20,event_10350,Côte d’Ivoire,34,6,11.333333333333334,0
2026-01-20,event_10351,Sweden,34,3,11.333333333333334,0
2026-01-20,event_10354,Portugal,34,16,2.125,0
2026-01-20,event_10511,Dominican Republic,34,1,34,0
2026-01-20,event_1600,Portugal,34,20,1.7,0
2026-01-20,event_2100,Iran,34,20,1.7,0
2026-01-20,event_10351,Hungary,33,9,4.714285714285714,0
2026-01-20,event_10352,Azerbaijan,33,9,16.5,0
2026-01-20,event_10511,Ecuador,33,2,16.5,0
2026-01-20,event_6800,Singapore,33,16,6.6,0
2026-01-20,event_10351,New Zealand,32,9,5.333333333333333,0
2026-01-20,event_10363,Serbia,32,1,32,0
2026-01-20,event_1650,Mexico,32,27,1.1851851851851851,0
2026-01-20,event_2100,India,32,18,1.7777777777777777,0
2026-01-20,event_6800,Trinidad & Tobago,32,11,8,0
2026-01-20,event_6800,Greece,32,12,5.333333333333333,0
2026-01-20,event_6800,Mozambique,32,12,5.333333333333333,0
2026-01-20,event_10350,Malta,31,2,0,0
2026-01-20,event_10350,Hong Kong,31,8,15.5,0
2026-01-20,event_10511,Colombia,31,1,31,0
2026-01-20,event_2300,Mexico,31,25,1.24,0
2026-01-20,event_4418,United States,31,10,3.1,0
2026-01-20,event_6800,Sweden,31,14,5.166666666666667,0
2026-01-20,event_6800,New Zealand,31,19,3.875,0
2026-01-20,event_10350,St. Vincent & Grenadines,30,3,30,0
2026-01-20,event_10351,Laos,30,12,5,0
2026-01-20,event_10352,Liberia,30,4,15,0
2026-01-20,event_10353,Honduras,30,10,3,0
2026-01-20,event_10511,Pakistan,30,1,30,0
2026-01-20,subscription_screen_open,Mexico,30,21,1.4285714285714286,0
2026-01-20,event_1600,Canada,30,20,1.5,0
2026-01-20,event_6800,Sudan,30,13,6,0
2026-01-20,event_6800,Kenya,30,13,7.5,0
2026-01-20,event_9900,Egypt,30,6,5,0
2026-01-20,event_1000,Algeria,29,17,1.8125,0
2026-01-20,event_1000,Pakistan,29,19,1.6111111111111112,0
2026-01-20,event_10000,Mexico,29,12,2.4166666666666665,0
2026-01-20,event_10352,Bahrain,29,2,29,0
2026-01-20,event_10353,Ecuador,29,7,4.142857142857143,0
2026-01-20,event_10100,Argentina,28,18,1.5555555555555556,0
2026-01-20,event_10210,Mexico,28,3,9.333333333333334,0
2026-01-20,event_10350,Croatia,28,4,28,0
2026-01-20,event_10351,Poland,28,8,4.666666666666667,0
2026-01-20,event_10351,Hong Kong,28,8,14,0
2026-01-20,event_10352,Malta,28,1,0,0
2026-01-20,event_10505,Ecuador,28,8,5.6,0
2026-01-20,event_10505,Pakistan,28,19,2.1538461538461537,0
2026-01-20,event_6800,Luxembourg,28,12,5.6,0
2026-01-20,event_10100,Portugal,27,19,1.5,0
2026-01-20,event_10351,Trinidad & Tobago,27,6,9,0
2026-01-20,event_10351,Afghanistan,27,11,3.375,0
2026-01-20,event_10352,American Samoa,27,2,13.5,0
2026-01-20,event_10352,Sweden,27,3,0,0
2026-01-20,event_10353,Uganda,27,6,4.5,0
2026-01-20,event_10511,Bangladesh,27,3,9,0
2026-01-20,event_2100,Argentina,27,21,1.2857142857142858,0
2026-01-20,event_9900,Argentina,27,13,2.25,0
2026-01-20,event_9900,Canada,27,18,1.5,0
2026-01-20,event_10352,Hungary,26,5,5.2,0
2026-01-20,event_10352,Uzbekistan,26,5,6.5,0
2026-01-20,event_10353,Sri Lanka,26,3,8.666666666666666,0
2026-01-20,event_10353,Mozambique,26,4,8.666666666666666,0
2026-01-20,event_10353,Venezuela,26,11,3.25,0
2026-01-20,event_10505,Bolivia,26,6,6.5,0
2026-01-20,event_6800,Hungary,26,9,8.666666666666666,0
2026-01-20,event_6800,Norway,26,14,4.333333333333333,0
2026-01-20,event_1000,Germany,25,15,1.6666666666666667,0
2026-01-20,event_10350,Bermuda,25,2,25,0
2026-01-20,event_10350,Bahamas,25,5,25,0
2026-01-20,event_10350,Czechia,25,5,25,0
2026-01-20,event_10351,French Guiana,25,3,8.333333333333334,0
2026-01-20,event_10351,Bahrain,25,4,12.5,0
2026-01-20,event_10352,Austria,25,2,12.5,0
2026-01-20,event_10363,Afghanistan,25,6,4.166666666666667,0
2026-01-20,event_1750,Mexico,25,21,1.1904761904761905,0
2026-01-20,event_1000,France,24,14,1.7142857142857142,0
2026-01-20,event_10100,Puerto Rico,24,17,1.6,0
2026-01-20,event_10350,Eswatini,24,2,24,0
2026-01-20,event_10351,Libya,24,5,24,0
2026-01-20,event_10363,Philippines,24,11,3,0
2026-01-20,event_10505,Costa Rica,24,4,6,0
2026-01-20,event_1600,Iran,24,17,1.411764705882353,0
2026-01-20,event_6800,U.S. Virgin Islands,24,11,4.8,0
2026-01-20,event_9900,Spain,24,10,2.4,0
2026-01-20,event_1000,South Africa,23,8,2.875,0
2026-01-20,event_1000,Bolivia,23,12,1.9166666666666667,0
2026-01-20,event_1000,Chile,23,15,1.5333333333333334,0
2026-01-20,event_1000,Saudi Arabia,23,17,1.3529411764705883,0
2026-01-20,event_10350,Moldova,23,2,23,0
2026-01-20,event_10350,Taiwan,23,10,23,0
2026-01-20,event_10351,Congo - Kinshasa,23,5,4.6,0
2026-01-20,event_10353,Thailand,23,11,2.3,0
2026-01-20,event_10363,Romania,23,1,23,0
2026-01-20,event_10363,Zimbabwe,23,2,11.5,0
2026-01-20,event_10505,Japan,23,6,5.75,0
2026-01-20,event_10505,Venezuela,23,9,5.75,0
2026-01-20,event_6800,Tanzania,23,8,3.2857142857142856,0
2026-01-20,event_6800,China,23,9,7.666666666666667,0
2026-01-20,event_9900,Puerto Rico,23,13,1.7692307692307692,0
2026-01-20,event_10100,Canada,22,15,1.4666666666666666,0
2026-01-20,event_10350,Niger,22,3,11,0
2026-01-20,event_10350,Senegal,22,5,7.333333333333333,0
2026-01-20,event_10351,Aruba,22,1,22,0
2026-01-20,event_10353,Curaçao,22,2,11,0
2026-01-20,event_10363,Peru,22,4,5.5,0
2026-01-20,event_6800,Libya,22,7,11,0
2026-01-20,event_10100,Philippines,21,8,2.625,0
2026-01-20,event_10209,Brazil,21,11,1.9090909090909092,0
2026-01-20,event_10351,Serbia,21,4,10.5,0
2026-01-20,event_10352,Eswatini,21,2,21,0
2026-01-20,event_10352,Senegal,21,5,7,0
2026-01-20,event_10352,Côte d’Ivoire,21,6,7,0
2026-01-20,event_10353,Aruba,21,1,21,0
2026-01-20,event_10363,Portugal,21,7,3,0
2026-01-20,event_10505,Paraguay,21,5,4.2,0
2026-01-20,event_10505,Bangladesh,21,16,2.3333333333333335,0
2026-01-20,event_10511,Syria,21,3,7,0
2026-01-20,event_1600,Egypt,21,11,1.9090909090909092,0
2026-01-20,event_6800,French Guiana,21,8,7,0
2026-01-20,event_10350,Denmark,20,2,0,0
2026-01-20,event_10350,Lebanon,20,6,0,0
2026-01-20,event_10351,American Samoa,20,4,10,0
2026-01-20,event_10354,United Kingdom,20,12,1.6666666666666667,0
2026-01-20,event_10354,India,20,14,1.4285714285714286,0
2026-01-20,event_10363,Sudan,20,3,10,0
2026-01-20,event_10363,Argentina,20,17,1.25,0
2026-01-20,event_10505,Malta,20,1,0,0
2026-01-20,event_1600,Puerto Rico,20,16,1.25,0
2026-01-20,event_31009,Argentina,20,10,2,0
2026-01-20,event_6800,Antigua & Barbuda,20,8,6.666666666666667,0
2026-01-20,event_6800,Taiwan,20,8,20,0
2026-01-20,event_9900,Colombia,20,6,3.3333333333333335,0
2026-01-20,event_10100,United Kingdom,19,14,1.4615384615384615,0
2026-01-20,event_10350,Kyrgyzstan,19,3,19,0
2026-01-20,event_10350,Slovakia,19,3,19,0
2026-01-20,event_10351,Moldova,19,1,19,0
2026-01-20,event_10353,Togo,19,1,19,0
2026-01-20,event_10505,Sudan,19,2,19,0
2026-01-20,event_1600,Colombia,19,13,1.4615384615384615,0
2026-01-20,event_2300,India,19,7,2.7142857142857144,0
2026-01-20,event_10100,Egypt,18,10,1.8,0
2026-01-20,event_10351,Bermuda,18,2,18,0
2026-01-20,event_10353,Sweden,18,3,6,0
2026-01-20,event_10363,Canada,18,5,3.6,0
2026-01-20,event_10363,Colombia,18,8,2.5714285714285716,0
2026-01-20,event_2100,Canada,18,11,1.6363636363636365,0
2026-01-20,event_2600,Mexico,18,15,1.2,0
2026-01-20,event_6800,Yemen,18,7,6,0
2026-01-20,event_1000,Cuba,17,10,1.7,0
2026-01-20,event_1000,Paraguay,17,13,1.3076923076923077,0
2026-01-20,event_10100,Morocco,17,3,5.666666666666667,0
2026-01-20,event_10351,Uzbekistan,17,5,5.666666666666667,0
2026-01-20,event_10352,St. Vincent & Grenadines,17,1,0,0
2026-01-20,event_10363,Spain,17,3,5.666666666666667,0
2026-01-20,event_10363,Chile,17,6,3.4,0
2026-01-20,event_10505,Sri Lanka,17,2,17,0
2026-01-20,event_10505,Uruguay,17,3,8.5,0
2026-01-20,event_10505,Jamaica,17,5,4.25,0
2026-01-20,event_10505,Italy,17,5,5.666666666666667,0
2026-01-20,event_10511,Ireland,17,1,17,0
2026-01-20,event_10511,Saudi Arabia,17,6,3.4,0
2026-01-20,event_1600,Nigeria,17,13,1.3076923076923077,0
2026-01-20,event_6800,Bulgaria,17,5,8.5,0
2026-01-20,event_6800,Ethiopia,17,8,4.25,0
2026-01-20,event_1000,Romania,16,3,5.333333333333333,0
2026-01-20,event_1000,Morocco,16,5,3.2,0
2026-01-20,event_1000,Syria,16,6,3.2,0
2026-01-20,event_1000,Malaysia,16,10,1.6,0
2026-01-20,event_10100,Netherlands,16,10,1.6,0
2026-01-20,event_10350,Guam,16,3,8,0
2026-01-20,event_10350,Cambodia,16,3,16,0
2026-01-20,event_10350,Cameroon,16,6,0,0
2026-01-20,event_10351,Russia,16,4,16,0
2026-01-20,event_10352,Seychelles,16,1,0,0
2026-01-20,event_10363,Ethiopia,16,2,8,0
2026-01-20,event_10363,Pakistan,16,10,1.7777777777777777,0
2026-01-20,event_10505,Tunisia,16,1,16,0
2026-01-20,event_10505,Qatar,16,3,5.333333333333333,0
2026-01-20,subscription_screen_open,Argentina,16,11,1.4545454545454546,0
2026-01-20,event_1600,Bangladesh,16,10,1.6,0
2026-01-20,event_1600,Indonesia,16,14,1.1428571428571428,0
2026-01-20,event_2100,Colombia,16,11,1.4545454545454546,0
2026-01-20,event_37000,Mexico,16,16,1,0
2026-01-20,event_6800,Côte d’Ivoire,16,6,8,0
2026-01-20,event_6800,Hong Kong,16,7,5.333333333333333,0
2026-01-20,pix_analyzer_onboarding_activate_click,Brazil,16,16,1,0
2026-01-20,event_1000,Laos,15,5,3.75,0
2026-01-20,event_1000,Netherlands,15,12,1.25,0
2026-01-20,event_1000,Thailand,15,15,1,0
2026-01-20,event_10100,Germany,15,11,1.3636363636363635,0
2026-01-20,event_10350,Iceland,15,2,15,0
2026-01-20,event_10350,Sierra Leone,15,5,0,0
2026-01-20,event_10350,Albania,15,15,1.1538461538461537,0
2026-01-20,event_10352,Bahamas,15,3,15,0
2026-01-20,event_10353,Türkiye,15,5,3.75,0
2026-01-20,event_10354,Colombia,15,11,1.3636363636363635,0
2026-01-20,event_10363,Ecuador,15,5,7.5,0
2026-01-20,event_10505,Germany,15,11,1.875,0
2026-01-20,event_10511,Germany,15,2,15,0
2026-01-20,event_10512,Iran,15,4,3.75,0
2026-01-20,event_31009,United Kingdom,15,8,1.875,0
2026-01-20,event_6800,Curaçao,15,6,7.5,0
2026-01-20,event_6800,Azerbaijan,15,7,15,0
2026-01-20,event_10100,Peru,14,8,1.75,0
2026-01-20,event_10350,Cook Islands,14,1,0,0
2026-01-20,event_10350,Turkmenistan,14,4,14,0
2026-01-20,event_10350,Brunei,14,11,1.75,0
2026-01-20,event_10351,Cook Islands,14,1,0,0
2026-01-20,event_10351,Seychelles,14,2,0,0
2026-01-20,event_10351,Myanmar (Burma),14,3,0,0
2026-01-20,event_10352,Bulgaria,14,2,7,0
2026-01-20,event_10354,Puerto Rico,14,9,1.5555555555555556,0
2026-01-20,event_10363,Bolivia,14,6,2.8,0
2026-01-20,event_10505,Serbia,14,1,14,0
2026-01-20,event_10505,Kuwait,14,4,7,0
2026-01-20,event_10511,Romania,14,1,14,0
2026-01-20,event_10511,Guyana,14,2,14,0
2026-01-20,event_1650,Argentina,14,12,1.1666666666666667,0
2026-01-20,event_2300,Iran,14,8,1.75,0
2026-01-20,event_6800,Cape Verde,14,5,2.8,0
2026-01-20,event_1000,Spain,13,13,1.0833333333333333,0
2026-01-20,event_10100,Mali,13,1,13,0
2026-01-20,event_10100,Pakistan,13,6,2.1666666666666665,0
2026-01-20,event_10100,Paraguay,13,9,1.4444444444444444,0
2026-01-20,event_10208,Mexico,13,1,13,0
2026-01-20,event_10350,Suriname,13,3,0,0
2026-01-20,event_10351,Austria,13,2,6.5,0
2026-01-20,event_10351,Liberia,13,2,13,0
2026-01-20,event_10351,Côte d’Ivoire,13,5,4.333333333333333,0
2026-01-20,event_10352,Aruba,13,1,13,0
2026-01-20,event_10353,French Guiana,13,1,13,0
2026-01-20,event_10353,New Zealand,13,3,4.333333333333333,0
2026-01-20,event_10353,Poland,13,3,4.333333333333333,0
2026-01-20,event_10354,Canada,13,7,1.8571428571428572,0
2026-01-20,event_10363,Mozambique,13,3,4.333333333333333,0
2026-01-20,event_10505,New Zealand,13,2,6.5,0
2026-01-20,event_10505,U.S. Virgin Islands,13,2,6.5,0
2026-01-20,event_10505,Chile,13,5,3.25,0
2026-01-20,event_10511,Moldova,13,1,13,0
2026-01-20,event_2100,Bangladesh,13,10,1.3,0
2026-01-20,event_2300,United Kingdom,13,10,1.3,0
2026-01-20,event_31009,India,13,8,1.625,0
2026-01-20,event_6800,Cameroon,13,6,13,0
2026-01-20,event_6800,Panama,13,10,1.4444444444444444,0
2026-01-20,event_6801,United Kingdom,13,10,1.3,0
2026-01-20,event_6801,India,13,12,1.0833333333333333,0
2026-01-20,event_9900,France,13,6,2.1666666666666665,0
2026-01-20,event_9900,India,13,8,1.625,0
2026-01-20,pix_analyzer_onboarding_start,United States,13,10,1.3,0
2026-01-20,event_1000,Mozambique,12,5,2.4,0
2026-01-20,event_1000,Honduras,12,5,3,0
2026-01-20,event_1000,Ecuador,12,7,1.7142857142857142,0
2026-01-20,event_1000,Japan,12,7,1.7142857142857142,0
2026-01-20,event_10100,South Africa,12,5,2.4,0
2026-01-20,event_10100,Colombia,12,8,1.5,0
2026-01-20,event_10350,Belize,12,3,12,0
2026-01-20,event_10351,Zambia,12,2,6,0
2026-01-20,event_10351,Kyrgyzstan,12,3,12,0
2026-01-20,event_10351,Guyana,12,5,12,0
2026-01-20,event_10352,South Korea,12,4,6,0
2026-01-20,event_10352,New Zealand,12,6,4,0
2026-01-20,event_10352,Panama,12,7,2.4,0
2026-01-20,event_10353,Antigua & Barbuda,12,1,12,0
2026-01-20,event_10353,Moldova,12,1,12,0
2026-01-20,event_10353,Ethiopia,12,3,4,0
2026-01-20,event_10353,Hungary,12,3,4,0
2026-01-20,event_10505,Dominican Republic,12,2,12,0
2026-01-20,event_10511,Egypt,12,2,6,0
2026-01-20,event_1600,Peru,12,5,2.4,0
2026-01-20,event_1650,Puerto Rico,12,6,2,0
2026-01-20,event_1650,Iran,12,7,1.7142857142857142,0
2026-01-20,event_2100,Puerto Rico,12,9,1.3333333333333333,0
2026-01-20,event_29000,Mexico,12,11,1.0909090909090908,0
2026-01-20,event_31009,Bangladesh,12,5,2.4,0
2026-01-20,event_6800,Brunei,12,5,4,0
2026-01-20,event_6800,Austria,12,5,6,0
2026-01-20,event_6800,Ukraine,12,5,6,0
2026-01-20,event_6800,Russia,12,7,6,0
2026-01-20,event_6801,Portugal,12,9,1.3333333333333333,0
2026-01-20,event_6801,Iran,12,11,1.0909090909090908,0
2026-01-20,event_8000,India,12,12,1,0
2026-01-20,open_wifi_alert__click_on_upgrade,United States,12,9,1.3333333333333333,0
2026-01-20,open_wifi_alert_paywall__screen_viewed,United States,12,9,1.3333333333333333,0
2026-01-20,event_1000,Norway,11,4,2.75,0
2026-01-20,event_1000,Angola,11,7,1.5714285714285714,0
2026-01-20,event_10350,Cyprus,11,3,11,0
2026-01-20,event_10351,Iceland,11,1,11,0
2026-01-20,event_10351,Niger,11,1,11,0
2026-01-20,event_10352,Cayman Islands,11,1,11,0
2026-01-20,event_10352,Lebanon,11,4,0,0
2026-01-20,event_10353,Bermuda,11,1,11,0
2026-01-20,event_10353,Congo - Kinshasa,11,1,11,0
2026-01-20,event_10353,Tunisia,11,1,11,0
2026-01-20,event_10353,Syria,11,2,5.5,0
2026-01-20,event_10354,Bangladesh,11,7,1.5714285714285714,0
2026-01-20,event_10354,Indonesia,11,10,1.1,0
2026-01-20,event_10363,South Africa,11,6,1.8333333333333333,0
2026-01-20,event_10505,Belgium,11,2,11,0
2026-01-20,event_10505,Angola,11,3,3.6666666666666665,0
2026-01-20,event_10505,Mozambique,11,4,5.5,0
2026-01-20,event_10511,Uzbekistan,11,3,3.6666666666666665,0
2026-01-20,event_10511,Thailand,11,4,2.75,0
2026-01-20,subscription_screen_open,India,11,6,1.8333333333333333,0
2026-01-20,subscription_screen_open,Bangladesh,11,7,1.5714285714285714,0
2026-01-20,subscription_purchase_complete,Brazil,11,11,1,0
2026-01-20,event_1600,South Africa,11,7,1.5714285714285714,0
2026-01-20,event_1650,Portugal,11,10,1.1,0
2026-01-20,event_2100,United Kingdom,11,8,1.375,0
2026-01-20,event_6800,Malta,11,2,0,0
2026-01-20,event_6800,Cayman Islands,11,4,3.6666666666666665,0
2026-01-20,event_6800,Bahrain,11,4,5.5,0
2026-01-20,event_6800,Senegal,11,5,3.6666666666666665,0
2026-01-20,event_6800,American Samoa,11,5,5.5,0
2026-01-20,event_6800,Nicaragua,11,6,3.6666666666666665,0
2026-01-20,event_6801,Canada,11,9,1.2222222222222223,0
2026-01-20,event_8001,India,11,11,1,0
2026-01-20,event_9900,Indonesia,11,6,1.8333333333333333,0
2026-01-20,event_9900,Netherlands,11,7,1.5714285714285714,0
2026-01-20,event_1000,Oman,10,6,1.6666666666666667,0
2026-01-20,event_10351,Guam,10,2,10,0
2026-01-20,event_10351,Cambodia,10,3,10,0
2026-01-20,event_10351,Taiwan,10,6,10,0
2026-01-20,event_10352,Slovakia,10,1,0,0
2026-01-20,event_10353,Zambia,10,2,5,0
2026-01-20,event_10353,Sudan,10,3,5,0
2026-01-20,event_10364,United States,10,7,1.4285714285714286,0
2026-01-20,event_10505,Austria,10,2,5,0
2026-01-20,event_10505,Norway,10,2,5,0
2026-01-20,event_10511,Afghanistan,10,2,5,0
2026-01-20,event_10512,India,10,2,5,0
2026-01-20,event_10512,Mexico,10,4,2.5,0
2026-01-20,event_2100,Algeria,10,6,1.6666666666666667,0
2026-01-20,event_6800,Lebanon,10,3,0,0
2026-01-20,event_6800,Martinique,10,4,0,0
2026-01-20,event_6801,Indonesia,10,9,1.25,0
2026-01-20,event_8000,Bangladesh,10,10,1,0
2026-01-20,event_9900,Bangladesh,10,3,3.3333333333333335,0
2026-01-20,event_9900,Italy,10,3,3.3333333333333335,0
2026-01-20,event_1000,Sri Lanka,9,4,2.25,0
2026-01-20,event_1000,Australia,9,7,1.2857142857142858,0
2026-01-20,event_1000,El Salvador,9,7,1.2857142857142858,0
2026-01-20,event_10100,Syria,9,5,1.8,0
2026-01-20,event_10351,Cape Verde,9,3,3,0
2026-01-20,event_10351,Cameroon,9,4,0,0
2026-01-20,event_10351,Brunei,9,6,2.25,0
2026-01-20,event_10351,Albania,9,9,1.125,0
2026-01-20,event_10352,Sierra Leone,9,2,0,0
2026-01-20,event_10352,Niger,9,3,4.5,0
2026-01-20,event_10352,Israel,9,7,9,0
2026-01-20,event_10354,Chile,9,6,1.5,0
2026-01-20,event_10354,Peru,9,7,1.2857142857142858,0
2026-01-20,event_10363,Malta,9,1,0,0
2026-01-20,event_10505,Ethiopia,9,1,9,0
2026-01-20,event_10505,Malaysia,9,3,3,0
2026-01-20,event_10505,Afghanistan,9,3,4.5,0
2026-01-20,event_10511,France,9,2,4.5,0
2026-01-20,subscription_subscribe_click,Bangladesh,9,3,3,0
2026-01-20,event_1600,Chile,9,8,1.125,0
2026-01-20,event_1650,India,9,3,3,0
2026-01-20,event_1750,Canada,9,7,1.2857142857142858,0
2026-01-20,event_1750,India,9,7,1.2857142857142858,0
2026-01-20,event_1750,Iran,9,7,1.2857142857142858,0
2026-01-20,event_2100,Portugal,9,8,1.125,0
2026-01-20,event_2300,Portugal,9,8,1.125,0
2026-01-20,event_2300,Argentina,9,9,1,0
2026-01-20,event_26003,Iran,9,5,1.8,0
2026-01-20,event_31009,Iran,9,7,1.2857142857142858,0
2026-01-20,event_6800,Liberia,9,3,4.5,0
2026-01-20,event_6800,Slovakia,9,3,4.5,0
2026-01-20,event_6800,Albania,9,3,9,0
2026-01-20,event_6800,Sierra Leone,9,4,0,0
2026-01-20,event_6800,Serbia,9,4,9,0
2026-01-20,event_6800,Togo,9,5,2.25,0
2026-01-20,event_6801,Argentina,9,9,1,0
2026-01-20,event_8001,Bangladesh,9,9,1,0
2026-01-20,pix_analyzer_alert_open,Brazil,9,6,1.5,0
2026-01-20,event_1000,Togo,8,1,8,0
2026-01-20,event_1000,Israel,8,3,2.6666666666666665,0
2026-01-20,event_1000,Panama,8,3,2.6666666666666665,0
2026-01-20,event_1000,Türkiye,8,3,2.6666666666666665,0
2026-01-20,event_1000,Ghana,8,4,2,0
2026-01-20,event_1000,Sudan,8,4,2.6666666666666665,0
2026-01-20,event_1000,Italy,8,6,1.3333333333333333,0
2026-01-20,event_10100,Bangladesh,8,6,1.6,0
2026-01-20,event_10350,Papua New Guinea,8,2,8,0
2026-01-20,event_10350,Finland,8,3,4,0
2026-01-20,event_10350,Guinea-Bissau,8,4,0,0
2026-01-20,event_10351,Bhutan,8,1,0,0
2026-01-20,event_10351,Turkmenistan,8,1,8,0
2026-01-20,event_10352,Taiwan,8,4,0,0
2026-01-20,event_10353,Singapore,8,3,2.6666666666666665,0
2026-01-20,event_10354,Panama,8,4,2,0
2026-01-20,event_10354,Germany,8,6,1.3333333333333333,0
2026-01-20,event_10363,Venezuela,8,5,1.6,0
2026-01-20,event_10505,Nepal,8,3,2.6666666666666665,0
2026-01-20,event_10505,Haiti,8,4,4,0
2026-01-20,event_10505,Thailand,8,5,8,0
2026-01-20,event_10505,Syria,8,6,2,0
2026-01-20,event_10511,Venezuela,8,1,8,0
2026-01-20,event_10511,Argentina,8,2,8,0
2026-01-20,event_10512,Cuba,8,3,2.6666666666666665,0
2026-01-20,subscription_screen_open,Oman,8,1,8,0
2026-01-20,subscription_screen_open,Syria,8,3,2.6666666666666665,0
2026-01-20,event_1600,Philippines,8,4,2,0
2026-01-20,event_1600,Algeria,8,5,1.6,0
2026-01-20,event_1600,Germany,8,5,1.6,0
2026-01-20,event_2100,Philippines,8,3,2.6666666666666665,0
2026-01-20,event_2100,Indonesia,8,6,1.3333333333333333,0
2026-01-20,event_2300,Canada,8,6,1.3333333333333333,0
2026-01-20,event_26003,India,8,4,2,0
2026-01-20,event_31009,Peru,8,4,2,0
2026-01-20,event_37000,India,8,2,4,0
2026-01-20,event_6800,St. Kitts & Nevis,8,3,0,0
2026-01-20,event_6800,Guam,8,3,4,0
2026-01-20,event_6800,Lithuania,8,3,4,0
2026-01-20,event_6800,Zimbabwe,8,6,2,0
2026-01-20,event_6801,Nigeria,8,6,1.6,0
2026-01-20,event_1000,Serbia,7,2,3.5,0
2026-01-20,event_1000,Switzerland,7,3,2.3333333333333335,0
2026-01-20,event_1000,United Arab Emirates,7,3,2.3333333333333335,0
2026-01-20,event_1000,Dominican Republic,7,6,1.1666666666666667,0
2026-01-20,event_10100,Singapore,7,2,3.5,0
2026-01-20,event_10100,Sweden,7,2,3.5,0
2026-01-20,event_10100,El Salvador,7,3,2.3333333333333335,0
2026-01-20,event_10100,Norway,7,3,2.3333333333333335,0
2026-01-20,event_10100,United Arab Emirates,7,4,1.75,0
2026-01-20,event_10100,Spain,7,6,1.1666666666666667,0
2026-01-20,event_10100,Saudi Arabia,7,7,1,0
2026-01-20,event_10210,Argentina,7,2,3.5,0
2026-01-20,event_10350,South Sudan,7,1,0,0
2026-01-20,event_10350,Solomon Islands,7,1,7,0
2026-01-20,event_10350,Guinea,7,2,0,0
2026-01-20,event_10350,Rwanda,7,2,0,0
2026-01-20,event_10350,Georgia,7,2,3.5,0
2026-01-20,event_10350,Palestine,7,2,7,0
2026-01-20,event_10351,St. Vincent & Grenadines,7,1,7,0
2026-01-20,event_10352,Bermuda,7,1,0,0
2026-01-20,event_10352,Switzerland,7,4,1.75,0
2026-01-20,event_10353,American Samoa,7,1,7,0
2026-01-20,event_10353,Iceland,7,1,7,0
2026-01-20,event_10353,Russia,7,1,7,0
2026-01-20,event_10353,Trinidad & Tobago,7,2,3.5,0
2026-01-20,event_10363,Morocco,7,2,3.5,0
2026-01-20,event_10363,Uganda,7,3,3.5,0
2026-01-20,event_10363,Saudi Arabia,7,5,1.75,0
2026-01-20,event_10363,Netherlands,7,6,1.4,0
2026-01-20,event_10505,Greece,7,1,7,0
2026-01-20,event_10505,Guam,7,1,7,0
2026-01-20,event_10511,Italy,7,1,7,0
2026-01-20,event_10512,Ethiopia,7,1,7,0
2026-01-20,event_1600,France,7,3,2.3333333333333335,0
2026-01-20,event_1600,Japan,7,3,2.3333333333333335,0
2026-01-20,event_1600,Malaysia,7,6,1.1666666666666667,0
2026-01-20,event_1650,Canada,7,6,1.1666666666666667,0
2026-01-20,event_1700,Mexico,7,7,1,0
2026-01-20,event_1750,Argentina,7,6,1.1666666666666667,0
2026-01-20,event_26003,Mexico,7,6,1.1666666666666667,0
2026-01-20,event_29000,Argentina,7,5,1.4,0
2026-01-20,event_31009,Colombia,7,4,1.75,0
2026-01-20,event_31009,Egypt,7,4,1.75,0
2026-01-20,event_37000,Argentina,7,7,1,0
2026-01-20,event_39000,Mexico,7,3,2.3333333333333335,0
2026-01-20,event_6800,Marshall Islands,7,2,0,0
2026-01-20,event_6801,Colombia,7,7,1,0
2026-01-20,event_8000,Mexico,7,6,1.1666666666666667,0
2026-01-20,event_8000,Iran,7,7,1.1666666666666667,0
2026-01-20,event_9900,Malaysia,7,2,7,0
2026-01-20,event_9900,Greece,7,3,2.3333333333333335,0
2026-01-20,event_9900,Ireland,7,4,1.75,0
2026-01-20,open_wifi_alert_settings__screen_viewed,Portugal,7,1,7,0
2026-01-20,event_1000,Ethiopia,6,1,6,0
2026-01-20,event_1000,China,6,2,3,0
2026-01-20,event_1000,French Guiana,6,3,2,0
2026-01-20,event_10100,Honduras,6,3,2,0
2026-01-20,event_10100,Nigeria,6,3,2,0
2026-01-20,event_10100,Bolivia,6,4,1.5,0
2026-01-20,event_10100,Thailand,6,5,1.5,0
2026-01-20,event_10100,Chile,6,6,1,0
2026-01-20,event_10350,Kiribati,6,1,0,0
2026-01-20,event_10350,Somalia,6,2,3,0
2026-01-20,event_10350,(not set),6,2,6,0
2026-01-20,event_10351,Cyprus,6,1,0,0
2026-01-20,event_10351,Czechia,6,1,6,0
2026-01-20,event_10351,Somalia,6,2,3,0
2026-01-20,event_10351,Azerbaijan,6,4,0,0
2026-01-20,event_10351,Sierra Leone,6,4,0,0
2026-01-20,event_10352,Guam,6,1,6,0
2026-01-20,event_10352,Solomon Islands,6,1,6,0
2026-01-20,event_10352,Guinea,6,2,0,0
2026-01-20,event_10352,Papua New Guinea,6,2,6,0
2026-01-20,event_10352,Turkmenistan,6,3,0,0
2026-01-20,event_10353,Mali,6,1,6,0
2026-01-20,event_10353,Austria,6,2,3,0
2026-01-20,event_10354,Philippines,6,3,2,0
2026-01-20,event_10354,Spain,6,3,2,0
2026-01-20,event_10354,Algeria,6,4,1.5,0
2026-01-20,event_10363,Italy,6,1,6,0
2026-01-20,event_10363,U.S. Virgin Islands,6,1,6,0
2026-01-20,event_10363,Myanmar (Burma),6,2,3,0
2026-01-20,event_10363,Jamaica,6,3,2,0
2026-01-20,event_10363,United Kingdom,6,4,1.5,0
2026-01-20,event_10505,Switzerland,6,2,3,0
2026-01-20,event_10505,Guatemala,6,3,2,0
2026-01-20,event_10505,United Arab Emirates,6,4,6,0
2026-01-20,event_10505,Australia,6,5,3,0
2026-01-20,event_10512,Sri Lanka,6,2,3,0
2026-01-20,subscription_screen_open,Philippines,6,2,3,0
2026-01-20,subscription_screen_open,Romania,6,2,3,0
2026-01-20,subscription_screen_open,Colombia,6,4,1.5,0
2026-01-20,subscription_screen_open,Algeria,6,5,1.2,0
2026-01-20,event_1600,Türkiye,6,2,3,0
2026-01-20,event_1600,Netherlands,6,6,1,0
2026-01-20,event_1650,Bangladesh,6,5,1.2,0
2026-01-20,event_1700,United Kingdom,6,6,1,0
2026-01-20,event_1750,Portugal,6,6,1,0
2026-01-20,event_2100,Nigeria,6,4,1.5,0
2026-01-20,event_2100,Peru,6,4,1.5,0
2026-01-20,event_2100,Chile,6,6,1,0
2026-01-20,event_2100,Egypt,6,6,1,0
2026-01-20,event_30000,Mexico,6,2,3,0
2026-01-20,event_6800,St. Vincent & Grenadines,6,2,6,0
2026-01-20,event_6800,Suriname,6,3,0,0
2026-01-20,event_6800,Congo - Kinshasa,6,3,2,0
2026-01-20,event_6800,Barbados,6,3,6,0
2026-01-20,event_6801,South Africa,6,2,3,0
2026-01-20,event_6801,Puerto Rico,6,6,1,0
2026-01-20,event_8001,Mexico,6,5,1.2,0
2026-01-20,event_1000,Greece,5,3,1.6666666666666667,0
2026-01-20,event_1000,Jamaica,5,3,1.6666666666666667,0
2026-01-20,event_1000,Jordan,5,3,1.6666666666666667,0
2026-01-20,event_1000,Sweden,5,3,1.6666666666666667,0
2026-01-20,event_1000,Uganda,5,3,1.6666666666666667,0
2026-01-20,event_1000,Congo - Kinshasa,5,4,1.25,0
2026-01-20,event_1000,Ireland,5,4,1.25,0
2026-01-20,event_1000,Poland,5,4,1.25,0
2026-01-20,event_1000,Qatar,5,4,1.25,0
2026-01-20,event_1000,Costa Rica,5,5,1,0
2026-01-20,event_10000,Indonesia,5,4,1.25,0
2026-01-20,event_10100,Panama,5,1,5,0
2026-01-20,event_10100,Algeria,5,2,2.5,0
2026-01-20,event_10100,Jordan,5,2,2.5,0
2026-01-20,event_10100,Australia,5,3,1.6666666666666667,0
2026-01-20,event_10100,France,5,4,1.25,0
2026-01-20,event_10100,Guatemala,5,4,1.6666666666666667,0
2026-01-20,event_10350,North Macedonia,5,1,0,0
2026-01-20,event_10351,North Macedonia,5,1,0,0
2026-01-20,event_10351,Burkina Faso,5,2,0,0
2026-01-20,event_10351,Belize,5,2,5,0
2026-01-20,event_10351,Slovakia,5,2,5,0
2026-01-20,event_10351,Lebanon,5,4,0,0
2026-01-20,event_10352,Kyrgyzstan,5,1,0,0
2026-01-20,event_10352,South Sudan,5,1,0,0
2026-01-20,event_10352,Ireland,5,2,0,0
2026-01-20,event_10352,Rwanda,5,2,0,0
2026-01-20,event_10352,Palestine,5,2,5,0
2026-01-20,event_10354,Togo,5,1,5,0
2026-01-20,event_10354,Morocco,5,2,2.5,0
2026-01-20,event_10354,Switzerland,5,2,2.5,0
2026-01-20,event_10354,Saudi Arabia,5,5,1,0
2026-01-20,event_10363,Aruba,5,1,5,0
2026-01-20,event_10363,Tanzania,5,2,2.5,0
2026-01-20,event_10363,Angola,5,4,1.25,0
2026-01-20,event_10363,Paraguay,5,5,1,0
2026-01-20,event_10505,Kenya,5,1,0,0
2026-01-20,event_10505,Moldova,5,1,5,0
2026-01-20,event_10505,Taiwan,5,2,5,0
2026-01-20,event_10505,Uganda,5,2,5,0
2026-01-20,event_10505,El Salvador,5,4,1.6666666666666667,0
2026-01-20,event_10511,Azerbaijan,5,1,5,0
2026-01-20,event_10511,Kuwait,5,1,5,0
2026-01-20,event_10511,Switzerland,5,1,5,0
2026-01-20,event_10512,Qatar,5,1,5,0
2026-01-20,event_10850,Iran,5,3,1.6666666666666667,0
2026-01-20,subscription_screen_open,Portugal,5,4,1.25,0
2026-01-20,subscription_subscribe_click,Syria,5,1,5,0
2026-01-20,subscription_subscribe_click,Iran,5,2,2.5,0
2026-01-20,event_1600,Australia,5,3,1.6666666666666667,0
2026-01-20,event_1600,Syria,5,3,1.6666666666666667,0
2026-01-20,event_1600,Bolivia,5,4,1.25,0
2026-01-20,event_1600,Saudi Arabia,5,4,1.25,0
2026-01-20,event_1600,Paraguay,5,5,1,0
2026-01-20,event_1700,Romania,5,1,5,0
2026-01-20,event_1750,Chile,5,2,2.5,0
2026-01-20,event_1750,Indonesia,5,5,1,0
2026-01-20,event_2100,Serbia,5,1,5,0
2026-01-20,event_2100,Romania,5,2,2.5,0
2026-01-20,event_2100,Morocco,5,3,1.6666666666666667,0
2026-01-20,event_2100,Pakistan,5,3,1.6666666666666667,0
2026-01-20,event_2100,Bolivia,5,4,1.25,0
2026-01-20,event_2300,Puerto Rico,5,4,1.25,0
2026-01-20,event_2300,Egypt,5,5,1,0
2026-01-20,event_30000,Portugal,5,4,1.25,0
2026-01-20,event_37000,Colombia,5,5,1,0
2026-01-20,event_6800,Seychelles,5,1,0,0
2026-01-20,event_6800,Mauritius,5,1,5,0
2026-01-20,event_6800,Gambia,5,2,0,0
2026-01-20,event_6800,Guinea-Bissau,5,2,0,0
2026-01-20,event_6800,Namibia,5,2,0,0
2026-01-20,event_6800,Uzbekistan,5,3,2.5,0
2026-01-20,event_6800,Finland,5,4,2.5,0
2026-01-20,event_6801,Syria,5,3,1.6666666666666667,0
2026-01-20,event_6801,France,5,4,1.25,0
2026-01-20,event_6801,Pakistan,5,5,1.6666666666666667,0
2026-01-20,event_8000,Algeria,5,5,1,0
2026-01-20,event_8001,Algeria,5,5,1,0
2026-01-20,event_8001,Iran,5,5,1,0
2026-01-20,event_9900,South Africa,5,2,2.5,0
2026-01-20,event_9900,Jamaica,5,3,1.6666666666666667,0
2026-01-20,event_9900,Saudi Arabia,5,4,1.25,0
2026-01-20,event_1000,Bermuda,4,1,4,0
2026-01-20,event_1000,Mali,4,1,4,0
2026-01-20,event_1000,Afghanistan,4,3,1.3333333333333333,0
2026-01-20,event_1000,Belgium,4,3,1.3333333333333333,0
2026-01-20,event_1000,Haiti,4,3,1.3333333333333333,0
2026-01-20,event_1000,Luxembourg,4,3,1.3333333333333333,0
2026-01-20,event_1000,Uruguay,4,3,1.3333333333333333,0
2026-01-20,event_1000,Venezuela,4,3,1.3333333333333333,0
2026-01-20,event_1000,Guatemala,4,4,1,0
2026-01-20,event_10100,Angola,4,2,2,0
2026-01-20,event_10100,Japan,4,2,2,0
2026-01-20,event_10210,Indonesia,4,3,1.3333333333333333,0
2026-01-20,event_10350,Belarus,4,1,0,0
2026-01-20,event_10350,Grenada,4,1,0,0
2026-01-20,event_10350,Gambia,4,2,0,0
2026-01-20,event_10350,Macao,4,2,0,0
2026-01-20,event_10350,St. Lucia,4,2,0,0
2026-01-20,event_10351,Kiribati,4,1,0,0
2026-01-20,event_10351,Malta,4,2,0,0
2026-01-20,event_10351,Georgia,4,2,2,0
2026-01-20,event_10351,Bahamas,4,3,4,0
2026-01-20,event_10352,Greece,4,1,4,0
2026-01-20,event_10352,Guinea-Bissau,4,2,0,0
2026-01-20,event_10352,Belize,4,2,4,0
2026-01-20,event_10352,Moldova,4,2,4,0
2026-01-20,event_10353,Vietnam,4,2,2,0
2026-01-20,event_10353,Guyana,4,2,4,0
2026-01-20,event_10354,France,4,2,2,0
2026-01-20,event_10354,Ghana,4,2,2,0
2026-01-20,event_10354,Egypt,4,4,1,0
2026-01-20,event_10354,Nigeria,4,4,1,0
2026-01-20,event_10363,Laos,4,1,4,0
2026-01-20,event_10363,Togo,4,1,4,0
2026-01-20,event_10363,El Salvador,4,2,2,0
2026-01-20,event_10363,France,4,3,1.3333333333333333,0
2026-01-20,event_10363,Haiti,4,3,2,0
2026-01-20,event_10363,Germany,4,4,1,0
2026-01-20,event_10505,Luxembourg,4,2,2,0
2026-01-20,event_10505,Myanmar (Burma),4,2,2,0
2026-01-20,event_10505,Iraq,4,2,4,0
2026-01-20,event_10505,Honduras,4,3,1.3333333333333333,0
2026-01-20,event_10505,Romania,4,3,1.3333333333333333,0
2026-01-20,event_10505,Ghana,4,4,1,0
2026-01-20,event_10511,Peru,4,1,0,0
2026-01-20,event_10800,Mexico,4,4,1,0
2026-01-20,event_10850,Ecuador,4,2,2,0
2026-01-20,event_10850,Jordan,4,2,2,0
2026-01-20,event_10850,Egypt,4,3,1.3333333333333333,0
2026-01-20,event_10850,India,4,3,1.3333333333333333,0
2026-01-20,event_10850,Mexico,4,4,1,0
2026-01-20,subscription_screen_open,Sri Lanka,4,1,4,0
2026-01-20,subscription_screen_open,Jordan,4,2,2,0
2026-01-20,subscription_screen_open,Canada,4,4,1,0
2026-01-20,subscription_screen_open,Egypt,4,4,1,0
2026-01-20,subscription_subscribe_click,Angola,4,2,2,0
2026-01-20,event_1600,Serbia,4,1,4,0
2026-01-20,event_1600,Pakistan,4,2,2,0
2026-01-20,event_1600,Ecuador,4,3,1.3333333333333333,0
2026-01-20,event_1600,Spain,4,3,1.3333333333333333,0
2026-01-20,event_1650,Nigeria,4,3,1.3333333333333333,0
2026-01-20,event_1700,Portugal,4,2,2,0
2026-01-20,event_1750,Colombia,4,2,2,0
2026-01-20,event_1750,Philippines,4,3,1.3333333333333333,0
2026-01-20,event_1750,Netherlands,4,4,1,0
2026-01-20,event_1750,Puerto Rico,4,4,1,0
2026-01-20,event_2100,Norway,4,1,4,0
2026-01-20,event_2100,Ecuador,4,3,1.3333333333333333,0
2026-01-20,event_2300,Poland,4,1,4,0
2026-01-20,event_2300,Colombia,4,4,1,0
2026-01-20,event_2600,Portugal,4,3,1.3333333333333333,0
2026-01-20,event_2600,Argentina,4,4,1,0
2026-01-20,event_26003,Philippines,4,2,2,0
2026-01-20,event_29000,Bangladesh,4,2,2,0
2026-01-20,event_29000,France,4,4,1,0
2026-01-20,event_31009,Canada,4,2,2,0
2026-01-20,event_31009,Chile,4,3,1.3333333333333333,0
2026-01-20,event_31009,Indonesia,4,4,1,0
2026-01-20,event_4418,Iran,4,1,4,0
2026-01-20,event_6800,South Sudan,4,1,0,0
2026-01-20,event_6800,Belize,4,1,4,0
2026-01-20,event_6800,Georgia,4,1,4,0
2026-01-20,event_6800,Micronesia,4,1,4,0
2026-01-20,event_6800,Denmark,4,2,0,0
2026-01-20,event_6800,Kyrgyzstan,4,2,0,0
2026-01-20,event_6800,Rwanda,4,2,0,0
2026-01-20,event_6800,Djibouti,4,2,2,0
2026-01-20,event_6800,Mali,4,2,2,0
2026-01-20,event_6800,Bahamas,4,2,4,0
2026-01-20,event_6800,Kazakhstan,4,2,4,0
2026-01-20,event_6800,Moldova,4,2,4,0
2026-01-20,event_6800,Turkmenistan,4,2,4,0
2026-01-20,event_6800,Zambia,4,3,1.3333333333333333,0
2026-01-20,event_6801,Jamaica,4,2,2,0
2026-01-20,event_6801,Israel,4,3,1.3333333333333333,0
2026-01-20,event_6801,Algeria,4,4,1,0
2026-01-20,event_8000,Egypt,4,3,1.3333333333333333,0
2026-01-20,event_8000,Colombia,4,4,1,0
2026-01-20,event_9900,Hungary,4,1,4,0
2026-01-20,event_9900,U.S. Virgin Islands,4,1,4,0
2026-01-20,event_9900,United Arab Emirates,4,1,4,0
2026-01-20,event_9900,Philippines,4,2,4,0
2026-01-20,event_9900,Chile,4,4,1,0
2026-01-20,open_wifi_alert__click_on_upgrade,Portugal,4,1,4,0
2026-01-20,open_wifi_alert_paywall__screen_viewed,Portugal,4,1,4,0
2026-01-20,event_1000,Curaçao,3,1,3,0
2026-01-20,event_1000,Tunisia,3,2,1.5,0
2026-01-20,event_1000,Zimbabwe,3,2,1.5,0
2026-01-20,event_1000,South Korea,3,3,1,0
2026-01-20,event_1000,Trinidad & Tobago,3,3,1,0
2026-01-20,event_1000,Hong Kong,3,3,1.5,0
2026-01-20,event_10000,Argentina,3,1,3,0
2026-01-20,event_10000,Bangladesh,3,3,1,0
2026-01-20,event_10000,Bolivia,3,3,1,0
2026-01-20,event_10100,Tunisia,3,1,3,0
2026-01-20,event_10100,Cape Verde,3,2,1.5,0
2026-01-20,event_10100,French Guiana,3,2,1.5,0
2026-01-20,event_10100,Vietnam,3,2,1.5,0
2026-01-20,event_10100,Dominican Republic,3,3,1,0
2026-01-20,event_10100,Oman,3,3,1,0
2026-01-20,event_10350,Bosnia & Herzegovina,3,1,0,0
2026-01-20,event_10350,Chad,3,1,0,0
2026-01-20,event_10350,Martinique,3,3,0,0
2026-01-20,event_10351,Iran,3,2,1.5,0
2026-01-20,event_10351,(not set),3,2,3,0
2026-01-20,event_10351,Eswatini,3,2,3,0
2026-01-20,event_10352,Czechia,3,1,0,0
2026-01-20,event_10352,Grenada,3,1,0,0
2026-01-20,event_10352,Macao,3,1,0,0
2026-01-20,event_10352,Georgia,3,1,3,0
2026-01-20,event_10352,Cameroon,3,2,0,0
2026-01-20,event_10352,French Guiana,3,2,1.5,0
2026-01-20,event_10352,Hong Kong,3,2,3,0
2026-01-20,event_10353,St. Vincent & Grenadines,3,1,3,0
2026-01-20,event_10353,Turkmenistan,3,1,3,0
2026-01-20,event_10353,Serbia,3,2,1.5,0
2026-01-20,event_10354,Oman,3,1,3,0
2026-01-20,event_10354,Belgium,3,2,1.5,0
2026-01-20,event_10354,Costa Rica,3,2,1.5,0
2026-01-20,event_10354,Norway,3,2,1.5,0
2026-01-20,event_10354,Bolivia,3,3,1,0
2026-01-20,event_10363,Thailand,3,1,0,0
2026-01-20,event_10363,Cape Verde,3,2,1.5,0
2026-01-20,event_10363,Japan,3,2,1.5,0
2026-01-20,event_10363,United Arab Emirates,3,2,3,0
2026-01-20,event_10364,Mexico,3,1,3,0
2026-01-20,event_10505,Congo - Kinshasa,3,1,3,0
2026-01-20,event_10505,Cape Verde,3,2,1.5,0
2026-01-20,event_10505,Oman,3,2,1.5,0
2026-01-20,event_10505,Guyana,3,2,3,0
2026-01-20,event_10505,Trinidad & Tobago,3,2,3,0
2026-01-20,event_10505,Jordan,3,3,1.5,0
2026-01-20,event_10505,Türkiye,3,3,3,0
2026-01-20,event_10512,Egypt,3,1,3,0
2026-01-20,event_10512,Nigeria,3,3,1,0
2026-01-20,event_10800,Argentina,3,3,1,0
2026-01-20,event_10850,Portugal,3,2,1.5,0
2026-01-20,event_10850,Argentina,3,3,1,0
2026-01-20,subscription_screen_open,Saudi Arabia,3,1,3,0
2026-01-20,subscription_screen_open,Morocco,3,2,1.5,0
2026-01-20,subscription_screen_open,Indonesia,3,3,1,0
2026-01-20,subscription_subscribe_click,Philippines,3,1,3,0
2026-01-20,subscription_subscribe_click,Togo,3,1,3,0
2026-01-20,event_1600,Israel,3,1,3,0
2026-01-20,event_1600,Poland,3,1,3,0
2026-01-20,event_1600,Romania,3,1,3,0
2026-01-20,event_1600,Ghana,3,2,1.5,0
2026-01-20,event_1600,Greece,3,2,1.5,0
2026-01-20,event_1600,Ireland,3,2,1.5,0
2026-01-20,event_1600,Italy,3,2,1.5,0
2026-01-20,event_1600,Sweden,3,2,1.5,0
2026-01-20,event_1650,Peru,3,2,1.5,0
2026-01-20,event_1650,Indonesia,3,3,1,0
2026-01-20,event_1650,Panama,3,3,1,0
2026-01-20,event_1650,Philippines,3,3,1,0
2026-01-20,event_1650,United Kingdom,3,3,1,0
2026-01-20,event_1700,Bangladesh,3,1,3,0
2026-01-20,event_1700,Peru,3,1,3,0
2026-01-20,event_1700,Argentina,3,3,1,0
2026-01-20,event_1700,Iran,3,3,1,0
2026-01-20,event_1750,Norway,3,2,1.5,0
2026-01-20,event_1750,Sweden,3,2,1.5,0
2026-01-20,event_1750,Paraguay,3,3,1,0
2026-01-20,event_1750,United Kingdom,3,3,1,0
2026-01-20,event_2100,Honduras,3,1,3,0
2026-01-20,event_2100,Mali,3,1,3,0
2026-01-20,event_2100,Sudan,3,1,3,0
2026-01-20,event_2100,Paraguay,3,2,1.5,0
2026-01-20,event_2100,South Africa,3,2,1.5,0
2026-01-20,event_2100,France,3,3,1,0
2026-01-20,event_2100,Germany,3,3,1,0
2026-01-20,event_2100,Oman,3,3,1,0
2026-01-20,event_2300,Australia,3,3,1,0
2026-01-20,event_2300,Indonesia,3,3,1,0
2026-01-20,event_2300,Philippines,3,3,1,0
2026-01-20,event_2600,Bangladesh,3,2,1.5,0
2026-01-20,event_26003,Algeria,3,1,3,0
2026-01-20,event_26003,Bahrain,3,1,3,0
2026-01-20,event_26003,Egypt,3,1,3,0
2026-01-20,event_26003,Oman,3,1,3,0
2026-01-20,event_26003,Romania,3,1,3,0
2026-01-20,event_26003,Argentina,3,2,1.5,0
2026-01-20,event_26003,Bangladesh,3,2,1.5,0
2026-01-20,event_26003,Portugal,3,2,1.5,0
2026-01-20,event_29000,Indonesia,3,2,1.5,0
2026-01-20,event_29000,Bolivia,3,3,1,0
2026-01-20,event_29000,Iran,3,3,1,0
2026-01-20,event_29000,Puerto Rico,3,3,1,0
2026-01-20,event_30000,Nigeria,3,2,1.5,0
2026-01-20,event_31009,Ecuador,3,1,3,0
2026-01-20,event_31009,Jamaica,3,1,3,0
2026-01-20,event_31009,Portugal,3,2,1.5,0
2026-01-20,event_31009,Algeria,3,3,1,0
2026-01-20,event_39000,Portugal,3,3,1,0
2026-01-20,event_39100,Ecuador,3,2,1.5,0
2026-01-20,event_4418,Mexico,3,2,1.5,0
2026-01-20,event_6800,Bhutan,3,1,0,0
2026-01-20,event_6800,Croatia,3,1,0,0
2026-01-20,event_6800,Estonia,3,1,0,0
2026-01-20,event_6800,Malawi,3,1,0,0
2026-01-20,event_6800,Sint Maarten,3,1,0,0
2026-01-20,event_6800,Turks & Caicos Islands,3,1,0,0
2026-01-20,event_6800,Somalia,3,1,3,0
2026-01-20,event_6800,Palestine,3,2,3,0
2026-01-20,event_6801,Oman,3,1,3,0
2026-01-20,event_6801,Egypt,3,2,1.5,0
2026-01-20,event_6801,Ghana,3,2,1.5,0
2026-01-20,event_6801,Guatemala,3,2,1.5,0
2026-01-20,event_6801,Peru,3,2,1.5,0
2026-01-20,event_6801,Uganda,3,2,1.5,0
2026-01-20,event_6801,Bangladesh,3,3,1,0
2026-01-20,event_6801,Chile,3,3,1,0
2026-01-20,event_6801,Germany,3,3,1,0
2026-01-20,event_8000,Jordan,3,3,1,0
2026-01-20,event_8000,Oman,3,3,1,0
2026-01-20,event_8000,Philippines,3,3,1,0
2026-01-20,event_8001,Argentina,3,3,1,0
2026-01-20,event_8001,Colombia,3,3,1,0
2026-01-20,event_8001,Egypt,3,3,1,0
2026-01-20,event_8001,Jordan,3,3,1,0
2026-01-20,event_8001,Oman,3,3,1,0
2026-01-20,event_8001,Philippines,3,3,1,0
2026-01-20,event_9900,French Guiana,3,1,3,0
2026-01-20,event_9900,Germany,3,2,1.5,0
2026-01-20,pix_analyzer_onboarding_start,Mexico,3,1,3,0
2026-01-20,event_1000,Myanmar (Burma),2,1,2,0
2026-01-20,event_1000,Senegal,2,1,2,0
2026-01-20,event_1000,U.S. Virgin Islands,2,1,2,0
2026-01-20,event_1000,Antigua & Barbuda,2,2,1,0
2026-01-20,event_1000,Côte d’Ivoire,2,2,1,0
2026-01-20,event_1000,Niger,2,2,1,0
2026-01-20,event_1000,Russia,2,2,1,0
2026-01-20,event_1000,Vietnam,2,2,1,0
2026-01-20,event_10000,France,2,2,1,0
2026-01-20,event_10000,Portugal,2,2,1,0
2026-01-20,event_10100,Greece,2,1,2,0
2026-01-20,event_10100,Iraq,2,1,2,0
2026-01-20,event_10100,Poland,2,1,2,0
2026-01-20,event_10100,Sudan,2,1,2,0
2026-01-20,event_10100,Uganda,2,1,2,0
2026-01-20,event_10100,Yemen,2,1,2,0
2026-01-20,event_10100,Ecuador,2,2,1,0
2026-01-20,event_10100,Kuwait,2,2,1,0
2026-01-20,event_10100,Malaysia,2,2,1,0
2026-01-20,event_10100,New Zealand,2,2,1,0
2026-01-20,event_10100,South Korea,2,2,1,0
2026-01-20,event_10100,Venezuela,2,2,1,0
2026-01-20,event_10208,Congo - Kinshasa,2,1,2,0
2026-01-20,event_10210,Syria,2,1,2,0
2026-01-20,event_10210,India,2,2,1,0
2026-01-20,event_10350,Andorra,2,1,0,0
2026-01-20,event_10350,Dominica,2,1,0,0
2026-01-20,event_10350,Fiji,2,1,0,0
2026-01-20,event_10350,Djibouti,2,1,2,0
2026-01-20,event_10350,Lithuania,2,1,2,0
2026-01-20,event_10350,Mauritius,2,1,2,0
2026-01-20,event_10350,French Polynesia,2,2,0,0
2026-01-20,event_10350,Kazakhstan,2,2,2,0
2026-01-20,event_10351,Andorra,2,1,0,0
2026-01-20,event_10351,Bosnia & Herzegovina,2,1,0,0
2026-01-20,event_10351,Rwanda,2,1,0,0
2026-01-20,event_10351,Suriname,2,1,0,0
2026-01-20,event_10351,Barbados,2,1,2,0
2026-01-20,event_10351,Lithuania,2,1,2,0
2026-01-20,event_10351,Mauritius,2,1,2,0
2026-01-20,event_10351,Palestine,2,1,2,0
2026-01-20,event_10351,Zimbabwe,2,1,2,0
2026-01-20,event_10351,French Polynesia,2,2,0,0
2026-01-20,event_10351,Nicaragua,2,2,2,0
2026-01-20,event_10352,Belgium,2,1,0,0
2026-01-20,event_10352,Chad,2,1,0,0
2026-01-20,event_10352,Fiji,2,1,0,0
2026-01-20,event_10352,Gambia,2,1,0,0
2026-01-20,event_10352,Kiribati,2,1,0,0
2026-01-20,event_10352,Suriname,2,1,0,0
2026-01-20,event_10352,(not set),2,1,2,0
2026-01-20,event_10352,Djibouti,2,1,2,0
2026-01-20,event_10352,Albania,2,2,1,0
2026-01-20,event_10352,Brunei,2,2,2,0
2026-01-20,event_10352,Cambodia,2,2,2,0
2026-01-20,event_10352,Curaçao,2,2,2,0
2026-01-20,event_10352,Ukraine,2,2,2,0
2026-01-20,event_10353,Taiwan,2,1,0,0
2026-01-20,event_10353,Belize,2,1,2,0
2026-01-20,event_10353,Cape Verde,2,1,2,0
2026-01-20,event_10353,China,2,1,2,0
2026-01-20,event_10353,Czechia,2,1,2,0
2026-01-20,event_10353,Guam,2,1,2,0
2026-01-20,event_10353,Iraq,2,1,2,0
2026-01-20,event_10353,Laos,2,1,2,0
2026-01-20,event_10353,Uzbekistan,2,1,2,0
2026-01-20,event_10353,Afghanistan,2,2,1,0
2026-01-20,event_10354,Aruba,2,1,2,0
2026-01-20,event_10354,Japan,2,1,2,0
2026-01-20,event_10354,Jordan,2,1,2,0
2026-01-20,event_10354,Angola,2,2,1,0
2026-01-20,event_10354,El Salvador,2,2,1,0
2026-01-20,event_10354,Guatemala,2,2,1,0
2026-01-20,event_10354,Malaysia,2,2,1,0
2026-01-20,event_10354,Paraguay,2,2,1,0
2026-01-20,event_10354,Poland,2,2,1,0
2026-01-20,event_10354,Sweden,2,2,1,0
2026-01-20,event_10363,Iraq,2,1,0,0
2026-01-20,event_10363,Bahrain,2,1,2,0
2026-01-20,event_10363,Guam,2,1,2,0
2026-01-20,event_10363,Poland,2,1,2,0
2026-01-20,event_10363,Senegal,2,1,2,0
2026-01-20,event_10363,Ghana,2,2,1,0
2026-01-20,event_10363,Guatemala,2,2,1,0
2026-01-20,event_10363,Oman,2,2,1,0
2026-01-20,event_10363,Dominican Republic,2,2,2,0
2026-01-20,event_10363,Sri Lanka,2,2,2,0
2026-01-20,event_10364,Myanmar (Burma),2,1,2,0
2026-01-20,event_10364,Pakistan,2,1,2,0
2026-01-20,event_10364,Algeria,2,2,1,0
2026-01-20,event_10364,Indonesia,2,2,1,0
2026-01-20,event_10364,Iran,2,2,1,0
2026-01-20,event_10505,Cayman Islands,2,1,2,0
2026-01-20,event_10505,Laos,2,1,2,0
2026-01-20,event_10505,Russia,2,1,2,0
2026-01-20,event_10505,South Korea,2,1,2,0
2026-01-20,event_10505,Zambia,2,1,2,0
2026-01-20,event_10505,Zimbabwe,2,1,2,0
2026-01-20,event_10505,Poland,2,2,1,0
2026-01-20,event_10511,American Samoa,2,1,0,0
2026-01-20,event_10511,Canada,2,1,2,0
2026-01-20,event_10512,Peru,2,1,0,0
2026-01-20,event_10512,Argentina,2,1,2,0
2026-01-20,event_10512,Bangladesh,2,1,2,0
2026-01-20,event_10512,Colombia,2,1,2,0
2026-01-20,event_10512,Haiti,2,1,2,0
2026-01-20,event_10512,Moldova,2,1,2,0
2026-01-20,event_10512,New Zealand,2,1,2,0
2026-01-20,event_10512,Philippines,2,1,2,0
2026-01-20,event_10800,Bangladesh,2,1,2,0
2026-01-20,event_10800,Chile,2,1,2,0
2026-01-20,event_10800,Philippines,2,1,2,0
2026-01-20,event_10800,Switzerland,2,1,2,0
2026-01-20,event_10800,Puerto Rico,2,2,1,0
2026-01-20,event_10850,Philippines,2,1,2,0
2026-01-20,event_10850,Bangladesh,2,2,1,0
2026-01-20,subscription_screen_open,Bahrain,2,1,2,0
2026-01-20,subscription_screen_open,Bolivia,2,1,2,0
2026-01-20,subscription_screen_open,Türkiye,2,1,2,0
2026-01-20,subscription_screen_open,United Arab Emirates,2,1,2,0
2026-01-20,subscription_screen_open,Angola,2,2,1,0
2026-01-20,subscription_screen_open,South Africa,2,2,1,0
2026-01-20,subscription_screen_open,United Kingdom,2,2,1,0
2026-01-20,subscription_subscribe_click,Algeria,2,1,2,0
2026-01-20,subscription_subscribe_click,Morocco,2,1,2,0
2026-01-20,subscription_subscribe_click,Oman,2,1,2,0
2026-01-20,subscription_subscribe_click,Romania,2,1,2,0
2026-01-20,subscription_subscribe_click,Sri Lanka,2,1,2,0
2026-01-20,subscription_subscribe_click,United Arab Emirates,2,1,2,0
2026-01-20,subscription_subscribe_click,India,2,2,1,0
2026-01-20,subscription_subscribe_click,Mexico,2,2,1,0
2026-01-20,subscription_cancel_click,Brazil,2,2,1,0
2026-01-20,event_1600,Morocco,2,1,2,0
2026-01-20,event_1600,Qatar,2,1,2,0
2026-01-20,event_1600,Togo,2,1,2,0
2026-01-20,event_1600,U.S. Virgin Islands,2,1,2,0
2026-01-20,event_1600,Angola,2,2,1,0
2026-01-20,event_1600,Dominican Republic,2,2,1,0
2026-01-20,event_1600,Sri Lanka,2,2,1,0
2026-01-20,event_1600,Venezuela,2,2,1,0
2026-01-20,event_1650,South Africa,2,1,2,0
2026-01-20,event_1650,Bolivia,2,2,1,0
2026-01-20,event_1650,Chile,2,2,1,0
2026-01-20,event_1650,Ecuador,2,2,1,0
2026-01-20,event_1650,Morocco,2,2,1,0
2026-01-20,event_1650,Oman,2,2,1,0
2026-01-20,event_1650,Russia,2,2,1,0
2026-01-20,event_1700,Canada,2,2,1,0
2026-01-20,event_1700,France,2,2,1,0
2026-01-20,event_1700,Indonesia,2,2,1,0
2026-01-20,event_1700,Puerto Rico,2,2,1,0
2026-01-20,event_1750,French Guiana,2,1,2,0
2026-01-20,event_1750,Bangladesh,2,2,1,0
2026-01-20,event_1750,France,2,2,1,0
2026-01-20,event_1750,Germany,2,2,1,0
2026-01-20,event_1750,Morocco,2,2,1,0
2026-01-20,event_1750,Peru,2,2,1,0
2026-01-20,event_2100,Iceland,2,1,2,0
2026-01-20,event_2100,Israel,2,1,2,0
2026-01-20,event_2100,Moldova,2,1,2,0
2026-01-20,event_2100,United Arab Emirates,2,1,2,0
2026-01-20,event_2100,Angola,2,2,1,0
2026-01-20,event_2100,French Guiana,2,2,1,0
2026-01-20,event_2100,Ghana,2,2,1,0
2026-01-20,event_2100,Poland,2,2,1,0
2026-01-20,event_2100,Saudi Arabia,2,2,1,0
2026-01-20,event_2100,Sweden,2,2,1,0
2026-01-20,event_2300,Syria,2,1,2,0
2026-01-20,event_2300,Türkiye,2,1,2,0
2026-01-20,event_2300,Bolivia,2,2,1,0
2026-01-20,event_2300,France,2,2,1,0
2026-01-20,event_2300,Japan,2,2,1,0
2026-01-20,event_2300,Malaysia,2,2,1,0
2026-01-20,event_2300,Peru,2,2,1,0
2026-01-20,event_2300,Saudi Arabia,2,2,1,0
2026-01-20,event_2600,Ecuador,2,1,2,0
2026-01-20,event_2600,Iran,2,1,2,0
2026-01-20,event_2600,Canada,2,2,1,0
2026-01-20,event_2600,India,2,2,1,0
2026-01-20,event_2600,Peru,2,2,1,0
2026-01-20,event_2600,United Kingdom,2,2,1,0
2026-01-20,event_26003,Canada,2,2,1,0
2026-01-20,event_26003,France,2,2,1,0
2026-01-20,event_29000,Romania,2,1,2,0
2026-01-20,event_29000,United Kingdom,2,1,2,0
2026-01-20,event_29000,Canada,2,2,1,0
2026-01-20,event_29000,Chile,2,2,1,0
2026-01-20,event_29000,India,2,2,1,0
2026-01-20,event_29000,Portugal,2,2,1,0
2026-01-20,event_30000,Philippines,2,1,2,0
2026-01-20,event_30000,United Kingdom,2,1,2,0
2026-01-20,event_30000,India,2,2,1,0
2026-01-20,event_30000,Iran,2,2,1,0
2026-01-20,event_31009,Jordan,2,1,2,0
2026-01-20,event_31009,Romania,2,1,2,0
2026-01-20,event_31009,Japan,2,2,1,0
2026-01-20,event_31009,Puerto Rico,2,2,1,0
2026-01-20,event_37000,Algeria,2,1,2,0
2026-01-20,event_37000,Dominican Republic,2,1,2,0
2026-01-20,event_37000,Canada,2,2,1,0
2026-01-20,event_37000,Panama,2,2,1,0
2026-01-20,event_37000,Portugal,2,2,1,0
2026-01-20,event_37000,Puerto Rico,2,2,1,0
2026-01-20,event_39000,Philippines,2,1,2,0
2026-01-20,event_39000,Romania,2,1,2,0
2026-01-20,event_39100,Portugal,2,1,2,0
2026-01-20,event_39100,Iran,2,2,1,0
2026-01-20,event_39100,Mexico,2,2,1,0
2026-01-20,event_6800,Burkina Faso,2,1,0,0
2026-01-20,event_6800,Chad,2,1,0,0
2026-01-20,event_6800,Grenada,2,1,0,0
2026-01-20,event_6800,Guinea,2,1,0,0
2026-01-20,event_6800,Réunion,2,1,0,0
2026-01-20,event_6800,Aruba,2,1,2,0
2026-01-20,event_6800,Bermuda,2,1,2,0
2026-01-20,event_6800,Cyprus,2,1,2,0
2026-01-20,event_6800,(not set),2,2,2,0
2026-01-20,event_6800,Cambodia,2,2,2,0
2026-01-20,event_6800,Czechia,2,2,2,0
2026-01-20,event_6800,Eswatini,2,2,2,0
2026-01-20,event_6801,China,2,1,2,0
2026-01-20,event_6801,Curaçao,2,1,2,0
2026-01-20,event_6801,El Salvador,2,1,2,0
2026-01-20,event_6801,Romania,2,1,2,0
2026-01-20,event_6801,Tunisia,2,1,2,0
2026-01-20,event_6801,United Arab Emirates,2,1,2,0
2026-01-20,event_6801,Angola,2,2,1,0
2026-01-20,event_6801,Costa Rica,2,2,1,0
2026-01-20,event_6801,Ecuador,2,2,1,0
2026-01-20,event_6801,Italy,2,2,1,0
2026-01-20,event_6801,Philippines,2,2,1,0
2026-01-20,event_6801,Spain,2,2,1,0
2026-01-20,event_8000,Canada,2,2,0,0
2026-01-20,event_8000,Argentina,2,2,1,0
2026-01-20,event_8000,Dominican Republic,2,2,1,0
2026-01-20,event_8000,Netherlands,2,2,1,0
2026-01-20,event_8000,Pakistan,2,2,1,0
2026-01-20,event_8000,Portugal,2,2,1,0
2026-01-20,event_8000,Puerto Rico,2,2,1,0
2026-01-20,event_8001,Dominican Republic,2,2,1,0
2026-01-20,event_8001,Netherlands,2,2,1,0
2026-01-20,event_8001,Portugal,2,2,1,0
2026-01-20,event_9900,Australia,2,1,2,0
2026-01-20,event_9900,China,2,1,2,0
2026-01-20,event_9900,Morocco,2,1,2,0
2026-01-20,event_9900,Nicaragua,2,1,2,0
2026-01-20,event_9900,Peru,2,1,2,0
2026-01-20,event_9900,Qatar,2,1,2,0
2026-01-20,event_9900,Thailand,2,1,2,0
2026-01-20,event_9900,El Salvador,2,2,1,0
2026-01-20,event_9900,Guatemala,2,2,1,0
2026-01-20,event_9900,Nigeria,2,2,1,0
2026-01-20,open_wifi_alert_settings__screen_viewed,Iran,2,1,2,0
2026-01-20,pix_analyzer_onboarding_activate_click,Mexico,2,1,2,0
2026-01-20,pix_analyzer_onboarding_activate_click,United States,2,2,1,0
2026-01-20,event_1000,Austria,1,1,0,0
2026-01-20,event_1000,Guyana,1,1,0,0
2026-01-20,event_1000,(not set),1,1,1,0
2026-01-20,event_1000,Aruba,1,1,1,0
2026-01-20,event_1000,Azerbaijan,1,1,1,0
2026-01-20,event_1000,Bahrain,1,1,1,0
2026-01-20,event_1000,Belize,1,1,1,0
2026-01-20,event_1000,Bulgaria,1,1,1,0
2026-01-20,event_1000,Cape Verde,1,1,1,0
2026-01-20,event_1000,Czechia,1,1,1,0
2026-01-20,event_1000,Georgia,1,1,1,0
2026-01-20,event_1000,Iceland,1,1,1,0
2026-01-20,event_1000,Kenya,1,1,1,0
2026-01-20,event_1000,Libya,1,1,1,0
2026-01-20,event_1000,Moldova,1,1,1,0
2026-01-20,event_1000,Nepal,1,1,1,0
2026-01-20,event_1000,Slovakia,1,1,1,0
2026-01-20,event_1000,Solomon Islands,1,1,1,0
2026-01-20,event_1000,Somalia,1,1,1,0
2026-01-20,event_1000,St. Vincent & Grenadines,1,1,1,0
2026-01-20,event_1000,Turkmenistan,1,1,1,0
2026-01-20,event_1000,Zambia,1,1,1,0
2026-01-20,event_10000,Algeria,1,1,1,0
2026-01-20,event_10000,Colombia,1,1,1,0
2026-01-20,event_10000,Cuba,1,1,1,0
2026-01-20,event_10000,El Salvador,1,1,1,0
2026-01-20,event_10000,Germany,1,1,1,0
2026-01-20,event_10000,Hong Kong,1,1,1,0
2026-01-20,event_10000,Iran,1,1,1,0
2026-01-20,event_10000,Myanmar (Burma),1,1,1,0
2026-01-20,event_10000,Pakistan,1,1,1,0
2026-01-20,event_10000,Peru,1,1,1,0
2026-01-20,event_10000,Philippines,1,1,1,0
2026-01-20,event_10000,Puerto Rico,1,1,1,0
2026-01-20,event_10000,Togo,1,1,1,0
2026-01-20,event_10000,Venezuela,1,1,1,0
2026-01-20,event_10100,Hungary,1,1,0,0
2026-01-20,event_10100,Jamaica,1,1,0,0
2026-01-20,event_10100,Malta,1,1,0,0
2026-01-20,event_10100,Austria,1,1,1,0
2026-01-20,event_10100,Belgium,1,1,1,0
2026-01-20,event_10100,Cuba,1,1,1,0
2026-01-20,event_10100,Curaçao,1,1,1,0
2026-01-20,event_10100,Ethiopia,1,1,1,0
2026-01-20,event_10100,Georgia,1,1,1,0
2026-01-20,event_10100,Ghana,1,1,1,0
2026-01-20,event_10100,Italy,1,1,1,0
2026-01-20,event_10100,Kenya,1,1,1,0
2026-01-20,event_10100,Lithuania,1,1,1,0
2026-01-20,event_10100,Luxembourg,1,1,1,0
2026-01-20,event_10100,Mauritius,1,1,1,0
2026-01-20,event_10100,Moldova,1,1,1,0
2026-01-20,event_10100,Qatar,1,1,1,0
2026-01-20,event_10100,Romania,1,1,1,0
2026-01-20,event_10100,Solomon Islands,1,1,1,0
2026-01-20,event_10100,Sri Lanka,1,1,1,0
2026-01-20,event_10100,St. Vincent & Grenadines,1,1,1,0
2026-01-20,event_10100,Switzerland,1,1,1,0
2026-01-20,event_10100,Türkiye,1,1,1,0
2026-01-20,event_10210,Belgium,1,1,1,0
2026-01-20,event_10210,Ghana,1,1,1,0
2026-01-20,event_10210,Netherlands,1,1,1,0
2026-01-20,event_10210,South Africa,1,1,1,0
2026-01-20,event_10210,Spain,1,1,1,0
2026-01-20,event_10210,Switzerland,1,1,1,0
2026-01-20,event_10350,Marshall Islands,1,1,0,0
2026-01-20,event_10350,Northern Mariana Islands,1,1,0,0
2026-01-20,event_10350,St. Barthélemy,1,1,0,0
2026-01-20,event_10350,St. Kitts & Nevis,1,1,0,0
2026-01-20,event_10350,Turks & Caicos Islands,1,1,0,0
2026-01-20,event_10350,Gabon,1,1,1,0
2026-01-20,event_10351,Chad,1,1,0,0
2026-01-20,event_10351,Grenada,1,1,0,0
2026-01-20,event_10351,Guinea-Bissau,1,1,0,0
2026-01-20,event_10351,St. Kitts & Nevis,1,1,0,0
2026-01-20,event_10351,Kazakhstan,1,1,1,0
2026-01-20,event_10351,Solomon Islands,1,1,1,0
2026-01-20,event_10351,Yemen,1,1,1,0
2026-01-20,event_10352,Bosnia & Herzegovina,1,1,0,0
2026-01-20,event_10352,Botswana,1,1,0,0
2026-01-20,event_10352,Kazakhstan,1,1,0,0
2026-01-20,event_10352,Kuwait,1,1,0,0
2026-01-20,event_10352,Marshall Islands,1,1,0,0
2026-01-20,event_10352,St. Barthélemy,1,1,0,0
2026-01-20,event_10352,St. Lucia,1,1,0,0
2026-01-20,event_10352,Turks & Caicos Islands,1,1,0,0
2026-01-20,event_10352,Cyprus,1,1,1,0
2026-01-20,event_10352,French Polynesia,1,1,1,0
2026-01-20,event_10352,Gabon,1,1,1,0
2026-01-20,event_10353,Azerbaijan,1,1,0,0
2026-01-20,event_10353,Malta,1,1,0,0
2026-01-20,event_10353,(not set),1,1,1,0
2026-01-20,event_10353,Bahamas,1,1,1,0
2026-01-20,event_10353,Barbados,1,1,1,0
2026-01-20,event_10353,Cambodia,1,1,1,0
2026-01-20,event_10353,Côte d’Ivoire,1,1,1,0
2026-01-20,event_10353,Georgia,1,1,1,0
2026-01-20,event_10353,Haiti,1,1,1,0
2026-01-20,event_10353,Hong Kong,1,1,1,0
2026-01-20,event_10353,Mauritius,1,1,1,0
2026-01-20,event_10353,Nicaragua,1,1,1,0
2026-01-20,event_10354,Australia,1,1,1,0
2026-01-20,event_10354,Curaçao,1,1,1,0
2026-01-20,event_10354,Ecuador,1,1,1,0
2026-01-20,event_10354,Greece,1,1,1,0
2026-01-20,event_10354,Iceland,1,1,1,0
2026-01-20,event_10354,Iraq,1,1,1,0
2026-01-20,event_10354,Ireland,1,1,1,0
2026-01-20,event_10354,Pakistan,1,1,1,0
2026-01-20,event_10354,St. Vincent & Grenadines,1,1,1,0
2026-01-20,event_10354,Tanzania,1,1,1,0
2026-01-20,event_10354,Turkmenistan,1,1,1,0
2026-01-20,event_10354,Venezuela,1,1,1,0
2026-01-20,event_10363,Türkiye,1,1,0,0
2026-01-20,event_10363,Djibouti,1,1,1,0
2026-01-20,event_10363,Eswatini,1,1,1,0
2026-01-20,event_10363,Guyana,1,1,1,0
2026-01-20,event_10363,Jordan,1,1,1,0
2026-01-20,event_10363,Kenya,1,1,1,0
2026-01-20,event_10363,Liberia,1,1,1,0
2026-01-20,event_10363,Libya,1,1,1,0
2026-01-20,event_10363,Luxembourg,1,1,1,0
2026-01-20,event_10363,Mali,1,1,1,0
2026-01-20,event_10363,Nepal,1,1,1,0
2026-01-20,event_10363,Niger,1,1,1,0
2026-01-20,event_10363,Norway,1,1,1,0
2026-01-20,event_10363,Papua New Guinea,1,1,1,0
2026-01-20,event_10363,Qatar,1,1,1,0
2026-01-20,event_10363,Russia,1,1,1,0
2026-01-20,event_10363,Solomon Islands,1,1,1,0
2026-01-20,event_10363,Trinidad & Tobago,1,1,1,0
2026-01-20,event_10363,Tunisia,1,1,1,0
2026-01-20,event_10363,Uruguay,1,1,1,0
2026-01-20,event_10363,Zambia,1,1,1,0
2026-01-20,event_10364,Afghanistan,1,1,1,0
2026-01-20,event_10364,Cuba,1,1,1,0
2026-01-20,event_10364,Eswatini,1,1,1,0
2026-01-20,event_10364,Liberia,1,1,1,0
2026-01-20,event_10364,Nigeria,1,1,1,0
2026-01-20,event_10364,Papua New Guinea,1,1,1,0
2026-01-20,event_10364,Russia,1,1,1,0
2026-01-20,event_10364,Syria,1,1,1,0
2026-01-20,event_10364,United Kingdom,1,1,1,0
2026-01-20,event_10505,Azerbaijan,1,1,0,0
2026-01-20,event_10505,Burkina Faso,1,1,0,0
2026-01-20,event_10505,China,1,1,0,0
2026-01-20,event_10505,French Guiana,1,1,0,0
2026-01-20,event_10505,Israel,1,1,0,0
2026-01-20,event_10505,Sierra Leone,1,1,0,0
2026-01-20,event_10505,Antigua & Barbuda,1,1,1,0
2026-01-20,event_10505,Curaçao,1,1,1,0
2026-01-20,event_10505,Eswatini,1,1,1,0
2026-01-20,event_10505,Liberia,1,1,1,0
2026-01-20,event_10505,Panama,1,1,1,0
2026-01-20,event_10505,Papua New Guinea,1,1,1,0
2026-01-20,event_10505,Sweden,1,1,1,0
2026-01-20,event_10505,Tanzania,1,1,1,0
2026-01-20,event_10511,Bolivia,1,1,1,0
2026-01-20,event_10511,Guatemala,1,1,1,0
2026-01-20,event_10511,Spain,1,1,1,0
2026-01-20,event_10512,Bolivia,1,1,1,0
2026-01-20,event_10512,Indonesia,1,1,1,0
2026-01-20,event_10512,Malaysia,1,1,1,0
2026-01-20,event_10512,Nepal,1,1,1,0
2026-01-20,event_10512,Puerto Rico,1,1,1,0
2026-01-20,event_10512,Uzbekistan,1,1,1,0
2026-01-20,event_10800,Bolivia,1,1,1,0
2026-01-20,event_10800,Canada,1,1,1,0
2026-01-20,event_10800,Israel,1,1,1,0
2026-01-20,event_10800,Panama,1,1,1,0
2026-01-20,event_10800,Portugal,1,1,1,0
2026-01-20,event_10800,Romania,1,1,1,0
2026-01-20,event_10800,Russia,1,1,1,0
2026-01-20,event_10850,Algeria,1,1,1,0
2026-01-20,event_10850,Canada,1,1,1,0
2026-01-20,event_10850,Morocco,1,1,1,0
2026-01-20,event_10850,Netherlands,1,1,1,0
2026-01-20,event_10850,Oman,1,1,1,0
2026-01-20,event_10850,Pakistan,1,1,1,0
2026-01-20,event_10850,Romania,1,1,1,0
2026-01-20,event_10850,Saudi Arabia,1,1,1,0
2026-01-20,event_10850,Syria,1,1,1,0
2026-01-20,event_10850,Türkiye,1,1,1,0
2026-01-20,subscription_screen_open,China,1,1,1,0
2026-01-20,subscription_screen_open,Costa Rica,1,1,1,0
2026-01-20,subscription_screen_open,France,1,1,1,0
2026-01-20,subscription_screen_open,Germany,1,1,1,0
2026-01-20,subscription_screen_open,Ghana,1,1,1,0
2026-01-20,subscription_screen_open,Israel,1,1,1,0
2026-01-20,subscription_screen_open,Jamaica,1,1,1,0
2026-01-20,subscription_screen_open,Japan,1,1,1,0
2026-01-20,subscription_screen_open,Malaysia,1,1,1,0
2026-01-20,subscription_screen_open,Netherlands,1,1,1,0
2026-01-20,subscription_screen_open,Nigeria,1,1,1,0
2026-01-20,subscription_screen_open,Pakistan,1,1,1,0
2026-01-20,subscription_screen_open,Puerto Rico,1,1,1,0
2026-01-20,subscription_screen_open,Spain,1,1,1,0
2026-01-20,subscription_screen_open,Sweden,1,1,1,0
2026-01-20,subscription_screen_open,Togo,1,1,1,0
2026-01-20,subscription_screen_open,Tunisia,1,1,1,0
2026-01-20,subscription_subscribe_click,Bolivia,1,1,1,0
2026-01-20,subscription_subscribe_click,Jordan,1,1,1,0
2026-01-20,subscription_subscribe_click,Saudi Arabia,1,1,1,0
2026-01-20,subscription_subscribe_click,Sweden,1,1,1,0
2026-01-20,subscription_subscribe_click,Tunisia,1,1,1,0
2026-01-20,subscription_cancel_click,United States,1,1,1,0
2026-01-20,subscription_purchase_complete,United States,1,1,1,0
2026-01-20,event_1600,Aruba,1,1,1,0
2026-01-20,event_1600,Belgium,1,1,1,0
2026-01-20,event_1600,Belize,1,1,1,0
2026-01-20,event_1600,Bermuda,1,1,1,0
2026-01-20,event_1600,Congo - Kinshasa,1,1,1,0
2026-01-20,event_1600,Costa Rica,1,1,1,0
2026-01-20,event_1600,Cuba,1,1,1,0
2026-01-20,event_1600,Czechia,1,1,1,0
2026-01-20,event_1600,Jordan,1,1,1,0
2026-01-20,event_1600,Luxembourg,1,1,1,0
2026-01-20,event_1600,Myanmar (Burma),1,1,1,0
2026-01-20,event_1600,Norway,1,1,1,0
2026-01-20,event_1600,Oman,1,1,1,0
2026-01-20,event_1600,Panama,1,1,1,0
2026-01-20,event_1600,Sudan,1,1,1,0
2026-01-20,event_1600,Switzerland,1,1,1,0
2026-01-20,event_1600,Tunisia,1,1,1,0
2026-01-20,event_1600,Turkmenistan,1,1,1,0
2026-01-20,event_1600,Uganda,1,1,1,0
2026-01-20,event_1600,United Arab Emirates,1,1,1,0
2026-01-20,event_1600,Uruguay,1,1,1,0
2026-01-20,event_1650,Angola,1,1,1,0
2026-01-20,event_1650,Aruba,1,1,1,0
2026-01-20,event_1650,Cape Verde,1,1,1,0
2026-01-20,event_1650,Egypt,1,1,1,0
2026-01-20,event_1650,France,1,1,1,0
2026-01-20,event_1650,Guatemala,1,1,1,0
2026-01-20,event_1650,Ireland,1,1,1,0
2026-01-20,event_1650,Israel,1,1,1,0
2026-01-20,event_1650,Jamaica,1,1,1,0
2026-01-20,event_1650,Malaysia,1,1,1,0
2026-01-20,event_1650,Paraguay,1,1,1,0
2026-01-20,event_1650,Poland,1,1,1,0
2026-01-20,event_1650,Romania,1,1,1,0
2026-01-20,event_1650,Saudi Arabia,1,1,1,0
2026-01-20,event_1650,Switzerland,1,1,1,0
2026-01-20,event_1650,Syria,1,1,1,0
2026-01-20,event_1700,Angola,1,1,1,0
2026-01-20,event_1700,Colombia,1,1,1,0
2026-01-20,event_1700,Dominican Republic,1,1,1,0
2026-01-20,event_1700,Jamaica,1,1,1,0
2026-01-20,event_1700,Jordan,1,1,1,0
2026-01-20,event_1700,Malaysia,1,1,1,0
2026-01-20,event_1700,Nigeria,1,1,1,0
2026-01-20,event_1700,Philippines,1,1,1,0
2026-01-20,event_1700,Saudi Arabia,1,1,1,0
2026-01-20,event_1700,South Africa,1,1,1,0
2026-01-20,event_1700,Türkiye,1,1,1,0
2026-01-20,event_1750,Afghanistan,1,1,1,0
2026-01-20,event_1750,Angola,1,1,1,0
2026-01-20,event_1750,Australia,1,1,1,0
2026-01-20,event_1750,Curaçao,1,1,1,0
2026-01-20,event_1750,Egypt,1,1,1,0
2026-01-20,event_1750,Ethiopia,1,1,1,0
2026-01-20,event_1750,Greece,1,1,1,0
2026-01-20,event_1750,Italy,1,1,1,0
2026-01-20,event_1750,Japan,1,1,1,0
2026-01-20,event_1750,Luxembourg,1,1,1,0
2026-01-20,event_1750,Malaysia,1,1,1,0
2026-01-20,event_1750,Oman,1,1,1,0
2026-01-20,event_1750,Romania,1,1,1,0
2026-01-20,event_1750,Saudi Arabia,1,1,1,0
2026-01-20,event_1750,Spain,1,1,1,0
2026-01-20,event_1750,St. Vincent & Grenadines,1,1,1,0
2026-01-20,event_1750,Sudan,1,1,1,0
2026-01-20,event_1750,Togo,1,1,1,0
2026-01-20,event_2100,Belgium,1,1,1,0
2026-01-20,event_2100,Belize,1,1,1,0
2026-01-20,event_2100,Bermuda,1,1,1,0
2026-01-20,event_2100,Curaçao,1,1,1,0
2026-01-20,event_2100,Guatemala,1,1,1,0
2026-01-20,event_2100,Jamaica,1,1,1,0
2026-01-20,event_2100,Japan,1,1,1,0
2026-01-20,event_2100,Jordan,1,1,1,0
2026-01-20,event_2100,Luxembourg,1,1,1,0
2026-01-20,event_2100,Malaysia,1,1,1,0
2026-01-20,event_2100,Netherlands,1,1,1,0
2026-01-20,event_2100,Panama,1,1,1,0
2026-01-20,event_2100,Qatar,1,1,1,0
2026-01-20,event_2100,Sri Lanka,1,1,1,0
2026-01-20,event_2100,Syria,1,1,1,0
2026-01-20,event_2100,Togo,1,1,1,0
2026-01-20,event_2100,Trinidad & Tobago,1,1,1,0
2026-01-20,event_2100,Tunisia,1,1,1,0
2026-01-20,event_2100,Türkiye,1,1,1,0
2026-01-20,event_2100,Uruguay,1,1,1,0
2026-01-20,event_2100,Venezuela,1,1,1,0
2026-01-20,event_2300,Angola,1,1,1,0
2026-01-20,event_2300,Bangladesh,1,1,1,0
2026-01-20,event_2300,Chile,1,1,1,0
2026-01-20,event_2300,Czechia,1,1,1,0
2026-01-20,event_2300,Dominican Republic,1,1,1,0
2026-01-20,event_2300,Ecuador,1,1,1,0
2026-01-20,event_2300,Germany,1,1,1,0
2026-01-20,event_2300,Greece,1,1,1,0
2026-01-20,event_2300,Ireland,1,1,1,0
2026-01-20,event_2300,Israel,1,1,1,0
2026-01-20,event_2300,Jordan,1,1,1,0
2026-01-20,event_2300,Morocco,1,1,1,0
2026-01-20,event_2300,Nigeria,1,1,1,0
2026-01-20,event_2300,Oman,1,1,1,0
2026-01-20,event_2300,Panama,1,1,1,0
2026-01-20,event_2300,Paraguay,1,1,1,0
2026-01-20,event_2300,South Africa,1,1,1,0
2026-01-20,event_2300,Sri Lanka,1,1,1,0
2026-01-20,event_2300,Sudan,1,1,1,0
2026-01-20,event_2300,Venezuela,1,1,1,0
2026-01-20,event_2600,Egypt,1,1,1,0
2026-01-20,event_2600,Ghana,1,1,1,0
2026-01-20,event_2600,Indonesia,1,1,1,0
2026-01-20,event_2600,Israel,1,1,1,0
2026-01-20,event_2600,Oman,1,1,1,0
2026-01-20,event_2600,Puerto Rico,1,1,1,0
2026-01-20,event_2600,Russia,1,1,1,0
2026-01-20,event_2600,South Africa,1,1,1,0
2026-01-20,event_2600,Spain,1,1,1,0
2026-01-20,event_26003,Angola,1,1,1,0
2026-01-20,event_26003,Ecuador,1,1,1,0
2026-01-20,event_26003,Germany,1,1,1,0
2026-01-20,event_26003,Ghana,1,1,1,0
2026-01-20,event_26003,Israel,1,1,1,0
2026-01-20,event_26003,Luxembourg,1,1,1,0
2026-01-20,event_26003,Malaysia,1,1,1,0
2026-01-20,event_26003,Nigeria,1,1,1,0
2026-01-20,event_26003,Pakistan,1,1,1,0
2026-01-20,event_26003,Puerto Rico,1,1,1,0
2026-01-20,event_26003,Saudi Arabia,1,1,1,0
2026-01-20,event_26003,Syria,1,1,1,0
2026-01-20,event_26003,Türkiye,1,1,1,0
2026-01-20,event_26003,United Arab Emirates,1,1,1,0
2026-01-20,event_26003,United Kingdom,1,1,1,0
2026-01-20,event_29000,Antigua & Barbuda,1,1,1,0
2026-01-20,event_29000,Ecuador,1,1,1,0
2026-01-20,event_29000,Egypt,1,1,1,0
2026-01-20,event_29000,Laos,1,1,1,0
2026-01-20,event_29000,Malaysia,1,1,1,0
2026-01-20,event_29000,Morocco,1,1,1,0
2026-01-20,event_29000,Nigeria,1,1,1,0
2026-01-20,event_29000,Philippines,1,1,1,0
2026-01-20,event_29000,South Africa,1,1,1,0
2026-01-20,event_29000,Spain,1,1,1,0
2026-01-20,event_29000,Türkiye,1,1,1,0
2026-01-20,event_29000,U.S. Virgin Islands,1,1,1,0
2026-01-20,event_29000,Venezuela,1,1,1,0
2026-01-20,event_30000,Algeria,1,1,1,0
2026-01-20,event_30000,Aruba,1,1,1,0
2026-01-20,event_30000,China,1,1,1,0
2026-01-20,event_30000,Colombia,1,1,1,0
2026-01-20,event_30000,Germany,1,1,1,0
2026-01-20,event_30000,Indonesia,1,1,1,0
2026-01-20,event_30000,Oman,1,1,1,0
2026-01-20,event_30000,Panama,1,1,1,0
2026-01-20,event_31009,Australia,1,1,1,0
2026-01-20,event_31009,Bermuda,1,1,1,0
2026-01-20,event_31009,China,1,1,1,0
2026-01-20,event_31009,Czechia,1,1,1,0
2026-01-20,event_31009,Germany,1,1,1,0
2026-01-20,event_31009,Guatemala,1,1,1,0
2026-01-20,event_31009,Ireland,1,1,1,0
2026-01-20,event_31009,Israel,1,1,1,0
2026-01-20,event_31009,Italy,1,1,1,0
2026-01-20,event_31009,Mozambique,1,1,1,0
2026-01-20,event_31009,Netherlands,1,1,1,0
2026-01-20,event_31009,Nigeria,1,1,1,0
2026-01-20,event_31009,Philippines,1,1,1,0
2026-01-20,event_31009,Serbia,1,1,1,0
2026-01-20,event_31009,South Africa,1,1,1,0
2026-01-20,event_31009,South Korea,1,1,1,0
2026-01-20,event_31009,Spain,1,1,1,0
2026-01-20,event_31009,Syria,1,1,1,0
2026-01-20,event_31009,Uganda,1,1,1,0
2026-01-20,event_31009,Zimbabwe,1,1,1,0
2026-01-20,event_37000,Chile,1,1,1,0
2026-01-20,event_37000,Costa Rica,1,1,1,0
2026-01-20,event_37000,Ecuador,1,1,1,0
2026-01-20,event_37000,Indonesia,1,1,1,0
2026-01-20,event_37000,Iran,1,1,1,0
2026-01-20,event_37000,Israel,1,1,1,0
2026-01-20,event_37000,Malaysia,1,1,1,0
2026-01-20,event_37000,Russia,1,1,1,0
2026-01-20,event_37000,Spain,1,1,1,0
2026-01-20,event_37000,Switzerland,1,1,1,0
2026-01-20,event_37000,Uruguay,1,1,1,0
2026-01-20,event_37000,Venezuela,1,1,1,0
2026-01-20,event_39000,Algeria,1,1,1,0
2026-01-20,event_39000,Egypt,1,1,1,0
2026-01-20,event_39000,Iran,1,1,1,0
2026-01-20,event_39000,Israel,1,1,1,0
2026-01-20,event_39000,Malaysia,1,1,1,0
2026-01-20,event_39000,Türkiye,1,1,1,0
2026-01-20,event_39100,Bangladesh,1,1,1,0
2026-01-20,event_39100,India,1,1,1,0
2026-01-20,event_39100,Indonesia,1,1,1,0
2026-01-20,event_39100,Oman,1,1,1,0
2026-01-20,event_4418,India,1,1,1,0
2026-01-20,event_4418,Myanmar (Burma),1,1,1,0
2026-01-20,event_6800,Bosnia & Herzegovina,1,1,0,0
2026-01-20,event_6800,Botswana,1,1,0,0
2026-01-20,event_6800,Macao,1,1,0,0
2026-01-20,event_6800,Northern Mariana Islands,1,1,0,0
2026-01-20,event_6800,St. Lucia,1,1,0,0
2026-01-20,event_6800,Iceland,1,1,1,0
2026-01-20,event_6800,Niger,1,1,1,0
2026-01-20,event_6801,Guyana,1,1,0,0
2026-01-20,event_6801,Australia,1,1,1,0
2026-01-20,event_6801,Bolivia,1,1,1,0
2026-01-20,event_6801,Congo - Kinshasa,1,1,1,0
2026-01-20,event_6801,Cuba,1,1,1,0
2026-01-20,event_6801,Czechia,1,1,1,0
2026-01-20,event_6801,Greece,1,1,1,0
2026-01-20,event_6801,Ireland,1,1,1,0
2026-01-20,event_6801,Japan,1,1,1,0
2026-01-20,event_6801,Jordan,1,1,1,0
2026-01-20,event_6801,Laos,1,1,1,0
2026-01-20,event_6801,Morocco,1,1,1,0
2026-01-20,event_6801,Mozambique,1,1,1,0
2026-01-20,event_6801,Netherlands,1,1,1,0
2026-01-20,event_6801,Panama,1,1,1,0
2026-01-20,event_6801,Poland,1,1,1,0
2026-01-20,event_6801,Russia,1,1,1,0
2026-01-20,event_6801,Saudi Arabia,1,1,1,0
2026-01-20,event_6801,South Korea,1,1,1,0
2026-01-20,event_6801,Sri Lanka,1,1,1,0
2026-01-20,event_6801,Sudan,1,1,1,0
2026-01-20,event_6801,Trinidad & Tobago,1,1,1,0
2026-01-20,event_6801,Türkiye,1,1,1,0
2026-01-20,event_6801,Uruguay,1,1,1,0
2026-01-20,event_6801,Venezuela,1,1,1,0
2026-01-20,event_6801,Zambia,1,1,1,0
2026-01-20,event_6801,Zimbabwe,1,1,1,0
2026-01-20,event_8000,(not set),1,1,1,0
2026-01-20,event_8000,Angola,1,1,1,0
2026-01-20,event_8000,Bolivia,1,1,1,0
2026-01-20,event_8000,Chile,1,1,1,0
2026-01-20,event_8000,Ecuador,1,1,1,0
2026-01-20,event_8000,France,1,1,1,0
2026-01-20,event_8000,Iceland,1,1,1,0
2026-01-20,event_8000,Indonesia,1,1,1,0
2026-01-20,event_8000,Nigeria,1,1,1,0
2026-01-20,event_8000,Poland,1,1,1,0
2026-01-20,event_8000,Saudi Arabia,1,1,1,0
2026-01-20,event_8000,Serbia,1,1,1,0
2026-01-20,event_8000,Sri Lanka,1,1,1,0
2026-01-20,event_8000,Syria,1,1,1,0
2026-01-20,event_8000,Tunisia,1,1,1,0
2026-01-20,event_8000,Uruguay,1,1,1,0
2026-01-20,event_8001,(not set),1,1,1,0
2026-01-20,event_8001,Angola,1,1,1,0
2026-01-20,event_8001,Bolivia,1,1,1,0
2026-01-20,event_8001,Chile,1,1,1,0
2026-01-20,event_8001,Ecuador,1,1,1,0
2026-01-20,event_8001,France,1,1,1,0
2026-01-20,event_8001,Iceland,1,1,1,0
2026-01-20,event_8001,Indonesia,1,1,1,0
2026-01-20,event_8001,Kenya,1,1,1,0
2026-01-20,event_8001,Nigeria,1,1,1,0
2026-01-20,event_8001,Poland,1,1,1,0
2026-01-20,event_8001,Saudi Arabia,1,1,1,0
2026-01-20,event_8001,Serbia,1,1,1,0
2026-01-20,event_8001,Sri Lanka,1,1,1,0
2026-01-20,event_8001,Syria,1,1,1,0
2026-01-20,event_8001,Tunisia,1,1,1,0
2026-01-20,event_9900,Algeria,1,1,1,0
2026-01-20,event_9900,Antigua & Barbuda,1,1,1,0
2026-01-20,event_9900,Ecuador,1,1,1,0
2026-01-20,event_9900,Honduras,1,1,1,0
2026-01-20,event_9900,Hong Kong,1,1,1,0
2026-01-20,event_9900,Japan,1,1,1,0
2026-01-20,event_9900,Jordan,1,1,1,0
2026-01-20,event_9900,Kuwait,1,1,1,0
2026-01-20,event_9900,Mozambique,1,1,1,0
2026-01-20,event_9900,Nepal,1,1,1,0
2026-01-20,event_9900,Norway,1,1,1,0
2026-01-20,event_9900,Pakistan,1,1,1,0
2026-01-20,event_9900,Romania,1,1,1,0
2026-01-20,event_9900,Switzerland,1,1,1,0
2026-01-20,event_9900,Uruguay,1,1,1,0
2026-01-20,event_9900,Venezuela,1,1,1,0
2026-01-20,open_wifi_alert__click_on_upgrade,Iran,1,1,1,0
2026-01-20,open_wifi_alert_paywall__screen_viewed,Iran,1,1,1,0
2026-01-20,pix_analyzer_onboarding_activate_click,Portugal,1,1,1,0
2026-01-20,pix_analyzer_onboarding_activate_click,Syria,1,1,1,0
2026-01-20,pix_analyzer_onboarding_start,Portugal,1,1,1,0
2026-01-20,pix_analyzer_onboarding_start,Syria,1,1,1,0
2026-01-21,event_10350,Brazil,5288653,438285,34.65015396711001,0
2026-01-21,event_10351,Brazil,2787849,162521,19.729022624498434,0
2026-01-21,event_10353,Brazil,1794674,98382,19.062871103085666,0
2026-01-21,event_6800,Brazil,1159637,403690,7.765287673434403,0
2026-01-21,event_10350,United States,377498,37222,26.565657987332862,0
2026-01-21,event_10351,United States,311507,31190,24.76011445831015,0
2026-01-21,event_10352,Brazil,291652,52414,6.759183295093745,0
2026-01-21,event_10505,Brazil,208863,40175,7.940653157434514,0
2026-01-21,event_10353,United States,122799,9568,14.352384291725105,0
2026-01-21,event_1000,Brazil,98204,54971,1.803297954386867,0
2026-01-21,event_6800,United States,93931,36269,6.931154073199528,0
2026-01-21,event_10511,Brazil,71862,2281,36.814549180327866,0
2026-01-21,event_10100,Brazil,53395,31170,1.7625020630467074,0
2026-01-21,event_9900,Brazil,39882,18845,2.1323851788483132,0
2026-01-21,event_10505,United States,29659,3907,10.844241316270567,0
2026-01-21,event_10354,Brazil,27773,17990,1.5571316438663378,0
2026-01-21,event_10352,United States,23143,7742,11.868205128205128,0
2026-01-21,event_1600,Brazil,23074,16674,1.3841631673665267,0
2026-01-21,event_10350,Mexico,20694,1826,24.842737094837936,0
2026-01-21,event_10350,Indonesia,18937,2577,11.660714285714286,0
2026-01-21,event_10363,Brazil,17814,5813,3.2289287656334964,0
2026-01-21,event_10350,India,14555,1207,26.75551470588235,0
2026-01-21,event_2100,Brazil,14427,11156,1.2939013452914798,0
2026-01-21,event_10351,Mexico,14075,1334,23.458333333333332,0
2026-01-21,event_1000,United States,12785,6101,2.1142715396064165,0
2026-01-21,event_10350,Iran,12284,1171,28.567441860465117,0
2026-01-21,event_10350,Thailand,12173,2465,5.518132366273798,0
2026-01-21,event_2300,Brazil,10966,8983,1.2210221578888765,0
2026-01-21,event_6801,Brazil,10239,8830,1.176220562894888,0
2026-01-21,event_10352,Iran,9403,962,22.71256038647343,0
2026-01-21,event_1750,Brazil,8613,6830,1.2614235500878734,0
2026-01-21,event_10352,India,8319,793,33.276,0
2026-01-21,event_1650,Brazil,7869,6982,1.1272024065320154,0
2026-01-21,event_10352,Indonesia,7227,1081,17.583941605839417,0
2026-01-21,event_10351,Indonesia,7202,980,16.748837209302327,0
2026-01-21,subscription_screen_open,Brazil,7004,5354,1.3091588785046728,0
2026-01-21,event_10350,Portugal,6810,649,47.291666666666664,0
2026-01-21,event_10353,Mexico,6636,397,18.484679665738163,0
2026-01-21,event_10511,United States,6507,328,23.322580645161292,0
2026-01-21,event_10350,Nigeria,6231,219,55.14159292035398,0
2026-01-21,event_9900,United States,6220,2886,2.1755858691850296,0
2026-01-21,event_10350,Philippines,6216,546,18.28235294117647,0
2026-01-21,event_10350,Pakistan,6164,374,49.312,0
2026-01-21,event_10210,Brazil,5636,1693,3.33096926713948,0
2026-01-21,event_10350,Argentina,5172,395,33.80392156862745,0
2026-01-21,event_1600,United States,5046,3319,1.5207956600361663,0
2026-01-21,event_10352,Thailand,4920,567,12.647814910025707,0
2026-01-21,event_31009,Brazil,4633,2856,1.6244740532959328,0
2026-01-21,event_29000,Brazil,4608,4022,1.146268656716418,0
2026-01-21,event_10351,Thailand,4587,604,12.071052631578947,0
2026-01-21,event_1700,Brazil,4486,3421,1.3124634289057928,0
2026-01-21,event_10352,Mexico,4083,848,11.125340599455042,0
2026-01-21,event_10350,Egypt,4004,289,51.333333333333336,0
2026-01-21,event_10351,India,3902,612,14.893129770992367,0
2026-01-21,event_10352,Nigeria,3524,169,42.45783132530121,0
2026-01-21,event_10351,Argentina,3322,301,25.166666666666668,0
2026-01-21,event_10100,United States,3239,2009,1.6644398766700925,0
2026-01-21,event_10350,United Kingdom,3133,277,27.973214285714285,0
2026-01-21,event_30000,Brazil,3043,1955,1.5573183213920163,0
2026-01-21,event_10350,Saudi Arabia,2986,233,29.564356435643564,0
2026-01-21,event_10350,Bangladesh,2973,241,31.627659574468087,0
2026-01-21,event_6800,Iran,2969,1224,8.482857142857142,0
2026-01-21,event_10351,Philippines,2908,194,45.4375,0
2026-01-21,event_37000,Brazil,2868,2542,1.128689492325856,0
2026-01-21,event_10350,Puerto Rico,2817,249,29.96808510638298,0
2026-01-21,event_10352,Pakistan,2738,227,42.12307692307692,0
2026-01-21,event_10354,United States,2653,1660,1.607878787878788,0
2026-01-21,event_10351,Pakistan,2614,248,39.014925373134325,0
2026-01-21,event_10350,Colombia,2588,201,35.45205479452055,0
2026-01-21,event_10350,Canada,2360,256,23.366336633663366,0
2026-01-21,event_10351,Portugal,2339,167,17.71969696969697,0
2026-01-21,event_8000,Brazil,2261,2198,1.0433779418550992,0
2026-01-21,event_2600,Brazil,2139,1755,1.2194982896237172,0
2026-01-21,event_10351,Nigeria,2068,133,29.542857142857144,0
2026-01-21,event_10352,Philippines,2021,181,38.132075471698116,0
2026-01-21,event_10350,Peru,2020,81,59.411764705882355,0
2026-01-21,event_8001,Brazil,2020,1979,1.0207175341081354,0
2026-01-21,event_6801,United States,2016,1609,1.2775665399239544,0
2026-01-21,event_6800,Mexico,1989,1279,3.923076923076923,0
2026-01-21,event_10351,Canada,1905,206,20.483870967741936,0
2026-01-21,event_10351,Puerto Rico,1880,185,22.926829268292682,0
2026-01-21,event_6800,Indonesia,1860,873,8.193832599118943,0
2026-01-21,event_10351,Egypt,1855,189,31.982758620689655,0
2026-01-21,event_2300,United States,1852,1438,1.2878998609179415,0
2026-01-21,event_10350,Netherlands,1843,132,32.910714285714285,0
2026-01-21,event_10511,Iran,1812,39,50.333333333333336,0
2026-01-21,event_2100,United States,1812,1333,1.3603603603603605,0
2026-01-21,event_10352,Egypt,1774,209,31.12280701754386,0
2026-01-21,event_10351,Saudi Arabia,1770,146,39.333333333333336,0
2026-01-21,event_10350,France,1756,110,37.361702127659576,0
2026-01-21,event_10353,Argentina,1725,105,18.548387096774192,0
2026-01-21,event_10351,Bangladesh,1632,168,27.2,0
2026-01-21,event_10350,Malaysia,1602,60,94.23529411764706,0
2026-01-21,event_10350,Paraguay,1584,109,45.25714285714286,0
2026-01-21,event_6800,Portugal,1487,536,10.115646258503402,0
2026-01-21,event_10353,Portugal,1481,94,17.423529411764704,0
2026-01-21,event_10000,Brazil,1479,1325,1.1213040181956027,0
2026-01-21,event_10351,Colombia,1437,139,24.775862068965516,0
2026-01-21,event_26003,Brazil,1429,999,1.4304304304304305,0
2026-01-21,event_6800,India,1415,634,8.47305389221557,0
2026-01-21,event_10350,Spain,1411,164,32.81395348837209,0
2026-01-21,event_10352,Argentina,1393,206,16.98780487804878,0
2026-01-21,event_10350,Cuba,1243,112,15.5375,0
2026-01-21,event_10350,Algeria,1186,84,49.416666666666664,0
2026-01-21,event_10350,Bolivia,1158,81,50.34782608695652,0
2026-01-21,event_10353,Indonesia,1156,101,12.297872340425531,0
2026-01-21,event_10352,Cuba,1139,92,18.983333333333334,0
2026-01-21,event_10351,United Kingdom,1138,110,14.225,0
2026-01-21,event_10350,Angola,1137,28,66.88235294117646,0
2026-01-21,event_10512,Brazil,1108,580,1.9236111111111112,0
2026-01-21,event_10353,Puerto Rico,1096,62,21.076923076923077,0
2026-01-21,event_10351,Malaysia,1080,46,77.14285714285714,0
2026-01-21,event_10850,Brazil,1076,847,1.270365997638725,0
2026-01-21,event_31009,United States,1075,645,1.6666666666666667,0
2026-01-21,event_10350,United Arab Emirates,1062,109,29.5,0
2026-01-21,event_39000,Brazil,1038,789,1.3172588832487309,0
2026-01-21,event_10352,Paraguay,1017,71,37.666666666666664,0
2026-01-21,event_10350,Chile,1011,75,38.88461538461539,0
2026-01-21,event_10352,Angola,1006,22,71.85714285714286,0
2026-01-21,event_10352,Bangladesh,1004,147,20.489795918367346,0
2026-01-21,event_10351,France,995,50,31.09375,0
2026-01-21,event_10800,Brazil,989,889,1.1124859392575928,0
2026-01-21,event_10350,Japan,987,77,37.96153846153846,0
2026-01-21,event_39100,Brazil,982,830,1.1845597104945718,0
2026-01-21,event_10353,India,953,103,11.081395348837209,0
2026-01-21,event_10353,Canada,952,69,14.646153846153846,0
2026-01-21,event_10350,Australia,936,46,49.26315789473684,0
2026-01-21,event_10352,Colombia,916,133,17.615384615384617,0
2026-01-21,event_1750,United States,899,713,1.2608695652173914,0
2026-01-21,event_10352,Bolivia,881,68,44.05,0
2026-01-21,event_10350,Germany,845,153,15.943396226415095,0
2026-01-21,event_10350,Vietnam,834,71,83.4,0
2026-01-21,event_10351,Australia,834,35,52.125,0
2026-01-21,event_10351,Netherlands,811,55,17.25531914893617,0
2026-01-21,event_10351,Spain,792,52,21.405405405405407,0
2026-01-21,event_10351,United Arab Emirates,776,71,40.8421052631579,0
2026-01-21,event_10350,Guatemala,769,87,22.61764705882353,0
2026-01-21,event_10351,Peru,760,66,24.516129032258064,0
2026-01-21,event_10350,South Africa,757,52,21.62857142857143,0
2026-01-21,subscription_screen_open,United States,751,589,1.2772108843537415,0
2026-01-21,event_10352,Puerto Rico,742,124,16.488888888888887,0
2026-01-21,event_10350,Morocco,737,44,61.416666666666664,0
2026-01-21,event_10363,United States,727,206,3.8263157894736843,0
2026-01-21,event_10353,Colombia,724,51,14.775510204081632,0
2026-01-21,event_10511,Cuba,724,9,80.44444444444444,0
2026-01-21,event_10505,Mexico,719,161,6.536363636363636,0
2026-01-21,event_6800,Canada,706,280,7.1313131313131315,0
2026-01-21,event_10352,Algeria,704,60,39.111111111111114,0
2026-01-21,event_10350,Jamaica,702,59,31.90909090909091,0
2026-01-21,event_10350,Venezuela,699,54,41.11764705882353,0
2026-01-21,event_10350,El Salvador,688,72,16.78048780487805,0
2026-01-21,event_10350,Türkiye,687,27,98.14285714285714,0
2026-01-21,event_10350,Syria,687,51,49.07142857142857,0
2026-01-21,event_10352,Saudi Arabia,682,89,35.89473684210526,0
2026-01-21,event_1700,United States,680,505,1.3492063492063493,0
2026-01-21,event_10353,United Kingdom,661,50,14.688888888888888,0
2026-01-21,event_10352,Netherlands,650,44,21.666666666666668,0
2026-01-21,event_10350,Dominican Republic,643,64,32.15,0
2026-01-21,event_10350,Myanmar (Burma),642,46,29.181818181818183,0
2026-01-21,event_10353,Egypt,632,50,15.414634146341463,0
2026-01-21,event_10351,Türkiye,626,18,156.5,0
2026-01-21,event_10350,Italy,615,109,27.954545454545453,0
2026-01-21,event_10352,Syria,604,50,43.142857142857146,0
2026-01-21,event_10353,Netherlands,603,36,18.272727272727273,0
2026-01-21,event_10351,Japan,594,61,27,0
2026-01-21,event_10351,South Africa,568,39,21.037037037037038,0
2026-01-21,event_10353,Spain,555,26,22.2,0
2026-01-21,event_6800,United Kingdom,554,237,5.326923076923077,0
2026-01-21,event_10350,Honduras,552,74,13.463414634146341,0
2026-01-21,event_29000,United States,548,463,1.1887201735357917,0
2026-01-21,event_10350,Ghana,546,30,26,0
2026-01-21,event_10350,Nepal,529,38,58.77777777777778,0
2026-01-21,event_6800,Egypt,528,211,9.428571428571429,0
2026-01-21,event_6800,Pakistan,514,239,10.07843137254902,0
2026-01-21,event_10350,Bhutan,511,1,0,0
2026-01-21,event_1650,United States,507,427,1.1873536299765808,0
2026-01-21,event_10352,France,506,40,24.095238095238095,0
2026-01-21,event_10352,Bhutan,499,1,0,0
2026-01-21,event_6800,Argentina,496,302,4.065573770491803,0
2026-01-21,event_10352,Chile,481,52,26.72222222222222,0
2026-01-21,event_6800,Philippines,480,199,8.275862068965518,0
2026-01-21,event_10353,Nigeria,475,38,13.970588235294118,0
2026-01-21,event_1000,Mexico,466,226,2.071111111111111,0
2026-01-21,event_10352,Venezuela,448,40,28,0
2026-01-21,event_10352,United Kingdom,446,61,15.379310344827585,0
2026-01-21,event_6800,Bangladesh,442,169,9.608695652173912,0
2026-01-21,event_10353,France,431,21,22.68421052631579,0
2026-01-21,subscription_subscribe_click,Brazil,431,282,1.5283687943262412,0
2026-01-21,event_10351,Paraguay,424,68,15.703703703703704,0
2026-01-21,event_10351,Chile,420,48,19.09090909090909,0
2026-01-21,event_6800,Thailand,419,280,5.172839506172839,0
2026-01-21,event_10352,Malaysia,406,42,36.90909090909091,0
2026-01-21,event_10350,Laos,405,79,6.639344262295082,0
2026-01-21,event_10353,Peru,403,26,16.791666666666668,0
2026-01-21,event_10351,Morocco,401,31,40.1,0
2026-01-21,event_2600,United States,395,299,1.3210702341137124,0
2026-01-21,event_26003,United States,386,295,1.3084745762711865,0
2026-01-21,event_10353,South Africa,385,15,25.666666666666668,0
2026-01-21,event_10350,Ecuador,382,52,19.1,0
2026-01-21,event_10351,Algeria,382,68,15.916666666666666,0
2026-01-21,event_10351,Dominican Republic,380,46,22.352941176470587,0
2026-01-21,event_10350,Haiti,378,65,8.590909090909092,0
2026-01-21,event_10352,Honduras,377,50,15.08,0
2026-01-21,event_10511,Mexico,370,33,11.935483870967742,0
2026-01-21,event_10350,Jordan,368,31,40.888888888888886,0
2026-01-21,event_10352,El Salvador,367,52,12.655172413793103,0
2026-01-21,event_10350,Qatar,364,41,52,0
2026-01-21,event_10352,Peru,364,47,16.545454545454547,0
2026-01-21,event_10350,Uruguay,363,53,27.923076923076923,0
2026-01-21,event_10352,Guatemala,362,54,15.083333333333334,0
2026-01-21,event_10352,Myanmar (Burma),361,19,51.57142857142857,0
2026-01-21,event_10350,Sudan,360,23,40,0
2026-01-21,event_6800,Puerto Rico,349,196,5.208955223880597,0
2026-01-21,event_10352,Jamaica,348,38,23.2,0
2026-01-21,event_10350,Kuwait,346,21,43.25,0
2026-01-21,event_6800,Saudi Arabia,345,141,10.147058823529411,0
2026-01-21,event_10350,Costa Rica,342,29,34.2,0
2026-01-21,event_10505,Argentina,335,38,12.884615384615385,0
2026-01-21,event_10351,Germany,331,56,9.194444444444445,0
2026-01-21,event_10352,Nepal,322,32,40.25,0
2026-01-21,event_10353,Bangladesh,320,36,10.666666666666666,0
2026-01-21,event_10351,Kuwait,319,18,39.875,0
2026-01-21,event_6800,Nigeria,316,148,4.861538461538461,0
2026-01-21,event_10350,Mozambique,315,18,26.25,0
2026-01-21,event_10505,United Kingdom,314,40,10.466666666666667,0
2026-01-21,event_10351,Guatemala,312,56,13,0
2026-01-21,event_10352,Haiti,311,43,13.521739130434783,0
2026-01-21,event_10352,Ghana,304,15,27.636363636363637,0
2026-01-21,event_6800,Germany,298,132,6.478260869565218,0
2026-01-21,event_10350,Kenya,294,14,58.8,0
2026-01-21,event_10352,Laos,287,45,10.25,0
2026-01-21,event_10350,Iraq,281,29,25.545454545454547,0
2026-01-21,event_10350,Tunisia,279,16,69.75,0
2026-01-21,event_10350,Ukraine,277,5,92.33333333333333,0
2026-01-21,event_10351,Jamaica,277,37,13.85,0
2026-01-21,event_10350,Ethiopia,275,12,68.75,0
2026-01-21,event_10511,Slovakia,275,1,275,0
2026-01-21,event_10505,India,263,66,8.766666666666667,0
2026-01-21,event_10351,El Salvador,261,42,15.352941176470589,0
2026-01-21,event_37000,United States,260,211,1.2322274881516588,0
2026-01-21,event_10350,Tanzania,258,20,16.125,0
2026-01-21,event_10351,Vietnam,257,43,32.125,0
2026-01-21,event_10352,Ecuador,257,42,19.76923076923077,0
2026-01-21,event_10352,Canada,257,64,17.133333333333333,0
2026-01-21,event_10511,Indonesia,251,28,10.04,0
2026-01-21,event_10352,Morocco,245,29,20.416666666666668,0
2026-01-21,event_10511,Honduras,244,4,61,0
2026-01-21,event_10351,Costa Rica,243,25,24.3,0
2026-01-21,event_10353,Philippines,243,41,6.942857142857143,0
2026-01-21,event_10351,Qatar,241,29,60.25,0
2026-01-21,event_6800,Netherlands,241,114,4.462962962962963,0
2026-01-21,event_10353,Japan,238,13,19.833333333333332,0
2026-01-21,event_10350,Switzerland,237,24,21.545454545454547,0
2026-01-21,event_10352,Sudan,236,17,47.2,0
2026-01-21,event_6800,Spain,233,115,5.682926829268292,0
2026-01-21,event_10351,Jordan,232,26,29,0
2026-01-21,event_10350,Ireland,231,44,28.875,0
2026-01-21,event_10505,Portugal,231,50,9.625,0
2026-01-21,event_10351,Ghana,230,17,23,0
2026-01-21,event_6800,Colombia,228,140,4.222222222222222,0
2026-01-21,event_10350,Cape Verde,226,5,45.2,0
2026-01-21,event_10350,Afghanistan,224,29,14,0
2026-01-21,event_10352,Dominican Republic,223,38,18.583333333333332,0
2026-01-21,event_10352,Japan,222,33,18.5,0
2026-01-21,event_10352,Ethiopia,221,10,55.25,0
2026-01-21,event_10352,Mozambique,220,17,20,0
2026-01-21,event_6800,France,220,85,5.5,0
2026-01-21,event_6800,Italy,216,84,12.705882352941176,0
2026-01-21,event_10350,Belgium,214,18,30.571428571428573,0
2026-01-21,event_10351,Uruguay,214,30,23.77777777777778,0
2026-01-21,event_10363,Iran,212,96,2.617283950617284,0
2026-01-21,event_10351,Venezuela,211,37,15.071428571428571,0
2026-01-21,event_10350,Romania,207,18,23,0
2026-01-21,event_10364,Brazil,206,160,1.2955974842767295,0
2026-01-21,event_10350,Oman,201,32,13.4,0
2026-01-21,event_10352,Cape Verde,200,5,40,0
2026-01-21,event_10505,Egypt,193,28,11.352941176470589,0
2026-01-21,event_1000,Iran,192,133,1.4883720930232558,0
2026-01-21,event_10350,South Korea,191,18,31.833333333333332,0
2026-01-21,event_10351,Nepal,189,26,31.5,0
2026-01-21,event_10350,Burkina Faso,188,4,0,0
2026-01-21,event_10352,Vietnam,188,46,37.6,0
2026-01-21,event_10353,Kuwait,188,5,37.6,0
2026-01-21,event_10353,Dominican Republic,186,9,20.666666666666668,0
2026-01-21,event_10353,Chile,186,16,14.307692307692308,0
2026-01-21,event_10352,Afghanistan,185,23,16.818181818181817,0
2026-01-21,event_6800,Paraguay,185,94,5.285714285714286,0
2026-01-21,event_10350,Norway,184,21,23,0
2026-01-21,event_10505,Philippines,184,26,14.153846153846153,0
2026-01-21,event_6800,Algeria,184,74,10.222222222222221,0
2026-01-21,event_10363,India,183,50,4.815789473684211,0
2026-01-21,event_10352,Ukraine,180,3,90,0
2026-01-21,event_10505,Iran,180,129,2.142857142857143,0
2026-01-21,event_10350,Israel,176,20,29.333333333333332,0
2026-01-21,event_10350,Serbia,173,4,86.5,0
2026-01-21,event_10350,Uganda,173,18,15.727272727272727,0
2026-01-21,event_10351,Iraq,172,13,43,0
2026-01-21,event_10353,Saudi Arabia,172,24,8.6,0
2026-01-21,event_1000,India,171,99,1.7272727272727273,0
2026-01-21,event_10351,South Korea,171,17,28.5,0
2026-01-21,event_10850,United States,169,133,1.2706766917293233,0
2026-01-21,event_10350,Zambia,166,4,55.333333333333336,0
2026-01-21,event_10351,Romania,164,11,16.4,0
2026-01-21,event_10351,Tunisia,164,12,41,0
2026-01-21,event_10352,South Africa,164,18,14.909090909090908,0
2026-01-21,event_6800,Japan,164,70,6.56,0
2026-01-21,event_10351,Switzerland,162,10,18,0
2026-01-21,event_10350,Panama,161,17,20.125,0
2026-01-21,event_10353,Morocco,157,11,15.7,0
2026-01-21,event_10351,Haiti,156,16,11.142857142857142,0
2026-01-21,event_10352,Zambia,156,4,52,0
2026-01-21,event_10351,Israel,155,15,25.833333333333332,0
2026-01-21,event_10352,Burkina Faso,152,2,0,0
2026-01-21,event_10353,Ghana,149,7,21.285714285714285,0
2026-01-21,event_6800,United Arab Emirates,149,61,9.933333333333334,0
2026-01-21,event_10512,United States,148,84,1.7619047619047619,0
2026-01-21,event_10350,Guyana,146,15,16.22222222222222,0
2026-01-21,event_10351,Bolivia,146,30,9.125,0
2026-01-21,event_10353,Australia,146,14,12.166666666666666,0
2026-01-21,event_10353,Algeria,146,19,9.733333333333333,0
2026-01-21,event_10353,Germany,146,23,7.3,0
2026-01-21,event_10800,United States,145,127,1.141732283464567,0
2026-01-21,event_10350,Sri Lanka,143,14,35.75,0
2026-01-21,event_10351,Kenya,142,9,47.333333333333336,0
2026-01-21,event_10000,United States,141,108,1.3055555555555556,0
2026-01-21,event_6800,Jamaica,141,59,6.409090909090909,0
2026-01-21,event_10352,United Arab Emirates,140,37,15.555555555555555,0
2026-01-21,event_10352,Spain,139,19,13.9,0
2026-01-21,event_10352,Germany,137,44,5.956521739130435,0
2026-01-21,event_10350,Greece,136,10,19.428571428571427,0
2026-01-21,event_10350,Poland,136,26,13.6,0
2026-01-21,event_10351,Belgium,134,6,33.5,0
2026-01-21,event_10353,Costa Rica,134,7,19.142857142857142,0
2026-01-21,event_10352,Kenya,133,12,33.25,0
2026-01-21,event_1600,Mexico,132,85,1.5529411764705883,0
2026-01-21,event_10352,Uganda,130,14,14.444444444444445,0
2026-01-21,event_10100,Mexico,128,71,1.8028169014084507,0
2026-01-21,event_10351,Panama,128,14,16,0
2026-01-21,event_6800,Syria,128,45,9.846153846153847,0
2026-01-21,event_10363,Mexico,127,42,3.3421052631578947,0
2026-01-21,event_8000,United States,126,124,1.0327868852459017,0
2026-01-21,event_10351,Oman,125,23,15.625,0
2026-01-21,event_10352,Guyana,125,11,15.625,0
2026-01-21,event_10352,Tanzania,125,13,10.416666666666666,0
2026-01-21,event_10353,Switzerland,125,4,31.25,0
2026-01-21,event_10353,Pakistan,125,26,5,0
2026-01-21,event_10100,Iran,123,74,1.6849315068493151,0
2026-01-21,event_10352,Tunisia,123,12,41,0
2026-01-21,event_10351,Italy,121,25,7.117647058823529,0
2026-01-21,event_10350,Kyrgyzstan,120,4,120,0
2026-01-21,event_6800,Chile,120,71,4.137931034482759,0
2026-01-21,event_6800,Peru,120,73,3.6363636363636362,0
2026-01-21,event_1000,Argentina,119,53,2.2452830188679247,0
2026-01-21,event_6800,Malaysia,119,48,7.4375,0
2026-01-21,event_6800,Cuba,115,82,3.2857142857142856,0
2026-01-21,event_10353,United Arab Emirates,114,12,12.666666666666666,0
2026-01-21,event_10352,Serbia,113,4,56.5,0
2026-01-21,event_10353,Romania,113,6,18.833333333333332,0
2026-01-21,event_10353,Jamaica,112,14,8,0
2026-01-21,event_10363,Egypt,112,22,5.6,0
2026-01-21,event_10354,Mexico,111,63,1.7619047619047619,0
2026-01-21,event_30000,United States,109,77,1.4155844155844155,0
2026-01-21,event_10353,Paraguay,108,16,7.2,0
2026-01-21,event_10351,Greece,107,7,15.285714285714286,0
2026-01-21,event_10353,El Salvador,107,9,13.375,0
2026-01-21,event_10351,Sudan,106,15,21.2,0
2026-01-21,event_10351,Honduras,106,34,4.818181818181818,0
2026-01-21,event_10352,Jordan,106,20,13.25,0
2026-01-21,event_10350,Suriname,105,2,105,0
2026-01-21,event_1000,Egypt,104,33,3.1515151515151514,0
2026-01-21,event_1000,Indonesia,104,73,1.4444444444444444,0
2026-01-21,event_10350,Zimbabwe,104,6,20.8,0
2026-01-21,event_10350,Luxembourg,104,9,26,0
2026-01-21,event_10511,Haiti,104,4,34.666666666666664,0
2026-01-21,event_6800,Australia,104,39,6.933333333333334,0
2026-01-21,event_10350,Singapore,103,37,3.6785714285714284,0
2026-01-21,event_10511,United Arab Emirates,103,2,103,0
2026-01-21,event_10210,United States,102,31,3.2903225806451615,0
2026-01-21,event_10511,New Zealand,102,1,102,0
2026-01-21,open_wifi_alert_settings__screen_viewed,Brazil,101,55,1.8363636363636364,0
2026-01-21,event_10352,Zimbabwe,100,6,25,0
2026-01-21,event_4418,Brazil,100,39,2.5641025641025643,0
2026-01-21,event_10352,Portugal,99,41,3.5357142857142856,0
2026-01-21,event_1600,France,99,8,12.375,0
2026-01-21,event_6800,Bolivia,99,52,6.1875,0
2026-01-21,event_10350,Hungary,98,15,12.25,0
2026-01-21,event_10353,South Korea,98,4,24.5,0
2026-01-21,event_9900,Mexico,98,48,2.0416666666666665,0
2026-01-21,event_10350,Trinidad & Tobago,97,12,19.4,0
2026-01-21,event_10351,Ukraine,97,2,48.5,0
2026-01-21,event_10352,Iraq,97,21,13.857142857142858,0
2026-01-21,event_10505,Spain,97,11,12.125,0
2026-01-21,event_2100,Mexico,96,59,1.6271186440677967,0
2026-01-21,event_6800,Dominican Republic,96,54,5.647058823529412,0
2026-01-21,event_6800,Guatemala,96,59,5.052631578947368,0
2026-01-21,event_8001,United States,96,96,1,0
2026-01-21,event_10352,Qatar,95,22,19,0
2026-01-21,event_10511,Sri Lanka,94,2,47,0
2026-01-21,event_10353,Guatemala,93,12,8.454545454545455,0
2026-01-21,event_10350,Antigua & Barbuda,90,10,30,0
2026-01-21,event_10351,Tanzania,90,8,18,0
2026-01-21,event_10352,Australia,90,19,15,0
2026-01-21,event_6800,Ireland,89,37,8.090909090909092,0
2026-01-21,event_10352,Uruguay,88,27,12.571428571428571,0
2026-01-21,event_10350,U.S. Virgin Islands,87,8,21.75,0
2026-01-21,event_10352,Costa Rica,87,20,14.5,0
2026-01-21,event_10353,Qatar,87,2,43.5,0
2026-01-21,event_10353,Nepal,87,3,29,0
2026-01-21,event_10351,Ireland,86,11,10.75,0
2026-01-21,event_10511,India,86,18,6.615384615384615,0
2026-01-21,event_10352,Sri Lanka,85,14,17,0
2026-01-21,event_1000,Portugal,83,51,1.6274509803921569,0
2026-01-21,event_10350,Libya,83,10,83,0
2026-01-21,event_10505,Nigeria,83,24,5.1875,0
2026-01-21,event_39100,United States,83,69,1.2028985507246377,0
2026-01-21,event_6800,Qatar,82,32,20.5,0
2026-01-21,event_10350,Yemen,81,10,27,0
2026-01-21,event_10350,Taiwan,81,12,40.5,0
2026-01-21,event_10353,Belgium,81,2,81,0
2026-01-21,event_6800,Morocco,80,32,7.2727272727272725,0
2026-01-21,event_10350,Cayman Islands,78,3,26,0
2026-01-21,event_10351,Ecuador,78,23,5.571428571428571,0
2026-01-21,event_6800,Venezuela,78,52,4.333333333333333,0
2026-01-21,event_10350,Slovakia,77,4,38.5,0
2026-01-21,event_10505,Puerto Rico,77,29,4.8125,0
2026-01-21,event_6800,El Salvador,77,52,4.052631578947368,0
2026-01-21,event_10351,Norway,76,9,10.857142857142858,0
2026-01-21,event_10505,Indonesia,76,39,2.6206896551724137,0
2026-01-21,event_1000,Puerto Rico,75,34,2.272727272727273,0
2026-01-21,event_6800,Vietnam,75,31,10.714285714285714,0
2026-01-21,event_10350,Papua New Guinea,74,2,0,0
2026-01-21,event_10353,Israel,74,5,18.5,0
2026-01-21,event_10505,Saudi Arabia,74,17,6.7272727272727275,0
2026-01-21,event_10511,South Africa,74,1,74,0
2026-01-21,event_6800,South Africa,74,32,3.5238095238095237,0
2026-01-21,event_10350,Mali,73,2,73,0
2026-01-21,event_10351,Mozambique,73,9,9.125,0
2026-01-21,event_6800,Jordan,72,28,9,0
2026-01-21,event_6800,Honduras,72,50,3.6,0
2026-01-21,event_10351,Cayman Islands,71,3,23.666666666666668,0
2026-01-21,event_10352,Suriname,71,2,71,0
2026-01-21,event_10511,Ethiopia,71,1,71,0
2026-01-21,event_10351,U.S. Virgin Islands,70,6,23.333333333333332,0
2026-01-21,event_10351,Singapore,70,21,4.666666666666667,0
2026-01-21,event_6800,Nepal,70,31,10,0
2026-01-21,event_10350,China,69,7,23,0
2026-01-21,event_1000,Canada,68,35,1.9428571428571428,0
2026-01-21,event_9900,Portugal,68,24,2.8333333333333335,0
2026-01-21,event_10350,(not set),66,11,6,0
2026-01-21,event_10353,Malaysia,65,7,10.833333333333334,0
2026-01-21,event_39000,United States,65,56,1.1607142857142858,0
2026-01-21,event_10352,Trinidad & Tobago,64,7,12.8,0
2026-01-21,event_10505,Colombia,64,15,5.333333333333333,0
2026-01-21,event_10350,American Samoa,63,4,31.5,0
2026-01-21,event_10353,Panama,63,7,9,0
2026-01-21,event_10505,Ireland,62,5,15.5,0
2026-01-21,event_10511,Mali,62,1,62,0
2026-01-21,event_1000,Bangladesh,61,33,1.8484848484848484,0
2026-01-21,event_10505,South Africa,60,6,12,0
2026-01-21,event_1000,United Kingdom,59,28,2.107142857142857,0
2026-01-21,event_10350,French Guiana,59,10,29.5,0
2026-01-21,event_10350,Nicaragua,59,19,4.538461538461538,0
2026-01-21,event_10351,Kyrgyzstan,59,2,59,0
2026-01-21,event_10511,Peru,59,1,59,0
2026-01-21,event_6800,Oman,59,22,14.75,0
2026-01-21,event_6800,Haiti,59,28,4.916666666666667,0
2026-01-21,event_10352,Mali,58,2,58,0
2026-01-21,event_10352,Oman,58,14,9.666666666666666,0
2026-01-21,event_10353,Cayman Islands,57,2,28.5,0
2026-01-21,event_1000,Peru,56,17,3.5,0
2026-01-21,event_10350,New Zealand,56,16,9.333333333333334,0
2026-01-21,event_10353,Oman,56,4,14,0
2026-01-21,event_10353,Greece,56,5,11.2,0
2026-01-21,event_10363,Ecuador,56,7,8,0
2026-01-21,event_1600,India,56,22,2.5454545454545454,0
2026-01-21,event_6800,Poland,56,24,8,0
2026-01-21,event_6800,Laos,56,31,4,0
2026-01-21,event_6800,Ecuador,56,35,4.3076923076923075,0
2026-01-21,event_10352,Antigua & Barbuda,55,8,18.333333333333332,0
2026-01-21,event_10353,Tanzania,55,2,27.5,0
2026-01-21,event_9900,United Kingdom,55,22,2.5,0
2026-01-21,event_10351,Slovakia,54,2,54,0
2026-01-21,event_10351,Hungary,54,9,9,0
2026-01-21,event_10352,Yemen,54,10,18,0
2026-01-21,event_10363,Ethiopia,54,1,54,0
2026-01-21,event_10100,Portugal,53,32,1.7096774193548387,0
2026-01-21,event_10351,Angola,53,13,6.625,0
2026-01-21,event_10505,Cuba,53,17,4.076923076923077,0
2026-01-21,event_10511,Nigeria,53,11,4.818181818181818,0
2026-01-21,event_6800,South Korea,53,20,6.625,0
2026-01-21,event_10353,Venezuela,52,10,5.777777777777778,0
2026-01-21,event_6801,Mexico,52,42,1.2380952380952381,0
2026-01-21,event_10353,Norway,51,3,17,0
2026-01-21,event_10353,Tunisia,51,3,17,0
2026-01-21,event_6800,Türkiye,51,24,8.5,0
2026-01-21,event_10350,Russia,50,18,6.25,0
2026-01-21,event_10352,Libya,50,8,0,0
2026-01-21,event_10352,Taiwan,50,10,25,0
2026-01-21,event_10353,Bolivia,50,10,5,0
2026-01-21,event_10363,Argentina,50,10,5.555555555555555,0
2026-01-21,event_10511,Philippines,50,13,3.8461538461538463,0
2026-01-21,event_6800,Kuwait,50,18,7.142857142857143,0
2026-01-21,pix_analyzer_onboarding_start,Brazil,50,42,1.1904761904761905,0
2026-01-21,event_1000,Nigeria,49,35,1.4411764705882353,0
2026-01-21,event_10351,Syria,49,6,16.333333333333332,0
2026-01-21,event_10352,China,48,3,24,0
2026-01-21,event_10353,Kenya,48,4,16,0
2026-01-21,event_10353,Italy,48,8,6.857142857142857,0
2026-01-21,event_10350,Grenada,47,3,0,0
2026-01-21,event_10350,Sweden,47,11,47,0
2026-01-21,event_10351,Luxembourg,47,1,47,0
2026-01-21,event_10352,Norway,47,7,15.666666666666666,0
2026-01-21,event_10352,Poland,47,8,15.666666666666666,0
2026-01-21,event_10363,Peru,47,4,11.75,0
2026-01-21,event_10363,Bangladesh,47,13,3.9166666666666665,0
2026-01-21,event_10505,Tunisia,47,1,47,0
2026-01-21,event_10511,Dominican Republic,47,1,47,0
2026-01-21,event_6800,Switzerland,47,18,4.7,0
2026-01-21,event_6800,Afghanistan,47,24,7.833333333333333,0
2026-01-21,event_1000,Algeria,46,11,4.181818181818182,0
2026-01-21,event_1000,Philippines,46,36,1.3142857142857143,0
2026-01-21,event_10351,Myanmar (Burma),46,10,15.333333333333334,0
2026-01-21,event_31009,Mexico,46,26,1.7692307692307692,0
2026-01-21,event_10350,Seychelles,45,1,0,0
2026-01-21,event_10350,Hong Kong,45,10,11.25,0
2026-01-21,event_10352,Grenada,45,3,0,0
2026-01-21,event_10505,Australia,45,7,11.25,0
2026-01-21,event_10511,Malaysia,45,1,45,0
2026-01-21,event_10511,Thailand,45,2,22.5,0
2026-01-21,event_10511,Ecuador,45,4,11.25,0
2026-01-21,subscription_screen_open,Mexico,45,25,1.8,0
2026-01-21,event_10351,Ethiopia,44,6,14.666666666666666,0
2026-01-21,event_10352,Türkiye,44,12,22,0
2026-01-21,event_10363,Cuba,44,9,5.5,0
2026-01-21,event_10505,Canada,44,16,4,0
2026-01-21,event_6800,Sudan,44,16,6.285714285714286,0
2026-01-21,event_6800,Ghana,44,19,5.5,0
2026-01-21,event_6800,Angola,44,20,3.3846153846153846,0
2026-01-21,event_10350,Finland,43,6,21.5,0
2026-01-21,event_6800,Guyana,43,15,6.142857142857143,0
2026-01-21,event_10363,Puerto Rico,42,9,6,0
2026-01-21,event_6800,Costa Rica,42,22,4.2,0
2026-01-21,event_6800,Romania,42,22,4.666666666666667,0
2026-01-21,event_1000,France,41,15,2.7333333333333334,0
2026-01-21,event_10210,Pakistan,41,1,41,0
2026-01-21,event_10350,Guam,41,1,0,0
2026-01-21,event_10352,Luxembourg,41,5,13.666666666666666,0
2026-01-21,event_10511,Bangladesh,41,3,13.666666666666666,0
2026-01-21,event_6800,Israel,41,15,5.125,0
2026-01-21,event_6800,New Zealand,41,22,5.125,0
2026-01-21,event_6800,Uruguay,41,26,4.1,0
2026-01-21,event_10350,Azerbaijan,40,14,6.666666666666667,0
2026-01-21,event_10351,Poland,40,8,6.666666666666667,0
2026-01-21,event_10351,Laos,40,15,5,0
2026-01-21,event_10353,Jordan,40,7,5.714285714285714,0
2026-01-21,event_10511,Qatar,40,1,40,0
2026-01-21,subscription_screen_open,Bangladesh,40,13,3.076923076923077,0
2026-01-21,event_1600,Iran,40,26,1.5384615384615385,0
2026-01-21,open_wifi_alert__click_on_upgrade,Brazil,40,28,1.4285714285714286,0
2026-01-21,open_wifi_alert_paywall__screen_viewed,Brazil,40,28,1.4285714285714286,0
2026-01-21,event_10352,Nicaragua,39,11,5.571428571428571,0
2026-01-21,event_10353,Luxembourg,39,1,39,0
2026-01-21,event_1000,Colombia,38,23,1.6521739130434783,0
2026-01-21,event_10100,Indonesia,38,25,1.5833333333333333,0
2026-01-21,event_10505,Netherlands,38,9,7.6,0
2026-01-21,event_10511,Puerto Rico,38,2,19,0
2026-01-21,event_10511,Guyana,38,3,12.666666666666666,0
2026-01-21,event_1600,Argentina,38,21,1.8095238095238095,0
2026-01-21,event_1650,Mexico,38,32,1.1875,0
2026-01-21,event_6800,Belgium,38,14,6.333333333333333,0
2026-01-21,event_9900,Canada,38,19,2.111111111111111,0
2026-01-21,event_1000,Netherlands,37,17,2.3125,0
2026-01-21,event_10351,French Guiana,37,3,18.5,0
2026-01-21,event_10363,Nigeria,37,14,2.8461538461538463,0
2026-01-21,event_2100,Iran,37,24,1.5416666666666667,0
2026-01-21,event_6800,Singapore,37,18,4.111111111111111,0
2026-01-21,event_9900,Argentina,37,17,2.176470588235294,0
2026-01-21,open_wifi_alert_settings__screen_viewed,United States,37,24,1.5416666666666667,0
2026-01-21,event_10350,Togo,36,3,18,0
2026-01-21,event_10351,Uganda,36,10,4.5,0
2026-01-21,event_10353,Ireland,36,5,7.2,0
2026-01-21,event_10505,Ecuador,36,7,6,0
2026-01-21,event_2300,Mexico,36,31,1.1612903225806452,0
2026-01-21,event_2600,Mexico,36,16,2.25,0
2026-01-21,event_6800,Greece,36,11,4.5,0
2026-01-21,event_10350,Curaçao,35,5,17.5,0
2026-01-21,event_10363,Algeria,35,8,5,0
2026-01-21,event_6800,Kenya,35,12,7,0
2026-01-21,event_6800,Uganda,35,16,3.5,0
2026-01-21,event_10100,India,34,25,1.4166666666666667,0
2026-01-21,event_10350,Lebanon,34,6,0,0
2026-01-21,event_10350,Congo - Kinshasa,34,6,6.8,0
2026-01-21,event_10353,Türkiye,34,3,17,0
2026-01-21,event_10208,Brazil,33,5,6.6,0
2026-01-21,event_10351,Serbia,33,3,33,0
2026-01-21,event_10351,(not set),33,7,5.5,0
2026-01-21,event_10505,Belgium,33,3,16.5,0
2026-01-21,subscription_subscribe_click,Bangladesh,33,10,3.3,0
2026-01-21,event_6800,Iraq,33,17,11,0
2026-01-21,event_6800,Myanmar (Burma),33,18,6.6,0
2026-01-21,event_1000,Saudi Arabia,32,14,2.2857142857142856,0
2026-01-21,event_1000,Cuba,32,16,2.1333333333333333,0
2026-01-21,event_10363,Philippines,32,4,8,0
2026-01-21,event_10505,Bangladesh,32,16,5.333333333333333,0
2026-01-21,subscription_screen_open,Egypt,32,11,2.909090909090909,0
2026-01-21,event_1600,Puerto Rico,32,20,1.6,0
2026-01-21,event_9900,Sri Lanka,32,1,32,0
2026-01-21,event_10505,Pakistan,31,14,3.1,0
2026-01-21,event_1000,(not set),30,9,3.3333333333333335,0
2026-01-21,event_10100,Egypt,30,12,2.5,0
2026-01-21,event_10351,New Zealand,30,9,6,0
2026-01-21,event_10352,Azerbaijan,30,10,5,0
2026-01-21,event_10363,Indonesia,30,19,1.6666666666666667,0
2026-01-21,event_10505,Ethiopia,30,1,30,0
2026-01-21,event_10505,Venezuela,30,8,7.5,0
2026-01-21,event_10505,Peru,30,10,3.3333333333333335,0
2026-01-21,subscription_subscribe_click,United States,30,21,1.4285714285714286,0
2026-01-21,event_2300,India,30,8,3.75,0
2026-01-21,event_6800,Sri Lanka,30,14,10,0
2026-01-21,event_6800,Tunisia,30,14,10,0
2026-01-21,event_10351,Libya,29,8,29,0
2026-01-21,event_10352,American Samoa,29,3,29,0
2026-01-21,event_10354,Argentina,29,18,1.8125,0
2026-01-21,event_10505,Japan,29,6,7.25,0
2026-01-21,event_10505,France,29,12,3.2222222222222223,0
2026-01-21,event_1600,Canada,29,14,2.0714285714285716,0
2026-01-21,event_1600,United Kingdom,29,21,1.380952380952381,0
2026-01-21,event_6800,Libya,29,8,29,0
2026-01-21,event_6800,Trinidad & Tobago,29,10,4.833333333333333,0
2026-01-21,event_6800,Mozambique,29,12,3.625,0
2026-01-21,event_10350,Malta,28,2,14,0
2026-01-21,event_10350,Côte d’Ivoire,28,6,9.333333333333334,0
2026-01-21,event_1600,Egypt,28,11,2.5454545454545454,0
2026-01-21,event_6800,Taiwan,28,8,14,0
2026-01-21,event_10100,Argentina,27,15,1.8,0
2026-01-21,event_10350,Croatia,27,4,27,0
2026-01-21,event_10351,Guam,27,1,0,0
2026-01-21,event_10353,French Guiana,27,2,13.5,0
2026-01-21,event_10353,U.S. Virgin Islands,27,3,9,0
2026-01-21,event_10363,United Kingdom,27,4,6.75,0
2026-01-21,event_1750,Mexico,27,22,1.2272727272727273,0
2026-01-21,event_2100,Egypt,27,15,1.8,0
2026-01-21,event_1000,South Africa,26,10,2.6,0
2026-01-21,event_10100,Pakistan,26,12,2.1666666666666665,0
2026-01-21,event_10350,Lithuania,26,2,13,0
2026-01-21,event_10351,Curaçao,26,4,13,0
2026-01-21,event_10351,Antigua & Barbuda,26,5,13,0
2026-01-21,event_10351,Afghanistan,26,9,5.2,0
2026-01-21,event_10352,Romania,26,6,6.5,0
2026-01-21,event_10354,Indonesia,26,14,2,0
2026-01-21,event_6800,Norway,26,13,3.7142857142857144,0
2026-01-21,event_1000,Morocco,25,10,2.5,0
2026-01-21,event_1000,Germany,25,18,1.4705882352941178,0
2026-01-21,event_10350,Liberia,25,4,0,0
2026-01-21,event_10351,Sri Lanka,25,5,12.5,0
2026-01-21,event_10352,Panama,25,8,6.25,0
2026-01-21,event_10353,Hungary,25,4,6.25,0
2026-01-21,event_10353,Ecuador,25,9,2.7777777777777777,0
2026-01-21,event_10353,Thailand,25,11,2.7777777777777777,0
2026-01-21,event_10505,Kuwait,25,3,8.333333333333334,0
2026-01-21,event_1600,Portugal,25,19,1.3157894736842106,0
2026-01-21,event_1000,Pakistan,24,17,1.411764705882353,0
2026-01-21,event_10100,Canada,24,17,1.411764705882353,0
2026-01-21,event_10350,Bulgaria,24,8,12,0
2026-01-21,event_10350,Senegal,24,9,4.8,0
2026-01-21,event_10350,Austria,24,9,8,0
2026-01-21,event_10351,Hong Kong,24,7,8,0
2026-01-21,event_10353,Syria,24,1,24,0
2026-01-21,event_10505,Algeria,24,11,6,0
2026-01-21,event_10511,Congo - Kinshasa,24,3,8,0
2026-01-21,event_37000,Mexico,24,22,1.0909090909090908,0
2026-01-21,event_6800,Hungary,24,12,4.8,0
2026-01-21,event_6800,Sweden,24,14,12,0
2026-01-21,event_10209,Brazil,23,7,3.2857142857142856,0
2026-01-21,event_10351,Togo,23,2,23,0
2026-01-21,event_10352,Sweden,23,5,0,0
2026-01-21,event_2100,India,23,14,1.6428571428571428,0
2026-01-21,event_6800,Antigua & Barbuda,23,8,11.5,0
2026-01-21,event_6800,Tanzania,23,14,2.090909090909091,0
2026-01-21,event_6801,Iran,23,21,1.2105263157894737,0
2026-01-21,event_1000,Australia,22,9,2.4444444444444446,0
2026-01-21,event_10350,Kazakhstan,22,3,11,0
2026-01-21,event_10353,Slovakia,22,1,22,0
2026-01-21,event_10353,Iraq,22,2,22,0
2026-01-21,event_10353,Uruguay,22,4,5.5,0
2026-01-21,event_10353,Honduras,22,5,4.4,0
2026-01-21,event_10363,Syria,22,7,3.142857142857143,0
2026-01-21,event_10505,Qatar,22,3,11,0
2026-01-21,event_10505,Costa Rica,22,5,4.4,0
2026-01-21,event_6800,U.S. Virgin Islands,22,10,4.4,0
2026-01-21,event_1000,Thailand,21,17,1.2352941176470589,0
2026-01-21,event_10100,Germany,21,17,1.4,0
2026-01-21,event_10350,Bermuda,21,2,21,0
2026-01-21,event_10351,Russia,21,9,5.25,0
2026-01-21,event_10363,Pakistan,21,14,1.75,0
2026-01-21,event_1600,Bangladesh,21,9,2.3333333333333335,0
2026-01-21,event_1600,Indonesia,21,15,1.4,0
2026-01-21,event_6800,Hong Kong,21,8,5.25,0
2026-01-21,pix_analyzer_onboarding_start,United States,21,18,1.1666666666666667,0
2026-01-21,event_10350,Cambodia,20,3,0,0
2026-01-21,event_10350,Cameroon,20,6,10,0
2026-01-21,event_10351,Trinidad & Tobago,20,7,5,0
2026-01-21,event_10352,Slovakia,20,2,20,0
2026-01-21,event_10352,Russia,20,7,6.666666666666667,0
2026-01-21,event_10352,Singapore,20,11,3.3333333333333335,0
2026-01-21,event_10353,Vietnam,20,3,6.666666666666667,0
2026-01-21,event_10354,Bangladesh,20,8,2.5,0
2026-01-21,event_10354,Portugal,20,15,1.3333333333333333,0
2026-01-21,event_10363,Colombia,20,10,2,0
2026-01-21,event_29000,Mexico,20,18,1.1111111111111112,0
2026-01-21,event_31009,India,20,7,2.857142857142857,0
2026-01-21,event_6800,American Samoa,20,6,10,0
2026-01-21,event_6800,French Guiana,20,7,10,0
2026-01-21,event_6800,Russia,20,11,3.3333333333333335,0
2026-01-21,event_9900,Egypt,20,8,2.5,0
2026-01-21,event_1000,Laos,19,4,4.75,0
2026-01-21,event_1000,Dominican Republic,19,5,3.8,0
2026-01-21,event_1000,Ecuador,19,10,1.9,0
2026-01-21,event_10100,Philippines,19,11,1.7272727272727273,0
2026-01-21,event_10210,Mexico,19,5,3.8,0
2026-01-21,event_10354,France,19,4,4.75,0
2026-01-21,event_10363,Suriname,19,1,19,0
2026-01-21,event_10505,Nepal,19,1,19,0
2026-01-21,event_10505,Jamaica,19,4,6.333333333333333,0
2026-01-21,event_10505,Morocco,19,5,4.75,0
2026-01-21,event_6800,Ethiopia,19,9,4.75,0
2026-01-21,event_9900,Puerto Rico,19,13,1.4615384615384615,0
2026-01-21,event_1000,El Salvador,18,9,2,0
2026-01-21,event_1000,Honduras,18,13,1.3846153846153846,0
2026-01-21,event_1000,Spain,18,14,1.2857142857142858,0
2026-01-21,event_10350,Mauritius,18,1,18,0
2026-01-21,event_10350,St. Vincent & Grenadines,18,2,18,0
2026-01-21,event_10350,Czechia,18,3,18,0
2026-01-21,event_10350,Bahrain,18,4,18,0
2026-01-21,event_10351,Lithuania,18,1,18,0
2026-01-21,event_10351,Lebanon,18,6,0,0
2026-01-21,event_10352,Liberia,18,3,0,0
2026-01-21,event_10354,Puerto Rico,18,11,1.6363636363636365,0
2026-01-21,event_10505,Iraq,18,2,0,0
2026-01-21,event_10505,Sudan,18,4,9,0
2026-01-21,event_2100,Argentina,18,8,2.25,0
2026-01-21,event_1000,Chile,17,11,1.5454545454545454,0
2026-01-21,event_1000,Paraguay,17,13,1.3076923076923077,0
2026-01-21,event_10100,Colombia,17,12,1.4166666666666667,0
2026-01-21,event_10351,Seychelles,17,1,0,0
2026-01-21,event_10351,Mauritius,17,1,17,0
2026-01-21,event_10351,Bermuda,17,2,17,0
2026-01-21,event_10351,American Samoa,17,3,8.5,0
2026-01-21,event_10351,Bahrain,17,3,17,0
2026-01-21,event_10352,Kyrgyzstan,17,3,17,0
2026-01-21,event_10352,Congo - Kinshasa,17,4,5.666666666666667,0
2026-01-21,event_10352,(not set),17,6,2.8333333333333335,0
2026-01-21,event_10353,Ukraine,17,2,8.5,0
2026-01-21,event_10353,Sudan,17,3,8.5,0
2026-01-21,event_10353,Uganda,17,7,2.4285714285714284,0
2026-01-21,event_10354,Colombia,17,11,1.5454545454545454,0
2026-01-21,event_10505,Mozambique,17,5,5.666666666666667,0
2026-01-21,event_10505,Germany,17,6,17,0
2026-01-21,event_10511,Pakistan,17,1,17,0
2026-01-21,event_2300,Iran,17,9,1.8888888888888888,0
2026-01-21,event_6800,Côte d’Ivoire,17,6,8.5,0
2026-01-21,event_6800,Yemen,17,8,17,0
2026-01-21,event_1000,Japan,16,10,1.6,0
2026-01-21,event_10351,Côte d’Ivoire,16,5,8,0
2026-01-21,event_10352,Malta,16,1,16,0
2026-01-21,event_10352,St. Vincent & Grenadines,16,2,16,0
2026-01-21,event_10352,U.S. Virgin Islands,16,5,8,0
2026-01-21,event_10353,Mozambique,16,3,5.333333333333333,0
2026-01-21,event_10353,(not set),16,6,2.6666666666666665,0
2026-01-21,event_10354,Egypt,16,10,1.6,0
2026-01-21,event_10511,Saudi Arabia,16,4,4,0
2026-01-21,subscription_screen_open,Algeria,16,6,2.6666666666666665,0
2026-01-21,event_1750,Iran,16,14,1.1428571428571428,0
2026-01-21,event_2100,Bangladesh,16,9,1.7777777777777777,0
2026-01-21,event_4418,United States,16,8,2,0
2026-01-21,event_6800,Lebanon,16,5,0,0
2026-01-21,event_6800,Bulgaria,16,7,0,0
2026-01-21,event_6800,Cameroon,16,7,8,0
2026-01-21,event_6801,Portugal,16,12,1.3333333333333333,0
2026-01-21,event_10100,Netherlands,15,8,1.875,0
2026-01-21,event_10350,Rwanda,15,1,0,0
2026-01-21,event_10351,Taiwan,15,5,15,0
2026-01-21,event_10352,Italy,15,6,5,0
2026-01-21,event_10352,Hong Kong,15,7,3.75,0
2026-01-21,event_10353,Togo,15,1,15,0
2026-01-21,event_10353,Angola,15,5,3.75,0
2026-01-21,event_10363,Afghanistan,15,4,3.75,0
2026-01-21,event_10505,Sri Lanka,15,2,15,0
2026-01-21,event_10505,Switzerland,15,3,7.5,0
2026-01-21,event_10511,Poland,15,1,15,0
2026-01-21,subscription_screen_open,India,15,9,1.6666666666666667,0
2026-01-21,subscription_subscribe_click,Egypt,15,6,2.5,0
2026-01-21,event_1600,Peru,15,7,2.142857142857143,0
2026-01-21,event_1600,Nigeria,15,9,1.6666666666666667,0
2026-01-21,event_2100,Puerto Rico,15,9,1.6666666666666667,0
2026-01-21,event_2100,Canada,15,11,1.3636363636363635,0
2026-01-21,event_29000,India,15,7,2.142857142857143,0
2026-01-21,event_6800,China,15,6,7.5,0
2026-01-21,event_9900,India,15,10,1.5,0
2026-01-21,event_9900,Indonesia,15,12,1.25,0
2026-01-21,pix_analyzer_alert_open,Brazil,15,13,1.1538461538461537,0
2026-01-21,pix_analyzer_onboarding_activate_click,Brazil,15,15,1,0
2026-01-21,event_1000,Ethiopia,14,3,4.666666666666667,0
2026-01-21,event_1000,Jordan,14,7,2,0
2026-01-21,event_1000,Malaysia,14,8,1.75,0
2026-01-21,event_10350,Niger,14,1,14,0
2026-01-21,event_10351,Cambodia,14,3,0,0
2026-01-21,event_10351,Guyana,14,7,7,0
2026-01-21,event_10352,Lebanon,14,4,0,0
2026-01-21,event_10353,Lithuania,14,1,14,0
2026-01-21,event_10511,Argentina,14,2,14,0
2026-01-21,event_10512,Iran,14,10,1.5555555555555556,0
2026-01-21,subscription_screen_open,Morocco,14,4,3.5,0
2026-01-21,subscription_screen_open,Indonesia,14,6,2.3333333333333335,0
2026-01-21,event_1600,Japan,14,5,2.8,0
2026-01-21,event_2100,Indonesia,14,11,1.2727272727272727,0
2026-01-21,event_6800,Azerbaijan,14,9,7,0
2026-01-21,event_1000,Syria,13,2,6.5,0
2026-01-21,event_10100,Saudi Arabia,13,7,1.8571428571428572,0
2026-01-21,event_10351,Kazakhstan,13,2,6.5,0
2026-01-21,event_10352,Togo,13,2,6.5,0
2026-01-21,event_10352,Hungary,13,6,4.333333333333333,0
2026-01-21,event_10352,Senegal,13,7,3.25,0
2026-01-21,event_10353,Myanmar (Burma),13,1,13,0
2026-01-21,event_10353,Sri Lanka,13,2,6.5,0
2026-01-21,event_10353,Poland,13,5,2.6,0
2026-01-21,event_10363,Mozambique,13,5,3.25,0
2026-01-21,event_10505,Malta,13,1,13,0
2026-01-21,event_10505,United Arab Emirates,13,7,3.25,0
2026-01-21,event_10511,Afghanistan,13,2,6.5,0
2026-01-21,event_10511,Syria,13,2,6.5,0
2026-01-21,event_1600,Colombia,13,11,1.1818181818181819,0
2026-01-21,event_1700,Mexico,13,12,1.0833333333333333,0
2026-01-21,event_2100,Morocco,13,5,2.6,0
2026-01-21,event_2100,United Kingdom,13,7,1.8571428571428572,0
2026-01-21,event_2100,Colombia,13,8,1.625,0
2026-01-21,event_2100,Portugal,13,9,1.4444444444444444,0
2026-01-21,event_31009,Iran,13,8,1.625,0
2026-01-21,event_6800,Serbia,13,4,6.5,0
2026-01-21,event_6800,Cape Verde,13,5,2.6,0
2026-01-21,event_6800,Ukraine,13,5,4.333333333333333,0
2026-01-21,event_8000,Iran,13,12,1.0833333333333333,0
2026-01-21,event_1000,Israel,12,3,4,0
2026-01-21,event_1000,Venezuela,12,8,1.5,0
2026-01-21,event_1000,Jamaica,12,11,1.0909090909090908,0
2026-01-21,event_10100,Bangladesh,12,9,1.3333333333333333,0
2026-01-21,event_10350,Cook Islands,12,1,0,0
2026-01-21,event_10350,Uzbekistan,12,3,6,0
2026-01-21,event_10351,Bhutan,12,1,0,0
2026-01-21,event_10351,Cook Islands,12,1,0,0
2026-01-21,event_10351,Yemen,12,1,12,0
2026-01-21,event_10351,Malta,12,2,6,0
2026-01-21,event_10351,China,12,2,12,0
2026-01-21,event_10351,Senegal,12,3,6,0
2026-01-21,event_10353,Bermuda,12,1,12,0
2026-01-21,event_10353,Singapore,12,2,12,0
2026-01-21,event_10363,Thailand,12,2,12,0
2026-01-21,event_10363,Venezuela,12,4,4,0
2026-01-21,event_10505,Vietnam,12,1,12,0
2026-01-21,event_10505,Angola,12,3,6,0
2026-01-21,event_10505,Bolivia,12,4,4,0
2026-01-21,event_10505,Paraguay,12,7,1.7142857142857142,0
2026-01-21,event_1650,Puerto Rico,12,4,3,0
2026-01-21,event_1650,Portugal,12,9,1.3333333333333333,0
2026-01-21,event_1650,Argentina,12,11,1.0909090909090908,0
2026-01-21,event_31009,Peru,12,3,4,0
2026-01-21,event_6800,Slovakia,12,5,6,0
2026-01-21,event_6800,Luxembourg,12,6,4,0
2026-01-21,event_6800,Panama,12,9,1.7142857142857142,0
2026-01-21,event_8000,India,12,11,1.0909090909090908,0
2026-01-21,event_9900,Spain,12,6,2,0
2026-01-21,event_9900,Colombia,12,7,1.7142857142857142,0
2026-01-21,event_1000,Bolivia,11,7,1.5714285714285714,0
2026-01-21,event_10100,Australia,11,3,3.6666666666666665,0
2026-01-21,event_10100,France,11,9,1.2222222222222223,0
2026-01-21,event_10350,Albania,11,8,1.5714285714285714,0
2026-01-21,event_10354,India,11,8,1.375,0
2026-01-21,event_10363,Serbia,11,1,11,0
2026-01-21,event_10505,Malaysia,11,3,5.5,0
2026-01-21,event_10505,Chile,11,6,3.6666666666666665,0
2026-01-21,event_10505,Syria,11,9,1.5714285714285714,0
2026-01-21,event_10511,Nepal,11,1,0,0
2026-01-21,event_2100,Algeria,11,8,1.375,0
2026-01-21,event_31009,United Kingdom,11,7,1.5714285714285714,0
2026-01-21,event_6800,Curaçao,11,5,5.5,0
2026-01-21,event_6800,Austria,11,5,11,0
2026-01-21,event_6801,Egypt,11,8,1.375,0
2026-01-21,event_9900,Honduras,11,3,3.6666666666666665,0
2026-01-21,event_9900,Ireland,11,5,2.2,0
2026-01-21,pix_analyzer_onboarding_activate_click,United States,11,11,1,0
2026-01-21,event_1000,French Guiana,10,2,5,0
2026-01-21,event_1000,Belgium,10,7,1.4285714285714286,0
2026-01-21,event_1000,Mozambique,10,7,1.4285714285714286,0
2026-01-21,event_1000,Guatemala,10,8,1.25,0
2026-01-21,event_10100,South Africa,10,5,2,0
2026-01-21,event_10100,Spain,10,6,2,0
2026-01-21,event_10350,Somalia,10,4,10,0
2026-01-21,event_10352,Rwanda,10,1,0,0
2026-01-21,event_10352,Côte d’Ivoire,10,4,5,0
2026-01-21,event_10353,Mauritius,10,1,10,0
2026-01-21,event_10354,Algeria,10,6,1.6666666666666667,0
2026-01-21,event_10354,United Kingdom,10,7,1.4285714285714286,0
2026-01-21,event_10363,Canada,10,1,10,0
2026-01-21,event_10363,France,10,3,3.3333333333333335,0
2026-01-21,event_10363,Bolivia,10,4,2.5,0
2026-01-21,event_10363,Tanzania,10,4,3.3333333333333335,0
2026-01-21,event_10363,Morocco,10,5,2,0
2026-01-21,event_10850,Algeria,10,1,10,0
2026-01-21,subscription_screen_open,Puerto Rico,10,2,5,0
2026-01-21,subscription_subscribe_click,Mexico,10,4,2.5,0
2026-01-21,subscription_purchase_complete,Brazil,10,10,1,0
2026-01-21,event_1600,Cuba,10,6,1.6666666666666667,0
2026-01-21,event_1600,Paraguay,10,8,1.25,0
2026-01-21,event_2300,Bangladesh,10,5,2,0
2026-01-21,event_2300,Canada,10,6,1.6666666666666667,0
2026-01-21,event_2300,United Kingdom,10,7,1.4285714285714286,0
2026-01-21,event_26003,India,10,5,2,0
2026-01-21,event_30000,France,10,2,5,0
2026-01-21,event_31009,Indonesia,10,4,2.5,0
2026-01-21,event_31009,Bangladesh,10,5,2,0
2026-01-21,event_6800,Cayman Islands,10,3,3.3333333333333335,0
2026-01-21,event_6800,Bahrain,10,3,10,0
2026-01-21,event_6800,Liberia,10,4,10,0
2026-01-21,event_8000,Egypt,10,10,1,0
2026-01-21,event_8001,India,10,9,1.1111111111111112,0
2026-01-21,open_wifi_alert__click_on_upgrade,United States,10,7,1.4285714285714286,0
2026-01-21,open_wifi_alert_paywall__screen_viewed,United States,10,7,1.4285714285714286,0
2026-01-21,event_1000,Nepal,9,2,4.5,0
2026-01-21,event_10100,Algeria,9,4,2.25,0
2026-01-21,event_10100,Nigeria,9,7,1.2857142857142858,0
2026-01-21,event_10100,Puerto Rico,9,7,1.2857142857142858,0
2026-01-21,event_10350,Bosnia & Herzegovina,9,2,9,0
2026-01-21,event_10351,Cameroon,9,4,0,0
2026-01-21,event_10351,Albania,9,7,1.5,0
2026-01-21,event_10352,Bulgaria,9,2,9,0
2026-01-21,event_10352,Kazakhstan,9,2,9,0
2026-01-21,event_10352,Kuwait,9,6,9,0
2026-01-21,event_10352,Israel,9,8,4.5,0
2026-01-21,event_10353,Antigua & Barbuda,9,2,9,0
2026-01-21,event_10354,Pakistan,9,4,3,0
2026-01-21,event_10354,Canada,9,6,1.5,0
2026-01-21,event_10363,Tunisia,9,1,9,0
2026-01-21,event_10363,Netherlands,9,8,1.2857142857142858,0
2026-01-21,event_10505,Thailand,9,3,0,0
2026-01-21,event_10511,United Kingdom,9,1,9,0
2026-01-21,event_10511,Venezuela,9,2,4.5,0
2026-01-21,event_10850,Mexico,9,7,1.2857142857142858,0
2026-01-21,subscription_screen_open,France,9,4,2.25,0
2026-01-21,subscription_subscribe_click,Algeria,9,3,3,0
2026-01-21,event_1600,Chile,9,6,1.5,0
2026-01-21,event_1650,India,9,7,1.2857142857142858,0
2026-01-21,event_1650,Bangladesh,9,8,1.125,0
2026-01-21,event_31009,Puerto Rico,9,3,3,0
2026-01-21,event_31009,Colombia,9,6,1.5,0
2026-01-21,event_6800,Somalia,9,2,9,0
2026-01-21,event_6800,Martinique,9,3,0,0
2026-01-21,event_6800,Malta,9,3,3,0
2026-01-21,event_6800,Congo - Kinshasa,9,3,4.5,0
2026-01-21,event_6800,Suriname,9,3,9,0
2026-01-21,event_6800,Bahamas,9,4,0,0
2026-01-21,event_6800,Senegal,9,4,3,0
2026-01-21,event_6800,Nicaragua,9,7,9,0
2026-01-21,event_6801,Puerto Rico,9,6,1.5,0
2026-01-21,event_8000,(not set),9,9,1,0
2026-01-21,event_8001,(not set),9,9,1,0
2026-01-21,event_8001,Egypt,9,9,1,0
2026-01-21,event_8001,Iran,9,9,1,0
2026-01-21,event_9900,France,9,7,1.2857142857142858,0
2026-01-21,event_1000,Romania,8,2,4,0
2026-01-21,event_1000,Greece,8,4,2,0
2026-01-21,event_1000,United Arab Emirates,8,6,1.3333333333333333,0
2026-01-21,event_10100,Greece,8,1,8,0
2026-01-21,event_10100,Bolivia,8,4,2,0
2026-01-21,event_10100,Peru,8,6,1.3333333333333333,0
2026-01-21,event_10210,Egypt,8,1,8,0
2026-01-21,event_10350,Belize,8,2,0,0
2026-01-21,event_10350,Bahamas,8,4,0,0
2026-01-21,event_10350,Sierra Leone,8,4,0,0
2026-01-21,event_10350,Brunei,8,4,2.6666666666666665,0
2026-01-21,event_10351,Mali,8,1,0,0
2026-01-21,event_10351,Bosnia & Herzegovina,8,1,8,0
2026-01-21,event_10351,Niger,8,1,8,0
2026-01-21,event_10352,Uzbekistan,8,2,8,0
2026-01-21,event_10352,Cameroon,8,3,4,0
2026-01-21,event_10352,New Zealand,8,3,4,0
2026-01-21,event_10353,Ethiopia,8,2,4,0
2026-01-21,event_10354,Nigeria,8,4,2,0
2026-01-21,event_10363,Chile,8,2,4,0
2026-01-21,event_10363,Haiti,8,3,4,0
2026-01-21,event_10363,South Africa,8,4,2,0
2026-01-21,event_10363,Paraguay,8,5,1.6,0
2026-01-21,event_10363,Saudi Arabia,8,5,1.6,0
2026-01-21,event_10505,Kenya,8,1,0,0
2026-01-21,event_10505,U.S. Virgin Islands,8,2,4,0
2026-01-21,event_10505,Dominican Republic,8,4,2.6666666666666665,0
2026-01-21,event_10511,Italy,8,1,0,0
2026-01-21,event_10850,India,8,5,1.6,0
2026-01-21,event_1600,Israel,8,2,4,0
2026-01-21,event_1600,Netherlands,8,7,1.1428571428571428,0
2026-01-21,event_1650,Iran,8,6,1.3333333333333333,0
2026-01-21,event_1750,India,8,7,1.1428571428571428,0
2026-01-21,event_2100,Nigeria,8,5,1.6,0
2026-01-21,event_26003,Iran,8,3,2.6666666666666665,0
2026-01-21,event_26003,Mexico,8,5,1.6,0
2026-01-21,event_31009,Argentina,8,6,1.3333333333333333,0
2026-01-21,event_6800,Sierra Leone,8,3,0,0
2026-01-21,event_6801,Indonesia,8,7,1.1428571428571428,0
2026-01-21,event_6801,Canada,8,8,1,0
2026-01-21,event_9900,Belgium,8,1,8,0
2026-01-21,event_1000,Costa Rica,7,2,3.5,0
2026-01-21,event_1000,Oman,7,3,2.3333333333333335,0
2026-01-21,event_1000,Tunisia,7,3,2.3333333333333335,0
2026-01-21,event_1000,South Korea,7,4,1.75,0
2026-01-21,event_1000,Italy,7,7,1.1666666666666667,0
2026-01-21,event_10100,Romania,7,4,1.75,0
2026-01-21,event_10100,United Kingdom,7,5,1.4,0
2026-01-21,event_10350,North Macedonia,7,1,0,0
2026-01-21,event_10351,Finland,7,2,3.5,0
2026-01-21,event_10351,Zambia,7,2,3.5,0
2026-01-21,event_10351,Cape Verde,7,3,2.3333333333333335,0
2026-01-21,event_10352,Lithuania,7,1,7,0
2026-01-21,event_10352,Papua New Guinea,7,2,0,0
2026-01-21,event_10352,Curaçao,7,2,7,0
2026-01-21,event_10354,Saudi Arabia,7,3,2.3333333333333335,0
2026-01-21,event_10363,Laos,7,1,7,0
2026-01-21,event_10363,Guatemala,7,2,3.5,0
2026-01-21,event_10363,Japan,7,3,2.3333333333333335,0
2026-01-21,event_10363,Portugal,7,7,1.75,0
2026-01-21,event_10505,New Zealand,7,2,3.5,0
2026-01-21,event_10511,American Samoa,7,1,7,0
2026-01-21,event_10511,Kuwait,7,1,7,0
2026-01-21,event_10511,France,7,2,3.5,0
2026-01-21,event_10512,Ethiopia,7,1,7,0
2026-01-21,event_10850,Iran,7,4,1.75,0
2026-01-21,event_1600,Ecuador,7,3,2.3333333333333335,0
2026-01-21,event_1600,Australia,7,5,1.4,0
2026-01-21,event_1700,Algeria,7,2,3.5,0
2026-01-21,event_1700,Argentina,7,4,1.75,0
2026-01-21,event_1750,Canada,7,5,1.4,0
2026-01-21,event_1750,Egypt,7,5,1.4,0
2026-01-21,event_1750,Philippines,7,5,1.4,0
2026-01-21,event_29000,Bangladesh,7,3,2.3333333333333335,0
2026-01-21,event_6800,Guinea-Bissau,7,2,0,0
2026-01-21,event_6800,St. Vincent & Grenadines,7,3,7,0
2026-01-21,event_6801,India,7,6,1.1666666666666667,0
2026-01-21,event_6801,United Kingdom,7,6,1.1666666666666667,0
2026-01-21,event_8000,Bangladesh,7,7,1,0
2026-01-21,event_8000,Mexico,7,7,1,0
2026-01-21,event_1000,Sri Lanka,6,3,2,0
2026-01-21,event_1000,Poland,6,4,1.5,0
2026-01-21,event_1000,Haiti,6,6,1,0
2026-01-21,event_10100,Honduras,6,1,6,0
2026-01-21,event_10100,El Salvador,6,2,3,0
2026-01-21,event_10100,Tunisia,6,3,2,0
2026-01-21,event_10100,Dominican Republic,6,4,1.5,0
2026-01-21,event_10100,Kuwait,6,4,1.5,0
2026-01-21,event_10210,Argentina,6,1,6,0
2026-01-21,event_10350,South Sudan,6,1,0,0
2026-01-21,event_10350,Turkmenistan,6,1,0,0
2026-01-21,event_10350,Moldova,6,1,6,0
2026-01-21,event_10351,North Macedonia,6,1,0,0
2026-01-21,event_10351,Croatia,6,1,6,0
2026-01-21,event_10351,Moldova,6,1,6,0
2026-01-21,event_10351,Liberia,6,2,0,0
2026-01-21,event_10351,Azerbaijan,6,5,0,0
2026-01-21,event_10352,Belize,6,1,0,0
2026-01-21,event_10352,Turkmenistan,6,1,0,0
2026-01-21,event_10352,Cayman Islands,6,1,6,0
2026-01-21,event_10352,Niger,6,1,6,0
2026-01-21,event_10352,Belgium,6,2,3,0
2026-01-21,event_10352,Bahamas,6,3,0,0
2026-01-21,event_10352,Austria,6,3,3,0
2026-01-21,event_10352,Switzerland,6,3,6,0
2026-01-21,event_10352,Brunei,6,4,3,0
2026-01-21,event_10353,Yemen,6,1,6,0
2026-01-21,event_10353,Russia,6,2,3,0
2026-01-21,event_10353,New Zealand,6,3,2,0
2026-01-21,event_10354,Syria,6,1,6,0
2026-01-21,event_10354,Oman,6,2,3,0
2026-01-21,event_10354,Romania,6,2,3,0
2026-01-21,event_10354,Morocco,6,4,1.5,0
2026-01-21,event_10354,Spain,6,4,1.5,0
2026-01-21,event_10363,Malaysia,6,1,6,0
2026-01-21,event_10363,Angola,6,2,3,0
2026-01-21,event_10363,Germany,6,3,2,0
2026-01-21,event_10363,United Arab Emirates,6,3,3,0
2026-01-21,event_10364,Indonesia,6,1,6,0
2026-01-21,event_10364,United States,6,6,1,0
2026-01-21,event_10505,Greece,6,1,6,0
2026-01-21,event_10505,Uruguay,6,2,6,0
2026-01-21,event_10505,Haiti,6,4,2,0
2026-01-21,event_10505,Guatemala,6,5,1.5,0
2026-01-21,event_10511,Germany,6,1,0,0
2026-01-21,event_10511,Guatemala,6,1,6,0
2026-01-21,event_10512,Honduras,6,1,6,0
2026-01-21,event_10512,Ecuador,6,2,3,0
2026-01-21,event_10512,Mexico,6,4,1.5,0
2026-01-21,event_10800,Bangladesh,6,2,3,0
2026-01-21,event_10850,France,6,3,2,0
2026-01-21,subscription_screen_open,Malaysia,6,2,3,0
2026-01-21,subscription_screen_open,Thailand,6,2,3,0
2026-01-21,subscription_screen_open,Philippines,6,4,1.5,0
2026-01-21,event_1600,Suriname,6,1,6,0
2026-01-21,event_1600,Syria,6,1,6,0
2026-01-21,event_1600,Poland,6,2,3,0
2026-01-21,event_1600,Greece,6,3,2,0
2026-01-21,event_1600,South Africa,6,4,1.5,0
2026-01-21,event_1600,Algeria,6,6,1,0
2026-01-21,event_1750,Australia,6,2,3,0
2026-01-21,event_1750,Portugal,6,3,2,0
2026-01-21,event_1750,Argentina,6,6,1,0
2026-01-21,event_2300,Egypt,6,5,1.2,0
2026-01-21,event_30000,Portugal,6,2,3,0
2026-01-21,event_31009,France,6,3,2,0
2026-01-21,event_6800,Barbados,6,2,6,0
2026-01-21,event_6800,Lithuania,6,2,6,0
2026-01-21,event_6800,Kazakhstan,6,3,3,0
2026-01-21,event_6800,(not set),6,6,1,0
2026-01-21,event_6801,Argentina,6,5,1.2,0
2026-01-21,event_6801,Chile,6,5,1.2,0
2026-01-21,event_8001,Bangladesh,6,6,1,0
2026-01-21,event_8001,Mexico,6,6,1,0
2026-01-21,event_9900,Algeria,6,2,3,0
2026-01-21,event_9900,Israel,6,2,3,0
2026-01-21,event_9900,Jamaica,6,2,3,0
2026-01-21,event_9900,Saudi Arabia,6,3,2,0
2026-01-21,event_9900,Switzerland,6,3,2,0
2026-01-21,event_1000,China,5,1,5,0
2026-01-21,event_1000,Angola,5,4,1.25,0
2026-01-21,event_1000,Russia,5,5,1,0
2026-01-21,event_1000,Switzerland,5,5,1,0
2026-01-21,event_1000,Vietnam,5,5,1,0
2026-01-21,event_10100,Paraguay,5,3,1.6666666666666667,0
2026-01-21,event_10100,Uganda,5,3,1.6666666666666667,0
2026-01-21,event_10100,Thailand,5,4,1.25,0
2026-01-21,event_10100,United Arab Emirates,5,5,1.25,0
2026-01-21,event_10210,Portugal,5,1,5,0
2026-01-21,event_10350,Djibouti,5,1,5,0
2026-01-21,event_10351,Cuba,5,1,5,0
2026-01-21,event_10352,Seychelles,5,1,0,0
2026-01-21,event_10352,Djibouti,5,1,5,0
2026-01-21,event_10352,Sierra Leone,5,2,0,0
2026-01-21,event_10352,South Korea,5,2,0,0
2026-01-21,event_10352,Ireland,5,3,0,0
2026-01-21,event_10352,Greece,5,4,1.25,0
2026-01-21,event_10353,Trinidad & Tobago,5,1,5,0
2026-01-21,event_10353,Zambia,5,2,2.5,0
2026-01-21,event_10353,Guyana,5,2,5,0
2026-01-21,event_10354,Peru,5,1,5,0
2026-01-21,event_10363,Jordan,5,2,2.5,0
2026-01-21,event_10363,Zimbabwe,5,2,5,0
2026-01-21,event_10363,Uganda,5,3,1.6666666666666667,0
2026-01-21,event_10505,Slovakia,5,1,5,0
2026-01-21,event_10505,El Salvador,5,2,5,0
2026-01-21,event_10512,Bangladesh,5,1,5,0
2026-01-21,event_10512,India,5,3,1.6666666666666667,0
2026-01-21,event_10850,Morocco,5,3,1.6666666666666667,0
2026-01-21,subscription_screen_open,United Kingdom,5,3,1.6666666666666667,0
2026-01-21,subscription_screen_open,Peru,5,4,1.25,0
2026-01-21,event_1600,Malaysia,5,3,1.6666666666666667,0
2026-01-21,event_1600,Philippines,5,4,1.25,0
2026-01-21,event_1600,Saudi Arabia,5,4,1.25,0
2026-01-21,event_1700,United Kingdom,5,3,1.6666666666666667,0
2026-01-21,event_1700,Bangladesh,5,5,1,0
2026-01-21,event_1750,Indonesia,5,4,1.25,0
2026-01-21,event_1750,Puerto Rico,5,4,1.25,0
2026-01-21,event_2100,Philippines,5,3,1.6666666666666667,0
2026-01-21,event_2100,France,5,4,1.25,0
2026-01-21,event_2100,Peru,5,5,1,0
2026-01-21,event_2300,France,5,3,1.6666666666666667,0
2026-01-21,event_2300,Morocco,5,3,1.6666666666666667,0
2026-01-21,event_2300,Indonesia,5,5,1,0
2026-01-21,event_2300,Puerto Rico,5,5,1,0
2026-01-21,event_26003,Algeria,5,1,5,0
2026-01-21,event_26003,Bangladesh,5,3,1.6666666666666667,0
2026-01-21,event_29000,Algeria,5,1,5,0
2026-01-21,event_29000,Puerto Rico,5,3,1.6666666666666667,0
2026-01-21,event_29000,Iran,5,5,1,0
2026-01-21,event_37000,India,5,3,1.6666666666666667,0
2026-01-21,event_4418,Egypt,5,1,5,0
2026-01-21,event_6800,Georgia,5,2,0,0
2026-01-21,event_6800,South Sudan,5,2,0,0
2026-01-21,event_6800,St. Kitts & Nevis,5,2,0,0
2026-01-21,event_6800,Zambia,5,2,2.5,0
2026-01-21,event_6800,Bosnia & Herzegovina,5,3,5,0
2026-01-21,event_6800,Zimbabwe,5,4,1.25,0
2026-01-21,event_6800,Finland,5,4,2.5,0
2026-01-21,event_6801,Israel,5,2,2.5,0
2026-01-21,event_6801,Cuba,5,4,1.25,0
2026-01-21,event_6801,France,5,4,1.25,0
2026-01-21,event_6801,Colombia,5,5,1,0
2026-01-21,event_6801,Netherlands,5,5,1,0
2026-01-21,event_6801,Nigeria,5,5,1,0
2026-01-21,event_6801,Philippines,5,5,1,0
2026-01-21,event_6801,Bangladesh,5,5,1.25,0
2026-01-21,event_9900,Chile,5,3,1.6666666666666667,0
2026-01-21,event_9900,Netherlands,5,4,1.25,0
2026-01-21,event_1000,Mauritius,4,1,4,0
2026-01-21,event_1000,Ghana,4,2,2,0
2026-01-21,event_1000,Serbia,4,2,2,0
2026-01-21,event_1000,Hong Kong,4,3,1.3333333333333333,0
2026-01-21,event_1000,Uganda,4,4,1,0
2026-01-21,event_10000,Dominican Republic,4,1,4,0
2026-01-21,event_10100,Poland,4,1,4,0
2026-01-21,event_10100,Cuba,4,2,2,0
2026-01-21,event_10100,Italy,4,3,1.3333333333333333,0
2026-01-21,event_10100,Jordan,4,3,1.3333333333333333,0
2026-01-21,event_10100,Panama,4,3,1.3333333333333333,0
2026-01-21,event_10100,Venezuela,4,3,1.3333333333333333,0
2026-01-21,event_10100,Syria,4,4,1,0
2026-01-21,event_10350,Belarus,4,1,0,0
2026-01-21,event_10350,Barbados,4,1,4,0
2026-01-21,event_10351,Barbados,4,1,4,0
2026-01-21,event_10351,Uzbekistan,4,2,2,0
2026-01-21,event_10351,Austria,4,2,4,0
2026-01-21,event_10351,Somalia,4,2,4,0
2026-01-21,event_10351,Zimbabwe,4,3,2,0
2026-01-21,event_10352,Bermuda,4,1,0,0
2026-01-21,event_10352,South Sudan,4,1,0,0
2026-01-21,event_10352,Czechia,4,1,4,0
2026-01-21,event_10352,French Guiana,4,1,4,0
2026-01-21,event_10352,Cambodia,4,2,0,0
2026-01-21,event_10353,Curaçao,4,1,4,0
2026-01-21,event_10353,Serbia,4,1,4,0
2026-01-21,event_10353,American Samoa,4,2,2,0
2026-01-21,event_10353,Kazakhstan,4,2,2,0
2026-01-21,event_10353,Malta,4,2,2,0
2026-01-21,event_10354,Costa Rica,4,1,4,0
2026-01-21,event_10354,El Salvador,4,2,2,0
2026-01-21,event_10354,Jordan,4,2,2,0
2026-01-21,event_10354,Paraguay,4,3,1.3333333333333333,0
2026-01-21,event_10354,Bolivia,4,4,1,0
2026-01-21,event_10364,Egypt,4,2,2,0
2026-01-21,event_10505,Taiwan,4,1,0,0
2026-01-21,event_10505,Norway,4,1,4,0
2026-01-21,event_10505,Zambia,4,1,4,0
2026-01-21,event_10505,Tanzania,4,2,0,0
2026-01-21,event_10505,Ghana,4,2,2,0
2026-01-21,event_10505,Türkiye,4,3,0,0
2026-01-21,event_10505,Italy,4,3,2,0
2026-01-21,event_10505,Jordan,4,3,4,0
2026-01-21,event_10505,Romania,4,4,1,0
2026-01-21,event_10511,Netherlands,4,3,1.3333333333333333,0
2026-01-21,event_10512,Haiti,4,2,2,0
2026-01-21,subscription_screen_open,Argentina,4,3,1.3333333333333333,0
2026-01-21,subscription_screen_open,Portugal,4,4,1,0
2026-01-21,subscription_subscribe_click,India,4,3,1.3333333333333333,0
2026-01-21,subscription_subscribe_click,Indonesia,4,3,1.3333333333333333,0
2026-01-21,subscription_purchase_complete,United States,4,4,1,0
2026-01-21,event_1600,French Guiana,4,2,2,0
2026-01-21,event_1600,Morocco,4,2,2,0
2026-01-21,event_1600,Germany,4,4,1,0
2026-01-21,event_1700,Indonesia,4,3,1.3333333333333333,0
2026-01-21,event_1700,Iran,4,4,1,0
2026-01-21,event_1750,Chile,4,2,2,0
2026-01-21,event_1750,Saudi Arabia,4,2,2,0
2026-01-21,event_1750,Algeria,4,3,1.3333333333333333,0
2026-01-21,event_1750,Peru,4,3,1.3333333333333333,0
2026-01-21,event_1750,Colombia,4,4,1,0
2026-01-21,event_2100,Ecuador,4,2,2,0
2026-01-21,event_2100,Romania,4,2,2,0
2026-01-21,event_2100,Tunisia,4,2,2,0
2026-01-21,event_2100,Dominican Republic,4,3,1.3333333333333333,0
2026-01-21,event_2100,Germany,4,3,1.3333333333333333,0
2026-01-21,event_2100,Guatemala,4,3,1.3333333333333333,0
2026-01-21,event_2100,Malaysia,4,3,1.3333333333333333,0
2026-01-21,event_2100,Netherlands,4,3,1.3333333333333333,0
2026-01-21,event_2100,Pakistan,4,3,1.3333333333333333,0
2026-01-21,event_2100,Saudi Arabia,4,3,1.3333333333333333,0
2026-01-21,event_2300,Japan,4,3,1.3333333333333333,0
2026-01-21,event_2300,Portugal,4,3,1.3333333333333333,0
2026-01-21,event_2300,Colombia,4,4,1,0
2026-01-21,event_2300,Netherlands,4,4,1,0
2026-01-21,event_2600,Iran,4,3,1.3333333333333333,0
2026-01-21,event_30000,Iran,4,2,2,0
2026-01-21,event_31009,Egypt,4,3,1.3333333333333333,0
2026-01-21,event_37000,Bangladesh,4,3,1.3333333333333333,0
2026-01-21,event_37000,Egypt,4,3,1.3333333333333333,0
2026-01-21,event_39000,Egypt,4,3,1.3333333333333333,0
2026-01-21,event_6800,Belize,4,1,0,0
2026-01-21,event_6800,French Polynesia,4,1,0,0
2026-01-21,event_6800,Gabon,4,1,0,0
2026-01-21,event_6800,Bermuda,4,1,4,0
2026-01-21,event_6800,Croatia,4,1,4,0
2026-01-21,event_6800,Mauritius,4,1,4,0
2026-01-21,event_6800,Brunei,4,2,0,0
2026-01-21,event_6800,Burkina Faso,4,2,0,0
2026-01-21,event_6800,Marshall Islands,4,2,0,0
2026-01-21,event_6800,Palestine,4,2,0,0
2026-01-21,event_6800,Togo,4,2,4,0
2026-01-21,event_6801,El Salvador,4,2,2,0
2026-01-21,event_6801,Paraguay,4,3,1.3333333333333333,0
2026-01-21,event_8000,France,4,3,1.3333333333333333,0
2026-01-21,event_8000,Algeria,4,4,1,0
2026-01-21,event_8000,Colombia,4,4,1,0
2026-01-21,event_8000,Indonesia,4,4,1,0
2026-01-21,event_8001,France,4,3,1.3333333333333333,0
2026-01-21,event_8001,Algeria,4,4,1,0
2026-01-21,event_9900,Croatia,4,1,4,0
2026-01-21,event_9900,Cuba,4,1,4,0
2026-01-21,event_9900,Côte d’Ivoire,4,1,4,0
2026-01-21,event_9900,Hungary,4,1,4,0
2026-01-21,event_9900,Italy,4,2,2,0
2026-01-21,event_9900,Nigeria,4,2,2,0
2026-01-21,event_9900,United Arab Emirates,4,3,1.3333333333333333,0
2026-01-21,event_1000,Bermuda,3,1,3,0
2026-01-21,event_1000,Congo - Kinshasa,3,1,3,0
2026-01-21,event_1000,Kazakhstan,3,1,3,0
2026-01-21,event_1000,Kuwait,3,1,3,0
2026-01-21,event_1000,Türkiye,3,2,1.5,0
2026-01-21,event_1000,Yemen,3,2,1.5,0
2026-01-21,event_1000,Ireland,3,3,1,0
2026-01-21,event_1000,Panama,3,3,1,0
2026-01-21,event_10000,Mexico,3,3,1,0
2026-01-21,event_10100,Guatemala,3,2,1.5,0
2026-01-21,event_10100,Luxembourg,3,2,1.5,0
2026-01-21,event_10100,Belgium,3,3,1,0
2026-01-21,event_10100,Ireland,3,3,1,0
2026-01-21,event_10100,Trinidad & Tobago,3,3,1,0
2026-01-21,event_10210,India,3,2,1.5,0
2026-01-21,event_10350,Eswatini,3,1,0,0
2026-01-21,event_10350,Gambia,3,1,0,0
2026-01-21,event_10350,Marshall Islands,3,2,0,0
2026-01-21,event_10350,Martinique,3,2,3,0
2026-01-21,event_10350,St. Lucia,3,3,0,0
2026-01-21,event_10351,Congo - Kinshasa,3,1,3,0
2026-01-21,event_10351,Burkina Faso,3,2,0,0
2026-01-21,event_10351,Sweden,3,2,0,0
2026-01-21,event_10352,Somalia,3,2,0,0
2026-01-21,event_10353,Taiwan,3,1,0,0
2026-01-21,event_10353,Moldova,3,1,3,0
2026-01-21,event_10353,Uzbekistan,3,1,3,0
2026-01-21,event_10353,Hong Kong,3,2,1.5,0
2026-01-21,event_10354,Guatemala,3,1,3,0
2026-01-21,event_10354,Tunisia,3,1,3,0
2026-01-21,event_10354,Venezuela,3,1,3,0
2026-01-21,event_10354,Australia,3,2,1.5,0
2026-01-21,event_10354,Japan,3,3,1,0
2026-01-21,event_10354,Netherlands,3,3,1,0
2026-01-21,event_10363,Costa Rica,3,1,3,0
2026-01-21,event_10363,Malta,3,1,3,0
2026-01-21,event_10363,Poland,3,1,3,0
2026-01-21,event_10363,Romania,3,1,3,0
2026-01-21,event_10363,Togo,3,1,3,0
2026-01-21,event_10363,(not set),3,2,1.5,0
2026-01-21,event_10363,El Salvador,3,2,1.5,0
2026-01-21,event_10363,Sudan,3,2,3,0
2026-01-21,event_10505,Hungary,3,1,3,0
2026-01-21,event_10505,Moldova,3,1,3,0
2026-01-21,event_10505,Poland,3,1,3,0
2026-01-21,event_10505,Honduras,3,2,1.5,0
2026-01-21,event_10505,Oman,3,2,1.5,0
2026-01-21,event_10505,Singapore,3,2,3,0
2026-01-21,event_10505,Zimbabwe,3,2,3,0
2026-01-21,event_10511,Australia,3,1,3,0
2026-01-21,event_10511,Hungary,3,1,3,0
2026-01-21,event_10511,Azerbaijan,3,2,1.5,0
2026-01-21,event_10511,Canada,3,2,1.5,0
2026-01-21,event_10850,Argentina,3,2,1.5,0
2026-01-21,event_10850,Ecuador,3,2,1.5,0
2026-01-21,event_10850,Nigeria,3,2,1.5,0
2026-01-21,event_10850,Bangladesh,3,3,1,0
2026-01-21,subscription_screen_open,Kazakhstan,3,1,3,0
2026-01-21,subscription_screen_open,Tunisia,3,1,3,0
2026-01-21,subscription_screen_open,Romania,3,2,1.5,0
2026-01-21,subscription_screen_open,Saudi Arabia,3,2,1.5,0
2026-01-21,subscription_cancel_click,Brazil,3,2,1.5,0
2026-01-21,event_1600,El Salvador,3,1,3,0
2026-01-21,event_1600,Oman,3,1,3,0
2026-01-21,event_1600,Romania,3,1,3,0
2026-01-21,event_1600,Uruguay,3,1,3,0
2026-01-21,event_1600,Guatemala,3,2,1.5,0
2026-01-21,event_1600,Pakistan,3,2,1.5,0
2026-01-21,event_1600,Serbia,3,2,1.5,0
2026-01-21,event_1600,Tunisia,3,2,1.5,0
2026-01-21,event_1600,Venezuela,3,2,1.5,0
2026-01-21,event_1600,Bolivia,3,3,1,0
2026-01-21,event_1600,South Korea,3,3,1,0
2026-01-21,event_1600,Spain,3,3,1,0
2026-01-21,event_1650,Suriname,3,1,3,0
2026-01-21,event_1650,Netherlands,3,2,1.5,0
2026-01-21,event_1650,Canada,3,3,1,0
2026-01-21,event_1650,Cuba,3,3,1,0
2026-01-21,event_1650,Egypt,3,3,1,0
2026-01-21,event_1650,France,3,3,1,0
2026-01-21,event_1650,Indonesia,3,3,1,0
2026-01-21,event_1650,Paraguay,3,3,1,0
2026-01-21,event_1650,Peru,3,3,1,0
2026-01-21,event_1650,South Africa,3,3,1,0
2026-01-21,event_1700,France,3,1,3,0
2026-01-21,event_1700,Egypt,3,2,1.5,0
2026-01-21,event_1700,Puerto Rico,3,2,1.5,0
2026-01-21,event_1750,Morocco,3,1,3,0
2026-01-21,event_1750,Bangladesh,3,3,1,0
2026-01-21,event_2100,Iraq,3,1,3,0
2026-01-21,event_2100,Paraguay,3,2,1.5,0
2026-01-21,event_2100,Thailand,3,2,1.5,0
2026-01-21,event_2100,Bolivia,3,3,1,0
2026-01-21,event_2100,Chile,3,3,1,0
2026-01-21,event_2100,Cuba,3,3,1,0
2026-01-21,event_2100,South Africa,3,3,1,0
2026-01-21,event_2100,Spain,3,3,1,0
2026-01-21,event_2300,Ecuador,3,1,3,0
2026-01-21,event_2300,Romania,3,1,3,0
2026-01-21,event_2300,Algeria,3,3,1,0
2026-01-21,event_2600,Canada,3,2,1.5,0
2026-01-21,event_2600,Argentina,3,3,1,0
2026-01-21,event_2600,United Kingdom,3,3,1,0
2026-01-21,event_26003,Egypt,3,1,3,0
2026-01-21,event_26003,France,3,1,3,0
2026-01-21,event_26003,Canada,3,2,1.5,0
2026-01-21,event_26003,United Kingdom,3,2,1.5,0
2026-01-21,event_29000,France,3,1,3,0
2026-01-21,event_29000,Argentina,3,2,1.5,0
2026-01-21,event_29000,Indonesia,3,3,1,0
2026-01-21,event_29000,United Kingdom,3,3,1,0
2026-01-21,event_30000,Mexico,3,3,1,0
2026-01-21,event_31009,Ecuador,3,1,3,0
2026-01-21,event_31009,El Salvador,3,2,1.5,0
2026-01-21,event_31009,Israel,3,2,1.5,0
2026-01-21,event_31009,Japan,3,2,1.5,0
2026-01-21,event_31009,Jordan,3,2,1.5,0
2026-01-21,event_31009,Netherlands,3,3,1,0
2026-01-21,event_37000,Puerto Rico,3,3,1,0
2026-01-21,event_4418,India,3,1,3,0
2026-01-21,event_6800,Albania,3,1,0,0
2026-01-21,event_6800,Bhutan,3,1,0,0
2026-01-21,event_6800,Grenada,3,1,0,0
2026-01-21,event_6800,Malawi,3,1,0,0
2026-01-21,event_6800,Namibia,3,1,0,0
2026-01-21,event_6800,Uzbekistan,3,1,0,0
2026-01-21,event_6800,Moldova,3,1,3,0
2026-01-21,event_6800,Estonia,3,2,0,0
2026-01-21,event_6800,Cambodia,3,3,3,0
2026-01-21,event_6801,Oman,3,1,3,0
2026-01-21,event_6801,Australia,3,3,1,0
2026-01-21,event_6801,Germany,3,3,1,0
2026-01-21,event_6801,Greece,3,3,1,0
2026-01-21,event_6801,Pakistan,3,3,1,0
2026-01-21,event_6801,Spain,3,3,1,0
2026-01-21,event_8000,Germany,3,3,1,0
2026-01-21,event_8000,Jordan,3,3,1,0
2026-01-21,event_8000,Morocco,3,3,1,0
2026-01-21,event_8001,Colombia,3,3,1,0
2026-01-21,event_8001,Indonesia,3,3,1,0
2026-01-21,event_8001,Jordan,3,3,1,0
2026-01-21,event_8001,Morocco,3,3,1,0
2026-01-21,event_9900,Angola,3,1,3,0
2026-01-21,event_9900,Bangladesh,3,1,3,0
2026-01-21,event_9900,China,3,1,3,0
2026-01-21,event_9900,Pakistan,3,1,3,0
2026-01-21,event_9900,Dominican Republic,3,2,1.5,0
2026-01-21,event_9900,South Africa,3,2,1.5,0
2026-01-21,event_1000,Cayman Islands,2,1,2,0
2026-01-21,event_1000,Uruguay,2,1,2,0
2026-01-21,event_1000,Antigua & Barbuda,2,2,1,0
2026-01-21,event_1000,Azerbaijan,2,2,1,0
2026-01-21,event_1000,Guyana,2,2,1,0
2026-01-21,event_1000,Iraq,2,2,1,0
2026-01-21,event_1000,Malta,2,2,1,0
2026-01-21,event_1000,Myanmar (Burma),2,2,1,0
2026-01-21,event_1000,Norway,2,2,1,0
2026-01-21,event_1000,Singapore,2,2,1,0
2026-01-21,event_1000,Sudan,2,2,1,0
2026-01-21,event_1000,Trinidad & Tobago,2,2,1,0
2026-01-21,event_1000,U.S. Virgin Islands,2,2,1,0
2026-01-21,event_1000,Afghanistan,2,2,2,0
2026-01-21,event_10000,Indonesia,2,1,2,0
2026-01-21,event_10000,Iran,2,2,1,0
2026-01-21,event_10000,Paraguay,2,2,1,0
2026-01-21,event_10000,Portugal,2,2,1,0
2026-01-21,event_10100,Hong Kong,2,1,2,0
2026-01-21,event_10100,Iraq,2,1,2,0
2026-01-21,event_10100,Angola,2,2,1,0
2026-01-21,event_10100,Chile,2,2,1,0
2026-01-21,event_10100,Côte d’Ivoire,2,2,1,0
2026-01-21,event_10100,Japan,2,2,1,0
2026-01-21,event_10100,Morocco,2,2,1,0
2026-01-21,event_10100,Mozambique,2,2,1,0
2026-01-21,event_10100,Vietnam,2,2,1,0
2026-01-21,event_10210,Colombia,2,2,1,0
2026-01-21,event_10350,Andorra,2,1,0,0
2026-01-21,event_10350,Caribbean Netherlands,2,1,0,0
2026-01-21,event_10350,Guinea-Bissau,2,1,0,0
2026-01-21,event_10350,Kiribati,2,1,0,0
2026-01-21,event_10350,Kosovo,2,1,0,0
2026-01-21,event_10350,Malawi,2,1,0,0
2026-01-21,event_10350,Maldives,2,1,0,0
2026-01-21,event_10350,São Tomé & Príncipe,2,1,0,0
2026-01-21,event_10350,Northern Mariana Islands,2,1,2,0
2026-01-21,event_10350,Palestine,2,2,2,0
2026-01-21,event_10351,Andorra,2,1,0,0
2026-01-21,event_10351,Caribbean Netherlands,2,1,0,0
2026-01-21,event_10351,Marshall Islands,2,1,0,0
2026-01-21,event_10351,Papua New Guinea,2,1,0,0
2026-01-21,event_10351,Nicaragua,2,1,2,0
2026-01-21,event_10351,St. Vincent & Grenadines,2,1,2,0
2026-01-21,event_10351,Sierra Leone,2,2,0,0
2026-01-21,event_10351,Iran,2,2,2,0
2026-01-21,event_10352,Eswatini,2,1,0,0
2026-01-21,event_10352,São Tomé & Príncipe,2,1,0,0
2026-01-21,event_10353,Bosnia & Herzegovina,2,1,2,0
2026-01-21,event_10353,Cuba,2,1,2,0
2026-01-21,event_10353,Haiti,2,1,2,0
2026-01-21,event_10353,Cape Verde,2,2,1,0
2026-01-21,event_10353,Côte d’Ivoire,2,2,1,0
2026-01-21,event_10354,Dominican Republic,2,1,2,0
2026-01-21,event_10354,Israel,2,1,2,0
2026-01-21,event_10354,Malaysia,2,1,2,0
2026-01-21,event_10354,Switzerland,2,1,2,0
2026-01-21,event_10354,Togo,2,1,2,0
2026-01-21,event_10354,Ecuador,2,2,1,0
2026-01-21,event_10354,Germany,2,2,1,0
2026-01-21,event_10354,Philippines,2,2,1,0
2026-01-21,event_10354,South Africa,2,2,1,0
2026-01-21,event_10363,Nepal,2,1,2,0
2026-01-21,event_10363,Vietnam,2,1,2,0
2026-01-21,event_10363,Cape Verde,2,2,1,0
2026-01-21,event_10363,Guyana,2,2,1,0
2026-01-21,event_10363,Italy,2,2,1,0
2026-01-21,event_10363,Yemen,2,2,1,0
2026-01-21,event_10505,Antigua & Barbuda,2,1,0,0
2026-01-21,event_10505,Sweden,2,1,0,0
2026-01-21,event_10505,Afghanistan,2,1,2,0
2026-01-21,event_10505,Yemen,2,1,2,0
2026-01-21,event_10505,Cape Verde,2,2,1,0
2026-01-21,event_10505,Panama,2,2,1,0
2026-01-21,event_10505,Uganda,2,2,1,0
2026-01-21,event_10505,Austria,2,2,2,0
2026-01-21,event_10511,Moldova,2,1,2,0
2026-01-21,event_10511,Spain,2,1,2,0
2026-01-21,event_10512,American Samoa,2,1,2,0
2026-01-21,event_10512,Argentina,2,1,2,0
2026-01-21,event_10512,Cuba,2,1,2,0
2026-01-21,event_10512,Slovakia,2,1,2,0
2026-01-21,event_10512,United Arab Emirates,2,1,2,0
2026-01-21,event_10512,Nigeria,2,2,1,0
2026-01-21,event_10800,Canada,2,2,1,0
2026-01-21,event_10850,Syria,2,1,2,0
2026-01-21,event_10850,Indonesia,2,2,1,0
2026-01-21,event_10850,Saudi Arabia,2,2,1,0
2026-01-21,subscription_screen_open,Chile,2,1,2,0
2026-01-21,subscription_screen_open,Costa Rica,2,1,2,0
2026-01-21,subscription_screen_open,Ecuador,2,1,2,0
2026-01-21,subscription_screen_open,Ghana,2,1,2,0
2026-01-21,subscription_screen_open,Jordan,2,1,2,0
2026-01-21,subscription_screen_open,Nigeria,2,1,2,0
2026-01-21,subscription_screen_open,Togo,2,1,2,0
2026-01-21,subscription_screen_open,Paraguay,2,2,1,0
2026-01-21,subscription_subscribe_click,Iran,2,1,2,0
2026-01-21,subscription_subscribe_click,Thailand,2,1,2,0
2026-01-21,subscription_subscribe_click,France,2,2,1,0
2026-01-21,subscription_cancel_click,United States,2,2,1,0
2026-01-21,event_1600,Costa Rica,2,1,2,0
2026-01-21,event_1600,Dominican Republic,2,1,2,0
2026-01-21,event_1600,Mozambique,2,1,2,0
2026-01-21,event_1600,Türkiye,2,1,2,0
2026-01-21,event_1600,Jamaica,2,2,1,0
2026-01-21,event_1600,Norway,2,2,1,0
2026-01-21,event_1600,Panama,2,2,1,0
2026-01-21,event_1600,Switzerland,2,2,1,0
2026-01-21,event_1600,Thailand,2,2,1,0
2026-01-21,event_1600,United Arab Emirates,2,2,1,0
2026-01-21,event_1650,Dominican Republic,2,1,2,0
2026-01-21,event_1650,Australia,2,2,1,0
2026-01-21,event_1650,Colombia,2,2,1,0
2026-01-21,event_1650,Morocco,2,2,1,0
2026-01-21,event_1650,Nigeria,2,2,1,0
2026-01-21,event_1650,Saudi Arabia,2,2,1,0
2026-01-21,event_1650,Spain,2,2,1,0
2026-01-21,event_1650,United Kingdom,2,2,1,0
2026-01-21,event_1650,Venezuela,2,2,1,0
2026-01-21,event_1700,Cuba,2,1,2,0
2026-01-21,event_1700,Oman,2,1,2,0
2026-01-21,event_1700,Peru,2,1,2,0
2026-01-21,event_1700,Portugal,2,2,1,0
2026-01-21,event_1700,Venezuela,2,2,1,0
2026-01-21,event_1750,Greece,2,1,2,0
2026-01-21,event_1750,Pakistan,2,2,1,0
2026-01-21,event_1750,Russia,2,2,1,0
2026-01-21,event_2100,South Korea,2,1,2,0
2026-01-21,event_2100,Türkiye,2,1,2,0
2026-01-21,event_2100,Angola,2,2,1,0
2026-01-21,event_2100,Belgium,2,2,1,0
2026-01-21,event_2100,Japan,2,2,1,0
2026-01-21,event_2100,Jordan,2,2,1,0
2026-01-21,event_2100,Panama,2,2,1,0
2026-01-21,event_2100,Venezuela,2,2,1,0
2026-01-21,event_2300,Venezuela,2,1,2,0
2026-01-21,event_2300,Argentina,2,2,1,0
2026-01-21,event_2300,Australia,2,2,1,0
2026-01-21,event_2300,Ghana,2,2,1,0
2026-01-21,event_2300,Greece,2,2,1,0
2026-01-21,event_2300,Peru,2,2,1,0
2026-01-21,event_2300,Switzerland,2,2,1,0
2026-01-21,event_2600,Ecuador,2,1,2,0
2026-01-21,event_2600,France,2,1,2,0
2026-01-21,event_2600,Saudi Arabia,2,1,2,0
2026-01-21,event_2600,South Korea,2,1,2,0
2026-01-21,event_2600,Bangladesh,2,2,1,0
2026-01-21,event_2600,India,2,2,1,0
2026-01-21,event_2600,Indonesia,2,2,1,0
2026-01-21,event_2600,Puerto Rico,2,2,1,0
2026-01-21,event_26003,Portugal,2,1,2,0
2026-01-21,event_26003,Sudan,2,1,2,0
2026-01-21,event_26003,Puerto Rico,2,2,1,0
2026-01-21,event_29000,Portugal,2,2,1,0
2026-01-21,event_30000,Indonesia,2,1,2,0
2026-01-21,event_30000,Bangladesh,2,2,1,0
2026-01-21,event_31009,Australia,2,1,2,0
2026-01-21,event_31009,Ghana,2,1,2,0
2026-01-21,event_31009,Greece,2,1,2,0
2026-01-21,event_31009,Oman,2,1,2,0
2026-01-21,event_31009,Philippines,2,1,2,0
2026-01-21,event_31009,Romania,2,1,2,0
2026-01-21,event_31009,Saudi Arabia,2,1,2,0
2026-01-21,event_31009,Serbia,2,1,2,0
2026-01-21,event_31009,Tunisia,2,1,2,0
2026-01-21,event_31009,(not set),2,2,1,0
2026-01-21,event_31009,Canada,2,2,1,0
2026-01-21,event_31009,Chile,2,2,1,0
2026-01-21,event_31009,Portugal,2,2,1,0
2026-01-21,event_37000,Spain,2,1,2,0
2026-01-21,event_37000,Colombia,2,2,1,0
2026-01-21,event_37000,Cuba,2,2,1,0
2026-01-21,event_37000,Guatemala,2,2,1,0
2026-01-21,event_37000,Indonesia,2,2,1,0
2026-01-21,event_37000,United Kingdom,2,2,1,0
2026-01-21,event_39000,Mexico,2,1,2,0
2026-01-21,event_39100,Costa Rica,2,1,2,0
2026-01-21,event_39100,Bangladesh,2,2,1,0
2026-01-21,event_39100,Ecuador,2,2,1,0
2026-01-21,event_39100,United Kingdom,2,2,1,0
2026-01-21,event_4418,Nigeria,2,1,2,0
2026-01-21,event_6800,Aruba,2,1,0,0
2026-01-21,event_6800,Denmark,2,1,0,0
2026-01-21,event_6800,Fiji,2,1,0,0
2026-01-21,event_6800,Gambia,2,1,0,0
2026-01-21,event_6800,Iceland,2,1,0,0
2026-01-21,event_6800,Réunion,2,1,0,0
2026-01-21,event_6800,Cyprus,2,1,2,0
2026-01-21,event_6800,Micronesia,2,1,2,0
2026-01-21,event_6800,Niger,2,1,2,0
2026-01-21,event_6800,Turkmenistan,2,2,0,0
2026-01-21,event_6800,Kyrgyzstan,2,2,1,0
2026-01-21,event_6801,Ethiopia,2,1,2,0
2026-01-21,event_6801,Morocco,2,1,2,0
2026-01-21,event_6801,Syria,2,1,2,0
2026-01-21,event_6801,(not set),2,2,1,0
2026-01-21,event_6801,Guatemala,2,2,1,0
2026-01-21,event_6801,Japan,2,2,1,0
2026-01-21,event_6801,Peru,2,2,1,0
2026-01-21,event_8000,Italy,2,2,1,0
2026-01-21,event_8000,Kazakhstan,2,2,1,0
2026-01-21,event_8000,Portugal,2,2,1,0
2026-01-21,event_8000,Saudi Arabia,2,2,1,0
2026-01-21,event_8001,Germany,2,2,1,0
2026-01-21,event_8001,Kazakhstan,2,2,1,0
2026-01-21,event_8001,Portugal,2,2,1,0
2026-01-21,event_8001,Saudi Arabia,2,2,1,0
2026-01-21,event_9900,Bolivia,2,1,2,0
2026-01-21,event_9900,Nepal,2,1,2,0
2026-01-21,event_9900,Panama,2,1,2,0
2026-01-21,event_9900,Singapore,2,1,2,0
2026-01-21,event_9900,Ecuador,2,2,1,0
2026-01-21,event_9900,Greece,2,2,1,0
2026-01-21,open_wifi_alert_settings__screen_viewed,Canada,2,1,2,0
2026-01-21,open_wifi_alert_settings__screen_viewed,France,2,1,2,0
2026-01-21,pix_analyzer_onboarding_start,India,2,1,2,0
2026-01-21,event_1000,American Samoa,1,1,1,0
2026-01-21,event_1000,Barbados,1,1,1,0
2026-01-21,event_1000,Bosnia & Herzegovina,1,1,1,0
2026-01-21,event_1000,Cameroon,1,1,1,0
2026-01-21,event_1000,Cape Verde,1,1,1,0
2026-01-21,event_1000,Côte d’Ivoire,1,1,1,0
2026-01-21,event_1000,Finland,1,1,1,0
2026-01-21,event_1000,Hungary,1,1,1,0
2026-01-21,event_1000,Lithuania,1,1,1,0
2026-01-21,event_1000,New Zealand,1,1,1,0
2026-01-21,event_1000,Nicaragua,1,1,1,0
2026-01-21,event_1000,Northern Mariana Islands,1,1,1,0
2026-01-21,event_1000,Qatar,1,1,1,0
2026-01-21,event_1000,Slovakia,1,1,1,0
2026-01-21,event_1000,Suriname,1,1,1,0
2026-01-21,event_1000,Togo,1,1,1,0
2026-01-21,event_1000,Zambia,1,1,1,0
2026-01-21,event_1000,Zimbabwe,1,1,1,0
2026-01-21,event_10000,Australia,1,1,1,0
2026-01-21,event_10000,Canada,1,1,1,0
2026-01-21,event_10000,Chile,1,1,1,0
2026-01-21,event_10000,Guatemala,1,1,1,0
2026-01-21,event_10000,Honduras,1,1,1,0
2026-01-21,event_10000,Mozambique,1,1,1,0
2026-01-21,event_10000,Myanmar (Burma),1,1,1,0
2026-01-21,event_10000,Netherlands,1,1,1,0
2026-01-21,event_10000,South Africa,1,1,1,0
2026-01-21,event_10000,Vietnam,1,1,1,0
2026-01-21,event_10100,Cape Verde,1,1,1,0
2026-01-21,event_10100,Costa Rica,1,1,1,0
2026-01-21,event_10100,Israel,1,1,1,0
2026-01-21,event_10100,Jamaica,1,1,1,0
2026-01-21,event_10100,Lithuania,1,1,1,0
2026-01-21,event_10100,New Zealand,1,1,1,0
2026-01-21,event_10100,Norway,1,1,1,0
2026-01-21,event_10100,Oman,1,1,1,0
2026-01-21,event_10210,France,1,1,1,0
2026-01-21,event_10210,Puerto Rico,1,1,1,0
2026-01-21,event_10210,Suriname,1,1,1,0
2026-01-21,event_10350,Chad,1,1,0,0
2026-01-21,event_10350,Cyprus,1,1,0,0
2026-01-21,event_10350,Dominica,1,1,0,0
2026-01-21,event_10350,Falkland Islands (Islas Malvinas),1,1,0,0
2026-01-21,event_10350,Fiji,1,1,0,0
2026-01-21,event_10350,French Polynesia,1,1,0,0
2026-01-21,event_10350,Gabon,1,1,0,0
2026-01-21,event_10350,Georgia,1,1,0,0
2026-01-21,event_10350,Iceland,1,1,0,0
2026-01-21,event_10350,Latvia,1,1,0,0
2026-01-21,event_10350,Macao,1,1,0,0
2026-01-21,event_10350,St. Kitts & Nevis,1,1,0,0
2026-01-21,event_10350,Tonga,1,1,0,0
2026-01-21,event_10351,Belize,1,1,0,0
2026-01-21,event_10351,Brunei,1,1,0,0
2026-01-21,event_10351,Cyprus,1,1,0,0
2026-01-21,event_10351,French Polynesia,1,1,0,0
2026-01-21,event_10351,Gambia,1,1,0,0
2026-01-21,event_10351,Grenada,1,1,0,0
2026-01-21,event_10351,Kiribati,1,1,0,0
2026-01-21,event_10351,Malawi,1,1,0,0
2026-01-21,event_10351,St. Kitts & Nevis,1,1,0,0
2026-01-21,event_10351,Suriname,1,1,0,0
2026-01-21,event_10351,Czechia,1,1,1,0
2026-01-21,event_10351,Palestine,1,1,1,0
2026-01-21,event_10352,Albania,1,1,0,0
2026-01-21,event_10352,Bahrain,1,1,0,0
2026-01-21,event_10352,Bosnia & Herzegovina,1,1,0,0
2026-01-21,event_10352,Chad,1,1,0,0
2026-01-21,event_10352,Falkland Islands (Islas Malvinas),1,1,0,0
2026-01-21,event_10352,Fiji,1,1,0,0
2026-01-21,event_10352,Gabon,1,1,0,0
2026-01-21,event_10352,Gambia,1,1,0,0
2026-01-21,event_10352,Georgia,1,1,0,0
2026-01-21,event_10352,Guinea-Bissau,1,1,0,0
2026-01-21,event_10352,Iceland,1,1,0,0
2026-01-21,event_10352,Kiribati,1,1,0,0
2026-01-21,event_10352,Macao,1,1,0,0
2026-01-21,event_10352,Malawi,1,1,0,0
2026-01-21,event_10352,Marshall Islands,1,1,0,0
2026-01-21,event_10352,Palestine,1,1,0,0
2026-01-21,event_10352,St. Lucia,1,1,0,0
2026-01-21,event_10352,Tonga,1,1,0,0
2026-01-21,event_10352,Cyprus,1,1,1,0
2026-01-21,event_10352,Martinique,1,1,1,0
2026-01-21,event_10352,Northern Mariana Islands,1,1,1,0
2026-01-21,event_10353,Austria,1,1,0,0
2026-01-21,event_10353,Sierra Leone,1,1,0,0
2026-01-21,event_10353,Afghanistan,1,1,1,0
2026-01-21,event_10353,China,1,1,1,0
2026-01-21,event_10353,Croatia,1,1,1,0
2026-01-21,event_10353,Iran,1,1,1,0
2026-01-21,event_10354,Angola,1,1,1,0
2026-01-21,event_10354,Cayman Islands,1,1,1,0
2026-01-21,event_10354,Chile,1,1,1,0
2026-01-21,event_10354,Ethiopia,1,1,1,0
2026-01-21,event_10354,Iraq,1,1,1,0
2026-01-21,event_10354,Ireland,1,1,1,0
2026-01-21,event_10354,Italy,1,1,1,0
2026-01-21,event_10354,Jamaica,1,1,1,0
2026-01-21,event_10354,South Korea,1,1,1,0
2026-01-21,event_10354,Sri Lanka,1,1,1,0
2026-01-21,event_10354,Sudan,1,1,1,0
2026-01-21,event_10354,Uganda,1,1,1,0
2026-01-21,event_10354,United Arab Emirates,1,1,1,0
2026-01-21,event_10354,Uruguay,1,1,1,0
2026-01-21,event_10354,Vietnam,1,1,1,0
2026-01-21,event_10363,Azerbaijan,1,1,0,0
2026-01-21,event_10363,Iraq,1,1,0,0
2026-01-21,event_10363,Liberia,1,1,0,0
2026-01-21,event_10363,Sweden,1,1,0,0
2026-01-21,event_10363,China,1,1,1,0
2026-01-21,event_10363,Dominican Republic,1,1,1,0
2026-01-21,event_10363,French Guiana,1,1,1,0
2026-01-21,event_10363,Ghana,1,1,1,0
2026-01-21,event_10363,Hong Kong,1,1,1,0
2026-01-21,event_10363,Jamaica,1,1,1,0
2026-01-21,event_10363,Kazakhstan,1,1,1,0
2026-01-21,event_10363,New Zealand,1,1,1,0
2026-01-21,event_10363,Norway,1,1,1,0
2026-01-21,event_10363,Oman,1,1,1,0
2026-01-21,event_10363,Trinidad & Tobago,1,1,1,0
2026-01-21,event_10363,U.S. Virgin Islands,1,1,1,0
2026-01-21,event_10363,Zambia,1,1,1,0
2026-01-21,event_10364,Algeria,1,1,1,0
2026-01-21,event_10364,Angola,1,1,1,0
2026-01-21,event_10364,Bangladesh,1,1,1,0
2026-01-21,event_10364,Cuba,1,1,1,0
2026-01-21,event_10364,Ethiopia,1,1,1,0
2026-01-21,event_10364,Mexico,1,1,1,0
2026-01-21,event_10364,Peru,1,1,1,0
2026-01-21,event_10364,Syria,1,1,1,0
2026-01-21,event_10364,Thailand,1,1,1,0
2026-01-21,event_10364,Uganda,1,1,1,0
2026-01-21,event_10505,Azerbaijan,1,1,0,0
2026-01-21,event_10505,Burkina Faso,1,1,0,0
2026-01-21,event_10505,Guyana,1,1,0,0
2026-01-21,event_10505,Israel,1,1,0,0
2026-01-21,event_10505,Liberia,1,1,0,0
2026-01-21,event_10505,Nicaragua,1,1,0,0
2026-01-21,event_10505,Sierra Leone,1,1,0,0
2026-01-21,event_10505,Cayman Islands,1,1,1,0
2026-01-21,event_10505,China,1,1,1,0
2026-01-21,event_10505,Congo - Kinshasa,1,1,1,0
2026-01-21,event_10505,Laos,1,1,1,0
2026-01-21,event_10505,Serbia,1,1,1,0
2026-01-21,event_10505,South Korea,1,1,1,0
2026-01-21,event_10505,Trinidad & Tobago,1,1,1,0
2026-01-21,event_10511,Colombia,1,1,0,0
2026-01-21,event_10511,Portugal,1,1,1,0
2026-01-21,event_10512,Afghanistan,1,1,1,0
2026-01-21,event_10512,Indonesia,1,1,1,0
2026-01-21,event_10512,Kuwait,1,1,1,0
2026-01-21,event_10512,Malaysia,1,1,1,0
2026-01-21,event_10512,Moldova,1,1,1,0
2026-01-21,event_10512,New Zealand,1,1,1,0
2026-01-21,event_10512,Peru,1,1,1,0
2026-01-21,event_10512,Saudi Arabia,1,1,1,0
2026-01-21,event_10512,South Africa,1,1,1,0
2026-01-21,event_10512,Venezuela,1,1,1,0
2026-01-21,event_10800,Australia,1,1,1,0
2026-01-21,event_10800,Egypt,1,1,1,0
2026-01-21,event_10800,Iran,1,1,1,0
2026-01-21,event_10800,Mexico,1,1,1,0
2026-01-21,event_10800,Puerto Rico,1,1,1,0
2026-01-21,event_10850,Costa Rica,1,1,1,0
2026-01-21,event_10850,Egypt,1,1,1,0
2026-01-21,event_10850,French Guiana,1,1,1,0
2026-01-21,event_10850,Germany,1,1,1,0
2026-01-21,event_10850,Jordan,1,1,1,0
2026-01-21,event_10850,Malaysia,1,1,1,0
2026-01-21,event_10850,Paraguay,1,1,1,0
2026-01-21,event_10850,Philippines,1,1,1,0
2026-01-21,event_10850,Portugal,1,1,1,0
2026-01-21,event_10850,Suriname,1,1,1,0
2026-01-21,event_10850,Thailand,1,1,1,0
2026-01-21,event_10850,United Kingdom,1,1,1,0
2026-01-21,subscription_screen_open,Angola,1,1,1,0
2026-01-21,subscription_screen_open,Canada,1,1,1,0
2026-01-21,subscription_screen_open,Dominican Republic,1,1,1,0
2026-01-21,subscription_screen_open,French Guiana,1,1,1,0
2026-01-21,subscription_screen_open,Iraq,1,1,1,0
2026-01-21,subscription_screen_open,Oman,1,1,1,0
2026-01-21,subscription_screen_open,Pakistan,1,1,1,0
2026-01-21,subscription_screen_open,Panama,1,1,1,0
2026-01-21,subscription_screen_open,Poland,1,1,1,0
2026-01-21,subscription_screen_open,Serbia,1,1,1,0
2026-01-21,subscription_screen_open,South Korea,1,1,1,0
2026-01-21,subscription_screen_open,Switzerland,1,1,1,0
2026-01-21,subscription_screen_open,Syria,1,1,1,0
2026-01-21,subscription_screen_open,Türkiye,1,1,1,0
2026-01-21,subscription_screen_open,Uruguay,1,1,1,0
2026-01-21,subscription_subscribe_click,Argentina,1,1,1,0
2026-01-21,subscription_subscribe_click,Jordan,1,1,1,0
2026-01-21,subscription_subscribe_click,Morocco,1,1,1,0
2026-01-21,subscription_subscribe_click,Nigeria,1,1,1,0
2026-01-21,subscription_subscribe_click,Saudi Arabia,1,1,1,0
2026-01-21,subscription_subscribe_click,United Kingdom,1,1,1,0
2026-01-21,event_1600,Bermuda,1,1,1,0
2026-01-21,event_1600,Bosnia & Herzegovina,1,1,1,0
2026-01-21,event_1600,Ghana,1,1,1,0
2026-01-21,event_1600,Hong Kong,1,1,1,0
2026-01-21,event_1600,Italy,1,1,1,0
2026-01-21,event_1600,Jordan,1,1,1,0
2026-01-21,event_1600,Laos,1,1,1,0
2026-01-21,event_1600,Lithuania,1,1,1,0
2026-01-21,event_1600,Russia,1,1,1,0
2026-01-21,event_1600,Sri Lanka,1,1,1,0
2026-01-21,event_1600,Sudan,1,1,1,0
2026-01-21,event_1600,Togo,1,1,1,0
2026-01-21,event_1600,U.S. Virgin Islands,1,1,1,0
2026-01-21,event_1650,China,1,1,1,0
2026-01-21,event_1650,Germany,1,1,1,0
2026-01-21,event_1650,Ghana,1,1,1,0
2026-01-21,event_1650,Jordan,1,1,1,0
2026-01-21,event_1650,Malaysia,1,1,1,0
2026-01-21,event_1650,Oman,1,1,1,0
2026-01-21,event_1650,Panama,1,1,1,0
2026-01-21,event_1650,Philippines,1,1,1,0
2026-01-21,event_1650,Poland,1,1,1,0
2026-01-21,event_1650,Romania,1,1,1,0
2026-01-21,event_1650,Sri Lanka,1,1,1,0
2026-01-21,event_1650,Switzerland,1,1,1,0
2026-01-21,event_1650,United Arab Emirates,1,1,1,0
2026-01-21,event_1700,Australia,1,1,1,0
2026-01-21,event_1700,Canada,1,1,1,0
2026-01-21,event_1700,Cape Verde,1,1,1,0
2026-01-21,event_1700,Colombia,1,1,1,0
2026-01-21,event_1700,Guatemala,1,1,1,0
2026-01-21,event_1700,Israel,1,1,1,0
2026-01-21,event_1700,Spain,1,1,1,0
2026-01-21,event_1700,Sweden,1,1,1,0
2026-01-21,event_1700,Thailand,1,1,1,0
2026-01-21,event_1700,Zambia,1,1,1,0
2026-01-21,event_1750,Belgium,1,1,1,0
2026-01-21,event_1750,Bolivia,1,1,1,0
2026-01-21,event_1750,Cuba,1,1,1,0
2026-01-21,event_1750,Dominican Republic,1,1,1,0
2026-01-21,event_1750,El Salvador,1,1,1,0
2026-01-21,event_1750,Germany,1,1,1,0
2026-01-21,event_1750,Guatemala,1,1,1,0
2026-01-21,event_1750,Hong Kong,1,1,1,0
2026-01-21,event_1750,Kuwait,1,1,1,0
2026-01-21,event_1750,Malta,1,1,1,0
2026-01-21,event_1750,Netherlands,1,1,1,0
2026-01-21,event_1750,Nigeria,1,1,1,0
2026-01-21,event_1750,Paraguay,1,1,1,0
2026-01-21,event_1750,Poland,1,1,1,0
2026-01-21,event_1750,Spain,1,1,1,0
2026-01-21,event_1750,Switzerland,1,1,1,0
2026-01-21,event_1750,Türkiye,1,1,1,0
2026-01-21,event_1750,Uganda,1,1,1,0
2026-01-21,event_1750,United Arab Emirates,1,1,1,0
2026-01-21,event_2100,Australia,1,1,1,0
2026-01-21,event_2100,Bermuda,1,1,1,0
2026-01-21,event_2100,China,1,1,1,0
2026-01-21,event_2100,El Salvador,1,1,1,0
2026-01-21,event_2100,Greece,1,1,1,0
2026-01-21,event_2100,Honduras,1,1,1,0
2026-01-21,event_2100,Hong Kong,1,1,1,0
2026-01-21,event_2100,Israel,1,1,1,0
2026-01-21,event_2100,Italy,1,1,1,0
2026-01-21,event_2100,Jamaica,1,1,1,0
2026-01-21,event_2100,Mauritius,1,1,1,0
2026-01-21,event_2100,Oman,1,1,1,0
2026-01-21,event_2100,Qatar,1,1,1,0
2026-01-21,event_2100,Serbia,1,1,1,0
2026-01-21,event_2100,Sudan,1,1,1,0
2026-01-21,event_2100,Suriname,1,1,1,0
2026-01-21,event_2100,Switzerland,1,1,1,0
2026-01-21,event_2100,Togo,1,1,1,0
2026-01-21,event_2100,Trinidad & Tobago,1,1,1,0
2026-01-21,event_2100,United Arab Emirates,1,1,1,0
2026-01-21,event_2100,Uruguay,1,1,1,0
2026-01-21,event_2300,Cayman Islands,1,1,1,0
2026-01-21,event_2300,Costa Rica,1,1,1,0
2026-01-21,event_2300,Dominican Republic,1,1,1,0
2026-01-21,event_2300,French Guiana,1,1,1,0
2026-01-21,event_2300,Germany,1,1,1,0
2026-01-21,event_2300,Jordan,1,1,1,0
2026-01-21,event_2300,Malaysia,1,1,1,0
2026-01-21,event_2300,Mauritius,1,1,1,0
2026-01-21,event_2300,Mozambique,1,1,1,0
2026-01-21,event_2300,Nigeria,1,1,1,0
2026-01-21,event_2300,Pakistan,1,1,1,0
2026-01-21,event_2300,Philippines,1,1,1,0
2026-01-21,event_2300,Saudi Arabia,1,1,1,0
2026-01-21,event_2300,South Africa,1,1,1,0
2026-01-21,event_2300,Sweden,1,1,1,0
2026-01-21,event_2300,Togo,1,1,1,0
2026-01-21,event_2300,Vietnam,1,1,1,0
2026-01-21,event_2600,Guatemala,1,1,1,0
2026-01-21,event_2600,Netherlands,1,1,1,0
2026-01-21,event_2600,Pakistan,1,1,1,0
2026-01-21,event_2600,Peru,1,1,1,0
2026-01-21,event_2600,Portugal,1,1,1,0
2026-01-21,event_2600,Switzerland,1,1,1,0
2026-01-21,event_2600,Vietnam,1,1,1,0
2026-01-21,event_26003,Argentina,1,1,1,0
2026-01-21,event_26003,Ecuador,1,1,1,0
2026-01-21,event_26003,Ghana,1,1,1,0
2026-01-21,event_26003,Indonesia,1,1,1,0
2026-01-21,event_26003,Japan,1,1,1,0
2026-01-21,event_26003,Malaysia,1,1,1,0
2026-01-21,event_26003,Morocco,1,1,1,0
2026-01-21,event_26003,Netherlands,1,1,1,0
2026-01-21,event_26003,Nigeria,1,1,1,0
2026-01-21,event_26003,Peru,1,1,1,0
2026-01-21,event_26003,Thailand,1,1,1,0
2026-01-21,event_29000,Australia,1,1,1,0
2026-01-21,event_29000,Canada,1,1,1,0
2026-01-21,event_29000,Colombia,1,1,1,0
2026-01-21,event_29000,Costa Rica,1,1,1,0
2026-01-21,event_29000,Egypt,1,1,1,0
2026-01-21,event_29000,Israel,1,1,1,0
2026-01-21,event_29000,Malta,1,1,1,0
2026-01-21,event_29000,Peru,1,1,1,0
2026-01-21,event_29000,Philippines,1,1,1,0
2026-01-21,event_29000,Singapore,1,1,1,0
2026-01-21,event_29000,Sudan,1,1,1,0
2026-01-21,event_30000,Australia,1,1,1,0
2026-01-21,event_30000,Canada,1,1,1,0
2026-01-21,event_30000,Chile,1,1,1,0
2026-01-21,event_30000,India,1,1,1,0
2026-01-21,event_30000,Israel,1,1,1,0
2026-01-21,event_30000,Netherlands,1,1,1,0
2026-01-21,event_30000,Paraguay,1,1,1,0
2026-01-21,event_30000,Suriname,1,1,1,0
2026-01-21,event_30000,United Kingdom,1,1,1,0
2026-01-21,event_31009,Antigua & Barbuda,1,1,1,0
2026-01-21,event_31009,Bermuda,1,1,1,0
2026-01-21,event_31009,China,1,1,1,0
2026-01-21,event_31009,Congo - Kinshasa,1,1,1,0
2026-01-21,event_31009,Cuba,1,1,1,0
2026-01-21,event_31009,Ireland,1,1,1,0
2026-01-21,event_31009,Nigeria,1,1,1,0
2026-01-21,event_31009,Norway,1,1,1,0
2026-01-21,event_31009,Pakistan,1,1,1,0
2026-01-21,event_31009,South Korea,1,1,1,0
2026-01-21,event_31009,Spain,1,1,1,0
2026-01-21,event_31009,Sudan,1,1,1,0
2026-01-21,event_31009,Togo,1,1,1,0
2026-01-21,event_37000,Argentina,1,1,1,0
2026-01-21,event_37000,Canada,1,1,1,0
2026-01-21,event_37000,El Salvador,1,1,1,0
2026-01-21,event_37000,Ghana,1,1,1,0
2026-01-21,event_37000,Iran,1,1,1,0
2026-01-21,event_37000,Japan,1,1,1,0
2026-01-21,event_37000,Malaysia,1,1,1,0
2026-01-21,event_39000,Ecuador,1,1,1,0
2026-01-21,event_39000,French Guiana,1,1,1,0
2026-01-21,event_39000,Greece,1,1,1,0
2026-01-21,event_39000,Indonesia,1,1,1,0
2026-01-21,event_39000,Oman,1,1,1,0
2026-01-21,event_39000,United Kingdom,1,1,1,0
2026-01-21,event_39100,Cuba,1,1,1,0
2026-01-21,event_39100,Egypt,1,1,1,0
2026-01-21,event_39100,Ghana,1,1,1,0
2026-01-21,event_39100,Indonesia,1,1,1,0
2026-01-21,event_39100,Puerto Rico,1,1,1,0
2026-01-21,event_4418,Mexico,1,1,1,0
2026-01-21,event_6800,Caribbean Netherlands,1,1,0,0
2026-01-21,event_6800,Chad,1,1,0,0
2026-01-21,event_6800,Cook Islands,1,1,0,0
2026-01-21,event_6800,Macao,1,1,0,0
2026-01-21,event_6800,North Macedonia,1,1,0,0
2026-01-21,event_6800,Rwanda,1,1,0,0
2026-01-21,event_6800,Sint Maarten,1,1,0,0
2026-01-21,event_6800,St. Lucia,1,1,0,0
2026-01-21,event_6800,Djibouti,1,1,1,0
2026-01-21,event_6801,Barbados,1,1,1,0
2026-01-21,event_6801,Belgium,1,1,1,0
2026-01-21,event_6801,Bosnia & Herzegovina,1,1,1,0
2026-01-21,event_6801,Cape Verde,1,1,1,0
2026-01-21,event_6801,Ecuador,1,1,1,0
2026-01-21,event_6801,Ghana,1,1,1,0
2026-01-21,event_6801,Honduras,1,1,1,0
2026-01-21,event_6801,Hong Kong,1,1,1,0
2026-01-21,event_6801,Ireland,1,1,1,0
2026-01-21,event_6801,Jamaica,1,1,1,0
2026-01-21,event_6801,Lithuania,1,1,1,0
2026-01-21,event_6801,Malaysia,1,1,1,0
2026-01-21,event_6801,Mauritius,1,1,1,0
2026-01-21,event_6801,Mozambique,1,1,1,0
2026-01-21,event_6801,Norway,1,1,1,0
2026-01-21,event_6801,Serbia,1,1,1,0
2026-01-21,event_6801,South Africa,1,1,1,0
2026-01-21,event_6801,Sudan,1,1,1,0
2026-01-21,event_6801,Trinidad & Tobago,1,1,1,0
2026-01-21,event_6801,Tunisia,1,1,1,0
2026-01-21,event_6801,Türkiye,1,1,1,0
2026-01-21,event_6801,United Arab Emirates,1,1,1,0
2026-01-21,event_6801,Vietnam,1,1,1,0
2026-01-21,event_6801,Zambia,1,1,1,0
2026-01-21,event_8000,Belgium,1,1,1,0
2026-01-21,event_8000,Canada,1,1,1,0
2026-01-21,event_8000,Costa Rica,1,1,1,0
2026-01-21,event_8000,Dominican Republic,1,1,1,0
2026-01-21,event_8000,Ecuador,1,1,1,0
2026-01-21,event_8000,Guatemala,1,1,1,0
2026-01-21,event_8000,Hungary,1,1,1,0
2026-01-21,event_8000,Iraq,1,1,1,0
2026-01-21,event_8000,Myanmar (Burma),1,1,1,0
2026-01-21,event_8000,Nigeria,1,1,1,0
2026-01-21,event_8000,Oman,1,1,1,0
2026-01-21,event_8000,Pakistan,1,1,1,0
2026-01-21,event_8000,Philippines,1,1,1,0
2026-01-21,event_8000,Poland,1,1,1,0
2026-01-21,event_8000,Romania,1,1,1,0
2026-01-21,event_8000,Russia,1,1,1,0
2026-01-21,event_8000,Serbia,1,1,1,0
2026-01-21,event_8000,Spain,1,1,1,0
2026-01-21,event_8000,Sudan,1,1,1,0
2026-01-21,event_8000,Thailand,1,1,1,0
2026-01-21,event_8000,Tunisia,1,1,1,0
2026-01-21,event_8000,United Kingdom,1,1,1,0
2026-01-21,event_8001,Australia,1,1,1,0
2026-01-21,event_8001,Canada,1,1,1,0
2026-01-21,event_8001,Costa Rica,1,1,1,0
2026-01-21,event_8001,Dominican Republic,1,1,1,0
2026-01-21,event_8001,Ecuador,1,1,1,0
2026-01-21,event_8001,Hungary,1,1,1,0
2026-01-21,event_8001,Iraq,1,1,1,0
2026-01-21,event_8001,Italy,1,1,1,0
2026-01-21,event_8001,Myanmar (Burma),1,1,1,0
2026-01-21,event_8001,Nigeria,1,1,1,0
2026-01-21,event_8001,Oman,1,1,1,0
2026-01-21,event_8001,Pakistan,1,1,1,0
2026-01-21,event_8001,Philippines,1,1,1,0
2026-01-21,event_8001,Poland,1,1,1,0
2026-01-21,event_8001,Puerto Rico,1,1,1,0
2026-01-21,event_8001,Romania,1,1,1,0
2026-01-21,event_8001,Serbia,1,1,1,0
2026-01-21,event_8001,Spain,1,1,1,0
2026-01-21,event_8001,Sudan,1,1,1,0
2026-01-21,event_8001,Thailand,1,1,1,0
2026-01-21,event_8001,Tunisia,1,1,1,0
2026-01-21,event_8001,United Kingdom,1,1,1,0
2026-01-21,event_9900,Australia,1,1,1,0
2026-01-21,event_9900,Cayman Islands,1,1,1,0
2026-01-21,event_9900,Germany,1,1,1,0
2026-01-21,event_9900,Guatemala,1,1,1,0
2026-01-21,event_9900,Kuwait,1,1,1,0
2026-01-21,event_9900,Malaysia,1,1,1,0
2026-01-21,event_9900,Martinique,1,1,1,0
2026-01-21,event_9900,Morocco,1,1,1,0
2026-01-21,event_9900,Philippines,1,1,1,0
2026-01-21,event_9900,Qatar,1,1,1,0
2026-01-21,event_9900,Romania,1,1,1,0
2026-01-21,event_9900,St. Vincent & Grenadines,1,1,1,0
2026-01-21,event_9900,Thailand,1,1,1,0
2026-01-21,event_9900,U.S. Virgin Islands,1,1,1,0
2026-01-21,event_9900,Uruguay,1,1,1,0
2026-01-21,event_9900,Zimbabwe,1,1,1,0
2026-01-21,pix_analyzer_alert_click,Brazil,1,1,1,0
2026-01-21,pix_analyzer_onboarding_activate_click,Egypt,1,1,1,0
2026-01-21,pix_analyzer_onboarding_activate_click,France,1,1,1,0
2026-01-21,pix_analyzer_onboarding_activate_click,India,1,1,1,0
2026-01-21,pix_analyzer_onboarding_start,Egypt,1,1,1,0
2026-01-21,pix_analyzer_onboarding_start,France,1,1,1,0
2026-01-21,pix_analyzer_onboarding_start,Portugal,1,1,1,0
2026-01-22,event_10350,Brazil,5289425,452589,34.214279707885666,0
2026-01-22,event_10351,Brazil,2763919,165597,19.17683586811723,0
2026-01-22,event_10353,Brazil,1769571,98671,18.749229188078107,0
2026-01-22,event_6800,Brazil,1149484,401771,7.637057017951818,0
2026-01-22,event_10350,United States,385890,38022,27.255968357112586,0
2026-01-22,event_10351,United States,315223,32067,25.191640693678576,0
2026-01-22,event_10352,Brazil,297606,52881,6.812076542757737,0
2026-01-22,event_10505,Brazil,202695,39842,7.682496967859309,0
2026-01-22,event_10353,United States,124446,9436,14.60291011499648,0
2026-01-22,event_1000,Brazil,99503,55174,1.8205653645595097,0
2026-01-22,event_6800,United States,93138,36496,6.866052340582381,0
2026-01-22,event_10511,Brazil,71525,2292,37.05958549222798,0
2026-01-22,event_10100,Brazil,52665,30836,1.7592530732228755,0
2026-01-22,event_9900,Brazil,37540,17954,2.107804604154969,0
2026-01-22,event_10505,United States,29896,3856,10.987137081955163,0
2026-01-22,event_10354,Brazil,28328,18307,1.560341503717984,0
2026-01-22,event_10352,United States,23807,7808,11.556796116504854,0
2026-01-22,event_1600,Brazil,22991,16454,1.398139138895646,0
2026-01-22,event_10350,Mexico,20285,1874,25.167493796526056,0
2026-01-22,event_10350,Indonesia,19596,2542,12.55349135169763,0
2026-01-22,event_10363,Brazil,18037,5594,3.378348005244428,0
2026-01-22,event_10350,Iran,15982,1665,20.83702737940026,0
2026-01-22,event_10350,India,15911,1372,22.665242165242166,0
2026-01-22,event_2100,Brazil,14482,11154,1.3,0
2026-01-22,event_10351,Mexico,13914,1380,24.53968253968254,0
2026-01-22,event_10352,Iran,12743,1403,17.698611111111113,0
2026-01-22,event_1000,United States,12651,6085,2.099054255848681,0
2026-01-22,event_10350,Thailand,11342,2230,5.699497487437186,0
2026-01-22,event_2300,Brazil,10988,8885,1.2372480576511653,0
2026-01-22,event_10351,Indonesia,10110,1164,19.367816091954023,0
2026-01-22,event_6801,Brazil,9890,8676,1.1609343819697147,0
2026-01-22,event_10352,India,9181,814,33.26449275362319,0
2026-01-22,event_1750,Brazil,9091,7259,1.2523763603802176,0
2026-01-22,event_1650,Brazil,7741,6851,1.1299080426215151,0
2026-01-22,event_10350,Philippines,6959,547,20.28862973760933,0
2026-01-22,subscription_screen_open,Brazil,6906,5252,1.315178061321653,0
2026-01-22,event_10350,Nigeria,6829,225,56.90833333333333,0
2026-01-22,event_10511,United States,6729,312,25.7816091954023,0
2026-01-22,event_10350,Portugal,6668,674,42.20253164556962,0
2026-01-22,event_9900,United States,6185,2872,2.170937170937171,0
2026-01-22,event_10353,Mexico,6142,388,18.171597633136095,0
2026-01-22,event_10350,Pakistan,5992,359,49.93333333333333,0
2026-01-22,event_10210,Brazil,5162,1563,3.302623160588612,0
2026-01-22,event_10350,Argentina,5052,385,32.38461538461539,0
2026-01-22,event_1600,United States,5052,3343,1.511217469338917,0
2026-01-22,event_10352,Thailand,4787,536,12.08838383838384,0
2026-01-22,event_29000,Brazil,4654,4049,1.1511254019292605,0
2026-01-22,event_31009,Brazil,4597,2783,1.655383507382067,0
2026-01-22,event_1700,Brazil,4447,3337,1.333433283358321,0
2026-01-22,event_10352,Indonesia,4313,808,18.1218487394958,0
2026-01-22,event_10351,India,4202,654,14.006666666666666,0
2026-01-22,event_10352,Nigeria,4191,171,46.56666666666667,0
2026-01-22,event_10352,Mexico,4159,879,11.33242506811989,0
2026-01-22,event_10351,Thailand,4134,567,11.64507042253521,0
2026-01-22,event_6800,Iran,3490,1507,7.301255230125523,0
2026-01-22,event_10350,Egypt,3447,295,40.55294117647059,0
2026-01-22,event_10351,Argentina,3266,311,23.666666666666668,0
2026-01-22,event_10351,Philippines,3183,208,44.83098591549296,0
2026-01-22,event_10350,Saudi Arabia,3051,308,17.044692737430168,0
2026-01-22,event_10352,Pakistan,3025,230,43.84057971014493,0
2026-01-22,event_30000,Brazil,2953,2011,1.4698855151816825,0
2026-01-22,event_10350,United Kingdom,2950,271,31.382978723404257,0
2026-01-22,event_10100,United States,2872,1808,1.6411428571428572,0
2026-01-22,event_10354,United States,2806,1750,1.6117174037909248,0
2026-01-22,event_37000,Brazil,2706,2455,1.1026894865525672,0
2026-01-22,event_10350,Bangladesh,2696,222,36.93150684931507,0
2026-01-22,event_10350,Colombia,2615,185,44.32203389830509,0
2026-01-22,event_10350,Canada,2594,296,26.742268041237114,0
2026-01-22,event_10511,Iran,2527,62,45.945454545454545,0
2026-01-22,event_10350,Puerto Rico,2504,242,26.638297872340427,0
2026-01-22,event_8000,Brazil,2439,2359,1.0481306403094113,0
2026-01-22,event_10351,Portugal,2280,173,17.01492537313433,0
2026-01-22,event_10351,Pakistan,2279,229,41.43636363636364,0
2026-01-22,event_8001,Brazil,2200,2154,1.0218300046446818,0
2026-01-22,event_2600,Brazil,2126,1753,1.2127780946948088,0
2026-01-22,event_10351,Saudi Arabia,2101,144,45.67391304347826,0
2026-01-22,event_10351,Canada,2090,239,25.180722891566266,0
2026-01-22,event_6801,United States,2031,1631,1.2662094763092269,0
2026-01-22,event_10351,Nigeria,2003,122,35.767857142857146,0
2026-01-22,event_10352,Philippines,1999,179,43.45652173913044,0
2026-01-22,event_6800,Mexico,1951,1285,3.925553319919517,0
2026-01-22,event_2300,United States,1938,1469,1.3192648059904697,0
2026-01-22,event_10350,Peru,1884,83,57.09090909090909,0
2026-01-22,event_6800,Indonesia,1873,868,9.092233009708737,0
2026-01-22,event_2100,United States,1871,1364,1.3717008797653958,0
2026-01-22,event_10351,Egypt,1681,193,26.265625,0
2026-01-22,event_10351,Puerto Rico,1623,183,20.2875,0
2026-01-22,event_10350,Malaysia,1564,55,104.26666666666667,0
2026-01-22,event_10000,Brazil,1551,1379,1.1346013167520117,0
2026-01-22,event_10351,Colombia,1535,125,32.659574468085104,0
2026-01-22,event_10350,Paraguay,1517,122,35.27906976744186,0
2026-01-22,event_10353,Argentina,1509,108,15.71875,0
2026-01-22,event_26003,Brazil,1489,1028,1.448443579766537,0
2026-01-22,event_6800,Portugal,1482,542,9.379746835443038,0
2026-01-22,event_10350,France,1473,113,35.926829268292686,0
2026-01-22,event_10350,Algeria,1467,91,58.68,0
2026-01-22,event_10352,Egypt,1455,204,23.095238095238095,0
2026-01-22,event_10353,Portugal,1443,90,16.586206896551722,0
2026-01-22,event_10353,Indonesia,1435,83,17.9375,0
2026-01-22,event_6800,India,1416,631,8.329411764705883,0
2026-01-22,event_10351,Bangladesh,1379,158,26.0188679245283,0
2026-01-22,event_10350,Bolivia,1353,81,58.82608695652174,0
2026-01-22,event_10350,Spain,1331,166,27.729166666666668,0
2026-01-22,event_10350,Cuba,1218,110,15.037037037037036,0
2026-01-22,event_10352,Argentina,1184,213,13.454545454545455,0
2026-01-22,event_10352,Cuba,1126,94,17.060606060606062,0
2026-01-22,event_31009,United States,1124,660,1.7082066869300911,0
2026-01-22,event_10350,Japan,1112,82,38.3448275862069,0
2026-01-22,event_10351,Malaysia,1080,45,77.14285714285714,0
2026-01-22,event_10352,Bolivia,1078,64,46.869565217391305,0
2026-01-22,event_10350,United Arab Emirates,1065,93,42.6,0
2026-01-22,event_10850,Brazil,1040,810,1.2839506172839505,0
2026-01-22,event_10512,Brazil,1038,544,1.9222222222222223,0
2026-01-22,event_39000,Brazil,1013,751,1.3542780748663101,0
2026-01-22,event_10353,Canada,994,57,18.40740740740741,0
2026-01-22,event_10350,Netherlands,969,146,15.885245901639344,0
2026-01-22,event_10350,Chile,964,85,29.21212121212121,0
2026-01-22,event_10352,Bangladesh,929,141,22.658536585365855,0
2026-01-22,event_10353,India,927,106,9.861702127659575,0
2026-01-22,event_10352,Algeria,920,70,41.81818181818182,0
2026-01-22,event_10350,Australia,919,40,65.64285714285714,0
2026-01-22,event_10351,United Kingdom,915,112,12.039473684210526,0
2026-01-22,event_39100,Brazil,910,789,1.1548223350253808,0
2026-01-22,event_10800,Brazil,899,828,1.0857487922705313,0
2026-01-22,event_10350,Vietnam,885,64,147.5,0
2026-01-22,event_10352,Paraguay,880,78,26.666666666666668,0
2026-01-22,event_1750,United States,876,687,1.275109170305677,0
2026-01-22,event_10353,Puerto Rico,871,50,20.25581395348837,0
2026-01-22,event_10352,Colombia,840,123,17.5,0
2026-01-22,event_10353,Colombia,820,37,22.16216216216216,0
2026-01-22,event_10351,France,817,51,27.233333333333334,0
2026-01-22,event_10350,Syria,809,44,57.785714285714285,0
2026-01-22,event_10351,Peru,808,64,27.862068965517242,0
2026-01-22,event_10351,Australia,807,29,73.36363636363636,0
2026-01-22,event_10350,Germany,792,160,14.943396226415095,0
2026-01-22,event_10350,Dominican Republic,782,76,22.34285714285714,0
2026-01-22,event_10351,United Arab Emirates,761,66,50.733333333333334,0
2026-01-22,event_10350,Angola,725,32,45.3125,0
2026-01-22,event_10350,South Africa,725,40,24.166666666666668,0
2026-01-22,event_10350,Venezuela,717,53,37.73684210526316,0
2026-01-22,event_10350,Türkiye,715,32,143,0
2026-01-22,event_10351,Japan,709,62,30.82608695652174,0
2026-01-22,event_10352,Syria,707,40,54.38461538461539,0
2026-01-22,event_10505,Mexico,704,158,7.04,0
2026-01-22,event_1700,United States,691,482,1.433609958506224,0
2026-01-22,event_10350,Italy,689,105,32.80952380952381,0
2026-01-22,event_10350,Myanmar (Burma),680,52,21.93548387096774,0
2026-01-22,event_10363,United States,678,189,3.9190751445086707,0
2026-01-22,event_10350,Guatemala,667,94,15.159090909090908,0
2026-01-22,event_10352,Puerto Rico,663,111,14.733333333333333,0
2026-01-22,event_6800,Canada,660,274,7.674418604651163,0
2026-01-22,subscription_screen_open,United States,651,515,1.2640776699029126,0
2026-01-22,event_10350,El Salvador,649,63,21.633333333333333,0
2026-01-22,event_10350,Jamaica,648,47,34.10526315789474,0
2026-01-22,event_10351,Spain,623,49,15.974358974358974,0
2026-01-22,event_10351,Türkiye,617,27,154.25,0
2026-01-22,event_10350,Ghana,597,30,28.428571428571427,0
2026-01-22,event_10351,Chile,596,63,22.074074074074073,0
2026-01-22,event_10351,South Africa,595,30,27.045454545454547,0
2026-01-22,event_10352,Saudi Arabia,578,90,28.9,0
2026-01-22,event_10352,Angola,575,25,47.916666666666664,0
2026-01-22,event_1650,United States,546,460,1.1869565217391305,0
2026-01-22,event_10350,Morocco,545,43,45.416666666666664,0
2026-01-22,event_29000,United States,535,425,1.2617924528301887,0
2026-01-22,event_10350,Bhutan,534,1,0,0
2026-01-22,event_10350,Honduras,518,60,19.185185185185187,0
2026-01-22,event_6800,Pakistan,515,240,8.879310344827585,0
2026-01-22,event_6800,Egypt,512,204,8.126984126984127,0
2026-01-22,event_10352,Bhutan,507,1,0,0
2026-01-22,event_6800,United Kingdom,503,229,5.781609195402299,0
2026-01-22,event_10350,Nepal,501,47,23.857142857142858,0
2026-01-22,event_10353,Peru,498,22,24.9,0
2026-01-22,event_10351,Paraguay,494,72,14.529411764705882,0
2026-01-22,event_6800,Argentina,493,314,3.763358778625954,0
2026-01-22,event_10353,United Kingdom,492,46,11.181818181818182,0
2026-01-22,event_10511,Cuba,475,11,47.5,0
2026-01-22,event_10511,Slovakia,470,1,470,0
2026-01-22,event_6800,Philippines,466,192,7.516129032258065,0
2026-01-22,event_10351,Dominican Republic,452,52,18.833333333333332,0
2026-01-22,event_10351,Algeria,451,60,19.608695652173914,0
2026-01-22,event_6800,Thailand,445,289,5.779220779220779,0
2026-01-22,event_10352,Venezuela,437,36,31.214285714285715,0
2026-01-22,event_10353,South Africa,433,16,27.0625,0
2026-01-22,event_10350,Ireland,430,42,47.77777777777778,0
2026-01-22,event_1000,Mexico,428,221,1.9366515837104072,0
2026-01-22,event_10352,Myanmar (Burma),422,27,32.46153846153846,0
2026-01-22,event_10350,China,409,28,18.59090909090909,0
2026-01-22,event_10353,Egypt,405,50,9.642857142857142,0
2026-01-22,event_10350,Jordan,404,38,50.5,0
2026-01-22,event_10353,Spain,404,24,17.565217391304348,0
2026-01-22,event_10505,Iran,404,178,3.575221238938053,0
2026-01-22,event_2600,United States,403,298,1.3523489932885906,0
2026-01-22,event_10352,Peru,401,53,20.05,0
2026-01-22,event_10350,Hungary,400,20,40,0
2026-01-22,event_10351,Netherlands,399,46,10.5,0
2026-01-22,event_10363,Iran,397,176,2.5126582278481013,0
2026-01-22,event_10352,Malaysia,396,34,56.57142857142857,0
2026-01-22,event_26003,United States,395,299,1.3210702341137124,0
2026-01-22,event_6800,Bangladesh,383,168,8.326086956521738,0
2026-01-22,subscription_subscribe_click,Brazil,381,250,1.524,0
2026-01-22,event_10352,El Salvador,380,44,17.272727272727273,0
2026-01-22,event_10511,Mexico,379,31,13.535714285714286,0
2026-01-22,event_10350,Iraq,372,27,41.333333333333336,0
2026-01-22,event_10350,Qatar,366,39,28.153846153846153,0
2026-01-22,event_6800,Puerto Rico,360,205,4.615384615384615,0
2026-01-22,event_10350,Laos,355,78,6.120689655172414,0
2026-01-22,event_10352,Honduras,353,42,20.764705882352942,0
2026-01-22,event_10350,Ukraine,349,4,174.5,0
2026-01-22,event_10352,Ghana,344,22,21.5,0
2026-01-22,event_6800,Nigeria,340,145,5.3125,0
2026-01-22,event_10352,France,338,36,17.789473684210527,0
2026-01-22,event_10511,Indonesia,335,21,17.63157894736842,0
2026-01-22,event_10352,Jamaica,328,33,21.866666666666667,0
2026-01-22,event_6800,Germany,322,140,8.256410256410257,0
2026-01-22,event_10351,Morocco,320,29,29.09090909090909,0
2026-01-22,event_10208,Brazil,312,10,31.2,0
2026-01-22,event_10352,Guatemala,311,48,19.4375,0
2026-01-22,event_6800,Saudi Arabia,311,131,10.724137931034482,0
2026-01-22,event_10350,Tanzania,307,26,16.157894736842106,0
2026-01-22,event_10353,Nigeria,307,39,8.771428571428572,0
2026-01-22,event_10350,Kenya,306,14,43.714285714285715,0
2026-01-22,event_10350,Mozambique,300,16,33.333333333333336,0
2026-01-22,event_10351,China,296,21,14.8,0
2026-01-22,event_10505,India,295,60,7.7631578947368425,0
2026-01-22,event_10350,Uruguay,294,46,36.75,0
2026-01-22,event_10351,Qatar,293,33,32.55555555555556,0
2026-01-22,event_10353,Chile,292,16,19.466666666666665,0
2026-01-22,event_10350,Kuwait,290,19,36.25,0
2026-01-22,event_10350,Costa Rica,282,28,25.636363636363637,0
2026-01-22,event_10350,Ecuador,279,49,25.363636363636363,0
2026-01-22,event_10353,Japan,278,19,15.444444444444445,0
2026-01-22,event_10352,Chile,277,52,13.85,0
2026-01-22,event_10352,Canada,273,71,13.65,0
2026-01-22,event_37000,United States,270,220,1.2272727272727273,0
2026-01-22,event_10352,Nepal,267,31,24.272727272727273,0
2026-01-22,event_10350,Zambia,263,3,131.5,0
2026-01-22,event_10351,Jamaica,263,33,16.4375,0
2026-01-22,event_10350,Sudan,260,20,65,0
2026-01-22,event_10351,Kuwait,260,17,32.5,0
2026-01-22,event_10352,Laos,257,52,7.3428571428571425,0
2026-01-22,event_10350,Haiti,256,61,6.7368421052631575,0
2026-01-22,event_10350,Oman,255,33,15.9375,0
2026-01-22,event_10352,Japan,255,34,21.25,0
2026-01-22,event_10353,Philippines,254,37,8.466666666666667,0
2026-01-22,event_10351,Germany,252,50,8.4,0
2026-01-22,event_10352,Ukraine,252,2,252,0
2026-01-22,event_10351,Ghana,251,16,25.1,0
2026-01-22,event_10352,United Kingdom,251,54,10.91304347826087,0
2026-01-22,event_10351,Vietnam,249,44,49.8,0
2026-01-22,event_10350,Ethiopia,244,15,48.8,0
2026-01-22,event_10350,Switzerland,243,31,24.3,0
2026-01-22,event_1000,Iran,241,167,1.4518072289156627,0
2026-01-22,event_6800,Netherlands,240,108,4.285714285714286,0
2026-01-22,event_10352,Zambia,238,3,119,0
2026-01-22,event_10351,Hungary,237,11,29.625,0
2026-01-22,event_10351,Venezuela,237,36,18.23076923076923,0
2026-01-22,event_10351,El Salvador,237,42,11.85,0
2026-01-22,event_10351,Italy,234,25,11.7,0
2026-01-22,event_10352,Dominican Republic,231,44,11.55,0
2026-01-22,event_10350,Afghanistan,230,35,10.952380952380953,0
2026-01-22,event_10351,Costa Rica,229,22,22.9,0
2026-01-22,event_10352,Spain,225,20,18.75,0
2026-01-22,event_6800,Spain,224,115,5.894736842105263,0
2026-01-22,event_10350,South Korea,223,20,44.6,0
2026-01-22,event_10351,Jordan,222,31,31.714285714285715,0
2026-01-22,event_10100,Iran,220,120,1.8803418803418803,0
2026-01-22,event_10363,India,220,40,6.285714285714286,0
2026-01-22,event_10351,Nepal,218,32,16.76923076923077,0
2026-01-22,event_6800,Italy,216,84,9.818181818181818,0
2026-01-22,event_10353,France,215,20,11.31578947368421,0
2026-01-22,event_10353,Netherlands,212,26,8.48,0
2026-01-22,event_6800,Colombia,212,135,4.24,0
2026-01-22,event_6800,France,210,90,7,0
2026-01-22,event_1000,India,208,100,2.122448979591837,0
2026-01-22,event_10352,Mozambique,208,14,23.11111111111111,0
2026-01-22,event_10505,Argentina,208,39,8.32,0
2026-01-22,event_10353,Australia,206,10,25.75,0
2026-01-22,event_10511,Netherlands,205,3,68.33333333333333,0
2026-01-22,event_10350,Cape Verde,204,5,40.8,0
2026-01-22,event_10350,Romania,199,16,19.9,0
2026-01-22,event_10353,Dominican Republic,199,14,14.214285714285714,0
2026-01-22,event_10353,Algeria,199,22,9.95,0
2026-01-22,event_10351,South Korea,196,15,49,0
2026-01-22,event_10352,Ethiopia,196,10,49,0
2026-01-22,event_10350,Tunisia,194,21,27.714285714285715,0
2026-01-22,event_10352,Netherlands,194,43,6.928571428571429,0
2026-01-22,event_10352,Ecuador,191,39,21.22222222222222,0
2026-01-22,event_10353,Paraguay,191,22,8.681818181818182,0
2026-01-22,event_10364,Brazil,190,148,1.2925170068027212,0
2026-01-22,event_10350,(not set),189,45,4.2,0
2026-01-22,event_10350,New Zealand,186,22,18.6,0
2026-01-22,event_10351,Guatemala,186,54,8.857142857142858,0
2026-01-22,event_10351,Bolivia,184,35,10.222222222222221,0
2026-01-22,event_10352,Afghanistan,184,28,10.823529411764707,0
2026-01-22,event_10511,Honduras,184,3,92,0
2026-01-22,event_10350,Belgium,183,20,30.5,0
2026-01-22,event_10351,Iraq,181,16,25.857142857142858,0
2026-01-22,open_wifi_alert_settings__screen_viewed,Brazil,181,91,1.989010989010989,0
2026-01-22,event_10352,Cape Verde,180,5,36,0
2026-01-22,event_10352,Morocco,177,27,22.125,0
2026-01-22,event_10353,Ghana,174,4,43.5,0
2026-01-22,event_10352,Portugal,173,45,6.178571428571429,0
2026-01-22,event_10505,United Kingdom,173,29,7.208333333333333,0
2026-01-22,event_6800,Japan,173,79,6.178571428571429,0
2026-01-22,event_10353,China,170,20,8.5,0
2026-01-22,event_10505,Portugal,168,46,5.6,0
2026-01-22,event_10511,Saudi Arabia,168,8,24,0
2026-01-22,event_6800,Paraguay,168,83,5.090909090909091,0
2026-01-22,event_6800,Algeria,167,69,8.789473684210526,0
2026-01-22,event_10352,Haiti,166,48,6.384615384615385,0
2026-01-22,event_10352,Germany,166,51,6.384615384615385,0
2026-01-22,event_6800,United Arab Emirates,166,76,8.736842105263158,0
2026-01-22,event_10352,Iraq,165,20,18.333333333333332,0
2026-01-22,event_10351,Switzerland,161,9,20.125,0
2026-01-22,event_10350,Panama,157,15,26.166666666666668,0
2026-01-22,event_10350,Israel,154,20,38.5,0
2026-01-22,event_10352,Vietnam,154,42,77,0
2026-01-22,event_10363,Mexico,154,55,3.2083333333333335,0
2026-01-22,event_10850,United States,150,114,1.3157894736842106,0
2026-01-22,event_10350,Serbia,149,5,74.5,0
2026-01-22,event_10353,Kuwait,149,7,24.833333333333332,0
2026-01-22,event_10505,Netherlands,148,20,10.571428571428571,0
2026-01-22,event_10351,Kenya,147,12,29.4,0
2026-01-22,event_10352,Sudan,147,14,49,0
2026-01-22,event_10350,Norway,146,18,20.857142857142858,0
2026-01-22,event_10511,United Arab Emirates,145,2,145,0
2026-01-22,event_10350,Burkina Faso,144,5,0,0
2026-01-22,event_10353,Saudi Arabia,144,28,6,0
2026-01-22,event_10352,United Arab Emirates,143,44,8.9375,0
2026-01-22,event_10351,New Zealand,142,14,15.777777777777779,0
2026-01-22,event_1600,Mexico,141,88,1.6022727272727273,0
2026-01-22,event_10353,Italy,140,6,23.333333333333332,0
2026-01-22,event_10505,Puerto Rico,140,29,7,0
2026-01-22,event_10352,Kenya,139,11,23.166666666666668,0
2026-01-22,event_10353,South Korea,138,3,69,0
2026-01-22,event_10350,Libya,136,10,136,0
2026-01-22,event_10511,India,135,20,7.5,0
2026-01-22,event_10351,Oman,133,25,16.625,0
2026-01-22,event_10353,Switzerland,133,5,26.6,0
2026-01-22,event_10511,Philippines,132,9,18.857142857142858,0
2026-01-22,event_1000,Indonesia,131,94,1.4555555555555555,0
2026-01-22,event_10350,Guyana,131,19,13.1,0
2026-01-22,event_30000,United States,127,98,1.2959183673469388,0
2026-01-22,event_10351,Israel,126,15,31.5,0
2026-01-22,event_10800,United States,126,109,1.1559633027522935,0
2026-01-22,event_10352,Burkina Faso,125,3,0,0
2026-01-22,event_6800,Peru,125,67,5.208333333333333,0
2026-01-22,event_10350,Yemen,124,9,31,0
2026-01-22,event_10350,Trinidad & Tobago,122,10,122,0
2026-01-22,event_10350,Sweden,122,17,17.428571428571427,0
2026-01-22,event_10350,Uganda,122,20,10.166666666666666,0
2026-01-22,event_10352,Guyana,122,17,15.25,0
2026-01-22,event_10353,Costa Rica,122,9,15.25,0
2026-01-22,event_10512,United States,122,70,1.7428571428571429,0
2026-01-22,event_6800,Malaysia,121,49,7.5625,0
2026-01-22,event_6800,Bolivia,121,65,5.761904761904762,0
2026-01-22,event_8000,United States,121,118,1.0521739130434782,0
2026-01-22,event_10351,Tanzania,120,14,10,0
2026-01-22,event_10350,Sri Lanka,118,15,23.6,0
2026-01-22,event_10351,Haiti,118,12,16.857142857142858,0
2026-01-22,event_10350,U.S. Virgin Islands,117,7,39,0
2026-01-22,event_10350,Singapore,117,43,3.9,0
2026-01-22,event_10353,Germany,117,13,9.75,0
2026-01-22,event_10505,Egypt,117,28,7.3125,0
2026-01-22,event_10351,Uruguay,116,26,16.571428571428573,0
2026-01-22,event_6800,Jamaica,116,48,6.444444444444445,0
2026-01-22,event_1000,China,115,20,5.75,0
2026-01-22,event_10000,United States,115,99,1.1616161616161615,0
2026-01-22,event_10353,Jamaica,115,11,10.454545454545455,0
2026-01-22,event_6800,Syria,115,50,8.846153846153847,0
2026-01-22,event_1000,(not set),113,42,2.6904761904761907,0
2026-01-22,event_10352,Tanzania,112,12,12.444444444444445,0
2026-01-22,event_10353,Qatar,112,2,56,0
2026-01-22,event_10353,Bangladesh,110,31,4.230769230769231,0
2026-01-22,event_10351,Panama,109,10,21.8,0
2026-01-22,event_10351,Honduras,109,28,6.411764705882353,0
2026-01-22,event_1000,Argentina,108,52,2.076923076923077,0
2026-01-22,event_10351,Tunisia,108,14,15.428571428571429,0
2026-01-22,event_10354,Mexico,107,58,1.8448275862068966,0
2026-01-22,event_6800,Chile,107,69,3.8214285714285716,0
2026-01-22,event_8001,United States,106,105,1.0095238095238095,0
2026-01-22,event_10210,United States,105,17,6.176470588235294,0
2026-01-22,event_10352,Serbia,105,4,52.5,0
2026-01-22,event_4418,Brazil,105,51,2.0588235294117645,0
2026-01-22,event_10350,French Guiana,104,11,26,0
2026-01-22,event_10351,Angola,103,15,11.444444444444445,0
2026-01-22,event_10352,South Africa,103,21,5.722222222222222,0
2026-01-22,event_10511,Nigeria,103,19,5.722222222222222,0
2026-01-22,event_6800,Guatemala,102,62,5.666666666666667,0
2026-01-22,event_10352,Australia,101,14,14.428571428571429,0
2026-01-22,event_10505,Saudi Arabia,101,15,12.625,0
2026-01-22,event_10505,Colombia,101,16,7.769230769230769,0
2026-01-22,event_10352,Libya,100,8,100,0
2026-01-22,event_10352,Uruguay,100,22,25,0
2026-01-22,event_9900,Mexico,100,51,1.9607843137254901,0
2026-01-22,event_10350,Poland,99,26,11,0
2026-01-22,event_10351,Belgium,99,10,16.5,0
2026-01-22,event_10351,Sudan,99,18,24.75,0
2026-01-22,event_10363,Egypt,99,22,5.2105263157894735,0
2026-01-22,event_10352,Hungary,98,8,24.5,0
2026-01-22,event_10352,Oman,98,17,19.6,0
2026-01-22,event_10350,Slovakia,97,4,48.5,0
2026-01-22,event_10351,Ukraine,97,4,48.5,0
2026-01-22,event_10511,Peru,97,1,97,0
2026-01-22,event_10351,(not set),96,24,4,0
2026-01-22,event_1000,Portugal,95,65,1.484375,0
2026-01-22,event_6800,Ireland,95,37,8.636363636363637,0
2026-01-22,event_6800,Cuba,95,63,3.064516129032258,0
2026-01-22,event_10100,Mexico,94,67,1.4242424242424243,0
2026-01-22,event_6800,Australia,94,36,6.714285714285714,0
2026-01-22,event_10350,Zimbabwe,93,11,10.333333333333334,0
2026-01-22,event_10505,Philippines,93,27,5.166666666666667,0
2026-01-22,event_10505,Indonesia,93,38,3.576923076923077,0
2026-01-22,event_10353,New Zealand,92,6,18.4,0
2026-01-22,event_1000,Egypt,91,41,2.2195121951219514,0
2026-01-22,event_10353,El Salvador,91,11,8.272727272727273,0
2026-01-22,event_10353,Pakistan,91,26,3.9565217391304346,0
2026-01-22,event_6800,Dominican Republic,91,53,4.55,0
2026-01-22,event_10351,Romania,90,9,10,0
2026-01-22,event_10363,Nigeria,90,25,4.285714285714286,0
2026-01-22,event_10352,Zimbabwe,89,9,14.833333333333334,0
2026-01-22,event_39100,United States,89,74,1.2027027027027026,0
2026-01-22,event_10353,Nepal,87,5,17.4,0
2026-01-22,event_10352,Yemen,86,8,21.5,0
2026-01-22,event_10505,Spain,86,13,8.6,0
2026-01-22,event_10350,Mali,84,3,84,0
2026-01-22,event_6800,Nepal,84,38,7,0
2026-01-22,event_6800,South Africa,83,33,3.608695652173913,0
2026-01-22,event_10350,Luxembourg,81,6,27,0
2026-01-22,event_10352,Jordan,81,21,16.2,0
2026-01-22,event_10352,Sri Lanka,80,12,26.666666666666668,0
2026-01-22,event_10511,Haiti,80,4,20,0
2026-01-22,event_10353,Malaysia,79,10,8.777777777777779,0
2026-01-22,event_10511,Qatar,79,1,79,0
2026-01-22,open_wifi_alert__click_on_upgrade,Brazil,79,58,1.3620689655172413,0
2026-01-22,event_10353,Tanzania,78,9,8.666666666666666,0
2026-01-22,event_6800,El Salvador,78,53,3.5454545454545454,0
2026-01-22,open_wifi_alert_paywall__screen_viewed,Brazil,78,58,1.3448275862068966,0
2026-01-22,event_2100,Mexico,77,54,1.4259259259259258,0
2026-01-22,event_10350,Grenada,76,2,0,0
2026-01-22,pix_analyzer_onboarding_start,Brazil,76,58,1.3103448275862069,0
2026-01-22,event_1000,Nigeria,75,40,1.875,0
2026-01-22,event_10511,Puerto Rico,75,1,75,0
2026-01-22,event_10350,American Samoa,74,6,18.5,0
2026-01-22,event_10351,Mozambique,73,7,12.166666666666666,0
2026-01-22,event_10352,Grenada,73,2,0,0
2026-01-22,event_10511,South Africa,73,1,73,0
2026-01-22,event_10350,Antigua & Barbuda,72,12,72,0
2026-01-22,event_10353,Morocco,72,11,6.545454545454546,0
2026-01-22,event_10352,Trinidad & Tobago,71,7,71,0
2026-01-22,event_6800,Türkiye,71,27,11.833333333333334,0
2026-01-22,event_6800,Venezuela,71,44,3.736842105263158,0
2026-01-22,event_10352,Uganda,70,14,7.777777777777778,0
2026-01-22,event_10505,Nigeria,70,25,4.117647058823529,0
2026-01-22,event_6800,Morocco,70,26,7.777777777777778,0
2026-01-22,event_10210,Portugal,69,2,34.5,0
2026-01-22,event_31009,Mexico,69,30,2.3,0
2026-01-22,event_6800,Jordan,69,28,11.5,0
2026-01-22,event_6800,Vietnam,68,31,13.6,0
2026-01-22,event_1000,Canada,67,26,2.68,0
2026-01-22,event_10351,U.S. Virgin Islands,67,7,22.333333333333332,0
2026-01-22,event_10351,Singapore,66,23,4.714285714285714,0
2026-01-22,event_10353,Israel,66,3,33,0
2026-01-22,event_10353,Jordan,66,7,13.2,0
2026-01-22,event_10505,Australia,66,5,33,0
2026-01-22,event_10511,Sri Lanka,66,1,66,0
2026-01-22,event_10511,Ecuador,66,4,22,0
2026-01-22,event_10350,Russia,65,15,9.285714285714286,0
2026-01-22,event_10511,Guyana,65,5,21.666666666666668,0
2026-01-22,event_6800,Haiti,65,30,3.823529411764706,0
2026-01-22,event_10351,Luxembourg,64,2,64,0
2026-01-22,event_10353,Bolivia,64,12,5.333333333333333,0
2026-01-22,event_10350,Suriname,62,3,0,0
2026-01-22,event_10352,Tunisia,62,13,20.666666666666668,0
2026-01-22,event_6800,Qatar,62,27,8.857142857142858,0
2026-01-22,event_10351,French Guiana,61,3,20.333333333333332,0
2026-01-22,event_6800,Honduras,61,42,3.388888888888889,0
2026-01-22,event_1000,Puerto Rico,60,31,2.0689655172413794,0
2026-01-22,event_10350,Taiwan,60,11,15,0
2026-01-22,event_6800,Uruguay,60,31,15,0
2026-01-22,event_10351,Ecuador,59,22,6.555555555555555,0
2026-01-22,event_10363,Syria,59,8,7.375,0
2026-01-22,event_6800,Laos,59,33,5.9,0
2026-01-22,event_10351,Slovakia,58,3,29,0
2026-01-22,event_10353,Belgium,58,3,19.333333333333332,0
2026-01-22,event_10351,Ireland,57,11,8.142857142857142,0
2026-01-22,event_10505,South Africa,57,5,11.4,0
2026-01-22,event_10350,Greece,56,11,11.2,0
2026-01-22,event_10352,Italy,56,12,6.222222222222222,0
2026-01-22,event_10505,Canada,56,19,5.090909090909091,0
2026-01-22,event_10210,Mexico,55,14,3.9285714285714284,0
2026-01-22,event_10350,Cayman Islands,55,2,55,0
2026-01-22,event_10352,Mali,55,2,55,0
2026-01-22,event_10353,Luxembourg,55,1,55,0
2026-01-22,event_1000,Peru,54,15,3.6,0
2026-01-22,event_1000,United Kingdom,54,26,2.076923076923077,0
2026-01-22,event_10350,Hong Kong,54,10,27,0
2026-01-22,event_10363,Ethiopia,54,1,54,0
2026-01-22,event_10363,Peru,54,2,27,0
2026-01-22,event_10505,Algeria,54,12,7.714285714285714,0
2026-01-22,event_6800,South Korea,54,23,7.714285714285714,0
2026-01-22,event_10353,Panama,53,3,17.666666666666668,0
2026-01-22,event_10354,China,53,18,2.9444444444444446,0
2026-01-22,event_10505,Ireland,52,4,26,0
2026-01-22,event_10511,Dominican Republic,52,2,26,0
2026-01-22,event_10351,Cayman Islands,51,1,51,0
2026-01-22,event_10350,Uzbekistan,50,4,25,0
2026-01-22,event_10352,China,50,7,8.333333333333334,0
2026-01-22,event_10511,Congo - Kinshasa,50,3,16.666666666666668,0
2026-01-22,event_1600,India,50,20,2.5,0
2026-01-22,event_6800,Oman,50,23,12.5,0
2026-01-22,event_10350,Nicaragua,49,15,5.444444444444445,0
2026-01-22,event_39000,United States,49,44,1.1395348837209303,0
2026-01-22,event_6800,Poland,49,25,8.166666666666666,0
2026-01-22,event_9900,Portugal,49,26,1.8846153846153846,0
2026-01-22,event_10352,(not set),48,18,2.6666666666666665,0
2026-01-22,event_2100,Iran,48,30,1.6,0
2026-01-22,event_6800,Switzerland,48,21,4.8,0
2026-01-22,event_10352,U.S. Virgin Islands,47,2,47,0
2026-01-22,event_10353,Türkiye,47,3,23.5,0
2026-01-22,event_6800,Ghana,47,17,5.875,0
2026-01-22,event_6800,Angola,47,18,3.6153846153846154,0
2026-01-22,event_10350,Kyrgyzstan,46,3,46,0
2026-01-22,event_10350,Bahamas,46,6,46,0
2026-01-22,event_10351,Uganda,46,7,7.666666666666667,0
2026-01-22,event_6801,Mexico,46,43,1.069767441860465,0
2026-01-22,event_10350,Austria,45,5,45,0
2026-01-22,event_10350,Lebanon,45,7,45,0
2026-01-22,event_10352,Qatar,45,17,9,0
2026-01-22,event_10505,Venezuela,45,10,6.428571428571429,0
2026-01-22,open_wifi_alert_settings__screen_viewed,United States,45,30,1.5,0
2026-01-22,event_10100,India,44,27,1.6923076923076923,0
2026-01-22,event_10363,Puerto Rico,44,7,6.285714285714286,0
2026-01-22,event_10511,New Zealand,44,1,0,0
2026-01-22,event_10352,Türkiye,43,11,21.5,0
2026-01-22,event_6800,Kuwait,43,18,5.375,0
2026-01-22,event_6800,Afghanistan,43,27,4.3,0
2026-01-22,event_10352,Costa Rica,42,13,8.4,0
2026-01-22,event_10353,Cayman Islands,42,1,42,0
2026-01-22,event_10353,Venezuela,42,8,7,0
2026-01-22,event_10511,Mali,42,1,42,0
2026-01-22,event_2100,India,42,23,1.826086956521739,0
2026-01-22,event_6800,Sudan,42,18,10.5,0
2026-01-22,event_6800,Guyana,42,21,3.8181818181818183,0
2026-01-22,event_10350,Azerbaijan,41,13,5.857142857142857,0
2026-01-22,event_10353,Ukraine,41,2,20.5,0
2026-01-22,event_10353,Thailand,41,13,3.727272727272727,0
2026-01-22,event_6800,Belgium,41,17,6.833333333333333,0
2026-01-22,event_6800,Tunisia,41,19,6.833333333333333,0
2026-01-22,event_6800,Ecuador,41,27,3.1538461538461537,0
2026-01-22,event_8000,(not set),41,41,1,0
2026-01-22,event_1000,Algeria,40,14,2.857142857142857,0
2026-01-22,event_10511,Norway,40,1,40,0
2026-01-22,event_6800,Hungary,40,13,6.666666666666667,0
2026-01-22,event_6800,Costa Rica,40,22,4.444444444444445,0
2026-01-22,event_9900,United Kingdom,40,19,2.1052631578947367,0
2026-01-22,event_1000,Chile,39,17,2.2941176470588234,0
2026-01-22,event_1000,Philippines,39,30,1.3,0
2026-01-22,event_10351,Sweden,39,7,9.75,0
2026-01-22,event_10100,Portugal,38,27,1.52,0
2026-01-22,event_10350,Curaçao,38,6,19,0
2026-01-22,event_10351,Antigua & Barbuda,38,8,38,0
2026-01-22,event_10352,Nicaragua,38,12,5.428571428571429,0
2026-01-22,event_10353,Kenya,38,4,12.666666666666666,0
2026-01-22,event_6800,Sri Lanka,38,13,12.666666666666666,0
2026-01-22,event_8001,(not set),38,38,1,0
2026-01-22,event_9900,Canada,38,20,1.9,0
2026-01-22,event_1000,Australia,37,7,6.166666666666667,0
2026-01-22,event_10350,Malta,37,2,37,0
2026-01-22,event_10352,Sweden,37,7,7.4,0
2026-01-22,event_10363,Spain,37,4,12.333333333333334,0
2026-01-22,event_10505,Syria,37,6,6.166666666666667,0
2026-01-22,event_1600,Argentina,37,22,1.6818181818181819,0
2026-01-22,event_6800,Romania,37,16,4.625,0
2026-01-22,event_6800,New Zealand,37,22,5.285714285714286,0
2026-01-22,event_1000,Dominican Republic,36,7,6,0
2026-01-22,event_10350,Congo - Kinshasa,36,7,7.2,0
2026-01-22,event_10351,Norway,36,7,7.2,0
2026-01-22,event_10351,Poland,36,7,12,0
2026-01-22,event_10351,Hong Kong,36,8,36,0
2026-01-22,event_10353,French Guiana,36,2,18,0
2026-01-22,event_10353,Romania,36,6,6,0
2026-01-22,event_10363,Cuba,36,15,2.5714285714285716,0
2026-01-22,event_6800,Iraq,36,18,12,0
2026-01-22,event_1000,Netherlands,35,21,1.6666666666666667,0
2026-01-22,event_1000,Bangladesh,35,23,1.5217391304347827,0
2026-01-22,event_1000,Colombia,35,24,1.4583333333333333,0
2026-01-22,event_10353,Angola,35,8,5,0
2026-01-22,event_10353,(not set),35,21,1.6666666666666667,0
2026-01-22,event_10354,India,35,14,2.5,0
2026-01-22,subscription_screen_open,Mexico,35,28,1.25,0
2026-01-22,subscription_subscribe_click,United States,35,23,1.5217391304347827,0
2026-01-22,event_1650,Mexico,35,32,1.09375,0
2026-01-22,pix_analyzer_onboarding_activate_click,Brazil,35,32,1.09375,0
2026-01-22,event_1000,Japan,34,12,2.8333333333333335,0
2026-01-22,event_1000,Cuba,34,25,1.36,0
2026-01-22,event_10350,Seychelles,34,1,0,0
2026-01-22,event_10350,Croatia,34,4,0,0
2026-01-22,event_10351,Greece,34,6,6.8,0
2026-01-22,event_10505,Qatar,34,2,17,0
2026-01-22,event_10505,Bangladesh,34,16,4.25,0
2026-01-22,event_6800,Myanmar (Burma),34,18,4.25,0
2026-01-22,event_10351,Ethiopia,33,7,11,0
2026-01-22,event_10351,Afghanistan,33,9,6.6,0
2026-01-22,event_10353,Oman,33,3,11,0
2026-01-22,event_10353,United Arab Emirates,33,10,3.3,0
2026-01-22,event_10511,Germany,33,3,33,0
2026-01-22,event_6800,China,33,24,1.8333333333333333,0
2026-01-22,event_10352,Slovakia,32,2,32,0
2026-01-22,event_10352,Panama,32,10,10.666666666666666,0
2026-01-22,event_10505,Peru,32,11,3.5555555555555554,0
2026-01-22,event_6800,Greece,32,11,5.333333333333333,0
2026-01-22,event_6800,Norway,32,14,10.666666666666666,0
2026-01-22,event_10351,Serbia,31,5,15.5,0
2026-01-22,event_10352,Malta,31,1,31,0
2026-01-22,event_10354,Portugal,31,21,1.4761904761904763,0
2026-01-22,event_10505,Sweden,31,4,10.333333333333334,0
2026-01-22,event_10511,Colombia,31,1,31,0
2026-01-22,event_6800,Singapore,31,19,3.875,0
2026-01-22,event_1000,France,30,13,2.3076923076923075,0
2026-01-22,event_1000,Thailand,30,21,1.5,0
2026-01-22,event_10350,Côte d’Ivoire,30,3,30,0
2026-01-22,event_10351,Russia,30,8,7.5,0
2026-01-22,event_10505,Sudan,30,4,15,0
2026-01-22,event_10505,Costa Rica,30,5,7.5,0
2026-01-22,event_10505,Japan,30,9,5,0
2026-01-22,event_6800,Uganda,30,14,3.75,0
2026-01-22,event_6800,Sweden,30,15,4.285714285714286,0
2026-01-22,event_6800,Israel,30,15,6,0
2026-01-22,event_10350,Rwanda,29,2,0,0
2026-01-22,event_10351,Trinidad & Tobago,29,5,29,0
2026-01-22,event_10351,American Samoa,29,6,7.25,0
2026-01-22,event_10363,Ecuador,29,2,14.5,0
2026-01-22,event_10505,France,29,11,3.625,0
2026-01-22,event_2300,India,29,8,3.625,0
2026-01-22,event_6800,Ethiopia,29,10,5.8,0
2026-01-22,event_10351,Lebanon,28,4,28,0
2026-01-22,event_10351,Iran,28,16,2.5454545454545454,0
2026-01-22,event_10352,American Samoa,28,2,14,0
2026-01-22,event_10352,Congo - Kinshasa,28,8,4.666666666666667,0
2026-01-22,event_10353,Slovakia,28,1,28,0
2026-01-22,event_10505,Bolivia,28,7,5.6,0
2026-01-22,event_10505,Cuba,28,17,2.1538461538461537,0
2026-01-22,event_1600,Iran,28,20,1.4,0
2026-01-22,event_31009,India,28,12,2.3333333333333335,0
2026-01-22,event_6800,Trinidad & Tobago,28,10,14,0
2026-01-22,event_6800,Libya,28,11,28,0
2026-01-22,event_6800,Tanzania,28,12,3.111111111111111,0
2026-01-22,event_1000,Spain,27,19,1.4210526315789473,0
2026-01-22,event_10351,Laos,27,14,3.857142857142857,0
2026-01-22,event_2300,Mexico,27,20,1.35,0
2026-01-22,event_2600,Mexico,27,14,1.9285714285714286,0
2026-01-22,event_10100,Egypt,26,15,1.7333333333333334,0
2026-01-22,event_10100,Indonesia,26,20,1.368421052631579,0
2026-01-22,event_10100,Argentina,26,20,1.4444444444444444,0
2026-01-22,event_10350,Finland,26,3,26,0
2026-01-22,event_10350,Bahrain,26,4,26,0
2026-01-22,event_10350,Liberia,26,4,26,0
2026-01-22,event_10352,Kyrgyzstan,26,3,26,0
2026-01-22,event_10352,Uzbekistan,26,4,13,0
2026-01-22,event_10352,Singapore,26,12,3.7142857142857144,0
2026-01-22,event_10353,Mozambique,26,2,13,0
2026-01-22,event_10363,Chile,26,6,6.5,0
2026-01-22,event_10505,Sri Lanka,26,3,13,0
2026-01-22,event_10505,Dominican Republic,26,4,8.666666666666666,0
2026-01-22,event_6800,Mozambique,26,9,3.7142857142857144,0
2026-01-22,event_1000,Laos,25,3,8.333333333333334,0
2026-01-22,event_10100,Canada,25,14,1.7857142857142858,0
2026-01-22,event_10350,Bermuda,25,1,25,0
2026-01-22,event_10350,Cameroon,25,4,25,0
2026-01-22,event_10351,Bermuda,25,1,25,0
2026-01-22,event_10351,Zambia,25,2,12.5,0
2026-01-22,event_10352,Rwanda,25,2,0,0
2026-01-22,event_10352,Taiwan,25,6,12.5,0
2026-01-22,event_10363,Bangladesh,25,7,4.166666666666667,0
2026-01-22,event_10363,Algeria,25,11,2.5,0
2026-01-22,event_10505,Kuwait,25,4,8.333333333333334,0
2026-01-22,event_1750,Mexico,25,19,1.3157894736842106,0
2026-01-22,event_2100,China,25,12,2.0833333333333335,0
2026-01-22,event_10100,Netherlands,24,12,2.1818181818181817,0
2026-01-22,event_10351,Yemen,24,1,24,0
2026-01-22,event_10351,Mali,24,2,24,0
2026-01-22,event_10351,Curaçao,24,5,12,0
2026-01-22,event_10351,Taiwan,24,8,8,0
2026-01-22,event_10352,Antigua & Barbuda,24,8,24,0
2026-01-22,event_10353,Hungary,24,3,8,0
2026-01-22,event_10353,Uganda,24,6,4,0
2026-01-22,event_10505,Pakistan,24,17,2.6666666666666665,0
2026-01-22,event_10511,Syria,24,2,12,0
2026-01-22,event_10511,Egypt,24,3,8,0
2026-01-22,event_1600,Puerto Rico,24,13,1.8461538461538463,0
2026-01-22,event_31009,Iran,24,9,2.6666666666666665,0
2026-01-22,pix_analyzer_onboarding_start,United States,24,20,1.2,0
2026-01-22,event_10350,Niger,23,2,23,0
2026-01-22,event_10351,Bahamas,23,2,23,0
2026-01-22,event_10353,U.S. Virgin Islands,23,3,7.666666666666667,0
2026-01-22,event_10353,Guatemala,23,6,4.6,0
2026-01-22,event_10363,Thailand,23,4,7.666666666666667,0
2026-01-22,event_10511,Poland,23,1,23,0
2026-01-22,event_1600,United Kingdom,23,16,1.4375,0
2026-01-22,event_1600,Indonesia,23,19,1.2105263157894737,0
2026-01-22,event_6800,Panama,23,11,4.6,0
2026-01-22,event_6800,Kenya,23,14,4.6,0
2026-01-22,event_8000,Iran,23,22,1.0454545454545454,0
2026-01-22,event_1000,French Guiana,22,3,7.333333333333333,0
2026-01-22,event_10100,Poland,22,1,22,0
2026-01-22,event_10351,Libya,22,5,0,0
2026-01-22,event_10352,New Zealand,22,5,7.333333333333333,0
2026-01-22,event_10363,Bolivia,22,8,3.142857142857143,0
2026-01-22,event_10505,Paraguay,22,4,7.333333333333333,0
2026-01-22,event_10505,Germany,22,10,3.142857142857143,0
2026-01-22,subscription_screen_open,Egypt,22,10,2.2,0
2026-01-22,subscription_screen_open,India,22,13,1.6923076923076923,0
2026-01-22,event_6800,Hong Kong,22,8,11,0
2026-01-22,event_1000,South Africa,21,10,2.1,0
2026-01-22,event_10350,Cambodia,21,3,0,0
2026-01-22,event_10351,Bhutan,21,1,0,0
2026-01-22,event_10353,Zambia,21,2,10.5,0
2026-01-22,event_10353,Poland,21,3,7,0
2026-01-22,event_10353,Tunisia,21,6,3.5,0
2026-01-22,event_10505,Ecuador,21,6,5.25,0
2026-01-22,event_1600,Japan,21,7,3,0
2026-01-22,event_1600,Portugal,21,18,1.1666666666666667,0
2026-01-22,event_6800,Antigua & Barbuda,21,8,10.5,0
2026-01-22,event_10350,Lithuania,20,2,10,0
2026-01-22,event_10350,St. Vincent & Grenadines,20,2,10,0
2026-01-22,event_10353,Ireland,20,4,5,0
2026-01-22,event_10354,Argentina,20,15,1.3333333333333333,0
2026-01-22,event_10363,Venezuela,20,5,4,0
2026-01-22,event_1600,Canada,20,13,1.5384615384615385,0
2026-01-22,event_10209,Brazil,19,5,3.8,0
2026-01-22,event_10351,Myanmar (Burma),19,14,2.7142857142857144,0
2026-01-22,event_10505,Malta,19,1,19,0
2026-01-22,event_10511,Venezuela,19,3,6.333333333333333,0
2026-01-22,event_2100,Portugal,19,17,1.1176470588235294,0
2026-01-22,event_6800,U.S. Virgin Islands,19,9,4.75,0
2026-01-22,event_6800,Yemen,19,9,6.333333333333333,0
2026-01-22,event_8000,India,19,18,1.0555555555555556,0
2026-01-22,event_8000,China,19,19,1,0
2026-01-22,event_8001,Iran,19,19,1,0
2026-01-22,event_1000,Germany,18,12,1.5,0
2026-01-22,event_10352,Poland,18,6,6,0
2026-01-22,event_10353,Lebanon,18,1,18,0
2026-01-22,event_10353,Greece,18,4,4.5,0
2026-01-22,event_10353,Norway,18,4,4.5,0
2026-01-22,event_10354,Egypt,18,11,1.8,0
2026-01-22,event_10363,Serbia,18,1,18,0
2026-01-22,event_10363,Colombia,18,8,3,0
2026-01-22,event_10363,Indonesia,18,13,1.3846153846153846,0
2026-01-22,event_1600,Algeria,18,7,2.5714285714285716,0
2026-01-22,event_1600,Egypt,18,9,2,0
2026-01-22,event_1750,Iran,18,15,1.2,0
2026-01-22,event_29000,India,18,6,3,0
2026-01-22,event_37000,Mexico,18,17,1.0588235294117647,0
2026-01-22,event_4418,United States,18,11,1.6363636363636365,0
2026-01-22,event_6800,French Guiana,18,7,6,0
2026-01-22,event_6800,Taiwan,18,9,6,0
2026-01-22,event_6800,Russia,18,11,2.25,0
2026-01-22,event_6801,Iran,18,14,1.2857142857142858,0
2026-01-22,event_9900,Spain,18,8,2.25,0
2026-01-22,event_1000,Venezuela,17,7,2.4285714285714284,0
2026-01-22,event_1000,Saudi Arabia,17,9,1.8888888888888888,0
2026-01-22,event_1000,Paraguay,17,14,1.2142857142857142,0
2026-01-22,event_10350,Belize,17,3,0,0
2026-01-22,event_10351,Lithuania,17,1,17,0
2026-01-22,event_10352,Bahamas,17,3,0,0
2026-01-22,event_10352,Cameroon,17,3,17,0
2026-01-22,event_10352,Hong Kong,17,7,8.5,0
2026-01-22,event_10353,Yemen,17,1,17,0
2026-01-22,event_10353,Iraq,17,3,8.5,0
2026-01-22,event_10354,Indonesia,17,12,1.4166666666666667,0
2026-01-22,event_10363,Afghanistan,17,4,4.25,0
2026-01-22,event_10505,Chile,17,6,5.666666666666667,0
2026-01-22,event_2100,Algeria,17,9,1.8888888888888888,0
2026-01-22,event_6800,Côte d’Ivoire,17,5,17,0
2026-01-22,event_6800,Bulgaria,17,6,17,0
2026-01-22,event_6800,(not set),17,16,1.0625,0
2026-01-22,event_8001,India,17,16,1.0625,0
2026-01-22,event_8001,China,17,17,1,0
2026-01-22,event_9900,Argentina,17,10,1.7,0
2026-01-22,event_9900,Puerto Rico,17,13,1.4166666666666667,0
2026-01-22,event_10100,Panama,16,3,5.333333333333333,0
2026-01-22,event_10350,Somalia,16,4,0,0
2026-01-22,event_10350,Sierra Leone,16,5,16,0
2026-01-22,event_10351,Uzbekistan,16,2,8,0
2026-01-22,event_10351,Bahrain,16,3,16,0
2026-01-22,event_10351,Syria,16,7,5.333333333333333,0
2026-01-22,event_10352,Suriname,16,2,0,0
2026-01-22,event_10352,Norway,16,6,5.333333333333333,0
2026-01-22,event_10353,Ecuador,16,5,4,0
2026-01-22,event_10354,Colombia,16,9,1.7777777777777777,0
2026-01-22,event_10363,U.S. Virgin Islands,16,1,16,0
2026-01-22,event_10363,United Kingdom,16,1,16,0
2026-01-22,event_10505,Mozambique,16,3,5.333333333333333,0
2026-01-22,event_10511,Ethiopia,16,1,16,0
2026-01-22,event_1650,Iran,16,7,2.2857142857142856,0
2026-01-22,event_1000,Italy,15,9,1.6666666666666667,0
2026-01-22,event_1000,Malaysia,15,10,1.5,0
2026-01-22,event_1000,Pakistan,15,11,1.3636363636363635,0
2026-01-22,event_10100,Pakistan,15,10,1.5,0
2026-01-22,event_10351,Côte d’Ivoire,15,2,15,0
2026-01-22,event_10351,Sri Lanka,15,5,15,0
2026-01-22,event_10352,Azerbaijan,15,6,3.75,0
2026-01-22,event_10353,Bahamas,15,1,15,0
2026-01-22,event_10353,Honduras,15,6,2.5,0
2026-01-22,event_10511,Malaysia,15,1,15,0
2026-01-22,event_10511,Bangladesh,15,2,7.5,0
2026-01-22,subscription_screen_open,Indonesia,15,9,1.6666666666666667,0
2026-01-22,event_2300,Iran,15,7,2.142857142857143,0
2026-01-22,event_29000,Mexico,15,11,1.3636363636363635,0
2026-01-22,event_6800,Cameroon,15,6,15,0
2026-01-22,event_6801,Portugal,15,14,1.1538461538461537,0
2026-01-22,event_10000,Australia,14,1,14,0
2026-01-22,event_10100,Colombia,14,11,1.2727272727272727,0
2026-01-22,event_10350,Kiribati,14,1,0,0
2026-01-22,event_10350,Czechia,14,2,14,0
2026-01-22,event_10350,Palestine,14,3,14,0
2026-01-22,event_10350,Albania,14,11,1.5555555555555556,0
2026-01-22,event_10352,Côte d’Ivoire,14,3,14,0
2026-01-22,event_10352,Lebanon,14,4,14,0
2026-01-22,event_10353,Bermuda,14,1,14,0
2026-01-22,event_10354,Chile,14,6,2.3333333333333335,0
2026-01-22,event_10363,Angola,14,2,7,0
2026-01-22,event_10363,Philippines,14,7,2.3333333333333335,0
2026-01-22,subscription_screen_open,Canada,14,2,7,0
2026-01-22,event_1600,Peru,14,8,1.75,0
2026-01-22,event_1600,Nigeria,14,10,1.4,0
2026-01-22,event_1700,Mexico,14,12,1.1666666666666667,0
2026-01-22,event_2100,Indonesia,14,11,1.2727272727272727,0
2026-01-22,event_2100,Egypt,14,12,1.1666666666666667,0
2026-01-22,event_6800,Ukraine,14,5,4.666666666666667,0
2026-01-22,event_9900,Lebanon,14,1,14,0
2026-01-22,event_1000,Ecuador,13,8,1.625,0
2026-01-22,event_1000,Bolivia,13,9,1.625,0
2026-01-22,event_10100,Philippines,13,9,1.4444444444444444,0
2026-01-22,event_10351,Palestine,13,2,13,0
2026-01-22,event_10352,Liberia,13,1,13,0
2026-01-22,event_10352,St. Vincent & Grenadines,13,2,6.5,0
2026-01-22,event_10352,Israel,13,10,0,0
2026-01-22,event_10353,Antigua & Barbuda,13,2,13,0
2026-01-22,event_10354,Puerto Rico,13,10,1.3,0
2026-01-22,event_10363,Mozambique,13,2,6.5,0
2026-01-22,event_10363,Netherlands,13,5,2.6,0
2026-01-22,event_10363,Argentina,13,9,1.4444444444444444,0
2026-01-22,event_10505,Tunisia,13,1,13,0
2026-01-22,event_10505,Malaysia,13,4,4.333333333333333,0
2026-01-22,event_10505,Angola,13,5,3.25,0
2026-01-22,event_10511,United Kingdom,13,1,13,0
2026-01-22,event_10512,India,13,6,2.1666666666666665,0
2026-01-22,event_1650,Puerto Rico,13,5,2.6,0
2026-01-22,event_31009,Portugal,13,5,2.6,0
2026-01-22,event_31009,China,13,11,1.1818181818181819,0
2026-01-22,event_6800,Sierra Leone,13,4,13,0
2026-01-22,event_6800,Slovakia,13,5,6.5,0
2026-01-22,event_6800,Lebanon,13,5,13,0
2026-01-22,pix_analyzer_onboarding_activate_click,United States,13,13,1,0
2026-01-22,event_1000,Ethiopia,12,3,4,0
2026-01-22,event_1000,Poland,12,3,4,0
2026-01-22,event_1000,New Zealand,12,4,3,0
2026-01-22,event_1000,Jordan,12,6,2,0
2026-01-22,event_1000,Syria,12,6,2,0
2026-01-22,event_10100,Japan,12,6,2,0
2026-01-22,event_10100,United Arab Emirates,12,7,1.7142857142857142,0
2026-01-22,event_10352,Niger,12,2,12,0
2026-01-22,event_10352,French Guiana,12,4,4,0
2026-01-22,event_10352,Romania,12,5,3,0
2026-01-22,event_10352,Russia,12,5,4,0
2026-01-22,event_10353,Sudan,12,5,4,0
2026-01-22,event_10363,Japan,12,5,3,0
2026-01-22,event_10363,Saudi Arabia,12,5,3,0
2026-01-22,event_10505,U.S. Virgin Islands,12,2,6,0
2026-01-22,event_10505,Iraq,12,2,12,0
2026-01-22,event_10512,Iran,12,9,1.3333333333333333,0
2026-01-22,event_10850,Mexico,12,7,1.7142857142857142,0
2026-01-22,event_1600,Philippines,12,8,1.5,0
2026-01-22,event_2100,Argentina,12,10,1.2,0
2026-01-22,event_6800,American Samoa,12,5,6,0
2026-01-22,event_6800,Senegal,12,5,6,0
2026-01-22,event_6800,Serbia,12,5,6,0
2026-01-22,event_6801,India,12,10,1.2,0
2026-01-22,event_6801,Indonesia,12,11,1.0909090909090908,0
2026-01-22,event_8000,Egypt,12,12,1,0
2026-01-22,event_1000,Jamaica,11,9,1.2222222222222223,0
2026-01-22,event_10100,Syria,11,4,3.6666666666666665,0
2026-01-22,event_10100,Germany,11,7,1.5714285714285714,0
2026-01-22,event_10350,Bulgaria,11,5,11,0
2026-01-22,event_10351,Seychelles,11,1,0,0
2026-01-22,event_10351,Cambodia,11,3,0,0
2026-01-22,event_10351,Albania,11,8,1.5714285714285714,0
2026-01-22,event_10352,Belize,11,2,0,0
2026-01-22,event_10352,Curaçao,11,3,11,0
2026-01-22,event_10353,Hong Kong,11,1,11,0
2026-01-22,event_10363,Malta,11,1,11,0
2026-01-22,event_10511,Bolivia,11,3,3.6666666666666665,0
2026-01-22,subscription_subscribe_click,India,11,4,2.75,0
2026-01-22,subscription_purchase_complete,Brazil,11,11,1,0
2026-01-22,event_1600,Dominican Republic,11,3,3.6666666666666665,0
2026-01-22,event_1600,Colombia,11,7,1.5714285714285714,0
2026-01-22,event_1650,India,11,9,1.2222222222222223,0
2026-01-22,event_2100,Netherlands,11,6,1.8333333333333333,0
2026-01-22,event_2100,Puerto Rico,11,7,1.5714285714285714,0
2026-01-22,event_2100,Nigeria,11,9,1.2222222222222223,0
2026-01-22,event_31009,Egypt,11,6,1.8333333333333333,0
2026-01-22,event_6800,Kazakhstan,11,2,0,0
2026-01-22,event_6800,Martinique,11,4,5.5,0
2026-01-22,event_6800,Cape Verde,11,5,2.2,0
2026-01-22,event_6800,Bahamas,11,6,11,0
2026-01-22,event_6801,Argentina,11,10,1.1,0
2026-01-22,event_9900,South Africa,11,2,5.5,0
2026-01-22,event_9900,Colombia,11,3,3.6666666666666665,0
2026-01-22,event_9900,Indonesia,11,7,1.5714285714285714,0
2026-01-22,event_9900,Netherlands,11,7,1.5714285714285714,0
2026-01-22,event_9900,India,11,9,1.375,0
2026-01-22,open_wifi_alert__click_on_upgrade,United States,11,10,1.1,0
2026-01-22,open_wifi_alert_paywall__screen_viewed,United States,11,10,1.1,0
2026-01-22,event_1000,Ireland,10,4,2.5,0
2026-01-22,event_1000,Honduras,10,6,1.6666666666666667,0
2026-01-22,event_1000,Tunisia,10,7,1.4285714285714286,0
2026-01-22,event_10100,Jordan,10,4,5,0
2026-01-22,event_10100,Bolivia,10,5,2,0
2026-01-22,event_10350,Moldova,10,1,10,0
2026-01-22,event_10350,Senegal,10,4,10,0
2026-01-22,event_10351,Moldova,10,1,10,0
2026-01-22,event_10352,Sierra Leone,10,3,10,0
2026-01-22,event_10353,Iran,10,6,1.6666666666666667,0
2026-01-22,event_10354,Dominican Republic,10,2,5,0
2026-01-22,event_10354,Australia,10,3,5,0
2026-01-22,event_10363,Oman,10,2,5,0
2026-01-22,event_10505,Morocco,10,6,2,0
2026-01-22,event_10512,Mexico,10,3,3.3333333333333335,0
2026-01-22,subscription_screen_open,Jordan,10,2,5,0
2026-01-22,subscription_screen_open,Algeria,10,3,3.3333333333333335,0
2026-01-22,event_1750,Portugal,10,7,1.4285714285714286,0
2026-01-22,event_2100,Canada,10,10,1,0
2026-01-22,event_6800,Curaçao,10,5,5,0
2026-01-22,event_6800,Azerbaijan,10,6,3.3333333333333335,0
2026-01-22,event_6800,Luxembourg,10,7,5,0
2026-01-22,event_6801,Nigeria,10,9,1.1111111111111112,0
2026-01-22,event_8000,Mexico,10,10,1,0
2026-01-22,event_8001,Egypt,10,10,1,0
2026-01-22,event_1000,Morocco,9,4,2.25,0
2026-01-22,event_1000,Türkiye,9,4,2.25,0
2026-01-22,event_10100,Singapore,9,2,4.5,0
2026-01-22,event_10100,Dominican Republic,9,5,1.8,0
2026-01-22,event_10100,Algeria,9,6,1.5,0
2026-01-22,event_10351,Kiribati,9,1,0,0
2026-01-22,event_10352,Switzerland,9,3,4.5,0
2026-01-22,event_10352,Luxembourg,9,5,2.25,0
2026-01-22,event_10352,South Korea,9,6,9,0
2026-01-22,event_10353,Lithuania,9,1,9,0
2026-01-22,event_10353,Afghanistan,9,2,4.5,0
2026-01-22,event_10353,American Samoa,9,2,4.5,0
2026-01-22,event_10353,Russia,9,2,4.5,0
2026-01-22,event_10353,Singapore,9,2,4.5,0
2026-01-22,event_10354,Algeria,9,6,1.5,0
2026-01-22,event_10363,Portugal,9,2,9,0
2026-01-22,event_10363,(not set),9,5,1.8,0
2026-01-22,event_10505,Kenya,9,1,0,0
2026-01-22,event_10505,Uruguay,9,1,0,0
2026-01-22,event_10505,Nepal,9,1,9,0
2026-01-22,event_10505,Uzbekistan,9,2,9,0
2026-01-22,event_10511,Thailand,9,6,2.25,0
2026-01-22,subscription_screen_open,Dominican Republic,9,2,4.5,0
2026-01-22,event_1600,Chile,9,7,1.2857142857142858,0
2026-01-22,event_1600,Netherlands,9,7,1.2857142857142858,0
2026-01-22,event_1650,Indonesia,9,8,1.125,0
2026-01-22,event_1750,India,9,7,1.2857142857142858,0
2026-01-22,event_2100,Germany,9,5,1.8,0
2026-01-22,event_2100,Bolivia,9,6,1.5,0
2026-01-22,pix_analyzer_alert_open,Brazil,9,8,1.2857142857142858,0
2026-01-22,event_1000,Israel,8,2,4,0
2026-01-22,event_1000,El Salvador,8,6,1.3333333333333333,0
2026-01-22,event_10100,Sweden,8,3,2.6666666666666665,0
2026-01-22,event_10100,Bangladesh,8,5,1.6,0
2026-01-22,event_10100,Spain,8,6,1.3333333333333333,0
2026-01-22,event_10100,United Kingdom,8,7,1.1428571428571428,0
2026-01-22,event_10210,Australia,8,1,8,0
2026-01-22,event_10350,Eswatini,8,2,0,0
2026-01-22,event_10350,Martinique,8,3,8,0
2026-01-22,event_10351,Cuba,8,2,4,0
2026-01-22,event_10351,Kyrgyzstan,8,2,8,0
2026-01-22,event_10351,Liberia,8,3,8,0
2026-01-22,event_10352,Seychelles,8,1,0,0
2026-01-22,event_10352,Bahrain,8,2,0,0
2026-01-22,event_10353,Sweden,8,4,2,0
2026-01-22,event_10354,Peru,8,6,1.3333333333333333,0
2026-01-22,event_10354,United Kingdom,8,6,1.3333333333333333,0
2026-01-22,event_10363,Yemen,8,3,2.6666666666666665,0
2026-01-22,event_10363,Paraguay,8,5,1.6,0
2026-01-22,event_10505,Ethiopia,8,1,8,0
2026-01-22,event_10505,Jamaica,8,4,2.6666666666666665,0
2026-01-22,event_10511,Nepal,8,1,8,0
2026-01-22,event_10511,Canada,8,3,2.6666666666666665,0
2026-01-22,event_10511,France,8,3,2.6666666666666665,0
2026-01-22,subscription_screen_open,France,8,2,4,0
2026-01-22,subscription_screen_open,Puerto Rico,8,5,1.6,0
2026-01-22,event_1650,Portugal,8,8,1,0
2026-01-22,event_1750,Egypt,8,6,1.3333333333333333,0
2026-01-22,event_1750,Indonesia,8,6,1.3333333333333333,0
2026-01-22,event_2100,Colombia,8,6,1.3333333333333333,0
2026-01-22,event_2100,France,8,6,1.3333333333333333,0
2026-01-22,event_26003,India,8,3,2.6666666666666665,0
2026-01-22,event_26003,Egypt,8,4,2,0
2026-01-22,event_31009,Dominican Republic,8,2,4,0
2026-01-22,event_31009,Colombia,8,3,2.6666666666666665,0
2026-01-22,event_31009,Argentina,8,5,1.6,0
2026-01-22,event_31009,Indonesia,8,5,1.6,0
2026-01-22,event_39000,Mexico,8,2,4,0
2026-01-22,event_6800,South Sudan,8,2,0,0
2026-01-22,event_6800,Cyprus,8,2,8,0
2026-01-22,event_6800,Palestine,8,3,8,0
2026-01-22,event_6800,Zimbabwe,8,4,2.6666666666666665,0
2026-01-22,event_6800,Liberia,8,4,4,0
2026-01-22,event_6801,Canada,8,7,1.1428571428571428,0
2026-01-22,event_6801,Puerto Rico,8,7,1.1428571428571428,0
2026-01-22,event_1000,Costa Rica,7,4,1.75,0
2026-01-22,event_1000,Iraq,7,4,1.75,0
2026-01-22,event_1000,Mozambique,7,4,1.75,0
2026-01-22,event_1000,Angola,7,5,1.4,0
2026-01-22,event_1000,Switzerland,7,5,1.4,0
2026-01-22,event_10210,Paraguay,7,2,3.5,0
2026-01-22,event_10350,Kazakhstan,7,2,0,0
2026-01-22,event_10350,St. Lucia,7,2,0,0
2026-01-22,event_10351,St. Vincent & Grenadines,7,2,3.5,0
2026-01-22,event_10352,Greece,7,2,3.5,0
2026-01-22,event_10352,Senegal,7,3,7,0
2026-01-22,event_10354,Japan,7,4,1.75,0
2026-01-22,event_10354,Saudi Arabia,7,5,1.4,0
2026-01-22,event_10354,Canada,7,6,1.1666666666666667,0
2026-01-22,event_10354,Spain,7,6,1.1666666666666667,0
2026-01-22,event_10354,Philippines,7,6,1.4,0
2026-01-22,event_10363,Pakistan,7,5,1.4,0
2026-01-22,event_10364,Iran,7,6,1.1666666666666667,0
2026-01-22,event_10505,Honduras,7,2,3.5,0
2026-01-22,event_10505,Romania,7,3,3.5,0
2026-01-22,event_10511,Sudan,7,1,7,0
2026-01-22,subscription_screen_open,Argentina,7,5,1.4,0
2026-01-22,subscription_screen_open,Portugal,7,6,1.1666666666666667,0
2026-01-22,event_1750,Netherlands,7,3,2.3333333333333335,0
2026-01-22,event_1750,Canada,7,4,1.75,0
2026-01-22,event_1750,Argentina,7,7,1,0
2026-01-22,event_2100,Japan,7,3,2.3333333333333335,0
2026-01-22,event_2100,Thailand,7,4,1.75,0
2026-01-22,event_2300,Japan,7,4,1.75,0
2026-01-22,event_2300,Egypt,7,5,1.4,0
2026-01-22,event_26003,Mexico,7,6,1.1666666666666667,0
2026-01-22,event_29000,Iran,7,7,1,0
2026-01-22,event_31009,Bangladesh,7,2,3.5,0
2026-01-22,event_6800,French Polynesia,7,2,0,0
2026-01-22,event_6800,Bahrain,7,3,0,0
2026-01-22,event_6800,Cambodia,7,3,0,0
2026-01-22,event_6800,Grenada,7,3,0,0
2026-01-22,event_6800,Austria,7,3,3.5,0
2026-01-22,event_6800,Cayman Islands,7,4,7,0
2026-01-22,event_8000,Algeria,7,6,1.1666666666666667,0
2026-01-22,event_8000,Bangladesh,7,6,1.1666666666666667,0
2026-01-22,event_8001,Mexico,7,7,1,0
2026-01-22,event_9900,Hungary,7,2,3.5,0
2026-01-22,event_9900,Egypt,7,5,1.4,0
2026-01-22,event_1000,Bermuda,6,1,6,0
2026-01-22,event_1000,Yemen,6,2,3,0
2026-01-22,event_1000,Ghana,6,5,1.2,0
2026-01-22,event_10100,Cuba,6,3,2,0
2026-01-22,event_10100,France,6,4,1.5,0
2026-01-22,event_10100,South Africa,6,5,1.2,0
2026-01-22,event_10100,Puerto Rico,6,6,1,0
2026-01-22,event_10350,Cyprus,6,1,0,0
2026-01-22,event_10350,Togo,6,1,6,0
2026-01-22,event_10350,Brunei,6,2,0,0
2026-01-22,event_10350,South Sudan,6,3,0,0
2026-01-22,event_10351,Cameroon,6,3,6,0
2026-01-22,event_10352,Belgium,6,5,3,0
2026-01-22,event_10352,Kuwait,6,5,6,0
2026-01-22,event_10353,Vietnam,6,3,3,0
2026-01-22,event_10353,Uruguay,6,4,2,0
2026-01-22,event_10363,Sudan,6,1,6,0
2026-01-22,event_10363,Zambia,6,1,6,0
2026-01-22,event_10363,Jordan,6,2,3,0
2026-01-22,event_10363,South Africa,6,2,3,0
2026-01-22,event_10363,Italy,6,3,2,0
2026-01-22,event_10363,France,6,4,1.5,0
2026-01-22,event_10364,Syria,6,1,6,0
2026-01-22,event_10505,Moldova,6,1,6,0
2026-01-22,event_10505,Serbia,6,1,6,0
2026-01-22,event_10505,Haiti,6,3,2,0
2026-01-22,event_10505,Guatemala,6,4,1.5,0
2026-01-22,subscription_screen_open,Colombia,6,3,2,0
2026-01-22,subscription_screen_open,United Kingdom,6,4,1.5,0
2026-01-22,subscription_subscribe_click,Iran,6,4,1.5,0
2026-01-22,event_1600,Türkiye,6,3,2,0
2026-01-22,event_1600,Bangladesh,6,5,1.2,0
2026-01-22,event_1600,Malaysia,6,6,1,0
2026-01-22,event_1750,Chile,6,2,3,0
2026-01-22,event_1750,Philippines,6,5,1.2,0
2026-01-22,event_2100,Dominican Republic,6,2,3,0
2026-01-22,event_2100,Bangladesh,6,5,1.2,0
2026-01-22,event_2100,Chile,6,5,1.2,0
2026-01-22,event_2300,Netherlands,6,4,1.5,0
2026-01-22,event_31009,Peru,6,3,2,0
2026-01-22,event_39100,Mexico,6,3,2,0
2026-01-22,event_6800,Somalia,6,2,0,0
2026-01-22,event_6800,St. Vincent & Grenadines,6,2,3,0
2026-01-22,event_6800,Suriname,6,3,0,0
2026-01-22,event_6800,Kyrgyzstan,6,4,6,0
2026-01-22,event_6801,Philippines,6,4,1.5,0
2026-01-22,event_6801,Bangladesh,6,5,1.2,0
2026-01-22,event_6801,United Kingdom,6,5,1.2,0
2026-01-22,event_6801,Chile,6,6,1,0
2026-01-22,event_8001,Algeria,6,5,1.2,0
2026-01-22,event_9900,Guatemala,6,1,6,0
2026-01-22,event_9900,France,6,2,3,0
2026-01-22,event_9900,Italy,6,4,1.5,0
2026-01-22,event_1000,Myanmar (Burma),5,2,2.5,0
2026-01-22,event_1000,Norway,5,3,1.6666666666666667,0
2026-01-22,event_1000,Uganda,5,3,1.6666666666666667,0
2026-01-22,event_1000,Oman,5,4,1.25,0
2026-01-22,event_10100,Thailand,5,1,5,0
2026-01-22,event_10100,Honduras,5,2,2.5,0
2026-01-22,event_10100,Paraguay,5,3,1.6666666666666667,0
2026-01-22,event_10100,Italy,5,5,1.25,0
2026-01-22,event_10210,India,5,1,5,0
2026-01-22,event_10350,Micronesia,5,1,0,0
2026-01-22,event_10350,St. Kitts & Nevis,5,2,0,0
2026-01-22,event_10350,Guinea-Bissau,5,3,0,0
2026-01-22,event_10351,Cyprus,5,1,0,0
2026-01-22,event_10351,Niger,5,1,5,0
2026-01-22,event_10351,Togo,5,1,5,0
2026-01-22,event_10351,Somalia,5,2,0,0
2026-01-22,event_10351,St. Kitts & Nevis,5,2,0,0
2026-01-22,event_10351,Azerbaijan,5,3,0,0
2026-01-22,event_10351,Guyana,5,4,2.5,0
2026-01-22,event_10351,Sierra Leone,5,4,2.5,0
2026-01-22,event_10352,Eswatini,5,2,0,0
2026-01-22,event_10352,Ireland,5,2,5,0
2026-01-22,event_10353,Trinidad & Tobago,5,1,5,0
2026-01-22,event_10353,Cuba,5,2,2.5,0
2026-01-22,event_10353,Taiwan,5,2,2.5,0
2026-01-22,event_10354,France,5,3,1.6666666666666667,0
2026-01-22,event_10363,China,5,2,2.5,0
2026-01-22,event_10363,St. Vincent & Grenadines,5,2,2.5,0
2026-01-22,event_10363,Australia,5,2,5,0
2026-01-22,event_10363,Honduras,5,3,1.6666666666666667,0
2026-01-22,event_10363,Canada,5,4,1.6666666666666667,0
2026-01-22,event_10505,Afghanistan,5,2,2.5,0
2026-01-22,event_10505,Belgium,5,2,5,0
2026-01-22,event_10505,Norway,5,4,5,0
2026-01-22,event_10511,Argentina,5,1,0,0
2026-01-22,event_10511,Moldova,5,1,5,0
2026-01-22,event_10511,Afghanistan,5,2,2.5,0
2026-01-22,event_10512,Ethiopia,5,1,5,0
2026-01-22,event_10512,Nigeria,5,4,1.25,0
2026-01-22,event_10800,Mexico,5,5,1,0
2026-01-22,event_10850,Argentina,5,2,2.5,0
2026-01-22,event_10850,Iran,5,5,1,0
2026-01-22,subscription_screen_open,Lebanon,5,1,5,0
2026-01-22,subscription_screen_open,Iran,5,2,2.5,0
2026-01-22,subscription_screen_open,Tunisia,5,3,1.6666666666666667,0
2026-01-22,subscription_subscribe_click,Dominican Republic,5,1,5,0
2026-01-22,subscription_subscribe_click,Algeria,5,2,2.5,0
2026-01-22,subscription_subscribe_click,Egypt,5,5,1,0
2026-01-22,event_1600,Ecuador,5,1,5,0
2026-01-22,event_1600,Israel,5,2,2.5,0
2026-01-22,event_1600,Germany,5,3,1.6666666666666667,0
2026-01-22,event_1600,Australia,5,3,2.5,0
2026-01-22,event_1600,Bolivia,5,4,1.25,0
2026-01-22,event_1600,Paraguay,5,4,1.25,0
2026-01-22,event_1600,Spain,5,4,1.25,0
2026-01-22,event_1600,France,5,5,1,0
2026-01-22,event_1650,Chile,5,4,1.25,0
2026-01-22,event_1650,Argentina,5,5,1,0
2026-01-22,event_1650,Egypt,5,5,1,0
2026-01-22,event_1750,Poland,5,1,5,0
2026-01-22,event_1750,New Zealand,5,2,2.5,0
2026-01-22,event_1750,Japan,5,4,1.25,0
2026-01-22,event_2100,United Kingdom,5,3,1.6666666666666667,0
2026-01-22,event_2100,Malaysia,5,4,1.25,0
2026-01-22,event_2100,Spain,5,5,1,0
2026-01-22,event_2300,Puerto Rico,5,4,1.25,0
2026-01-22,event_2300,United Kingdom,5,4,1.25,0
2026-01-22,event_2300,Indonesia,5,5,1,0
2026-01-22,event_2300,Portugal,5,5,1,0
2026-01-22,event_26003,Iran,5,2,2.5,0
2026-01-22,event_26003,United Kingdom,5,4,1.25,0
2026-01-22,event_31009,Spain,5,1,5,0
2026-01-22,event_31009,Israel,5,2,2.5,0
2026-01-22,event_31009,Nigeria,5,3,1.6666666666666667,0
2026-01-22,event_31009,Puerto Rico,5,4,1.25,0
2026-01-22,event_6800,Gabon,5,1,0,0
2026-01-22,event_6800,Congo - Kinshasa,5,3,5,0
2026-01-22,event_6800,Nicaragua,5,5,2.5,0
2026-01-22,event_8000,Tunisia,5,5,1,0
2026-01-22,event_8001,Tunisia,5,5,1,0
2026-01-22,event_9900,Ecuador,5,2,2.5,0
2026-01-22,event_9900,Ireland,5,2,2.5,0
2026-01-22,event_1000,Hong Kong,4,1,4,0
2026-01-22,event_1000,South Korea,4,1,4,0
2026-01-22,event_1000,Serbia,4,2,2,0
2026-01-22,event_1000,Belgium,4,3,1.3333333333333333,0
2026-01-22,event_1000,Romania,4,3,1.3333333333333333,0
2026-01-22,event_1000,Russia,4,3,1.3333333333333333,0
2026-01-22,event_1000,Sweden,4,3,1.3333333333333333,0
2026-01-22,event_1000,Congo - Kinshasa,4,4,1,0
2026-01-22,event_1000,United Arab Emirates,4,4,1,0
2026-01-22,event_10000,Mexico,4,4,1,0
2026-01-22,event_10100,Luxembourg,4,1,4,0
2026-01-22,event_10100,Tunisia,4,1,4,0
2026-01-22,event_10100,Australia,4,2,2,0
2026-01-22,event_10100,Chile,4,4,1,0
2026-01-22,event_10350,Papua New Guinea,4,1,4,0
2026-01-22,event_10350,Bosnia & Herzegovina,4,2,0,0
2026-01-22,event_10351,Martinique,4,2,2,0
2026-01-22,event_10351,Austria,4,2,4,0
2026-01-22,event_10352,Czechia,4,1,4,0
2026-01-22,event_10352,Papua New Guinea,4,1,4,0
2026-01-22,event_10352,Guinea-Bissau,4,2,0,0
2026-01-22,event_10352,Kazakhstan,4,2,0,0
2026-01-22,event_10352,Cayman Islands,4,2,4,0
2026-01-22,event_10353,Moldova,4,1,4,0
2026-01-22,event_10353,Uzbekistan,4,2,2,0
2026-01-22,event_10354,Morocco,4,3,1.3333333333333333,0
2026-01-22,event_10354,New Zealand,4,3,1.3333333333333333,0
2026-01-22,event_10354,Tunisia,4,3,1.3333333333333333,0
2026-01-22,event_10354,Bolivia,4,4,1,0
2026-01-22,event_10363,Laos,4,1,4,0
2026-01-22,event_10363,Sweden,4,2,2,0
2026-01-22,event_10363,United Arab Emirates,4,3,1.3333333333333333,0
2026-01-22,event_10364,United States,4,4,1,0
2026-01-22,event_10505,Zambia,4,1,4,0
2026-01-22,event_10505,Ghana,4,2,2,0
2026-01-22,event_10505,Uganda,4,2,4,0
2026-01-22,event_10505,Türkiye,4,3,0,0
2026-01-22,event_10505,El Salvador,4,3,2,0
2026-01-22,event_10505,United Arab Emirates,4,3,2,0
2026-01-22,event_10850,Bangladesh,4,2,2,0
2026-01-22,event_10850,Netherlands,4,3,1.3333333333333333,0
2026-01-22,event_10850,India,4,4,1,0
2026-01-22,subscription_screen_open,Bangladesh,4,2,2,0
2026-01-22,subscription_screen_open,Nigeria,4,3,1.3333333333333333,0
2026-01-22,subscription_subscribe_click,Lebanon,4,1,4,0
2026-01-22,subscription_subscribe_click,Bangladesh,4,2,2,0
2026-01-22,event_1600,Saudi Arabia,4,3,1.3333333333333333,0
2026-01-22,event_1600,Sweden,4,3,1.3333333333333333,0
2026-01-22,event_1600,Cuba,4,4,1,0
2026-01-22,event_1600,South Africa,4,4,1,0
2026-01-22,event_1600,Tunisia,4,4,1,0
2026-01-22,event_1650,Algeria,4,2,2,0
2026-01-22,event_1650,Poland,4,2,2,0
2026-01-22,event_1650,Nigeria,4,4,1,0
2026-01-22,event_1700,Iran,4,3,1.3333333333333333,0
2026-01-22,event_1700,Portugal,4,4,1,0
2026-01-22,event_1700,United Kingdom,4,4,1,0
2026-01-22,event_1750,Puerto Rico,4,3,1.3333333333333333,0
2026-01-22,event_1750,Uganda,4,3,1.3333333333333333,0
2026-01-22,event_2100,Poland,4,1,4,0
2026-01-22,event_2100,Jamaica,4,3,1.3333333333333333,0
2026-01-22,event_2100,Morocco,4,3,1.3333333333333333,0
2026-01-22,event_2100,Saudi Arabia,4,4,1,0
2026-01-22,event_2300,Poland,4,1,4,0
2026-01-22,event_2300,Canada,4,4,1,0
2026-01-22,event_2600,Iran,4,3,1.3333333333333333,0
2026-01-22,event_2600,Portugal,4,4,1,0
2026-01-22,event_26003,Canada,4,1,4,0
2026-01-22,event_30000,Iran,4,2,2,0
2026-01-22,event_31009,Jamaica,4,2,2,0
2026-01-22,event_37000,Australia,4,1,4,0
2026-01-22,event_37000,India,4,2,2,0
2026-01-22,event_39100,Iran,4,2,2,0
2026-01-22,event_39100,Ecuador,4,3,1.3333333333333333,0
2026-01-22,event_4418,Egypt,4,1,4,0
2026-01-22,event_4418,Iran,4,1,4,0
2026-01-22,event_6800,Namibia,4,1,0,0
2026-01-22,event_6800,Barbados,4,2,0,0
2026-01-22,event_6800,Bosnia & Herzegovina,4,2,0,0
2026-01-22,event_6800,Gambia,4,2,0,0
2026-01-22,event_6800,Estonia,4,2,4,0
2026-01-22,event_6800,Lithuania,4,2,4,0
2026-01-22,event_6800,Sint Maarten,4,2,4,0
2026-01-22,event_6800,Zambia,4,2,4,0
2026-01-22,event_6800,Finland,4,3,4,0
2026-01-22,event_6800,Uzbekistan,4,3,4,0
2026-01-22,event_6801,French Guiana,4,2,2,0
2026-01-22,event_6801,France,4,3,1.3333333333333333,0
2026-01-22,event_6801,Peru,4,3,1.3333333333333333,0
2026-01-22,event_6801,Netherlands,4,4,1,0
2026-01-22,event_6801,Pakistan,4,4,1,0
2026-01-22,event_8000,Morocco,4,3,1.3333333333333333,0
2026-01-22,event_8001,Bangladesh,4,4,1,0
2026-01-22,event_9900,Haiti,4,1,4,0
2026-01-22,event_9900,Romania,4,2,2,0
2026-01-22,event_9900,Switzerland,4,2,2,0
2026-01-22,event_9900,Saudi Arabia,4,3,1.3333333333333333,0
2026-01-22,event_1000,Bahamas,3,1,3,0
2026-01-22,event_1000,American Samoa,3,2,1.5,0
2026-01-22,event_1000,Kenya,3,2,1.5,0
2026-01-22,event_1000,Guatemala,3,3,1,0
2026-01-22,event_1000,Haiti,3,3,1,0
2026-01-22,event_1000,Sudan,3,3,1,0
2026-01-22,event_1000,U.S. Virgin Islands,3,3,1,0
2026-01-22,event_1000,Uruguay,3,3,1,0
2026-01-22,event_10000,France,3,1,3,0
2026-01-22,event_10000,India,3,3,1,0
2026-01-22,event_10100,Costa Rica,3,1,3,0
2026-01-22,event_10100,Kuwait,3,2,1.5,0
2026-01-22,event_10100,Nigeria,3,2,1.5,0
2026-01-22,event_10100,Romania,3,2,1.5,0
2026-01-22,event_10100,Uganda,3,2,1.5,0
2026-01-22,event_10100,Saudi Arabia,3,3,1,0
2026-01-22,event_10100,El Salvador,3,3,1.5,0
2026-01-22,event_10350,Belarus,3,1,0,0
2026-01-22,event_10350,Djibouti,3,1,3,0
2026-01-22,event_10350,Mauritius,3,2,0,0
2026-01-22,event_10350,Namibia,3,2,0,0
2026-01-22,event_10350,Guam,3,2,3,0
2026-01-22,event_10351,Belize,3,1,0,0
2026-01-22,event_10351,Grenada,3,1,0,0
2026-01-22,event_10351,Micronesia,3,1,0,0
2026-01-22,event_10351,Congo - Kinshasa,3,1,3,0
2026-01-22,event_10351,Brunei,3,2,0,0
2026-01-22,event_10351,South Sudan,3,2,0,0
2026-01-22,event_10351,Suriname,3,2,0,0
2026-01-22,event_10351,Cape Verde,3,2,1.5,0
2026-01-22,event_10352,Bosnia & Herzegovina,3,1,0,0
2026-01-22,event_10352,Brunei,3,1,0,0
2026-01-22,event_10352,Kiribati,3,1,0,0
2026-01-22,event_10352,Djibouti,3,1,3,0
2026-01-22,event_10352,Somalia,3,2,0,0
2026-01-22,event_10352,South Sudan,3,2,0,0
2026-01-22,event_10352,Lithuania,3,2,1.5,0
2026-01-22,event_10353,Serbia,3,1,3,0
2026-01-22,event_10353,Sri Lanka,3,1,3,0
2026-01-22,event_10354,Italy,3,1,3,0
2026-01-22,event_10354,Bangladesh,3,2,1.5,0
2026-01-22,event_10354,Nigeria,3,2,1.5,0
2026-01-22,event_10354,Netherlands,3,3,1,0
2026-01-22,event_10354,South Africa,3,3,1,0
2026-01-22,event_10363,Uzbekistan,3,1,0,0
2026-01-22,event_10363,Hungary,3,1,3,0
2026-01-22,event_10363,Tunisia,3,1,3,0
2026-01-22,event_10363,Ukraine,3,1,3,0
2026-01-22,event_10363,Iraq,3,2,1.5,0
2026-01-22,event_10363,Myanmar (Burma),3,2,3,0
2026-01-22,event_10363,Guyana,3,3,3,0
2026-01-22,event_10505,Greece,3,1,3,0
2026-01-22,event_10505,Niger,3,1,3,0
2026-01-22,event_10505,Switzerland,3,1,3,0
2026-01-22,event_10505,Thailand,3,2,0,0
2026-01-22,event_10505,New Zealand,3,2,3,0
2026-01-22,event_10511,Pakistan,3,1,0,0
2026-01-22,event_10511,American Samoa,3,1,3,0
2026-01-22,event_10512,Dominican Republic,3,1,3,0
2026-01-22,event_10512,Haiti,3,1,3,0
2026-01-22,event_10512,Egypt,3,3,1,0
2026-01-22,event_10850,France,3,2,1.5,0
2026-01-22,event_10850,Egypt,3,3,1,0
2026-01-22,subscription_screen_open,French Guiana,3,1,3,0
2026-01-22,subscription_screen_open,Yemen,3,1,3,0
2026-01-22,subscription_screen_open,Angola,3,2,1.5,0
2026-01-22,subscription_screen_open,Netherlands,3,3,1,0
2026-01-22,subscription_subscribe_click,Mexico,3,2,1.5,0
2026-01-22,subscription_cancel_click,United States,3,2,1.5,0
2026-01-22,event_1600,French Guiana,3,1,3,0
2026-01-22,event_1600,South Korea,3,1,3,0
2026-01-22,event_1600,Poland,3,2,1.5,0
2026-01-22,event_1600,Thailand,3,2,1.5,0
2026-01-22,event_1600,China,3,3,1,0
2026-01-22,event_1600,Ghana,3,3,1,0
2026-01-22,event_1600,Pakistan,3,3,1,0
2026-01-22,event_1650,Dominican Republic,3,2,1.5,0
2026-01-22,event_1650,Colombia,3,3,1,0
2026-01-22,event_1650,Netherlands,3,3,1,0
2026-01-22,event_1650,Philippines,3,3,1,0
2026-01-22,event_1700,Spain,3,1,3,0
2026-01-22,event_1700,Chile,3,2,1.5,0
2026-01-22,event_1700,Peru,3,2,1.5,0
2026-01-22,event_1700,Sweden,3,2,1.5,0
2026-01-22,event_1750,Thailand,3,1,3,0
2026-01-22,event_1750,Cuba,3,2,1.5,0
2026-01-22,event_1750,South Africa,3,3,1,0
2026-01-22,event_2100,El Salvador,3,1,3,0
2026-01-22,event_2100,Lebanon,3,1,3,0
2026-01-22,event_2100,Yemen,3,1,3,0
2026-01-22,event_2100,Paraguay,3,2,1.5,0
2026-01-22,event_2100,Peru,3,3,1,0
2026-01-22,event_2100,South Africa,3,3,1,0
2026-01-22,event_2300,Australia,3,2,1.5,0
2026-01-22,event_2300,Jamaica,3,2,1.5,0
2026-01-22,event_2300,Jordan,3,2,1.5,0
2026-01-22,event_2300,Argentina,3,3,1,0
2026-01-22,event_2300,Bolivia,3,3,1,0
2026-01-22,event_2300,Germany,3,3,1,0
2026-01-22,event_2300,Peru,3,3,1,0
2026-01-22,event_2300,Philippines,3,3,1,0
2026-01-22,event_2300,Venezuela,3,3,1,0
2026-01-22,event_2600,Canada,3,2,1.5,0
2026-01-22,event_2600,Colombia,3,3,1,0
2026-01-22,event_29000,Argentina,3,3,1,0
2026-01-22,event_29000,Colombia,3,3,1,0
2026-01-22,event_29000,Indonesia,3,3,1,0
2026-01-22,event_29000,Portugal,3,3,1,0
2026-01-22,event_30000,China,3,1,3,0
2026-01-22,event_31009,Philippines,3,2,1.5,0
2026-01-22,event_31009,Serbia,3,2,1.5,0
2026-01-22,event_31009,Chile,3,3,1,0
2026-01-22,event_37000,Poland,3,1,3,0
2026-01-22,event_37000,Iran,3,2,1.5,0
2026-01-22,event_37000,Portugal,3,3,1,0
2026-01-22,event_39000,Egypt,3,2,1.5,0
2026-01-22,event_39100,Canada,3,1,3,0
2026-01-22,event_39100,Colombia,3,1,3,0
2026-01-22,event_39100,Egypt,3,1,3,0
2026-01-22,event_39100,Portugal,3,2,1.5,0
2026-01-22,event_6800,Albania,3,1,0,0
2026-01-22,event_6800,Aruba,3,1,0,0
2026-01-22,event_6800,Bhutan,3,1,0,0
2026-01-22,event_6800,Brunei,3,1,0,0
2026-01-22,event_6800,Croatia,3,1,0,0
2026-01-22,event_6800,Denmark,3,1,0,0
2026-01-22,event_6800,Georgia,3,1,0,0
2026-01-22,event_6800,Guinea-Bissau,3,1,0,0
2026-01-22,event_6800,Malawi,3,1,0,0
2026-01-22,event_6800,Mauritius,3,1,0,0
2026-01-22,event_6800,Bermuda,3,1,3,0
2026-01-22,event_6800,Niger,3,1,3,0
2026-01-22,event_6800,Burkina Faso,3,2,0,0
2026-01-22,event_6800,St. Kitts & Nevis,3,2,0,0
2026-01-22,event_6800,Malta,3,2,3,0
2026-01-22,event_6801,Egypt,3,3,1,0
2026-01-22,event_8000,France,3,2,1.5,0
2026-01-22,event_8000,Japan,3,2,1.5,0
2026-01-22,event_8000,Indonesia,3,3,1,0
2026-01-22,event_8000,Saudi Arabia,3,3,1,0
2026-01-22,event_8000,Canada,3,3,1.5,0
2026-01-22,event_8001,Morocco,3,3,1,0
2026-01-22,event_9900,Belgium,3,1,3,0
2026-01-22,event_9900,Chile,3,2,1.5,0
2026-01-22,event_9900,Greece,3,2,1.5,0
2026-01-22,event_9900,Japan,3,2,1.5,0
2026-01-22,event_9900,Peru,3,2,1.5,0
2026-01-22,event_9900,United Arab Emirates,3,2,1.5,0
2026-01-22,event_9900,Germany,3,3,1,0
2026-01-22,event_9900,Philippines,3,3,1,0
2026-01-22,open_wifi_alert_settings__screen_viewed,Canada,3,1,3,0
2026-01-22,pix_analyzer_onboarding_start,Algeria,3,1,3,0
2026-01-22,event_1000,Greece,2,1,2,0
2026-01-22,event_1000,Lebanon,2,1,2,0
2026-01-22,event_1000,Lithuania,2,1,2,0
2026-01-22,event_1000,Slovakia,2,1,2,0
2026-01-22,event_1000,Afghanistan,2,2,1,0
2026-01-22,event_1000,Hungary,2,2,1,0
2026-01-22,event_1000,Qatar,2,2,1,0
2026-01-22,event_1000,Sri Lanka,2,2,1,0
2026-01-22,event_1000,St. Vincent & Grenadines,2,2,1,0
2026-01-22,event_1000,Vietnam,2,2,1,0
2026-01-22,event_10000,Chile,2,2,1,0
2026-01-22,event_10000,United Kingdom,2,2,1,0
2026-01-22,event_10100,Belgium,2,1,2,0
2026-01-22,event_10100,French Guiana,2,1,2,0
2026-01-22,event_10100,Greece,2,1,2,0
2026-01-22,event_10100,Iraq,2,1,2,0
2026-01-22,event_10100,Myanmar (Burma),2,1,2,0
2026-01-22,event_10100,Angola,2,2,1,0
2026-01-22,event_10100,Ecuador,2,2,1,0
2026-01-22,event_10100,Guyana,2,2,1,0
2026-01-22,event_10100,Venezuela,2,2,1,0
2026-01-22,event_10210,Bolivia,2,1,2,0
2026-01-22,event_10210,Ghana,2,1,2,0
2026-01-22,event_10210,Puerto Rico,2,1,2,0
2026-01-22,event_10350,Andorra,2,1,0,0
2026-01-22,event_10350,Aruba,2,1,0,0
2026-01-22,event_10350,Barbados,2,1,0,0
2026-01-22,event_10350,Gabon,2,1,0,0
2026-01-22,event_10350,Iceland,2,1,0,0
2026-01-22,event_10350,Malawi,2,1,0,0
2026-01-22,event_10350,North Macedonia,2,1,0,0
2026-01-22,event_10350,Marshall Islands,2,2,2,0
2026-01-22,event_10351,Andorra,2,1,0,0
2026-01-22,event_10351,Aruba,2,1,0,0
2026-01-22,event_10351,Barbados,2,1,0,0
2026-01-22,event_10351,Eswatini,2,1,0,0
2026-01-22,event_10351,Malawi,2,1,0,0
2026-01-22,event_10351,Mauritius,2,1,0,0
2026-01-22,event_10351,Malta,2,1,2,0
2026-01-22,event_10351,Zimbabwe,2,1,2,0
2026-01-22,event_10352,Bulgaria,2,1,0,0
2026-01-22,event_10352,Namibia,2,1,0,0
2026-01-22,event_10352,North Macedonia,2,1,0,0
2026-01-22,event_10352,Bermuda,2,1,2,0
2026-01-22,event_10352,Guam,2,1,2,0
2026-01-22,event_10352,Martinique,2,1,2,0
2026-01-22,event_10352,Cambodia,2,2,0,0
2026-01-22,event_10353,Austria,2,1,2,0
2026-01-22,event_10353,Palestine,2,1,2,0
2026-01-22,event_10353,St. Vincent & Grenadines,2,1,2,0
2026-01-22,event_10353,Togo,2,1,2,0
2026-01-22,event_10353,Cape Verde,2,2,1,0
2026-01-22,event_10353,Ethiopia,2,2,1,0
2026-01-22,event_10353,Haiti,2,2,1,0
2026-01-22,event_10354,Jordan,2,1,2,0
2026-01-22,event_10354,South Korea,2,1,2,0
2026-01-22,event_10354,Switzerland,2,1,2,0
2026-01-22,event_10354,Türkiye,2,1,2,0
2026-01-22,event_10354,Venezuela,2,1,2,0
2026-01-22,event_10354,Yemen,2,1,2,0
2026-01-22,event_10354,Jamaica,2,2,1,0
2026-01-22,event_10354,Malaysia,2,2,1,0
2026-01-22,event_10354,Angola,2,2,2,0
2026-01-22,event_10363,Greece,2,1,2,0
2026-01-22,event_10363,Haiti,2,1,2,0
2026-01-22,event_10363,Jamaica,2,1,2,0
2026-01-22,event_10363,Uganda,2,1,2,0
2026-01-22,event_10364,Indonesia,2,1,2,0
2026-01-22,event_10364,Colombia,2,2,1,0
2026-01-22,event_10364,India,2,2,1,0
2026-01-22,event_10505,Azerbaijan,2,1,0,0
2026-01-22,event_10505,Italy,2,1,0,0
2026-01-22,event_10505,Tanzania,2,1,0,0
2026-01-22,event_10505,Cameroon,2,1,2,0
2026-01-22,event_10505,Hong Kong,2,1,2,0
2026-01-22,event_10505,Hungary,2,1,2,0
2026-01-22,event_10505,Oman,2,1,2,0
2026-01-22,event_10505,Panama,2,1,2,0
2026-01-22,event_10505,Slovakia,2,1,2,0
2026-01-22,event_10505,Yemen,2,1,2,0
2026-01-22,event_10505,Cape Verde,2,2,1,0
2026-01-22,event_10505,Guyana,2,2,2,0
2026-01-22,event_10505,Jordan,2,2,2,0
2026-01-22,event_10505,South Korea,2,2,2,0
2026-01-22,event_10511,Guatemala,2,2,2,0
2026-01-22,event_10512,Philippines,2,1,2,0
2026-01-22,event_10512,Qatar,2,1,2,0
2026-01-22,event_10512,Slovakia,2,1,2,0
2026-01-22,event_10512,Indonesia,2,2,1,0
2026-01-22,event_10512,Venezuela,2,2,1,0
2026-01-22,event_10800,Puerto Rico,2,1,2,0
2026-01-22,event_10800,Chile,2,2,1,0
2026-01-22,event_10850,Dominican Republic,2,1,2,0
2026-01-22,event_10850,Nigeria,2,1,2,0
2026-01-22,event_10850,Puerto Rico,2,1,2,0
2026-01-22,event_10850,Ecuador,2,2,1,0
2026-01-22,event_10850,Spain,2,2,1,0
2026-01-22,event_10850,United Kingdom,2,2,1,0
2026-01-22,subscription_screen_open,El Salvador,2,1,2,0
2026-01-22,subscription_screen_open,Guatemala,2,1,2,0
2026-01-22,subscription_screen_open,Japan,2,1,2,0
2026-01-22,subscription_screen_open,New Zealand,2,1,2,0
2026-01-22,subscription_screen_open,Syria,2,1,2,0
2026-01-22,subscription_screen_open,Thailand,2,1,2,0
2026-01-22,subscription_screen_open,Chile,2,2,1,0
2026-01-22,subscription_screen_open,Peru,2,2,1,0
2026-01-22,subscription_screen_open,Philippines,2,2,1,0
2026-01-22,subscription_screen_open,Türkiye,2,2,1,0
2026-01-22,subscription_subscribe_click,American Samoa,2,1,2,0
2026-01-22,subscription_subscribe_click,United Kingdom,2,1,2,0
2026-01-22,event_1600,Kenya,2,1,2,0
2026-01-22,event_1600,New Zealand,2,1,2,0
2026-01-22,event_1600,Angola,2,2,1,0
2026-01-22,event_1600,Jamaica,2,2,1,0
2026-01-22,event_1600,Norway,2,2,1,0
2026-01-22,event_1600,Serbia,2,2,1,0
2026-01-22,event_1600,Sudan,2,2,1,0
2026-01-22,event_1600,U.S. Virgin Islands,2,2,1,0
2026-01-22,event_1600,Venezuela,2,2,1,0
2026-01-22,event_1600,Yemen,2,2,1,0
2026-01-22,event_1650,Australia,2,1,2,0
2026-01-22,event_1650,Jordan,2,1,2,0
2026-01-22,event_1650,South Korea,2,1,2,0
2026-01-22,event_1650,Canada,2,2,1,0
2026-01-22,event_1650,China,2,2,1,0
2026-01-22,event_1650,Paraguay,2,2,1,0
2026-01-22,event_1650,Peru,2,2,1,0
2026-01-22,event_1650,Spain,2,2,1,0
2026-01-22,event_1700,Canada,2,1,2,0
2026-01-22,event_1700,Germany,2,1,2,0
2026-01-22,event_1700,Egypt,2,2,1,0
2026-01-22,event_1700,Netherlands,2,2,1,0
2026-01-22,event_1700,Nigeria,2,2,1,0
2026-01-22,event_1750,Algeria,2,1,2,0
2026-01-22,event_1750,French Guiana,2,1,2,0
2026-01-22,event_1750,Jamaica,2,1,2,0
2026-01-22,event_1750,Yemen,2,1,2,0
2026-01-22,event_1750,Bangladesh,2,2,1,0
2026-01-22,event_1750,Colombia,2,2,1,0
2026-01-22,event_1750,Dominican Republic,2,2,1,0
2026-01-22,event_1750,France,2,2,1,0
2026-01-22,event_1750,Nigeria,2,2,1,0
2026-01-22,event_1750,Spain,2,2,1,0
2026-01-22,event_1750,Syria,2,2,1,0
2026-01-22,event_2100,Bahamas,2,1,2,0
2026-01-22,event_2100,Costa Rica,2,1,2,0
2026-01-22,event_2100,Jordan,2,1,2,0
2026-01-22,event_2100,Myanmar (Burma),2,1,2,0
2026-01-22,event_2100,Ghana,2,2,1,0
2026-01-22,event_2100,Italy,2,2,1,0
2026-01-22,event_2100,Pakistan,2,2,1,0
2026-01-22,event_2100,Philippines,2,2,1,0
2026-01-22,event_2100,Venezuela,2,2,1,0
2026-01-22,event_2300,Colombia,2,1,2,0
2026-01-22,event_2300,Türkiye,2,1,2,0
2026-01-22,event_2300,Chile,2,2,1,0
2026-01-22,event_2300,Ireland,2,2,1,0
2026-01-22,event_2300,Malaysia,2,2,1,0
2026-01-22,event_2300,Morocco,2,2,1,0
2026-01-22,event_2300,Saudi Arabia,2,2,1,0
2026-01-22,event_2300,Spain,2,2,1,0
2026-01-22,event_2300,Thailand,2,2,1,0
2026-01-22,event_2600,Dominican Republic,2,1,2,0
2026-01-22,event_2600,Egypt,2,2,1,0
2026-01-22,event_2600,Indonesia,2,2,1,0
2026-01-22,event_26003,China,2,1,2,0
2026-01-22,event_26003,Germany,2,1,2,0
2026-01-22,event_26003,Portugal,2,1,2,0
2026-01-22,event_26003,Puerto Rico,2,1,2,0
2026-01-22,event_26003,France,2,2,1,0
2026-01-22,event_29000,New Zealand,2,1,2,0
2026-01-22,event_29000,Bangladesh,2,2,1,0
2026-01-22,event_29000,Bolivia,2,2,1,0
2026-01-22,event_29000,Chile,2,2,1,0
2026-01-22,event_29000,Egypt,2,2,1,0
2026-01-22,event_29000,France,2,2,1,0
2026-01-22,event_29000,Nigeria,2,2,1,0
2026-01-22,event_30000,Jordan,2,1,2,0
2026-01-22,event_30000,Indonesia,2,2,1,0
2026-01-22,event_30000,Portugal,2,2,1,0
2026-01-22,event_31009,French Guiana,2,1,2,0
2026-01-22,event_31009,Ireland,2,1,2,0
2026-01-22,event_31009,Netherlands,2,1,2,0
2026-01-22,event_31009,Saudi Arabia,2,1,2,0
2026-01-22,event_31009,Algeria,2,2,1,0
2026-01-22,event_31009,Angola,2,2,1,0
2026-01-22,event_31009,Canada,2,2,1,0
2026-01-22,event_31009,France,2,2,1,0
2026-01-22,event_31009,Italy,2,2,1,0
2026-01-22,event_31009,Jordan,2,2,1,0
2026-01-22,event_31009,United Kingdom,2,2,1,0
2026-01-22,event_37000,South Korea,2,1,2,0
2026-01-22,event_37000,Argentina,2,2,1,0
2026-01-22,event_37000,Canada,2,2,1,0
2026-01-22,event_37000,Chile,2,2,1,0
2026-01-22,event_37000,Indonesia,2,2,1,0
2026-01-22,event_37000,Puerto Rico,2,2,1,0
2026-01-22,event_39000,Ecuador,2,2,1,0
2026-01-22,event_39000,Iran,2,2,1,0
2026-01-22,event_4418,Portugal,2,1,2,0
2026-01-22,event_4418,Türkiye,2,1,2,0
2026-01-22,event_6800,Belize,2,1,0,0
2026-01-22,event_6800,Rwanda,2,1,0,0
2026-01-22,event_6800,Réunion,2,1,0,0
2026-01-22,event_6800,St. Lucia,2,1,0,0
2026-01-22,event_6800,Togo,2,1,0,0
2026-01-22,event_6800,Marshall Islands,2,2,0,0
2026-01-22,event_6801,South Africa,2,1,2,0
2026-01-22,event_6801,Spain,2,1,2,0
2026-01-22,event_6801,Colombia,2,2,1,0
2026-01-22,event_6801,Dominican Republic,2,2,1,0
2026-01-22,event_6801,Israel,2,2,1,0
2026-01-22,event_6801,Jordan,2,2,1,0
2026-01-22,event_6801,Malaysia,2,2,1,0
2026-01-22,event_6801,Norway,2,2,1,0
2026-01-22,event_6801,Serbia,2,2,1,0
2026-01-22,event_6801,Sweden,2,2,1,0
2026-01-22,event_6801,Switzerland,2,2,1,0
2026-01-22,event_6801,Syria,2,2,1,0
2026-01-22,event_6801,Australia,2,2,2,0
2026-01-22,event_6801,Bolivia,2,2,2,0
2026-01-22,event_8000,Chile,2,2,1,0
2026-01-22,event_8000,Netherlands,2,2,1,0
2026-01-22,event_8000,Portugal,2,2,1,0
2026-01-22,event_8000,Puerto Rico,2,2,2,0
2026-01-22,event_8001,Chile,2,2,1,0
2026-01-22,event_8001,France,2,2,1,0
2026-01-22,event_8001,Japan,2,2,1,0
2026-01-22,event_8001,Netherlands,2,2,1,0
2026-01-22,event_8001,Saudi Arabia,2,2,1,0
2026-01-22,event_9900,Australia,2,1,2,0
2026-01-22,event_9900,Bangladesh,2,1,2,0
2026-01-22,event_9900,Bermuda,2,1,2,0
2026-01-22,event_9900,Honduras,2,1,2,0
2026-01-22,event_9900,Iran,2,1,2,0
2026-01-22,event_9900,Israel,2,1,2,0
2026-01-22,event_9900,Jamaica,2,1,2,0
2026-01-22,event_9900,Luxembourg,2,1,2,0
2026-01-22,event_9900,Zambia,2,1,2,0
2026-01-22,event_9900,Algeria,2,2,1,0
2026-01-22,event_9900,El Salvador,2,2,1,0
2026-01-22,event_9900,Malaysia,2,2,1,0
2026-01-22,event_9900,Paraguay,2,2,1,0
2026-01-22,open_wifi_alert__click_on_upgrade,Canada,2,1,2,0
2026-01-22,open_wifi_alert_paywall__screen_viewed,Canada,2,1,2,0
2026-01-22,open_wifi_alert_settings__screen_viewed,Iran,2,1,2,0
2026-01-22,open_wifi_alert_settings__screen_viewed,Malaysia,2,1,2,0
2026-01-22,open_wifi_alert_settings__screen_viewed,Portugal,2,1,2,0
2026-01-22,open_wifi_alert_settings__screen_viewed,Türkiye,2,1,2,0
2026-01-22,subscription_screen_open,Brazil,2,2,1,0
2026-01-22,event_1000,Antigua & Barbuda,1,1,1,0
2026-01-22,event_1000,Azerbaijan,1,1,1,0
2026-01-22,event_1000,Côte d’Ivoire,1,1,1,0
2026-01-22,event_1000,Kuwait,1,1,1,0
2026-01-22,event_1000,Libya,1,1,1,0
2026-01-22,event_1000,Luxembourg,1,1,1,0
2026-01-22,event_1000,Mali,1,1,1,0
2026-01-22,event_1000,Malta,1,1,1,0
2026-01-22,event_1000,Martinique,1,1,1,0
2026-01-22,event_1000,Nicaragua,1,1,1,0
2026-01-22,event_1000,Senegal,1,1,1,0
2026-01-22,event_1000,Sierra Leone,1,1,1,0
2026-01-22,event_1000,Singapore,1,1,1,0
2026-01-22,event_1000,Slovenia,1,1,1,0
2026-01-22,event_1000,Somalia,1,1,1,0
2026-01-22,event_1000,Taiwan,1,1,1,0
2026-01-22,event_1000,Tanzania,1,1,1,0
2026-01-22,event_1000,Togo,1,1,1,0
2026-01-22,event_1000,Ukraine,1,1,1,0
2026-01-22,event_1000,Zambia,1,1,1,0
2026-01-22,event_1000,Zimbabwe,1,1,1,0
2026-01-22,event_10000,Bangladesh,1,1,1,0
2026-01-22,event_10000,Cuba,1,1,1,0
2026-01-22,event_10000,Egypt,1,1,1,0
2026-01-22,event_10000,French Guiana,1,1,1,0
2026-01-22,event_10000,Honduras,1,1,1,0
2026-01-22,event_10000,Indonesia,1,1,1,0
2026-01-22,event_10000,Ireland,1,1,1,0
2026-01-22,event_10000,Mozambique,1,1,1,0
2026-01-22,event_10000,Myanmar (Burma),1,1,1,0
2026-01-22,event_10000,Philippines,1,1,1,0
2026-01-22,event_10000,Puerto Rico,1,1,1,0
2026-01-22,event_10000,Sierra Leone,1,1,1,0
2026-01-22,event_10000,Venezuela,1,1,1,0
2026-01-22,event_10000,Vietnam,1,1,1,0
2026-01-22,event_10100,Afghanistan,1,1,1,0
2026-01-22,event_10100,American Samoa,1,1,1,0
2026-01-22,event_10100,Austria,1,1,1,0
2026-01-22,event_10100,Ireland,1,1,1,0
2026-01-22,event_10100,Jamaica,1,1,1,0
2026-01-22,event_10100,Lithuania,1,1,1,0
2026-01-22,event_10100,Malaysia,1,1,1,0
2026-01-22,event_10100,Martinique,1,1,1,0
2026-01-22,event_10100,Morocco,1,1,1,0
2026-01-22,event_10100,Nepal,1,1,1,0
2026-01-22,event_10100,Peru,1,1,1,0
2026-01-22,event_10100,Russia,1,1,1,0
2026-01-22,event_10100,Sri Lanka,1,1,1,0
2026-01-22,event_10100,Switzerland,1,1,1,0
2026-01-22,event_10100,Türkiye,1,1,1,0
2026-01-22,event_10100,U.S. Virgin Islands,1,1,1,0
2026-01-22,event_10100,Uruguay,1,1,1,0
2026-01-22,event_10100,Yemen,1,1,1,0
2026-01-22,event_10210,Algeria,1,1,1,0
2026-01-22,event_10210,Argentina,1,1,1,0
2026-01-22,event_10210,Indonesia,1,1,1,0
2026-01-22,event_10210,Peru,1,1,1,0
2026-01-22,event_10210,Saudi Arabia,1,1,1,0
2026-01-22,event_10210,Zambia,1,1,1,0
2026-01-22,event_10350,British Virgin Islands,1,1,0,0
2026-01-22,event_10350,Falkland Islands (Islas Malvinas),1,1,0,0
2026-01-22,event_10350,Gambia,1,1,0,0
2026-01-22,event_10350,Kosovo,1,1,0,0
2026-01-22,event_10350,Réunion,1,1,0,0
2026-01-22,event_10350,Sint Maarten,1,1,0,0
2026-01-22,event_10350,French Polynesia,1,1,1,0
2026-01-22,event_10350,Slovenia,1,1,1,0
2026-01-22,event_10351,Bosnia & Herzegovina,1,1,0,0
2026-01-22,event_10351,British Virgin Islands,1,1,0,0
2026-01-22,event_10351,Equatorial Guinea,1,1,0,0
2026-01-22,event_10351,Falkland Islands (Islas Malvinas),1,1,0,0
2026-01-22,event_10351,Guam,1,1,0,0
2026-01-22,event_10351,Kazakhstan,1,1,0,0
2026-01-22,event_10351,Marshall Islands,1,1,0,0
2026-01-22,event_10351,Namibia,1,1,0,0
2026-01-22,event_10351,Senegal,1,1,0,0
2026-01-22,event_10351,Bulgaria,1,1,1,0
2026-01-22,event_10351,Finland,1,1,1,0
2026-01-22,event_10351,Nicaragua,1,1,1,0
2026-01-22,event_10352,Gabon,1,1,0,0
2026-01-22,event_10352,Mauritius,1,1,0,0
2026-01-22,event_10352,Palestine,1,1,0,0
2026-01-22,event_10352,Sint Maarten,1,1,0,0
2026-01-22,event_10352,St. Lucia,1,1,0,0
2026-01-22,event_10352,Togo,1,1,1,0
2026-01-22,event_10353,Azerbaijan,1,1,0,0
2026-01-22,event_10353,South Sudan,1,1,0,0
2026-01-22,event_10353,Bahrain,1,1,1,0
2026-01-22,event_10353,Cameroon,1,1,1,0
2026-01-22,event_10353,Curaçao,1,1,1,0
2026-01-22,event_10353,Côte d’Ivoire,1,1,1,0
2026-01-22,event_10353,Finland,1,1,1,0
2026-01-22,event_10353,Guyana,1,1,1,0
2026-01-22,event_10353,Laos,1,1,1,0
2026-01-22,event_10353,Malta,1,1,1,0
2026-01-22,event_10353,Martinique,1,1,1,0
2026-01-22,event_10353,Syria,1,1,1,0
2026-01-22,event_10354,American Samoa,1,1,1,0
2026-01-22,event_10354,Bahamas,1,1,1,0
2026-01-22,event_10354,Costa Rica,1,1,1,0
2026-01-22,event_10354,Cuba,1,1,1,0
2026-01-22,event_10354,El Salvador,1,1,1,0
2026-01-22,event_10354,Ghana,1,1,1,0
2026-01-22,event_10354,Iraq,1,1,1,0
2026-01-22,event_10354,Lebanon,1,1,1,0
2026-01-22,event_10354,Lithuania,1,1,1,0
2026-01-22,event_10354,Paraguay,1,1,1,0
2026-01-22,event_10354,Qatar,1,1,1,0
2026-01-22,event_10354,Romania,1,1,1,0
2026-01-22,event_10354,Russia,1,1,1,0
2026-01-22,event_10354,St. Vincent & Grenadines,1,1,1,0
2026-01-22,event_10354,Thailand,1,1,1,0
2026-01-22,event_10354,Togo,1,1,1,0
2026-01-22,event_10354,Trinidad & Tobago,1,1,1,0
2026-01-22,event_10354,Uganda,1,1,1,0
2026-01-22,event_10354,United Arab Emirates,1,1,1,0
2026-01-22,event_10363,Azerbaijan,1,1,0,0
2026-01-22,event_10363,Burkina Faso,1,1,0,0
2026-01-22,event_10363,El Salvador,1,1,0,0
2026-01-22,event_10363,Nepal,1,1,0,0
2026-01-22,event_10363,Türkiye,1,1,0,0
2026-01-22,event_10363,American Samoa,1,1,1,0
2026-01-22,event_10363,Cape Verde,1,1,1,0
2026-01-22,event_10363,Congo - Kinshasa,1,1,1,0
2026-01-22,event_10363,Dominican Republic,1,1,1,0
2026-01-22,event_10363,French Guiana,1,1,1,0
2026-01-22,event_10363,Ghana,1,1,1,0
2026-01-22,event_10363,Guam,1,1,1,0
2026-01-22,event_10363,Kenya,1,1,1,0
2026-01-22,event_10363,Malaysia,1,1,1,0
2026-01-22,event_10363,Morocco,1,1,1,0
2026-01-22,event_10363,Russia,1,1,1,0
2026-01-22,event_10363,Sierra Leone,1,1,1,0
2026-01-22,event_10363,Taiwan,1,1,1,0
2026-01-22,event_10363,Togo,1,1,1,0
2026-01-22,event_10364,Bangladesh,1,1,1,0
2026-01-22,event_10364,China,1,1,1,0
2026-01-22,event_10364,Egypt,1,1,1,0
2026-01-22,event_10364,Mexico,1,1,1,0
2026-01-22,event_10364,Nigeria,1,1,1,0
2026-01-22,event_10364,Puerto Rico,1,1,1,0
2026-01-22,event_10505,Antigua & Barbuda,1,1,0,0
2026-01-22,event_10505,Burkina Faso,1,1,0,0
2026-01-22,event_10505,French Guiana,1,1,0,0
2026-01-22,event_10505,Israel,1,1,0,0
2026-01-22,event_10505,Myanmar (Burma),1,1,0,0
2026-01-22,event_10505,South Sudan,1,1,0,0
2026-01-22,event_10505,Vietnam,1,1,0,0
2026-01-22,event_10505,American Samoa,1,1,1,0
2026-01-22,event_10505,Congo - Kinshasa,1,1,1,0
2026-01-22,event_10505,Curaçao,1,1,1,0
2026-01-22,event_10505,Laos,1,1,1,0
2026-01-22,event_10505,Liberia,1,1,1,0
2026-01-22,event_10505,Lithuania,1,1,1,0
2026-01-22,event_10505,Poland,1,1,1,0
2026-01-22,event_10505,Sierra Leone,1,1,1,0
2026-01-22,event_10505,Taiwan,1,1,1,0
2026-01-22,event_10511,Japan,1,1,1,0
2026-01-22,event_10511,Niger,1,1,1,0
2026-01-22,event_10511,Spain,1,1,1,0
2026-01-22,event_10512,Bolivia,1,1,1,0
2026-01-22,event_10512,Cuba,1,1,1,0
2026-01-22,event_10512,Ecuador,1,1,1,0
2026-01-22,event_10512,Honduras,1,1,1,0
2026-01-22,event_10512,Malaysia,1,1,1,0
2026-01-22,event_10512,Moldova,1,1,1,0
2026-01-22,event_10512,Nepal,1,1,1,0
2026-01-22,event_10512,Netherlands,1,1,1,0
2026-01-22,event_10512,Peru,1,1,1,0
2026-01-22,event_10512,Saudi Arabia,1,1,1,0
2026-01-22,event_10800,Bangladesh,1,1,1,0
2026-01-22,event_10800,Bolivia,1,1,1,0
2026-01-22,event_10800,Canada,1,1,1,0
2026-01-22,event_10800,Colombia,1,1,1,0
2026-01-22,event_10800,Egypt,1,1,1,0
2026-01-22,event_10800,Israel,1,1,1,0
2026-01-22,event_10800,Jordan,1,1,1,0
2026-01-22,event_10800,Nigeria,1,1,1,0
2026-01-22,event_10800,Portugal,1,1,1,0
2026-01-22,event_10800,Sweden,1,1,1,0
2026-01-22,event_10800,Türkiye,1,1,1,0
2026-01-22,event_10850,Algeria,1,1,1,0
2026-01-22,event_10850,Canada,1,1,1,0
2026-01-22,event_10850,Indonesia,1,1,1,0
2026-01-22,event_10850,Jordan,1,1,1,0
2026-01-22,event_10850,Lebanon,1,1,1,0
2026-01-22,event_10850,Malaysia,1,1,1,0
2026-01-22,event_10850,Saudi Arabia,1,1,1,0
2026-01-22,subscription_screen_open,Australia,1,1,1,0
2026-01-22,subscription_screen_open,Costa Rica,1,1,1,0
2026-01-22,subscription_screen_open,Cuba,1,1,1,0
2026-01-22,subscription_screen_open,Ghana,1,1,1,0
2026-01-22,subscription_screen_open,Honduras,1,1,1,0
2026-01-22,subscription_screen_open,Iraq,1,1,1,0
2026-01-22,subscription_screen_open,Israel,1,1,1,0
2026-01-22,subscription_screen_open,Malaysia,1,1,1,0
2026-01-22,subscription_screen_open,Morocco,1,1,1,0
2026-01-22,subscription_screen_open,Norway,1,1,1,0
2026-01-22,subscription_screen_open,Pakistan,1,1,1,0
2026-01-22,subscription_screen_open,Paraguay,1,1,1,0
2026-01-22,subscription_screen_open,Saudi Arabia,1,1,1,0
2026-01-22,subscription_screen_open,South Africa,1,1,1,0
2026-01-22,subscription_screen_open,Spain,1,1,1,0
2026-01-22,subscription_screen_open,Uruguay,1,1,1,0
2026-01-22,subscription_screen_open,Venezuela,1,1,1,0
2026-01-22,subscription_subscribe_click,Angola,1,1,1,0
2026-01-22,subscription_subscribe_click,Canada,1,1,1,0
2026-01-22,subscription_subscribe_click,Cuba,1,1,1,0
2026-01-22,subscription_subscribe_click,El Salvador,1,1,1,0
2026-01-22,subscription_subscribe_click,France,1,1,1,0
2026-01-22,subscription_subscribe_click,Iraq,1,1,1,0
2026-01-22,subscription_subscribe_click,Morocco,1,1,1,0
2026-01-22,subscription_subscribe_click,New Zealand,1,1,1,0
2026-01-22,subscription_subscribe_click,Philippines,1,1,1,0
2026-01-22,subscription_subscribe_click,Puerto Rico,1,1,1,0
2026-01-22,subscription_subscribe_click,Syria,1,1,1,0
2026-01-22,subscription_subscribe_click,Tunisia,1,1,1,0
2026-01-22,subscription_purchase_complete,Germany,1,1,1,0
2026-01-22,subscription_purchase_complete,India,1,1,1,0
2026-01-22,event_1600,Afghanistan,1,1,1,0
2026-01-22,event_1600,American Samoa,1,1,1,0
2026-01-22,event_1600,Bahamas,1,1,1,0
2026-01-22,event_1600,Bermuda,1,1,1,0
2026-01-22,event_1600,Costa Rica,1,1,1,0
2026-01-22,event_1600,Ethiopia,1,1,1,0
2026-01-22,event_1600,Hong Kong,1,1,1,0
2026-01-22,event_1600,Iraq,1,1,1,0
2026-01-22,event_1600,Ireland,1,1,1,0
2026-01-22,event_1600,Italy,1,1,1,0
2026-01-22,event_1600,Jordan,1,1,1,0
2026-01-22,event_1600,Lebanon,1,1,1,0
2026-01-22,event_1600,Malta,1,1,1,0
2026-01-22,event_1600,Morocco,1,1,1,0
2026-01-22,event_1600,Myanmar (Burma),1,1,1,0
2026-01-22,event_1600,Qatar,1,1,1,0
2026-01-22,event_1600,Romania,1,1,1,0
2026-01-22,event_1600,Russia,1,1,1,0
2026-01-22,event_1600,Syria,1,1,1,0
2026-01-22,event_1600,Zambia,1,1,1,0
2026-01-22,event_1650,Angola,1,1,1,0
2026-01-22,event_1650,Bahamas,1,1,1,0
2026-01-22,event_1650,Bangladesh,1,1,1,0
2026-01-22,event_1650,Bolivia,1,1,1,0
2026-01-22,event_1650,Costa Rica,1,1,1,0
2026-01-22,event_1650,France,1,1,1,0
2026-01-22,event_1650,French Guiana,1,1,1,0
2026-01-22,event_1650,Israel,1,1,1,0
2026-01-22,event_1650,Italy,1,1,1,0
2026-01-22,event_1650,Jamaica,1,1,1,0
2026-01-22,event_1650,Japan,1,1,1,0
2026-01-22,event_1650,Malaysia,1,1,1,0
2026-01-22,event_1650,Mozambique,1,1,1,0
2026-01-22,event_1650,Oman,1,1,1,0
2026-01-22,event_1650,Palestine,1,1,1,0
2026-01-22,event_1650,Saudi Arabia,1,1,1,0
2026-01-22,event_1650,South Africa,1,1,1,0
2026-01-22,event_1650,Sri Lanka,1,1,1,0
2026-01-22,event_1650,Sweden,1,1,1,0
2026-01-22,event_1650,Venezuela,1,1,1,0
2026-01-22,event_1700,Algeria,1,1,1,0
2026-01-22,event_1700,Argentina,1,1,1,0
2026-01-22,event_1700,Colombia,1,1,1,0
2026-01-22,event_1700,Costa Rica,1,1,1,0
2026-01-22,event_1700,Indonesia,1,1,1,0
2026-01-22,event_1700,Puerto Rico,1,1,1,0
2026-01-22,event_1700,Venezuela,1,1,1,0
2026-01-22,event_1750,Australia,1,1,1,0
2026-01-22,event_1750,Bahamas,1,1,1,0
2026-01-22,event_1750,El Salvador,1,1,1,0
2026-01-22,event_1750,Germany,1,1,1,0
2026-01-22,event_1750,Honduras,1,1,1,0
2026-01-22,event_1750,Iraq,1,1,1,0
2026-01-22,event_1750,Ireland,1,1,1,0
2026-01-22,event_1750,Italy,1,1,1,0
2026-01-22,event_1750,Jordan,1,1,1,0
2026-01-22,event_1750,Luxembourg,1,1,1,0
2026-01-22,event_1750,Oman,1,1,1,0
2026-01-22,event_1750,Pakistan,1,1,1,0
2026-01-22,event_1750,Peru,1,1,1,0
2026-01-22,event_1750,Romania,1,1,1,0
2026-01-22,event_1750,Saudi Arabia,1,1,1,0
2026-01-22,event_1750,Switzerland,1,1,1,0
2026-01-22,event_1750,Tanzania,1,1,1,0
2026-01-22,event_1750,United Arab Emirates,1,1,1,0
2026-01-22,event_1750,United Kingdom,1,1,1,0
2026-01-22,event_2100,Afghanistan,1,1,1,0
2026-01-22,event_2100,Bermuda,1,1,1,0
2026-01-22,event_2100,Cuba,1,1,1,0
2026-01-22,event_2100,Ecuador,1,1,1,0
2026-01-22,event_2100,French Guiana,1,1,1,0
2026-01-22,event_2100,Hungary,1,1,1,0
2026-01-22,event_2100,Iraq,1,1,1,0
2026-01-22,event_2100,Ireland,1,1,1,0
2026-01-22,event_2100,Israel,1,1,1,0
2026-01-22,event_2100,Kuwait,1,1,1,0
2026-01-22,event_2100,Lithuania,1,1,1,0
2026-01-22,event_2100,Serbia,1,1,1,0
2026-01-22,event_2100,Sri Lanka,1,1,1,0
2026-01-22,event_2100,Switzerland,1,1,1,0
2026-01-22,event_2100,Syria,1,1,1,0
2026-01-22,event_2100,U.S. Virgin Islands,1,1,1,0
2026-01-22,event_2100,Ukraine,1,1,1,0
2026-01-22,event_2100,United Arab Emirates,1,1,1,0
2026-01-22,event_2100,Uruguay,1,1,1,0
2026-01-22,event_2100,Vietnam,1,1,1,0
2026-01-22,event_2300,Angola,1,1,1,0
2026-01-22,event_2300,Bangladesh,1,1,1,0
2026-01-22,event_2300,Bermuda,1,1,1,0
2026-01-22,event_2300,Costa Rica,1,1,1,0
2026-01-22,event_2300,Ecuador,1,1,1,0
2026-01-22,event_2300,Iraq,1,1,1,0
2026-01-22,event_2300,Israel,1,1,1,0
2026-01-22,event_2300,Nigeria,1,1,1,0
2026-01-22,event_2300,Oman,1,1,1,0
2026-01-22,event_2300,Paraguay,1,1,1,0
2026-01-22,event_2300,Russia,1,1,1,0
2026-01-22,event_2300,South Africa,1,1,1,0
2026-01-22,event_2300,St. Vincent & Grenadines,1,1,1,0
2026-01-22,event_2300,Sweden,1,1,1,0
2026-01-22,event_2300,Switzerland,1,1,1,0
2026-01-22,event_2300,U.S. Virgin Islands,1,1,1,0
2026-01-22,event_2600,Argentina,1,1,1,0
2026-01-22,event_2600,Australia,1,1,1,0
2026-01-22,event_2600,Ecuador,1,1,1,0
2026-01-22,event_2600,India,1,1,1,0
2026-01-22,event_2600,Jamaica,1,1,1,0
2026-01-22,event_2600,Netherlands,1,1,1,0
2026-01-22,event_2600,Peru,1,1,1,0
2026-01-22,event_2600,Sweden,1,1,1,0
2026-01-22,event_2600,United Kingdom,1,1,1,0
2026-01-22,event_26003,Argentina,1,1,1,0
2026-01-22,event_26003,Bolivia,1,1,1,0
2026-01-22,event_26003,Malaysia,1,1,1,0
2026-01-22,event_26003,Netherlands,1,1,1,0
2026-01-22,event_26003,Nigeria,1,1,1,0
2026-01-22,event_26003,Pakistan,1,1,1,0
2026-01-22,event_26003,Sweden,1,1,1,0
2026-01-22,event_26003,Tunisia,1,1,1,0
2026-01-22,event_26003,U.S. Virgin Islands,1,1,1,0
2026-01-22,event_29000,Algeria,1,1,1,0
2026-01-22,event_29000,Angola,1,1,1,0
2026-01-22,event_29000,Canada,1,1,1,0
2026-01-22,event_29000,Dominican Republic,1,1,1,0
2026-01-22,event_29000,Ecuador,1,1,1,0
2026-01-22,event_29000,Ethiopia,1,1,1,0
2026-01-22,event_29000,Hong Kong,1,1,1,0
2026-01-22,event_29000,Israel,1,1,1,0
2026-01-22,event_29000,Jamaica,1,1,1,0
2026-01-22,event_29000,Kuwait,1,1,1,0
2026-01-22,event_29000,Laos,1,1,1,0
2026-01-22,event_29000,Morocco,1,1,1,0
2026-01-22,event_29000,Netherlands,1,1,1,0
2026-01-22,event_29000,Pakistan,1,1,1,0
2026-01-22,event_29000,Peru,1,1,1,0
2026-01-22,event_29000,Philippines,1,1,1,0
2026-01-22,event_29000,Puerto Rico,1,1,1,0
2026-01-22,event_29000,Spain,1,1,1,0
2026-01-22,event_29000,Sweden,1,1,1,0
2026-01-22,event_29000,Switzerland,1,1,1,0
2026-01-22,event_29000,Syria,1,1,1,0
2026-01-22,event_29000,Thailand,1,1,1,0
2026-01-22,event_29000,U.S. Virgin Islands,1,1,1,0
2026-01-22,event_29000,United Arab Emirates,1,1,1,0
2026-01-22,event_29000,United Kingdom,1,1,1,0
2026-01-22,event_30000,Bangladesh,1,1,1,0
2026-01-22,event_30000,Canada,1,1,1,0
2026-01-22,event_30000,Chile,1,1,1,0
2026-01-22,event_30000,Egypt,1,1,1,0
2026-01-22,event_30000,India,1,1,1,0
2026-01-22,event_30000,Paraguay,1,1,1,0
2026-01-22,event_30000,Poland,1,1,1,0
2026-01-22,event_30000,Spain,1,1,1,0
2026-01-22,event_30000,U.S. Virgin Islands,1,1,1,0
2026-01-22,event_30000,Uganda,1,1,1,0
2026-01-22,event_31009,Bermuda,1,1,1,0
2026-01-22,event_31009,Bolivia,1,1,1,0
2026-01-22,event_31009,Congo - Kinshasa,1,1,1,0
2026-01-22,event_31009,Ecuador,1,1,1,0
2026-01-22,event_31009,El Salvador,1,1,1,0
2026-01-22,event_31009,Greece,1,1,1,0
2026-01-22,event_31009,Oman,1,1,1,0
2026-01-22,event_31009,Pakistan,1,1,1,0
2026-01-22,event_31009,South Africa,1,1,1,0
2026-01-22,event_37000,Bolivia,1,1,1,0
2026-01-22,event_37000,Colombia,1,1,1,0
2026-01-22,event_37000,Cuba,1,1,1,0
2026-01-22,event_37000,Israel,1,1,1,0
2026-01-22,event_37000,Malaysia,1,1,1,0
2026-01-22,event_37000,Netherlands,1,1,1,0
2026-01-22,event_37000,New Zealand,1,1,1,0
2026-01-22,event_37000,Nigeria,1,1,1,0
2026-01-22,event_37000,Oman,1,1,1,0
2026-01-22,event_39000,Bangladesh,1,1,1,0
2026-01-22,event_39000,Bolivia,1,1,1,0
2026-01-22,event_39000,India,1,1,1,0
2026-01-22,event_39000,Indonesia,1,1,1,0
2026-01-22,event_39000,Lithuania,1,1,1,0
2026-01-22,event_39000,Oman,1,1,1,0
2026-01-22,event_39000,Türkiye,1,1,1,0
2026-01-22,event_39000,United Arab Emirates,1,1,1,0
2026-01-22,event_39100,Germany,1,1,1,0
2026-01-22,event_39100,India,1,1,1,0
2026-01-22,event_39100,Indonesia,1,1,1,0
2026-01-22,event_39100,Nigeria,1,1,1,0
2026-01-22,event_39100,United Kingdom,1,1,1,0
2026-01-22,event_6800,Chad,1,1,0,0
2026-01-22,event_6800,Djibouti,1,1,1,0
2026-01-22,event_6800,Mali,1,1,1,0
2026-01-22,event_6800,Micronesia,1,1,1,0
2026-01-22,event_6800,Moldova,1,1,1,0
2026-01-22,event_6800,Papua New Guinea,1,1,1,0
2026-01-22,event_6801,Algeria,1,1,1,0
2026-01-22,event_6801,Antigua & Barbuda,1,1,1,0
2026-01-22,event_6801,China,1,1,1,0
2026-01-22,event_6801,Congo - Kinshasa,1,1,1,0
2026-01-22,event_6801,Costa Rica,1,1,1,0
2026-01-22,event_6801,Cuba,1,1,1,0
2026-01-22,event_6801,El Salvador,1,1,1,0
2026-01-22,event_6801,Ethiopia,1,1,1,0
2026-01-22,event_6801,Ghana,1,1,1,0
2026-01-22,event_6801,Greece,1,1,1,0
2026-01-22,event_6801,Hong Kong,1,1,1,0
2026-01-22,event_6801,Ireland,1,1,1,0
2026-01-22,event_6801,Italy,1,1,1,0
2026-01-22,event_6801,Jamaica,1,1,1,0
2026-01-22,event_6801,Japan,1,1,1,0
2026-01-22,event_6801,Martinique,1,1,1,0
2026-01-22,event_6801,New Zealand,1,1,1,0
2026-01-22,event_6801,Paraguay,1,1,1,0
2026-01-22,event_6801,Qatar,1,1,1,0
2026-01-22,event_6801,Romania,1,1,1,0
2026-01-22,event_6801,Saudi Arabia,1,1,1,0
2026-01-22,event_6801,Tunisia,1,1,1,0
2026-01-22,event_6801,Türkiye,1,1,1,0
2026-01-22,event_6801,U.S. Virgin Islands,1,1,1,0
2026-01-22,event_6801,United Arab Emirates,1,1,1,0
2026-01-22,event_6801,Venezuela,1,1,1,0
2026-01-22,event_6801,Zambia,1,1,1,0
2026-01-22,event_8000,Argentina,1,1,1,0
2026-01-22,event_8000,Azerbaijan,1,1,1,0
2026-01-22,event_8000,Costa Rica,1,1,1,0
2026-01-22,event_8000,Cuba,1,1,1,0
2026-01-22,event_8000,Germany,1,1,1,0
2026-01-22,event_8000,Iraq,1,1,1,0
2026-01-22,event_8000,Jordan,1,1,1,0
2026-01-22,event_8000,Lebanon,1,1,1,0
2026-01-22,event_8000,Myanmar (Burma),1,1,1,0
2026-01-22,event_8000,Oman,1,1,1,0
2026-01-22,event_8000,Paraguay,1,1,1,0
2026-01-22,event_8000,Peru,1,1,1,0
2026-01-22,event_8000,Philippines,1,1,1,0
2026-01-22,event_8000,Serbia,1,1,1,0
2026-01-22,event_8000,Slovenia,1,1,1,0
2026-01-22,event_8000,South Africa,1,1,1,0
2026-01-22,event_8000,Spain,1,1,1,0
2026-01-22,event_8000,Thailand,1,1,1,0
2026-01-22,event_8000,Türkiye,1,1,1,0
2026-01-22,event_8001,Argentina,1,1,1,0
2026-01-22,event_8001,Canada,1,1,1,0
2026-01-22,event_8001,Costa Rica,1,1,1,0
2026-01-22,event_8001,Germany,1,1,1,0
2026-01-22,event_8001,Iraq,1,1,1,0
2026-01-22,event_8001,Italy,1,1,1,0
2026-01-22,event_8001,Jordan,1,1,1,0
2026-01-22,event_8001,Lebanon,1,1,1,0
2026-01-22,event_8001,Oman,1,1,1,0
2026-01-22,event_8001,Paraguay,1,1,1,0
2026-01-22,event_8001,Peru,1,1,1,0
2026-01-22,event_8001,Philippines,1,1,1,0
2026-01-22,event_8001,Portugal,1,1,1,0
2026-01-22,event_8001,Serbia,1,1,1,0
2026-01-22,event_8001,South Africa,1,1,1,0
2026-01-22,event_8001,Spain,1,1,1,0
2026-01-22,event_8001,Thailand,1,1,1,0
2026-01-22,event_8001,Türkiye,1,1,1,0
2026-01-22,event_9900,Angola,1,1,1,0
2026-01-22,event_9900,Costa Rica,1,1,1,0
2026-01-22,event_9900,Dominican Republic,1,1,1,0
2026-01-22,event_9900,Ghana,1,1,1,0
2026-01-22,event_9900,Kuwait,1,1,1,0
2026-01-22,event_9900,Liberia,1,1,1,0
2026-01-22,event_9900,Morocco,1,1,1,0
2026-01-22,event_9900,Nigeria,1,1,1,0
2026-01-22,event_9900,U.S. Virgin Islands,1,1,1,0
2026-01-22,event_9900,Uzbekistan,1,1,1,0
2026-01-22,event_9900,Venezuela,1,1,1,0
2026-01-22,event_9900,Vietnam,1,1,1,0
2026-01-22,open_wifi_alert__click_on_upgrade,Iran,1,1,1,0
2026-01-22,open_wifi_alert__click_on_upgrade,Malaysia,1,1,1,0
2026-01-22,open_wifi_alert__click_on_upgrade,Portugal,1,1,1,0
2026-01-22,open_wifi_alert__click_on_upgrade,Türkiye,1,1,1,0
2026-01-22,open_wifi_alert_paywall__screen_viewed,Iran,1,1,1,0
2026-01-22,open_wifi_alert_paywall__screen_viewed,Malaysia,1,1,1,0
2026-01-22,open_wifi_alert_paywall__screen_viewed,Portugal,1,1,1,0
2026-01-22,open_wifi_alert_paywall__screen_viewed,Türkiye,1,1,1,0
2026-01-22,open_wifi_alert_settings__screen_viewed,China,1,1,1,0
2026-01-22,pix_analyzer_alert_click,Brazil,1,1,1,0
2026-01-22,pix_analyzer_onboarding_activate_click,Algeria,1,1,1,0
2026-01-22,pix_analyzer_onboarding_activate_click,Canada,1,1,1,0
2026-01-22,pix_analyzer_onboarding_activate_click,France,1,1,1,0
2026-01-22,pix_analyzer_onboarding_activate_click,Malaysia,1,1,1,0
2026-01-22,pix_analyzer_onboarding_activate_click,Türkiye,1,1,1,0
2026-01-22,pix_analyzer_onboarding_start,Canada,1,1,1,0
2026-01-22,pix_analyzer_onboarding_start,France,1,1,1,0
2026-01-22,pix_analyzer_onboarding_start,Malaysia,1,1,1,0
2026-01-22,pix_analyzer_onboarding_start,Türkiye,1,1,1,0
2026-01-23,event_10350,Brazil,5322206,460320,35.09069690776027,0
2026-01-23,event_10351,Brazil,2762909,163758,19.593848619591657,0
2026-01-23,event_10353,Brazil,1766762,97521,19.030795911113024,0
2026-01-23,event_6800,Brazil,1141473,404246,7.736754349697368,0
2026-01-23,event_10350,United States,390743,40016,27.225682831661093,0
2026-01-23,event_10351,United States,321833,33755,25.443355205945135,0
2026-01-23,event_10352,Brazil,290897,51126,6.939502373625325,0
2026-01-23,event_10505,Brazil,199456,39501,7.745262503883193,0
2026-01-23,event_10353,United States,125918,9491,14.803432870914648,0
2026-01-23,event_1000,Brazil,98212,54157,1.8287991359886784,0
2026-01-23,event_6800,United States,93729,36651,6.888799059238571,0
2026-01-23,event_10511,Brazil,74785,2250,39.50607501320655,0
2026-01-23,event_10100,Brazil,50808,29360,1.7786802030456852,0
2026-01-23,event_9900,Brazil,35808,17524,2.061010705652124,0
2026-01-23,event_10505,United States,28575,3778,10.734410217881292,0
2026-01-23,event_10354,Brazil,27108,17534,1.5583788444955446,0
2026-01-23,event_10352,United States,23037,7981,11.11287988422576,0
2026-01-23,event_1600,Brazil,22801,16101,1.4170032937667019,0
2026-01-23,event_10350,Mexico,20786,1810,27.938172043010752,0
2026-01-23,event_10350,Indonesia,19982,2498,13.163372859025033,0
2026-01-23,event_10350,Iran,18711,2202,15.425391591096455,0
2026-01-23,event_10363,Brazil,17399,5665,3.227416063810054,0
2026-01-23,event_10350,India,15509,1395,21.751753155680223,0
2026-01-23,event_10352,Iran,14961,1815,14.207977207977208,0
2026-01-23,event_2100,Brazil,13901,10619,1.3093152491287559,0
2026-01-23,event_10351,Mexico,13619,1382,23.440619621342513,0
2026-01-23,event_1000,United States,12682,6256,2.0421900161030595,0
2026-01-23,event_10350,Thailand,11336,1960,6.575406032482599,0
2026-01-23,event_10351,Indonesia,10941,1282,17.0953125,0
2026-01-23,event_2300,Brazil,10599,8494,1.247821991994349,0
2026-01-23,event_6801,Brazil,10052,8659,1.176222794289726,0
2026-01-23,event_10352,India,9045,838,32.30357142857143,0
2026-01-23,event_1750,Brazil,8837,7073,1.2493991234271171,0
2026-01-23,event_1650,Brazil,7442,6592,1.129286798179059,0
2026-01-23,event_10350,Philippines,7314,629,18.014778325123153,0
2026-01-23,event_10511,United States,6966,318,25.516483516483518,0
2026-01-23,subscription_screen_open,Brazil,6897,5204,1.3263461538461538,0
2026-01-23,event_10350,Nigeria,6457,215,60.345794392523366,0
2026-01-23,event_10350,Portugal,6234,662,38.72049689440994,0
2026-01-23,event_9900,United States,6083,2813,2.177165354330709,0
2026-01-23,event_10353,Mexico,5997,381,17.433139534883722,0
2026-01-23,event_10210,Brazil,5956,1614,3.6924984500929945,0
2026-01-23,event_10350,Pakistan,5742,380,39.06122448979592,0
2026-01-23,event_10350,Argentina,5606,392,35.257861635220124,0
2026-01-23,event_10352,Thailand,5144,518,13.827956989247312,0
2026-01-23,event_1600,United States,4965,3299,1.5054578532443905,0
2026-01-23,event_1700,Brazil,4407,3318,1.3286101899306602,0
2026-01-23,event_29000,Brazil,4392,3850,1.1440479291482157,0
2026-01-23,event_31009,Brazil,4301,2654,1.6217948717948718,0
2026-01-23,event_10352,Mexico,4254,840,12.05099150141643,0
2026-01-23,event_10351,Thailand,3992,461,15.064150943396227,0
2026-01-23,event_10351,India,3910,611,14.81060606060606,0
2026-01-23,event_6800,Iran,3698,1715,5.663093415007657,0
2026-01-23,event_10352,Indonesia,3666,680,17.29245283018868,0
2026-01-23,event_10352,Nigeria,3591,176,42.247058823529414,0
2026-01-23,event_10351,Argentina,3568,316,25.66906474820144,0
2026-01-23,event_10350,Egypt,3205,285,45.785714285714285,0
2026-01-23,event_10511,Iran,3130,69,48.15384615384615,0
2026-01-23,event_10350,United Kingdom,3038,299,27.36936936936937,0
2026-01-23,event_10350,Bangladesh,3014,217,41.28767123287671,0
2026-01-23,event_10100,United States,2902,1815,1.6386222473178995,0
2026-01-23,event_10351,Philippines,2886,218,37.48051948051948,0
2026-01-23,event_10352,Pakistan,2858,252,32.47727272727273,0
2026-01-23,event_10354,United States,2808,1715,1.647887323943662,0
2026-01-23,event_10350,Saudi Arabia,2789,330,14.229591836734693,0
2026-01-23,event_37000,Brazil,2761,2428,1.1380873866446826,0
2026-01-23,event_30000,Brazil,2749,1806,1.5238359201773837,0
2026-01-23,event_10350,Puerto Rico,2683,254,32.325301204819276,0
2026-01-23,event_10350,Canada,2488,313,22.414414414414413,0
2026-01-23,event_10350,Colombia,2442,192,38.15625,0
2026-01-23,event_10352,Philippines,2383,192,38.435483870967744,0
2026-01-23,event_8000,Brazil,2354,2280,1.0466874166296132,0
2026-01-23,event_10351,Portugal,2247,175,16.05,0
2026-01-23,event_10351,Pakistan,2204,259,25.045454545454547,0
2026-01-23,event_10351,Nigeria,2199,135,30.541666666666668,0
2026-01-23,event_2600,Brazil,2168,1751,1.2381496287835523,0
2026-01-23,event_8001,Brazil,2132,2091,1.0200956937799044,0
2026-01-23,event_10351,Saudi Arabia,2091,164,38.72222222222222,0
2026-01-23,event_6801,United States,2020,1640,1.257783312577833,0
2026-01-23,event_6800,Mexico,1977,1282,4.0182926829268295,0
2026-01-23,event_10351,Canada,1914,244,22.25581395348837,0
2026-01-23,event_2100,United States,1892,1416,1.3371024734982333,0
2026-01-23,event_6800,Indonesia,1849,880,8.004329004329005,0
2026-01-23,event_10353,Argentina,1834,110,18.34,0
2026-01-23,event_2300,United States,1825,1444,1.2638504155124655,0
2026-01-23,event_10351,Puerto Rico,1711,199,22.22077922077922,0
2026-01-23,event_10350,France,1666,124,32.666666666666664,0
2026-01-23,event_10351,Egypt,1660,195,29.12280701754386,0
2026-01-23,event_10350,Malaysia,1630,60,125.38461538461539,0
2026-01-23,event_10350,Peru,1625,89,41.666666666666664,0
2026-01-23,event_10000,Brazil,1581,1363,1.1685144124168514,0
2026-01-23,event_10350,Paraguay,1519,120,35.325581395348834,0
2026-01-23,event_10351,Bangladesh,1504,163,27.85185185185185,0
2026-01-23,event_26003,Brazil,1482,1029,1.4402332361516035,0
2026-01-23,event_6800,India,1444,634,8.298850574712644,0
2026-01-23,event_10350,Spain,1416,186,33.714285714285715,0
2026-01-23,event_10353,Portugal,1401,105,14.151515151515152,0
2026-01-23,event_6800,Portugal,1394,520,8.658385093167702,0
2026-01-23,event_10351,Colombia,1390,127,25.74074074074074,0
2026-01-23,event_10350,Cuba,1347,94,21.725806451612904,0
2026-01-23,event_10352,Argentina,1279,208,14.370786516853933,0
2026-01-23,event_10352,Cuba,1260,85,22.90909090909091,0
2026-01-23,event_10352,Egypt,1222,191,23.5,0
2026-01-23,event_10350,Algeria,1201,85,50.041666666666664,0
2026-01-23,event_10353,Indonesia,1188,99,13.348314606741573,0
2026-01-23,event_10351,Malaysia,1182,50,98.5,0
2026-01-23,event_10350,Netherlands,1174,138,19.89830508474576,0
2026-01-23,event_10350,Germany,1128,196,19.11864406779661,0
2026-01-23,event_10351,United Kingdom,1119,115,13.9875,0
2026-01-23,event_10350,Bolivia,1109,83,42.65384615384615,0
2026-01-23,event_10850,Brazil,1085,821,1.3215590742996346,0
2026-01-23,event_10352,Bangladesh,1054,137,21.510204081632654,0
2026-01-23,event_10350,Japan,1039,82,30.558823529411764,0
2026-01-23,event_10512,Brazil,1028,539,1.9323308270676691,0
2026-01-23,event_10350,United Arab Emirates,1016,117,29.02857142857143,0
2026-01-23,event_10352,Paraguay,1000,78,28.571428571428573,0
2026-01-23,event_39100,Brazil,994,836,1.1904191616766466,0
2026-01-23,event_39000,Brazil,988,756,1.3138297872340425,0
2026-01-23,event_31009,United States,960,584,1.643835616438356,0
2026-01-23,event_10350,Australia,935,44,55,0
2026-01-23,event_10800,Brazil,916,828,1.106280193236715,0
2026-01-23,event_10352,Colombia,914,133,19.041666666666668,0
2026-01-23,event_10350,Chile,913,107,27.666666666666668,0
2026-01-23,event_10350,South Africa,904,40,30.133333333333333,0
2026-01-23,event_10353,Puerto Rico,888,65,16.754716981132077,0
2026-01-23,event_10353,Canada,878,63,14.633333333333333,0
2026-01-23,event_1750,United States,876,715,1.2251748251748251,0
2026-01-23,event_10351,France,871,43,31.107142857142858,0
2026-01-23,event_10352,Bolivia,862,65,35.916666666666664,0
2026-01-23,event_10350,Venezuela,830,82,22.43243243243243,0
2026-01-23,event_10353,India,818,95,10.225,0
2026-01-23,event_10353,Colombia,814,44,18.930232558139537,0
2026-01-23,event_10350,Guatemala,801,84,24.272727272727273,0
2026-01-23,event_10351,Australia,776,37,59.69230769230769,0
2026-01-23,event_10352,Puerto Rico,773,114,21.47222222222222,0
2026-01-23,event_10505,Mexico,758,155,7.150943396226415,0
2026-01-23,event_10351,Peru,744,69,25.655172413793103,0
2026-01-23,event_10351,South Africa,731,36,31.782608695652176,0
2026-01-23,event_10350,Türkiye,725,29,90.625,0
2026-01-23,event_10350,Dominican Republic,721,78,21.205882352941178,0
2026-01-23,subscription_screen_open,United States,719,565,1.274822695035461,0
2026-01-23,event_10350,Ghana,711,28,41.8235294117647,0
2026-01-23,event_10351,United Arab Emirates,710,74,39.44444444444444,0
2026-01-23,event_6800,Canada,700,282,7.142857142857143,0
2026-01-23,event_10350,Jamaica,683,54,34.15,0
2026-01-23,event_1700,United States,680,502,1.3545816733067728,0
2026-01-23,event_10350,Morocco,673,42,67.3,0
2026-01-23,event_10351,Türkiye,660,23,94.28571428571429,0
2026-01-23,event_10351,Spain,654,50,16.35,0
2026-01-23,event_10353,United Kingdom,639,50,13.3125,0
2026-01-23,event_10350,El Salvador,638,60,20.580645161290324,0
2026-01-23,event_10350,Myanmar (Burma),631,40,33.21052631578947,0
2026-01-23,event_10350,Vietnam,621,63,88.71428571428571,0
2026-01-23,event_10363,Iran,615,218,3.090452261306533,0
2026-01-23,event_10363,United States,614,180,3.7901234567901234,0
2026-01-23,event_29000,United States,606,498,1.2242424242424241,0
2026-01-23,event_10511,Mexico,600,30,22.22222222222222,0
2026-01-23,event_10352,Algeria,587,62,27.952380952380953,0
2026-01-23,event_10350,Italy,586,106,21.703703703703702,0
2026-01-23,event_10352,France,574,51,17.9375,0
2026-01-23,event_1650,United States,570,476,1.1974789915966386,0
2026-01-23,event_10350,Syria,567,48,33.35294117647059,0
2026-01-23,event_10505,Iran,555,184,4.141791044776119,0
2026-01-23,event_6800,Egypt,548,215,9.133333333333333,0
2026-01-23,event_10353,South Africa,541,14,38.642857142857146,0
2026-01-23,event_10511,Cuba,539,7,77,0
2026-01-23,event_10352,Venezuela,534,58,15.705882352941176,0
2026-01-23,event_6800,United Kingdom,532,242,5.373737373737374,0
2026-01-23,event_10351,Chile,529,70,27.842105263157894,0
2026-01-23,event_10350,Bhutan,516,3,258,0
2026-01-23,event_10350,Nepal,516,55,19.846153846153847,0
2026-01-23,event_10351,Japan,511,62,22.217391304347824,0
2026-01-23,event_10351,Netherlands,506,49,13.31578947368421,0
2026-01-23,event_10352,Syria,501,44,29.470588235294116,0
2026-01-23,event_10352,Bhutan,499,1,0,0
2026-01-23,event_6800,Argentina,495,311,4.024390243902439,0
2026-01-23,event_10350,Honduras,490,73,13.61111111111111,0
2026-01-23,event_6800,Pakistan,475,227,7.421875,0
2026-01-23,event_10351,Dominican Republic,471,62,15.7,0
2026-01-23,event_10353,Nigeria,468,39,12.64864864864865,0
2026-01-23,event_10350,Angola,461,24,32.92857142857143,0
2026-01-23,event_6800,Philippines,459,197,7.285714285714286,0
2026-01-23,event_10352,Ghana,450,12,64.28571428571429,0
2026-01-23,event_10353,Peru,445,20,23.42105263157895,0
2026-01-23,event_10350,Ukraine,440,5,146.66666666666666,0
2026-01-23,event_10350,Jordan,435,37,36.25,0
2026-01-23,event_10352,Peru,428,54,16.46153846153846,0
2026-01-23,event_10352,Japan,425,36,23.61111111111111,0
2026-01-23,event_10351,Algeria,424,61,19.272727272727273,0
2026-01-23,event_10353,Egypt,424,43,13.25,0
2026-01-23,event_10353,Spain,420,27,16.153846153846153,0
2026-01-23,event_1000,Iran,419,235,1.8138528138528138,0
2026-01-23,event_10350,Laos,419,74,7.101694915254237,0
2026-01-23,event_10351,Paraguay,418,73,14.928571428571429,0
2026-01-23,event_1000,Mexico,417,219,1.9395348837209303,0
2026-01-23,event_10352,Myanmar (Burma),412,23,37.45454545454545,0
2026-01-23,event_26003,United States,408,297,1.3737373737373737,0
2026-01-23,event_10352,Guatemala,404,50,18.363636363636363,0
2026-01-23,event_10350,Qatar,387,36,38.7,0
2026-01-23,event_6800,Thailand,387,259,5.301369863013699,0
2026-01-23,event_2600,United States,383,290,1.3206896551724139,0
2026-01-23,event_10351,Germany,379,63,10.243243243243244,0
2026-01-23,event_6800,Bangladesh,371,165,7.8936170212765955,0
2026-01-23,event_10352,El Salvador,362,38,17.238095238095237,0
2026-01-23,event_6800,Germany,359,171,6.903846153846154,0
2026-01-23,subscription_subscribe_click,Brazil,358,254,1.4094488188976377,0
2026-01-23,event_6800,Nigeria,355,148,5.220588235294118,0
2026-01-23,event_10352,Malaysia,354,43,32.18181818181818,0
2026-01-23,event_10352,Angola,351,20,31.90909090909091,0
2026-01-23,event_10350,Ireland,344,50,31.272727272727273,0
2026-01-23,event_10350,Kuwait,338,21,42.25,0
2026-01-23,event_6800,Puerto Rico,337,186,4.376623376623376,0
2026-01-23,event_10350,Mozambique,334,14,47.714285714285715,0
2026-01-23,event_10350,Uruguay,334,44,25.692307692307693,0
2026-01-23,event_10352,Saudi Arabia,333,90,10.741935483870968,0
2026-01-23,event_10352,Canada,320,85,9.411764705882353,0
2026-01-23,event_10350,Belgium,319,17,53.166666666666664,0
2026-01-23,event_10351,Jamaica,318,38,16.736842105263158,0
2026-01-23,event_6800,Saudi Arabia,318,134,7.571428571428571,0
2026-01-23,event_10511,United Arab Emirates,317,4,105.66666666666667,0
2026-01-23,open_wifi_alert_settings__screen_viewed,Brazil,317,146,2.171232876712329,0
2026-01-23,event_10351,Qatar,309,31,34.333333333333336,0
2026-01-23,event_10353,Netherlands,308,28,11.407407407407407,0
2026-01-23,event_10352,Laos,307,41,10.586206896551724,0
2026-01-23,event_10352,Honduras,307,54,11.807692307692308,0
2026-01-23,event_10352,Nepal,300,40,25,0
2026-01-23,event_10100,Iran,299,151,2.0620689655172413,0
2026-01-23,event_10352,United Kingdom,298,69,9.3125,0
2026-01-23,event_10352,Morocco,297,26,37.125,0
2026-01-23,event_10353,Philippines,297,34,11.423076923076923,0
2026-01-23,event_37000,United States,291,246,1.1829268292682926,0
2026-01-23,event_10350,Kenya,289,17,57.8,0
2026-01-23,event_10350,Ecuador,286,51,19.066666666666666,0
2026-01-23,event_10351,Guatemala,284,50,12.909090909090908,0
2026-01-23,event_10351,Kuwait,276,18,39.42857142857143,0
2026-01-23,event_10352,Jamaica,276,32,25.09090909090909,0
2026-01-23,event_10352,Germany,274,62,7.611111111111111,0
2026-01-23,event_10350,Iraq,267,25,33.375,0
2026-01-23,event_10352,Netherlands,267,45,8.34375,0
2026-01-23,event_10352,Chile,265,59,13.25,0
2026-01-23,event_6800,Spain,265,129,6.463414634146342,0
2026-01-23,event_10351,El Salvador,264,48,9.10344827586207,0
2026-01-23,event_10350,Ethiopia,261,9,65.25,0
2026-01-23,event_10511,Honduras,261,2,130.5,0
2026-01-23,event_10505,United Kingdom,260,36,9.62962962962963,0
2026-01-23,event_10351,Morocco,257,24,28.555555555555557,0
2026-01-23,event_10351,Ghana,255,19,23.181818181818183,0
2026-01-23,event_10352,Mozambique,252,12,36,0
2026-01-23,event_4418,Brazil,251,96,2.6145833333333335,0
2026-01-23,event_10351,Venezuela,247,42,17.642857142857142,0
2026-01-23,event_10351,Belgium,246,7,41,0
2026-01-23,event_6800,Netherlands,245,121,4.803921568627451,0
2026-01-23,event_10350,Switzerland,244,24,24.4,0
2026-01-23,event_10505,Netherlands,240,11,26.666666666666668,0
2026-01-23,event_10350,Uganda,237,21,19.75,0
2026-01-23,event_10353,Japan,235,15,16.785714285714285,0
2026-01-23,event_10350,Haiti,232,47,9.28,0
2026-01-23,event_6800,France,232,100,6.628571428571429,0
2026-01-23,event_6800,Colombia,229,144,4.490196078431373,0
2026-01-23,event_10350,Oman,228,47,8.76923076923077,0
2026-01-23,event_10363,India,228,44,6,0
2026-01-23,event_10350,Costa Rica,227,24,32.42857142857143,0
2026-01-23,event_10363,Mexico,226,39,6.647058823529412,0
2026-01-23,event_10364,Brazil,226,150,1.516778523489933,0
2026-01-23,event_10350,Sudan,221,19,44.2,0
2026-01-23,event_10350,South Korea,221,20,27.625,0
2026-01-23,event_10350,Tanzania,219,21,14.6,0
2026-01-23,event_10351,Ukraine,219,4,73,0
2026-01-23,event_10352,Ukraine,218,3,218,0
2026-01-23,event_10505,India,213,62,6.65625,0
2026-01-23,event_6800,Algeria,209,75,9.952380952380953,0
2026-01-23,event_10353,Chile,208,18,13,0
2026-01-23,event_1000,India,206,100,2.1020408163265305,0
2026-01-23,event_10351,Jordan,206,26,25.75,0
2026-01-23,event_10353,Dominican Republic,206,17,12.117647058823529,0
2026-01-23,event_10352,Ethiopia,203,5,67.66666666666667,0
2026-01-23,event_10350,Panama,202,17,25.25,0
2026-01-23,event_10505,Egypt,202,27,13.466666666666667,0
2026-01-23,event_6800,Italy,202,82,8.782608695652174,0
2026-01-23,event_10350,Antigua & Barbuda,201,12,40.2,0
2026-01-23,event_10511,Slovakia,201,1,201,0
2026-01-23,event_10353,Ghana,191,5,38.2,0
2026-01-23,event_10350,Burkina Faso,189,3,189,0
2026-01-23,event_6800,Japan,186,79,6,0
2026-01-23,event_6800,Paraguay,186,93,5.166666666666667,0
2026-01-23,event_10351,Costa Rica,185,22,26.428571428571427,0
2026-01-23,event_10350,Guyana,183,19,14.076923076923077,0
2026-01-23,event_10351,South Korea,180,13,30,0
2026-01-23,event_10351,Nepal,179,27,17.9,0
2026-01-23,event_10511,Indonesia,179,16,12.785714285714286,0
2026-01-23,event_10352,Dominican Republic,178,40,9.88888888888889,0
2026-01-23,pix_analyzer_onboarding_start,Brazil,178,142,1.2535211267605635,0
2026-01-23,event_10351,Uruguay,177,25,14.75,0
2026-01-23,event_10353,Australia,175,10,17.5,0
2026-01-23,event_10511,Philippines,175,7,25,0
2026-01-23,event_10353,Germany,173,25,7.208333333333333,0
2026-01-23,event_10350,Zambia,171,5,57,0
2026-01-23,event_10350,Afghanistan,171,36,6.576923076923077,0
2026-01-23,event_10352,Kenya,171,14,34.2,0
2026-01-23,event_10352,United Arab Emirates,170,51,18.88888888888889,0
2026-01-23,event_10505,Portugal,170,41,7.083333333333333,0
2026-01-23,event_10350,Cape Verde,168,5,42,0
2026-01-23,event_10350,Singapore,168,48,6.72,0
2026-01-23,event_10505,Argentina,166,35,7.217391304347826,0
2026-01-23,event_10350,Romania,163,24,11.642857142857142,0
2026-01-23,event_10352,Zambia,161,4,53.666666666666664,0
2026-01-23,event_10352,Guyana,161,14,14.636363636363637,0
2026-01-23,event_10352,Haiti,161,35,13.416666666666666,0
2026-01-23,event_10511,Peru,159,1,159,0
2026-01-23,event_1600,Mexico,159,95,1.6736842105263159,0
2026-01-23,event_10351,Switzerland,158,9,26.333333333333332,0
2026-01-23,event_10350,Poland,156,26,9.75,0
2026-01-23,event_10353,Malaysia,156,12,17.333333333333332,0
2026-01-23,event_10352,Uganda,155,14,17.22222222222222,0
2026-01-23,event_10850,United States,155,114,1.3596491228070176,0
2026-01-23,event_10353,Bangladesh,154,24,7,0
2026-01-23,event_10800,United States,154,144,1.0694444444444444,0
2026-01-23,event_10351,Vietnam,152,41,19,0
2026-01-23,event_10353,Belgium,151,2,75.5,0
2026-01-23,event_10352,Ecuador,146,36,12.166666666666666,0
2026-01-23,event_10353,Jamaica,146,14,10.428571428571429,0
2026-01-23,event_10350,Yemen,145,12,29,0
2026-01-23,event_6800,United Arab Emirates,145,67,8.529411764705882,0
2026-01-23,event_10351,Bolivia,144,32,10.285714285714286,0
2026-01-23,event_10352,Sudan,144,16,28.8,0
2026-01-23,event_10511,Congo - Kinshasa,144,3,48,0
2026-01-23,event_10353,France,142,20,7.473684210526316,0
2026-01-23,event_10352,Cape Verde,141,5,35.25,0
2026-01-23,event_10351,Oman,140,37,7.368421052631579,0
2026-01-23,event_10352,Afghanistan,139,22,8.6875,0
2026-01-23,event_10000,United States,137,114,1.2017543859649122,0
2026-01-23,event_10512,United States,137,79,1.7341772151898733,0
2026-01-23,event_10350,Hungary,136,16,13.6,0
2026-01-23,event_10350,Zimbabwe,135,14,12.272727272727273,0
2026-01-23,event_10351,Honduras,135,36,7.5,0
2026-01-23,event_6800,Peru,134,73,4.1875,0
2026-01-23,event_10350,Russia,133,25,14.777777777777779,0
2026-01-23,event_10511,Russia,133,2,66.5,0
2026-01-23,event_10352,Burkina Faso,132,3,132,0
2026-01-23,event_10350,Norway,131,17,26.2,0
2026-01-23,event_10350,Tunisia,131,20,26.2,0
2026-01-23,event_10352,Australia,131,21,11.909090909090908,0
2026-01-23,event_10352,Iraq,130,15,21.666666666666668,0
2026-01-23,event_10352,Spain,130,28,6.842105263157895,0
2026-01-23,event_10352,Portugal,129,30,7.588235294117647,0
2026-01-23,open_wifi_alert__click_on_upgrade,Brazil,129,82,1.5731707317073171,0
2026-01-23,open_wifi_alert_paywall__screen_viewed,Brazil,129,82,1.5731707317073171,0
2026-01-23,event_10352,South Africa,128,17,9.846153846153847,0
2026-01-23,event_1000,Argentina,127,53,2.4423076923076925,0
2026-01-23,event_10352,Vietnam,127,39,63.5,0
2026-01-23,event_10353,Kuwait,126,5,25.2,0
2026-01-23,event_10353,Switzerland,126,7,21,0
2026-01-23,event_6800,Cuba,126,79,3.4054054054054053,0
2026-01-23,event_10351,Panama,125,14,20.833333333333332,0
2026-01-23,event_10505,Puerto Rico,125,28,8.333333333333334,0
2026-01-23,open_wifi_alert_settings__screen_viewed,United States,125,67,1.8656716417910448,0
2026-01-23,event_1000,Indonesia,124,85,1.55,0
2026-01-23,event_10353,Paraguay,124,14,9.538461538461538,0
2026-01-23,event_10505,Philippines,123,26,8.2,0
2026-01-23,event_10350,Serbia,121,5,121,0
2026-01-23,event_30000,United States,121,98,1.2346938775510203,0
2026-01-23,event_6800,Malaysia,121,50,8.642857142857142,0
2026-01-23,event_10351,Iraq,120,12,120,0
2026-01-23,event_10511,Malaysia,120,1,120,0
2026-01-23,event_10350,Sweden,119,18,11.9,0
2026-01-23,event_10351,Italy,118,23,5.9,0
2026-01-23,event_10352,Zimbabwe,118,10,16.857142857142858,0
2026-01-23,event_10353,South Korea,118,3,39.333333333333336,0
2026-01-23,event_10511,Netherlands,118,1,118,0
2026-01-23,event_10351,Singapore,116,28,8.923076923076923,0
2026-01-23,event_10352,Yemen,116,11,23.2,0
2026-01-23,event_10352,Jordan,114,26,16.285714285714285,0
2026-01-23,event_6800,Jamaica,114,53,5.7,0
2026-01-23,event_10351,Ireland,112,14,14,0
2026-01-23,event_10511,United Kingdom,112,2,56,0
2026-01-23,event_10352,Uruguay,111,27,22.2,0
2026-01-23,event_10351,Tanzania,110,12,11,0
2026-01-23,event_10354,Mexico,108,68,1.6119402985074627,0
2026-01-23,event_6800,Syria,108,46,8.307692307692308,0
2026-01-23,event_10351,Romania,106,11,10.6,0
2026-01-23,event_10511,India,106,18,6.625,0
2026-01-23,event_10505,Romania,105,3,35,0
2026-01-23,event_6800,Guatemala,105,65,4.7727272727272725,0
2026-01-23,event_10350,Libya,104,12,0,0
2026-01-23,event_10350,Greece,104,15,14.857142857142858,0
2026-01-23,pix_analyzer_onboarding_activate_click,Brazil,104,97,1.0721649484536082,0
2026-01-23,event_39100,United States,103,97,1.0618556701030928,0
2026-01-23,event_10350,Trinidad & Tobago,102,13,51,0
2026-01-23,event_8000,United States,102,102,1.00990099009901,0
2026-01-23,event_1000,Portugal,101,61,1.6833333333333333,0
2026-01-23,event_10350,New Zealand,101,25,10.1,0
2026-01-23,event_10353,Qatar,101,3,33.666666666666664,0
2026-01-23,event_10353,El Salvador,101,13,8.416666666666666,0
2026-01-23,event_10511,Venezuela,101,4,25.25,0
2026-01-23,event_10352,Antigua & Barbuda,100,6,50,0
2026-01-23,event_2100,Iran,100,40,2.5,0
2026-01-23,event_6800,Dominican Republic,99,56,3.6666666666666665,0
2026-01-23,event_6800,Chile,99,62,4.714285714285714,0
2026-01-23,event_6800,Australia,97,37,6.0625,0
2026-01-23,event_10350,Israel,95,17,19,0
2026-01-23,event_10351,Kenya,95,10,23.75,0
2026-01-23,event_10353,Pakistan,95,29,3.9583333333333335,0
2026-01-23,event_10505,Spain,95,13,9.5,0
2026-01-23,event_10350,(not set),94,16,6.266666666666667,0
2026-01-23,event_10352,Tanzania,93,11,9.3,0
2026-01-23,event_10353,United Arab Emirates,93,10,9.3,0
2026-01-23,event_6800,Ireland,93,40,7.153846153846154,0
2026-01-23,event_10351,Iran,92,33,5.411764705882353,0
2026-01-23,event_10353,Saudi Arabia,92,29,4.181818181818182,0
2026-01-23,event_10350,Luxembourg,91,4,45.5,0
2026-01-23,event_10353,Costa Rica,91,5,18.2,0
2026-01-23,event_10350,Kyrgyzstan,90,3,90,0
2026-01-23,event_10350,Mali,89,4,89,0
2026-01-23,event_10351,Ecuador,89,26,8.090909090909092,0
2026-01-23,event_6800,Bolivia,89,54,5.5625,0
2026-01-23,event_10100,Mexico,88,64,1.3968253968253967,0
2026-01-23,event_2100,Mexico,88,60,1.4666666666666666,0
2026-01-23,event_10505,Indonesia,85,37,3.8636363636363638,0
2026-01-23,event_6800,South Africa,85,31,4.25,0
2026-01-23,event_10353,Guatemala,84,12,7.636363636363637,0
2026-01-23,event_6800,Morocco,84,29,9.333333333333334,0
2026-01-23,event_10350,U.S. Virgin Islands,83,9,20.75,0
2026-01-23,event_10350,Sri Lanka,83,16,20.75,0
2026-01-23,event_6800,Nepal,83,38,7.545454545454546,0
2026-01-23,event_10352,Serbia,81,5,81,0
2026-01-23,event_10505,Colombia,81,15,5.785714285714286,0
2026-01-23,event_6800,Qatar,81,32,16.2,0
2026-01-23,event_10350,Guam,80,2,80,0
2026-01-23,event_1000,Egypt,79,37,2.135135135135135,0
2026-01-23,event_10351,Israel,79,14,15.8,0
2026-01-23,event_10353,Algeria,79,17,6.076923076923077,0
2026-01-23,event_6800,El Salvador,79,55,3.2916666666666665,0
2026-01-23,event_10351,Greece,78,8,11.142857142857142,0
2026-01-23,event_10351,Uganda,77,8,15.4,0
2026-01-23,event_10353,Morocco,77,8,11,0
2026-01-23,event_9900,Mexico,77,39,1.9743589743589745,0
2026-01-23,event_10351,Hungary,76,9,8.444444444444445,0
2026-01-23,event_1000,Puerto Rico,75,39,1.9230769230769231,0
2026-01-23,event_10363,Peru,75,4,18.75,0
2026-01-23,event_10511,New Zealand,75,1,75,0
2026-01-23,event_10350,Grenada,74,2,74,0
2026-01-23,event_10351,Mozambique,72,9,12,0
2026-01-23,event_10351,New Zealand,71,15,8.875,0
2026-01-23,event_10353,Tanzania,71,5,14.2,0
2026-01-23,event_8001,United States,71,71,1,0
2026-01-23,event_10352,Trinidad & Tobago,70,6,35,0
2026-01-23,event_6800,Jordan,70,28,7,0
2026-01-23,event_6800,Vietnam,70,29,8.75,0
2026-01-23,event_10351,Tunisia,69,13,17.25,0
2026-01-23,event_10353,Romania,69,8,8.625,0
2026-01-23,event_10505,Nigeria,69,23,4.0588235294117645,0
2026-01-23,event_10350,Uzbekistan,68,6,22.666666666666668,0
2026-01-23,event_10352,Mali,68,3,68,0
2026-01-23,event_10353,Ireland,68,6,11.333333333333334,0
2026-01-23,event_10363,Egypt,68,17,4.533333333333333,0
2026-01-23,event_10511,South Africa,68,1,68,0
2026-01-23,event_10210,United States,67,27,2.4814814814814814,0
2026-01-23,event_10352,Sweden,67,7,13.4,0
2026-01-23,event_10363,Cuba,66,15,5.076923076923077,0
2026-01-23,event_6800,Venezuela,66,43,4.125,0
2026-01-23,event_1000,United Kingdom,65,33,1.9696969696969697,0
2026-01-23,event_10363,Syria,65,9,7.222222222222222,0
2026-01-23,event_10505,South Africa,65,5,13,0
2026-01-23,pix_analyzer_onboarding_start,United States,65,57,1.1403508771929824,0
2026-01-23,event_10505,Canada,64,16,5.333333333333333,0
2026-01-23,event_6800,Honduras,64,38,4.571428571428571,0
2026-01-23,event_10353,Türkiye,63,7,12.6,0
2026-01-23,event_10511,Sri Lanka,63,2,63,0
2026-01-23,event_10350,Nicaragua,61,21,4.066666666666666,0
2026-01-23,event_10352,Grenada,61,2,61,0
2026-01-23,event_10352,Libya,61,6,0,0
2026-01-23,event_10511,Qatar,61,1,0,0
2026-01-23,event_10511,Singapore,61,2,30.5,0
2026-01-23,event_6800,Poland,61,27,4.6923076923076925,0
2026-01-23,event_10350,French Guiana,60,10,20,0
2026-01-23,event_1000,Colombia,59,23,2.5652173913043477,0
2026-01-23,event_10351,U.S. Virgin Islands,59,7,14.75,0
2026-01-23,event_10351,Laos,59,15,6.555555555555555,0
2026-01-23,event_10352,Qatar,59,15,19.666666666666668,0
2026-01-23,event_6800,Laos,59,33,5.363636363636363,0
2026-01-23,event_10350,Taiwan,58,10,19.333333333333332,0
2026-01-23,event_10352,Oman,58,19,5.8,0
2026-01-23,event_10353,Kenya,58,3,19.333333333333332,0
2026-01-23,event_6800,South Korea,58,22,7.25,0
2026-01-23,event_10350,Slovakia,57,3,57,0
2026-01-23,event_10351,Angola,57,13,7.125,0
2026-01-23,event_10511,Ecuador,56,3,18.666666666666668,0
2026-01-23,event_10350,Côte d’Ivoire,55,5,13.75,0
2026-01-23,event_10351,Sudan,55,11,18.333333333333332,0
2026-01-23,event_10352,Sri Lanka,55,13,18.333333333333332,0
2026-01-23,event_10351,Antigua & Barbuda,54,10,10.8,0
2026-01-23,event_10511,Germany,54,7,10.8,0
2026-01-23,event_6800,Switzerland,54,24,4.909090909090909,0
2026-01-23,event_10352,Russia,53,12,13.25,0
2026-01-23,event_10353,Nepal,53,4,13.25,0
2026-01-23,event_1000,Peru,52,19,2.888888888888889,0
2026-01-23,event_1600,Iran,52,24,2.1666666666666665,0
2026-01-23,event_1000,Nigeria,51,29,1.7586206896551724,0
2026-01-23,event_10350,São Tomé & Príncipe,51,2,51,0
2026-01-23,event_6800,Türkiye,51,23,7.285714285714286,0
2026-01-23,event_1000,Canada,50,28,1.7857142857142858,0
2026-01-23,event_10350,Congo - Kinshasa,50,8,12.5,0
2026-01-23,event_10351,(not set),50,10,5,0
2026-01-23,event_10352,São Tomé & Príncipe,50,2,50,0
2026-01-23,event_6800,Singapore,50,28,4.545454545454546,0
2026-01-23,event_1000,Bangladesh,49,30,1.6333333333333333,0
2026-01-23,event_10351,Luxembourg,49,2,49,0
2026-01-23,event_6800,Ghana,49,19,7,0
2026-01-23,event_6800,Oman,49,19,9.8,0
2026-01-23,event_6800,Haiti,49,26,7,0
2026-01-23,event_10353,Panama,48,5,9.6,0
2026-01-23,event_10363,Japan,48,3,16,0
2026-01-23,event_6800,Romania,48,19,6,0
2026-01-23,event_10350,Cayman Islands,47,3,23.5,0
2026-01-23,event_10350,Curaçao,47,4,47,0
2026-01-23,event_10350,China,47,7,11.75,0
2026-01-23,event_10351,Ethiopia,47,4,15.666666666666666,0
2026-01-23,event_1600,India,47,25,1.88,0
2026-01-23,event_10100,India,46,26,1.84,0
2026-01-23,event_6800,Kuwait,46,22,5.111111111111111,0
2026-01-23,event_1000,(not set),45,14,3.2142857142857144,0
2026-01-23,event_10350,Hong Kong,45,12,0,0
2026-01-23,event_10353,Uganda,45,5,9,0
2026-01-23,event_39000,United States,45,40,1.125,0
2026-01-23,event_6800,Ecuador,45,31,3.75,0
2026-01-23,event_10353,Bolivia,44,4,11,0
2026-01-23,event_10363,Bangladesh,44,16,3.3846153846153846,0
2026-01-23,event_10511,Nigeria,44,10,4.4,0
2026-01-23,event_6800,Angola,44,18,4.888888888888889,0
2026-01-23,event_10100,Indonesia,43,24,1.7916666666666667,0
2026-01-23,event_10351,Guam,43,1,0,0
2026-01-23,event_10351,Cayman Islands,43,1,43,0
2026-01-23,event_10351,Poland,43,11,4.777777777777778,0
2026-01-23,event_10353,Venezuela,43,11,4.3,0
2026-01-23,event_10363,Ethiopia,43,2,21.5,0
2026-01-23,event_10363,Nigeria,43,23,2.15,0
2026-01-23,event_6800,Tunisia,43,14,14.333333333333334,0
2026-01-23,event_6800,Uruguay,43,26,5.375,0
2026-01-23,event_10350,Seychelles,42,1,0,0
2026-01-23,event_10351,Slovakia,42,2,42,0
2026-01-23,event_10352,Türkiye,42,12,14,0
2026-01-23,event_10353,Greece,42,4,10.5,0
2026-01-23,subscription_screen_open,Mexico,42,27,1.5555555555555556,0
2026-01-23,event_6800,Belgium,42,17,5.25,0
2026-01-23,event_6800,Costa Rica,42,23,5.25,0
2026-01-23,event_6800,New Zealand,42,24,6,0
2026-01-23,event_10100,Argentina,41,20,2.05,0
2026-01-23,event_10100,Portugal,41,33,1.2424242424242424,0
2026-01-23,event_10351,French Guiana,41,3,13.666666666666666,0
2026-01-23,event_10352,Tunisia,41,12,13.666666666666666,0
2026-01-23,event_10353,Oman,41,2,20.5,0
2026-01-23,event_10505,Ireland,41,4,13.666666666666666,0
2026-01-23,event_10505,Cuba,41,15,3.4166666666666665,0
2026-01-23,event_6800,Sudan,41,17,10.25,0
2026-01-23,event_6801,Mexico,41,39,1.1081081081081081,0
2026-01-23,event_9900,United Kingdom,41,21,2.05,0
2026-01-23,event_1000,South Africa,40,10,4,0
2026-01-23,event_10350,Croatia,40,3,40,0
2026-01-23,event_10350,American Samoa,40,6,13.333333333333334,0
2026-01-23,event_10351,Myanmar (Burma),40,11,10,0
2026-01-23,event_1600,Argentina,40,25,1.6,0
2026-01-23,event_9900,Canada,40,19,2.2222222222222223,0
2026-01-23,event_10352,Nicaragua,39,14,3.5454545454545454,0
2026-01-23,event_10354,Argentina,39,19,2.1666666666666665,0
2026-01-23,event_10505,Paraguay,39,7,7.8,0
2026-01-23,event_1650,Mexico,39,28,1.3928571428571428,0
2026-01-23,event_6800,Israel,39,16,6.5,0
2026-01-23,event_1000,Philippines,38,25,1.5833333333333333,0
2026-01-23,event_6800,Hungary,38,15,6.333333333333333,0
2026-01-23,open_wifi_alert__click_on_upgrade,United States,38,30,1.2666666666666666,0
2026-01-23,open_wifi_alert_paywall__screen_viewed,United States,38,30,1.2666666666666666,0
2026-01-23,pix_analyzer_onboarding_activate_click,United States,38,37,1.027027027027027,0
2026-01-23,event_10352,Uzbekistan,37,6,12.333333333333334,0
2026-01-23,event_10352,Costa Rica,37,15,9.25,0
2026-01-23,event_10353,Israel,37,6,7.4,0
2026-01-23,event_10353,Thailand,37,10,4.625,0
2026-01-23,event_10353,Italy,37,12,3.0833333333333335,0
2026-01-23,event_10363,Philippines,37,8,5.285714285714286,0
2026-01-23,event_10505,Saudi Arabia,37,16,4.625,0
2026-01-23,event_10511,Ethiopia,37,1,37,0
2026-01-23,event_10511,Dominican Republic,37,2,37,0
2026-01-23,event_6800,Myanmar (Burma),37,26,3.3636363636363638,0
2026-01-23,event_1000,Netherlands,36,18,2,0
2026-01-23,event_10350,Niger,36,2,36,0
2026-01-23,event_10352,Taiwan,36,5,36,0
2026-01-23,event_10353,Luxembourg,36,1,36,0
2026-01-23,event_6800,Afghanistan,36,18,5.142857142857143,0
2026-01-23,event_9900,Portugal,36,18,2,0
2026-01-23,event_10352,Côte d’Ivoire,35,4,11.666666666666666,0
2026-01-23,event_10505,Costa Rica,35,5,8.75,0
2026-01-23,event_10505,Venezuela,35,12,3.888888888888889,0
2026-01-23,event_10511,Lithuania,35,1,35,0
2026-01-23,event_2300,India,35,13,2.6923076923076925,0
2026-01-23,event_31009,Mexico,35,17,2.0588235294117645,0
2026-01-23,event_6800,Greece,35,11,5,0
2026-01-23,event_6800,Guyana,35,15,5,0
2026-01-23,event_6800,Iraq,35,20,7,0
2026-01-23,event_10350,Togo,34,4,17,0
2026-01-23,event_10350,Martinique,34,5,34,0
2026-01-23,event_10351,Curaçao,34,4,34,0
2026-01-23,event_10352,China,34,5,11.333333333333334,0
2026-01-23,event_10353,Cayman Islands,34,1,34,0
2026-01-23,event_2300,Mexico,34,25,1.36,0
2026-01-23,event_1000,France,33,13,2.5384615384615383,0
2026-01-23,event_10100,United Kingdom,33,19,1.736842105263158,0
2026-01-23,event_10350,Eswatini,33,2,16.5,0
2026-01-23,event_10505,Australia,33,6,6.6,0
2026-01-23,event_10511,Saudi Arabia,33,11,3.6666666666666665,0
2026-01-23,event_2600,Mexico,33,16,2.0625,0
2026-01-23,event_1000,Australia,32,9,3.5555555555555554,0
2026-01-23,event_10350,Cambodia,32,4,0,0
2026-01-23,event_10353,Honduras,32,10,3.2,0
2026-01-23,event_10505,Syria,32,4,8,0
2026-01-23,event_10511,Australia,32,1,32,0
2026-01-23,event_10511,Haiti,32,2,32,0
2026-01-23,event_6800,Kenya,32,16,6.4,0
2026-01-23,event_10350,Lithuania,31,3,10.333333333333334,0
2026-01-23,event_10352,Eswatini,31,1,31,0
2026-01-23,event_10352,American Samoa,31,5,10.333333333333334,0
2026-01-23,event_10352,Congo - Kinshasa,31,9,6.2,0
2026-01-23,event_10353,Singapore,31,3,10.333333333333334,0
2026-01-23,event_10363,Myanmar (Burma),31,1,31,0
2026-01-23,event_10505,Morocco,31,4,10.333333333333334,0
2026-01-23,event_10511,Guyana,31,6,5.166666666666667,0
2026-01-23,event_1600,United Kingdom,31,19,1.631578947368421,0
2026-01-23,event_1750,Iran,31,26,1.1923076923076923,0
2026-01-23,event_6800,Antigua & Barbuda,31,10,6.2,0
2026-01-23,event_6800,Norway,31,16,7.75,0
2026-01-23,event_1000,Japan,30,10,3,0
2026-01-23,event_1000,Cuba,30,17,1.7647058823529411,0
2026-01-23,event_10353,Ecuador,30,8,3.75,0
2026-01-23,event_10353,Iran,30,9,3.3333333333333335,0
2026-01-23,event_10363,Puerto Rico,30,7,4.285714285714286,0
2026-01-23,event_10363,Indonesia,30,13,2.5,0
2026-01-23,event_10511,Hungary,30,1,30,0
2026-01-23,subscription_subscribe_click,United States,30,24,1.25,0
2026-01-23,event_8000,Iran,30,27,1.1111111111111112,0
2026-01-23,event_1000,Algeria,29,15,1.9333333333333333,0
2026-01-23,event_1000,Pakistan,29,20,1.5263157894736843,0
2026-01-23,event_10350,Bermuda,29,2,29,0
2026-01-23,event_10350,Bahrain,29,4,14.5,0
2026-01-23,event_10351,Libya,29,6,0,0
2026-01-23,event_10505,Bangladesh,29,16,3.2222222222222223,0
2026-01-23,event_10511,Colombia,29,2,29,0
2026-01-23,event_6800,Trinidad & Tobago,29,11,9.666666666666666,0
2026-01-23,event_6800,Sweden,29,15,4.833333333333333,0
2026-01-23,event_10350,Senegal,28,12,4,0
2026-01-23,event_10352,Martinique,28,1,0,0
2026-01-23,event_10353,Jordan,28,6,7,0
2026-01-23,event_2100,India,28,15,1.8666666666666667,0
2026-01-23,event_6800,Uganda,28,14,4.666666666666667,0
2026-01-23,event_6801,Iran,28,20,1.4736842105263157,0
2026-01-23,event_9900,Puerto Rico,28,14,2,0
2026-01-23,event_10210,Netherlands,27,1,27,0
2026-01-23,event_10350,Austria,27,6,27,0
2026-01-23,event_10350,Belize,27,6,27,0
2026-01-23,event_10511,Puerto Rico,27,2,13.5,0
2026-01-23,event_37000,Mexico,27,21,1.2857142857142858,0
2026-01-23,event_10208,Brazil,26,11,2.3636363636363638,0
2026-01-23,event_10350,Rwanda,26,1,0,0
2026-01-23,event_10350,Liberia,26,2,26,0
2026-01-23,event_10352,Lithuania,26,2,26,0
2026-01-23,event_10505,Kuwait,26,3,8.666666666666666,0
2026-01-23,event_10505,France,26,13,3.25,0
2026-01-23,event_1600,Puerto Rico,26,21,1.2380952380952381,0
2026-01-23,event_2100,Argentina,26,15,1.7333333333333334,0
2026-01-23,event_6800,Sri Lanka,26,11,26,0
2026-01-23,event_9900,Egypt,26,7,3.7142857142857144,0
2026-01-23,event_10351,Uzbekistan,25,3,12.5,0
2026-01-23,event_10351,Sweden,25,7,5,0
2026-01-23,event_10351,Hong Kong,25,8,0,0
2026-01-23,event_10352,(not set),25,8,3.125,0
2026-01-23,event_10353,Ukraine,25,1,25,0
2026-01-23,event_10353,U.S. Virgin Islands,25,3,8.333333333333334,0
2026-01-23,event_10353,New Zealand,25,5,5,0
2026-01-23,event_10363,Germany,25,5,6.25,0
2026-01-23,event_10505,Qatar,25,3,25,0
2026-01-23,event_10505,Mozambique,25,6,5,0
2026-01-23,event_1000,Thailand,24,21,1.1428571428571428,0
2026-01-23,event_10210,Romania,24,1,24,0
2026-01-23,event_10350,Palestine,24,3,24,0
2026-01-23,event_10351,Trinidad & Tobago,24,9,24,0
2026-01-23,event_10353,Mozambique,24,5,4.8,0
2026-01-23,event_10505,Bolivia,24,5,12,0
2026-01-23,event_10505,Ecuador,24,6,4.8,0
2026-01-23,event_10505,Japan,24,6,6,0
2026-01-23,event_1600,Indonesia,24,18,1.3333333333333333,0
2026-01-23,event_6800,Libya,24,11,0,0
2026-01-23,event_1000,Malaysia,23,8,3.2857142857142856,0
2026-01-23,event_10352,Rwanda,23,1,0,0
2026-01-23,event_10352,Liberia,23,2,23,0
2026-01-23,event_10352,Panama,23,8,5.75,0
2026-01-23,event_10352,Singapore,23,15,3.8333333333333335,0
2026-01-23,event_10354,Portugal,23,17,1.3529411764705883,0
2026-01-23,event_10505,Sudan,23,4,11.5,0
2026-01-23,event_10511,Paraguay,23,1,23,0
2026-01-23,event_10511,Poland,23,2,11.5,0
2026-01-23,event_1600,Portugal,23,19,1.2105263157894737,0
2026-01-23,event_1750,Mexico,23,16,1.4375,0
2026-01-23,event_6800,Mozambique,23,10,3.8333333333333335,0
2026-01-23,event_6800,U.S. Virgin Islands,23,11,4.6,0
2026-01-23,pix_analyzer_alert_open,Brazil,23,11,2.090909090909091,0
2026-01-23,event_10351,Kyrgyzstan,22,2,0,0
2026-01-23,event_10351,Norway,22,6,7.333333333333333,0
2026-01-23,event_10351,Russia,22,8,11,0
2026-01-23,event_10353,Ethiopia,22,1,22,0
2026-01-23,event_10363,Mozambique,22,3,7.333333333333333,0
2026-01-23,event_10363,Algeria,22,8,2.75,0
2026-01-23,event_10505,Pakistan,22,18,2.75,0
2026-01-23,event_10511,Afghanistan,22,1,22,0
2026-01-23,event_10512,Iran,22,14,1.5714285714285714,0
2026-01-23,subscription_screen_open,India,22,12,1.8333333333333333,0
2026-01-23,event_1650,Iran,22,17,1.2941176470588236,0
2026-01-23,event_2100,Puerto Rico,22,12,1.8333333333333333,0
2026-01-23,event_31009,India,22,6,3.6666666666666665,0
2026-01-23,event_6800,Cameroon,22,7,22,0
2026-01-23,event_6800,Hong Kong,22,11,11,0
2026-01-23,event_6800,Russia,22,18,3.142857142857143,0
2026-01-23,event_9900,Argentina,22,12,1.8333333333333333,0
2026-01-23,event_10350,Lebanon,21,7,21,0
2026-01-23,event_10351,Bermuda,21,2,21,0
2026-01-23,event_10351,Taiwan,21,8,10.5,0
2026-01-23,event_10351,Afghanistan,21,13,2.625,0
2026-01-23,event_10352,Niger,21,1,21,0
2026-01-23,event_10352,Luxembourg,21,2,21,0
2026-01-23,event_10352,Italy,21,6,10.5,0
2026-01-23,event_10353,Hungary,21,5,4.2,0
2026-01-23,event_10353,(not set),21,11,1.9090909090909092,0
2026-01-23,event_10363,Argentina,21,12,1.9090909090909092,0
2026-01-23,event_10505,Malaysia,21,4,10.5,0
2026-01-23,event_10511,Egypt,21,2,10.5,0
2026-01-23,event_10511,Argentina,21,2,21,0
2026-01-23,event_2300,Iran,21,12,1.75,0
2026-01-23,event_6800,Ethiopia,21,6,7,0
2026-01-23,event_10350,Brunei,20,7,4,0
2026-01-23,event_10352,Poland,20,6,5,0
2026-01-23,event_10354,Indonesia,20,11,1.8181818181818181,0
2026-01-23,event_10363,Venezuela,20,8,3.3333333333333335,0
2026-01-23,event_10505,Algeria,20,11,3.3333333333333335,0
2026-01-23,event_10850,Iran,20,8,2.5,0
2026-01-23,subscription_purchase_complete,Brazil,20,17,1.1764705882352942,0
2026-01-23,event_6800,French Guiana,20,8,6.666666666666667,0
2026-01-23,event_6800,Taiwan,20,9,10,0
2026-01-23,event_6800,Tanzania,20,11,2.5,0
2026-01-23,event_10350,Kazakhstan,19,1,0,0
2026-01-23,event_10351,Seychelles,19,1,0,0
2026-01-23,event_10351,Bahrain,19,3,9.5,0
2026-01-23,event_10352,Senegal,19,6,6.333333333333333,0
2026-01-23,event_10354,Puerto Rico,19,11,1.7272727272727273,0
2026-01-23,event_10354,India,19,15,1.2666666666666666,0
2026-01-23,event_10363,Ecuador,19,6,3.8,0
2026-01-23,event_10505,Peru,19,11,2.7142857142857144,0
2026-01-23,event_1600,Egypt,19,7,2.7142857142857144,0
2026-01-23,event_2100,United Kingdom,19,15,1.2666666666666666,0
2026-01-23,event_29000,Mexico,19,13,1.4615384615384615,0
2026-01-23,event_31009,Iran,19,13,1.4615384615384615,0
2026-01-23,event_4418,United States,19,9,2.111111111111111,0
2026-01-23,event_1000,Belgium,18,2,9,0
2026-01-23,event_1000,Honduras,18,6,3,0
2026-01-23,event_1000,Dominican Republic,18,10,1.8,0
2026-01-23,event_1000,Chile,18,11,1.6363636363636365,0
2026-01-23,event_1000,Spain,18,13,1.3846153846153846,0
2026-01-23,event_10100,Netherlands,18,10,1.8,0
2026-01-23,event_10100,Canada,18,15,1.2,0
2026-01-23,event_10350,Malta,18,2,0,0
2026-01-23,event_10351,Côte d’Ivoire,18,4,6,0
2026-01-23,event_10352,Ireland,18,7,6,0
2026-01-23,event_10353,Uruguay,18,5,3.6,0
2026-01-23,event_10505,Ethiopia,18,1,18,0
2026-01-23,event_10511,Mali,18,1,18,0
2026-01-23,event_8001,Iran,18,18,1,0
2026-01-23,event_1000,Ethiopia,17,2,8.5,0
2026-01-23,event_1000,Saudi Arabia,17,12,1.4166666666666667,0
2026-01-23,event_10100,Pakistan,17,11,1.5454545454545454,0
2026-01-23,event_10350,Somalia,17,3,17,0
2026-01-23,event_10351,Cuba,17,1,17,0
2026-01-23,event_10351,Palestine,17,2,17,0
2026-01-23,event_10351,Mali,17,3,17,0
2026-01-23,event_10352,Belize,17,5,17,0
2026-01-23,event_10354,Colombia,17,10,1.7,0
2026-01-23,event_10511,Nepal,17,1,17,0
2026-01-23,event_10511,Pakistan,17,1,17,0
2026-01-23,event_10511,Canada,17,2,8.5,0
2026-01-23,event_1600,Canada,17,13,1.3076923076923077,0
2026-01-23,event_10100,Philippines,16,7,2.2857142857142856,0
2026-01-23,event_10352,Hong Kong,16,6,0,0
2026-01-23,event_10363,Afghanistan,16,4,4,0
2026-01-23,event_10363,Guatemala,16,4,4,0
2026-01-23,event_10363,Canada,16,5,3.2,0
2026-01-23,event_10363,Pakistan,16,11,2,0
2026-01-23,event_6800,Yemen,16,7,4,0
2026-01-23,event_1000,Venezuela,15,6,2.5,0
2026-01-23,event_1000,Paraguay,15,13,1.1538461538461537,0
2026-01-23,event_10100,Egypt,15,6,2.5,0
2026-01-23,event_10210,Mexico,15,10,1.5,0
2026-01-23,event_10350,Czechia,15,2,15,0
2026-01-23,event_10350,Suriname,15,4,15,0
2026-01-23,event_10350,Finland,15,5,15,0
2026-01-23,event_10351,Burkina Faso,15,1,15,0
2026-01-23,event_10351,Cambodia,15,3,0,0
2026-01-23,event_10352,Togo,15,2,7.5,0
2026-01-23,event_10353,Sudan,15,2,15,0
2026-01-23,event_2100,Indonesia,15,11,1.3636363636363635,0
2026-01-23,event_6800,American Samoa,15,5,15,0
2026-01-23,event_6801,India,15,10,1.5,0
2026-01-23,event_9900,Indonesia,15,10,1.5,0
2026-01-23,event_1000,Laos,14,3,4.666666666666667,0
2026-01-23,event_1000,Bolivia,14,8,1.75,0
2026-01-23,event_1000,Germany,14,10,1.4,0
2026-01-23,event_10350,Marshall Islands,14,2,7,0
2026-01-23,event_10353,French Guiana,14,3,4.666666666666667,0
2026-01-23,event_10353,Iraq,14,3,14,0
2026-01-23,event_10353,Poland,14,4,3.5,0
2026-01-23,event_10505,Iraq,14,2,0,0
2026-01-23,event_10505,Oman,14,2,7,0
2026-01-23,event_10505,Angola,14,4,7,0
2026-01-23,event_10511,Myanmar (Burma),14,2,7,0
2026-01-23,event_1600,Japan,14,6,2.3333333333333335,0
2026-01-23,event_1600,Philippines,14,8,1.75,0
2026-01-23,event_1600,Algeria,14,9,1.5555555555555556,0
2026-01-23,event_1650,India,14,10,1.4,0
2026-01-23,event_26003,India,14,4,3.5,0
2026-01-23,event_6800,Nicaragua,14,8,4.666666666666667,0
2026-01-23,event_6801,Indonesia,14,13,1.1666666666666667,0
2026-01-23,event_8000,(not set),14,14,1,0
2026-01-23,event_8001,(not set),14,14,1,0
2026-01-23,event_1000,Jordan,13,7,1.8571428571428572,0
2026-01-23,event_1000,Syria,13,10,1.3,0
2026-01-23,event_10100,Belgium,13,1,13,0
2026-01-23,event_10100,Panama,13,2,6.5,0
2026-01-23,event_10350,Macao,13,2,13,0
2026-01-23,event_10350,Bahamas,13,3,6.5,0
2026-01-23,event_10350,Cyprus,13,4,13,0
2026-01-23,event_10350,Cameroon,13,5,13,0
2026-01-23,event_10351,Sri Lanka,13,4,0,0
2026-01-23,event_10352,Malta,13,1,0,0
2026-01-23,event_10352,Slovakia,13,1,0,0
2026-01-23,event_10363,South Africa,13,3,4.333333333333333,0
2026-01-23,event_10505,United Arab Emirates,13,6,3.25,0
2026-01-23,subscription_screen_open,Egypt,13,8,1.625,0
2026-01-23,subscription_cancel_click,Brazil,13,3,4.333333333333333,0
2026-01-23,event_1600,Peru,13,7,1.8571428571428572,0
2026-01-23,event_2100,Portugal,13,11,1.1818181818181819,0
2026-01-23,event_6800,Cape Verde,13,4,3.25,0
2026-01-23,event_6800,Zimbabwe,13,5,3.25,0
2026-01-23,event_6800,Curaçao,13,5,13,0
2026-01-23,event_6800,Serbia,13,6,13,0
2026-01-23,event_1000,Poland,12,5,2.4,0
2026-01-23,event_10100,Poland,12,3,4,0
2026-01-23,event_10100,Saudi Arabia,12,9,1.3333333333333333,0
2026-01-23,event_10350,Papua New Guinea,12,1,0,0
2026-01-23,event_10350,Moldova,12,1,12,0
2026-01-23,event_10350,Albania,12,8,2,0
2026-01-23,event_10351,Moldova,12,1,12,0
2026-01-23,event_10351,Grenada,12,2,12,0
2026-01-23,event_10351,Brunei,12,5,4,0
2026-01-23,event_10351,Guyana,12,5,6,0
2026-01-23,event_10352,Romania,12,4,3,0
2026-01-23,event_10352,U.S. Virgin Islands,12,4,12,0
2026-01-23,event_10352,South Korea,12,5,4,0
2026-01-23,event_10363,Bolivia,12,4,3,0
2026-01-23,event_10363,Spain,12,5,3,0
2026-01-23,event_10363,Morocco,12,6,2.4,0
2026-01-23,event_10363,United Kingdom,12,8,1.5,0
2026-01-23,event_10511,Kuwait,12,1,12,0
2026-01-23,subscription_subscribe_click,Iran,12,8,1.5,0
2026-01-23,event_26003,Iran,12,7,1.7142857142857142,0
2026-01-23,event_31009,Argentina,12,8,1.5,0
2026-01-23,event_6800,Luxembourg,12,6,3,0
2026-01-23,event_6801,Japan,12,4,3,0
2026-01-23,event_8000,Egypt,12,12,1,0
2026-01-23,event_8001,Egypt,12,12,1,0
2026-01-23,event_1000,Ireland,11,4,2.75,0
2026-01-23,event_1000,Morocco,11,5,2.2,0
2026-01-23,event_1000,Italy,11,10,1.1,0
2026-01-23,event_10100,Ireland,11,3,3.6666666666666665,0
2026-01-23,event_10100,Jordan,11,3,3.6666666666666665,0
2026-01-23,event_10100,Germany,11,8,1.375,0
2026-01-23,event_10100,Colombia,11,10,1.1,0
2026-01-23,event_10209,Brazil,11,5,2.2,0
2026-01-23,event_10351,Togo,11,3,11,0
2026-01-23,event_10352,Bahamas,11,2,11,0
2026-01-23,event_10352,Cambodia,11,3,0,0
2026-01-23,event_10352,Curaçao,11,3,11,0
2026-01-23,event_10352,Switzerland,11,5,3.6666666666666665,0
2026-01-23,event_10352,Israel,11,7,11,0
2026-01-23,event_10353,Bermuda,11,1,11,0
2026-01-23,event_10353,Curaçao,11,1,11,0
2026-01-23,event_10353,Antigua & Barbuda,11,4,3.6666666666666665,0
2026-01-23,event_10354,Malaysia,11,3,3.6666666666666665,0
2026-01-23,event_10354,Bangladesh,11,6,2.2,0
2026-01-23,event_10363,Colombia,11,7,1.5714285714285714,0
2026-01-23,event_10505,Dominican Republic,11,3,5.5,0
2026-01-23,event_10505,El Salvador,11,4,3.6666666666666665,0
2026-01-23,event_10505,Chile,11,5,3.6666666666666665,0
2026-01-23,event_10505,Guatemala,11,6,2.2,0
2026-01-23,event_10505,Germany,11,7,2.2,0
2026-01-23,event_1600,Colombia,11,6,1.8333333333333333,0
2026-01-23,event_1600,Netherlands,11,8,1.375,0
2026-01-23,event_1700,India,11,6,1.8333333333333333,0
2026-01-23,event_2100,Canada,11,6,1.8333333333333333,0
2026-01-23,event_2100,Spain,11,8,1.375,0
2026-01-23,event_31009,Indonesia,11,5,2.2,0
2026-01-23,event_4418,Iran,11,2,5.5,0
2026-01-23,event_6800,Slovakia,11,4,5.5,0
2026-01-23,event_6800,Austria,11,6,0,0
2026-01-23,event_6800,Panama,11,8,3.6666666666666665,0
2026-01-23,event_8001,India,11,11,1,0
2026-01-23,event_9900,France,11,3,3.6666666666666665,0
2026-01-23,event_9900,Germany,11,4,2.75,0
2026-01-23,event_9900,Spain,11,8,1.375,0
2026-01-23,event_1000,Ecuador,10,8,1.25,0
2026-01-23,event_10000,Mexico,10,8,1.25,0
2026-01-23,event_10100,France,10,7,1.4285714285714286,0
2026-01-23,event_10100,Spain,10,7,1.4285714285714286,0
2026-01-23,event_10351,Cyprus,10,1,0,0
2026-01-23,event_10351,Serbia,10,3,0,0
2026-01-23,event_10351,China,10,3,3.3333333333333335,0
2026-01-23,event_10351,Congo - Kinshasa,10,3,5,0
2026-01-23,event_10351,Syria,10,6,5,0
2026-01-23,event_10352,Kuwait,10,5,5,0
2026-01-23,event_10353,Cuba,10,1,10,0
2026-01-23,event_10353,Slovakia,10,1,10,0
2026-01-23,event_10353,Uzbekistan,10,1,10,0
2026-01-23,event_10354,Spain,10,6,1.6666666666666667,0
2026-01-23,event_10363,France,10,3,3.3333333333333335,0
2026-01-23,event_10505,Russia,10,1,10,0
2026-01-23,event_10505,Ghana,10,2,5,0
2026-01-23,event_10511,Spain,10,2,5,0
2026-01-23,subscription_screen_open,Indonesia,10,6,1.6666666666666667,0
2026-01-23,subscription_screen_open,United Kingdom,10,6,1.6666666666666667,0
2026-01-23,event_1600,South Africa,10,5,2,0
2026-01-23,event_1600,Nigeria,10,9,1.1111111111111112,0
2026-01-23,event_1650,Argentina,10,9,1.1111111111111112,0
2026-01-23,event_1700,Mexico,10,10,1,0
2026-01-23,event_2100,Pakistan,10,6,1.6666666666666667,0
2026-01-23,event_2300,Puerto Rico,10,10,1,0
2026-01-23,event_2600,Iran,10,6,1.6666666666666667,0
2026-01-23,event_6800,Palestine,10,3,10,0
2026-01-23,event_6800,Senegal,10,6,2.5,0
2026-01-23,event_6800,Finland,10,6,10,0
2026-01-23,event_6801,Argentina,10,10,1,0
2026-01-23,event_8000,India,10,10,1,0
2026-01-23,event_9900,South Africa,10,4,2.5,0
2026-01-23,event_9900,Colombia,10,5,2,0
2026-01-23,event_1000,Guatemala,9,6,1.5,0
2026-01-23,event_10100,Dominican Republic,9,7,1.2857142857142858,0
2026-01-23,event_10350,Namibia,9,1,9,0
2026-01-23,event_10351,Bhutan,9,1,0,0
2026-01-23,event_10351,Niger,9,1,9,0
2026-01-23,event_10351,Cape Verde,9,2,4.5,0
2026-01-23,event_10351,Zimbabwe,9,3,3,0
2026-01-23,event_10351,Zambia,9,3,4.5,0
2026-01-23,event_10351,Lebanon,9,5,9,0
2026-01-23,event_10352,Greece,9,2,4.5,0
2026-01-23,event_10352,Bahrain,9,2,9,0
2026-01-23,event_10352,Lebanon,9,4,0,0
2026-01-23,event_10353,Laos,9,2,4.5,0
2026-01-23,event_10354,United Kingdom,9,7,1.2857142857142858,0
2026-01-23,event_10505,Greece,9,1,9,0
2026-01-23,event_10505,Zambia,9,1,9,0
2026-01-23,event_10511,Syria,9,3,3,0
2026-01-23,subscription_screen_open,Bangladesh,9,5,1.8,0
2026-01-23,event_1600,Malaysia,9,5,1.8,0
2026-01-23,event_1600,Bangladesh,9,7,1.2857142857142858,0
2026-01-23,event_1650,Puerto Rico,9,6,1.5,0
2026-01-23,event_1750,Argentina,9,5,1.8,0
2026-01-23,event_1750,Netherlands,9,5,1.8,0
2026-01-23,event_1750,Indonesia,9,8,1.125,0
2026-01-23,event_2100,Colombia,9,6,1.5,0
2026-01-23,event_2100,Netherlands,9,6,1.5,0
2026-01-23,event_2300,Argentina,9,8,1.125,0
2026-01-23,event_29000,Iran,9,6,1.5,0
2026-01-23,event_30000,Iran,9,4,2.25,0
2026-01-23,event_6800,Bulgaria,9,3,0,0
2026-01-23,event_6800,Martinique,9,5,0,0
2026-01-23,event_6800,China,9,6,4.5,0
2026-01-23,event_6801,United Kingdom,9,6,1.5,0
2026-01-23,event_6801,Portugal,9,9,1,0
2026-01-23,event_9900,Malaysia,9,2,4.5,0
2026-01-23,event_1000,Mozambique,8,3,2.6666666666666665,0
2026-01-23,event_1000,Jamaica,8,5,1.6,0
2026-01-23,event_1000,Romania,8,5,1.6,0
2026-01-23,event_1000,El Salvador,8,6,1.3333333333333333,0
2026-01-23,event_10100,Japan,8,4,2,0
2026-01-23,event_10100,Morocco,8,4,2,0
2026-01-23,event_10100,Nigeria,8,7,1.1428571428571428,0
2026-01-23,event_10350,Denmark,8,2,0,0
2026-01-23,event_10350,Azerbaijan,8,3,0,0
2026-01-23,event_10351,Belize,8,2,8,0
2026-01-23,event_10351,Yemen,8,3,2.6666666666666665,0
2026-01-23,event_10351,American Samoa,8,3,8,0
2026-01-23,event_10351,Albania,8,7,1.6,0
2026-01-23,event_10352,Palestine,8,2,8,0
2026-01-23,event_10352,Kyrgyzstan,8,3,8,0
2026-01-23,event_10352,Belgium,8,4,2.6666666666666665,0
2026-01-23,event_10352,Hungary,8,5,2.6666666666666665,0
2026-01-23,event_10354,Egypt,8,4,2,0
2026-01-23,event_10363,Portugal,8,3,2.6666666666666665,0
2026-01-23,event_10363,Saudi Arabia,8,6,1.3333333333333333,0
2026-01-23,event_10364,Iran,8,4,2,0
2026-01-23,event_10505,Malta,8,1,0,0
2026-01-23,event_10505,Moldova,8,1,8,0
2026-01-23,event_10505,Sri Lanka,8,3,4,0
2026-01-23,event_10505,Singapore,8,4,2,0
2026-01-23,event_10511,Bangladesh,8,3,2.6666666666666665,0
2026-01-23,event_10512,Ethiopia,8,1,8,0
2026-01-23,subscription_screen_open,Argentina,8,6,1.3333333333333333,0
2026-01-23,subscription_screen_open,Portugal,8,6,1.3333333333333333,0
2026-01-23,subscription_subscribe_click,Puerto Rico,8,1,8,0
2026-01-23,event_1600,Ireland,8,3,2.6666666666666665,0
2026-01-23,event_1600,Spain,8,5,1.6,0
2026-01-23,event_2100,South Africa,8,6,1.3333333333333333,0
2026-01-23,event_29000,Argentina,8,8,1,0
2026-01-23,event_6800,Cayman Islands,8,3,4,0
2026-01-23,event_6800,Lebanon,8,4,0,0
2026-01-23,event_6800,Côte d’Ivoire,8,4,2.6666666666666665,0
2026-01-23,event_6800,Lithuania,8,4,2.6666666666666665,0
2026-01-23,event_6800,Bahrain,8,4,4,0
2026-01-23,event_6800,Congo - Kinshasa,8,5,2.6666666666666665,0
2026-01-23,event_6801,Egypt,8,8,1,0
2026-01-23,event_1000,Myanmar (Burma),7,3,2.3333333333333335,0
2026-01-23,event_1000,Angola,7,4,1.75,0
2026-01-23,event_1000,Israel,7,5,1.4,0
2026-01-23,event_10100,Bangladesh,7,6,1.1666666666666667,0
2026-01-23,event_10100,Italy,7,6,1.1666666666666667,0
2026-01-23,event_10350,Mauritius,7,1,0,0
2026-01-23,event_10351,Mauritius,7,1,0,0
2026-01-23,event_10351,Cameroon,7,2,0,0
2026-01-23,event_10352,Seychelles,7,1,0,0
2026-01-23,event_10352,Marshall Islands,7,1,7,0
2026-01-23,event_10352,Austria,7,2,7,0
2026-01-23,event_10352,Somalia,7,2,7,0
2026-01-23,event_10352,Norway,7,4,0,0
2026-01-23,event_10352,Brunei,7,4,3.5,0
2026-01-23,event_10353,Palestine,7,2,7,0
2026-01-23,event_10363,Angola,7,2,3.5,0
2026-01-23,event_10363,Netherlands,7,3,2.3333333333333335,0
2026-01-23,event_10363,Chile,7,4,1.75,0
2026-01-23,event_10363,Uganda,7,5,2.3333333333333335,0
2026-01-23,event_10505,Haiti,7,3,3.5,0
2026-01-23,event_10511,American Samoa,7,1,7,0
2026-01-23,event_10511,Japan,7,3,2.3333333333333335,0
2026-01-23,event_10511,Thailand,7,5,1.75,0
2026-01-23,event_10512,India,7,3,2.3333333333333335,0
2026-01-23,event_10512,Mexico,7,4,1.75,0
2026-01-23,event_10850,India,7,5,1.4,0
2026-01-23,event_10850,Mexico,7,5,1.4,0
2026-01-23,subscription_subscribe_click,Bangladesh,7,3,2.3333333333333335,0
2026-01-23,event_1600,Germany,7,5,1.4,0
2026-01-23,event_1650,Egypt,7,2,3.5,0
2026-01-23,event_1700,United Kingdom,7,5,1.4,0
2026-01-23,event_2100,Belgium,7,1,7,0
2026-01-23,event_2100,Syria,7,3,2.3333333333333335,0
2026-01-23,event_2300,Egypt,7,5,1.4,0
2026-01-23,event_2300,United Kingdom,7,6,1.1666666666666667,0
2026-01-23,event_30000,Argentina,7,3,2.3333333333333335,0
2026-01-23,event_30000,India,7,3,2.3333333333333335,0
2026-01-23,event_31009,Peru,7,3,2.3333333333333335,0
2026-01-23,event_31009,Bangladesh,7,5,1.4,0
2026-01-23,event_31009,Egypt,7,6,1.1666666666666667,0
2026-01-23,event_39100,Iran,7,6,1.1666666666666667,0
2026-01-23,event_6800,Bahamas,7,3,7,0
2026-01-23,event_6800,Cyprus,7,3,7,0
2026-01-23,event_6800,Sierra Leone,7,4,0,0
2026-01-23,event_6800,Togo,7,4,2.3333333333333335,0
2026-01-23,event_6800,Ukraine,7,4,2.3333333333333335,0
2026-01-23,event_6800,Zambia,7,4,2.3333333333333335,0
2026-01-23,event_6800,Uzbekistan,7,4,7,0
2026-01-23,event_6800,Cambodia,7,5,0,0
2026-01-23,event_6801,France,7,4,1.75,0
2026-01-23,event_6801,Algeria,7,5,1.4,0
2026-01-23,event_6801,Nigeria,7,6,1.1666666666666667,0
2026-01-23,event_8001,Mexico,7,7,1,0
2026-01-23,event_9900,Vietnam,7,1,7,0
2026-01-23,event_1000,Singapore,6,2,3,0
2026-01-23,event_1000,French Guiana,6,3,2,0
2026-01-23,event_1000,Greece,6,3,2,0
2026-01-23,event_1000,Uganda,6,3,2,0
2026-01-23,event_1000,Vietnam,6,3,2,0
2026-01-23,event_1000,New Zealand,6,3,3,0
2026-01-23,event_1000,United Arab Emirates,6,5,1.2,0
2026-01-23,event_10100,Tunisia,6,3,2,0
2026-01-23,event_10100,South Africa,6,4,1.5,0
2026-01-23,event_10100,Jamaica,6,6,1,0
2026-01-23,event_10210,Argentina,6,5,1.2,0
2026-01-23,event_10350,Andorra,6,1,0,0
2026-01-23,event_10351,Macao,6,1,6,0
2026-01-23,event_10351,Marshall Islands,6,2,3,0
2026-01-23,event_10351,Suriname,6,2,6,0
2026-01-23,event_10351,Senegal,6,3,2,0
2026-01-23,event_10351,Haiti,6,5,2,0
2026-01-23,event_10352,Guam,6,2,6,0
2026-01-23,event_10352,Cameroon,6,3,6,0
2026-01-23,event_10353,Togo,6,1,6,0
2026-01-23,event_10353,Zambia,6,2,3,0
2026-01-23,event_10353,Angola,6,6,1.2,0
2026-01-23,event_10354,Peru,6,4,1.5,0
2026-01-23,event_10354,Canada,6,6,1,0
2026-01-23,event_10354,Philippines,6,6,1.2,0
2026-01-23,event_10363,Haiti,6,1,6,0
2026-01-23,event_10363,Sweden,6,1,6,0
2026-01-23,event_10364,United States,6,6,1,0
2026-01-23,event_10505,Uruguay,6,1,6,0
2026-01-23,event_10505,Belgium,6,2,3,0
2026-01-23,event_10505,U.S. Virgin Islands,6,2,3,0
2026-01-23,event_10511,Portugal,6,1,6,0
2026-01-23,event_10512,Argentina,6,1,6,0
2026-01-23,event_10512,Egypt,6,1,6,0
2026-01-23,event_10512,Indonesia,6,3,2,0
2026-01-23,event_10800,Mexico,6,6,1,0
2026-01-23,subscription_screen_open,Morocco,6,1,6,0
2026-01-23,subscription_subscribe_click,Mexico,6,2,3,0
2026-01-23,subscription_subscribe_click,India,6,3,2,0
2026-01-23,event_1600,Cuba,6,5,1.2,0
2026-01-23,event_1650,Bangladesh,6,6,1,0
2026-01-23,event_1650,Portugal,6,6,1,0
2026-01-23,event_1700,Iran,6,5,1.2,0
2026-01-23,event_1750,Portugal,6,6,1,0
2026-01-23,event_2100,Egypt,6,4,1.5,0
2026-01-23,event_2300,Netherlands,6,3,2,0
2026-01-23,event_2600,Puerto Rico,6,6,1,0
2026-01-23,event_26003,Japan,6,2,3,0
2026-01-23,event_37000,India,6,2,3,0
2026-01-23,event_6800,Barbados,6,2,0,0
2026-01-23,event_6800,Guinea-Bissau,6,2,0,0
2026-01-23,event_6800,South Sudan,6,2,0,0
2026-01-23,event_6800,Liberia,6,2,6,0
2026-01-23,event_6800,(not set),6,6,1,0
2026-01-23,event_8000,Bangladesh,6,6,1,0
2026-01-23,event_8000,Mexico,6,6,1,0
2026-01-23,event_9900,United Arab Emirates,6,3,2,0
2026-01-23,event_9900,India,6,6,1,0
2026-01-23,event_1000,Bermuda,5,1,5,0
2026-01-23,event_1000,Switzerland,5,3,1.6666666666666667,0
2026-01-23,event_1000,Sweden,5,4,1.25,0
2026-01-23,event_1000,Uruguay,5,4,1.25,0
2026-01-23,event_1000,Türkiye,5,5,1,0
2026-01-23,event_10100,New Zealand,5,1,5,0
2026-01-23,event_10100,Honduras,5,3,1.6666666666666667,0
2026-01-23,event_10100,Paraguay,5,4,1.25,0
2026-01-23,event_10100,Thailand,5,4,1.25,0
2026-01-23,event_10100,Venezuela,5,4,1.25,0
2026-01-23,event_10100,Guatemala,5,4,1.6666666666666667,0
2026-01-23,event_10100,Puerto Rico,5,5,1,0
2026-01-23,event_10350,Kiribati,5,1,0,0
2026-01-23,event_10350,Djibouti,5,1,5,0
2026-01-23,event_10350,Bulgaria,5,2,5,0
2026-01-23,event_10350,Aruba,5,3,0,0
2026-01-23,event_10350,Guinea-Bissau,5,3,0,0
2026-01-23,event_10350,Sierra Leone,5,4,0,0
2026-01-23,event_10351,Azerbaijan,5,2,0,0
2026-01-23,event_10351,Lithuania,5,2,2.5,0
2026-01-23,event_10351,Nicaragua,5,4,2.5,0
2026-01-23,event_10352,Bermuda,5,1,0,0
2026-01-23,event_10352,Djibouti,5,1,5,0
2026-01-23,event_10352,New Zealand,5,2,0,0
2026-01-23,event_10352,Macao,5,2,5,0
2026-01-23,event_10353,Guyana,5,1,5,0
2026-01-23,event_10353,Macao,5,1,5,0
2026-01-23,event_10353,Moldova,5,1,5,0
2026-01-23,event_10353,Trinidad & Tobago,5,1,5,0
2026-01-23,event_10353,Côte d’Ivoire,5,3,1.6666666666666667,0
2026-01-23,event_10354,Guatemala,5,2,2.5,0
2026-01-23,event_10354,Algeria,5,3,1.6666666666666667,0
2026-01-23,event_10354,Australia,5,3,1.6666666666666667,0
2026-01-23,event_10354,Netherlands,5,4,1.25,0
2026-01-23,event_10363,Malta,5,1,0,0
2026-01-23,event_10363,Mali,5,1,5,0
2026-01-23,event_10363,Togo,5,1,5,0
2026-01-23,event_10363,Nepal,5,2,2.5,0
2026-01-23,event_10363,El Salvador,5,3,1.6666666666666667,0
2026-01-23,event_10364,Mozambique,5,1,5,0
2026-01-23,event_10505,Tunisia,5,1,5,0
2026-01-23,event_10505,Poland,5,3,1.6666666666666667,0
2026-01-23,event_10505,Thailand,5,4,5,0
2026-01-23,event_10511,Bolivia,5,1,5,0
2026-01-23,event_10511,Moldova,5,1,5,0
2026-01-23,event_10511,France,5,3,2.5,0
2026-01-23,event_10512,Venezuela,5,1,5,0
2026-01-23,subscription_screen_open,Colombia,5,2,2.5,0
2026-01-23,subscription_screen_open,Peru,5,4,1.25,0
2026-01-23,subscription_screen_open,Puerto Rico,5,5,1,0
2026-01-23,subscription_subscribe_click,Egypt,5,4,1.25,0
2026-01-23,event_1600,Thailand,5,3,1.6666666666666667,0
2026-01-23,event_1600,France,5,4,1.25,0
2026-01-23,event_1600,Syria,5,4,1.25,0
2026-01-23,event_1600,Australia,5,5,1,0
2026-01-23,event_1650,Indonesia,5,5,1,0
2026-01-23,event_1700,Egypt,5,3,1.6666666666666667,0
2026-01-23,event_1750,Chile,5,4,1.25,0
2026-01-23,event_1750,Philippines,5,4,1.25,0
2026-01-23,event_1750,Egypt,5,5,1,0
2026-01-23,event_1750,India,5,5,1,0
2026-01-23,event_2100,Ireland,5,2,2.5,0
2026-01-23,event_2100,Algeria,5,3,1.6666666666666667,0
2026-01-23,event_2100,France,5,3,1.6666666666666667,0
2026-01-23,event_2100,Saudi Arabia,5,3,1.6666666666666667,0
2026-01-23,event_2100,Dominican Republic,5,4,1.25,0
2026-01-23,event_2100,Romania,5,4,1.25,0
2026-01-23,event_2100,Bangladesh,5,5,1,0
2026-01-23,event_2300,Venezuela,5,3,1.6666666666666667,0
2026-01-23,event_2300,Indonesia,5,5,1,0
2026-01-23,event_26003,Argentina,5,3,1.6666666666666667,0
2026-01-23,event_29000,Egypt,5,2,2.5,0
2026-01-23,event_29000,India,5,4,1.25,0
2026-01-23,event_29000,Indonesia,5,5,1,0
2026-01-23,event_31009,Bolivia,5,2,2.5,0
2026-01-23,event_37000,Iran,5,3,1.6666666666666667,0
2026-01-23,event_37000,Argentina,5,5,1,0
2026-01-23,event_39100,Ecuador,5,2,2.5,0
2026-01-23,event_6800,Aruba,5,2,0,0
2026-01-23,event_6800,Azerbaijan,5,2,0,0
2026-01-23,event_6800,Bosnia & Herzegovina,5,2,0,0
2026-01-23,event_6800,Mali,5,2,5,0
2026-01-23,event_6800,Suriname,5,2,5,0
2026-01-23,event_6800,Kyrgyzstan,5,3,5,0
2026-01-23,event_6801,Puerto Rico,5,5,1,0
2026-01-23,event_8000,Portugal,5,5,1,0
2026-01-23,event_8001,Bangladesh,5,5,1,0
2026-01-23,event_8001,Portugal,5,5,1,0
2026-01-23,event_9900,Serbia,5,1,5,0
2026-01-23,event_9900,El Salvador,5,4,1.25,0
2026-01-23,event_9900,Ireland,5,4,1.25,0
2026-01-23,event_1000,China,4,1,4,0
2026-01-23,event_1000,Oman,4,1,4,0
2026-01-23,event_1000,Costa Rica,4,2,2,0
2026-01-23,event_1000,South Korea,4,2,2,0
2026-01-23,event_1000,Afghanistan,4,4,1,0
2026-01-23,event_10100,Türkiye,4,2,2,0
2026-01-23,event_10100,Singapore,4,3,1.3333333333333333,0
2026-01-23,event_10100,Tanzania,4,3,1.3333333333333333,0
2026-01-23,event_10100,United Arab Emirates,4,3,1.3333333333333333,0
2026-01-23,event_10350,Belarus,4,1,0,0
2026-01-23,event_10350,Bosnia & Herzegovina,4,1,0,0
2026-01-23,event_10350,Iceland,4,1,0,0
2026-01-23,event_10351,Papua New Guinea,4,1,0,0
2026-01-23,event_10351,Bulgaria,4,1,4,0
2026-01-23,event_10351,Somalia,4,2,4,0
2026-01-23,event_10352,Bosnia & Herzegovina,4,1,0,0
2026-01-23,event_10352,Suriname,4,2,4,0
2026-01-23,event_10353,Tunisia,4,2,2,0
2026-01-23,event_10353,Vietnam,4,4,1,0
2026-01-23,event_10354,Singapore,4,1,4,0
2026-01-23,event_10354,Dominican Republic,4,3,1.3333333333333333,0
2026-01-23,event_10354,South Africa,4,3,1.3333333333333333,0
2026-01-23,event_10363,Jordan,4,1,4,0
2026-01-23,event_10363,Serbia,4,1,4,0
2026-01-23,event_10363,Romania,4,2,2,0
2026-01-23,event_10363,Sudan,4,2,2,0
2026-01-23,event_10363,Tanzania,4,3,1.3333333333333333,0
2026-01-23,event_10505,Uzbekistan,4,2,0,0
2026-01-23,event_10505,Cape Verde,4,2,2,0
2026-01-23,event_10505,Uganda,4,3,4,0
2026-01-23,event_10511,Italy,4,1,4,0
2026-01-23,event_10800,United Kingdom,4,4,1,0
2026-01-23,event_10850,Ecuador,4,2,2,0
2026-01-23,event_10850,Portugal,4,3,1.3333333333333333,0
2026-01-23,subscription_screen_open,France,4,2,2,0
2026-01-23,subscription_screen_open,Japan,4,2,2,0
2026-01-23,subscription_screen_open,Myanmar (Burma),4,2,2,0
2026-01-23,subscription_screen_open,Netherlands,4,2,2,0
2026-01-23,subscription_screen_open,Iran,4,3,1.3333333333333333,0
2026-01-23,subscription_screen_open,Algeria,4,4,1,0
2026-01-23,event_1600,Dominican Republic,4,3,1.3333333333333333,0
2026-01-23,event_1600,Chile,4,4,1,0
2026-01-23,event_1650,Cuba,4,3,1.3333333333333333,0
2026-01-23,event_1650,United Kingdom,4,4,1,0
2026-01-23,event_1700,Argentina,4,4,1,0
2026-01-23,event_1750,Japan,4,2,2,0
2026-01-23,event_1750,Puerto Rico,4,2,2,0
2026-01-23,event_1750,Switzerland,4,2,2,0
2026-01-23,event_1750,Canada,4,4,1,0
2026-01-23,event_2300,Bangladesh,4,3,1.3333333333333333,0
2026-01-23,event_2300,France,4,3,1.3333333333333333,0
2026-01-23,event_2300,Philippines,4,3,1.3333333333333333,0
2026-01-23,event_2600,Argentina,4,3,1.3333333333333333,0
2026-01-23,event_2600,United Kingdom,4,3,1.3333333333333333,0
2026-01-23,event_2600,Portugal,4,4,1,0
2026-01-23,event_26003,Bangladesh,4,3,1.3333333333333333,0
2026-01-23,event_26003,United Kingdom,4,4,1,0
2026-01-23,event_29000,Bangladesh,4,3,1.3333333333333333,0
2026-01-23,event_31009,Philippines,4,2,2,0
2026-01-23,event_31009,Colombia,4,3,1.3333333333333333,0
2026-01-23,event_31009,Portugal,4,3,1.3333333333333333,0
2026-01-23,event_37000,Puerto Rico,4,4,1,0
2026-01-23,event_39000,Ecuador,4,2,2,0
2026-01-23,event_39000,Iran,4,3,1.3333333333333333,0
2026-01-23,event_4418,India,4,1,4,0
2026-01-23,event_4418,Ireland,4,1,4,0
2026-01-23,event_6800,Albania,4,1,0,0
2026-01-23,event_6800,Denmark,4,1,0,0
2026-01-23,event_6800,Moldova,4,1,4,0
2026-01-23,event_6800,Brunei,4,2,0,0
2026-01-23,event_6800,Belize,4,2,4,0
2026-01-23,event_6800,Burkina Faso,4,2,4,0
2026-01-23,event_6800,Estonia,4,2,4,0
2026-01-23,event_6800,Somalia,4,2,4,0
2026-01-23,event_6801,Oman,4,1,4,0
2026-01-23,event_6801,Malaysia,4,2,2,0
2026-01-23,event_6801,South Africa,4,2,2,0
2026-01-23,event_6801,Spain,4,4,1,0
2026-01-23,event_6801,Syria,4,4,1,0
2026-01-23,event_6801,Bangladesh,4,4,1.3333333333333333,0
2026-01-23,event_6801,Pakistan,4,4,1.3333333333333333,0
2026-01-23,event_9900,Poland,4,1,4,0
2026-01-23,event_9900,Switzerland,4,1,4,0
2026-01-23,event_9900,Belgium,4,2,2,0
2026-01-23,event_9900,Greece,4,2,2,0
2026-01-23,event_9900,Australia,4,3,1.3333333333333333,0
2026-01-23,event_9900,Bangladesh,4,3,1.3333333333333333,0
2026-01-23,event_9900,Nigeria,4,4,1,0
2026-01-23,event_1000,Togo,3,1,3,0
2026-01-23,event_1000,Congo - Kinshasa,3,2,1.5,0
2026-01-23,event_1000,Ghana,3,2,1.5,0
2026-01-23,event_1000,Haiti,3,2,1.5,0
2026-01-23,event_1000,Hungary,3,2,1.5,0
2026-01-23,event_1000,Marshall Islands,3,2,1.5,0
2026-01-23,event_1000,Panama,3,2,1.5,0
2026-01-23,event_1000,Tunisia,3,2,1.5,0
2026-01-23,event_1000,Kuwait,3,3,1,0
2026-01-23,event_1000,Norway,3,3,1,0
2026-01-23,event_10000,Colombia,3,2,1.5,0
2026-01-23,event_10000,Iran,3,3,1,0
2026-01-23,event_10100,Haiti,3,1,3,0
2026-01-23,event_10100,Uganda,3,1,3,0
2026-01-23,event_10100,Greece,3,2,1.5,0
2026-01-23,event_10100,Iraq,3,2,1.5,0
2026-01-23,event_10100,Algeria,3,3,1,0
2026-01-23,event_10100,Chile,3,3,1,0
2026-01-23,event_10210,India,3,2,1.5,0
2026-01-23,event_10210,Indonesia,3,3,1,0
2026-01-23,event_10350,Dominica,3,1,0,0
2026-01-23,event_10350,St. Lucia,3,1,0,0
2026-01-23,event_10351,Andorra,3,1,0,0
2026-01-23,event_10352,Andorra,3,1,0,0
2026-01-23,event_10352,Papua New Guinea,3,1,0,0
2026-01-23,event_10352,Namibia,3,1,3,0
2026-01-23,event_10352,Azerbaijan,3,2,0,0
2026-01-23,event_10352,Guinea-Bissau,3,2,0,0
2026-01-23,event_10352,Cayman Islands,3,2,3,0
2026-01-23,event_10352,Sierra Leone,3,3,0,0
2026-01-23,event_10353,Belize,3,1,3,0
2026-01-23,event_10353,Bulgaria,3,1,3,0
2026-01-23,event_10353,China,3,2,1.5,0
2026-01-23,event_10353,Congo - Kinshasa,3,2,1.5,0
2026-01-23,event_10353,Norway,3,2,1.5,0
2026-01-23,event_10354,Belgium,3,1,3,0
2026-01-23,event_10354,Chile,3,2,1.5,0
2026-01-23,event_10354,Ireland,3,2,1.5,0
2026-01-23,event_10354,Nigeria,3,3,1,0
2026-01-23,event_10363,Zambia,3,1,3,0
2026-01-23,event_10363,Paraguay,3,2,1.5,0
2026-01-23,event_10363,United Arab Emirates,3,2,3,0
2026-01-23,event_10363,(not set),3,3,1,0
2026-01-23,event_10364,Mexico,3,2,1.5,0
2026-01-23,event_10505,Türkiye,3,2,0,0
2026-01-23,event_10505,Afghanistan,3,2,1.5,0
2026-01-23,event_10505,Italy,3,2,1.5,0
2026-01-23,event_10505,Vietnam,3,2,1.5,0
2026-01-23,event_10505,Taiwan,3,2,3,0
2026-01-23,event_10511,Morocco,3,1,3,0
2026-01-23,event_10511,Oman,3,1,3,0
2026-01-23,event_10511,Sweden,3,1,3,0
2026-01-23,event_10512,Honduras,3,1,3,0
2026-01-23,event_10512,United Arab Emirates,3,1,3,0
2026-01-23,event_10800,Bangladesh,3,2,1.5,0
2026-01-23,event_10800,Puerto Rico,3,3,1,0
2026-01-23,event_10850,Japan,3,1,3,0
2026-01-23,event_10850,Bangladesh,3,2,1.5,0
2026-01-23,event_10850,Egypt,3,2,1.5,0
2026-01-23,event_10850,United Kingdom,3,3,1,0
2026-01-23,subscription_screen_open,Norway,3,1,3,0
2026-01-23,subscription_screen_open,Romania,3,2,1.5,0
2026-01-23,subscription_screen_open,Syria,3,2,1.5,0
2026-01-23,subscription_screen_open,Saudi Arabia,3,3,1,0
2026-01-23,subscription_subscribe_click,France,3,1,3,0
2026-01-23,subscription_purchase_complete,United States,3,3,1,0
2026-01-23,event_1600,Ecuador,3,2,1.5,0
2026-01-23,event_1600,Ghana,3,2,1.5,0
2026-01-23,event_1600,Myanmar (Burma),3,2,1.5,0
2026-01-23,event_1600,Paraguay,3,3,1,0
2026-01-23,event_1600,Romania,3,3,1,0
2026-01-23,event_1600,Türkiye,3,3,1,0
2026-01-23,event_1650,Colombia,3,2,1.5,0
2026-01-23,event_1650,Malaysia,3,2,1.5,0
2026-01-23,event_1650,Canada,3,3,1,0
2026-01-23,event_1650,Philippines,3,3,1,0
2026-01-23,event_1700,Bangladesh,3,2,1.5,0
2026-01-23,event_1700,France,3,2,1.5,0
2026-01-23,event_1700,Puerto Rico,3,2,1.5,0
2026-01-23,event_1750,Belgium,3,1,3,0
2026-01-23,event_1750,Pakistan,3,2,1.5,0
2026-01-23,event_1750,Poland,3,2,1.5,0
2026-01-23,event_2100,Türkiye,3,1,3,0
2026-01-23,event_2100,Morocco,3,2,1.5,0
2026-01-23,event_2100,Chile,3,3,1,0
2026-01-23,event_2100,Jamaica,3,3,1,0
2026-01-23,event_2100,Japan,3,3,1,0
2026-01-23,event_2100,Philippines,3,3,1,0
2026-01-23,event_2300,Portugal,3,2,1.5,0
2026-01-23,event_2300,Algeria,3,3,1,0
2026-01-23,event_2300,Ecuador,3,3,1,0
2026-01-23,event_26003,Mexico,3,2,1.5,0
2026-01-23,event_29000,France,3,1,3,0
2026-01-23,event_29000,Puerto Rico,3,3,1,0
2026-01-23,event_29000,United Kingdom,3,3,1,0
2026-01-23,event_31009,Ireland,3,1,3,0
2026-01-23,event_31009,Japan,3,2,1.5,0
2026-01-23,event_31009,United Kingdom,3,2,1.5,0
2026-01-23,event_37000,Spain,3,3,1,0
2026-01-23,event_39100,Mexico,3,3,1,0
2026-01-23,event_6800,French Polynesia,3,1,0,0
2026-01-23,event_6800,Gabon,3,1,0,0
2026-01-23,event_6800,Kazakhstan,3,1,0,0
2026-01-23,event_6800,Mauritius,3,1,0,0
2026-01-23,event_6800,St. Lucia,3,1,0,0
2026-01-23,event_6800,St. Vincent & Grenadines,3,1,0,0
2026-01-23,event_6800,Bermuda,3,1,3,0
2026-01-23,event_6800,Niger,3,1,3,0
2026-01-23,event_6800,St. Kitts & Nevis,3,2,0,0
2026-01-23,event_6800,Marshall Islands,3,2,1.5,0
2026-01-23,event_6800,Grenada,3,2,3,0
2026-01-23,event_6800,Namibia,3,2,3,0
2026-01-23,event_6801,Canada,3,3,1,0
2026-01-23,event_6801,Chile,3,3,1,0
2026-01-23,event_6801,Colombia,3,3,1,0
2026-01-23,event_8000,Algeria,3,3,1,0
2026-01-23,event_8000,Saudi Arabia,3,3,1,0
2026-01-23,event_8001,Algeria,3,3,1,0
2026-01-23,event_8001,Saudi Arabia,3,3,1,0
2026-01-23,event_9900,Hungary,3,1,3,0
2026-01-23,event_9900,Philippines,3,1,3,0
2026-01-23,event_9900,Dominican Republic,3,2,1.5,0
2026-01-23,event_9900,Honduras,3,2,1.5,0
2026-01-23,event_9900,Kuwait,3,2,1.5,0
2026-01-23,event_9900,Netherlands,3,3,1,0
2026-01-23,open_wifi_alert_settings__screen_viewed,Ghana,3,1,3,0
2026-01-23,open_wifi_alert_settings__screen_viewed,India,3,1,3,0
2026-01-23,open_wifi_alert_settings__screen_viewed,Ireland,3,1,3,0
2026-01-23,open_wifi_alert_settings__screen_viewed,Japan,3,1,3,0
2026-01-23,open_wifi_alert_settings__screen_viewed,United Kingdom,3,2,1.5,0
2026-01-23,event_1000,Niger,2,1,2,0
2026-01-23,event_1000,Senegal,2,1,2,0
2026-01-23,event_1000,Sri Lanka,2,1,2,0
2026-01-23,event_1000,U.S. Virgin Islands,2,1,2,0
2026-01-23,event_1000,Antigua & Barbuda,2,2,1,0
2026-01-23,event_1000,Qatar,2,2,1,0
2026-01-23,event_10000,Indonesia,2,1,2,0
2026-01-23,event_10000,Argentina,2,2,1,0
2026-01-23,event_10000,Bangladesh,2,2,1,0
2026-01-23,event_10000,Egypt,2,2,1,0
2026-01-23,event_10000,Guatemala,2,2,1,0
2026-01-23,event_10000,Pakistan,2,2,1,0
2026-01-23,event_10000,Portugal,2,2,1,0
2026-01-23,event_10100,Australia,2,1,2,0
2026-01-23,event_10100,Austria,2,1,2,0
2026-01-23,event_10100,Belize,2,1,2,0
2026-01-23,event_10100,Bolivia,2,1,2,0
2026-01-23,event_10100,China,2,1,2,0
2026-01-23,event_10100,Ecuador,2,2,1,0
2026-01-23,event_10100,El Salvador,2,2,1,0
2026-01-23,event_10100,Laos,2,2,1,0
2026-01-23,event_10100,Malaysia,2,2,1,0
2026-01-23,event_10100,Peru,2,2,1,0
2026-01-23,event_10100,Romania,2,2,1,0
2026-01-23,event_10100,Sweden,2,2,1,0
2026-01-23,event_10100,Uruguay,2,2,1,0
2026-01-23,event_10210,Portugal,2,1,2,0
2026-01-23,event_10210,Singapore,2,1,2,0
2026-01-23,event_10350,Barbados,2,1,0,0
2026-01-23,event_10350,Estonia,2,1,0,0
2026-01-23,event_10350,Kosovo,2,1,0,0
2026-01-23,event_10350,Northern Mariana Islands,2,1,0,0
2026-01-23,event_10350,South Sudan,2,1,0,0
2026-01-23,event_10350,St. Kitts & Nevis,2,2,0,0
2026-01-23,event_10351,Kiribati,2,1,0,0
2026-01-23,event_10351,Malta,2,1,0,0
2026-01-23,event_10351,Liberia,2,1,2,0
2026-01-23,event_10351,Aruba,2,2,0,0
2026-01-23,event_10351,Austria,2,2,0,0
2026-01-23,event_10351,Sierra Leone,2,2,0,0
2026-01-23,event_10351,Bahamas,2,2,1,0
2026-01-23,event_10352,Dominica,2,1,0,0
2026-01-23,event_10352,Estonia,2,1,0,0
2026-01-23,event_10352,Kiribati,2,1,0,0
2026-01-23,event_10352,South Sudan,2,1,0,0
2026-01-23,event_10352,Finland,2,1,2,0
2026-01-23,event_10352,French Guiana,2,2,1,0
2026-01-23,event_10353,Bahrain,2,1,2,0
2026-01-23,event_10353,Burkina Faso,2,1,2,0
2026-01-23,event_10353,Grenada,2,1,2,0
2026-01-23,event_10353,Lithuania,2,1,2,0
2026-01-23,event_10353,Myanmar (Burma),2,1,2,0
2026-01-23,event_10353,Russia,2,1,2,0
2026-01-23,event_10353,Taiwan,2,1,2,0
2026-01-23,event_10353,Cape Verde,2,2,1,0
2026-01-23,event_10353,Sweden,2,2,1,0
2026-01-23,event_10354,Cuba,2,1,2,0
2026-01-23,event_10354,Iran,2,1,2,0
2026-01-23,event_10354,Romania,2,1,2,0
2026-01-23,event_10354,Togo,2,1,2,0
2026-01-23,event_10354,France,2,2,1,0
2026-01-23,event_10354,Ghana,2,2,1,0
2026-01-23,event_10354,Italy,2,2,1,0
2026-01-23,event_10354,Jordan,2,2,1,0
2026-01-23,event_10354,Türkiye,2,2,1,0
2026-01-23,event_10354,Venezuela,2,2,1,0
2026-01-23,event_10363,Jamaica,2,1,2,0
2026-01-23,event_10363,Liberia,2,1,2,0
2026-01-23,event_10363,Oman,2,1,2,0
2026-01-23,event_10363,Senegal,2,1,2,0
2026-01-23,event_10363,Thailand,2,1,2,0
2026-01-23,event_10363,Tunisia,2,1,2,0
2026-01-23,event_10363,Cape Verde,2,2,1,0
2026-01-23,event_10363,Ghana,2,2,1,0
2026-01-23,event_10363,Guyana,2,2,1,0
2026-01-23,event_10363,Nicaragua,2,2,1,0
2026-01-23,event_10363,Yemen,2,2,2,0
2026-01-23,event_10364,Egypt,2,1,2,0
2026-01-23,event_10364,Guatemala,2,1,2,0
2026-01-23,event_10364,Bangladesh,2,2,1,0
2026-01-23,event_10364,Japan,2,2,1,0
2026-01-23,event_10505,American Samoa,2,1,2,0
2026-01-23,event_10505,Burkina Faso,2,1,2,0
2026-01-23,event_10505,Djibouti,2,1,2,0
2026-01-23,event_10505,Kenya,2,1,2,0
2026-01-23,event_10505,Namibia,2,1,2,0
2026-01-23,event_10505,New Zealand,2,1,2,0
2026-01-23,event_10505,Serbia,2,1,2,0
2026-01-23,event_10505,Jordan,2,2,0,0
2026-01-23,event_10505,Panama,2,2,1,0
2026-01-23,event_10505,Honduras,2,2,2,0
2026-01-23,event_10505,Jamaica,2,2,2,0
2026-01-23,event_10505,Switzerland,2,2,2,0
2026-01-23,event_10505,Trinidad & Tobago,2,2,2,0
2026-01-23,event_10511,Algeria,2,1,2,0
2026-01-23,event_10511,Guatemala,2,1,2,0
2026-01-23,event_10511,Ireland,2,1,2,0
2026-01-23,event_10512,Bangladesh,2,1,2,0
2026-01-23,event_10512,Cuba,2,2,1,0
2026-01-23,event_10850,Morocco,2,1,2,0
2026-01-23,event_10850,Syria,2,1,2,0
2026-01-23,event_10850,Venezuela,2,1,2,0
2026-01-23,subscription_screen_open,Thailand,2,1,2,0
2026-01-23,subscription_screen_open,Yemen,2,1,2,0
2026-01-23,subscription_screen_open,Ireland,2,2,1,0
2026-01-23,subscription_screen_open,Malaysia,2,2,1,0
2026-01-23,subscription_screen_open,Nigeria,2,2,1,0
2026-01-23,subscription_screen_open,Pakistan,2,2,1,0
2026-01-23,subscription_screen_open,Spain,2,2,1,0
2026-01-23,subscription_screen_open,Türkiye,2,2,1,0
2026-01-23,subscription_screen_open,Venezuela,2,2,1,0
2026-01-23,subscription_subscribe_click,Peru,2,1,2,0
2026-01-23,subscription_subscribe_click,Syria,2,2,1,0
2026-01-23,event_1600,Angola,2,1,2,0
2026-01-23,event_1600,New Zealand,2,1,2,0
2026-01-23,event_1600,Bolivia,2,2,1,0
2026-01-23,event_1600,Guatemala,2,2,1,0
2026-01-23,event_1600,Israel,2,2,1,0
2026-01-23,event_1600,Jamaica,2,2,1,0
2026-01-23,event_1600,Morocco,2,2,1,0
2026-01-23,event_1600,Pakistan,2,2,1,0
2026-01-23,event_1650,Poland,2,1,2,0
2026-01-23,event_1650,Germany,2,2,1,0
2026-01-23,event_1650,South Africa,2,2,1,0
2026-01-23,event_1650,Spain,2,2,1,0
2026-01-23,event_1700,Chile,2,1,2,0
2026-01-23,event_1700,Germany,2,2,1,0
2026-01-23,event_1700,Indonesia,2,2,1,0
2026-01-23,event_1700,Japan,2,2,1,0
2026-01-23,event_1700,Nigeria,2,2,1,0
2026-01-23,event_1700,Poland,2,2,1,0
2026-01-23,event_1700,Portugal,2,2,1,0
2026-01-23,event_1700,Spain,2,2,1,0
2026-01-23,event_1750,Dominican Republic,2,1,2,0
2026-01-23,event_1750,Laos,2,1,2,0
2026-01-23,event_1750,Paraguay,2,1,2,0
2026-01-23,event_1750,Peru,2,1,2,0
2026-01-23,event_1750,Bangladesh,2,2,1,0
2026-01-23,event_1750,Italy,2,2,1,0
2026-01-23,event_1750,Jamaica,2,2,1,0
2026-01-23,event_1750,United Kingdom,2,2,1,0
2026-01-23,event_2100,Bermuda,2,1,2,0
2026-01-23,event_2100,Cuba,2,1,2,0
2026-01-23,event_2100,El Salvador,2,1,2,0
2026-01-23,event_2100,Guatemala,2,1,2,0
2026-01-23,event_2100,Myanmar (Burma),2,1,2,0
2026-01-23,event_2100,Oman,2,1,2,0
2026-01-23,event_2100,Thailand,2,1,2,0
2026-01-23,event_2100,Uganda,2,1,2,0
2026-01-23,event_2100,Australia,2,2,1,0
2026-01-23,event_2100,Bolivia,2,2,1,0
2026-01-23,event_2100,Greece,2,2,1,0
2026-01-23,event_2100,Jordan,2,2,1,0
2026-01-23,event_2100,Malaysia,2,2,1,0
2026-01-23,event_2100,Peru,2,2,1,0
2026-01-23,event_2100,Uruguay,2,2,1,0
2026-01-23,event_2300,Cuba,2,1,2,0
2026-01-23,event_2300,Japan,2,1,2,0
2026-01-23,event_2300,Singapore,2,1,2,0
2026-01-23,event_2300,Bolivia,2,2,1,0
2026-01-23,event_2300,Canada,2,2,1,0
2026-01-23,event_2300,Chile,2,2,1,0
2026-01-23,event_2300,Malaysia,2,2,1,0
2026-01-23,event_2300,South Africa,2,2,1,0
2026-01-23,event_2600,Canada,2,1,2,0
2026-01-23,event_2600,Ghana,2,1,2,0
2026-01-23,event_2600,Mongolia,2,1,2,0
2026-01-23,event_2600,Bangladesh,2,2,1,0
2026-01-23,event_26003,France,2,1,2,0
2026-01-23,event_26003,Peru,2,1,2,0
2026-01-23,event_26003,Egypt,2,2,1,0
2026-01-23,event_26003,Indonesia,2,2,1,0
2026-01-23,event_26003,Portugal,2,2,1,0
2026-01-23,event_29000,Bolivia,2,2,1,0
2026-01-23,event_29000,Ireland,2,2,1,0
2026-01-23,event_29000,Japan,2,2,1,0
2026-01-23,event_29000,Portugal,2,2,1,0
2026-01-23,event_29000,Spain,2,2,1,0
2026-01-23,event_30000,Cuba,2,1,2,0
2026-01-23,event_30000,Portugal,2,1,2,0
2026-01-23,event_30000,United Arab Emirates,2,1,2,0
2026-01-23,event_30000,Indonesia,2,2,1,0
2026-01-23,event_30000,Mexico,2,2,1,0
2026-01-23,event_31009,Ghana,2,1,2,0
2026-01-23,event_31009,Malaysia,2,1,2,0
2026-01-23,event_31009,Myanmar (Burma),2,1,2,0
2026-01-23,event_31009,Syria,2,1,2,0
2026-01-23,event_31009,Chile,2,2,1,0
2026-01-23,event_31009,Cuba,2,2,1,0
2026-01-23,event_31009,France,2,2,1,0
2026-01-23,event_37000,Canada,2,1,2,0
2026-01-23,event_37000,Egypt,2,1,2,0
2026-01-23,event_37000,Japan,2,2,1,0
2026-01-23,event_37000,Portugal,2,2,1,0
2026-01-23,event_37000,United Kingdom,2,2,1,0
2026-01-23,event_39000,Argentina,2,2,1,0
2026-01-23,event_39000,India,2,2,1,0
2026-01-23,event_6800,Bhutan,2,1,0,0
2026-01-23,event_6800,Chad,2,1,0,0
2026-01-23,event_6800,Georgia,2,1,0,0
2026-01-23,event_6800,Malta,2,1,0,0
2026-01-23,event_6800,Guam,2,1,2,0
2026-01-23,event_6800,Macao,2,1,2,0
2026-01-23,event_6800,Micronesia,2,1,2,0
2026-01-23,event_6800,Djibouti,2,2,1,0
2026-01-23,event_6801,Ethiopia,2,1,2,0
2026-01-23,event_6801,Haiti,2,1,2,0
2026-01-23,event_6801,Cuba,2,2,1,0
2026-01-23,event_6801,El Salvador,2,2,1,0
2026-01-23,event_6801,French Guiana,2,2,1,0
2026-01-23,event_6801,Jordan,2,2,1,0
2026-01-23,event_6801,Peru,2,2,1,0
2026-01-23,event_6801,Philippines,2,2,1,0
2026-01-23,event_6801,Poland,2,2,1,0
2026-01-23,event_8000,Indonesia,2,2,1,0
2026-01-23,event_8000,Italy,2,2,1,0
2026-01-23,event_8000,Jordan,2,2,1,0
2026-01-23,event_8000,Pakistan,2,2,1,0
2026-01-23,event_8000,Paraguay,2,2,1,0
2026-01-23,event_8000,Thailand,2,2,1,0
2026-01-23,event_8000,Tunisia,2,2,1,0
2026-01-23,event_8000,Türkiye,2,2,1,0
2026-01-23,event_8001,Colombia,2,2,1,0
2026-01-23,event_8001,Türkiye,2,2,1,0
2026-01-23,event_9900,Italy,2,1,2,0
2026-01-23,event_9900,Panama,2,1,2,0
2026-01-23,event_9900,Peru,2,1,2,0
2026-01-23,event_9900,Türkiye,2,1,2,0
2026-01-23,event_9900,Chile,2,2,1,0
2026-01-23,event_9900,Iran,2,2,1,0
2026-01-23,event_9900,Morocco,2,2,1,0
2026-01-23,event_9900,Romania,2,2,1,0
2026-01-23,event_9900,Thailand,2,2,1,0
2026-01-23,event_9900,Uruguay,2,2,1,0
2026-01-23,event_9900,Venezuela,2,2,1,0
2026-01-23,open_wifi_alert__click_on_upgrade,Ghana,2,1,2,0
2026-01-23,open_wifi_alert__click_on_upgrade,India,2,1,2,0
2026-01-23,open_wifi_alert__click_on_upgrade,Japan,2,1,2,0
2026-01-23,open_wifi_alert_paywall__screen_viewed,Ghana,2,1,2,0
2026-01-23,open_wifi_alert_paywall__screen_viewed,India,2,1,2,0
2026-01-23,open_wifi_alert_paywall__screen_viewed,Japan,2,1,2,0
2026-01-23,pix_analyzer_onboarding_activate_click,United Kingdom,2,2,1,0
2026-01-23,pix_analyzer_onboarding_start,Egypt,2,1,2,0
2026-01-23,pix_analyzer_onboarding_start,Germany,2,1,2,0
2026-01-23,pix_analyzer_onboarding_start,Morocco,2,1,2,0
2026-01-23,pix_analyzer_onboarding_start,United Kingdom,2,2,1,0
2026-01-23,event_1000,American Samoa,1,1,1,0
2026-01-23,event_1000,Bahamas,1,1,1,0
2026-01-23,event_1000,Belize,1,1,1,0
2026-01-23,event_1000,Cape Verde,1,1,1,0
2026-01-23,event_1000,Cayman Islands,1,1,1,0
2026-01-23,event_1000,Czechia,1,1,1,0
2026-01-23,event_1000,Côte d’Ivoire,1,1,1,0
2026-01-23,event_1000,Guyana,1,1,1,0
2026-01-23,event_1000,Kenya,1,1,1,0
2026-01-23,event_1000,Lebanon,1,1,1,0
2026-01-23,event_1000,Liberia,1,1,1,0
2026-01-23,event_1000,Mali,1,1,1,0
2026-01-23,event_1000,Namibia,1,1,1,0
2026-01-23,event_1000,Nepal,1,1,1,0
2026-01-23,event_1000,Russia,1,1,1,0
2026-01-23,event_1000,Serbia,1,1,1,0
2026-01-23,event_1000,Slovakia,1,1,1,0
2026-01-23,event_1000,Suriname,1,1,1,0
2026-01-23,event_1000,Tanzania,1,1,1,0
2026-01-23,event_1000,Uzbekistan,1,1,1,0
2026-01-23,event_1000,Yemen,1,1,1,0
2026-01-23,event_1000,Zambia,1,1,1,0
2026-01-23,event_1000,Zimbabwe,1,1,1,0
2026-01-23,event_10000,Australia,1,1,1,0
2026-01-23,event_10000,Ecuador,1,1,1,0
2026-01-23,event_10000,France,1,1,1,0
2026-01-23,event_10000,Hungary,1,1,1,0
2026-01-23,event_10000,Jordan,1,1,1,0
2026-01-23,event_10000,Peru,1,1,1,0
2026-01-23,event_10000,Philippines,1,1,1,0
2026-01-23,event_10000,Puerto Rico,1,1,1,0
2026-01-23,event_10000,Romania,1,1,1,0
2026-01-23,event_10000,Russia,1,1,1,0
2026-01-23,event_10000,Senegal,1,1,1,0
2026-01-23,event_10000,South Africa,1,1,1,0
2026-01-23,event_10000,Türkiye,1,1,1,0
2026-01-23,event_10000,Uruguay,1,1,1,0
2026-01-23,event_10000,Vietnam,1,1,1,0
2026-01-23,event_10100,Palestine,1,1,0,0
2026-01-23,event_10100,Angola,1,1,1,0
2026-01-23,event_10100,Burkina Faso,1,1,1,0
2026-01-23,event_10100,Cape Verde,1,1,1,0
2026-01-23,event_10100,Côte d’Ivoire,1,1,1,0
2026-01-23,event_10100,French Guiana,1,1,1,0
2026-01-23,event_10100,Ghana,1,1,1,0
2026-01-23,event_10100,Israel,1,1,1,0
2026-01-23,event_10100,Kuwait,1,1,1,0
2026-01-23,event_10100,Lithuania,1,1,1,0
2026-01-23,event_10100,Mozambique,1,1,1,0
2026-01-23,event_10100,Nepal,1,1,1,0
2026-01-23,event_10100,Nicaragua,1,1,1,0
2026-01-23,event_10100,Qatar,1,1,1,0
2026-01-23,event_10100,Sudan,1,1,1,0
2026-01-23,event_10100,Switzerland,1,1,1,0
2026-01-23,event_10100,Trinidad & Tobago,1,1,1,0
2026-01-23,event_10100,Vietnam,1,1,1,0
2026-01-23,event_10100,Yemen,1,1,1,0
2026-01-23,event_10210,Dominican Republic,1,1,1,0
2026-01-23,event_10210,Germany,1,1,1,0
2026-01-23,event_10210,Ghana,1,1,1,0
2026-01-23,event_10350,Armenia,1,1,0,0
2026-01-23,event_10350,Caribbean Netherlands,1,1,0,0
2026-01-23,event_10350,Equatorial Guinea,1,1,0,0
2026-01-23,event_10350,French Polynesia,1,1,0,0
2026-01-23,event_10350,Gambia,1,1,0,0
2026-01-23,event_10350,North Macedonia,1,1,0,0
2026-01-23,event_10350,Réunion,1,1,0,0
2026-01-23,event_10350,St. Vincent & Grenadines,1,1,0,0
2026-01-23,event_10350,Sint Maarten,1,1,1,0
2026-01-23,event_10351,Barbados,1,1,0,0
2026-01-23,event_10351,Caribbean Netherlands,1,1,0,0
2026-01-23,event_10351,French Polynesia,1,1,0,0
2026-01-23,event_10351,Guinea-Bissau,1,1,0,0
2026-01-23,event_10351,Kazakhstan,1,1,0,0
2026-01-23,event_10351,North Macedonia,1,1,0,0
2026-01-23,event_10351,St. Kitts & Nevis,1,1,0,0
2026-01-23,event_10351,Denmark,1,1,1,0
2026-01-23,event_10351,Eswatini,1,1,1,0
2026-01-23,event_10351,São Tomé & Príncipe,1,1,1,0
2026-01-23,event_10352,Barbados,1,1,0,0
2026-01-23,event_10352,Belarus,1,1,0,0
2026-01-23,event_10352,Equatorial Guinea,1,1,0,0
2026-01-23,event_10352,Gambia,1,1,0,0
2026-01-23,event_10352,St. Kitts & Nevis,1,1,0,0
2026-01-23,event_10352,St. Vincent & Grenadines,1,1,0,0
2026-01-23,event_10352,Sint Maarten,1,1,1,0
2026-01-23,event_10353,Afghanistan,1,1,1,0
2026-01-23,event_10353,American Samoa,1,1,1,0
2026-01-23,event_10353,Djibouti,1,1,1,0
2026-01-23,event_10353,Niger,1,1,1,0
2026-01-23,event_10353,Somalia,1,1,1,0
2026-01-23,event_10353,Suriname,1,1,1,0
2026-01-23,event_10353,Syria,1,1,1,0
2026-01-23,event_10354,El Salvador,1,1,0,0
2026-01-23,event_10354,Cape Verde,1,1,1,0
2026-01-23,event_10354,Ecuador,1,1,1,0
2026-01-23,event_10354,Honduras,1,1,1,0
2026-01-23,event_10354,Jamaica,1,1,1,0
2026-01-23,event_10354,Japan,1,1,1,0
2026-01-23,event_10354,Laos,1,1,1,0
2026-01-23,event_10354,Morocco,1,1,1,0
2026-01-23,event_10354,Saudi Arabia,1,1,1,0
2026-01-23,event_10354,Switzerland,1,1,1,0
2026-01-23,event_10354,United Arab Emirates,1,1,1,0
2026-01-23,event_10363,Uzbekistan,1,1,0,0
2026-01-23,event_10363,American Samoa,1,1,1,0
2026-01-23,event_10363,Australia,1,1,1,0
2026-01-23,event_10363,Côte d’Ivoire,1,1,1,0
2026-01-23,event_10363,Djibouti,1,1,1,0
2026-01-23,event_10363,Dominican Republic,1,1,1,0
2026-01-23,event_10363,French Guiana,1,1,1,0
2026-01-23,event_10363,Greece,1,1,1,0
2026-01-23,event_10363,Grenada,1,1,1,0
2026-01-23,event_10363,Honduras,1,1,1,0
2026-01-23,event_10363,Iraq,1,1,1,0
2026-01-23,event_10363,Italy,1,1,1,0
2026-01-23,event_10363,Singapore,1,1,1,0
2026-01-23,event_10363,Suriname,1,1,1,0
2026-01-23,event_10363,Ukraine,1,1,1,0
2026-01-23,event_10364,Cuba,1,1,1,0
2026-01-23,event_10364,India,1,1,1,0
2026-01-23,event_10364,Indonesia,1,1,1,0
2026-01-23,event_10364,Nicaragua,1,1,1,0
2026-01-23,event_10364,Nigeria,1,1,1,0
2026-01-23,event_10364,Puerto Rico,1,1,1,0
2026-01-23,event_10364,Venezuela,1,1,1,0
2026-01-23,event_10505,Antigua & Barbuda,1,1,0,0
2026-01-23,event_10505,Congo - Kinshasa,1,1,0,0
2026-01-23,event_10505,French Guiana,1,1,0,0
2026-01-23,event_10505,Israel,1,1,0,0
2026-01-23,event_10505,Norway,1,1,0,0
2026-01-23,event_10505,Yemen,1,1,0,0
2026-01-23,event_10505,Zimbabwe,1,1,0,0
2026-01-23,event_10505,Eswatini,1,1,1,0
2026-01-23,event_10505,Grenada,1,1,1,0
2026-01-23,event_10505,Guyana,1,1,1,0
2026-01-23,event_10505,Liberia,1,1,1,0
2026-01-23,event_10505,Lithuania,1,1,1,0
2026-01-23,event_10505,Macao,1,1,1,0
2026-01-23,event_10505,Mongolia,1,1,1,0
2026-01-23,event_10505,Myanmar (Burma),1,1,1,0
2026-01-23,event_10505,Nepal,1,1,1,0
2026-01-23,event_10505,Nicaragua,1,1,1,0
2026-01-23,event_10505,Slovakia,1,1,1,0
2026-01-23,event_10505,Sweden,1,1,1,0
2026-01-23,event_10505,Ukraine,1,1,1,0
2026-01-23,event_10511,Chile,1,1,1,0
2026-01-23,event_10511,Sudan,1,1,1,0
2026-01-23,event_10512,Algeria,1,1,1,0
2026-01-23,event_10512,Canada,1,1,1,0
2026-01-23,event_10512,Ecuador,1,1,1,0
2026-01-23,event_10512,Malaysia,1,1,1,0
2026-01-23,event_10512,Mali,1,1,1,0
2026-01-23,event_10512,Myanmar (Burma),1,1,1,0
2026-01-23,event_10512,Slovakia,1,1,1,0
2026-01-23,event_10512,Spain,1,1,1,0
2026-01-23,event_10800,Argentina,1,1,1,0
2026-01-23,event_10800,Egypt,1,1,1,0
2026-01-23,event_10800,Ireland,1,1,1,0
2026-01-23,event_10800,Syria,1,1,1,0
2026-01-23,event_10850,Angola,1,1,1,0
2026-01-23,event_10850,Canada,1,1,1,0
2026-01-23,event_10850,Colombia,1,1,1,0
2026-01-23,event_10850,France,1,1,1,0
2026-01-23,event_10850,Germany,1,1,1,0
2026-01-23,event_10850,Ireland,1,1,1,0
2026-01-23,event_10850,Myanmar (Burma),1,1,1,0
2026-01-23,event_10850,Nigeria,1,1,1,0
2026-01-23,event_10850,Pakistan,1,1,1,0
2026-01-23,event_10850,Peru,1,1,1,0
2026-01-23,event_10850,Philippines,1,1,1,0
2026-01-23,event_10850,Saudi Arabia,1,1,1,0
2026-01-23,event_10850,Türkiye,1,1,1,0
2026-01-23,subscription_screen_open,Angola,1,1,1,0
2026-01-23,subscription_screen_open,Australia,1,1,1,0
2026-01-23,subscription_screen_open,Canada,1,1,1,0
2026-01-23,subscription_screen_open,Chile,1,1,1,0
2026-01-23,subscription_screen_open,Ecuador,1,1,1,0
2026-01-23,subscription_screen_open,Ghana,1,1,1,0
2026-01-23,subscription_screen_open,Guatemala,1,1,1,0
2026-01-23,subscription_screen_open,Jordan,1,1,1,0
2026-01-23,subscription_screen_open,Laos,1,1,1,0
2026-01-23,subscription_screen_open,New Zealand,1,1,1,0
2026-01-23,subscription_screen_open,Paraguay,1,1,1,0
2026-01-23,subscription_screen_open,Vietnam,1,1,1,0
2026-01-23,subscription_screen_open,Zimbabwe,1,1,1,0
2026-01-23,subscription_subscribe_click,Algeria,1,1,1,0
2026-01-23,subscription_subscribe_click,Angola,1,1,1,0
2026-01-23,subscription_subscribe_click,Ghana,1,1,1,0
2026-01-23,subscription_subscribe_click,Indonesia,1,1,1,0
2026-01-23,subscription_subscribe_click,Japan,1,1,1,0
2026-01-23,subscription_subscribe_click,Jordan,1,1,1,0
2026-01-23,subscription_subscribe_click,Laos,1,1,1,0
2026-01-23,subscription_subscribe_click,Malaysia,1,1,1,0
2026-01-23,subscription_subscribe_click,Morocco,1,1,1,0
2026-01-23,subscription_subscribe_click,Saudi Arabia,1,1,1,0
2026-01-23,subscription_subscribe_click,Türkiye,1,1,1,0
2026-01-23,event_1600,Afghanistan,1,1,1,0
2026-01-23,event_1600,Bermuda,1,1,1,0
2026-01-23,event_1600,Cape Verde,1,1,1,0
2026-01-23,event_1600,French Guiana,1,1,1,0
2026-01-23,event_1600,Greece,1,1,1,0
2026-01-23,event_1600,Italy,1,1,1,0
2026-01-23,event_1600,Jordan,1,1,1,0
2026-01-23,event_1600,Kuwait,1,1,1,0
2026-01-23,event_1600,Laos,1,1,1,0
2026-01-23,event_1600,Mali,1,1,1,0
2026-01-23,event_1600,Marshall Islands,1,1,1,0
2026-01-23,event_1600,Mozambique,1,1,1,0
2026-01-23,event_1600,Oman,1,1,1,0
2026-01-23,event_1600,Panama,1,1,1,0
2026-01-23,event_1600,Poland,1,1,1,0
2026-01-23,event_1600,Qatar,1,1,1,0
2026-01-23,event_1600,Saudi Arabia,1,1,1,0
2026-01-23,event_1600,Serbia,1,1,1,0
2026-01-23,event_1600,Singapore,1,1,1,0
2026-01-23,event_1600,Sri Lanka,1,1,1,0
2026-01-23,event_1600,Sweden,1,1,1,0
2026-01-23,event_1600,Switzerland,1,1,1,0
2026-01-23,event_1600,Togo,1,1,1,0
2026-01-23,event_1600,U.S. Virgin Islands,1,1,1,0
2026-01-23,event_1600,Venezuela,1,1,1,0
2026-01-23,event_1650,Algeria,1,1,1,0
2026-01-23,event_1650,Australia,1,1,1,0
2026-01-23,event_1650,Bolivia,1,1,1,0
2026-01-23,event_1650,Chile,1,1,1,0
2026-01-23,event_1650,Dominican Republic,1,1,1,0
2026-01-23,event_1650,Ecuador,1,1,1,0
2026-01-23,event_1650,France,1,1,1,0
2026-01-23,event_1650,French Guiana,1,1,1,0
2026-01-23,event_1650,Ghana,1,1,1,0
2026-01-23,event_1650,Guatemala,1,1,1,0
2026-01-23,event_1650,Honduras,1,1,1,0
2026-01-23,event_1650,Ireland,1,1,1,0
2026-01-23,event_1650,Israel,1,1,1,0
2026-01-23,event_1650,Japan,1,1,1,0
2026-01-23,event_1650,Morocco,1,1,1,0
2026-01-23,event_1650,Myanmar (Burma),1,1,1,0
2026-01-23,event_1650,Netherlands,1,1,1,0
2026-01-23,event_1650,Nigeria,1,1,1,0
2026-01-23,event_1650,Panama,1,1,1,0
2026-01-23,event_1650,Paraguay,1,1,1,0
2026-01-23,event_1650,Peru,1,1,1,0
2026-01-23,event_1650,Romania,1,1,1,0
2026-01-23,event_1650,Sweden,1,1,1,0
2026-01-23,event_1650,Thailand,1,1,1,0
2026-01-23,event_1650,United Arab Emirates,1,1,1,0
2026-01-23,event_1650,Venezuela,1,1,1,0
2026-01-23,event_1650,Vietnam,1,1,1,0
2026-01-23,event_1700,Algeria,1,1,1,0
2026-01-23,event_1700,Bolivia,1,1,1,0
2026-01-23,event_1700,Ghana,1,1,1,0
2026-01-23,event_1700,Oman,1,1,1,0
2026-01-23,event_1700,Peru,1,1,1,0
2026-01-23,event_1700,Saudi Arabia,1,1,1,0
2026-01-23,event_1700,South Africa,1,1,1,0
2026-01-23,event_1700,Thailand,1,1,1,0
2026-01-23,event_1700,Uruguay,1,1,1,0
2026-01-23,event_1750,Belize,1,1,1,0
2026-01-23,event_1750,Colombia,1,1,1,0
2026-01-23,event_1750,France,1,1,1,0
2026-01-23,event_1750,French Guiana,1,1,1,0
2026-01-23,event_1750,Germany,1,1,1,0
2026-01-23,event_1750,Guatemala,1,1,1,0
2026-01-23,event_1750,Honduras,1,1,1,0
2026-01-23,event_1750,Ireland,1,1,1,0
2026-01-23,event_1750,Malaysia,1,1,1,0
2026-01-23,event_1750,Myanmar (Burma),1,1,1,0
2026-01-23,event_1750,Nigeria,1,1,1,0
2026-01-23,event_1750,Qatar,1,1,1,0
2026-01-23,event_1750,Saudi Arabia,1,1,1,0
2026-01-23,event_1750,Spain,1,1,1,0
2026-01-23,event_1750,Sweden,1,1,1,0
2026-01-23,event_1750,Venezuela,1,1,1,0
2026-01-23,event_2100,Ecuador,1,1,1,0
2026-01-23,event_2100,Germany,1,1,1,0
2026-01-23,event_2100,Israel,1,1,1,0
2026-01-23,event_2100,Italy,1,1,1,0
2026-01-23,event_2100,Kuwait,1,1,1,0
2026-01-23,event_2100,Laos,1,1,1,0
2026-01-23,event_2100,Mongolia,1,1,1,0
2026-01-23,event_2100,New Zealand,1,1,1,0
2026-01-23,event_2100,Nigeria,1,1,1,0
2026-01-23,event_2100,Poland,1,1,1,0
2026-01-23,event_2100,Serbia,1,1,1,0
2026-01-23,event_2100,Singapore,1,1,1,0
2026-01-23,event_2100,Sweden,1,1,1,0
2026-01-23,event_2100,Togo,1,1,1,0
2026-01-23,event_2100,United Arab Emirates,1,1,1,0
2026-01-23,event_2100,Venezuela,1,1,1,0
2026-01-23,event_2100,Zambia,1,1,1,0
2026-01-23,event_2300,Australia,1,1,1,0
2026-01-23,event_2300,Colombia,1,1,1,0
2026-01-23,event_2300,Germany,1,1,1,0
2026-01-23,event_2300,Greece,1,1,1,0
2026-01-23,event_2300,Guatemala,1,1,1,0
2026-01-23,event_2300,Ireland,1,1,1,0
2026-01-23,event_2300,Italy,1,1,1,0
2026-01-23,event_2300,Kuwait,1,1,1,0
2026-01-23,event_2300,Morocco,1,1,1,0
2026-01-23,event_2300,Myanmar (Burma),1,1,1,0
2026-01-23,event_2300,New Zealand,1,1,1,0
2026-01-23,event_2300,Peru,1,1,1,0
2026-01-23,event_2300,Spain,1,1,1,0
2026-01-23,event_2300,Thailand,1,1,1,0
2026-01-23,event_2300,Togo,1,1,1,0
2026-01-23,event_2300,U.S. Virgin Islands,1,1,1,0
2026-01-23,event_2600,Chile,1,1,1,0
2026-01-23,event_2600,Cuba,1,1,1,0
2026-01-23,event_2600,Dominican Republic,1,1,1,0
2026-01-23,event_2600,Ecuador,1,1,1,0
2026-01-23,event_2600,Egypt,1,1,1,0
2026-01-23,event_2600,France,1,1,1,0
2026-01-23,event_2600,Indonesia,1,1,1,0
2026-01-23,event_2600,Ireland,1,1,1,0
2026-01-23,event_2600,Japan,1,1,1,0
2026-01-23,event_2600,New Zealand,1,1,1,0
2026-01-23,event_2600,Nigeria,1,1,1,0
2026-01-23,event_2600,Paraguay,1,1,1,0
2026-01-23,event_2600,Peru,1,1,1,0
2026-01-23,event_2600,Romania,1,1,1,0
2026-01-23,event_2600,South Africa,1,1,1,0
2026-01-23,event_2600,Spain,1,1,1,0
2026-01-23,event_26003,Algeria,1,1,1,0
2026-01-23,event_26003,Cuba,1,1,1,0
2026-01-23,event_26003,Ecuador,1,1,1,0
2026-01-23,event_26003,Germany,1,1,1,0
2026-01-23,event_26003,Ghana,1,1,1,0
2026-01-23,event_26003,Hungary,1,1,1,0
2026-01-23,event_26003,Ireland,1,1,1,0
2026-01-23,event_26003,Malaysia,1,1,1,0
2026-01-23,event_26003,Morocco,1,1,1,0
2026-01-23,event_26003,Nigeria,1,1,1,0
2026-01-23,event_26003,Philippines,1,1,1,0
2026-01-23,event_26003,Puerto Rico,1,1,1,0
2026-01-23,event_26003,Spain,1,1,1,0
2026-01-23,event_26003,Venezuela,1,1,1,0
2026-01-23,event_29000,Algeria,1,1,1,0
2026-01-23,event_29000,Canada,1,1,1,0
2026-01-23,event_29000,Chile,1,1,1,0
2026-01-23,event_29000,Ecuador,1,1,1,0
2026-01-23,event_29000,Ghana,1,1,1,0
2026-01-23,event_29000,Malaysia,1,1,1,0
2026-01-23,event_29000,Myanmar (Burma),1,1,1,0
2026-01-23,event_29000,Paraguay,1,1,1,0
2026-01-23,event_29000,Philippines,1,1,1,0
2026-01-23,event_29000,Romania,1,1,1,0
2026-01-23,event_29000,South Africa,1,1,1,0
2026-01-23,event_29000,Thailand,1,1,1,0
2026-01-23,event_30000,Egypt,1,1,1,0
2026-01-23,event_30000,Ghana,1,1,1,0
2026-01-23,event_30000,Ireland,1,1,1,0
2026-01-23,event_30000,United Kingdom,1,1,1,0
2026-01-23,event_31009,(not set),1,1,1,0
2026-01-23,event_31009,Algeria,1,1,1,0
2026-01-23,event_31009,Bermuda,1,1,1,0
2026-01-23,event_31009,Canada,1,1,1,0
2026-01-23,event_31009,Dominican Republic,1,1,1,0
2026-01-23,event_31009,Hungary,1,1,1,0
2026-01-23,event_31009,Israel,1,1,1,0
2026-01-23,event_31009,Jordan,1,1,1,0
2026-01-23,event_31009,Nigeria,1,1,1,0
2026-01-23,event_31009,Oman,1,1,1,0
2026-01-23,event_31009,Pakistan,1,1,1,0
2026-01-23,event_31009,Saudi Arabia,1,1,1,0
2026-01-23,event_31009,South Africa,1,1,1,0
2026-01-23,event_3600,Brazil,1,1,1,0
2026-01-23,event_37000,Bangladesh,1,1,1,0
2026-01-23,event_37000,Chile,1,1,1,0
2026-01-23,event_37000,Ecuador,1,1,1,0
2026-01-23,event_37000,France,1,1,1,0
2026-01-23,event_37000,Ghana,1,1,1,0
2026-01-23,event_37000,Guatemala,1,1,1,0
2026-01-23,event_37000,Honduras,1,1,1,0
2026-01-23,event_37000,Ireland,1,1,1,0
2026-01-23,event_37000,Malaysia,1,1,1,0
2026-01-23,event_37000,Poland,1,1,1,0
2026-01-23,event_37000,South Africa,1,1,1,0
2026-01-23,event_37000,Thailand,1,1,1,0
2026-01-23,event_39000,Dominican Republic,1,1,1,0
2026-01-23,event_39000,Egypt,1,1,1,0
2026-01-23,event_39000,Ethiopia,1,1,1,0
2026-01-23,event_39000,France,1,1,1,0
2026-01-23,event_39000,French Guiana,1,1,1,0
2026-01-23,event_39000,Mexico,1,1,1,0
2026-01-23,event_39000,Portugal,1,1,1,0
2026-01-23,event_39100,Afghanistan,1,1,1,0
2026-01-23,event_39100,Argentina,1,1,1,0
2026-01-23,event_39100,Bangladesh,1,1,1,0
2026-01-23,event_39100,Egypt,1,1,1,0
2026-01-23,event_39100,India,1,1,1,0
2026-01-23,event_39100,Japan,1,1,1,0
2026-01-23,event_39100,Portugal,1,1,1,0
2026-01-23,event_39100,United Kingdom,1,1,1,0
2026-01-23,event_4418,Netherlands,1,1,1,0
2026-01-23,event_4418,United Kingdom,1,1,1,0
2026-01-23,event_6800,Andorra,1,1,0,0
2026-01-23,event_6800,Gambia,1,1,0,0
2026-01-23,event_6800,Rwanda,1,1,0,0
2026-01-23,event_6800,Réunion,1,1,0,0
2026-01-23,event_6800,Turkmenistan,1,1,0,0
2026-01-23,event_6800,Croatia,1,1,1,0
2026-01-23,event_6800,São Tomé & Príncipe,1,1,1,0
2026-01-23,event_6801,(not set),1,1,1,0
2026-01-23,event_6801,Afghanistan,1,1,1,0
2026-01-23,event_6801,Australia,1,1,1,0
2026-01-23,event_6801,Belgium,1,1,1,0
2026-01-23,event_6801,Bolivia,1,1,1,0
2026-01-23,event_6801,Dominican Republic,1,1,1,0
2026-01-23,event_6801,Ghana,1,1,1,0
2026-01-23,event_6801,Honduras,1,1,1,0
2026-01-23,event_6801,Ireland,1,1,1,0
2026-01-23,event_6801,Israel,1,1,1,0
2026-01-23,event_6801,Jamaica,1,1,1,0
2026-01-23,event_6801,Morocco,1,1,1,0
2026-01-23,event_6801,Niger,1,1,1,0
2026-01-23,event_6801,Norway,1,1,1,0
2026-01-23,event_6801,Paraguay,1,1,1,0
2026-01-23,event_6801,Qatar,1,1,1,0
2026-01-23,event_6801,Romania,1,1,1,0
2026-01-23,event_6801,Saudi Arabia,1,1,1,0
2026-01-23,event_6801,Senegal,1,1,1,0
2026-01-23,event_6801,Serbia,1,1,1,0
2026-01-23,event_6801,United Arab Emirates,1,1,1,0
2026-01-23,event_6801,Zimbabwe,1,1,1,0
2026-01-23,event_8000,Peru,1,1,0,0
2026-01-23,event_8000,Canada,1,1,1,0
2026-01-23,event_8000,Colombia,1,1,1,0
2026-01-23,event_8000,Czechia,1,1,1,0
2026-01-23,event_8000,Guatemala,1,1,1,0
2026-01-23,event_8000,Hungary,1,1,1,0
2026-01-23,event_8000,Kuwait,1,1,1,0
2026-01-23,event_8000,Morocco,1,1,1,0
2026-01-23,event_8000,Mozambique,1,1,1,0
2026-01-23,event_8000,Netherlands,1,1,1,0
2026-01-23,event_8000,Puerto Rico,1,1,1,0
2026-01-23,event_8000,South Korea,1,1,1,0
2026-01-23,event_8000,Syria,1,1,1,0
2026-01-23,event_8000,Togo,1,1,1,0
2026-01-23,event_8000,United Kingdom,1,1,1,0
2026-01-23,event_8001,Argentina,1,1,1,0
2026-01-23,event_8001,Canada,1,1,1,0
2026-01-23,event_8001,Guatemala,1,1,1,0
2026-01-23,event_8001,Hungary,1,1,1,0
2026-01-23,event_8001,Indonesia,1,1,1,0
2026-01-23,event_8001,Italy,1,1,1,0
2026-01-23,event_8001,Jordan,1,1,1,0
2026-01-23,event_8001,Kuwait,1,1,1,0
2026-01-23,event_8001,Malaysia,1,1,1,0
2026-01-23,event_8001,Morocco,1,1,1,0
2026-01-23,event_8001,Mozambique,1,1,1,0
2026-01-23,event_8001,Netherlands,1,1,1,0
2026-01-23,event_8001,Pakistan,1,1,1,0
2026-01-23,event_8001,Paraguay,1,1,1,0
2026-01-23,event_8001,Puerto Rico,1,1,1,0
2026-01-23,event_8001,South Korea,1,1,1,0
2026-01-23,event_8001,Syria,1,1,1,0
2026-01-23,event_8001,Thailand,1,1,1,0
2026-01-23,event_8001,Togo,1,1,1,0
2026-01-23,event_8001,Tunisia,1,1,1,0
2026-01-23,event_8001,United Kingdom,1,1,1,0
2026-01-23,event_9900,Bahrain,1,1,1,0
2026-01-23,event_9900,Bermuda,1,1,1,0
2026-01-23,event_9900,Croatia,1,1,1,0
2026-01-23,event_9900,Japan,1,1,1,0
2026-01-23,event_9900,Jordan,1,1,1,0
2026-01-23,event_9900,New Zealand,1,1,1,0
2026-01-23,event_9900,Saudi Arabia,1,1,1,0
2026-01-23,event_9900,Singapore,1,1,1,0
2026-01-23,event_9900,Sweden,1,1,1,0
2026-01-23,open_wifi_alert__click_on_upgrade,United Kingdom,1,1,1,0
2026-01-23,open_wifi_alert_paywall__screen_viewed,United Kingdom,1,1,1,0
2026-01-23,pix_analyzer_onboarding_activate_click,Colombia,1,1,1,0
2026-01-23,pix_analyzer_onboarding_activate_click,Egypt,1,1,1,0
2026-01-23,pix_analyzer_onboarding_activate_click,Germany,1,1,1,0
2026-01-23,pix_analyzer_onboarding_activate_click,India,1,1,1,0
2026-01-23,pix_analyzer_onboarding_activate_click,Ireland,1,1,1,0
2026-01-23,pix_analyzer_onboarding_activate_click,Japan,1,1,1,0
2026-01-23,pix_analyzer_onboarding_activate_click,Morocco,1,1,1,0
2026-01-23,pix_analyzer_onboarding_activate_click,Venezuela,1,1,1,0
2026-01-23,pix_analyzer_onboarding_start,Colombia,1,1,1,0
2026-01-23,pix_analyzer_onboarding_start,India,1,1,1,0
2026-01-23,pix_analyzer_onboarding_start,Ireland,1,1,1,0
2026-01-23,pix_analyzer_onboarding_start,Japan,1,1,1,0
2026-01-23,pix_analyzer_onboarding_start,Mexico,1,1,1,0
2026-01-23,pix_analyzer_onboarding_start,Spain,1,1,1,0
2026-01-23,pix_analyzer_onboarding_start,Türkiye,1,1,1,0
2026-01-23,pix_analyzer_onboarding_start,Venezuela,1,1,1,0
2026-01-24,event_10350,Brazil,5000910,451427,33.286585284681635,0
2026-01-24,event_10351,Brazil,2557402,162699,18.14815708426177,0
2026-01-24,event_10353,Brazil,1614651,94439,17.809763845534462,0
2026-01-24,event_6800,Brazil,1125999,399493,7.653349192863211,0
2026-01-24,event_10350,United States,379307,39092,27.074018558172735,0
2026-01-24,event_10351,United States,310094,32725,25.37801784106719,0
2026-01-24,event_10352,Brazil,275444,48219,6.950741899666903,0
2026-01-24,event_10505,Brazil,164929,35497,7.135767749751222,0
2026-01-24,event_10353,United States,120154,9225,14.555299818291944,0
2026-01-24,event_6800,United States,94731,36707,7.101806732138841,0
2026-01-24,event_1000,Brazil,93554,53471,1.7683729018599728,0
2026-01-24,event_10511,Brazil,68012,2256,35.64570230607966,0
2026-01-24,event_10100,Brazil,49600,28889,1.765752936988252,0
2026-01-24,event_9900,Brazil,34004,17259,1.983318751822689,0
2026-01-24,event_10354,Brazil,26296,17137,1.5431924882629109,0
2026-01-24,event_10505,United States,24333,3550,9.83946623534169,0
2026-01-24,event_10352,United States,22998,7619,11.916062176165804,0
2026-01-24,event_1600,Brazil,22028,15840,1.3906565656565657,0
2026-01-24,event_10350,Iran,21070,2203,17.384488448844884,0
2026-01-24,event_10350,Mexico,20184,1761,29.50877192982456,0
2026-01-24,event_10350,Indonesia,19276,2119,16.90877192982456,0
2026-01-24,event_10363,Brazil,17002,5444,3.2721324095458044,0
2026-01-24,event_10352,Iran,16625,1836,15.728476821192054,0
2026-01-24,event_10350,India,14931,1318,22.588502269288956,0
2026-01-24,event_10351,Mexico,14253,1410,26.056672760511884,0
2026-01-24,event_2100,Brazil,13069,10131,1.290000987069391,0
2026-01-24,event_1000,United States,12530,6042,2.0690224570673714,0
2026-01-24,event_10350,Thailand,11579,2048,6.422074320576816,0
2026-01-24,event_10351,Indonesia,10751,1157,21.940816326530612,0
2026-01-24,event_2300,Brazil,10004,8208,1.2188109161793372,0
2026-01-24,event_6801,Brazil,9633,8423,1.1659404502541757,0
2026-01-24,event_1750,Brazil,8730,7062,1.2361937128292269,0
2026-01-24,event_10352,India,8330,779,34.85355648535565,0
2026-01-24,subscription_screen_open,Brazil,7454,5823,1.2811962873839808,0
2026-01-24,event_1650,Brazil,7174,6342,1.1319028084569265,0
2026-01-24,event_10511,United States,7097,328,26.18819188191882,0
2026-01-24,event_10350,Philippines,6589,541,19.966666666666665,0
2026-01-24,event_10350,Nigeria,6322,237,49.390625,0
2026-01-24,event_10350,Portugal,6166,663,40.30065359477124,0
2026-01-24,event_10353,Mexico,6137,372,18.710365853658537,0
2026-01-24,event_9900,United States,6125,2789,2.2175959449674147,0
2026-01-24,event_10350,Pakistan,5781,348,54.5377358490566,0
2026-01-24,event_10352,Thailand,5601,574,13.304038004750593,0
2026-01-24,event_10210,Brazil,5501,1526,3.604849279161206,0
2026-01-24,event_10350,Argentina,5100,402,31.875,0
2026-01-24,event_1600,United States,5059,3317,1.5265540132770066,0
2026-01-24,event_29000,Brazil,4319,3751,1.1545041432771985,0
2026-01-24,event_1700,Brazil,4274,3250,1.3187287874112927,0
2026-01-24,event_10351,India,4027,616,15.253787878787879,0
2026-01-24,event_10351,Thailand,4003,467,15.162878787878787,0
2026-01-24,event_31009,Brazil,3997,2526,1.584853291038858,0
2026-01-24,event_10352,Mexico,3783,673,13.414893617021276,0
2026-01-24,event_6800,Iran,3754,1736,5.829192546583851,0
2026-01-24,event_10352,Indonesia,3680,690,15.726495726495726,0
2026-01-24,event_10352,Nigeria,3471,175,39,0
2026-01-24,event_10351,Argentina,3445,327,24.607142857142858,0
2026-01-24,event_10511,Iran,3273,75,48.13235294117647,0
2026-01-24,event_10350,United Kingdom,3261,277,31.970588235294116,0
2026-01-24,event_10100,United States,3101,1877,1.700109649122807,0
2026-01-24,event_10350,Saudi Arabia,3055,196,48.492063492063494,0
2026-01-24,event_10351,Philippines,3036,196,47.4375,0
2026-01-24,event_10350,Bangladesh,2997,237,39.43421052631579,0
2026-01-24,event_10350,Egypt,2946,291,44.63636363636363,0
2026-01-24,event_10350,Puerto Rico,2775,255,35.57692307692308,0
2026-01-24,event_30000,Brazil,2657,1761,1.510517339397385,0
2026-01-24,event_10351,Pakistan,2652,230,40.18181818181818,0
2026-01-24,event_10354,United States,2647,1635,1.6309303758471965,0
2026-01-24,event_37000,Brazil,2621,2360,1.1110640101738025,0
2026-01-24,event_10352,Pakistan,2514,237,39.904761904761905,0
2026-01-24,event_10350,Canada,2486,300,22.196428571428573,0
2026-01-24,event_10350,Colombia,2295,187,37.622950819672134,0
2026-01-24,event_8000,Brazil,2288,2236,1.0423690205011389,0
2026-01-24,event_10351,Canada,2235,235,25.1123595505618,0
2026-01-24,event_2600,Brazil,2180,1757,1.240751280591918,0
2026-01-24,event_10351,Nigeria,2133,130,31.36764705882353,0
2026-01-24,event_10351,Saudi Arabia,2079,142,61.14705882352941,0
2026-01-24,event_8001,Brazil,2027,1999,1.0145145145145145,0
2026-01-24,event_10351,Portugal,2023,171,15.210526315789474,0
2026-01-24,event_6801,United States,2010,1618,1.258609893550407,0
2026-01-24,event_6800,Mexico,1972,1280,4.186836518046709,0
2026-01-24,event_10352,Philippines,1950,200,36.111111111111114,0
2026-01-24,event_6800,Indonesia,1869,868,7.659836065573771,0
2026-01-24,event_2300,United States,1853,1430,1.2958041958041957,0
2026-01-24,event_10351,Puerto Rico,1850,205,26.056338028169016,0
2026-01-24,event_2100,United States,1813,1344,1.3499627699180938,0
2026-01-24,event_10350,Malaysia,1784,62,118.93333333333334,0
2026-01-24,event_10353,Argentina,1770,116,16.542056074766354,0
2026-01-24,event_10350,Peru,1727,87,45.44736842105263,0
2026-01-24,event_10350,Paraguay,1572,128,44.91428571428571,0
2026-01-24,event_10000,Brazil,1500,1319,1.1503067484662577,0
2026-01-24,event_10351,Bangladesh,1495,163,29.313725490196077,0
2026-01-24,event_10351,Colombia,1491,140,26.157894736842106,0
2026-01-24,event_10350,Spain,1484,159,37.1,0
2026-01-24,event_10350,France,1469,124,31.934782608695652,0
2026-01-24,event_10351,United Kingdom,1420,108,18.68421052631579,0
2026-01-24,event_6800,Portugal,1404,541,9.236842105263158,0
2026-01-24,event_26003,Brazil,1395,975,1.4307692307692308,0
2026-01-24,event_10351,Egypt,1350,196,25.471698113207548,0
2026-01-24,event_6800,India,1348,622,7.573033707865169,0
2026-01-24,event_10350,Haiti,1337,53,43.12903225806452,0
2026-01-24,event_10350,Cuba,1336,131,14.063157894736841,0
2026-01-24,event_10353,Indonesia,1334,116,12.351851851851851,0
2026-01-24,event_10352,Haiti,1291,41,51.64,0
2026-01-24,event_10350,Bolivia,1255,72,59.76190476190476,0
2026-01-24,event_10351,Malaysia,1239,46,95.3076923076923,0
2026-01-24,event_10352,Cuba,1217,105,17.385714285714286,0
2026-01-24,event_10350,Algeria,1214,89,52.78260869565217,0
2026-01-24,event_10353,Portugal,1177,72,17.308823529411764,0
2026-01-24,event_10352,Egypt,1174,202,23.019607843137255,0
2026-01-24,event_10350,Netherlands,1128,146,18.193548387096776,0
2026-01-24,event_10350,United Arab Emirates,1111,103,34.71875,0
2026-01-24,event_10850,Brazil,1077,832,1.2944711538461537,0
2026-01-24,event_31009,United States,1056,625,1.6896,0
2026-01-24,event_10352,Paraguay,1040,75,38.51851851851852,0
2026-01-24,event_10512,Brazil,1006,529,1.9161904761904762,0
2026-01-24,event_10350,Japan,977,95,27.914285714285715,0
2026-01-24,event_10353,Canada,969,63,16.70689655172414,0
2026-01-24,event_39000,Brazil,944,708,1.3371104815864023,0
2026-01-24,event_10352,Bangladesh,943,148,21.431818181818183,0
2026-01-24,event_10352,Bolivia,936,54,44.57142857142857,0
2026-01-24,event_10352,Argentina,936,201,10.285714285714286,0
2026-01-24,event_10350,Germany,929,191,14.746031746031745,0
2026-01-24,event_10353,United Kingdom,929,48,20.195652173913043,0
2026-01-24,event_1750,United States,928,725,1.28,0
2026-01-24,event_10353,Puerto Rico,884,47,22.1,0
2026-01-24,event_39100,Brazil,854,731,1.1730769230769231,0
2026-01-24,event_10350,Guatemala,848,110,13.67741935483871,0
2026-01-24,event_10800,Brazil,846,768,1.1015625,0
2026-01-24,event_10350,Chile,835,85,28.79310344827586,0
2026-01-24,event_10353,Colombia,835,41,21.41025641025641,0
2026-01-24,event_10351,France,819,45,28.24137931034483,0
2026-01-24,event_10353,India,786,101,8.451612903225806,0
2026-01-24,event_10350,Vietnam,767,62,153.4,0
2026-01-24,event_10505,Mexico,760,136,8.837209302325581,0
2026-01-24,subscription_screen_open,United States,758,585,1.2957264957264958,0
2026-01-24,event_10350,Türkiye,740,27,67.27272727272727,0
2026-01-24,event_10351,United Arab Emirates,724,70,32.90909090909091,0
2026-01-24,event_10352,Algeria,703,64,33.476190476190474,0
2026-01-24,event_10351,Peru,692,66,23.066666666666666,0
2026-01-24,event_10352,Puerto Rico,685,99,19.02777777777778,0
2026-01-24,event_10350,Syria,683,49,42.6875,0
2026-01-24,event_10352,Saudi Arabia,677,84,39.8235294117647,0
2026-01-24,event_6800,Canada,669,271,7.689655172413793,0
2026-01-24,event_10351,Spain,660,46,18.333333333333332,0
2026-01-24,event_10363,United States,655,199,3.521505376344086,0
2026-01-24,event_10350,Dominican Republic,638,73,22.785714285714285,0
2026-01-24,event_10350,Honduras,638,81,13.574468085106384,0
2026-01-24,event_10352,Colombia,635,111,15.119047619047619,0
2026-01-24,event_1700,United States,624,442,1.411764705882353,0
2026-01-24,event_10352,Syria,621,44,44.357142857142854,0
2026-01-24,event_10351,Japan,618,63,26.869565217391305,0
2026-01-24,event_10350,El Salvador,603,61,19.451612903225808,0
2026-01-24,event_10350,Jamaica,588,58,25.565217391304348,0
2026-01-24,event_10350,South Africa,574,48,16.4,0
2026-01-24,event_10350,Myanmar (Burma),569,36,35.5625,0
2026-01-24,event_10350,Italy,559,109,37.266666666666666,0
2026-01-24,event_10351,Türkiye,558,21,62,0
2026-01-24,event_10350,Ghana,552,29,27.6,0
2026-01-24,event_10350,Nepal,547,48,26.047619047619047,0
2026-01-24,event_6800,United Kingdom,545,240,5.677083333333333,0
2026-01-24,event_10350,Venezuela,532,59,22.166666666666668,0
2026-01-24,event_6800,Egypt,524,212,10.916666666666666,0
2026-01-24,event_29000,United States,523,417,1.2541966426858513,0
2026-01-24,event_1650,United States,495,415,1.1927710843373494,0
2026-01-24,event_6800,Pakistan,490,228,10.88888888888889,0
2026-01-24,event_10363,Iran,488,183,3.0123456790123457,0
2026-01-24,event_6800,Argentina,485,305,3.7890625,0
2026-01-24,event_10350,Ukraine,478,5,239,0
2026-01-24,event_10353,Spain,478,25,20.782608695652176,0
2026-01-24,event_10351,Netherlands,476,49,11.9,0
2026-01-24,event_10511,Cuba,475,9,59.375,0
2026-01-24,event_1000,Mexico,473,210,2.263157894736842,0
2026-01-24,event_10350,Bhutan,472,1,472,0
2026-01-24,event_10350,Angola,464,33,22.095238095238095,0
2026-01-24,event_10350,Laos,459,84,7.061538461538461,0
2026-01-24,event_10511,Mexico,451,28,21.476190476190474,0
2026-01-24,event_6800,Philippines,451,198,7.775862068965517,0
2026-01-24,event_10351,South Africa,450,38,15.517241379310345,0
2026-01-24,event_10352,Malaysia,446,41,37.166666666666664,0
2026-01-24,event_10351,Chile,441,59,16.333333333333332,0
2026-01-24,event_10353,Nigeria,439,35,13.71875,0
2026-01-24,event_1000,Iran,435,249,1.7611336032388665,0
2026-01-24,event_10352,France,426,46,17.04,0
2026-01-24,event_10351,Ukraine,419,3,209.5,0
2026-01-24,event_10511,United Arab Emirates,417,4,104.25,0
2026-01-24,event_10352,Honduras,416,56,14.344827586206897,0
2026-01-24,event_10511,Slovakia,416,1,416,0
2026-01-24,event_10352,Guatemala,412,50,19.61904761904762,0
2026-01-24,event_10350,Morocco,409,41,40.9,0
2026-01-24,event_10350,Mozambique,406,15,58,0
2026-01-24,event_10351,Dominican Republic,400,58,19.047619047619047,0
2026-01-24,event_10351,Paraguay,397,59,16.541666666666668,0
2026-01-24,event_6800,Thailand,393,261,5.103896103896104,0
2026-01-24,event_2600,United States,390,283,1.3780918727915195,0
2026-01-24,event_6800,Bangladesh,388,169,7.607843137254902,0
2026-01-24,subscription_subscribe_click,Brazil,385,248,1.5524193548387097,0
2026-01-24,event_10353,Peru,383,22,20.157894736842106,0
2026-01-24,event_10505,Iran,383,174,3.2457627118644066,0
2026-01-24,event_10350,Australia,376,39,25.066666666666666,0
2026-01-24,event_10351,Algeria,373,63,17.761904761904763,0
2026-01-24,event_10353,Egypt,370,42,10.571428571428571,0
2026-01-24,event_26003,United States,367,275,1.3345454545454545,0
2026-01-24,event_10352,Peru,360,54,13.846153846153847,0
2026-01-24,event_10350,Qatar,352,38,39.111111111111114,0
2026-01-24,event_10350,Uruguay,350,48,26.923076923076923,0
2026-01-24,event_6800,Nigeria,348,149,5.523809523809524,0
2026-01-24,event_10352,Angola,345,22,23,0
2026-01-24,event_6800,Puerto Rico,345,188,6.160714285714286,0
2026-01-24,event_10350,Kenya,336,17,56,0
2026-01-24,event_10351,Ghana,335,19,30.454545454545453,0
2026-01-24,event_10353,Japan,333,17,20.8125,0
2026-01-24,event_10351,El Salvador,324,46,12.96,0
2026-01-24,event_6800,Germany,316,162,6.448979591836735,0
2026-01-24,open_wifi_alert_settings__screen_viewed,Brazil,316,163,1.9386503067484662,0
2026-01-24,event_10350,Kuwait,313,20,44.714285714285715,0
2026-01-24,event_10353,Netherlands,313,25,12.52,0
2026-01-24,event_6800,Saudi Arabia,309,124,11.884615384615385,0
2026-01-24,event_10351,Guatemala,307,64,7.1395348837209305,0
2026-01-24,event_10352,Venezuela,304,38,16,0
2026-01-24,event_10351,Jamaica,296,39,14.8,0
2026-01-24,event_10351,Kuwait,294,20,42,0
2026-01-24,event_10350,Ireland,293,46,32.55555555555556,0
2026-01-24,event_10350,Ecuador,293,60,14.65,0
2026-01-24,event_10350,Poland,288,33,13.090909090909092,0
2026-01-24,event_10352,Myanmar (Burma),286,17,31.77777777777778,0
2026-01-24,event_10352,Bhutan,281,1,281,0
2026-01-24,event_10352,United Kingdom,280,65,8.235294117647058,0
2026-01-24,event_10353,South Africa,279,14,19.928571428571427,0
2026-01-24,event_10350,Iraq,276,26,30.666666666666668,0
2026-01-24,event_10353,France,264,22,12.571428571428571,0
2026-01-24,event_10100,Iran,263,135,1.962686567164179,0
2026-01-24,event_10350,Costa Rica,262,32,29.11111111111111,0
2026-01-24,event_10352,Nepal,262,27,29.11111111111111,0
2026-01-24,event_10352,Netherlands,257,39,8.566666666666666,0
2026-01-24,event_10352,United Arab Emirates,255,52,18.214285714285715,0
2026-01-24,event_10352,Chile,250,53,14.705882352941176,0
2026-01-24,event_10353,Ghana,249,5,49.8,0
2026-01-24,event_10505,India,249,58,7.323529411764706,0
2026-01-24,event_10350,Russia,248,27,24.8,0
2026-01-24,event_10351,Nepal,247,33,20.583333333333332,0
2026-01-24,event_10352,Canada,245,83,8.166666666666666,0
2026-01-24,event_10350,Panama,243,18,30.375,0
2026-01-24,event_10351,Australia,243,32,18.692307692307693,0
2026-01-24,event_4418,Brazil,243,87,2.793103448275862,0
2026-01-24,event_10511,Philippines,241,10,26.77777777777778,0
2026-01-24,event_10352,Japan,239,41,14.058823529411764,0
2026-01-24,event_10351,Germany,237,57,6.771428571428571,0
2026-01-24,event_10352,Jamaica,237,32,16.928571428571427,0
2026-01-24,event_10352,El Salvador,237,42,10.304347826086957,0
2026-01-24,event_10352,Laos,233,30,13.705882352941176,0
2026-01-24,event_6800,Spain,232,106,6.27027027027027,0
2026-01-24,event_10350,Jordan,231,30,38.5,0
2026-01-24,event_10351,Qatar,231,33,28.875,0
2026-01-24,event_37000,United States,230,191,1.2041884816753927,0
2026-01-24,event_10363,India,226,52,5.136363636363637,0
2026-01-24,event_6800,France,226,103,6.647058823529412,0
2026-01-24,event_10363,Mexico,225,33,8.333333333333334,0
2026-01-24,event_10353,Philippines,223,34,7.964285714285714,0
2026-01-24,event_10350,Uganda,222,20,20.181818181818183,0
2026-01-24,event_10350,Ethiopia,220,14,31.428571428571427,0
2026-01-24,event_10350,Romania,219,20,31.285714285714285,0
2026-01-24,event_6800,Algeria,218,79,10.9,0
2026-01-24,event_10350,Cape Verde,213,5,42.6,0
2026-01-24,event_6800,Netherlands,213,107,4.953488372093023,0
2026-01-24,event_6800,Italy,212,87,13.25,0
2026-01-24,event_10352,Mozambique,209,13,29.857142857142858,0
2026-01-24,event_10505,United Kingdom,209,28,10.45,0
2026-01-24,event_10350,South Korea,205,24,41,0
2026-01-24,event_10350,Afghanistan,205,35,9.761904761904763,0
2026-01-24,event_10511,Indonesia,204,17,13.6,0
2026-01-24,event_10351,Venezuela,202,37,12.625,0
2026-01-24,event_10350,Belgium,200,13,66.66666666666667,0
2026-01-24,event_10351,Costa Rica,200,23,25,0
2026-01-24,pix_analyzer_onboarding_start,Brazil,198,159,1.2452830188679245,0
2026-01-24,event_10352,Ghana,196,11,32.666666666666664,0
2026-01-24,event_6800,Japan,196,88,5.9393939393939394,0
2026-01-24,event_10351,Morocco,193,24,24.125,0
2026-01-24,event_10350,Bosnia & Herzegovina,191,6,63.666666666666664,0
2026-01-24,event_10351,Mozambique,189,10,37.8,0
2026-01-24,event_10350,Oman,188,39,9.4,0
2026-01-24,event_10352,Morocco,188,26,26.857142857142858,0
2026-01-24,event_10350,Tanzania,187,12,23.375,0
2026-01-24,event_10352,Ethiopia,186,9,31,0
2026-01-24,event_6800,Colombia,186,127,4.043478260869565,0
2026-01-24,event_10352,Cape Verde,184,4,46,0
2026-01-24,event_10352,Vietnam,184,39,92,0
2026-01-24,event_10350,Burkina Faso,183,1,0,0
2026-01-24,event_10351,Bhutan,183,1,183,0
2026-01-24,event_10353,Dominican Republic,183,14,14.076923076923077,0
2026-01-24,event_10511,Honduras,181,3,60.333333333333336,0
2026-01-24,event_1000,India,180,95,1.9148936170212767,0
2026-01-24,event_10350,Sudan,179,19,35.8,0
2026-01-24,event_10352,Dominican Republic,178,38,10.470588235294118,0
2026-01-24,event_10352,Ecuador,177,48,11.0625,0
2026-01-24,event_10350,Tunisia,176,18,88,0
2026-01-24,event_10352,Portugal,176,42,6.068965517241379,0
2026-01-24,event_10364,Brazil,175,145,1.206896551724138,0
2026-01-24,event_10351,Vietnam,174,43,58,0
2026-01-24,event_10353,Kuwait,174,4,43.5,0
2026-01-24,event_10351,Iraq,173,13,34.6,0
2026-01-24,event_10350,Switzerland,170,27,17,0
2026-01-24,event_10505,Portugal,170,48,6.071428571428571,0
2026-01-24,event_10351,South Korea,169,16,42.25,0
2026-01-24,event_10352,Germany,168,53,6.72,0
2026-01-24,event_6800,Paraguay,167,86,5.566666666666666,0
2026-01-24,event_10511,India,166,21,8.736842105263158,0
2026-01-24,event_10351,Bolivia,164,33,10.25,0
2026-01-24,event_6800,United Arab Emirates,164,72,9.647058823529411,0
2026-01-24,event_10352,Kenya,163,11,32.6,0
2026-01-24,event_10350,Antigua & Barbuda,162,11,40.5,0
2026-01-24,event_10350,Trinidad & Tobago,162,14,81,0
2026-01-24,event_10351,Bosnia & Herzegovina,162,5,54,0
2026-01-24,event_10353,Pakistan,160,24,8,0
2026-01-24,event_10352,Uganda,159,14,22.714285714285715,0
2026-01-24,event_10353,Malaysia,159,10,17.666666666666668,0
2026-01-24,event_10511,Sweden,159,1,159,0
2026-01-24,event_1600,Mexico,159,93,1.7096774193548387,0
2026-01-24,event_10350,Norway,157,13,19.625,0
2026-01-24,event_10350,Guyana,155,19,17.22222222222222,0
2026-01-24,event_10351,Uruguay,153,29,17,0
2026-01-24,event_10352,Türkiye,153,14,21.857142857142858,0
2026-01-24,event_10350,Guam,150,2,150,0
2026-01-24,event_10351,Kenya,150,13,30,0
2026-01-24,event_10353,Saudi Arabia,147,21,9.8,0
2026-01-24,event_10800,United States,146,134,1.0895522388059702,0
2026-01-24,event_10353,Chile,144,13,12,0
2026-01-24,event_10505,France,144,11,20.571428571428573,0
2026-01-24,event_10511,Australia,143,1,143,0
2026-01-24,event_10353,Bangladesh,142,27,5.916666666666667,0
2026-01-24,event_10351,Honduras,141,44,5.035714285714286,0
2026-01-24,open_wifi_alert__click_on_upgrade,Brazil,141,95,1.4842105263157894,0
2026-01-24,open_wifi_alert_paywall__screen_viewed,Brazil,141,95,1.4842105263157894,0
2026-01-24,event_10350,Serbia,140,7,70,0
2026-01-24,event_10352,Spain,140,20,14,0
2026-01-24,event_10850,United States,140,121,1.1570247933884297,0
2026-01-24,event_10353,Bosnia & Herzegovina,139,3,46.333333333333336,0
2026-01-24,event_10352,Uruguay,138,28,46,0
2026-01-24,event_10352,Guyana,137,12,27.4,0
2026-01-24,event_10350,Sweden,136,14,27.2,0
2026-01-24,event_1000,Argentina,134,64,2.126984126984127,0
2026-01-24,event_10352,Poland,134,15,9.571428571428571,0
2026-01-24,event_10353,Jamaica,134,17,8.375,0
2026-01-24,event_10353,El Salvador,133,13,10.23076923076923,0
2026-01-24,event_10511,Nigeria,133,11,12.090909090909092,0
2026-01-24,event_10352,Burkina Faso,131,1,0,0
2026-01-24,event_10353,Paraguay,131,16,8.1875,0
2026-01-24,event_10353,Costa Rica,130,5,26,0
2026-01-24,event_10351,Belgium,129,3,43,0
2026-01-24,event_10353,Australia,128,12,14.222222222222221,0
2026-01-24,event_6800,Peru,128,68,4,0
2026-01-24,event_10351,Iran,126,30,5.7272727272727275,0
2026-01-24,event_6800,Jamaica,126,54,5.7272727272727275,0
2026-01-24,event_10351,Laos,125,22,12.5,0
2026-01-24,event_10352,Afghanistan,125,26,8.333333333333334,0
2026-01-24,event_10505,Argentina,124,33,5.904761904761905,0
2026-01-24,event_10512,United States,123,68,1.8088235294117647,0
2026-01-24,event_6800,Syria,123,47,10.25,0
2026-01-24,event_1000,Indonesia,122,88,1.4186046511627908,0
2026-01-24,event_10511,Netherlands,121,2,60.5,0
2026-01-24,event_10351,Jordan,120,27,24,0
2026-01-24,event_10100,Mexico,119,67,1.803030303030303,0
2026-01-24,event_6800,Malaysia,119,51,7.4375,0
2026-01-24,event_8000,United States,119,119,1.0625,0
2026-01-24,event_10505,Egypt,118,21,13.11111111111111,0
2026-01-24,event_10352,Australia,117,9,23.4,0
2026-01-24,event_30000,United States,116,94,1.2340425531914894,0
2026-01-24,event_10350,Sri Lanka,112,13,22.4,0
2026-01-24,event_10350,Yemen,111,14,27.75,0
2026-01-24,event_10352,Sudan,111,17,27.75,0
2026-01-24,event_10350,Libya,110,9,0,0
2026-01-24,event_10352,South Africa,109,18,9.083333333333334,0
2026-01-24,event_10350,Israel,108,14,21.6,0
2026-01-24,event_10351,Panama,108,11,18,0
2026-01-24,event_10352,Russia,108,14,18,0
2026-01-24,event_10353,Algeria,107,15,8.23076923076923,0
2026-01-24,event_10350,French Guiana,105,12,105,0
2026-01-24,event_10352,Serbia,105,6,52.5,0
2026-01-24,event_10353,Germany,105,20,5.526315789473684,0
2026-01-24,event_2100,Iran,105,62,1.6935483870967742,0
2026-01-24,event_10352,Qatar,103,21,20.6,0
2026-01-24,event_10000,United States,102,89,1.146067415730337,0
2026-01-24,event_10350,Mali,102,6,51,0
2026-01-24,event_6800,Guatemala,101,66,3.4827586206896552,0
2026-01-24,event_10351,Italy,99,18,7.615384615384615,0
2026-01-24,event_2100,Mexico,99,71,1.3943661971830985,0
2026-01-24,event_6800,Bolivia,99,51,4.95,0
2026-01-24,event_9900,Mexico,99,58,1.706896551724138,0
2026-01-24,event_10350,Zambia,98,5,32.666666666666664,0
2026-01-24,event_10505,Puerto Rico,97,26,6.928571428571429,0
2026-01-24,event_6800,Chile,96,61,3.6923076923076925,0
2026-01-24,event_1000,Portugal,95,48,2.021276595744681,0
2026-01-24,event_10351,Norway,95,6,15.833333333333334,0
2026-01-24,event_10351,Poland,95,14,8.636363636363637,0
2026-01-24,event_10351,Oman,95,27,8.636363636363637,0
2026-01-24,event_10353,South Korea,95,3,31.666666666666668,0
2026-01-24,event_6800,Dominican Republic,95,55,5,0
2026-01-24,event_10351,Tunisia,94,14,47,0
2026-01-24,event_10352,Antigua & Barbuda,93,7,23.25,0
2026-01-24,open_wifi_alert_settings__screen_viewed,United States,93,47,1.9787234042553192,0
2026-01-24,event_10354,Mexico,92,58,1.6140350877192982,0
2026-01-24,event_6800,Cuba,92,67,2.967741935483871,0
2026-01-24,pix_analyzer_onboarding_activate_click,Brazil,92,89,1.0337078651685394,0
2026-01-24,event_10352,Trinidad & Tobago,90,7,45,0
2026-01-24,event_10351,Switzerland,89,8,12.714285714285714,0
2026-01-24,event_10353,Mozambique,89,6,17.8,0
2026-01-24,event_10505,Colombia,89,15,6.846153846153846,0
2026-01-24,event_6800,Ireland,89,36,7.416666666666667,0
2026-01-24,event_8001,United States,89,89,1,0
2026-01-24,event_10350,U.S. Virgin Islands,88,8,17.6,0
2026-01-24,event_10505,Indonesia,88,42,3.259259259259259,0
2026-01-24,event_10511,Malaysia,88,1,88,0
2026-01-24,event_10351,Israel,87,9,17.4,0
2026-01-24,event_10350,Hungary,86,11,14.333333333333334,0
2026-01-24,event_6800,Australia,86,36,6.142857142857143,0
2026-01-24,event_6800,Honduras,86,47,4.3,0
2026-01-24,event_10350,Kazakhstan,84,3,0,0
2026-01-24,event_10352,Iraq,84,16,10.5,0
2026-01-24,event_1000,Puerto Rico,83,34,2.4411764705882355,0
2026-01-24,event_10352,Sweden,83,7,27.666666666666668,0
2026-01-24,event_10511,Germany,82,4,27.333333333333332,0
2026-01-24,event_10352,Yemen,81,11,20.25,0
2026-01-24,event_10353,Norway,81,5,16.2,0
2026-01-24,event_6800,South Africa,81,35,3.857142857142857,0
2026-01-24,event_10350,Bahrain,80,3,80,0
2026-01-24,event_10351,U.S. Virgin Islands,80,7,20,0
2026-01-24,event_6800,Morocco,80,31,8.88888888888889,0
2026-01-24,event_10353,Belgium,79,1,79,0
2026-01-24,event_10350,Luxembourg,77,3,38.5,0
2026-01-24,event_10352,Tanzania,77,9,12.833333333333334,0
2026-01-24,event_10505,Philippines,77,22,4.8125,0
2026-01-24,event_10350,Cayman Islands,76,2,76,0
2026-01-24,event_10352,Zambia,76,4,25.333333333333332,0
2026-01-24,event_10505,Canada,76,22,4.75,0
2026-01-24,event_39100,United States,76,67,1.1343283582089552,0
2026-01-24,event_6800,El Salvador,76,53,3.3043478260869565,0
2026-01-24,event_10350,American Samoa,75,3,37.5,0
2026-01-24,event_10350,Curaçao,75,6,37.5,0
2026-01-24,event_10351,Luxembourg,75,2,37.5,0
2026-01-24,event_10353,Nepal,75,7,10.714285714285714,0
2026-01-24,event_10363,Peru,75,5,18.75,0
2026-01-24,event_1000,Egypt,74,30,2.466666666666667,0
2026-01-24,event_10350,Nicaragua,74,24,6.7272727272727275,0
2026-01-24,event_10352,Sri Lanka,73,11,18.25,0
2026-01-24,event_10353,Switzerland,73,4,18.25,0
2026-01-24,event_10351,Ecuador,72,22,7.2,0
2026-01-24,event_10351,Ireland,71,12,10.142857142857142,0
2026-01-24,event_10511,Puerto Rico,71,1,71,0
2026-01-24,event_10350,Seychelles,70,1,0,0
2026-01-24,event_10511,Russia,70,3,23.333333333333332,0
2026-01-24,event_6800,Vietnam,70,30,23.333333333333332,0
2026-01-24,event_6800,Venezuela,70,41,3.6842105263157894,0
2026-01-24,event_10352,Oman,68,19,6.8,0
2026-01-24,event_10353,Qatar,68,2,34,0
2026-01-24,event_1600,Iran,68,41,1.6585365853658536,0
2026-01-24,event_6800,Nepal,68,32,7.555555555555555,0
2026-01-24,event_10350,Uzbekistan,67,5,33.5,0
2026-01-24,event_6800,Qatar,66,29,11,0
2026-01-24,event_6800,Ecuador,66,42,4.4,0
2026-01-24,event_8000,Iran,66,63,1.0476190476190477,0
2026-01-24,event_10511,South Africa,65,1,65,0
2026-01-24,event_1000,Nigeria,64,39,1.6842105263157894,0
2026-01-24,event_10353,Morocco,63,9,10.5,0
2026-01-24,event_6800,Poland,63,27,4.5,0
2026-01-24,event_6800,Türkiye,62,24,5.636363636363637,0
2026-01-24,event_1000,United Kingdom,61,33,1.90625,0
2026-01-24,event_10351,Afghanistan,61,12,7.625,0
2026-01-24,event_1000,Peru,60,19,3.3333333333333335,0
2026-01-24,event_10351,French Guiana,60,2,60,0
2026-01-24,event_10353,Guatemala,60,15,4,0
2026-01-24,event_1000,Canada,59,27,2.185185185185185,0
2026-01-24,event_10100,India,59,26,2.269230769230769,0
2026-01-24,event_10352,Jordan,59,15,29.5,0
2026-01-24,event_10511,Japan,59,2,29.5,0
2026-01-24,event_6800,South Korea,59,23,9.833333333333334,0
2026-01-24,event_6800,Jordan,59,24,11.8,0
2026-01-24,event_10100,Indonesia,58,39,1.4871794871794872,0
2026-01-24,event_10350,New Zealand,58,13,29,0
2026-01-24,event_10351,Tanzania,58,6,11.6,0
2026-01-24,event_10505,Saudi Arabia,58,15,8.285714285714286,0
2026-01-24,event_6800,Angola,57,22,4.071428571428571,0
2026-01-24,event_1000,Bangladesh,56,32,1.75,0
2026-01-24,event_10350,China,56,6,28,0
2026-01-24,event_10350,Taiwan,56,7,18.666666666666668,0
2026-01-24,event_10350,Singapore,56,24,5.090909090909091,0
2026-01-24,event_10352,Costa Rica,56,16,11.2,0
2026-01-24,event_10363,Syria,56,8,7,0
2026-01-24,event_10511,Guyana,56,4,18.666666666666668,0
2026-01-24,event_10210,United States,55,27,2.037037037037037,0
2026-01-24,event_10350,Niger,55,3,27.5,0
2026-01-24,event_10350,Zimbabwe,55,5,55,0
2026-01-24,event_10350,Côte d’Ivoire,55,6,18.333333333333332,0
2026-01-24,event_10351,Romania,55,8,9.166666666666666,0
2026-01-24,event_10353,Luxembourg,55,1,55,0
2026-01-24,event_10353,Israel,55,3,18.333333333333332,0
2026-01-24,event_10352,Libya,54,6,0,0
2026-01-24,event_10511,Ecuador,54,2,27,0
2026-01-24,event_10352,Mali,53,4,26.5,0
2026-01-24,event_6800,Kuwait,53,23,7.571428571428571,0
2026-01-24,event_10350,Suriname,52,6,0,0
2026-01-24,event_10352,Uzbekistan,52,4,26,0
2026-01-24,event_10352,Panama,52,10,10.4,0
2026-01-24,event_10511,Thailand,52,5,10.4,0
2026-01-24,event_8001,Iran,52,51,1.0196078431372548,0
2026-01-24,event_10351,Hungary,51,5,12.75,0
2026-01-24,event_10351,Sudan,51,9,17,0
2026-01-24,event_10352,Ukraine,51,4,51,0
2026-01-24,event_10353,Panama,51,3,17,0
2026-01-24,event_10363,Puerto Rico,51,8,7.285714285714286,0
2026-01-24,event_31009,Mexico,51,27,1.8888888888888888,0
2026-01-24,event_6800,Uruguay,51,29,12.75,0
2026-01-24,event_6801,Mexico,51,42,1.2142857142857142,0
2026-01-24,pix_analyzer_onboarding_start,United States,51,46,1.108695652173913,0
2026-01-24,event_10351,Cayman Islands,50,2,50,0
2026-01-24,event_10353,Poland,50,6,8.333333333333334,0
2026-01-24,event_10505,Spain,50,10,8.333333333333334,0
2026-01-24,event_10100,Argentina,49,24,2.0416666666666665,0
2026-01-24,event_10100,Portugal,49,24,2.0416666666666665,0
2026-01-24,event_10350,Greece,49,11,9.8,0
2026-01-24,event_10351,Antigua & Barbuda,49,7,16.333333333333332,0
2026-01-24,event_10363,Egypt,49,12,4.9,0
2026-01-24,event_10363,Nigeria,49,17,3.0625,0
2026-01-24,event_10511,Ethiopia,49,2,24.5,0
2026-01-24,event_10351,Libya,48,7,0,0
2026-01-24,event_10353,Bolivia,48,6,8,0
2026-01-24,event_10511,Qatar,48,1,48,0
2026-01-24,subscription_screen_open,Mexico,48,24,2,0
2026-01-24,event_1600,India,48,25,1.92,0
2026-01-24,event_1000,Philippines,47,34,1.4242424242424243,0
2026-01-24,event_10350,Slovakia,47,3,47,0
2026-01-24,event_10351,Angola,47,9,5.875,0
2026-01-24,event_10352,Bahrain,47,1,47,0
2026-01-24,event_10352,American Samoa,47,3,23.5,0
2026-01-24,event_10352,Zimbabwe,47,6,15.666666666666666,0
2026-01-24,event_10511,Canada,47,6,7.833333333333333,0
2026-01-24,event_1600,Argentina,47,27,1.7407407407407407,0
2026-01-24,event_39000,United States,47,42,1.119047619047619,0
2026-01-24,event_10353,French Guiana,46,1,46,0
2026-01-24,event_10363,Cuba,46,11,4.6,0
2026-01-24,event_10505,Algeria,46,13,7.666666666666667,0
2026-01-24,event_6800,Ghana,46,17,6.571428571428571,0
2026-01-24,event_6800,Belgium,46,20,9.2,0
2026-01-24,event_6800,Afghanistan,46,22,5.111111111111111,0
2026-01-24,event_10352,Nicaragua,45,16,5.625,0
2026-01-24,event_10511,Sri Lanka,45,2,22.5,0
2026-01-24,event_6800,New Zealand,45,22,22.5,0
2026-01-24,event_6800,Haiti,45,24,3.75,0
2026-01-24,event_10351,Curaçao,44,5,22,0
2026-01-24,event_10352,Tunisia,44,13,22,0
2026-01-24,event_10353,Honduras,44,11,4,0
2026-01-24,event_10350,Bermuda,43,2,43,0
2026-01-24,event_10351,New Zealand,43,4,21.5,0
2026-01-24,event_10351,Uganda,43,8,6.142857142857143,0
2026-01-24,event_10511,Bangladesh,43,5,14.333333333333334,0
2026-01-24,event_6800,Sudan,43,16,8.6,0
2026-01-24,event_6800,Israel,43,18,6.142857142857143,0
2026-01-24,event_10351,Singapore,42,16,8.4,0
2026-01-24,event_10353,U.S. Virgin Islands,42,4,10.5,0
2026-01-24,event_10352,Italy,41,11,6.833333333333333,0
2026-01-24,event_6800,Switzerland,41,17,5.857142857142857,0
2026-01-24,event_1000,Colombia,40,20,2,0
2026-01-24,event_10350,Hong Kong,40,12,13.333333333333334,0
2026-01-24,event_10351,Kazakhstan,40,2,0,0
2026-01-24,event_10351,Trinidad & Tobago,40,7,20,0
2026-01-24,event_10352,Niger,40,5,10,0
2026-01-24,event_10363,Saudi Arabia,40,3,13.333333333333334,0
2026-01-24,event_10363,Bangladesh,40,13,3.3333333333333335,0
2026-01-24,event_1650,Mexico,40,31,1.2903225806451613,0
2026-01-24,event_6800,Tunisia,40,16,40,0
2026-01-24,event_10351,Bermuda,39,2,39,0
2026-01-24,event_10351,Syria,38,9,9.5,0
2026-01-24,event_10353,Iran,38,14,2.7142857142857144,0
2026-01-24,event_10363,Argentina,38,9,4.75,0
2026-01-24,event_6800,Kenya,38,17,7.6,0
2026-01-24,event_6800,Singapore,38,20,6.333333333333333,0
2026-01-24,event_6800,Costa Rica,38,21,5.428571428571429,0
2026-01-24,event_10363,Algeria,37,9,5.285714285714286,0
2026-01-24,event_10505,Costa Rica,37,3,12.333333333333334,0
2026-01-24,event_10505,Nigeria,37,16,3.7,0
2026-01-24,event_6800,Laos,37,23,5.285714285714286,0
2026-01-24,event_1000,Cuba,36,24,1.5,0
2026-01-24,event_10353,Cayman Islands,36,1,36,0
2026-01-24,event_10505,Poland,36,6,6,0
2026-01-24,event_10511,Peru,36,1,36,0
2026-01-24,event_2100,India,36,15,2.4,0
2026-01-24,event_6800,Hungary,36,12,12,0
2026-01-24,event_10351,Taiwan,35,5,11.666666666666666,0
2026-01-24,event_10505,Cuba,35,16,2.5,0
2026-01-24,event_6800,Uganda,35,15,5.833333333333333,0
2026-01-24,event_9900,United Kingdom,35,16,2.1875,0
2026-01-24,event_10353,Romania,34,5,6.8,0
2026-01-24,event_10511,Norway,34,2,17,0
2026-01-24,event_6800,Oman,34,19,11.333333333333334,0
2026-01-24,event_1000,France,33,15,2.2,0
2026-01-24,event_10100,Canada,33,20,1.65,0
2026-01-24,event_10350,Martinique,33,3,0,0
2026-01-24,event_10351,Greece,33,6,6.6,0
2026-01-24,event_10363,Indonesia,33,17,1.9411764705882353,0
2026-01-24,event_6800,Iraq,33,16,11,0
2026-01-24,event_9900,Portugal,33,21,1.5714285714285714,0
2026-01-24,event_1000,Saudi Arabia,32,12,2.6666666666666665,0
2026-01-24,event_10210,Mexico,32,12,2.6666666666666665,0
2026-01-24,event_10352,China,32,4,16,0
2026-01-24,event_10353,Kenya,32,5,8,0
2026-01-24,event_6800,Romania,32,16,4.571428571428571,0
2026-01-24,event_10350,Croatia,31,3,31,0
2026-01-24,event_10353,Tanzania,31,4,7.75,0
2026-01-24,event_6800,Antigua & Barbuda,31,11,7.75,0
2026-01-24,event_6800,Sweden,31,15,7.75,0
2026-01-24,event_10350,Malta,30,2,0,0
2026-01-24,event_10350,Liberia,30,2,30,0
2026-01-24,event_10351,Bahrain,30,3,30,0
2026-01-24,event_10351,Russia,30,10,10,0
2026-01-24,event_10352,Liberia,30,2,30,0
2026-01-24,event_10353,Iraq,30,1,30,0
2026-01-24,event_10353,Türkiye,30,5,6,0
2026-01-24,event_10505,Nepal,30,1,30,0
2026-01-24,event_6800,Myanmar (Burma),30,15,5,0
2026-01-24,event_10350,Denmark,29,2,29,0
2026-01-24,event_10352,Bosnia & Herzegovina,29,3,29,0
2026-01-24,event_10505,Bosnia & Herzegovina,29,3,9.666666666666666,0
2026-01-24,event_4418,United States,29,15,1.9333333333333333,0
2026-01-24,event_6800,Trinidad & Tobago,29,11,14.5,0
2026-01-24,event_6800,U.S. Virgin Islands,29,12,5.8,0
2026-01-24,event_1000,Spain,28,18,1.5555555555555556,0
2026-01-24,event_10350,Togo,28,1,28,0
2026-01-24,event_10351,Côte d’Ivoire,28,5,14,0
2026-01-24,event_10352,Norway,28,5,5.6,0
2026-01-24,event_10353,Hungary,28,2,14,0
2026-01-24,event_10353,Thailand,28,10,3.5,0
2026-01-24,event_10354,Portugal,28,17,1.6470588235294117,0
2026-01-24,event_10505,Japan,28,7,7,0
2026-01-24,event_10505,Australia,28,8,7,0
2026-01-24,event_10511,Dominican Republic,28,2,14,0
2026-01-24,event_10511,France,28,4,9.333333333333334,0
2026-01-24,event_2100,Puerto Rico,28,11,2.5454545454545454,0
2026-01-24,event_6800,Libya,28,11,0,0
2026-01-24,event_6800,Guyana,28,11,4,0
2026-01-24,event_10350,Bahamas,27,6,0,0
2026-01-24,event_10351,Myanmar (Burma),27,5,27,0
2026-01-24,event_10352,Curaçao,27,4,13.5,0
2026-01-24,event_10353,Afghanistan,27,3,9,0
2026-01-24,event_10353,Italy,27,7,4.5,0
2026-01-24,event_10354,Argentina,27,20,1.4210526315789473,0
2026-01-24,event_10505,Peru,27,9,4.5,0
2026-01-24,event_1600,United Kingdom,27,16,1.6875,0
2026-01-24,event_2300,Mexico,27,23,1.173913043478261,0
2026-01-24,event_6800,Greece,27,10,5.4,0
2026-01-24,event_6801,Iran,27,23,1.173913043478261,0
2026-01-24,event_9900,India,27,10,2.7,0
2026-01-24,event_10100,United Kingdom,26,19,1.4444444444444444,0
2026-01-24,event_10208,Brazil,26,8,3.25,0
2026-01-24,event_10350,Moldova,26,3,8.666666666666666,0
2026-01-24,event_10351,Ethiopia,26,9,6.5,0
2026-01-24,event_10351,Hong Kong,26,10,8.666666666666666,0
2026-01-24,event_10352,Martinique,26,1,0,0
2026-01-24,event_10352,Cayman Islands,26,1,26,0
2026-01-24,event_10353,Venezuela,26,8,3.7142857142857144,0
2026-01-24,event_10505,Paraguay,26,7,5.2,0
2026-01-24,event_10511,Nepal,26,1,26,0
2026-01-24,event_6800,Tanzania,26,9,4.333333333333333,0
2026-01-24,event_6800,Mozambique,26,11,4.333333333333333,0
2026-01-24,event_9900,Canada,26,11,2.6,0
2026-01-24,pix_analyzer_onboarding_activate_click,United States,26,26,1,0
2026-01-24,event_10350,Turkmenistan,25,3,25,0
2026-01-24,event_10351,American Samoa,25,2,12.5,0
2026-01-24,event_10353,Taiwan,25,3,12.5,0
2026-01-24,event_10511,Mali,25,1,25,0
2026-01-24,event_1600,Puerto Rico,25,17,1.4705882352941178,0
2026-01-24,event_6800,Panama,25,15,4.166666666666667,0
2026-01-24,event_1000,Netherlands,24,16,1.5,0
2026-01-24,event_10100,Malaysia,24,4,6,0
2026-01-24,event_10351,Sweden,24,3,8,0
2026-01-24,event_10353,United Arab Emirates,24,10,3,0
2026-01-24,event_10363,Ethiopia,24,4,6,0
2026-01-24,event_10505,South Africa,24,5,4.8,0
2026-01-24,event_31009,Iran,24,14,1.7142857142857142,0
2026-01-24,event_6800,Russia,24,15,4.8,0
2026-01-24,event_1000,Japan,23,15,1.5333333333333334,0
2026-01-24,event_1000,Thailand,23,17,1.3529411764705883,0
2026-01-24,event_10350,Azerbaijan,23,6,7.666666666666667,0
2026-01-24,event_10352,Slovakia,23,1,23,0
2026-01-24,event_10353,Antigua & Barbuda,23,1,23,0
2026-01-24,event_10505,Malaysia,23,4,7.666666666666667,0
2026-01-24,event_37000,Mexico,23,21,1.0952380952380953,0
2026-01-24,event_10350,Cameroon,22,8,11,0
2026-01-24,event_10351,Guam,22,1,0,0
2026-01-24,event_10351,Mali,22,2,22,0
2026-01-24,event_10352,Malta,22,1,0,0
2026-01-24,event_10353,Uganda,22,5,4.4,0
2026-01-24,event_10511,Colombia,22,3,7.333333333333333,0
2026-01-24,event_10511,Haiti,22,4,7.333333333333333,0
2026-01-24,event_1600,Colombia,22,11,2,0
2026-01-24,event_1600,Portugal,22,16,1.375,0
2026-01-24,open_wifi_alert__click_on_upgrade,United States,22,20,1.1,0
2026-01-24,open_wifi_alert_paywall__screen_viewed,United States,22,20,1.1,0
2026-01-24,event_10100,Philippines,21,4,5.25,0
2026-01-24,event_10350,Lebanon,21,5,0,0
2026-01-24,event_10363,Thailand,21,3,7,0
2026-01-24,event_10363,Philippines,21,11,2.1,0
2026-01-24,event_10505,Ireland,21,5,10.5,0
2026-01-24,event_10505,Ecuador,21,6,3.5,0
2026-01-24,event_10505,Venezuela,21,6,5.25,0
2026-01-24,event_1700,Mexico,21,15,1.4,0
2026-01-24,event_1750,Iran,21,16,1.3125,0
2026-01-24,event_2100,Argentina,21,16,1.3125,0
2026-01-24,event_1000,Dominican Republic,20,11,2,0
2026-01-24,event_10100,Germany,20,11,2,0
2026-01-24,event_10350,Austria,20,4,0,0
2026-01-24,event_10351,Slovakia,20,2,20,0
2026-01-24,event_10352,Taiwan,20,3,20,0
2026-01-24,event_10353,Ukraine,20,2,10,0
2026-01-24,event_10353,Angola,20,4,5,0
2026-01-24,event_10353,Ireland,20,8,2.857142857142857,0
2026-01-24,event_10354,Colombia,20,6,3.3333333333333335,0
2026-01-24,event_10354,Indonesia,20,15,1.3333333333333333,0
2026-01-24,event_10505,Iraq,20,1,20,0
2026-01-24,event_10505,Qatar,20,2,10,0
2026-01-24,event_10511,Congo - Kinshasa,20,1,20,0
2026-01-24,event_1600,Indonesia,20,14,1.4285714285714286,0
2026-01-24,event_6800,Taiwan,20,7,10,0
2026-01-24,event_6800,Sri Lanka,20,10,20,0
2026-01-24,event_1000,Honduras,19,13,1.4615384615384615,0
2026-01-24,event_1000,Algeria,19,13,1.5833333333333333,0
2026-01-24,event_10350,Antarctica,19,1,0,0
2026-01-24,event_10351,Moldova,19,1,19,0
2026-01-24,event_10351,Cameroon,19,6,9.5,0
2026-01-24,event_10353,Greece,19,4,4.75,0
2026-01-24,event_10363,Ecuador,19,3,6.333333333333333,0
2026-01-24,event_10505,Kuwait,19,4,6.333333333333333,0
2026-01-24,event_10505,Pakistan,19,13,2.7142857142857144,0
2026-01-24,event_10511,Pakistan,19,1,19,0
2026-01-24,event_10512,Iran,19,14,1.3571428571428572,0
2026-01-24,subscription_screen_open,India,19,12,1.5833333333333333,0
2026-01-24,event_1750,Mexico,19,17,1.1176470588235294,0
2026-01-24,event_6800,Ethiopia,19,10,4.75,0
2026-01-24,event_6800,Yemen,19,11,4.75,0
2026-01-24,event_1000,Syria,18,6,3,0
2026-01-24,event_1000,Malaysia,18,8,2.25,0
2026-01-24,event_1000,South Africa,18,8,2.25,0
2026-01-24,event_10350,Guinea-Bissau,18,3,0,0
2026-01-24,event_10351,Serbia,18,2,18,0
2026-01-24,event_10352,Guam,18,2,18,0
2026-01-24,event_10352,South Korea,18,10,18,0
2026-01-24,event_10353,Tunisia,18,2,9,0
2026-01-24,event_10354,Puerto Rico,18,9,2,0
2026-01-24,event_10505,Malta,18,1,0,0
2026-01-24,event_1600,Egypt,18,8,2.25,0
2026-01-24,event_29000,Mexico,18,11,1.6363636363636365,0
2026-01-24,event_6800,French Guiana,18,9,18,0
2026-01-24,event_1000,Bosnia & Herzegovina,17,3,5.666666666666667,0
2026-01-24,event_1000,Germany,17,11,1.7,0
2026-01-24,event_10351,Seychelles,17,1,0,0
2026-01-24,event_10351,China,17,1,17,0
2026-01-24,event_10351,Sri Lanka,17,4,0,0
2026-01-24,event_10363,Pakistan,17,7,2.4285714285714284,0
2026-01-24,event_10850,Iran,17,13,1.3076923076923077,0
2026-01-24,event_2300,India,17,8,2.125,0
2026-01-24,event_2300,Iran,17,14,1.2142857142857142,0
2026-01-24,event_6800,Norway,17,7,8.5,0
2026-01-24,event_1000,French Guiana,16,1,16,0
2026-01-24,event_1000,Bolivia,16,10,1.6,0
2026-01-24,event_10100,Thailand,16,5,3.2,0
2026-01-24,event_10350,São Tomé & Príncipe,16,2,0,0
2026-01-24,event_10350,Congo - Kinshasa,16,6,8,0
2026-01-24,event_10351,Cuba,16,4,8,0
2026-01-24,event_10352,Lebanon,16,4,0,0
2026-01-24,event_10352,Switzerland,16,8,2.6666666666666665,0
2026-01-24,event_10353,American Samoa,16,2,8,0
2026-01-24,event_10353,New Zealand,16,2,8,0
2026-01-24,event_10353,Sweden,16,3,5.333333333333333,0
2026-01-24,event_10354,Togo,16,1,16,0
2026-01-24,event_10505,Syria,16,7,2.6666666666666665,0
2026-01-24,event_10505,Netherlands,16,7,3.2,0
2026-01-24,event_10511,Guatemala,16,3,5.333333333333333,0
2026-01-24,event_1600,Japan,16,6,2.6666666666666665,0
2026-01-24,event_1600,Nigeria,16,12,1.3333333333333333,0
2026-01-24,event_1650,Iran,16,14,1.1428571428571428,0
2026-01-24,event_6800,China,16,6,8,0
2026-01-24,event_6800,Luxembourg,16,8,4,0
2026-01-24,event_6800,Hong Kong,16,10,5.333333333333333,0
2026-01-24,event_9900,Colombia,16,8,2,0
2026-01-24,event_9900,Argentina,16,10,1.6,0
2026-01-24,event_1000,Chile,15,11,1.3636363636363635,0
2026-01-24,event_10100,Russia,15,3,5,0
2026-01-24,event_10100,France,15,8,1.875,0
2026-01-24,event_10100,Egypt,15,10,1.6666666666666667,0
2026-01-24,event_10350,Senegal,15,9,3.75,0
2026-01-24,event_10352,Kazakhstan,15,3,0,0
2026-01-24,event_10352,Hong Kong,15,7,15,0
2026-01-24,event_10352,Senegal,15,9,3.75,0
2026-01-24,event_10353,Curaçao,15,3,7.5,0
2026-01-24,event_10353,Ecuador,15,4,3.75,0
2026-01-24,event_10363,Serbia,15,2,7.5,0
2026-01-24,event_10505,Sri Lanka,15,2,15,0
2026-01-24,event_10505,Sudan,15,3,7.5,0
2026-01-24,event_10505,Guatemala,15,5,3,0
2026-01-24,event_10505,Germany,15,8,2.142857142857143,0
2026-01-24,event_10505,Bangladesh,15,12,2.142857142857143,0
2026-01-24,subscription_screen_open,Saudi Arabia,15,4,3.75,0
2026-01-24,subscription_screen_open,Argentina,15,12,1.25,0
2026-01-24,event_1600,Peru,15,9,1.6666666666666667,0
2026-01-24,event_1650,Puerto Rico,15,5,3,0
2026-01-24,event_1750,Indonesia,15,12,1.25,0
2026-01-24,event_2100,Bangladesh,15,9,1.6666666666666667,0
2026-01-24,event_2600,Mexico,15,13,1.1538461538461537,0
2026-01-24,event_6800,Bahrain,15,5,15,0
2026-01-24,event_9900,Spain,15,3,5,0
2026-01-24,event_9900,Puerto Rico,15,13,1.1538461538461537,0
2026-01-24,event_1000,El Salvador,14,10,1.4,0
2026-01-24,event_1000,Pakistan,14,10,1.5555555555555556,0
2026-01-24,event_10100,Pakistan,14,12,1.1666666666666667,0
2026-01-24,event_10350,Eswatini,14,1,14,0
2026-01-24,event_10350,Aruba,14,3,14,0
2026-01-24,event_10350,Brunei,14,10,1.75,0
2026-01-24,event_10351,Haiti,14,7,4.666666666666667,0
2026-01-24,event_10352,Antarctica,14,1,0,0
2026-01-24,event_10352,Eswatini,14,1,14,0
2026-01-24,event_10352,Congo - Kinshasa,14,5,7,0
2026-01-24,event_10354,United Kingdom,14,11,1.2727272727272727,0
2026-01-24,subscription_subscribe_click,United States,14,14,1,0
2026-01-24,event_1750,India,14,9,1.5555555555555556,0
2026-01-24,event_1750,Portugal,14,11,1.2727272727272727,0
2026-01-24,event_2100,Portugal,14,10,1.4,0
2026-01-24,event_26003,Saudi Arabia,14,2,7,0
2026-01-24,event_31009,India,14,9,1.5555555555555556,0
2026-01-24,event_6800,Cameroon,14,7,7,0
2026-01-24,event_8000,India,14,13,1.0769230769230769,0
2026-01-24,event_1000,Laos,13,4,3.25,0
2026-01-24,event_1000,Jamaica,13,9,1.4444444444444444,0
2026-01-24,event_10100,Puerto Rico,13,10,1.3,0
2026-01-24,event_10352,Togo,13,1,13,0
2026-01-24,event_10353,Oman,13,2,6.5,0
2026-01-24,event_10353,Russia,13,3,4.333333333333333,0
2026-01-24,event_10354,Bangladesh,13,7,1.8571428571428572,0
2026-01-24,event_10505,Belgium,13,2,6.5,0
2026-01-24,event_10511,Moldova,13,1,13,0
2026-01-24,event_30000,Iran,13,6,2.1666666666666665,0
2026-01-24,event_6800,Côte d’Ivoire,13,4,6.5,0
2026-01-24,event_6800,Serbia,13,5,6.5,0
2026-01-24,event_6801,Indonesia,13,11,1.1818181818181819,0
2026-01-24,event_1000,Paraguay,12,7,1.7142857142857142,0
2026-01-24,event_10100,Mali,12,1,12,0
2026-01-24,event_10350,Belize,12,2,0,0
2026-01-24,event_10353,Bermuda,12,1,12,0
2026-01-24,event_10354,Spain,12,5,2.4,0
2026-01-24,event_10354,India,12,8,1.5,0
2026-01-24,event_10363,Spain,12,2,6,0
2026-01-24,event_10363,Japan,12,4,3,0
2026-01-24,event_10505,Angola,12,3,4,0
2026-01-24,event_10511,Venezuela,12,2,6,0
2026-01-24,event_1600,Canada,12,7,1.7142857142857142,0
2026-01-24,event_1750,Argentina,12,10,1.2,0
2026-01-24,event_2100,Egypt,12,9,1.3333333333333333,0
2026-01-24,event_2100,Indonesia,12,11,1.0909090909090908,0
2026-01-24,event_6800,American Samoa,12,5,6,0
2026-01-24,event_6800,Curaçao,12,6,6,0
2026-01-24,event_6800,Nicaragua,12,8,4,0
2026-01-24,event_6801,India,12,10,1.2,0
2026-01-24,event_8001,India,12,11,1.0909090909090908,0
2026-01-24,event_9900,Egypt,12,6,2,0
2026-01-24,event_9900,France,12,7,1.7142857142857142,0
2026-01-24,pix_analyzer_alert_open,Brazil,12,10,1.2,0
2026-01-24,event_1000,Costa Rica,11,3,3.6666666666666665,0
2026-01-24,event_1000,Australia,11,7,1.5714285714285714,0
2026-01-24,event_10100,Colombia,11,11,1.1,0
2026-01-24,event_10209,Brazil,11,5,2.2,0
2026-01-24,event_10350,Benin,11,1,11,0
2026-01-24,event_10350,St. Kitts & Nevis,11,2,0,0
2026-01-24,event_10350,Belarus,11,2,11,0
2026-01-24,event_10350,Cyprus,11,2,11,0
2026-01-24,event_10350,(not set),11,3,5.5,0
2026-01-24,event_10351,Bahamas,11,2,0,0
2026-01-24,event_10351,Cyprus,11,2,11,0
2026-01-24,event_10351,Zambia,11,2,11,0
2026-01-24,event_10352,Côte d’Ivoire,11,3,3.6666666666666665,0
2026-01-24,event_10363,Canada,11,2,11,0
2026-01-24,event_10363,Venezuela,11,4,2.75,0
2026-01-24,event_10505,Dominican Republic,11,3,5.5,0
2026-01-24,event_10505,Morocco,11,5,5.5,0
2026-01-24,event_10511,Argentina,11,2,11,0
2026-01-24,event_10511,Syria,11,3,3.6666666666666665,0
2026-01-24,event_10850,Mexico,11,5,2.2,0
2026-01-24,subscription_subscribe_click,Mexico,11,4,2.75,0
2026-01-24,subscription_subscribe_click,Iran,11,7,1.5714285714285714,0
2026-01-24,event_1600,Bangladesh,11,7,1.5714285714285714,0
2026-01-24,event_1650,India,11,10,1.1,0
2026-01-24,event_1650,Argentina,11,11,1,0
2026-01-24,event_2100,Canada,11,8,1.375,0
2026-01-24,event_6800,Uzbekistan,11,4,11,0
2026-01-24,event_6800,Austria,11,6,11,0
2026-01-24,event_6800,Senegal,11,7,3.6666666666666665,0
2026-01-24,event_8000,Bangladesh,11,9,1.2222222222222223,0
2026-01-24,event_9900,Netherlands,11,6,1.8333333333333333,0
2026-01-24,event_1000,Russia,10,2,5,0
2026-01-24,event_1000,Guatemala,10,9,1.1111111111111112,0
2026-01-24,event_10100,Jordan,10,2,5,0
2026-01-24,event_10100,Algeria,10,3,3.3333333333333335,0
2026-01-24,event_10100,Peru,10,6,1.6666666666666667,0
2026-01-24,event_10350,Palestine,10,1,10,0
2026-01-24,event_10350,Cambodia,10,3,0,0
2026-01-24,event_10351,Niger,10,1,10,0
2026-01-24,event_10351,Palestine,10,1,10,0
2026-01-24,event_10351,Togo,10,1,10,0
2026-01-24,event_10351,Azerbaijan,10,3,0,0
2026-01-24,event_10353,China,10,1,10,0
2026-01-24,event_10353,Moldova,10,1,10,0
2026-01-24,event_10353,Slovakia,10,1,10,0
2026-01-24,event_10353,Trinidad & Tobago,10,2,5,0
2026-01-24,event_10363,Australia,10,3,3.3333333333333335,0
2026-01-24,event_10363,Portugal,10,6,2,0
2026-01-24,event_10505,Serbia,10,1,10,0
2026-01-24,event_10505,Ghana,10,2,5,0
2026-01-24,event_10505,Switzerland,10,4,3.3333333333333335,0
2026-01-24,event_10505,Jamaica,10,5,2.5,0
2026-01-24,subscription_purchase_complete,Brazil,10,10,1,0
2026-01-24,event_2100,United Kingdom,10,8,1.25,0
2026-01-24,event_2300,Argentina,10,8,1.25,0
2026-01-24,event_26003,India,10,4,2.5,0
2026-01-24,event_6801,Portugal,10,9,1.1111111111111112,0
2026-01-24,event_8000,Egypt,10,10,1,0
2026-01-24,event_8001,Egypt,10,10,1,0
2026-01-24,event_9900,Peru,10,4,2.5,0
2026-01-24,event_1000,Venezuela,9,7,1.5,0
2026-01-24,event_10100,Türkiye,9,4,2.25,0
2026-01-24,event_10100,Saudi Arabia,9,6,1.5,0
2026-01-24,event_10100,Bangladesh,9,6,1.8,0
2026-01-24,event_10350,Albania,9,9,1.5,0
2026-01-24,event_10351,Uzbekistan,9,2,0,0
2026-01-24,event_10352,Seychelles,9,1,0,0
2026-01-24,event_10352,Austria,9,2,0,0
2026-01-24,event_10352,Bahamas,9,4,0,0
2026-01-24,event_10353,Zambia,9,1,9,0
2026-01-24,event_10353,Sudan,9,2,4.5,0
2026-01-24,event_10353,Ethiopia,9,3,3,0
2026-01-24,event_10354,Egypt,9,7,1.2857142857142858,0
2026-01-24,event_10363,Bolivia,9,4,2.25,0
2026-01-24,event_10363,France,9,5,1.8,0
2026-01-24,event_10505,United Arab Emirates,9,6,1.8,0
2026-01-24,event_10511,Afghanistan,9,2,4.5,0
2026-01-24,event_10511,United Kingdom,9,3,3,0
2026-01-24,event_10850,India,9,6,1.5,0
2026-01-24,subscription_screen_open,Bangladesh,9,7,1.2857142857142858,0
2026-01-24,subscription_screen_open,Indonesia,9,8,1.125,0
2026-01-24,event_1600,Saudi Arabia,9,5,1.8,0
2026-01-24,event_1600,Algeria,9,6,1.5,0
2026-01-24,event_2100,Russia,9,1,9,0
2026-01-24,event_2100,Spain,9,3,3,0
2026-01-24,event_2300,Puerto Rico,9,8,1.125,0
2026-01-24,event_26003,Iran,9,7,1.2857142857142858,0
2026-01-24,event_26003,Mexico,9,7,1.2857142857142858,0
2026-01-24,event_31009,Bangladesh,9,4,2.25,0
2026-01-24,event_31009,United Kingdom,9,4,2.25,0
2026-01-24,event_6800,Bulgaria,9,4,0,0
2026-01-24,event_6800,Martinique,9,4,0,0
2026-01-24,event_6800,Congo - Kinshasa,9,4,4.5,0
2026-01-24,event_6800,Lithuania,9,4,4.5,0
2026-01-24,event_6800,Bahamas,9,4,9,0
2026-01-24,event_6800,Cape Verde,9,5,1.8,0
2026-01-24,event_6800,Ukraine,9,5,3,0
2026-01-24,event_8001,Bangladesh,9,9,1,0
2026-01-24,event_1000,Ethiopia,8,3,2.6666666666666665,0
2026-01-24,event_1000,Morocco,8,5,2,0
2026-01-24,event_1000,Poland,8,6,1.3333333333333333,0
2026-01-24,event_1000,Italy,8,7,1.1428571428571428,0
2026-01-24,event_1000,Haiti,8,8,1,0
2026-01-24,event_10100,Dominican Republic,8,3,2.6666666666666665,0
2026-01-24,event_10100,United Arab Emirates,8,4,2,0
2026-01-24,event_10100,Jamaica,8,5,1.6,0
2026-01-24,event_10100,Netherlands,8,7,1.1428571428571428,0
2026-01-24,event_10350,Lithuania,8,4,4,0
2026-01-24,event_10351,(not set),8,1,8,0
2026-01-24,event_10351,Guyana,8,4,4,0
2026-01-24,event_10351,Albania,8,8,2,0
2026-01-24,event_10352,Guinea-Bissau,8,1,0,0
2026-01-24,event_10352,U.S. Virgin Islands,8,2,4,0
2026-01-24,event_10352,Hungary,8,4,2,0
2026-01-24,event_10352,Kuwait,8,5,4,0
2026-01-24,event_10352,Israel,8,7,8,0
2026-01-24,event_10353,Serbia,8,1,8,0
2026-01-24,event_10353,Syria,8,3,2.6666666666666665,0
2026-01-24,event_10353,Jordan,8,3,4,0
2026-01-24,event_10354,Nigeria,8,6,1.3333333333333333,0
2026-01-24,event_10354,Philippines,8,7,1.3333333333333333,0
2026-01-24,event_10354,Canada,8,8,1,0
2026-01-24,event_10363,Angola,8,2,4,0
2026-01-24,event_10363,Poland,8,2,4,0
2026-01-24,event_10363,Germany,8,4,2,0
2026-01-24,event_10363,Mozambique,8,4,2,0
2026-01-24,event_10363,Afghanistan,8,5,1.6,0
2026-01-24,event_10505,Sweden,8,1,8,0
2026-01-24,event_10505,Kenya,8,2,8,0
2026-01-24,event_10511,American Samoa,8,1,8,0
2026-01-24,event_10511,New Zealand,8,1,8,0
2026-01-24,event_10511,Saudi Arabia,8,5,1.6,0
2026-01-24,event_10850,Saudi Arabia,8,2,4,0
2026-01-24,subscription_screen_open,Egypt,8,4,2,0
2026-01-24,event_1700,Iran,8,6,1.3333333333333333,0
2026-01-24,event_1750,Philippines,8,3,2.6666666666666665,0
2026-01-24,event_2100,Colombia,8,6,1.3333333333333333,0
2026-01-24,event_29000,Iran,8,8,1,0
2026-01-24,event_31009,Colombia,8,2,4,0
2026-01-24,event_31009,Puerto Rico,8,5,1.6,0
2026-01-24,event_37000,Argentina,8,7,1.1428571428571428,0
2026-01-24,event_4418,Saudi Arabia,8,1,8,0
2026-01-24,event_6800,Lebanon,8,3,0,0
2026-01-24,event_6800,Liberia,8,3,4,0
2026-01-24,event_6800,Aruba,8,3,8,0
2026-01-24,event_6800,Togo,8,3,8,0
2026-01-24,event_6800,Suriname,8,4,0,0
2026-01-24,event_6800,Palestine,8,4,8,0
2026-01-24,event_6800,Zimbabwe,8,5,2.6666666666666665,0
2026-01-24,event_6801,Puerto Rico,8,8,1,0
2026-01-24,event_9900,Italy,8,3,2.6666666666666665,0
2026-01-24,event_9900,Indonesia,8,4,2,0
2026-01-24,open_wifi_alert_settings__screen_viewed,Mexico,8,2,4,0
2026-01-24,event_1000,Mozambique,7,4,1.75,0
2026-01-24,event_1000,Belgium,7,5,1.4,0
2026-01-24,event_1000,Ecuador,7,7,1.1666666666666667,0
2026-01-24,event_10100,Nigeria,7,5,1.4,0
2026-01-24,event_10350,Iceland,7,1,0,0
2026-01-24,event_10350,Papua New Guinea,7,1,0,0
2026-01-24,event_10350,Mauritius,7,2,0,0
2026-01-24,event_10350,Rwanda,7,2,7,0
2026-01-24,event_10350,Sierra Leone,7,3,0,0
2026-01-24,event_10351,Aruba,7,2,7,0
2026-01-24,event_10351,Brunei,7,4,3.5,0
2026-01-24,event_10352,Turkmenistan,7,2,0,0
2026-01-24,event_10352,Suriname,7,4,0,0
2026-01-24,event_10352,Azerbaijan,7,4,3.5,0
2026-01-24,event_10352,Singapore,7,7,3.5,0
2026-01-24,event_10353,Singapore,7,2,3.5,0
2026-01-24,event_10353,Vietnam,7,2,7,0
2026-01-24,event_10354,Netherlands,7,5,1.4,0
2026-01-24,event_10505,New Zealand,7,1,7,0
2026-01-24,event_10505,U.S. Virgin Islands,7,2,3.5,0
2026-01-24,event_10505,Italy,7,4,3.5,0
2026-01-24,event_10512,Ethiopia,7,1,7,0
2026-01-24,event_10512,India,7,4,1.75,0
2026-01-24,event_10512,Cuba,7,4,2.3333333333333335,0
2026-01-24,event_1600,Philippines,7,6,1.1666666666666667,0
2026-01-24,event_1700,Argentina,7,6,1.1666666666666667,0
2026-01-24,event_2100,Germany,7,2,3.5,0
2026-01-24,event_2100,Bosnia & Herzegovina,7,3,2.3333333333333335,0
2026-01-24,event_2100,Syria,7,3,2.3333333333333335,0
2026-01-24,event_2100,Malaysia,7,4,1.75,0
2026-01-24,event_2100,Saudi Arabia,7,4,1.75,0
2026-01-24,event_2100,Peru,7,5,1.4,0
2026-01-24,event_2300,United Kingdom,7,6,1.1666666666666667,0
2026-01-24,event_31009,Egypt,7,5,1.4,0
2026-01-24,event_6800,Slovakia,7,3,3.5,0
2026-01-24,event_6800,Namibia,7,4,7,0
2026-01-24,event_6801,Peru,7,6,1.1666666666666667,0
2026-01-24,event_6801,Argentina,7,7,1,0
2026-01-24,event_9900,Vietnam,7,1,7,0
2026-01-24,event_9900,United Arab Emirates,7,2,3.5,0
2026-01-24,event_1000,Tunisia,6,1,6,0
2026-01-24,event_1000,Curaçao,6,2,3,0
2026-01-24,event_1000,Türkiye,6,5,1.2,0
2026-01-24,event_1000,United Arab Emirates,6,5,1.2,0
2026-01-24,event_10100,Chile,6,4,1.5,0
2026-01-24,event_10350,South Sudan,6,1,0,0
2026-01-24,event_10350,Latvia,6,2,6,0
2026-01-24,event_10350,Somalia,6,2,6,0
2026-01-24,event_10350,Namibia,6,3,0,0
2026-01-24,event_10350,Finland,6,4,6,0
2026-01-24,event_10350,Bulgaria,6,5,0,0
2026-01-24,event_10351,São Tomé & Príncipe,6,1,0,0
2026-01-24,event_10351,Suriname,6,3,0,0
2026-01-24,event_10352,South Sudan,6,1,0,0
2026-01-24,event_10352,Benin,6,1,6,0
2026-01-24,event_10352,São Tomé & Príncipe,6,2,0,0
2026-01-24,event_10352,Moldova,6,3,2,0
2026-01-24,event_10352,Brunei,6,6,1.2,0
2026-01-24,event_10354,Jamaica,6,2,3,0
2026-01-24,event_10354,Saudi Arabia,6,3,2,0
2026-01-24,event_10363,Malta,6,1,0,0
2026-01-24,event_10363,Nepal,6,2,3,0
2026-01-24,event_10363,Colombia,6,3,2,0
2026-01-24,event_10363,El Salvador,6,3,2,0
2026-01-24,event_10363,Jamaica,6,3,2,0
2026-01-24,event_10363,Paraguay,6,6,1,0
2026-01-24,event_10505,Uzbekistan,6,1,6,0
2026-01-24,event_10505,Haiti,6,3,3,0
2026-01-24,event_10505,Honduras,6,4,1.5,0
2026-01-24,event_10511,Singapore,6,1,6,0
2026-01-24,event_10850,Egypt,6,5,1.2,0
2026-01-24,subscription_screen_open,Colombia,6,3,2,0
2026-01-24,subscription_screen_open,Iran,6,4,1.5,0
2026-01-24,subscription_screen_open,United Kingdom,6,4,1.5,0
2026-01-24,subscription_screen_open,Portugal,6,6,1,0
2026-01-24,subscription_subscribe_click,Bangladesh,6,3,2,0
2026-01-24,event_1600,Cuba,6,3,2,0
2026-01-24,event_1600,Spain,6,4,1.5,0
2026-01-24,event_1600,France,6,5,1.2,0
2026-01-24,event_1600,Netherlands,6,5,1.2,0
2026-01-24,event_1750,Puerto Rico,6,3,2,0
2026-01-24,event_2300,Bosnia & Herzegovina,6,3,2,0
2026-01-24,event_2300,Netherlands,6,3,2,0
2026-01-24,event_2300,Indonesia,6,5,1.2,0
2026-01-24,event_2600,Canada,6,5,1.2,0
2026-01-24,event_29000,Puerto Rico,6,4,1.5,0
2026-01-24,event_29000,Argentina,6,5,1.2,0
2026-01-24,event_31009,Indonesia,6,3,2,0
2026-01-24,event_31009,Portugal,6,4,1.5,0
2026-01-24,event_31009,Argentina,6,6,1,0
2026-01-24,event_4418,Mexico,6,2,3,0
2026-01-24,event_6800,Gambia,6,2,6,0
2026-01-24,event_6800,Estonia,6,3,0,0
2026-01-24,event_6800,Guinea-Bissau,6,3,0,0
2026-01-24,event_6800,Cayman Islands,6,3,3,0
2026-01-24,event_6800,Turkmenistan,6,4,3,0
2026-01-24,event_6800,Finland,6,4,6,0
2026-01-24,event_6801,Egypt,6,4,1.5,0
2026-01-24,event_8000,Saudi Arabia,6,5,1.2,0
2026-01-24,event_8000,Philippines,6,5,1.5,0
2026-01-24,event_8000,Indonesia,6,6,1,0
2026-01-24,event_9900,Philippines,6,2,3,0
2026-01-24,event_9900,Germany,6,5,1.2,0
2026-01-24,pix_analyzer_onboarding_start,Egypt,6,3,2,0
2026-01-24,event_1000,Ireland,5,2,2.5,0
2026-01-24,event_1000,Israel,5,2,2.5,0
2026-01-24,event_1000,Serbia,5,2,2.5,0
2026-01-24,event_1000,Sri Lanka,5,3,1.6666666666666667,0
2026-01-24,event_1000,Uganda,5,3,1.6666666666666667,0
2026-01-24,event_10100,Panama,5,1,5,0
2026-01-24,event_10100,Spain,5,4,1.6666666666666667,0
2026-01-24,event_10100,Poland,5,5,1,0
2026-01-24,event_10210,Indonesia,5,3,1.6666666666666667,0
2026-01-24,event_10350,Kyrgyzstan,5,2,0,0
2026-01-24,event_10350,Gambia,5,3,2.5,0
2026-01-24,event_10350,French Polynesia,5,4,2.5,0
2026-01-24,event_10351,Belize,5,1,0,0
2026-01-24,event_10351,Papua New Guinea,5,1,0,0
2026-01-24,event_10351,Croatia,5,1,5,0
2026-01-24,event_10351,Latvia,5,1,5,0
2026-01-24,event_10351,Cambodia,5,2,0,0
2026-01-24,event_10351,Sierra Leone,5,2,0,0
2026-01-24,event_10351,Yemen,5,3,2.5,0
2026-01-24,event_10352,Ireland,5,2,0,0
2026-01-24,event_10353,(not set),5,1,5,0
2026-01-24,event_10353,Togo,5,1,5,0
2026-01-24,event_10354,Ghana,5,2,2.5,0
2026-01-24,event_10354,Algeria,5,4,1.25,0
2026-01-24,event_10363,Jordan,5,1,5,0
2026-01-24,event_10363,Tanzania,5,1,5,0
2026-01-24,event_10363,Uzbekistan,5,1,5,0
2026-01-24,event_10363,Costa Rica,5,2,2.5,0
2026-01-24,event_10363,Malaysia,5,3,2.5,0
2026-01-24,event_10363,South Africa,5,4,1.25,0
2026-01-24,event_10364,Mexico,5,3,1.6666666666666667,0
2026-01-24,event_10505,Uruguay,5,1,0,0
2026-01-24,event_10505,Moldova,5,1,5,0
2026-01-24,event_10505,Tunisia,5,1,5,0
2026-01-24,event_10505,Ethiopia,5,2,2.5,0
2026-01-24,event_10505,Norway,5,2,5,0
2026-01-24,event_10505,Afghanistan,5,3,1.6666666666666667,0
2026-01-24,event_10505,Mozambique,5,4,1.6666666666666667,0
2026-01-24,event_10505,Romania,5,4,1.6666666666666667,0
2026-01-24,subscription_screen_open,Syria,5,1,5,0
2026-01-24,subscription_subscribe_click,India,5,4,1.25,0
2026-01-24,event_1600,Ecuador,5,2,2.5,0
2026-01-24,event_1600,Venezuela,5,2,2.5,0
2026-01-24,event_1600,Bolivia,5,3,1.6666666666666667,0
2026-01-24,event_1600,Paraguay,5,3,1.6666666666666667,0
2026-01-24,event_1600,Malaysia,5,4,1.25,0
2026-01-24,event_1650,Egypt,5,4,1.25,0
2026-01-24,event_1650,Portugal,5,5,1,0
2026-01-24,event_1700,Peru,5,2,2.5,0
2026-01-24,event_1700,Puerto Rico,5,5,1,0
2026-01-24,event_1750,Egypt,5,4,1.25,0
2026-01-24,event_2100,Morocco,5,2,2.5,0
2026-01-24,event_2100,Algeria,5,4,1.25,0
2026-01-24,event_2100,Paraguay,5,4,1.25,0
2026-01-24,event_2100,Bolivia,5,5,1,0
2026-01-24,event_2100,Netherlands,5,5,1,0
2026-01-24,event_2600,Iran,5,3,1.6666666666666667,0
2026-01-24,event_26003,Peru,5,2,2.5,0
2026-01-24,event_29000,United Kingdom,5,4,1.25,0
2026-01-24,event_39100,Saudi Arabia,5,1,5,0
2026-01-24,event_6800,Burkina Faso,5,1,0,0
2026-01-24,event_6800,Denmark,5,1,0,0
2026-01-24,event_6800,Barbados,5,2,0,0
2026-01-24,event_6800,South Sudan,5,2,0,0
2026-01-24,event_6800,(not set),5,2,5,0
2026-01-24,event_6800,St. Kitts & Nevis,5,3,0,0
2026-01-24,event_6800,Azerbaijan,5,3,5,0
2026-01-24,event_6800,Cyprus,5,3,5,0
2026-01-24,event_6801,Nigeria,5,4,1.25,0
2026-01-24,event_6801,Bangladesh,5,5,1,0
2026-01-24,event_6801,Canada,5,5,1,0
2026-01-24,event_8000,Mexico,5,5,1,0
2026-01-24,event_8000,Portugal,5,5,1,0
2026-01-24,event_9900,Bosnia & Herzegovina,5,1,5,0
2026-01-24,event_9900,Ireland,5,2,2.5,0
2026-01-24,event_9900,Malaysia,5,2,2.5,0
2026-01-24,event_9900,El Salvador,5,3,1.6666666666666667,0
2026-01-24,event_9900,Chile,5,4,1.25,0
2026-01-24,event_9900,Japan,5,4,1.25,0
2026-01-24,open_wifi_alert__click_on_upgrade,Mexico,5,2,2.5,0
2026-01-24,open_wifi_alert_paywall__screen_viewed,Mexico,5,2,2.5,0
2026-01-24,event_1000,Bermuda,4,1,4,0
2026-01-24,event_1000,China,4,1,4,0
2026-01-24,event_1000,Singapore,4,2,2,0
2026-01-24,event_1000,Antigua & Barbuda,4,3,1.3333333333333333,0
2026-01-24,event_1000,Ghana,4,3,1.3333333333333333,0
2026-01-24,event_1000,U.S. Virgin Islands,4,3,1.3333333333333333,0
2026-01-24,event_1000,Jordan,4,3,2,0
2026-01-24,event_1000,Qatar,4,4,1,0
2026-01-24,event_10000,Egypt,4,2,2,0
2026-01-24,event_10000,Mexico,4,4,1,0
2026-01-24,event_10100,Greece,4,1,4,0
2026-01-24,event_10100,Ireland,4,2,2,0
2026-01-24,event_10350,St. Lucia,4,2,0,0
2026-01-24,event_10350,Djibouti,4,2,4,0
2026-01-24,event_10350,Czechia,4,3,0,0
2026-01-24,event_10351,Malta,4,1,0,0
2026-01-24,event_10351,Benin,4,1,4,0
2026-01-24,event_10351,Denmark,4,1,4,0
2026-01-24,event_10351,Lithuania,4,1,4,0
2026-01-24,event_10351,Mauritius,4,2,0,0
2026-01-24,event_10351,St. Kitts & Nevis,4,2,0,0
2026-01-24,event_10351,Rwanda,4,2,4,0
2026-01-24,event_10351,Turkmenistan,4,2,4,0
2026-01-24,event_10352,French Polynesia,4,3,2,0
2026-01-24,event_10352,Romania,4,3,2,0
2026-01-24,event_10352,Lithuania,4,3,4,0
2026-01-24,event_10353,Cuba,4,1,4,0
2026-01-24,event_10353,Côte d’Ivoire,4,1,4,0
2026-01-24,event_10354,Costa Rica,4,1,4,0
2026-01-24,event_10354,France,4,2,2,0
2026-01-24,event_10354,Australia,4,3,1.3333333333333333,0
2026-01-24,event_10354,Chile,4,3,1.3333333333333333,0
2026-01-24,event_10363,Bosnia & Herzegovina,4,1,4,0
2026-01-24,event_10363,Haiti,4,1,4,0
2026-01-24,event_10363,Myanmar (Burma),4,1,4,0
2026-01-24,event_10363,Türkiye,4,1,4,0
2026-01-24,event_10363,Mali,4,2,2,0
2026-01-24,event_10363,Morocco,4,2,2,0
2026-01-24,event_10363,United Kingdom,4,3,2,0
2026-01-24,event_10363,Netherlands,4,4,1,0
2026-01-24,event_10364,Iran,4,4,1,0
2026-01-24,event_10505,Austria,4,1,0,0
2026-01-24,event_10505,Taiwan,4,2,4,0
2026-01-24,event_10505,Vietnam,4,2,4,0
2026-01-24,event_10505,Cape Verde,4,3,1.3333333333333333,0
2026-01-24,event_10505,El Salvador,4,3,1.3333333333333333,0
2026-01-24,event_10505,Panama,4,3,1.3333333333333333,0
2026-01-24,event_10511,Portugal,4,1,4,0
2026-01-24,event_10511,Sudan,4,1,4,0
2026-01-24,event_10850,United Kingdom,4,1,4,0
2026-01-24,subscription_screen_open,Tunisia,4,1,4,0
2026-01-24,subscription_screen_open,Malaysia,4,2,2,0
2026-01-24,subscription_screen_open,Algeria,4,3,1.3333333333333333,0
2026-01-24,event_1600,Bosnia & Herzegovina,4,3,1.3333333333333333,0
2026-01-24,event_1600,El Salvador,4,3,1.3333333333333333,0
2026-01-24,event_1600,South Africa,4,3,1.3333333333333333,0
2026-01-24,event_1600,South Korea,4,3,1.3333333333333333,0
2026-01-24,event_1600,Thailand,4,3,1.3333333333333333,0
2026-01-24,event_1600,Chile,4,4,1,0
2026-01-24,event_1600,Dominican Republic,4,4,1,0
2026-01-24,event_1650,Netherlands,4,3,1.3333333333333333,0
2026-01-24,event_1650,Spain,4,3,1.3333333333333333,0
2026-01-24,event_1700,Saudi Arabia,4,1,4,0
2026-01-24,event_1700,Indonesia,4,3,1.3333333333333333,0
2026-01-24,event_1700,United Kingdom,4,3,1.3333333333333333,0
2026-01-24,event_1700,India,4,4,1,0
2026-01-24,event_1750,Netherlands,4,4,1,0
2026-01-24,event_1750,United Kingdom,4,4,1,0
2026-01-24,event_2100,Ireland,4,1,4,0
2026-01-24,event_2100,Guatemala,4,3,1.3333333333333333,0
2026-01-24,event_2100,Philippines,4,3,1.3333333333333333,0
2026-01-24,event_2300,Saudi Arabia,4,2,2,0
2026-01-24,event_2300,Portugal,4,4,1,0
2026-01-24,event_26003,Egypt,4,3,1.3333333333333333,0
2026-01-24,event_26003,United Kingdom,4,3,1.3333333333333333,0
2026-01-24,event_26003,Argentina,4,4,1,0
2026-01-24,event_29000,Bangladesh,4,2,2,0
2026-01-24,event_31009,El Salvador,4,2,2,0
2026-01-24,event_31009,Peru,4,2,2,0
2026-01-24,event_37000,India,4,3,1.3333333333333333,0
2026-01-24,event_37000,Puerto Rico,4,4,1,0
2026-01-24,event_6800,Georgia,4,1,0,0
2026-01-24,event_6800,Belize,4,2,0,0
2026-01-24,event_6800,Kazakhstan,4,2,0,0
2026-01-24,event_6800,Sierra Leone,4,2,0,0
2026-01-24,event_6800,Moldova,4,2,2,0
2026-01-24,event_6800,Zambia,4,2,4,0
2026-01-24,event_6801,Cuba,4,3,1.3333333333333333,0
2026-01-24,event_6801,Netherlands,4,3,1.3333333333333333,0
2026-01-24,event_6801,Saudi Arabia,4,4,1,0
2026-01-24,event_6801,United Kingdom,4,4,1,0
2026-01-24,event_6801,Algeria,4,4,1.3333333333333333,0
2026-01-24,event_8001,Indonesia,4,4,1,0
2026-01-24,event_8001,Mexico,4,4,1,0
2026-01-24,event_8001,Saudi Arabia,4,4,1,0
2026-01-24,event_9900,Greece,4,1,4,0
2026-01-24,event_9900,New Zealand,4,1,4,0
2026-01-24,event_9900,Jamaica,4,3,1.3333333333333333,0
2026-01-24,event_9900,Saudi Arabia,4,3,2,0
2026-01-24,event_9900,Australia,4,4,1,0
2026-01-24,pix_analyzer_onboarding_start,Iran,4,3,1.3333333333333333,0
2026-01-24,event_1000,Myanmar (Burma),3,1,3,0
2026-01-24,event_1000,(not set),3,2,1.5,0
2026-01-24,event_1000,American Samoa,3,2,1.5,0
2026-01-24,event_1000,Angola,3,2,1.5,0
2026-01-24,event_1000,Kenya,3,3,1,0
2026-01-24,event_1000,South Korea,3,3,1,0
2026-01-24,event_10000,Iran,3,3,1,0
2026-01-24,event_10100,Belgium,3,2,1.5,0
2026-01-24,event_10100,Guatemala,3,3,1,0
2026-01-24,event_10100,Honduras,3,3,1,0
2026-01-24,event_10100,Morocco,3,3,1,0
2026-01-24,event_10100,Norway,3,3,1,0
2026-01-24,event_10100,South Africa,3,3,1,0
2026-01-24,event_10100,Syria,3,3,1.5,0
2026-01-24,event_10210,Portugal,3,1,3,0
2026-01-24,event_10350,Estonia,3,1,0,0
2026-01-24,event_10351,Burkina Faso,3,1,0,0
2026-01-24,event_10351,Cape Verde,3,1,3,0
2026-01-24,event_10351,Kyrgyzstan,3,2,0,0
2026-01-24,event_10351,Lebanon,3,2,0,0
2026-01-24,event_10351,Nicaragua,3,3,3,0
2026-01-24,event_10352,Belize,3,1,0,0
2026-01-24,event_10352,Bermuda,3,1,0,0
2026-01-24,event_10352,Cambodia,3,1,0,0
2026-01-24,event_10352,Estonia,3,1,0,0
2026-01-24,event_10352,Mauritius,3,1,0,0
2026-01-24,event_10352,Namibia,3,1,0,0
2026-01-24,event_10352,Belarus,3,1,3,0
2026-01-24,event_10352,Finland,3,2,3,0
2026-01-24,event_10352,French Guiana,3,2,3,0
2026-01-24,event_10352,Rwanda,3,2,3,0
2026-01-24,event_10352,Cameroon,3,3,3,0
2026-01-24,event_10352,New Zealand,3,3,3,0
2026-01-24,event_10353,Laos,3,1,3,0
2026-01-24,event_10354,South Africa,3,1,3,0
2026-01-24,event_10354,Dominican Republic,3,3,1,0
2026-01-24,event_10354,El Salvador,3,3,1,0
2026-01-24,event_10354,Malaysia,3,3,1,0
2026-01-24,event_10354,Paraguay,3,3,1,0
2026-01-24,event_10363,Benin,3,1,3,0
2026-01-24,event_10363,Congo - Kinshasa,3,1,3,0
2026-01-24,event_10363,Sweden,3,1,3,0
2026-01-24,event_10363,Uganda,3,1,3,0
2026-01-24,event_10363,Guatemala,3,2,1.5,0
2026-01-24,event_10363,Sudan,3,2,1.5,0
2026-01-24,event_10363,Switzerland,3,2,1.5,0
2026-01-24,event_10363,Yemen,3,2,1.5,0
2026-01-24,event_10363,United Arab Emirates,3,3,1.5,0
2026-01-24,event_10505,Oman,3,1,3,0
2026-01-24,event_10505,Thailand,3,2,0,0
2026-01-24,event_10505,Bolivia,3,3,1,0
2026-01-24,event_10511,Kuwait,3,1,3,0
2026-01-24,event_10511,Myanmar (Burma),3,1,3,0
2026-01-24,event_10800,Bangladesh,3,1,3,0
2026-01-24,event_10800,Puerto Rico,3,3,1,0
2026-01-24,event_10850,Argentina,3,3,1,0
2026-01-24,subscription_screen_open,Netherlands,3,2,1.5,0
2026-01-24,subscription_screen_open,Nigeria,3,2,1.5,0
2026-01-24,subscription_screen_open,Peru,3,3,1,0
2026-01-24,subscription_screen_open,Philippines,3,3,1,0
2026-01-24,event_1600,French Guiana,3,1,3,0
2026-01-24,event_1600,Angola,3,2,1.5,0
2026-01-24,event_1600,Jamaica,3,2,1.5,0
2026-01-24,event_1600,Poland,3,2,1.5,0
2026-01-24,event_1600,Australia,3,3,1,0
2026-01-24,event_1600,Türkiye,3,3,1,0
2026-01-24,event_1650,Bangladesh,3,3,1,0
2026-01-24,event_1650,Paraguay,3,3,1,0
2026-01-24,event_1650,United Kingdom,3,3,1,0
2026-01-24,event_1700,Colombia,3,2,1.5,0
2026-01-24,event_1750,Saudi Arabia,3,1,3,0
2026-01-24,event_1750,Nigeria,3,2,1.5,0
2026-01-24,event_1750,Canada,3,3,1,0
2026-01-24,event_1750,Chile,3,3,1,0
2026-01-24,event_1750,Japan,3,3,1,0
2026-01-24,event_2100,Myanmar (Burma),3,1,3,0
2026-01-24,event_2100,Jamaica,3,2,1.5,0
2026-01-24,event_2100,Serbia,3,2,1.5,0
2026-01-24,event_2300,France,3,2,1.5,0
2026-01-24,event_2300,Nigeria,3,2,1.5,0
2026-01-24,event_2300,Canada,3,3,1,0
2026-01-24,event_2300,Colombia,3,3,1,0
2026-01-24,event_2300,Dominican Republic,3,3,1,0
2026-01-24,event_2600,Peru,3,2,1.5,0
2026-01-24,event_2600,United Kingdom,3,2,1.5,0
2026-01-24,event_26003,Canada,3,3,1,0
2026-01-24,event_29000,Colombia,3,1,3,0
2026-01-24,event_29000,Saudi Arabia,3,1,3,0
2026-01-24,event_30000,Saudi Arabia,3,1,3,0
2026-01-24,event_31009,Honduras,3,1,3,0
2026-01-24,event_31009,Nigeria,3,1,3,0
2026-01-24,event_31009,Poland,3,1,3,0
2026-01-24,event_31009,Bosnia & Herzegovina,3,2,1.5,0
2026-01-24,event_31009,Netherlands,3,2,1.5,0
2026-01-24,event_31009,Saudi Arabia,3,2,1.5,0
2026-01-24,event_31009,South Africa,3,2,1.5,0
2026-01-24,event_37000,Iran,3,3,1,0
2026-01-24,event_37000,Peru,3,3,1,0
2026-01-24,event_39000,Saudi Arabia,3,1,3,0
2026-01-24,event_39000,Iran,3,3,1,0
2026-01-24,event_39100,Bosnia & Herzegovina,3,3,1,0
2026-01-24,event_39100,Iran,3,3,1,0
2026-01-24,event_4418,Bolivia,3,1,3,0
2026-01-24,event_6800,Albania,3,1,0,0
2026-01-24,event_6800,Bosnia & Herzegovina,3,1,0,0
2026-01-24,event_6800,Caribbean Netherlands,3,1,0,0
2026-01-24,event_6800,French Polynesia,3,1,0,0
2026-01-24,event_6800,Gabon,3,1,0,0
2026-01-24,event_6800,Marshall Islands,3,1,0,0
2026-01-24,event_6800,St. Vincent & Grenadines,3,1,0,0
2026-01-24,event_6800,Bermuda,3,1,3,0
2026-01-24,event_6800,Guam,3,1,3,0
2026-01-24,event_6800,Somalia,3,1,3,0
2026-01-24,event_6800,Djibouti,3,2,0,0
2026-01-24,event_6800,Mali,3,2,1.5,0
2026-01-24,event_6800,Brunei,3,2,3,0
2026-01-24,event_6800,Croatia,3,2,3,0
2026-01-24,event_6800,Rwanda,3,2,3,0
2026-01-24,event_6800,Cambodia,3,3,0,0
2026-01-24,event_6801,Curaçao,3,1,3,0
2026-01-24,event_6801,Dominican Republic,3,2,1.5,0
2026-01-24,event_6801,Israel,3,2,1.5,0
2026-01-24,event_6801,South Africa,3,3,1,0
2026-01-24,event_8000,Argentina,3,3,1,0
2026-01-24,event_8000,Bosnia & Herzegovina,3,3,1,0
2026-01-24,event_8000,Puerto Rico,3,3,1,0
2026-01-24,event_8001,Bosnia & Herzegovina,3,3,1,0
2026-01-24,event_9900,Costa Rica,3,1,3,0
2026-01-24,event_9900,Serbia,3,1,3,0
2026-01-24,event_9900,South Africa,3,1,3,0
2026-01-24,event_9900,Switzerland,3,1,3,0
2026-01-24,event_9900,Bangladesh,3,2,1.5,0
2026-01-24,event_9900,Dominican Republic,3,2,1.5,0
2026-01-24,event_9900,Ecuador,3,2,1.5,0
2026-01-24,event_9900,Honduras,3,2,1.5,0
2026-01-24,open_wifi_alert_settings__screen_viewed,Saudi Arabia,3,1,3,0
2026-01-24,pix_analyzer_onboarding_activate_click,Egypt,3,3,1,0
2026-01-24,pix_analyzer_onboarding_activate_click,Iran,3,3,1,0
2026-01-24,pix_analyzer_onboarding_start,Jordan,3,1,3,0
2026-01-24,pix_analyzer_onboarding_start,Saudi Arabia,3,1,3,0
2026-01-24,event_1000,Hungary,2,1,2,0
2026-01-24,event_1000,Togo,2,1,2,0
2026-01-24,event_1000,Côte d’Ivoire,2,2,1,0
2026-01-24,event_1000,Gambia,2,2,1,0
2026-01-24,event_1000,Liberia,2,2,1,0
2026-01-24,event_1000,Mali,2,2,1,0
2026-01-24,event_1000,Nepal,2,2,1,0
2026-01-24,event_1000,Tanzania,2,2,1,0
2026-01-24,event_10000,Indonesia,2,1,2,0
2026-01-24,event_10000,Syria,2,1,2,0
2026-01-24,event_10000,Bangladesh,2,2,1,0
2026-01-24,event_10000,Pakistan,2,2,1,0
2026-01-24,event_10100,Bahrain,2,1,2,0
2026-01-24,event_10100,Iraq,2,1,2,0
2026-01-24,event_10100,Switzerland,2,1,2,0
2026-01-24,event_10100,Tanzania,2,1,2,0
2026-01-24,event_10100,Tunisia,2,1,2,0
2026-01-24,event_10100,Vietnam,2,1,2,0
2026-01-24,event_10100,Costa Rica,2,2,1,0
2026-01-24,event_10100,El Salvador,2,2,1,0
2026-01-24,event_10100,Ghana,2,2,1,0
2026-01-24,event_10100,Guyana,2,2,1,0
2026-01-24,event_10100,Japan,2,2,1,0
2026-01-24,event_10100,Nepal,2,2,1,0
2026-01-24,event_10100,South Korea,2,2,1,0
2026-01-24,event_10100,Uganda,2,2,1,0
2026-01-24,event_10100,Venezuela,2,2,1,0
2026-01-24,event_10210,Argentina,2,1,2,0
2026-01-24,event_10210,Egypt,2,1,2,0
2026-01-24,event_10210,New Zealand,2,1,2,0
2026-01-24,event_10350,Botswana,2,1,0,0
2026-01-24,event_10350,Caribbean Netherlands,2,1,0,0
2026-01-24,event_10350,Grenada,2,1,0,0
2026-01-24,event_10350,Kosovo,2,1,0,0
2026-01-24,event_10350,Macao,2,1,0,0
2026-01-24,event_10350,North Macedonia,2,1,0,0
2026-01-24,event_10351,Belarus,2,1,0,0
2026-01-24,event_10351,Caribbean Netherlands,2,1,0,0
2026-01-24,event_10351,Djibouti,2,1,0,0
2026-01-24,event_10351,Martinique,2,1,0,0
2026-01-24,event_10351,Namibia,2,1,0,0
2026-01-24,event_10351,Somalia,2,1,2,0
2026-01-24,event_10351,Zimbabwe,2,1,2,0
2026-01-24,event_10351,Guinea-Bissau,2,2,0,0
2026-01-24,event_10352,Belgium,2,1,0,0
2026-01-24,event_10352,Bulgaria,2,1,0,0
2026-01-24,event_10352,Gambia,2,1,0,0
2026-01-24,event_10352,Kyrgyzstan,2,1,0,0
2026-01-24,event_10352,Macao,2,1,0,0
2026-01-24,event_10352,Djibouti,2,1,2,0
2026-01-24,event_10352,Sierra Leone,2,2,0,0
2026-01-24,event_10352,(not set),2,2,1,0
2026-01-24,event_10352,Greece,2,2,2,0
2026-01-24,event_10353,Uruguay,2,1,0,0
2026-01-24,event_10353,Bahrain,2,1,2,0
2026-01-24,event_10353,Benin,2,1,2,0
2026-01-24,event_10353,Guyana,2,1,2,0
2026-01-24,event_10353,Lithuania,2,1,2,0
2026-01-24,event_10353,Turkmenistan,2,1,2,0
2026-01-24,event_10354,Bosnia & Herzegovina,2,1,2,0
2026-01-24,event_10354,Ireland,2,1,2,0
2026-01-24,event_10354,Tunisia,2,1,2,0
2026-01-24,event_10354,Ethiopia,2,2,1,0
2026-01-24,event_10354,Guatemala,2,2,1,0
2026-01-24,event_10354,Japan,2,2,1,0
2026-01-24,event_10354,Peru,2,2,1,0
2026-01-24,event_10354,Poland,2,2,1,0
2026-01-24,event_10363,Ghana,2,1,2,0
2026-01-24,event_10363,Laos,2,1,2,0
2026-01-24,event_10363,Liberia,2,1,2,0
2026-01-24,event_10363,Russia,2,1,2,0
2026-01-24,event_10363,Uruguay,2,1,2,0
2026-01-24,event_10363,Zimbabwe,2,1,2,0
2026-01-24,event_10364,India,2,2,1,0
2026-01-24,event_10364,United States,2,2,1,0
2026-01-24,event_10364,Philippines,2,2,2,0
2026-01-24,event_10505,Azerbaijan,2,1,0,0
2026-01-24,event_10505,Russia,2,1,2,0
2026-01-24,event_10505,South Korea,2,1,2,0
2026-01-24,event_10505,Yemen,2,1,2,0
2026-01-24,event_10505,American Samoa,2,2,1,0
2026-01-24,event_10505,Chile,2,2,1,0
2026-01-24,event_10505,Uganda,2,2,1,0
2026-01-24,event_10505,Myanmar (Burma),2,2,2,0
2026-01-24,event_10505,Türkiye,2,2,2,0
2026-01-24,event_10511,Poland,2,1,2,0
2026-01-24,event_10512,Afghanistan,2,1,2,0
2026-01-24,event_10512,Argentina,2,1,2,0
2026-01-24,event_10512,Canada,2,1,2,0
2026-01-24,event_10512,Myanmar (Burma),2,1,2,0
2026-01-24,event_10512,Peru,2,1,2,0
2026-01-24,event_10512,Venezuela,2,1,2,0
2026-01-24,event_10512,Colombia,2,2,1,0
2026-01-24,event_10512,France,2,2,1,0
2026-01-24,event_10512,Indonesia,2,2,1,0
2026-01-24,event_10512,Mexico,2,2,1,0
2026-01-24,event_10800,Argentina,2,2,1,0
2026-01-24,event_10800,Mexico,2,2,1,0
2026-01-24,event_10850,Ecuador,2,1,2,0
2026-01-24,event_10850,Japan,2,1,2,0
2026-01-24,event_10850,France,2,2,1,0
2026-01-24,event_10850,Peru,2,2,1,0
2026-01-24,event_10850,Philippines,2,2,1,0
2026-01-24,subscription_screen_open,Costa Rica,2,1,2,0
2026-01-24,subscription_screen_open,France,2,1,2,0
2026-01-24,subscription_screen_open,Spain,2,1,2,0
2026-01-24,subscription_screen_open,Bolivia,2,2,1,0
2026-01-24,subscription_screen_open,Bosnia & Herzegovina,2,2,1,0
2026-01-24,subscription_screen_open,Jamaica,2,2,1,0
2026-01-24,subscription_screen_open,Poland,2,2,1,0
2026-01-24,subscription_screen_open,Venezuela,2,2,1,0
2026-01-24,subscription_subscribe_click,Egypt,2,1,2,0
2026-01-24,event_1600,Costa Rica,2,1,2,0
2026-01-24,event_1600,Hungary,2,1,2,0
2026-01-24,event_1600,Israel,2,1,2,0
2026-01-24,event_1600,Togo,2,1,2,0
2026-01-24,event_1600,Belgium,2,2,1,0
2026-01-24,event_1600,Ghana,2,2,1,0
2026-01-24,event_1600,Guatemala,2,2,1,0
2026-01-24,event_1600,Syria,2,2,1,0
2026-01-24,event_1600,U.S. Virgin Islands,2,2,1,0
2026-01-24,event_1650,Costa Rica,2,1,2,0
2026-01-24,event_1650,Canada,2,2,1,0
2026-01-24,event_1650,Jamaica,2,2,1,0
2026-01-24,event_1650,Poland,2,2,1,0
2026-01-24,event_1700,Costa Rica,2,1,2,0
2026-01-24,event_1700,France,2,1,2,0
2026-01-24,event_1700,Poland,2,1,2,0
2026-01-24,event_1700,Venezuela,2,1,2,0
2026-01-24,event_1700,Egypt,2,2,1,0
2026-01-24,event_1750,Bangladesh,2,1,2,0
2026-01-24,event_1750,Cuba,2,1,2,0
2026-01-24,event_1750,Poland,2,1,2,0
2026-01-24,event_1750,Thailand,2,1,2,0
2026-01-24,event_1750,Algeria,2,2,1,0
2026-01-24,event_1750,Guatemala,2,2,1,0
2026-01-24,event_1750,Peru,2,2,1,0
2026-01-24,event_1750,Spain,2,2,1,0
2026-01-24,event_2100,Angola,2,1,2,0
2026-01-24,event_2100,Belgium,2,1,2,0
2026-01-24,event_2100,Costa Rica,2,1,2,0
2026-01-24,event_2100,Cuba,2,1,2,0
2026-01-24,event_2100,Thailand,2,1,2,0
2026-01-24,event_2100,Tunisia,2,1,2,0
2026-01-24,event_2100,Chile,2,2,1,0
2026-01-24,event_2100,Dominican Republic,2,2,1,0
2026-01-24,event_2100,Ecuador,2,2,1,0
2026-01-24,event_2100,El Salvador,2,2,1,0
2026-01-24,event_2100,Japan,2,2,1,0
2026-01-24,event_2100,Nigeria,2,2,1,0
2026-01-24,event_2300,Australia,2,1,2,0
2026-01-24,event_2300,Jamaica,2,1,2,0
2026-01-24,event_2300,Algeria,2,2,1,0
2026-01-24,event_2300,Bangladesh,2,2,1,0
2026-01-24,event_2300,Bolivia,2,2,1,0
2026-01-24,event_2300,El Salvador,2,2,1,0
2026-01-24,event_2300,Japan,2,2,1,0
2026-01-24,event_2300,Peru,2,2,1,0
2026-01-24,event_2600,Colombia,2,1,2,0
2026-01-24,event_2600,Israel,2,1,2,0
2026-01-24,event_2600,Japan,2,1,2,0
2026-01-24,event_2600,Bosnia & Herzegovina,2,2,1,0
2026-01-24,event_2600,Indonesia,2,2,1,0
2026-01-24,event_2600,Puerto Rico,2,2,1,0
2026-01-24,event_2600,South Africa,2,2,1,0
2026-01-24,event_26003,France,2,2,1,0
2026-01-24,event_29000,Indonesia,2,1,2,0
2026-01-24,event_29000,Bosnia & Herzegovina,2,2,1,0
2026-01-24,event_29000,France,2,2,1,0
2026-01-24,event_29000,India,2,2,1,0
2026-01-24,event_29000,Netherlands,2,2,1,0
2026-01-24,event_30000,Mexico,2,1,2,0
2026-01-24,event_30000,Indonesia,2,2,1,0
2026-01-24,event_31009,Algeria,2,1,2,0
2026-01-24,event_31009,Costa Rica,2,1,2,0
2026-01-24,event_31009,Ethiopia,2,1,2,0
2026-01-24,event_31009,Togo,2,1,2,0
2026-01-24,event_31009,Australia,2,2,1,0
2026-01-24,event_31009,Canada,2,2,1,0
2026-01-24,event_31009,Cuba,2,2,1,0
2026-01-24,event_37000,Jamaica,2,1,2,0
2026-01-24,event_37000,Colombia,2,2,1,0
2026-01-24,event_37000,Malaysia,2,2,1,0
2026-01-24,event_39000,Ecuador,2,1,2,0
2026-01-24,event_39100,Costa Rica,2,1,2,0
2026-01-24,event_39100,Ecuador,2,1,2,0
2026-01-24,event_39100,Japan,2,1,2,0
2026-01-24,event_39100,Mexico,2,2,1,0
2026-01-24,event_39100,Portugal,2,2,1,0
2026-01-24,event_6800,Cook Islands,2,1,0,0
2026-01-24,event_6800,Kyrgyzstan,2,1,0,0
2026-01-24,event_6800,Malta,2,1,0,0
2026-01-24,event_6800,Sint Maarten,2,1,0,0
2026-01-24,event_6800,St. Lucia,2,1,0,0
2026-01-24,event_6800,São Tomé & Príncipe,2,1,0,0
2026-01-24,event_6800,Niger,2,1,2,0
2026-01-24,event_6800,Mauritius,2,2,0,0
2026-01-24,event_6801,France,2,1,2,0
2026-01-24,event_6801,Jamaica,2,1,2,0
2026-01-24,event_6801,Philippines,2,1,2,0
2026-01-24,event_6801,Australia,2,2,1,0
2026-01-24,event_6801,Germany,2,2,1,0
2026-01-24,event_6801,Japan,2,2,1,0
2026-01-24,event_6801,Malaysia,2,2,1,0
2026-01-24,event_6801,Poland,2,2,1,0
2026-01-24,event_6801,Syria,2,2,1,0
2026-01-24,event_8000,Dominican Republic,2,1,2,0
2026-01-24,event_8000,(not set),2,2,1,0
2026-01-24,event_8000,Algeria,2,2,1,0
2026-01-24,event_8000,Bolivia,2,2,1,0
2026-01-24,event_8000,Guatemala,2,2,1,0
2026-01-24,event_8000,Spain,2,2,1,0
2026-01-24,event_8000,Syria,2,2,1,0
2026-01-24,event_8001,(not set),2,2,1,0
2026-01-24,event_8001,Algeria,2,2,1,0
2026-01-24,event_8001,Argentina,2,2,1,0
2026-01-24,event_8001,Bolivia,2,2,1,0
2026-01-24,event_8001,Guatemala,2,2,1,0
2026-01-24,event_8001,Philippines,2,2,1,0
2026-01-24,event_8001,Portugal,2,2,1,0
2026-01-24,event_8001,Syria,2,2,1,0
2026-01-24,event_9900,Kuwait,2,1,2,0
2026-01-24,event_9900,Liberia,2,1,2,0
2026-01-24,pix_analyzer_onboarding_activate_click,Jordan,2,1,2,0
2026-01-24,pix_analyzer_onboarding_activate_click,Mexico,2,2,1,0
2026-01-24,pix_analyzer_onboarding_start,Syria,2,1,2,0
2026-01-24,pix_analyzer_onboarding_start,Mexico,2,2,1,0
2026-01-24,event_1000,Azerbaijan,1,1,0,0
2026-01-24,event_1000,Afghanistan,1,1,1,0
2026-01-24,event_1000,Aruba,1,1,1,0
2026-01-24,event_1000,Benin,1,1,1,0
2026-01-24,event_1000,Bhutan,1,1,1,0
2026-01-24,event_1000,Cameroon,1,1,1,0
2026-01-24,event_1000,Cayman Islands,1,1,1,0
2026-01-24,event_1000,Congo - Kinshasa,1,1,1,0
2026-01-24,event_1000,Croatia,1,1,1,0
2026-01-24,event_1000,Denmark,1,1,1,0
2026-01-24,event_1000,Greece,1,1,1,0
2026-01-24,event_1000,Hong Kong,1,1,1,0
2026-01-24,event_1000,Iraq,1,1,1,0
2026-01-24,event_1000,Kuwait,1,1,1,0
2026-01-24,event_1000,Luxembourg,1,1,1,0
2026-01-24,event_1000,Moldova,1,1,1,0
2026-01-24,event_1000,New Zealand,1,1,1,0
2026-01-24,event_1000,Niger,1,1,1,0
2026-01-24,event_1000,Norway,1,1,1,0
2026-01-24,event_1000,Oman,1,1,1,0
2026-01-24,event_1000,Senegal,1,1,1,0
2026-01-24,event_1000,Sudan,1,1,1,0
2026-01-24,event_1000,Sweden,1,1,1,0
2026-01-24,event_1000,Uruguay,1,1,1,0
2026-01-24,event_1000,Yemen,1,1,1,0
2026-01-24,event_10000,India,1,1,0,0
2026-01-24,event_10000,Antigua & Barbuda,1,1,1,0
2026-01-24,event_10000,Argentina,1,1,1,0
2026-01-24,event_10000,Canada,1,1,1,0
2026-01-24,event_10000,Chile,1,1,1,0
2026-01-24,event_10000,France,1,1,1,0
2026-01-24,event_10000,Haiti,1,1,1,0
2026-01-24,event_10000,Italy,1,1,1,0
2026-01-24,event_10000,Peru,1,1,1,0
2026-01-24,event_10000,Puerto Rico,1,1,1,0
2026-01-24,event_10000,Spain,1,1,1,0
2026-01-24,event_10000,Thailand,1,1,1,0
2026-01-24,event_10100,Bolivia,1,1,1,0
2026-01-24,event_10100,Cuba,1,1,1,0
2026-01-24,event_10100,Ecuador,1,1,1,0
2026-01-24,event_10100,French Guiana,1,1,1,0
2026-01-24,event_10100,Haiti,1,1,1,0
2026-01-24,event_10100,Hong Kong,1,1,1,0
2026-01-24,event_10100,Israel,1,1,1,0
2026-01-24,event_10100,Italy,1,1,1,0
2026-01-24,event_10100,Kenya,1,1,1,0
2026-01-24,event_10100,Kuwait,1,1,1,0
2026-01-24,event_10100,Lithuania,1,1,1,0
2026-01-24,event_10100,Luxembourg,1,1,1,0
2026-01-24,event_10100,Moldova,1,1,1,0
2026-01-24,event_10100,Mozambique,1,1,1,0
2026-01-24,event_10100,Myanmar (Burma),1,1,1,0
2026-01-24,event_10100,Nicaragua,1,1,1,0
2026-01-24,event_10100,Palestine,1,1,1,0
2026-01-24,event_10100,Paraguay,1,1,1,0
2026-01-24,event_10100,Singapore,1,1,1,0
2026-01-24,event_10100,Sudan,1,1,1,0
2026-01-24,event_10100,Trinidad & Tobago,1,1,1,0
2026-01-24,event_10100,U.S. Virgin Islands,1,1,1,0
2026-01-24,event_10210,Cayman Islands,1,1,1,0
2026-01-24,event_10210,Cuba,1,1,1,0
2026-01-24,event_10210,Iran,1,1,1,0
2026-01-24,event_10210,Nigeria,1,1,1,0
2026-01-24,event_10350,Chad,1,1,0,0
2026-01-24,event_10350,Dominica,1,1,0,0
2026-01-24,event_10350,Equatorial Guinea,1,1,0,0
2026-01-24,event_10350,Georgia,1,1,0,0
2026-01-24,event_10350,Kiribati,1,1,0,0
2026-01-24,event_10350,Madagascar,1,1,0,0
2026-01-24,event_10350,St. Martin,1,1,0,0
2026-01-24,event_10350,St. Vincent & Grenadines,1,1,0,0
2026-01-24,event_10350,Tonga,1,1,0,0
2026-01-24,event_10350,Micronesia,1,1,1,0
2026-01-24,event_10351,Antarctica,1,1,0,0
2026-01-24,event_10351,Austria,1,1,0,0
2026-01-24,event_10351,French Polynesia,1,1,0,0
2026-01-24,event_10351,Georgia,1,1,0,0
2026-01-24,event_10351,Kosovo,1,1,0,0
2026-01-24,event_10351,North Macedonia,1,1,0,0
2026-01-24,event_10351,St. Lucia,1,1,0,0
2026-01-24,event_10351,St. Vincent & Grenadines,1,1,0,0
2026-01-24,event_10352,Chad,1,1,0,0
2026-01-24,event_10352,Dominica,1,1,0,0
2026-01-24,event_10352,Equatorial Guinea,1,1,0,0
2026-01-24,event_10352,Grenada,1,1,0,0
2026-01-24,event_10352,Madagascar,1,1,0,0
2026-01-24,event_10352,North Macedonia,1,1,0,0
2026-01-24,event_10352,Papua New Guinea,1,1,0,0
2026-01-24,event_10352,Somalia,1,1,0,0
2026-01-24,event_10352,St. Kitts & Nevis,1,1,0,0
2026-01-24,event_10352,Cyprus,1,1,1,0
2026-01-24,event_10352,Latvia,1,1,1,0
2026-01-24,event_10352,Micronesia,1,1,1,0
2026-01-24,event_10353,Cameroon,1,1,0,0
2026-01-24,event_10353,Malta,1,1,0,0
2026-01-24,event_10353,Aruba,1,1,1,0
2026-01-24,event_10353,Cape Verde,1,1,1,0
2026-01-24,event_10353,Croatia,1,1,1,0
2026-01-24,event_10353,Denmark,1,1,1,0
2026-01-24,event_10353,Gambia,1,1,1,0
2026-01-24,event_10353,Hong Kong,1,1,1,0
2026-01-24,event_10353,Mali,1,1,1,0
2026-01-24,event_10353,Nicaragua,1,1,1,0
2026-01-24,event_10353,Niger,1,1,1,0
2026-01-24,event_10353,Palestine,1,1,1,0
2026-01-24,event_10354,Angola,1,1,1,0
2026-01-24,event_10354,Antigua & Barbuda,1,1,1,0
2026-01-24,event_10354,Bolivia,1,1,1,0
2026-01-24,event_10354,Curaçao,1,1,1,0
2026-01-24,event_10354,Germany,1,1,1,0
2026-01-24,event_10354,Hungary,1,1,1,0
2026-01-24,event_10354,Iran,1,1,1,0
2026-01-24,event_10354,Iraq,1,1,1,0
2026-01-24,event_10354,Israel,1,1,1,0
2026-01-24,event_10354,Italy,1,1,1,0
2026-01-24,event_10354,Morocco,1,1,1,0
2026-01-24,event_10354,Mozambique,1,1,1,0
2026-01-24,event_10354,New Zealand,1,1,1,0
2026-01-24,event_10354,Pakistan,1,1,1,0
2026-01-24,event_10354,Qatar,1,1,1,0
2026-01-24,event_10354,Russia,1,1,1,0
2026-01-24,event_10354,South Korea,1,1,1,0
2026-01-24,event_10354,Tanzania,1,1,1,0
2026-01-24,event_10354,Thailand,1,1,1,0
2026-01-24,event_10354,U.S. Virgin Islands,1,1,1,0
2026-01-24,event_10354,Venezuela,1,1,1,0
2026-01-24,event_10363,Azerbaijan,1,1,0,0
2026-01-24,event_10363,Lithuania,1,1,0,0
2026-01-24,event_10363,Sri Lanka,1,1,0,0
2026-01-24,event_10363,American Samoa,1,1,1,0
2026-01-24,event_10363,Antigua & Barbuda,1,1,1,0
2026-01-24,event_10363,Curaçao,1,1,1,0
2026-01-24,event_10363,Djibouti,1,1,1,0
2026-01-24,event_10363,Guyana,1,1,1,0
2026-01-24,event_10363,Honduras,1,1,1,0
2026-01-24,event_10363,Hong Kong,1,1,1,0
2026-01-24,event_10363,Italy,1,1,1,0
2026-01-24,event_10363,Oman,1,1,1,0
2026-01-24,event_10363,Qatar,1,1,1,0
2026-01-24,event_10363,Togo,1,1,1,0
2026-01-24,event_10363,Zambia,1,1,1,0
2026-01-24,event_10364,Argentina,1,1,1,0
2026-01-24,event_10364,Costa Rica,1,1,1,0
2026-01-24,event_10364,Egypt,1,1,1,0
2026-01-24,event_10364,Ethiopia,1,1,1,0
2026-01-24,event_10505,Cameroon,1,1,0,0
2026-01-24,event_10505,Congo - Kinshasa,1,1,0,0
2026-01-24,event_10505,Curaçao,1,1,0,0
2026-01-24,event_10505,French Guiana,1,1,0,0
2026-01-24,event_10505,Jordan,1,1,0,0
2026-01-24,event_10505,Lithuania,1,1,0,0
2026-01-24,event_10505,Namibia,1,1,0,0
2026-01-24,event_10505,Sierra Leone,1,1,0,0
2026-01-24,event_10505,South Sudan,1,1,0,0
2026-01-24,event_10505,Trinidad & Tobago,1,1,0,0
2026-01-24,event_10505,Greece,1,1,1,0
2026-01-24,event_10505,Guyana,1,1,1,0
2026-01-24,event_10505,Laos,1,1,1,0
2026-01-24,event_10505,Liberia,1,1,1,0
2026-01-24,event_10505,Slovakia,1,1,1,0
2026-01-24,event_10505,Tanzania,1,1,1,0
2026-01-24,event_10505,Zambia,1,1,1,0
2026-01-24,event_10511,Egypt,1,1,1,0
2026-01-24,event_10511,Spain,1,1,1,0
2026-01-24,event_10511,Türkiye,1,1,1,0
2026-01-24,event_10512,Dominican Republic,1,1,1,0
2026-01-24,event_10512,Ecuador,1,1,1,0
2026-01-24,event_10512,Egypt,1,1,1,0
2026-01-24,event_10512,Moldova,1,1,1,0
2026-01-24,event_10512,Nepal,1,1,1,0
2026-01-24,event_10512,New Zealand,1,1,1,0
2026-01-24,event_10512,Qatar,1,1,1,0
2026-01-24,event_10512,South Africa,1,1,1,0
2026-01-24,event_10512,United Arab Emirates,1,1,1,0
2026-01-24,event_10800,Bosnia & Herzegovina,1,1,1,0
2026-01-24,event_10800,India,1,1,1,0
2026-01-24,event_10800,Iran,1,1,1,0
2026-01-24,event_10800,Israel,1,1,1,0
2026-01-24,event_10850,Algeria,1,1,1,0
2026-01-24,event_10850,Benin,1,1,1,0
2026-01-24,event_10850,Bosnia & Herzegovina,1,1,1,0
2026-01-24,event_10850,Colombia,1,1,1,0
2026-01-24,event_10850,Costa Rica,1,1,1,0
2026-01-24,event_10850,Curaçao,1,1,1,0
2026-01-24,event_10850,French Guiana,1,1,1,0
2026-01-24,event_10850,Israel,1,1,1,0
2026-01-24,event_10850,Myanmar (Burma),1,1,1,0
2026-01-24,event_10850,Nigeria,1,1,1,0
2026-01-24,event_10850,Poland,1,1,1,0
2026-01-24,event_10850,South Africa,1,1,1,0
2026-01-24,event_10850,Spain,1,1,1,0
2026-01-24,event_10850,Syria,1,1,1,0
2026-01-24,event_10850,Togo,1,1,1,0
2026-01-24,subscription_screen_open,Angola,1,1,1,0
2026-01-24,subscription_screen_open,Antigua & Barbuda,1,1,1,0
2026-01-24,subscription_screen_open,Canada,1,1,1,0
2026-01-24,subscription_screen_open,Chile,1,1,1,0
2026-01-24,subscription_screen_open,Dominican Republic,1,1,1,0
2026-01-24,subscription_screen_open,French Guiana,1,1,1,0
2026-01-24,subscription_screen_open,Germany,1,1,1,0
2026-01-24,subscription_screen_open,Italy,1,1,1,0
2026-01-24,subscription_screen_open,Japan,1,1,1,0
2026-01-24,subscription_screen_open,Jordan,1,1,1,0
2026-01-24,subscription_screen_open,Morocco,1,1,1,0
2026-01-24,subscription_screen_open,Myanmar (Burma),1,1,1,0
2026-01-24,subscription_screen_open,Nepal,1,1,1,0
2026-01-24,subscription_screen_open,New Zealand,1,1,1,0
2026-01-24,subscription_screen_open,Puerto Rico,1,1,1,0
2026-01-24,subscription_screen_open,Singapore,1,1,1,0
2026-01-24,subscription_screen_open,South Korea,1,1,1,0
2026-01-24,subscription_screen_open,Togo,1,1,1,0
2026-01-24,subscription_screen_open,Uganda,1,1,1,0
2026-01-24,subscription_screen_open,United Arab Emirates,1,1,1,0
2026-01-24,subscription_screen_open,Uruguay,1,1,1,0
2026-01-24,subscription_screen_open,Yemen,1,1,1,0
2026-01-24,subscription_subscribe_click,Costa Rica,1,1,1,0
2026-01-24,subscription_subscribe_click,Indonesia,1,1,1,0
2026-01-24,subscription_subscribe_click,Jamaica,1,1,1,0
2026-01-24,subscription_subscribe_click,Philippines,1,1,1,0
2026-01-24,subscription_subscribe_click,Poland,1,1,1,0
2026-01-24,subscription_subscribe_click,Portugal,1,1,1,0
2026-01-24,subscription_subscribe_click,Singapore,1,1,1,0
2026-01-24,subscription_subscribe_click,Syria,1,1,1,0
2026-01-24,subscription_subscribe_click,Tunisia,1,1,1,0
2026-01-24,subscription_subscribe_click,United Arab Emirates,1,1,1,0
2026-01-24,subscription_purchase_complete,Mexico,1,1,1,0
2026-01-24,subscription_purchase_complete,Portugal,1,1,1,0
2026-01-24,subscription_purchase_complete,Singapore,1,1,1,0
2026-01-24,subscription_purchase_complete,United States,1,1,1,0
2026-01-24,event_1600,American Samoa,1,1,1,0
2026-01-24,event_1600,Antigua & Barbuda,1,1,1,0
2026-01-24,event_1600,Aruba,1,1,1,0
2026-01-24,event_1600,Bermuda,1,1,1,0
2026-01-24,event_1600,Bhutan,1,1,1,0
2026-01-24,event_1600,Curaçao,1,1,1,0
2026-01-24,event_1600,Germany,1,1,1,0
2026-01-24,event_1600,Greece,1,1,1,0
2026-01-24,event_1600,Honduras,1,1,1,0
2026-01-24,event_1600,Iraq,1,1,1,0
2026-01-24,event_1600,Laos,1,1,1,0
2026-01-24,event_1600,Luxembourg,1,1,1,0
2026-01-24,event_1600,Moldova,1,1,1,0
2026-01-24,event_1600,Myanmar (Burma),1,1,1,0
2026-01-24,event_1600,New Zealand,1,1,1,0
2026-01-24,event_1600,Pakistan,1,1,1,0
2026-01-24,event_1600,Russia,1,1,1,0
2026-01-24,event_1600,Serbia,1,1,1,0
2026-01-24,event_1600,Singapore,1,1,1,0
2026-01-24,event_1600,Sri Lanka,1,1,1,0
2026-01-24,event_1600,Sweden,1,1,1,0
2026-01-24,event_1600,Tunisia,1,1,1,0
2026-01-24,event_1600,United Arab Emirates,1,1,1,0
2026-01-24,event_1600,Uruguay,1,1,1,0
2026-01-24,event_1650,Algeria,1,1,1,0
2026-01-24,event_1650,Angola,1,1,1,0
2026-01-24,event_1650,Australia,1,1,1,0
2026-01-24,event_1650,Bolivia,1,1,1,0
2026-01-24,event_1650,Chile,1,1,1,0
2026-01-24,event_1650,China,1,1,1,0
2026-01-24,event_1650,Colombia,1,1,1,0
2026-01-24,event_1650,Dominican Republic,1,1,1,0
2026-01-24,event_1650,El Salvador,1,1,1,0
2026-01-24,event_1650,France,1,1,1,0
2026-01-24,event_1650,Germany,1,1,1,0
2026-01-24,event_1650,Honduras,1,1,1,0
2026-01-24,event_1650,Indonesia,1,1,1,0
2026-01-24,event_1650,Israel,1,1,1,0
2026-01-24,event_1650,Italy,1,1,1,0
2026-01-24,event_1650,Japan,1,1,1,0
2026-01-24,event_1650,Jordan,1,1,1,0
2026-01-24,event_1650,Luxembourg,1,1,1,0
2026-01-24,event_1650,Malaysia,1,1,1,0
2026-01-24,event_1650,Mali,1,1,1,0
2026-01-24,event_1650,Nigeria,1,1,1,0
2026-01-24,event_1650,Oman,1,1,1,0
2026-01-24,event_1650,Philippines,1,1,1,0
2026-01-24,event_1650,Saudi Arabia,1,1,1,0
2026-01-24,event_1650,South Korea,1,1,1,0
2026-01-24,event_1650,Togo,1,1,1,0
2026-01-24,event_1700,Algeria,1,1,1,0
2026-01-24,event_1700,Bangladesh,1,1,1,0
2026-01-24,event_1700,Bolivia,1,1,1,0
2026-01-24,event_1700,Canada,1,1,1,0
2026-01-24,event_1700,Chile,1,1,1,0
2026-01-24,event_1700,Ireland,1,1,1,0
2026-01-24,event_1700,Luxembourg,1,1,1,0
2026-01-24,event_1700,Portugal,1,1,1,0
2026-01-24,event_1700,Tunisia,1,1,1,0
2026-01-24,event_1750,Antigua & Barbuda,1,1,1,0
2026-01-24,event_1750,Belgium,1,1,1,0
2026-01-24,event_1750,Bosnia & Herzegovina,1,1,1,0
2026-01-24,event_1750,Colombia,1,1,1,0
2026-01-24,event_1750,Curaçao,1,1,1,0
2026-01-24,event_1750,Dominican Republic,1,1,1,0
2026-01-24,event_1750,Germany,1,1,1,0
2026-01-24,event_1750,Honduras,1,1,1,0
2026-01-24,event_1750,Italy,1,1,1,0
2026-01-24,event_1750,Jamaica,1,1,1,0
2026-01-24,event_1750,Liberia,1,1,1,0
2026-01-24,event_1750,Niger,1,1,1,0
2026-01-24,event_1750,Norway,1,1,1,0
2026-01-24,event_1750,Pakistan,1,1,1,0
2026-01-24,event_1750,South Africa,1,1,1,0
2026-01-24,event_1750,Syria,1,1,1,0
2026-01-24,event_1750,Tanzania,1,1,1,0
2026-01-24,event_1750,U.S. Virgin Islands,1,1,1,0
2026-01-24,event_2100,Australia,1,1,1,0
2026-01-24,event_2100,Bermuda,1,1,1,0
2026-01-24,event_2100,Ethiopia,1,1,1,0
2026-01-24,event_2100,France,1,1,1,0
2026-01-24,event_2100,French Guiana,1,1,1,0
2026-01-24,event_2100,Ghana,1,1,1,0
2026-01-24,event_2100,Israel,1,1,1,0
2026-01-24,event_2100,Jordan,1,1,1,0
2026-01-24,event_2100,Mali,1,1,1,0
2026-01-24,event_2100,Moldova,1,1,1,0
2026-01-24,event_2100,Mozambique,1,1,1,0
2026-01-24,event_2100,New Zealand,1,1,1,0
2026-01-24,event_2100,Pakistan,1,1,1,0
2026-01-24,event_2100,Poland,1,1,1,0
2026-01-24,event_2100,Singapore,1,1,1,0
2026-01-24,event_2100,Togo,1,1,1,0
2026-01-24,event_2100,Türkiye,1,1,1,0
2026-01-24,event_2100,U.S. Virgin Islands,1,1,1,0
2026-01-24,event_2300,Chile,1,1,1,0
2026-01-24,event_2300,Costa Rica,1,1,1,0
2026-01-24,event_2300,Ecuador,1,1,1,0
2026-01-24,event_2300,Ghana,1,1,1,0
2026-01-24,event_2300,Honduras,1,1,1,0
2026-01-24,event_2300,Hungary,1,1,1,0
2026-01-24,event_2300,Israel,1,1,1,0
2026-01-24,event_2300,Italy,1,1,1,0
2026-01-24,event_2300,Malaysia,1,1,1,0
2026-01-24,event_2300,Myanmar (Burma),1,1,1,0
2026-01-24,event_2300,Pakistan,1,1,1,0
2026-01-24,event_2300,Paraguay,1,1,1,0
2026-01-24,event_2300,Romania,1,1,1,0
2026-01-24,event_2300,Serbia,1,1,1,0
2026-01-24,event_2300,Togo,1,1,1,0
2026-01-24,event_2300,Tunisia,1,1,1,0
2026-01-24,event_2300,U.S. Virgin Islands,1,1,1,0
2026-01-24,event_2600,Bangladesh,1,1,1,0
2026-01-24,event_2600,Bolivia,1,1,1,0
2026-01-24,event_2600,Ecuador,1,1,1,0
2026-01-24,event_2600,Jamaica,1,1,1,0
2026-01-24,event_2600,Malaysia,1,1,1,0
2026-01-24,event_2600,Paraguay,1,1,1,0
2026-01-24,event_2600,Romania,1,1,1,0
2026-01-24,event_2600,Saudi Arabia,1,1,1,0
2026-01-24,event_26003,Bosnia & Herzegovina,1,1,1,0
2026-01-24,event_26003,Colombia,1,1,1,0
2026-01-24,event_26003,Costa Rica,1,1,1,0
2026-01-24,event_26003,Israel,1,1,1,0
2026-01-24,event_26003,Malaysia,1,1,1,0
2026-01-24,event_26003,Myanmar (Burma),1,1,1,0
2026-01-24,event_26003,Netherlands,1,1,1,0
2026-01-24,event_26003,Nigeria,1,1,1,0
2026-01-24,event_26003,South Africa,1,1,1,0
2026-01-24,event_26003,Tunisia,1,1,1,0
2026-01-24,event_29000,Algeria,1,1,1,0
2026-01-24,event_29000,Belgium,1,1,1,0
2026-01-24,event_29000,Bolivia,1,1,1,0
2026-01-24,event_29000,Canada,1,1,1,0
2026-01-24,event_29000,Costa Rica,1,1,1,0
2026-01-24,event_29000,Egypt,1,1,1,0
2026-01-24,event_29000,French Guiana,1,1,1,0
2026-01-24,event_29000,Israel,1,1,1,0
2026-01-24,event_29000,Japan,1,1,1,0
2026-01-24,event_29000,Luxembourg,1,1,1,0
2026-01-24,event_29000,Pakistan,1,1,1,0
2026-01-24,event_29000,Philippines,1,1,1,0
2026-01-24,event_29000,Portugal,1,1,1,0
2026-01-24,event_29000,Spain,1,1,1,0
2026-01-24,event_29000,Syria,1,1,1,0
2026-01-24,event_30000,Costa Rica,1,1,1,0
2026-01-24,event_30000,India,1,1,1,0
2026-01-24,event_30000,Netherlands,1,1,1,0
2026-01-24,event_30000,Paraguay,1,1,1,0
2026-01-24,event_31009,Bermuda,1,1,1,0
2026-01-24,event_31009,Chile,1,1,1,0
2026-01-24,event_31009,Curaçao,1,1,1,0
2026-01-24,event_31009,Dominican Republic,1,1,1,0
2026-01-24,event_31009,Ghana,1,1,1,0
2026-01-24,event_31009,Guatemala,1,1,1,0
2026-01-24,event_31009,Israel,1,1,1,0
2026-01-24,event_31009,Jamaica,1,1,1,0
2026-01-24,event_31009,Japan,1,1,1,0
2026-01-24,event_31009,Qatar,1,1,1,0
2026-01-24,event_37000,Bangladesh,1,1,1,0
2026-01-24,event_37000,Canada,1,1,1,0
2026-01-24,event_37000,Costa Rica,1,1,1,0
2026-01-24,event_37000,Cuba,1,1,1,0
2026-01-24,event_37000,Israel,1,1,1,0
2026-01-24,event_37000,Netherlands,1,1,1,0
2026-01-24,event_37000,Poland,1,1,1,0
2026-01-24,event_37000,Portugal,1,1,1,0
2026-01-24,event_37000,Saudi Arabia,1,1,1,0
2026-01-24,event_37000,United Kingdom,1,1,1,0
2026-01-24,event_39000,Bosnia & Herzegovina,1,1,1,0
2026-01-24,event_39000,Costa Rica,1,1,1,0
2026-01-24,event_39000,Israel,1,1,1,0
2026-01-24,event_39000,Jamaica,1,1,1,0
2026-01-24,event_39000,United Kingdom,1,1,1,0
2026-01-24,event_39100,Colombia,1,1,1,0
2026-01-24,event_6800,Chad,1,1,0,0
2026-01-24,event_6800,Dominica,1,1,0,0
2026-01-24,event_6800,Latvia,1,1,0,0
2026-01-24,event_6800,Macao,1,1,0,0
2026-01-24,event_6800,Réunion,1,1,0,0
2026-01-24,event_6800,Belarus,1,1,1,0
2026-01-24,event_6800,Bhutan,1,1,1,0
2026-01-24,event_6800,Iceland,1,1,1,0
2026-01-24,event_6800,Micronesia,1,1,1,0
2026-01-24,event_6801,Aruba,1,1,1,0
2026-01-24,event_6801,Belgium,1,1,1,0
2026-01-24,event_6801,Bhutan,1,1,1,0
2026-01-24,event_6801,Bolivia,1,1,1,0
2026-01-24,event_6801,Cameroon,1,1,1,0
2026-01-24,event_6801,Chile,1,1,1,0
2026-01-24,event_6801,Colombia,1,1,1,0
2026-01-24,event_6801,Ecuador,1,1,1,0
2026-01-24,event_6801,El Salvador,1,1,1,0
2026-01-24,event_6801,Ethiopia,1,1,1,0
2026-01-24,event_6801,Guatemala,1,1,1,0
2026-01-24,event_6801,Honduras,1,1,1,0
2026-01-24,event_6801,Ireland,1,1,1,0
2026-01-24,event_6801,Italy,1,1,1,0
2026-01-24,event_6801,Kuwait,1,1,1,0
2026-01-24,event_6801,Morocco,1,1,1,0
2026-01-24,event_6801,Nepal,1,1,1,0
2026-01-24,event_6801,Qatar,1,1,1,0
2026-01-24,event_6801,Russia,1,1,1,0
2026-01-24,event_6801,South Korea,1,1,1,0
2026-01-24,event_6801,Spain,1,1,1,0
2026-01-24,event_6801,Sweden,1,1,1,0
2026-01-24,event_6801,Thailand,1,1,1,0
2026-01-24,event_6801,Togo,1,1,1,0
2026-01-24,event_6801,Türkiye,1,1,1,0
2026-01-24,event_6801,Uganda,1,1,1,0
2026-01-24,event_6801,United Arab Emirates,1,1,1,0
2026-01-24,event_6801,Yemen,1,1,1,0
2026-01-24,event_8000,Pakistan,1,1,0,0
2026-01-24,event_8000,Benin,1,1,1,0
2026-01-24,event_8000,Colombia,1,1,1,0
2026-01-24,event_8000,Costa Rica,1,1,1,0
2026-01-24,event_8000,Croatia,1,1,1,0
2026-01-24,event_8000,Denmark,1,1,1,0
2026-01-24,event_8000,France,1,1,1,0
2026-01-24,event_8000,Honduras,1,1,1,0
2026-01-24,event_8000,Jamaica,1,1,1,0
2026-01-24,event_8000,Jordan,1,1,1,0
2026-01-24,event_8000,Malaysia,1,1,1,0
2026-01-24,event_8000,Morocco,1,1,1,0
2026-01-24,event_8000,Netherlands,1,1,1,0
2026-01-24,event_8000,Paraguay,1,1,1,0
2026-01-24,event_8000,Poland,1,1,1,0
2026-01-24,event_8000,Serbia,1,1,1,0
2026-01-24,event_8000,Tunisia,1,1,1,0
2026-01-24,event_8000,Türkiye,1,1,1,0
2026-01-24,event_8000,United Arab Emirates,1,1,1,0
2026-01-24,event_8000,United Kingdom,1,1,1,0
2026-01-24,event_8000,Venezuela,1,1,1,0
2026-01-24,event_8001,Benin,1,1,1,0
2026-01-24,event_8001,Chile,1,1,1,0
2026-01-24,event_8001,Colombia,1,1,1,0
2026-01-24,event_8001,Costa Rica,1,1,1,0
2026-01-24,event_8001,Croatia,1,1,1,0
2026-01-24,event_8001,Denmark,1,1,1,0
2026-01-24,event_8001,Dominican Republic,1,1,1,0
2026-01-24,event_8001,France,1,1,1,0
2026-01-24,event_8001,Jamaica,1,1,1,0
2026-01-24,event_8001,Jordan,1,1,1,0
2026-01-24,event_8001,Malaysia,1,1,1,0
2026-01-24,event_8001,Morocco,1,1,1,0
2026-01-24,event_8001,Paraguay,1,1,1,0
2026-01-24,event_8001,Poland,1,1,1,0
2026-01-24,event_8001,Serbia,1,1,1,0
2026-01-24,event_8001,Spain,1,1,1,0
2026-01-24,event_8001,Tunisia,1,1,1,0
2026-01-24,event_8001,Türkiye,1,1,1,0
2026-01-24,event_8001,United Arab Emirates,1,1,1,0
2026-01-24,event_8001,United Kingdom,1,1,1,0
2026-01-24,event_9900,Algeria,1,1,1,0
2026-01-24,event_9900,Angola,1,1,1,0
2026-01-24,event_9900,Belgium,1,1,1,0
2026-01-24,event_9900,Bermuda,1,1,1,0
2026-01-24,event_9900,Cuba,1,1,1,0
2026-01-24,event_9900,Ghana,1,1,1,0
2026-01-24,event_9900,Guatemala,1,1,1,0
2026-01-24,event_9900,Hungary,1,1,1,0
2026-01-24,event_9900,Jordan,1,1,1,0
2026-01-24,event_9900,Morocco,1,1,1,0
2026-01-24,event_9900,Nigeria,1,1,1,0
2026-01-24,event_9900,Qatar,1,1,1,0
2026-01-24,event_9900,Sweden,1,1,1,0
2026-01-24,open_wifi_alert__click_on_upgrade,Saudi Arabia,1,1,1,0
2026-01-24,open_wifi_alert_paywall__screen_viewed,Saudi Arabia,1,1,1,0
2026-01-24,open_wifi_alert_settings__screen_viewed,Iran,1,1,1,0
2026-01-24,pix_analyzer_alert_click,Brazil,1,1,1,0
2026-01-24,pix_analyzer_onboarding_activate_click,Netherlands,1,1,1,0
2026-01-24,pix_analyzer_onboarding_activate_click,Saudi Arabia,1,1,1,0
2026-01-24,pix_analyzer_onboarding_activate_click,Syria,1,1,1,0
2026-01-24,pix_analyzer_onboarding_start,Netherlands,1,1,1,0
2026-01-25,event_10350,Brazil,4566533,412959,32.7488543541713,0
2026-01-25,event_10351,Brazil,2286723,149362,17.591124137453555,0
2026-01-25,event_10353,Brazil,1444486,88371,17.150934435183206,0
2026-01-25,event_6800,Brazil,1117901,400813,8.087077615330637,0
2026-01-25,event_10350,United States,346286,34755,26.794026617146393,0
2026-01-25,event_10351,United States,281368,29037,24.928501816248783,0
2026-01-25,event_10352,Brazil,255197,45363,6.92585556490352,0
2026-01-25,event_10353,United States,106946,8573,13.885484289794858,0
2026-01-25,event_6800,United States,95890,36889,7.600063406515019,0
2026-01-25,event_1000,Brazil,90067,51450,1.7696630317319972,0
2026-01-25,event_10505,Brazil,71858,29705,3.861049916715921,0
2026-01-25,event_10511,Brazil,60751,2146,33.657063711911356,0
2026-01-25,event_10100,Brazil,50467,28685,1.8098909769043179,0
2026-01-25,event_10354,Brazil,24343,15699,1.5610491214569706,0
2026-01-25,event_10352,United States,21834,7084,12.17056856187291,0
2026-01-25,event_1600,Brazil,21775,15521,1.4034805027392845,0
2026-01-25,event_10350,Indonesia,20570,2401,14.225449515905947,0
2026-01-25,event_10350,Iran,20019,2220,15.652071931196247,0
2026-01-25,event_10350,Mexico,18749,1643,27.53157121879589,0
2026-01-25,event_10352,Iran,16612,1824,15.296500920810313,0
2026-01-25,event_10363,Brazil,16555,5300,3.2808164883075706,0
2026-01-25,event_10350,India,14488,1325,22.11908396946565,0
2026-01-25,event_2100,Brazil,13047,9949,1.3124434161553165,0
2026-01-25,event_1000,United States,12752,6004,2.124625124958347,0
2026-01-25,event_10351,Mexico,12624,1241,23.16330275229358,0
2026-01-25,event_10350,Thailand,11488,2196,5.879222108495394,0
2026-01-25,event_9900,Brazil,10855,6643,1.6489442503417895,0
2026-01-25,event_10351,Indonesia,10613,1198,18.521815008726005,0
2026-01-25,event_2300,Brazil,10255,8086,1.2690261106298726,0
2026-01-25,event_6801,Brazil,9521,8343,1.162657223104164,0
2026-01-25,event_10505,United States,8965,2701,4.928532160527762,0
2026-01-25,event_1750,Brazil,8237,6593,1.2493553769149097,0
2026-01-25,event_10352,India,7932,777,34.48695652173913,0
2026-01-25,subscription_screen_open,Brazil,7865,5964,1.3200738502853306,0
2026-01-25,event_1650,Brazil,7166,6373,1.1246076585059637,0
2026-01-25,event_10350,Nigeria,6737,240,51.823076923076925,0
2026-01-25,event_10350,Philippines,6138,601,15.738461538461538,0
2026-01-25,event_10350,Portugal,6032,595,45.014925373134325,0
2026-01-25,event_10210,Brazil,6028,1647,3.659987856709168,0
2026-01-25,event_10350,Pakistan,5983,355,47.864,0
2026-01-25,event_10511,United States,5546,334,20.315018315018314,0
2026-01-25,event_10353,Mexico,5427,341,17.45016077170418,0
2026-01-25,event_10352,Thailand,5346,558,13.007299270072993,0
2026-01-25,event_1600,United States,5038,3313,1.5206761243585873,0
2026-01-25,event_10350,Argentina,4418,344,31.112676056338028,0
2026-01-25,event_29000,Brazil,4301,3699,1.1658986175115207,0
2026-01-25,event_31009,Brazil,4209,2593,1.6232163517161589,0
2026-01-25,event_1700,Brazil,4077,3157,1.2934644670050761,0
2026-01-25,event_10351,Thailand,3937,484,14.36861313868613,0
2026-01-25,event_10351,India,3883,586,15.28740157480315,0
2026-01-25,event_10352,Mexico,3795,787,12.65,0
2026-01-25,event_6800,Iran,3756,1728,5.743119266055046,0
2026-01-25,event_10352,Nigeria,3719,177,39.98924731182796,0
2026-01-25,event_10350,Egypt,3327,295,43.20779220779221,0
2026-01-25,event_10352,Indonesia,3296,672,17.91304347826087,0
2026-01-25,event_10511,Iran,3224,77,48.84848484848485,0
2026-01-25,event_10100,United States,3127,1927,1.6712987707108498,0
2026-01-25,event_10351,Argentina,3081,279,24.25984251968504,0
2026-01-25,event_30000,Brazil,2940,1854,1.586616297895305,0
2026-01-25,event_10350,Bangladesh,2930,225,37.56410256410256,0
2026-01-25,event_10350,United Kingdom,2803,290,28.31313131313131,0
2026-01-25,event_37000,Brazil,2763,2454,1.127294981640147,0
2026-01-25,event_10352,Pakistan,2709,239,37.625,0
2026-01-25,event_10354,United States,2700,1687,1.6216216216216217,0
2026-01-25,event_10350,Saudi Arabia,2629,174,50.55769230769231,0
2026-01-25,event_10351,Pakistan,2623,223,37.47142857142857,0
2026-01-25,event_10351,Philippines,2616,207,40.246153846153845,0
2026-01-25,event_10350,Puerto Rico,2614,224,36.30555555555556,0
2026-01-25,event_10350,Canada,2428,274,22.48148148148148,0
2026-01-25,event_10350,Colombia,2330,163,41.607142857142854,0
2026-01-25,event_8000,Brazil,2204,2135,1.0430667297681022,0
2026-01-25,event_10351,Nigeria,2158,138,31.27536231884058,0
2026-01-25,event_2600,Brazil,2132,1712,1.2453271028037383,0
2026-01-25,event_9900,United States,2124,1163,1.8453518679409209,0
2026-01-25,event_10352,Philippines,2114,176,49.16279069767442,0
2026-01-25,event_8001,Brazil,2011,1976,1.0182278481012659,0
2026-01-25,event_6801,United States,1993,1579,1.283322601416613,0
2026-01-25,event_10351,Canada,1952,218,22.436781609195403,0
2026-01-25,event_6800,Indonesia,1931,882,7.724,0
2026-01-25,event_2100,United States,1908,1396,1.3667621776504297,0
2026-01-25,event_2300,United States,1880,1452,1.2947658402203857,0
2026-01-25,event_6800,Mexico,1873,1231,4.218468468468468,0
2026-01-25,event_10351,Portugal,1858,158,15.61344537815126,0
2026-01-25,event_10351,Saudi Arabia,1785,126,46.973684210526315,0
2026-01-25,event_10351,Puerto Rico,1750,161,27.34375,0
2026-01-25,event_10351,Bangladesh,1603,155,28.12280701754386,0
2026-01-25,event_10350,Paraguay,1594,100,51.41935483870968,0
2026-01-25,event_10350,Malaysia,1557,66,129.75,0
2026-01-25,event_10353,Argentina,1550,105,15.97938144329897,0
2026-01-25,event_10350,Spain,1540,161,35,0
2026-01-25,event_10000,Brazil,1536,1349,1.1437081161578555,0
2026-01-25,event_10351,Egypt,1511,185,23.246153846153845,0
2026-01-25,event_6800,Portugal,1413,534,10.544776119402986,0
2026-01-25,event_6800,India,1410,626,9.038461538461538,0
2026-01-25,event_10350,France,1393,127,29.638297872340427,0
2026-01-25,event_10353,Indonesia,1382,119,12.339285714285714,0
2026-01-25,event_26003,Brazil,1360,919,1.4798694232861807,0
2026-01-25,event_10350,Peru,1323,81,32.26829268292683,0
2026-01-25,event_10351,Colombia,1307,121,26.14,0
2026-01-25,event_10350,Cuba,1239,93,19.666666666666668,0
2026-01-25,event_10350,Bolivia,1202,73,52.26086956521739,0
2026-01-25,event_10352,Egypt,1180,198,22.692307692307693,0
2026-01-25,event_10352,Cuba,1179,86,21.053571428571427,0
2026-01-25,event_10350,United Arab Emirates,1154,108,26.837209302325583,0
2026-01-25,event_10353,Portugal,1146,84,14.883116883116884,0
2026-01-25,event_10351,United Kingdom,1121,115,15.356164383561644,0
2026-01-25,event_10850,Brazil,1099,859,1.279394644935972,0
2026-01-25,event_10350,Germany,1053,214,12.10344827586207,0
2026-01-25,event_10350,Algeria,1035,86,43.125,0
2026-01-25,event_10352,Paraguay,1035,69,41.4,0
2026-01-25,event_31009,United States,1032,597,1.734453781512605,0
2026-01-25,event_10800,Brazil,1019,885,1.151412429378531,0
2026-01-25,event_10351,Malaysia,1004,41,91.27272727272727,0
2026-01-25,event_10512,Brazil,968,534,1.8195488721804511,0
2026-01-25,event_1750,United States,966,743,1.3001345895020189,0
2026-01-25,event_10352,Bolivia,954,62,43.36363636363637,0
2026-01-25,event_10350,Japan,947,86,27.057142857142857,0
2026-01-25,event_10353,Puerto Rico,902,55,19.19148936170213,0
2026-01-25,event_10352,Argentina,896,190,11.061728395061728,0
2026-01-25,event_39000,Brazil,887,687,1.2911208151382825,0
2026-01-25,event_10352,Colombia,880,89,25.88235294117647,0
2026-01-25,event_10352,Bangladesh,865,137,18.404255319148938,0
2026-01-25,event_39100,Brazil,862,742,1.1617250673854447,0
2026-01-25,event_10350,Vietnam,854,57,284.6666666666667,0
2026-01-25,event_10351,United Arab Emirates,835,71,41.75,0
2026-01-25,event_10353,India,831,94,10.012048192771084,0
2026-01-25,event_10353,Canada,826,57,15.296296296296296,0
2026-01-25,subscription_screen_open,United States,818,632,1.2943037974683544,0
2026-01-25,event_10351,Peru,781,66,21.10810810810811,0
2026-01-25,event_10350,Netherlands,730,127,17.38095238095238,0
2026-01-25,event_10351,Spain,730,43,20.27777777777778,0
2026-01-25,event_10351,France,712,41,32.36363636363637,0
2026-01-25,event_10353,Colombia,711,42,17.775,0
2026-01-25,event_10208,Brazil,697,10,69.7,0
2026-01-25,event_10350,Chile,684,83,25.333333333333332,0
2026-01-25,event_10350,Türkiye,673,25,134.6,0
2026-01-25,event_6800,Canada,670,270,7.362637362637362,0
2026-01-25,event_10350,South Africa,667,46,21.516129032258064,0
2026-01-25,event_10353,United Kingdom,664,52,13.551020408163266,0
2026-01-25,event_1700,United States,656,453,1.4481236203090508,0
2026-01-25,event_10350,Syria,653,47,38.411764705882355,0
2026-01-25,event_10350,Italy,653,106,28.391304347826086,0
2026-01-25,event_10352,Puerto Rico,629,105,17.47222222222222,0
2026-01-25,event_10350,Guatemala,618,83,22.071428571428573,0
2026-01-25,event_10350,Ghana,614,27,32.31578947368421,0
2026-01-25,event_10352,Algeria,600,61,27.272727272727273,0
2026-01-25,event_10511,Mexico,590,36,19.666666666666668,0
2026-01-25,event_10350,Angola,575,27,44.23076923076923,0
2026-01-25,event_1650,United States,574,469,1.2238805970149254,0
2026-01-25,event_10363,United States,572,176,3.5527950310559007,0
2026-01-25,event_6800,United Kingdom,563,256,5.686868686868687,0
2026-01-25,event_6800,Egypt,560,224,9.180327868852459,0
2026-01-25,event_10350,Myanmar (Burma),558,36,42.92307692307692,0
2026-01-25,event_29000,United States,555,444,1.252821670428894,0
2026-01-25,event_10351,Japan,552,66,17.806451612903224,0
2026-01-25,event_10350,Bhutan,540,1,540,0
2026-01-25,event_10352,Syria,531,42,35.4,0
2026-01-25,event_6800,Argentina,514,305,4.3559322033898304,0
2026-01-25,event_10352,Saudi Arabia,511,88,23.227272727272727,0
2026-01-25,event_10353,Spain,505,28,18.703703703703702,0
2026-01-25,event_10350,Honduras,503,62,15.242424242424242,0
2026-01-25,event_6800,Pakistan,498,231,8.892857142857142,0
2026-01-25,event_10350,Jamaica,490,49,24.5,0
2026-01-25,event_6800,Philippines,485,207,7.698412698412699,0
2026-01-25,event_10351,Paraguay,480,64,18.46153846153846,0
2026-01-25,event_10351,South Africa,479,38,19.16,0
2026-01-25,event_10352,Angola,475,21,59.375,0
2026-01-25,event_10351,Türkiye,474,17,118.5,0
2026-01-25,event_10511,Cuba,469,8,67,0
2026-01-25,event_10352,Malaysia,468,44,58.5,0
2026-01-25,event_10350,Nepal,465,55,18.6,0
2026-01-25,event_10363,Iran,464,200,2.481283422459893,0
2026-01-25,event_10350,Laos,437,71,8.74,0
2026-01-25,event_10350,El Salvador,428,47,21.4,0
2026-01-25,event_10350,Dominican Republic,428,63,22.526315789473685,0
2026-01-25,event_10350,Uruguay,425,38,42.5,0
2026-01-25,event_2600,United States,418,298,1.4026845637583893,0
2026-01-25,event_10353,Nigeria,417,42,10.425,0
2026-01-25,event_10350,Venezuela,416,50,19.80952380952381,0
2026-01-25,event_26003,United States,413,302,1.3675496688741722,0
2026-01-25,event_10353,Peru,410,24,17.82608695652174,0
2026-01-25,event_6800,Thailand,410,263,6.212121212121212,0
2026-01-25,event_10350,Kenya,408,16,68,0
2026-01-25,event_10350,Ireland,398,37,49.75,0
2026-01-25,event_10505,Iran,393,182,3.023076923076923,0
2026-01-25,event_1000,Mexico,392,212,1.875598086124402,0
2026-01-25,event_10351,Bhutan,392,1,392,0
2026-01-25,event_10351,Ghana,392,22,26.133333333333333,0
2026-01-25,event_10353,Egypt,391,45,9.536585365853659,0
2026-01-25,event_10351,Chile,388,59,16.166666666666668,0
2026-01-25,event_6800,Bangladesh,384,172,8.347826086956522,0
2026-01-25,event_10350,Qatar,382,43,29.384615384615383,0
2026-01-25,event_10351,Germany,380,64,9.5,0
2026-01-25,event_10352,France,376,55,13.925925925925926,0
2026-01-25,event_10350,Morocco,372,41,37.2,0
2026-01-25,event_1000,Iran,361,226,1.6261261261261262,0
2026-01-25,subscription_subscribe_click,Brazil,357,226,1.579646017699115,0
2026-01-25,event_10350,Australia,355,34,25.357142857142858,0
2026-01-25,event_10352,Honduras,348,39,18.31578947368421,0
2026-01-25,event_6800,Puerto Rico,342,186,5.104477611940299,0
2026-01-25,event_6800,Nigeria,340,146,5.483870967741935,0
2026-01-25,event_6800,Germany,339,178,5.296875,0
2026-01-25,event_10350,Jordan,335,29,67,0
2026-01-25,event_10351,Algeria,335,62,15.952380952380953,0
2026-01-25,event_10350,Costa Rica,333,29,23.785714285714285,0
2026-01-25,event_6800,Saudi Arabia,318,124,9.085714285714285,0
2026-01-25,event_10350,Kuwait,317,18,35.22222222222222,0
2026-01-25,event_10511,Indonesia,312,34,9.176470588235293,0
2026-01-25,event_10352,Germany,311,87,6.617021276595745,0
2026-01-25,event_10350,Guam,308,2,308,0
2026-01-25,event_10353,Philippines,308,34,9.935483870967742,0
2026-01-25,event_10352,Guatemala,304,54,16,0
2026-01-25,event_10351,Kuwait,297,15,37.125,0
2026-01-25,event_10352,United Kingdom,297,65,13.5,0
2026-01-25,event_10350,Mozambique,294,17,29.4,0
2026-01-25,event_10351,Jamaica,293,27,16.27777777777778,0
2026-01-25,event_10352,Canada,286,78,8.9375,0
2026-01-25,event_37000,United States,286,223,1.2825112107623318,0
2026-01-25,event_10100,Iran,275,130,2.1653543307086616,0
2026-01-25,event_10353,South Africa,275,13,21.153846153846153,0
2026-01-25,event_10350,Ecuador,271,48,16.9375,0
2026-01-25,event_10353,Ghana,270,7,38.57142857142857,0
2026-01-25,event_10351,El Salvador,267,36,16.6875,0
2026-01-25,event_10505,Mexico,265,128,3.1547619047619047,0
2026-01-25,event_10351,Australia,262,27,20.153846153846153,0
2026-01-25,event_10351,Dominican Republic,261,42,16.3125,0
2026-01-25,event_10351,Guatemala,256,51,12.8,0
2026-01-25,event_10511,Switzerland,256,1,256,0
2026-01-25,event_10352,Nepal,251,32,25.1,0
2026-01-25,event_10352,Myanmar (Burma),250,25,27.77777777777778,0
2026-01-25,event_6800,Spain,250,127,6.25,0
2026-01-25,open_wifi_alert_settings__screen_viewed,Brazil,250,127,1.968503937007874,0
2026-01-25,event_10351,Qatar,248,35,20.666666666666668,0
2026-01-25,event_10350,Iraq,246,24,41,0
2026-01-25,event_10352,Kenya,246,15,41,0
2026-01-25,event_10350,Tanzania,245,13,30.625,0
2026-01-25,event_10351,Costa Rica,245,23,20.416666666666668,0
2026-01-25,event_10350,Afghanistan,244,34,9.76,0
2026-01-25,event_10351,Uruguay,242,30,24.2,0
2026-01-25,event_10353,Kuwait,240,5,48,0
2026-01-25,event_10352,Laos,238,35,14,0
2026-01-25,event_10351,Netherlands,237,37,8.464285714285714,0
2026-01-25,event_10350,Zambia,234,6,58.5,0
2026-01-25,event_6800,Netherlands,225,116,5.921052631578948,0
2026-01-25,event_6800,France,224,104,7.225806451612903,0
2026-01-25,event_10352,Vietnam,223,40,223,0
2026-01-25,event_6800,Italy,221,86,10.045454545454545,0
2026-01-25,event_10350,Uganda,220,18,27.5,0
2026-01-25,event_10352,Zambia,213,6,53.25,0
2026-01-25,event_10352,Venezuela,212,35,14.133333333333333,0
2026-01-25,event_10511,South Africa,212,4,53,0
2026-01-25,event_10350,Switzerland,211,25,17.583333333333332,0
2026-01-25,event_6800,Colombia,211,135,4.48936170212766,0
2026-01-25,event_10511,Costa Rica,210,1,210,0
2026-01-25,event_10350,Panama,203,12,29,0
2026-01-25,event_10352,Chile,200,48,13.333333333333334,0
2026-01-25,event_10351,Vietnam,199,36,66.33333333333333,0
2026-01-25,event_10350,Haiti,198,52,6.387096774193548,0
2026-01-25,event_10350,Suriname,196,5,196,0
2026-01-25,event_10350,South Korea,196,23,28,0
2026-01-25,event_10352,Japan,193,34,13.785714285714286,0
2026-01-25,event_10353,Japan,193,21,10.157894736842104,0
2026-01-25,event_6800,Japan,193,91,5.216216216216216,0
2026-01-25,event_10352,Ghana,192,13,21.333333333333332,0
2026-01-25,event_10352,Afghanistan,191,20,12.733333333333333,0
2026-01-25,event_10350,Israel,189,15,27,0
2026-01-25,event_6800,Algeria,188,74,8.545454545454545,0
2026-01-25,event_1000,India,186,107,1.7547169811320755,0
2026-01-25,event_10352,Ecuador,185,36,18.5,0
2026-01-25,event_10351,Bolivia,184,24,13.142857142857142,0
2026-01-25,event_10353,United Arab Emirates,182,14,13,0
2026-01-25,event_10511,Haiti,178,5,35.6,0
2026-01-25,event_10352,Peru,177,39,7.695652173913044,0
2026-01-25,event_10350,Belgium,175,17,43.75,0
2026-01-25,event_10363,India,175,42,4.861111111111111,0
2026-01-25,event_10351,Nepal,174,32,19.333333333333332,0
2026-01-25,event_10364,Brazil,173,144,1.2097902097902098,0
2026-01-25,event_10352,Uganda,171,12,24.428571428571427,0
2026-01-25,event_10351,South Korea,170,16,34,0
2026-01-25,event_10353,Australia,169,13,15.363636363636363,0
2026-01-25,event_10350,Cape Verde,167,5,33.4,0
2026-01-25,event_10350,Romania,167,16,20.875,0
2026-01-25,event_10351,Israel,167,12,23.857142857142858,0
2026-01-25,event_10353,Jamaica,167,10,16.7,0
2026-01-25,event_4418,Brazil,167,67,2.4925373134328357,0
2026-01-25,event_10511,Honduras,166,2,83,0
2026-01-25,event_6800,United Arab Emirates,164,70,7.809523809523809,0
2026-01-25,event_6800,Paraguay,163,75,5.620689655172414,0
2026-01-25,event_10350,Sudan,162,21,27,0
2026-01-25,event_10351,Italy,162,20,9.529411764705882,0
2026-01-25,event_10352,Mozambique,162,14,18,0
2026-01-25,event_10351,Jordan,158,24,39.5,0
2026-01-25,event_10353,Bangladesh,156,32,5.379310344827586,0
2026-01-25,event_10350,Zimbabwe,155,13,25.833333333333332,0
2026-01-25,event_10352,Portugal,155,49,4.428571428571429,0
2026-01-25,event_10352,South Africa,154,23,8.555555555555555,0
2026-01-25,event_10505,India,153,57,5.275862068965517,0
2026-01-25,event_10353,Costa Rica,152,6,25.333333333333332,0
2026-01-25,event_10353,Paraguay,151,19,7.947368421052632,0
2026-01-25,event_10350,Serbia,148,7,49.333333333333336,0
2026-01-25,event_10350,Singapore,148,23,11.384615384615385,0
2026-01-25,event_10352,Türkiye,148,10,74,0
2026-01-25,event_10850,United States,148,112,1.3214285714285714,0
2026-01-25,event_1000,Indonesia,147,100,1.5473684210526315,0
2026-01-25,event_10350,Antigua & Barbuda,147,12,49,0
2026-01-25,event_10351,Morocco,147,26,18.375,0
2026-01-25,event_10352,Bhutan,147,1,147,0
2026-01-25,event_10352,Cape Verde,147,3,49,0
2026-01-25,event_10350,Tunisia,146,13,48.666666666666664,0
2026-01-25,event_10351,Kenya,145,7,48.333333333333336,0
2026-01-25,event_10351,Switzerland,145,8,18.125,0
2026-01-25,event_10351,Venezuela,145,35,9.0625,0
2026-01-25,event_10352,El Salvador,144,36,9.6,0
2026-01-25,event_10353,El Salvador,144,12,13.090909090909092,0
2026-01-25,pix_analyzer_onboarding_start,Brazil,144,112,1.2857142857142858,0
2026-01-25,event_10350,Oman,143,25,13,0
2026-01-25,event_10352,Morocco,143,30,20.428571428571427,0
2026-01-25,event_10511,Netherlands,143,4,47.666666666666664,0
2026-01-25,event_10350,Ethiopia,142,11,35.5,0
2026-01-25,event_10353,Netherlands,142,21,7.473684210526316,0
2026-01-25,event_30000,United States,142,105,1.3523809523809525,0
2026-01-25,event_6800,Peru,141,72,3.6153846153846154,0
2026-01-25,event_10350,New Zealand,140,17,23.333333333333332,0
2026-01-25,event_10353,Pakistan,139,20,7.722222222222222,0
2026-01-25,event_10511,Philippines,139,5,27.8,0
2026-01-25,event_10000,United States,138,117,1.1794871794871795,0
2026-01-25,event_10351,Singapore,138,21,11.5,0
2026-01-25,event_10352,Netherlands,138,35,6.2727272727272725,0
2026-01-25,event_6800,Syria,138,48,8.625,0
2026-01-25,event_10352,Jamaica,136,33,9.714285714285714,0
2026-01-25,event_10353,Chile,136,11,13.6,0
2026-01-25,event_10800,United States,136,122,1.1147540983606556,0
2026-01-25,event_10352,Iraq,135,15,33.75,0
2026-01-25,event_10350,Trinidad & Tobago,134,8,67,0
2026-01-25,event_10352,Zimbabwe,134,11,22.333333333333332,0
2026-01-25,event_10350,Uzbekistan,132,4,66,0
2026-01-25,event_6800,Malaysia,131,53,8.733333333333333,0
2026-01-25,event_6800,Jamaica,130,49,6.190476190476191,0
2026-01-25,event_1600,Mexico,129,87,1.4827586206896552,0
2026-01-25,event_10351,New Zealand,128,13,21.333333333333332,0
2026-01-25,event_10351,Panama,127,10,21.166666666666668,0
2026-01-25,event_10352,Haiti,127,39,6.0476190476190474,0
2026-01-25,event_10350,Papua New Guinea,126,4,63,0
2026-01-25,event_10352,Tanzania,126,8,21,0
2026-01-25,event_10352,Spain,126,21,9.692307692307692,0
2026-01-25,event_10352,Uruguay,126,21,31.5,0
2026-01-25,event_10363,Mexico,126,35,3.9375,0
2026-01-25,event_10350,Norway,125,14,20.833333333333332,0
2026-01-25,event_10352,United Arab Emirates,124,42,7.294117647058823,0
2026-01-25,event_10350,Burkina Faso,123,2,0,0
2026-01-25,event_8000,United States,123,112,1.1495327102803738,0
2026-01-25,event_10351,Mozambique,121,8,20.166666666666668,0
2026-01-25,event_10352,Ethiopia,121,11,30.25,0
2026-01-25,event_10511,Slovakia,121,1,121,0
2026-01-25,event_10353,Switzerland,118,6,19.666666666666668,0
2026-01-25,event_10352,Sudan,117,17,19.5,0
2026-01-25,event_10352,Dominican Republic,117,40,10.636363636363637,0
2026-01-25,event_10511,Colombia,117,2,58.5,0
2026-01-25,event_6800,Cuba,117,75,3.4411764705882355,0
2026-01-25,event_10351,Haiti,115,12,12.777777777777779,0
2026-01-25,event_6800,Chile,113,64,5.136363636363637,0
2026-01-25,event_10353,France,112,21,6.222222222222222,0
2026-01-25,event_10353,Malaysia,111,10,13.875,0
2026-01-25,event_10512,United States,109,72,1.5138888888888888,0
2026-01-25,event_10350,Sri Lanka,107,12,53.5,0
2026-01-25,event_6800,Bolivia,107,57,5.35,0
2026-01-25,event_10350,Kazakhstan,106,3,106,0
2026-01-25,event_10350,Hungary,105,13,21,0
2026-01-25,event_10353,South Korea,105,2,52.5,0
2026-01-25,open_wifi_alert__click_on_upgrade,Brazil,105,74,1.4189189189189189,0
2026-01-25,event_1000,Egypt,104,44,2.3636363636363638,0
2026-01-25,event_10350,Yemen,104,10,34.666666666666664,0
2026-01-25,event_10353,Germany,104,18,6.5,0
2026-01-25,open_wifi_alert_paywall__screen_viewed,Brazil,104,74,1.4054054054054055,0
2026-01-25,event_10350,Libya,102,10,51,0
2026-01-25,event_10351,Laos,102,22,10.2,0
2026-01-25,event_10351,Syria,101,15,14.428571428571429,0
2026-01-25,event_10353,New Zealand,101,4,25.25,0
2026-01-25,event_10353,Israel,101,4,33.666666666666664,0
2026-01-25,event_6800,Ireland,100,42,8.333333333333334,0
2026-01-25,event_1000,Argentina,99,59,1.706896551724138,0
2026-01-25,event_10352,Serbia,99,4,49.5,0
2026-01-25,event_10352,Qatar,99,19,16.5,0
2026-01-25,event_10351,Iraq,98,12,32.666666666666664,0
2026-01-25,event_6800,Australia,98,38,5.764705882352941,0
2026-01-25,event_10350,Mali,97,6,48.5,0
2026-01-25,event_10353,Bolivia,97,11,8.818181818181818,0
2026-01-25,event_10351,Honduras,96,30,5.052631578947368,0
2026-01-25,event_39100,United States,96,78,1.2307692307692308,0
2026-01-25,event_10351,Guam,95,1,0,0
2026-01-25,event_10351,Belgium,95,4,31.666666666666668,0
2026-01-25,event_10353,Qatar,95,6,15.833333333333334,0
2026-01-25,event_10511,India,95,22,4.523809523809524,0
2026-01-25,event_10350,Guyana,94,11,15.666666666666666,0
2026-01-25,event_10511,Germany,94,6,18.8,0
2026-01-25,event_10100,Mexico,92,57,1.6140350877192982,0
2026-01-25,event_10353,Dominican Republic,91,11,8.272727272727273,0
2026-01-25,event_10353,Algeria,91,17,5.6875,0
2026-01-25,event_10505,Portugal,90,41,5,0
2026-01-25,event_6800,South Africa,90,39,3.9130434782608696,0
2026-01-25,event_10351,Tunisia,89,10,29.666666666666668,0
2026-01-25,event_10352,Romania,89,3,44.5,0
2026-01-25,event_10352,Uzbekistan,89,3,89,0
2026-01-25,event_10352,Guyana,89,9,14.833333333333334,0
2026-01-25,event_10352,Jordan,89,19,22.25,0
2026-01-25,event_6800,Morocco,88,34,17.6,0
2026-01-25,event_6800,Guatemala,88,60,6.769230769230769,0
2026-01-25,event_6800,Dominican Republic,87,56,4.833333333333333,0
2026-01-25,event_10353,Saudi Arabia,86,26,3.739130434782609,0
2026-01-25,event_8001,United States,86,77,1.1168831168831168,0
2026-01-25,event_10350,Russia,85,21,12.142857142857142,0
2026-01-25,event_10352,Australia,85,10,17,0
2026-01-25,event_10353,Italy,85,13,7.083333333333333,0
2026-01-25,event_10505,Philippines,84,24,4.9411764705882355,0
2026-01-25,event_10210,United States,83,26,3.1923076923076925,0
2026-01-25,event_10511,Sri Lanka,83,2,83,0
2026-01-25,event_10511,Nigeria,82,13,6.3076923076923075,0
2026-01-25,event_10352,Yemen,81,8,40.5,0
2026-01-25,event_10350,Greece,80,13,13.333333333333334,0
2026-01-25,event_10352,Antigua & Barbuda,80,8,26.666666666666668,0
2026-01-25,event_10352,Costa Rica,80,15,10,0
2026-01-25,event_10351,Tanzania,77,4,25.666666666666668,0
2026-01-25,event_10354,Mexico,77,47,1.6382978723404256,0
2026-01-25,open_wifi_alert_settings__screen_viewed,United States,77,44,1.75,0
2026-01-25,event_10353,Panama,76,5,15.2,0
2026-01-25,event_10363,Nigeria,76,25,3.619047619047619,0
2026-01-25,event_10505,United Kingdom,76,27,3.8,0
2026-01-25,event_6800,Nepal,76,36,10.857142857142858,0
2026-01-25,event_1000,Portugal,75,43,1.744186046511628,0
2026-01-25,event_10352,Burkina Faso,75,1,0,0
2026-01-25,event_6800,Venezuela,75,45,3.75,0
2026-01-25,event_1000,United Kingdom,74,38,2,0
2026-01-25,event_2100,Mexico,73,57,1.280701754385965,0
2026-01-25,event_6800,Qatar,73,32,8.11111111111111,0
2026-01-25,event_10350,Cayman Islands,72,3,36,0
2026-01-25,event_10350,Sweden,72,12,24,0
2026-01-25,event_10350,Poland,72,20,10.285714285714286,0
2026-01-25,event_10511,France,71,4,35.5,0
2026-01-25,event_6800,El Salvador,71,48,4.176470588235294,0
2026-01-25,event_10350,Luxembourg,70,3,35,0
2026-01-25,event_10352,Trinidad & Tobago,70,5,35,0
2026-01-25,event_10505,Spain,70,11,8.75,0
2026-01-25,event_10351,Iran,69,34,3,0
2026-01-25,event_6800,Jordan,69,25,13.8,0
2026-01-25,event_1000,Nigeria,68,44,1.5813953488372092,0
2026-01-25,event_10511,Bangladesh,67,11,8.375,0
2026-01-25,pix_analyzer_onboarding_activate_click,Brazil,67,64,1.046875,0
2026-01-25,event_1000,Puerto Rico,66,36,1.8333333333333333,0
2026-01-25,event_10350,Bahamas,66,5,66,0
2026-01-25,event_10350,China,66,9,16.5,0
2026-01-25,event_10350,Nicaragua,66,18,13.2,0
2026-01-25,event_10351,Cayman Islands,66,3,33,0
2026-01-25,event_10350,American Samoa,65,5,32.5,0
2026-01-25,event_10352,Oman,65,14,13,0
2026-01-25,event_6800,Haiti,65,31,5,0
2026-01-25,event_10505,Indonesia,64,33,2.782608695652174,0
2026-01-25,event_10351,Hungary,63,6,12.6,0
2026-01-25,event_10363,Egypt,63,19,3.7058823529411766,0
2026-01-25,event_10352,Mali,62,5,31,0
2026-01-25,event_10353,Morocco,62,8,12.4,0
2026-01-25,event_6800,Türkiye,62,26,12.4,0
2026-01-25,event_6800,Honduras,62,45,3.4444444444444446,0
2026-01-25,event_9900,United Kingdom,62,12,5.166666666666667,0
2026-01-25,event_1000,Canada,61,32,1.90625,0
2026-01-25,event_10350,Ukraine,61,3,30.5,0
2026-01-25,event_2100,Iran,61,43,1.4186046511627908,0
2026-01-25,event_10350,Slovakia,60,5,30,0
2026-01-25,event_10351,Oman,60,17,15,0
2026-01-25,event_10352,Panama,60,7,20,0
2026-01-25,event_10100,Indonesia,59,27,2.269230769230769,0
2026-01-25,event_10350,Curaçao,59,5,59,0
2026-01-25,event_10351,Ecuador,59,17,11.8,0
2026-01-25,event_6800,Laos,59,36,5.9,0
2026-01-25,event_10350,Hong Kong,58,11,29,0
2026-01-25,event_10351,Luxembourg,58,1,58,0
2026-01-25,event_10353,Guatemala,58,9,7.25,0
2026-01-25,event_1000,Peru,57,22,2.590909090909091,0
2026-01-25,event_1000,Bangladesh,57,23,2.4782608695652173,0
2026-01-25,event_10350,Seychelles,57,1,0,0
2026-01-25,event_10353,Nepal,56,4,14,0
2026-01-25,event_1000,Philippines,55,27,2.1153846153846154,0
2026-01-25,event_10100,India,55,27,2.1153846153846154,0
2026-01-25,event_10350,Côte d’Ivoire,55,5,18.333333333333332,0
2026-01-25,event_10351,Ireland,55,10,7.857142857142857,0
2026-01-25,event_10511,Japan,55,1,55,0
2026-01-25,event_6800,Ecuador,55,34,6.111111111111111,0
2026-01-25,event_10352,China,54,5,18,0
2026-01-25,event_10353,Belgium,54,3,27,0
2026-01-25,event_10363,Puerto Rico,54,10,5.4,0
2026-01-25,event_10350,Bosnia & Herzegovina,53,5,26.5,0
2026-01-25,event_10352,Libya,53,8,26.5,0
2026-01-25,event_10352,Sri Lanka,53,9,26.5,0
2026-01-25,event_10363,Syria,53,11,4.818181818181818,0
2026-01-25,event_10505,Cuba,53,18,4.416666666666667,0
2026-01-25,event_10511,Ecuador,53,3,26.5,0
2026-01-25,event_1600,India,53,26,2.0384615384615383,0
2026-01-25,event_6800,Ghana,53,20,5.3,0
2026-01-25,event_6800,Vietnam,53,25,13.25,0
2026-01-25,event_6800,Costa Rica,53,28,4.076923076923077,0
2026-01-25,event_10353,Singapore,52,4,13,0
2026-01-25,event_10353,Mozambique,52,5,10.4,0
2026-01-25,event_6800,South Korea,51,19,7.285714285714286,0
2026-01-25,event_10351,Romania,50,7,8.333333333333334,0
2026-01-25,event_10350,Togo,49,2,24.5,0
2026-01-25,event_10351,Greece,49,7,9.8,0
2026-01-25,event_6800,Israel,49,21,5.444444444444445,0
2026-01-25,event_10100,United Kingdom,48,19,2.526315789473684,0
2026-01-25,event_10351,Angola,48,10,6.857142857142857,0
2026-01-25,event_10505,Egypt,48,19,4.363636363636363,0
2026-01-25,event_10511,Dominican Republic,48,2,24,0
2026-01-25,event_10351,Ukraine,47,2,47,0
2026-01-25,event_10351,Bosnia & Herzegovina,47,4,23.5,0
2026-01-25,event_10353,Thailand,47,10,5.222222222222222,0
2026-01-25,event_6800,Switzerland,47,22,4.2727272727272725,0
2026-01-25,event_6800,Afghanistan,47,24,5.875,0
2026-01-25,event_6800,Uruguay,47,27,7.833333333333333,0
2026-01-25,event_1000,Spain,46,21,2.1904761904761907,0
2026-01-25,event_10350,Antarctica,46,1,0,0
2026-01-25,event_10350,Malta,46,2,46,0
2026-01-25,event_10505,Nigeria,46,23,3.066666666666667,0
2026-01-25,event_10351,Trinidad & Tobago,45,6,22.5,0
2026-01-25,event_10353,Tanzania,45,3,15,0
2026-01-25,event_10353,Syria,45,4,11.25,0
2026-01-25,event_10353,Türkiye,45,4,22.5,0
2026-01-25,event_10505,Argentina,45,25,2.8125,0
2026-01-25,event_10511,Pakistan,45,1,45,0
2026-01-25,event_10363,Cuba,44,12,4.4,0
2026-01-25,event_10100,Portugal,43,26,1.6538461538461537,0
2026-01-25,event_10350,U.S. Virgin Islands,43,4,14.333333333333334,0
2026-01-25,event_10352,Papua New Guinea,43,4,21.5,0
2026-01-25,event_6800,Angola,43,17,5.375,0
2026-01-25,event_6800,Sudan,43,17,7.166666666666667,0
2026-01-25,event_10351,U.S. Virgin Islands,42,3,21,0
2026-01-25,event_10352,Nicaragua,42,11,21,0
2026-01-25,event_10353,Cayman Islands,42,1,42,0
2026-01-25,event_31009,Mexico,42,21,2,0
2026-01-25,event_39000,United States,42,37,1.1666666666666667,0
2026-01-25,event_6800,New Zealand,42,21,10.5,0
2026-01-25,event_10352,Guam,41,2,41,0
2026-01-25,event_10353,Luxembourg,41,1,41,0
2026-01-25,event_10505,Puerto Rico,41,19,3.727272727272727,0
2026-01-25,event_10511,Ethiopia,41,1,41,0
2026-01-25,event_6800,Belgium,41,18,8.2,0
2026-01-25,event_6801,Mexico,41,37,1.1714285714285715,0
2026-01-25,event_10350,Denmark,40,2,40,0
2026-01-25,event_10353,Kenya,40,3,13.333333333333334,0
2026-01-25,event_6800,Kuwait,40,16,4.444444444444445,0
2026-01-25,event_10351,Antigua & Barbuda,38,6,19,0
2026-01-25,event_10351,Libya,38,9,19,0
2026-01-25,event_10351,Sudan,38,10,12.666666666666666,0
2026-01-25,event_10352,Bahamas,38,4,38,0
2026-01-25,event_10352,Hong Kong,38,8,19,0
2026-01-25,event_10363,Ethiopia,38,2,19,0
2026-01-25,event_10363,Bangladesh,38,13,3.1666666666666665,0
2026-01-25,event_10363,Pakistan,38,17,2.533333333333333,0
2026-01-25,event_10363,Indonesia,38,18,2.235294117647059,0
2026-01-25,event_2100,India,38,22,1.7272727272727273,0
2026-01-25,event_10350,Bahrain,37,5,0,0
2026-01-25,event_10350,Taiwan,37,9,12.333333333333334,0
2026-01-25,event_10350,French Guiana,37,9,18.5,0
2026-01-25,event_10511,Malaysia,37,1,37,0
2026-01-25,event_1750,Iran,37,30,1.2333333333333334,0
2026-01-25,event_6800,Iraq,37,17,7.4,0
2026-01-25,event_6800,Singapore,37,21,4.111111111111111,0
2026-01-25,event_1000,Colombia,36,19,1.894736842105263,0
2026-01-25,event_10100,Canada,36,11,3.6,0
2026-01-25,event_10100,Egypt,36,14,2.769230769230769,0
2026-01-25,event_10351,Uganda,36,8,6,0
2026-01-25,event_10353,Hungary,36,3,12,0
2026-01-25,event_10505,Canada,36,9,5.142857142857143,0
2026-01-25,event_1600,Iran,36,24,1.5,0
2026-01-25,event_6800,Uganda,36,14,4.5,0
2026-01-25,event_1600,Indonesia,35,20,1.75,0
2026-01-25,event_6800,Guyana,35,13,7,0
2026-01-25,event_6800,Kenya,35,16,5.833333333333333,0
2026-01-25,event_6800,Oman,35,18,8.75,0
2026-01-25,event_6800,Romania,35,19,4.375,0
2026-01-25,event_10351,Curaçao,34,4,34,0
2026-01-25,event_10350,Eswatini,33,2,16.5,0
2026-01-25,event_1600,Argentina,33,24,1.375,0
2026-01-25,event_6800,Myanmar (Burma),33,20,8.25,0
2026-01-25,pix_analyzer_onboarding_start,United States,33,27,1.2222222222222223,0
2026-01-25,event_10100,Puerto Rico,32,14,2.4615384615384617,0
2026-01-25,event_10352,Switzerland,32,8,6.4,0
2026-01-25,event_6800,Antigua & Barbuda,32,11,10.666666666666666,0
2026-01-25,event_1000,Thailand,31,19,1.7222222222222223,0
2026-01-25,event_10350,Belize,31,3,15.5,0
2026-01-25,event_10351,Togo,31,2,15.5,0
2026-01-25,event_10352,Eswatini,31,2,15.5,0
2026-01-25,event_10352,Italy,31,10,6.2,0
2026-01-25,event_10505,Saudi Arabia,31,13,4.428571428571429,0
2026-01-25,event_1600,Puerto Rico,31,23,1.3478260869565217,0
2026-01-25,event_2300,Mexico,31,26,1.1923076923076923,0
2026-01-25,event_6800,Greece,31,11,5.166666666666667,0
2026-01-25,event_10351,Antarctica,30,1,0,0
2026-01-25,event_10351,Afghanistan,30,11,3.75,0
2026-01-25,event_10352,Malta,30,1,30,0
2026-01-25,event_10353,Romania,30,4,7.5,0
2026-01-25,event_1000,Syria,29,8,3.625,0
2026-01-25,event_1000,Bolivia,29,11,2.6363636363636362,0
2026-01-25,event_1000,Algeria,29,14,2.0714285714285716,0
2026-01-25,event_10352,American Samoa,29,5,14.5,0
2026-01-25,event_10354,Argentina,29,21,1.45,0
2026-01-25,event_1650,Mexico,29,23,1.2608695652173914,0
2026-01-25,event_1000,Pakistan,28,17,1.75,0
2026-01-25,event_1000,Cuba,28,20,1.4,0
2026-01-25,event_10351,Slovakia,28,2,28,0
2026-01-25,event_10351,Kazakhstan,28,3,28,0
2026-01-25,event_10351,Mali,28,4,14,0
2026-01-25,event_10511,Mali,28,1,28,0
2026-01-25,event_6800,Mozambique,28,10,4,0
2026-01-25,event_6800,Hungary,28,12,5.6,0
2026-01-25,event_6800,Trinidad & Tobago,28,12,9.333333333333334,0
2026-01-25,event_6800,Tunisia,28,13,9.333333333333334,0
2026-01-25,event_10100,Argentina,27,18,1.588235294117647,0
2026-01-25,event_10352,Norway,27,4,13.5,0
2026-01-25,event_10353,U.S. Virgin Islands,27,2,13.5,0
2026-01-25,event_1600,United Kingdom,27,20,1.35,0
2026-01-25,event_6800,Sri Lanka,27,13,13.5,0
2026-01-25,event_1000,Germany,26,18,1.4444444444444444,0
2026-01-25,event_10351,Sweden,26,4,8.666666666666666,0
2026-01-25,event_10351,Poland,26,6,8.666666666666666,0
2026-01-25,event_10353,Vietnam,26,1,26,0
2026-01-25,event_10363,Ecuador,26,2,13,0
2026-01-25,event_10363,Afghanistan,26,5,5.2,0
2026-01-25,event_10505,South Africa,26,6,5.2,0
2026-01-25,subscription_screen_open,India,26,14,1.8571428571428572,0
2026-01-25,event_10352,Suriname,25,4,25,0
2026-01-25,event_10511,Puerto Rico,25,1,25,0
2026-01-25,event_31009,India,25,9,2.7777777777777777,0
2026-01-25,event_37000,Mexico,25,18,1.3888888888888888,0
2026-01-25,event_6800,Poland,25,14,6.25,0
2026-01-25,event_9900,Mexico,25,18,1.3888888888888888,0
2026-01-25,event_1000,South Africa,24,9,2.6666666666666665,0
2026-01-25,event_10100,Saudi Arabia,24,12,2,0
2026-01-25,event_10352,Tunisia,24,9,8,0
2026-01-25,event_10353,Bosnia & Herzegovina,24,1,24,0
2026-01-25,event_10353,Greece,24,3,8,0
2026-01-25,event_10505,Colombia,24,11,2.6666666666666665,0
2026-01-25,event_1600,Egypt,24,14,1.7142857142857142,0
2026-01-25,event_2100,United Kingdom,24,9,2.6666666666666665,0
2026-01-25,event_2100,Egypt,24,10,2.4,0
2026-01-25,event_2300,India,24,7,3.4285714285714284,0
2026-01-25,event_6800,Sweden,24,12,6,0
2026-01-25,event_10350,Bermuda,23,2,23,0
2026-01-25,event_10350,Niger,23,2,23,0
2026-01-25,event_10351,Uzbekistan,23,2,11.5,0
2026-01-25,event_10354,Indonesia,23,18,1.2777777777777777,0
2026-01-25,subscription_subscribe_click,United States,23,21,1.0952380952380953,0
2026-01-25,event_6800,Hong Kong,23,13,5.75,0
2026-01-25,event_8000,Iran,23,23,1,0
2026-01-25,event_10100,Philippines,22,12,2,0
2026-01-25,event_10350,St. Vincent & Grenadines,22,1,22,0
2026-01-25,event_10350,Croatia,22,2,22,0
2026-01-25,event_10352,Côte d’Ivoire,22,3,11,0
2026-01-25,event_10352,Curaçao,22,4,22,0
2026-01-25,event_10353,Honduras,22,7,3.142857142857143,0
2026-01-25,event_10363,Romania,22,1,22,0
2026-01-25,event_10363,Peru,22,2,11,0
2026-01-25,event_10505,Pakistan,22,16,2.4444444444444446,0
2026-01-25,event_10511,Nepal,22,2,22,0
2026-01-25,subscription_screen_open,Mexico,22,20,1.1,0
2026-01-25,event_1600,Portugal,22,15,1.4666666666666666,0
2026-01-25,event_2100,Indonesia,22,14,1.5714285714285714,0
2026-01-25,event_4418,United States,22,12,1.8333333333333333,0
2026-01-25,event_6800,Libya,22,9,11,0
2026-01-25,open_wifi_alert__click_on_upgrade,United States,22,20,1.1,0
2026-01-25,open_wifi_alert_paywall__screen_viewed,United States,22,20,1.1,0
2026-01-25,event_1000,Paraguay,21,12,1.75,0
2026-01-25,event_10351,Russia,21,4,21,0
2026-01-25,event_10352,Russia,21,15,4.2,0
2026-01-25,event_10353,Ukraine,21,1,21,0
2026-01-25,event_10511,Guyana,21,1,21,0
2026-01-25,event_10511,New Zealand,21,1,21,0
2026-01-25,event_10511,Guatemala,21,3,10.5,0
2026-01-25,event_1600,Nigeria,21,14,1.5,0
2026-01-25,event_1600,Canada,21,16,1.3125,0
2026-01-25,event_2100,Puerto Rico,21,10,2.1,0
2026-01-25,event_29000,India,21,4,5.25,0
2026-01-25,event_29000,Mexico,21,16,1.3125,0
2026-01-25,event_6800,Panama,21,12,3,0
2026-01-25,event_6801,Iran,21,18,1.2352941176470589,0
2026-01-25,event_1000,United Arab Emirates,20,11,1.8181818181818181,0
2026-01-25,event_10100,Sweden,20,2,10,0
2026-01-25,event_10100,Germany,20,17,1.1764705882352942,0
2026-01-25,event_10351,Bahamas,20,2,20,0
2026-01-25,event_10351,Zambia,20,2,20,0
2026-01-25,event_10352,Slovakia,20,3,10,0
2026-01-25,event_10353,Ireland,20,5,5,0
2026-01-25,event_10363,Germany,20,8,2.5,0
2026-01-25,event_1750,Mexico,20,19,1.0526315789473684,0
2026-01-25,event_6800,Ethiopia,20,8,6.666666666666667,0
2026-01-25,pix_analyzer_alert_open,Brazil,20,14,1.5384615384615385,0
2026-01-25,event_10350,Cambodia,19,5,19,0
2026-01-25,event_10351,Bermuda,19,2,19,0
2026-01-25,event_10351,Côte d’Ivoire,19,4,6.333333333333333,0
2026-01-25,event_10351,Hong Kong,19,7,19,0
2026-01-25,event_10353,Ecuador,19,4,4.75,0
2026-01-25,event_10353,Venezuela,19,6,3.1666666666666665,0
2026-01-25,event_10363,Mozambique,19,2,9.5,0
2026-01-25,event_10363,Thailand,19,3,6.333333333333333,0
2026-01-25,event_10505,Netherlands,19,8,4.75,0
2026-01-25,event_10512,Iran,19,13,1.4615384615384615,0
2026-01-25,event_1600,Peru,19,10,1.9,0
2026-01-25,event_6800,U.S. Virgin Islands,19,9,4.75,0
2026-01-25,event_1000,Australia,18,8,2.25,0
2026-01-25,event_10100,Bangladesh,18,10,1.8,0
2026-01-25,event_10210,Mexico,18,11,1.6363636363636365,0
2026-01-25,event_10350,Lebanon,18,5,0,0
2026-01-25,event_10351,Bahrain,18,4,0,0
2026-01-25,event_10352,Bahrain,18,2,0,0
2026-01-25,event_10352,Niger,18,2,18,0
2026-01-25,event_10352,Sweden,18,2,18,0
2026-01-25,event_10353,Iran,18,7,2.5714285714285716,0
2026-01-25,event_10354,Puerto Rico,18,7,2.5714285714285716,0
2026-01-25,event_10505,Algeria,18,12,2.25,0
2026-01-25,event_10511,Hungary,18,1,18,0
2026-01-25,event_6800,Curaçao,18,5,18,0
2026-01-25,event_8001,Iran,18,18,1,0
2026-01-25,event_9900,Argentina,18,7,2.5714285714285716,0
2026-01-25,event_9900,Portugal,18,12,1.5,0
2026-01-25,event_10351,Norway,17,5,4.25,0
2026-01-25,event_10352,Togo,17,2,8.5,0
2026-01-25,event_10354,Portugal,17,11,1.5454545454545454,0
2026-01-25,event_10363,Algeria,17,11,1.7,0
2026-01-25,event_10505,Malta,17,1,17,0
2026-01-25,event_10511,Venezuela,17,3,5.666666666666667,0
2026-01-25,event_2600,Mexico,17,12,1.4166666666666667,0
2026-01-25,event_6800,Taiwan,17,7,8.5,0
2026-01-25,event_6800,Norway,17,8,0,0
2026-01-25,event_6800,Tanzania,17,8,3.4,0
2026-01-25,event_6800,China,17,8,8.5,0
2026-01-25,event_1000,Costa Rica,16,4,4,0
2026-01-25,event_1000,Honduras,16,6,2.6666666666666665,0
2026-01-25,event_10100,Pakistan,16,9,1.7777777777777777,0
2026-01-25,event_10210,Romania,16,1,16,0
2026-01-25,event_10350,Liberia,16,2,16,0
2026-01-25,event_10350,Brunei,16,8,2.6666666666666665,0
2026-01-25,event_10351,Ethiopia,16,3,8,0
2026-01-25,event_10352,St. Vincent & Grenadines,16,1,16,0
2026-01-25,event_10353,Uganda,16,4,4,0
2026-01-25,event_10353,Angola,16,5,4,0
2026-01-25,event_10505,Bangladesh,16,15,2,0
2026-01-25,event_10511,Thailand,16,6,2.6666666666666665,0
2026-01-25,subscription_screen_open,Bangladesh,16,5,3.2,0
2026-01-25,event_2100,Bangladesh,16,6,2.6666666666666665,0
2026-01-25,event_6800,American Samoa,16,5,8,0
2026-01-25,event_6800,Yemen,16,7,8,0
2026-01-25,event_6800,Russia,16,11,16,0
2026-01-25,event_6801,Indonesia,16,13,1.3333333333333333,0
2026-01-25,event_9900,Spain,16,4,4,0
2026-01-25,event_1000,Morocco,15,4,3.75,0
2026-01-25,event_1000,Italy,15,12,1.25,0
2026-01-25,event_10100,Singapore,15,3,5,0
2026-01-25,event_10350,Cameroon,15,5,15,0
2026-01-25,event_10352,Lebanon,15,5,0,0
2026-01-25,event_10352,Israel,15,9,3.75,0
2026-01-25,event_10354,India,15,9,1.6666666666666667,0
2026-01-25,event_10354,Peru,15,9,1.6666666666666667,0
2026-01-25,event_10363,Argentina,15,5,3,0
2026-01-25,event_10505,Kuwait,15,4,3.75,0
2026-01-25,event_10511,American Samoa,15,1,15,0
2026-01-25,event_1600,Colombia,15,7,2.142857142857143,0
2026-01-25,event_1700,Mexico,15,8,1.875,0
2026-01-25,event_31009,Egypt,15,7,2.142857142857143,0
2026-01-25,event_4418,Iran,15,3,5,0
2026-01-25,event_6800,Bosnia & Herzegovina,15,5,7.5,0
2026-01-25,event_6800,Suriname,15,5,15,0
2026-01-25,event_6800,French Guiana,15,7,7.5,0
2026-01-25,event_1000,Israel,14,4,3.5,0
2026-01-25,event_1000,Saudi Arabia,14,11,1.2727272727272727,0
2026-01-25,event_10100,Bolivia,14,7,2,0
2026-01-25,event_10100,France,14,10,1.5555555555555556,0
2026-01-25,event_10209,Brazil,14,3,4.666666666666667,0
2026-01-25,event_10350,Senegal,14,4,14,0
2026-01-25,event_10350,Austria,14,6,7,0
2026-01-25,event_10351,French Guiana,14,2,7,0
2026-01-25,event_10351,Serbia,14,3,0,0
2026-01-25,event_10351,American Samoa,14,3,7,0
2026-01-25,event_10352,Taiwan,14,4,14,0
2026-01-25,event_10352,Hungary,14,5,7,0
2026-01-25,event_10353,Bahamas,14,1,14,0
2026-01-25,event_10353,Uruguay,14,3,7,0
2026-01-25,event_10354,Bangladesh,14,5,2.8,0
2026-01-25,event_10363,Spain,14,4,3.5,0
2026-01-25,event_10511,United Arab Emirates,14,2,14,0
2026-01-25,event_31009,Argentina,14,8,1.75,0
2026-01-25,event_6800,Côte d’Ivoire,14,4,7,0
2026-01-25,event_6800,Cape Verde,14,5,2.8,0
2026-01-25,event_6800,Senegal,14,6,7,0
2026-01-25,event_6800,Cameroon,14,7,14,0
2026-01-25,event_6800,Nicaragua,14,8,7,0
2026-01-25,event_8000,Egypt,14,14,1,0
2026-01-25,event_1000,Mozambique,13,5,2.6,0
2026-01-25,event_10100,South Africa,13,5,2.6,0
2026-01-25,event_10350,São Tomé & Príncipe,13,2,0,0
2026-01-25,event_10350,Cyprus,13,2,13,0
2026-01-25,event_10350,Guinea-Bissau,13,3,0,0
2026-01-25,event_10350,Azerbaijan,13,4,13,0
2026-01-25,event_10350,Czechia,13,5,13,0
2026-01-25,event_10351,Myanmar (Burma),13,4,0,0
2026-01-25,event_10351,Cambodia,13,5,13,0
2026-01-25,event_10351,Taiwan,13,6,6.5,0
2026-01-25,event_10352,Liberia,13,2,13,0
2026-01-25,event_10352,Belize,13,3,6.5,0
2026-01-25,event_10353,Zambia,13,1,13,0
2026-01-25,event_10353,Sweden,13,2,6.5,0
2026-01-25,event_10353,Jordan,13,3,6.5,0
2026-01-25,event_10353,Norway,13,4,4.333333333333333,0
2026-01-25,event_10363,Papua New Guinea,13,2,6.5,0
2026-01-25,event_10505,Costa Rica,13,2,6.5,0
2026-01-25,event_10505,Sri Lanka,13,2,6.5,0
2026-01-25,event_10505,Japan,13,4,4.333333333333333,0
2026-01-25,event_10511,Egypt,13,2,6.5,0
2026-01-25,subscription_screen_open,Egypt,13,6,2.1666666666666665,0
2026-01-25,event_2100,Portugal,13,11,1.1818181818181819,0
2026-01-25,event_6800,Austria,13,5,6.5,0
2026-01-25,pix_analyzer_onboarding_activate_click,United States,13,13,1,0
2026-01-25,event_1000,Ecuador,12,7,1.7142857142857142,0
2026-01-25,event_1000,France,12,8,1.5,0
2026-01-25,event_1000,Jamaica,12,8,1.5,0
2026-01-25,event_1000,Japan,12,9,1.3333333333333333,0
2026-01-25,event_1000,Venezuela,12,9,1.7142857142857142,0
2026-01-25,event_10100,United Arab Emirates,12,4,3,0
2026-01-25,event_10350,Sierra Leone,12,4,0,0
2026-01-25,event_10350,Bulgaria,12,4,12,0
2026-01-25,event_10350,Kyrgyzstan,12,5,12,0
2026-01-25,event_10351,Cameroon,12,4,12,0
2026-01-25,event_10351,Brunei,12,5,4,0
2026-01-25,event_10352,Antarctica,12,1,0,0
2026-01-25,event_10352,Kazakhstan,12,2,12,0
2026-01-25,event_10352,Poland,12,8,2.4,0
2026-01-25,event_10352,Kuwait,12,8,3,0
2026-01-25,event_10354,Egypt,12,5,2.4,0
2026-01-25,event_10354,Spain,12,6,2,0
2026-01-25,event_10363,South Africa,12,5,2.4,0
2026-01-25,event_10363,Philippines,12,6,2.4,0
2026-01-25,event_10505,Qatar,12,1,12,0
2026-01-25,event_10505,Australia,12,5,6,0
2026-01-25,event_10505,Peru,12,7,1.7142857142857142,0
2026-01-25,event_10505,France,12,8,4,0
2026-01-25,event_1600,Spain,12,7,1.7142857142857142,0
2026-01-25,event_1750,India,12,10,1.2,0
2026-01-25,event_2300,Iran,12,8,1.5,0
2026-01-25,event_6800,Bulgaria,12,4,0,0
2026-01-25,event_6801,Argentina,12,12,1,0
2026-01-25,event_9900,India,12,8,1.5,0
2026-01-25,event_1000,Singapore,11,4,2.75,0
2026-01-25,event_1000,El Salvador,11,9,1.2222222222222223,0
2026-01-25,event_1000,Chile,11,11,1,0
2026-01-25,event_10100,Colombia,11,7,1.5714285714285714,0
2026-01-25,event_10210,Puerto Rico,11,1,11,0
2026-01-25,event_10350,Martinique,11,2,0,0
2026-01-25,event_10350,Palestine,11,2,11,0
2026-01-25,event_10351,Malta,11,1,11,0
2026-01-25,event_10351,Sri Lanka,11,4,0,0
2026-01-25,event_10353,Togo,11,2,5.5,0
2026-01-25,event_10505,Uzbekistan,11,1,0,0
2026-01-25,event_10505,Ghana,11,3,3.6666666666666665,0
2026-01-25,event_10511,Syria,11,1,11,0
2026-01-25,event_10511,Russia,11,3,3.6666666666666665,0
2026-01-25,event_10511,Saudi Arabia,11,6,2.2,0
2026-01-25,subscription_screen_open,Indonesia,11,9,1.2222222222222223,0
2026-01-25,event_1600,Philippines,11,8,1.375,0
2026-01-25,event_1650,India,11,5,2.2,0
2026-01-25,event_2100,Syria,11,3,3.6666666666666665,0
2026-01-25,event_2100,Colombia,11,6,1.8333333333333333,0
2026-01-25,event_6800,Serbia,11,5,5.5,0
2026-01-25,event_8000,India,11,11,1,0
2026-01-25,event_8001,India,11,11,1,0
2026-01-25,event_10100,Syria,10,5,2.5,0
2026-01-25,event_10100,Spain,10,7,1.4285714285714286,0
2026-01-25,event_10351,Burkina Faso,10,1,0,0
2026-01-25,event_10351,São Tomé & Príncipe,10,1,0,0
2026-01-25,event_10351,Papua New Guinea,10,4,5,0
2026-01-25,event_10352,Greece,10,3,5,0
2026-01-25,event_10352,South Korea,10,6,3.3333333333333335,0
2026-01-25,event_10363,Uzbekistan,10,1,0,0
2026-01-25,event_10363,United Kingdom,10,4,2.5,0
2026-01-25,event_10364,Iran,10,9,1.1111111111111112,0
2026-01-25,event_10505,Mozambique,10,5,2.5,0
2026-01-25,event_10511,Congo - Kinshasa,10,1,10,0
2026-01-25,event_10511,Afghanistan,10,4,2.5,0
2026-01-25,event_1600,Syria,10,4,2.5,0
2026-01-25,event_1750,Philippines,10,6,1.6666666666666667,0
2026-01-25,event_2100,Spain,10,5,2,0
2026-01-25,event_31009,Bangladesh,10,4,2.5,0
2026-01-25,event_31009,Portugal,10,6,1.6666666666666667,0
2026-01-25,event_6800,Slovakia,10,3,5,0
2026-01-25,event_6800,Ukraine,10,3,10,0
2026-01-25,event_6800,Liberia,10,4,5,0
2026-01-25,event_6800,Luxembourg,10,5,3.3333333333333335,0
2026-01-25,event_8001,Egypt,10,10,1,0
2026-01-25,event_9900,Indonesia,10,4,2.5,0
2026-01-25,event_1000,Ethiopia,9,2,4.5,0
2026-01-25,event_10100,Iraq,9,2,4.5,0
2026-01-25,event_10100,Thailand,9,2,4.5,0
2026-01-25,event_10100,Australia,9,5,1.8,0
2026-01-25,event_10100,Netherlands,9,6,1.5,0
2026-01-25,event_10100,Japan,9,8,1.125,0
2026-01-25,event_10351,Cyprus,9,1,0,0
2026-01-25,event_10351,Belize,9,3,4.5,0
2026-01-25,event_10351,Nicaragua,9,5,4.5,0
2026-01-25,event_10352,Kyrgyzstan,9,6,9,0
2026-01-25,event_10353,Bermuda,9,1,9,0
2026-01-25,event_10353,Poland,9,3,4.5,0
2026-01-25,event_10354,Costa Rica,9,3,3,0
2026-01-25,event_10354,United Kingdom,9,4,2.25,0
2026-01-25,event_10363,Serbia,9,1,9,0
2026-01-25,event_10363,Canada,9,3,3,0
2026-01-25,event_10511,Canada,9,2,4.5,0
2026-01-25,event_10512,Mexico,9,6,1.5,0
2026-01-25,event_10850,Iran,9,7,1.2857142857142858,0
2026-01-25,subscription_screen_open,Morocco,9,1,9,0
2026-01-25,subscription_subscribe_click,India,9,6,1.5,0
2026-01-25,event_1600,Bolivia,9,4,2.25,0
2026-01-25,event_1600,Bangladesh,9,8,1.125,0
2026-01-25,event_1650,Puerto Rico,9,2,4.5,0
2026-01-25,event_1650,Portugal,9,9,1,0
2026-01-25,event_1750,Argentina,9,8,1.125,0
2026-01-25,event_2100,Algeria,9,5,1.8,0
2026-01-25,event_2100,Philippines,9,7,1.2857142857142858,0
2026-01-25,event_26003,Iran,9,5,1.8,0
2026-01-25,event_31009,Colombia,9,4,2.25,0
2026-01-25,event_31009,Puerto Rico,9,5,1.8,0
2026-01-25,event_6800,Lebanon,9,3,0,0
2026-01-25,event_6800,Azerbaijan,9,4,0,0
2026-01-25,event_6800,Congo - Kinshasa,9,4,3,0
2026-01-25,event_6800,Togo,9,4,4.5,0
2026-01-25,event_6800,Zimbabwe,9,5,3,0
2026-01-25,event_6801,Puerto Rico,9,7,1.2857142857142858,0
2026-01-25,event_6801,Canada,9,9,1,0
2026-01-25,event_1000,Dominican Republic,8,5,1.6,0
2026-01-25,event_1000,Haiti,8,7,1.1428571428571428,0
2026-01-25,event_1000,Netherlands,8,7,1.1428571428571428,0
2026-01-25,event_10100,Jordan,8,3,2.6666666666666665,0
2026-01-25,event_10100,Algeria,8,4,2,0
2026-01-25,event_10100,Nigeria,8,5,1.6,0
2026-01-25,event_10350,Albania,8,7,1.3333333333333333,0
2026-01-25,event_10351,Palestine,8,1,8,0
2026-01-25,event_10351,Yemen,8,2,8,0
2026-01-25,event_10351,Cape Verde,8,3,2.6666666666666665,0
2026-01-25,event_10351,Suriname,8,4,8,0
2026-01-25,event_10352,Denmark,8,1,8,0
2026-01-25,event_10352,Czechia,8,2,8,0
2026-01-25,event_10352,Ireland,8,4,8,0
2026-01-25,event_10354,Algeria,8,6,1.3333333333333333,0
2026-01-25,event_10505,Angola,8,2,4,0
2026-01-25,event_10505,Ecuador,8,3,2.6666666666666665,0
2026-01-25,event_10505,Chile,8,3,4,0
2026-01-25,event_10505,Dominican Republic,8,5,2,0
2026-01-25,event_10505,Venezuela,8,5,2,0
2026-01-25,event_10505,Haiti,8,5,2.6666666666666665,0
2026-01-25,event_10505,Sudan,8,5,2.6666666666666665,0
2026-01-25,event_10505,United Arab Emirates,8,6,1.6,0
2026-01-25,event_10505,Germany,8,6,2.6666666666666665,0
2026-01-25,subscription_screen_open,Portugal,8,6,1.3333333333333333,0
2026-01-25,subscription_purchase_complete,Brazil,8,8,1,0
2026-01-25,event_1600,Japan,8,3,2.6666666666666665,0
2026-01-25,event_1650,Iran,8,6,1.3333333333333333,0
2026-01-25,event_1650,Argentina,8,7,1.1428571428571428,0
2026-01-25,event_1750,Indonesia,8,6,1.3333333333333333,0
2026-01-25,event_1750,Spain,8,7,1.1428571428571428,0
2026-01-25,event_1750,United Kingdom,8,8,1,0
2026-01-25,event_2100,Argentina,8,6,1.3333333333333333,0
2026-01-25,event_2300,Argentina,8,7,1.1428571428571428,0
2026-01-25,event_26003,India,8,3,2.6666666666666665,0
2026-01-25,event_26003,Mexico,8,7,1.1428571428571428,0
2026-01-25,event_31009,Indonesia,8,8,1,0
2026-01-25,event_6800,St. Kitts & Nevis,8,3,0,0
2026-01-25,event_6800,Cayman Islands,8,3,4,0
2026-01-25,event_6800,Palestine,8,3,8,0
2026-01-25,event_6800,Bahamas,8,4,4,0
2026-01-25,event_6800,Cambodia,8,5,0,0
2026-01-25,event_6800,Finland,8,5,8,0
2026-01-25,event_6801,India,8,7,1.1428571428571428,0
2026-01-25,event_6801,Nigeria,8,7,1.1428571428571428,0
2026-01-25,event_8000,Indonesia,8,8,1.1428571428571428,0
2026-01-25,event_1000,China,7,1,7,0
2026-01-25,event_1000,Malaysia,7,4,1.75,0
2026-01-25,event_10100,Paraguay,7,4,2.3333333333333335,0
2026-01-25,event_10210,Switzerland,7,1,7,0
2026-01-25,event_10350,Somalia,7,2,7,0
2026-01-25,event_10351,Seychelles,7,1,0,0
2026-01-25,event_10351,Sierra Leone,7,3,0,0
2026-01-25,event_10351,Albania,7,6,1.4,0
2026-01-25,event_10352,Senegal,7,2,7,0
2026-01-25,event_10353,Antigua & Barbuda,7,1,7,0
2026-01-25,event_10353,Malta,7,1,7,0
2026-01-25,event_10353,Slovakia,7,1,7,0
2026-01-25,event_10354,Bolivia,7,2,3.5,0
2026-01-25,event_10354,Colombia,7,4,1.75,0
2026-01-25,event_10354,Canada,7,7,1,0
2026-01-25,event_10363,Saudi Arabia,7,5,2.3333333333333335,0
2026-01-25,event_10505,Norway,7,2,7,0
2026-01-25,event_10505,Paraguay,7,5,1.75,0
2026-01-25,event_10511,Italy,7,2,7,0
2026-01-25,event_10512,Philippines,7,1,7,0
2026-01-25,event_10850,Bolivia,7,2,3.5,0
2026-01-25,event_10850,India,7,5,1.4,0
2026-01-25,subscription_screen_open,Argentina,7,6,1.1666666666666667,0
2026-01-25,event_1600,South Africa,7,2,3.5,0
2026-01-25,event_1600,Israel,7,3,2.3333333333333335,0
2026-01-25,event_1600,Pakistan,7,6,1.1666666666666667,0
2026-01-25,event_2100,Paraguay,7,3,2.3333333333333335,0
2026-01-25,event_2100,Bolivia,7,6,1.1666666666666667,0
2026-01-25,event_29000,Egypt,7,3,2.3333333333333335,0
2026-01-25,event_37000,India,7,2,3.5,0
2026-01-25,event_6800,Aruba,7,2,0,0
2026-01-25,event_6800,South Sudan,7,2,0,0
2026-01-25,event_6800,Bahrain,7,3,0,0
2026-01-25,event_6800,Zambia,7,3,3.5,0
2026-01-25,event_6800,Uzbekistan,7,3,7,0
2026-01-25,event_6801,Syria,7,5,1.4,0
2026-01-25,event_6801,Portugal,7,7,1,0
2026-01-25,event_9900,Egypt,7,4,1.75,0
2026-01-25,event_9900,France,7,4,1.75,0
2026-01-25,event_1000,Laos,6,2,3,0
2026-01-25,event_10000,India,6,4,1.5,0
2026-01-25,event_10100,Costa Rica,6,3,2,0
2026-01-25,event_10100,Italy,6,4,1.5,0
2026-01-25,event_10210,Nigeria,6,1,6,0
2026-01-25,event_10350,Iceland,6,1,0,0
2026-01-25,event_10350,Moldova,6,1,6,0
2026-01-25,event_10350,Lithuania,6,3,6,0
2026-01-25,event_10350,St. Kitts & Nevis,6,3,6,0
2026-01-25,event_10350,Congo - Kinshasa,6,4,3,0
2026-01-25,event_10351,St. Vincent & Grenadines,6,1,6,0
2026-01-25,event_10351,China,6,2,3,0
2026-01-25,event_10352,Cayman Islands,6,1,6,0
2026-01-25,event_10352,Azerbaijan,6,3,0,0
2026-01-25,event_10352,Ukraine,6,3,3,0
2026-01-25,event_10352,Congo - Kinshasa,6,4,2,0
2026-01-25,event_10352,Singapore,6,6,6,0
2026-01-25,event_10353,Oman,6,1,6,0
2026-01-25,event_10353,Sudan,6,3,3,0
2026-01-25,event_10354,Australia,6,4,1.5,0
2026-01-25,event_10363,Costa Rica,6,2,3,0
2026-01-25,event_10363,Bolivia,6,4,1.5,0
2026-01-25,event_10505,Serbia,6,1,6,0
2026-01-25,event_10505,Bolivia,6,3,3,0
2026-01-25,event_10505,Afghanistan,6,4,1.5,0
2026-01-25,event_10511,Argentina,6,2,6,0
2026-01-25,event_10512,Ethiopia,6,1,6,0
2026-01-25,event_10850,Mexico,6,4,1.5,0
2026-01-25,subscription_screen_open,Philippines,6,4,1.5,0
2026-01-25,event_1600,Algeria,6,4,1.5,0
2026-01-25,event_1600,Thailand,6,4,1.5,0
2026-01-25,event_1600,United Arab Emirates,6,4,1.5,0
2026-01-25,event_1650,Indonesia,6,6,1,0
2026-01-25,event_1750,Portugal,6,5,1.2,0
2026-01-25,event_1750,Canada,6,6,1,0
2026-01-25,event_2100,Australia,6,3,2,0
2026-01-25,event_2100,Singapore,6,3,2,0
2026-01-25,event_2100,United Arab Emirates,6,5,1.2,0
2026-01-25,event_2300,Egypt,6,3,2,0
2026-01-25,event_2600,Iran,6,2,3,0
2026-01-25,event_30000,Iran,6,2,3,0
2026-01-25,event_31009,Nigeria,6,3,2,0
2026-01-25,event_31009,United Arab Emirates,6,3,2,0
2026-01-25,event_31009,Iran,6,5,1.2,0
2026-01-25,event_37000,Puerto Rico,6,3,2,0
2026-01-25,event_39000,Indonesia,6,2,3,0
2026-01-25,event_39100,Iran,6,2,3,0
2026-01-25,event_4418,Costa Rica,6,1,6,0
2026-01-25,event_6800,Gabon,6,2,0,0
2026-01-25,event_6800,Georgia,6,3,6,0
2026-01-25,event_6801,United Kingdom,6,5,1.2,0
2026-01-25,event_8000,Bangladesh,6,5,1.2,0
2026-01-25,event_9900,Puerto Rico,6,4,1.5,0
2026-01-25,event_1000,Papua New Guinea,5,1,5,0
2026-01-25,event_1000,Sri Lanka,5,1,5,0
2026-01-25,event_1000,Bosnia & Herzegovina,5,2,2.5,0
2026-01-25,event_1000,Afghanistan,5,3,1.6666666666666667,0
2026-01-25,event_1000,Romania,5,3,1.6666666666666667,0
2026-01-25,event_1000,Switzerland,5,3,1.6666666666666667,0
2026-01-25,event_1000,Türkiye,5,3,1.6666666666666667,0
2026-01-25,event_1000,Ghana,5,4,1.25,0
2026-01-25,event_1000,Guatemala,5,4,1.25,0
2026-01-25,event_1000,Qatar,5,5,1.25,0
2026-01-25,event_10000,Iran,5,4,1.25,0
2026-01-25,event_10100,Honduras,5,3,1.6666666666666667,0
2026-01-25,event_10350,Gabon,5,1,0,0
2026-01-25,event_10350,Rwanda,5,1,0,0
2026-01-25,event_10351,Gabon,5,1,0,0
2026-01-25,event_10351,Austria,5,2,5,0
2026-01-25,event_10351,St. Kitts & Nevis,5,2,5,0
2026-01-25,event_10351,Azerbaijan,5,3,0,0
2026-01-25,event_10353,St. Vincent & Grenadines,5,1,5,0
2026-01-25,event_10353,Tunisia,5,2,2.5,0
2026-01-25,event_10353,Afghanistan,5,3,1.6666666666666667,0
2026-01-25,event_10353,Haiti,5,4,1.25,0
2026-01-25,event_10354,Nigeria,5,4,1.25,0
2026-01-25,event_10354,Paraguay,5,4,1.25,0
2026-01-25,event_10354,Philippines,5,5,1.25,0
2026-01-25,event_10363,Chile,5,3,1.6666666666666667,0
2026-01-25,event_10363,Paraguay,5,3,1.6666666666666667,0
2026-01-25,event_10363,Portugal,5,4,1.6666666666666667,0
2026-01-25,event_10363,Colombia,5,5,1.25,0
2026-01-25,event_10363,Venezuela,5,5,1.25,0
2026-01-25,event_10364,United States,5,5,1,0
2026-01-25,event_10505,Uganda,5,2,2.5,0
2026-01-25,event_10505,Malaysia,5,3,2.5,0
2026-01-25,event_10505,Guatemala,5,4,1.6666666666666667,0
2026-01-25,event_10505,Syria,5,5,1,0
2026-01-25,event_10511,Kuwait,5,1,5,0
2026-01-25,event_10511,Moldova,5,1,5,0
2026-01-25,event_10511,Spain,5,1,5,0
2026-01-25,event_1600,Morocco,5,2,2.5,0
2026-01-25,event_1600,Cuba,5,3,1.6666666666666667,0
2026-01-25,event_1600,Germany,5,3,1.6666666666666667,0
2026-01-25,event_1600,Romania,5,3,1.6666666666666667,0
2026-01-25,event_1600,Australia,5,4,1.25,0
2026-01-25,event_1600,Paraguay,5,4,1.25,0
2026-01-25,event_1650,United Kingdom,5,5,1,0
2026-01-25,event_1700,India,5,3,1.6666666666666667,0
2026-01-25,event_1700,Indonesia,5,3,1.6666666666666667,0
2026-01-25,event_1750,Puerto Rico,5,4,1.25,0
2026-01-25,event_2100,Morocco,5,1,5,0
2026-01-25,event_2100,Jamaica,5,4,1.25,0
2026-01-25,event_2300,Portugal,5,4,1.25,0
2026-01-25,event_26003,Bangladesh,5,2,2.5,0
2026-01-25,event_31009,Peru,5,2,2.5,0
2026-01-25,event_31009,France,5,3,1.6666666666666667,0
2026-01-25,event_31009,Israel,5,3,1.6666666666666667,0
2026-01-25,event_6800,Brunei,5,2,0,0
2026-01-25,event_6800,Martinique,5,3,0,0
2026-01-25,event_6800,Sierra Leone,5,3,0,0
2026-01-25,event_6800,Belize,5,3,2.5,0
2026-01-25,event_6801,Colombia,5,4,1.25,0
2026-01-25,event_6801,France,5,4,1.25,0
2026-01-25,event_6801,Philippines,5,4,1.6666666666666667,0
2026-01-25,event_6801,Germany,5,5,1,0
2026-01-25,event_8000,Algeria,5,5,1,0
2026-01-25,event_8001,Algeria,5,5,1,0
2026-01-25,event_8001,Bangladesh,5,5,1,0
2026-01-25,event_9900,Japan,5,2,2.5,0
2026-01-25,event_9900,Canada,5,5,1,0
2026-01-25,event_1000,Greece,4,2,2,0
2026-01-25,event_1000,Togo,4,2,2,0
2026-01-25,event_1000,Côte d’Ivoire,4,3,1.3333333333333333,0
2026-01-25,event_1000,Jordan,4,3,2,0
2026-01-25,event_1000,Ireland,4,4,1,0
2026-01-25,event_10100,Serbia,4,3,1.3333333333333333,0
2026-01-25,event_10100,Dominican Republic,4,4,1,0
2026-01-25,event_10208,United States,4,1,4,0
2026-01-25,event_10350,Belarus,4,1,0,0
2026-01-25,event_10350,Estonia,4,1,0,0
2026-01-25,event_10350,Marshall Islands,4,1,4,0
2026-01-25,event_10351,Kyrgyzstan,4,1,0,0
2026-01-25,event_10351,Lithuania,4,1,4,0
2026-01-25,event_10351,Moldova,4,1,4,0
2026-01-25,event_10351,Guyana,4,3,4,0
2026-01-25,event_10351,Zimbabwe,4,3,4,0
2026-01-25,event_10352,Bermuda,4,1,0,0
2026-01-25,event_10352,Rwanda,4,1,0,0
2026-01-25,event_10352,Bosnia & Herzegovina,4,2,0,0
2026-01-25,event_10352,Guinea-Bissau,4,2,0,0
2026-01-25,event_10352,Sierra Leone,4,3,0,0
2026-01-25,event_10353,French Guiana,4,2,2,0
2026-01-25,event_10354,Malaysia,4,3,2,0
2026-01-25,event_10354,United Arab Emirates,4,4,1,0
2026-01-25,event_10363,Malta,4,1,4,0
2026-01-25,event_10363,Zimbabwe,4,1,4,0
2026-01-25,event_10363,Ghana,4,2,2,0
2026-01-25,event_10363,Jordan,4,2,2,0
2026-01-25,event_10363,Kenya,4,3,1.3333333333333333,0
2026-01-25,event_10363,United Arab Emirates,4,3,1.3333333333333333,0
2026-01-25,event_10363,Haiti,4,3,4,0
2026-01-25,event_10363,Dominican Republic,4,4,1.3333333333333333,0
2026-01-25,event_10505,Uruguay,4,1,0,0
2026-01-25,event_10505,New Zealand,4,1,4,0
2026-01-25,event_10505,Ireland,4,2,0,0
2026-01-25,event_10505,Oman,4,2,2,0
2026-01-25,event_10505,Belgium,4,2,4,0
2026-01-25,event_10505,Morocco,4,3,0,0
2026-01-25,event_10505,Cape Verde,4,3,1.3333333333333333,0
2026-01-25,event_10505,Thailand,4,4,0,0
2026-01-25,event_10511,Australia,4,1,4,0
2026-01-25,event_10511,Sudan,4,1,4,0
2026-01-25,event_10512,Haiti,4,2,2,0
2026-01-25,event_10850,Bangladesh,4,2,2,0
2026-01-25,subscription_screen_open,Algeria,4,2,2,0
2026-01-25,subscription_screen_open,Spain,4,3,1.3333333333333333,0
2026-01-25,subscription_subscribe_click,Bolivia,4,1,4,0
2026-01-25,subscription_subscribe_click,Iran,4,3,1.3333333333333333,0
2026-01-25,subscription_purchase_complete,United States,4,4,1,0
2026-01-25,event_1600,Malaysia,4,4,1,0
2026-01-25,event_1650,Egypt,4,3,1.3333333333333333,0
2026-01-25,event_1650,Bangladesh,4,4,1,0
2026-01-25,event_2100,Costa Rica,4,1,4,0
2026-01-25,event_2100,Pakistan,4,3,1.3333333333333333,0
2026-01-25,event_2100,Thailand,4,3,1.3333333333333333,0
2026-01-25,event_2300,Romania,4,2,2,0
2026-01-25,event_2300,Syria,4,2,2,0
2026-01-25,event_2300,Canada,4,4,1,0
2026-01-25,event_2300,Puerto Rico,4,4,1,0
2026-01-25,event_2300,United Arab Emirates,4,4,1,0
2026-01-25,event_29000,Puerto Rico,4,2,2,0
2026-01-25,event_31009,Qatar,4,2,2,0
2026-01-25,event_6800,Bermuda,4,1,4,0
2026-01-25,event_6800,Marshall Islands,4,1,4,0
2026-01-25,event_6800,Micronesia,4,1,4,0
2026-01-25,event_6800,Barbados,4,2,0,0
2026-01-25,event_6800,Malta,4,2,4,0
2026-01-25,event_6800,Lithuania,4,3,4,0
2026-01-25,event_6800,Mali,4,4,2,0
2026-01-25,event_6801,South Africa,4,2,2,0
2026-01-25,event_6801,Peru,4,3,1.3333333333333333,0
2026-01-25,event_6801,Egypt,4,4,1,0
2026-01-25,event_6801,Spain,4,4,1,0
2026-01-25,event_8001,Indonesia,4,4,1,0
2026-01-25,event_9900,Colombia,4,1,4,0
2026-01-25,event_9900,Kenya,4,1,4,0
2026-01-25,event_9900,Chile,4,2,2,0
2026-01-25,event_9900,Malaysia,4,2,2,0
2026-01-25,open_wifi_alert_settings__screen_viewed,Iran,4,1,4,0
2026-01-25,event_1000,Bermuda,3,1,3,0
2026-01-25,event_1000,Uruguay,3,1,3,0
2026-01-25,event_1000,Belgium,3,2,1.5,0
2026-01-25,event_1000,French Guiana,3,2,1.5,0
2026-01-25,event_1000,Sudan,3,2,1.5,0
2026-01-25,event_1000,Sweden,3,2,1.5,0
2026-01-25,event_1000,Angola,3,3,1,0
2026-01-25,event_10000,Argentina,3,1,3,0
2026-01-25,event_10000,Canada,3,2,1.5,0
2026-01-25,event_10000,Puerto Rico,3,2,1.5,0
2026-01-25,event_10000,Egypt,3,3,1,0
2026-01-25,event_10000,Mexico,3,3,1,0
2026-01-25,event_10100,Afghanistan,3,2,1.5,0
2026-01-25,event_10100,Chile,3,2,1.5,0
2026-01-25,event_10100,El Salvador,3,2,1.5,0
2026-01-25,event_10100,Morocco,3,2,1.5,0
2026-01-25,event_10100,Panama,3,2,1.5,0
2026-01-25,event_10100,Trinidad & Tobago,3,2,1.5,0
2026-01-25,event_10209,United States,3,2,1.5,0
2026-01-25,event_10210,Cayman Islands,3,1,3,0
2026-01-25,event_10210,Vietnam,3,1,3,0
2026-01-25,event_10350,Kiribati,3,1,0,0
2026-01-25,event_10350,Mauritius,3,1,0,0
2026-01-25,event_10350,Northern Mariana Islands,3,1,0,0
2026-01-25,event_10350,South Sudan,3,2,0,0
2026-01-25,event_10350,Finland,3,2,3,0
2026-01-25,event_10351,Mauritius,3,1,0,0
2026-01-25,event_10351,Senegal,3,2,0,0
2026-01-25,event_10351,Liberia,3,2,3,0
2026-01-25,event_10352,Palestine,3,1,0,0
2026-01-25,event_10352,Marshall Islands,3,1,3,0
2026-01-25,event_10352,Austria,3,2,1.5,0
2026-01-25,event_10352,Cameroon,3,2,3,0
2026-01-25,event_10352,Belgium,3,3,0,0
2026-01-25,event_10352,New Zealand,3,3,3,0
2026-01-25,event_10353,Hong Kong,3,1,3,0
2026-01-25,event_10353,Papua New Guinea,3,1,3,0
2026-01-25,event_10353,Belize,3,2,1.5,0
2026-01-25,event_10353,China,3,2,1.5,0
2026-01-25,event_10353,Trinidad & Tobago,3,2,1.5,0
2026-01-25,event_10353,Taiwan,3,2,3,0
2026-01-25,event_10354,Morocco,3,1,3,0
2026-01-25,event_10354,Singapore,3,2,1.5,0
2026-01-25,event_10354,Switzerland,3,2,1.5,0
2026-01-25,event_10354,Netherlands,3,3,1,0
2026-01-25,event_10354,Pakistan,3,3,1,0
2026-01-25,event_10354,Panama,3,3,1,0
2026-01-25,event_10363,Denmark,3,1,3,0
2026-01-25,event_10363,Laos,3,1,3,0
2026-01-25,event_10363,Tanzania,3,1,3,0
2026-01-25,event_10363,El Salvador,3,2,1.5,0
2026-01-25,event_10363,Honduras,3,2,1.5,0
2026-01-25,event_10363,Netherlands,3,2,1.5,0
2026-01-25,event_10363,Qatar,3,2,1.5,0
2026-01-25,event_10363,Switzerland,3,2,1.5,0
2026-01-25,event_10363,Türkiye,3,2,1.5,0
2026-01-25,event_10363,Morocco,3,2,3,0
2026-01-25,event_10364,Bangladesh,3,2,1.5,0
2026-01-25,event_10505,Nepal,3,1,0,0
2026-01-25,event_10505,Ethiopia,3,1,3,0
2026-01-25,event_10505,Hungary,3,1,3,0
2026-01-25,event_10505,Italy,3,2,0,0
2026-01-25,event_10505,Kenya,3,2,0,0
2026-01-25,event_10505,El Salvador,3,2,3,0
2026-01-25,event_10505,Jamaica,3,3,1,0
2026-01-25,event_10512,South Africa,3,2,1.5,0
2026-01-25,event_10512,Indonesia,3,3,1,0
2026-01-25,event_10850,Indonesia,3,3,1,0
2026-01-25,subscription_screen_open,Bolivia,3,1,3,0
2026-01-25,subscription_screen_open,Costa Rica,3,2,1.5,0
2026-01-25,subscription_screen_open,Thailand,3,2,1.5,0
2026-01-25,subscription_subscribe_click,Bangladesh,3,2,1.5,0
2026-01-25,event_1600,Ecuador,3,1,3,0
2026-01-25,event_1600,Bosnia & Herzegovina,3,2,1.5,0
2026-01-25,event_1600,Jamaica,3,2,1.5,0
2026-01-25,event_1600,Ghana,3,3,1,0
2026-01-25,event_1600,Italy,3,3,1,0
2026-01-25,event_1600,Saudi Arabia,3,3,1,0
2026-01-25,event_1650,Malaysia,3,2,1.5,0
2026-01-25,event_1650,Nigeria,3,2,1.5,0
2026-01-25,event_1650,Germany,3,3,1,0
2026-01-25,event_1650,Spain,3,3,1,0
2026-01-25,event_1650,United Arab Emirates,3,3,1,0
2026-01-25,event_1700,Saudi Arabia,3,1,3,0
2026-01-25,event_1700,Thailand,3,1,3,0
2026-01-25,event_1700,Nigeria,3,2,1.5,0
2026-01-25,event_1700,Canada,3,3,1,0
2026-01-25,event_1750,Australia,3,2,1.5,0
2026-01-25,event_1750,Bangladesh,3,3,1,0
2026-01-25,event_1750,Japan,3,3,1,0
2026-01-25,event_1750,Pakistan,3,3,1,0
2026-01-25,event_1750,Peru,3,3,1,0
2026-01-25,event_2100,Israel,3,2,1.5,0
2026-01-25,event_2100,Italy,3,2,1.5,0
2026-01-25,event_2100,Romania,3,2,1.5,0
2026-01-25,event_2100,Germany,3,3,1,0
2026-01-25,event_2100,Nigeria,3,3,1,0
2026-01-25,event_2100,Peru,3,3,1,0
2026-01-25,event_2100,Saudi Arabia,3,3,1,0
2026-01-25,event_2300,Australia,3,2,1.5,0
2026-01-25,event_2300,Ghana,3,2,1.5,0
2026-01-25,event_2300,Germany,3,3,1,0
2026-01-25,event_2300,Peru,3,3,1,0
2026-01-25,event_2300,United Kingdom,3,3,1,0
2026-01-25,event_2600,Egypt,3,2,1.5,0
2026-01-25,event_26003,Philippines,3,1,3,0
2026-01-25,event_26003,Puerto Rico,3,2,1.5,0
2026-01-25,event_29000,United Arab Emirates,3,3,1,0
2026-01-25,event_30000,India,3,1,3,0
2026-01-25,event_30000,Bangladesh,3,2,1.5,0
2026-01-25,event_31009,Costa Rica,3,1,3,0
2026-01-25,event_31009,South Africa,3,2,1.5,0
2026-01-25,event_31009,Syria,3,2,1.5,0
2026-01-25,event_37000,Bolivia,3,3,1,0
2026-01-25,event_39000,Costa Rica,3,1,3,0
2026-01-25,event_4418,Morocco,3,1,3,0
2026-01-25,event_6800,Cook Islands,3,1,0,0
2026-01-25,event_6800,Estonia,3,1,0,0
2026-01-25,event_6800,Gambia,3,1,0,0
2026-01-25,event_6800,Kazakhstan,3,1,0,0
2026-01-25,event_6800,Namibia,3,1,0,0
2026-01-25,event_6800,St. Lucia,3,1,0,0
2026-01-25,event_6800,Moldova,3,1,3,0
2026-01-25,event_6800,Somalia,3,1,3,0
2026-01-25,event_6800,St. Vincent & Grenadines,3,1,3,0
2026-01-25,event_6800,Rwanda,3,2,0,0
2026-01-25,event_6800,Cyprus,3,2,3,0
2026-01-25,event_6800,Kyrgyzstan,3,3,3,0
2026-01-25,event_6801,Israel,3,1,3,0
2026-01-25,event_6801,Bolivia,3,2,1.5,0
2026-01-25,event_6801,Jamaica,3,3,1,0
2026-01-25,event_6801,Qatar,3,3,1.5,0
2026-01-25,event_6801,Venezuela,3,3,1.5,0
2026-01-25,event_8000,Germany,3,3,1,0
2026-01-25,event_9900,South Korea,3,1,3,0
2026-01-25,event_9900,Italy,3,2,1.5,0
2026-01-25,event_9900,South Africa,3,2,1.5,0
2026-01-25,event_9900,Philippines,3,3,1,0
2026-01-25,open_wifi_alert__click_on_upgrade,Iran,3,1,3,0
2026-01-25,open_wifi_alert_paywall__screen_viewed,Iran,3,1,3,0
2026-01-25,pix_analyzer_onboarding_start,Nigeria,3,2,1.5,0
2026-01-25,event_1000,Cambodia,2,1,2,0
2026-01-25,event_1000,Cayman Islands,2,1,2,0
2026-01-25,event_1000,Malta,2,1,2,0
2026-01-25,event_1000,Serbia,2,1,2,0
2026-01-25,event_1000,Belize,2,2,1,0
2026-01-25,event_1000,Hong Kong,2,2,1,0
2026-01-25,event_1000,Hungary,2,2,1,0
2026-01-25,event_1000,Kuwait,2,2,1,0
2026-01-25,event_1000,Panama,2,2,1,0
2026-01-25,event_1000,Poland,2,2,1,0
2026-01-25,event_1000,Tunisia,2,2,1,0
2026-01-25,event_1000,Vietnam,2,2,1,0
2026-01-25,event_10000,Bangladesh,2,1,2,0
2026-01-25,event_10000,Indonesia,2,2,1,0
2026-01-25,event_10100,Ecuador,2,1,2,0
2026-01-25,event_10100,Haiti,2,1,2,0
2026-01-25,event_10100,Sudan,2,1,2,0
2026-01-25,event_10100,Yemen,2,1,2,0
2026-01-25,event_10100,Belgium,2,2,1,0
2026-01-25,event_10100,Ghana,2,2,1,0
2026-01-25,event_10100,Ireland,2,2,1,0
2026-01-25,event_10210,Singapore,2,1,2,0
2026-01-25,event_10210,Argentina,2,2,1,0
2026-01-25,event_10210,Portugal,2,2,1,0
2026-01-25,event_10350,Chad,2,1,0,0
2026-01-25,event_10350,French Polynesia,2,1,0,0
2026-01-25,event_10350,Djibouti,2,1,2,0
2026-01-25,event_10350,Namibia,2,1,2,0
2026-01-25,event_10350,Gambia,2,2,0,0
2026-01-25,event_10351,Niger,2,1,0,0
2026-01-25,event_10351,Somalia,2,1,2,0
2026-01-25,event_10351,Lebanon,2,2,0,0
2026-01-25,event_10352,Bulgaria,2,1,0,0
2026-01-25,event_10352,Chad,2,1,0,0
2026-01-25,event_10352,São Tomé & Príncipe,2,1,0,0
2026-01-25,event_10352,Djibouti,2,1,2,0
2026-01-25,event_10352,Finland,2,1,2,0
2026-01-25,event_10352,French Guiana,2,1,2,0
2026-01-25,event_10352,Moldova,2,1,2,0
2026-01-25,event_10352,Namibia,2,1,2,0
2026-01-25,event_10352,South Sudan,2,2,0,0
2026-01-25,event_10352,Somalia,2,2,2,0
2026-01-25,event_10353,American Samoa,2,1,2,0
2026-01-25,event_10353,Bhutan,2,1,2,0
2026-01-25,event_10353,Cape Verde,2,1,2,0
2026-01-25,event_10353,Curaçao,2,1,2,0
2026-01-25,event_10353,Ethiopia,2,1,2,0
2026-01-25,event_10353,Lithuania,2,1,2,0
2026-01-25,event_10353,Mali,2,1,2,0
2026-01-25,event_10353,Russia,2,1,2,0
2026-01-25,event_10353,Uzbekistan,2,1,2,0
2026-01-25,event_10353,Yemen,2,1,2,0
2026-01-25,event_10353,Cameroon,2,2,2,0
2026-01-25,event_10353,Iraq,2,2,2,0
2026-01-25,event_10354,Belgium,2,2,1,0
2026-01-25,event_10354,Ghana,2,2,1,0
2026-01-25,event_10354,Japan,2,2,1,0
2026-01-25,event_10354,Qatar,2,2,1,0
2026-01-25,event_10354,El Salvador,2,2,2,0
2026-01-25,event_10363,Angola,2,1,2,0
2026-01-25,event_10363,Guyana,2,1,2,0
2026-01-25,event_10363,Nepal,2,1,2,0
2026-01-25,event_10363,St. Vincent & Grenadines,2,1,2,0
2026-01-25,event_10363,Sudan,2,1,2,0
2026-01-25,event_10363,Togo,2,1,2,0
2026-01-25,event_10363,Yemen,2,1,2,0
2026-01-25,event_10363,Zambia,2,2,1,0
2026-01-25,event_10505,Poland,2,1,0,0
2026-01-25,event_10505,Türkiye,2,1,0,0
2026-01-25,event_10505,Greece,2,1,2,0
2026-01-25,event_10505,Romania,2,1,2,0
2026-01-25,event_10505,Switzerland,2,1,2,0
2026-01-25,event_10505,Tunisia,2,1,2,0
2026-01-25,event_10505,Austria,2,2,2,0
2026-01-25,event_10505,Jordan,2,2,2,0
2026-01-25,event_10505,Taiwan,2,2,2,0
2026-01-25,event_10511,Bolivia,2,1,2,0
2026-01-25,event_10512,Costa Rica,2,1,2,0
2026-01-25,event_10512,Switzerland,2,1,2,0
2026-01-25,event_10512,Venezuela,2,1,2,0
2026-01-25,event_10512,Honduras,2,2,1,0
2026-01-25,event_10512,India,2,2,1,0
2026-01-25,event_10800,Puerto Rico,2,1,2,0
2026-01-25,event_10800,Indonesia,2,2,1,0
2026-01-25,event_10800,Mexico,2,2,1,0
2026-01-25,event_10850,Costa Rica,2,1,2,0
2026-01-25,event_10850,Ecuador,2,1,2,0
2026-01-25,event_10850,Nigeria,2,1,2,0
2026-01-25,event_10850,Syria,2,1,2,0
2026-01-25,event_10850,Egypt,2,2,1,0
2026-01-25,subscription_screen_open,Guatemala,2,1,2,0
2026-01-25,subscription_screen_open,Italy,2,1,2,0
2026-01-25,subscription_screen_open,Jamaica,2,1,2,0
2026-01-25,subscription_screen_open,United Arab Emirates,2,1,2,0
2026-01-25,subscription_screen_open,Honduras,2,2,1,0
2026-01-25,subscription_screen_open,Iran,2,2,1,0
2026-01-25,subscription_screen_open,Japan,2,2,1,0
2026-01-25,subscription_screen_open,Puerto Rico,2,2,1,0
2026-01-25,subscription_screen_open,Saudi Arabia,2,2,1,0
2026-01-25,subscription_screen_open,Qatar,2,2,2,0
2026-01-25,subscription_subscribe_click,Algeria,2,1,2,0
2026-01-25,subscription_subscribe_click,Egypt,2,1,2,0
2026-01-25,event_1600,Cayman Islands,2,1,2,0
2026-01-25,event_1600,Dominican Republic,2,1,2,0
2026-01-25,event_1600,Singapore,2,1,2,0
2026-01-25,event_1600,Uruguay,2,1,2,0
2026-01-25,event_1600,Chile,2,2,1,0
2026-01-25,event_1600,Costa Rica,2,2,1,0
2026-01-25,event_1600,El Salvador,2,2,1,0
2026-01-25,event_1600,Greece,2,2,1,0
2026-01-25,event_1600,Guatemala,2,2,1,0
2026-01-25,event_1600,Hong Kong,2,2,1,0
2026-01-25,event_1600,Kuwait,2,2,1,0
2026-01-25,event_1600,Netherlands,2,2,1,0
2026-01-25,event_1600,Panama,2,2,1,0
2026-01-25,event_1600,Qatar,2,2,1,0
2026-01-25,event_1600,Türkiye,2,2,1,0
2026-01-25,event_1600,Venezuela,2,2,1,0
2026-01-25,event_1650,Morocco,2,1,2,0
2026-01-25,event_1650,Bolivia,2,2,1,0
2026-01-25,event_1650,Colombia,2,2,1,0
2026-01-25,event_1650,Ecuador,2,2,1,0
2026-01-25,event_1650,Ireland,2,2,1,0
2026-01-25,event_1650,Italy,2,2,1,0
2026-01-25,event_1650,Peru,2,2,1,0
2026-01-25,event_1650,Thailand,2,2,1,0
2026-01-25,event_1700,Peru,2,1,2,0
2026-01-25,event_1700,Egypt,2,2,1,0
2026-01-25,event_1700,France,2,2,1,0
2026-01-25,event_1700,Iran,2,2,1,0
2026-01-25,event_1700,Puerto Rico,2,2,1,0
2026-01-25,event_1700,United Kingdom,2,2,1,0
2026-01-25,event_1750,South Africa,2,1,2,0
2026-01-25,event_1750,Bolivia,2,2,1,0
2026-01-25,event_1750,Colombia,2,2,1,0
2026-01-25,event_1750,Ecuador,2,2,1,0
2026-01-25,event_1750,Paraguay,2,2,1,0
2026-01-25,event_1750,Syria,2,2,1,0
2026-01-25,event_2100,Ecuador,2,1,2,0
2026-01-25,event_2100,Serbia,2,1,2,0
2026-01-25,event_2100,Uruguay,2,1,2,0
2026-01-25,event_2100,Belgium,2,2,1,0
2026-01-25,event_2100,Canada,2,2,1,0
2026-01-25,event_2100,Chile,2,2,1,0
2026-01-25,event_2100,El Salvador,2,2,1,0
2026-01-25,event_2100,Ghana,2,2,1,0
2026-01-25,event_2100,Greece,2,2,1,0
2026-01-25,event_2100,Guatemala,2,2,1,0
2026-01-25,event_2100,Japan,2,2,1,0
2026-01-25,event_2100,Netherlands,2,2,1,0
2026-01-25,event_2100,Panama,2,2,1,0
2026-01-25,event_2100,Qatar,2,2,1,0
2026-01-25,event_2100,South Africa,2,2,1,0
2026-01-25,event_2300,Costa Rica,2,1,2,0
2026-01-25,event_2300,Nigeria,2,1,2,0
2026-01-25,event_2300,Algeria,2,2,1,0
2026-01-25,event_2300,Bangladesh,2,2,1,0
2026-01-25,event_2300,Bolivia,2,2,1,0
2026-01-25,event_2300,Indonesia,2,2,1,0
2026-01-25,event_2300,Jamaica,2,2,1,0
2026-01-25,event_2300,Paraguay,2,2,1,0
2026-01-25,event_2300,Philippines,2,2,1,0
2026-01-25,event_2300,Qatar,2,2,1,0
2026-01-25,event_2600,Peru,2,1,2,0
2026-01-25,event_2600,Argentina,2,2,1,0
2026-01-25,event_26003,Saudi Arabia,2,2,1,0
2026-01-25,event_26003,United Kingdom,2,2,1,0
2026-01-25,event_29000,Ecuador,2,1,2,0
2026-01-25,event_29000,South Africa,2,1,2,0
2026-01-25,event_29000,Canada,2,2,1,0
2026-01-25,event_29000,France,2,2,1,0
2026-01-25,event_29000,Indonesia,2,2,1,0
2026-01-25,event_29000,Iran,2,2,1,0
2026-01-25,event_29000,Nigeria,2,2,1,0
2026-01-25,event_29000,Peru,2,2,1,0
2026-01-25,event_29000,United Kingdom,2,2,1,0
2026-01-25,event_30000,Argentina,2,2,1,0
2026-01-25,event_30000,Portugal,2,2,1,0
2026-01-25,event_31009,Bosnia & Herzegovina,2,1,2,0
2026-01-25,event_31009,Cuba,2,1,2,0
2026-01-25,event_31009,Netherlands,2,1,2,0
2026-01-25,event_31009,Romania,2,1,2,0
2026-01-25,event_31009,Canada,2,2,1,0
2026-01-25,event_31009,Philippines,2,2,1,0
2026-01-25,event_37000,Colombia,2,2,1,0
2026-01-25,event_37000,Indonesia,2,2,1,0
2026-01-25,event_37000,Malaysia,2,2,1,0
2026-01-25,event_39000,Bosnia & Herzegovina,2,1,2,0
2026-01-25,event_39000,Japan,2,1,2,0
2026-01-25,event_39100,Costa Rica,2,1,2,0
2026-01-25,event_39100,Puerto Rico,2,2,1,0
2026-01-25,event_4418,Mexico,2,1,2,0
2026-01-25,event_6800,(not set),2,1,0,0
2026-01-25,event_6800,Albania,2,1,0,0
2026-01-25,event_6800,French Polynesia,2,1,0,0
2026-01-25,event_6800,Guinea-Bissau,2,1,0,0
2026-01-25,event_6800,Mauritius,2,1,0,0
2026-01-25,event_6800,Sint Maarten,2,1,0,0
2026-01-25,event_6800,Bhutan,2,1,2,0
2026-01-25,event_6800,Croatia,2,1,2,0
2026-01-25,event_6800,Eswatini,2,1,2,0
2026-01-25,event_6800,Guam,2,1,2,0
2026-01-25,event_6800,Niger,2,2,2,0
2026-01-25,event_6801,Algeria,2,1,2,0
2026-01-25,event_6801,Bosnia & Herzegovina,2,1,2,0
2026-01-25,event_6801,Bangladesh,2,2,1,0
2026-01-25,event_6801,Costa Rica,2,2,1,0
2026-01-25,event_6801,Pakistan,2,2,1,0
2026-01-25,event_6801,Paraguay,2,2,1,0
2026-01-25,event_6801,Saudi Arabia,2,2,1,0
2026-01-25,event_6801,United Arab Emirates,2,2,1,0
2026-01-25,event_8000,Bolivia,2,2,1,0
2026-01-25,event_8000,Mexico,2,2,1,0
2026-01-25,event_8000,Morocco,2,2,1,0
2026-01-25,event_8000,Portugal,2,2,1,0
2026-01-25,event_8000,Saudi Arabia,2,2,1,0
2026-01-25,event_8000,Spain,2,2,1,0
2026-01-25,event_8000,Syria,2,2,1,0
2026-01-25,event_8000,Thailand,2,2,1,0
2026-01-25,event_8001,Bolivia,2,2,1,0
2026-01-25,event_8001,Germany,2,2,1,0
2026-01-25,event_8001,Portugal,2,2,1,0
2026-01-25,event_8001,Saudi Arabia,2,2,1,0
2026-01-25,event_8001,Syria,2,2,1,0
2026-01-25,event_8001,Thailand,2,2,1,0
2026-01-25,event_9900,Malta,2,1,2,0
2026-01-25,event_9900,Netherlands,2,1,2,0
2026-01-25,event_9900,Vietnam,2,1,2,0
2026-01-25,event_9900,Australia,2,2,1,0
2026-01-25,event_9900,Bangladesh,2,2,1,0
2026-01-25,event_9900,Uruguay,2,2,1,0
2026-01-25,open_wifi_alert_settings__screen_viewed,Bangladesh,2,1,2,0
2026-01-25,open_wifi_alert_settings__screen_viewed,Mexico,2,1,2,0
2026-01-25,open_wifi_alert_settings__screen_viewed,Morocco,2,1,2,0
2026-01-25,open_wifi_alert_settings__screen_viewed,Nigeria,2,1,2,0
2026-01-25,open_wifi_alert_settings__screen_viewed,Romania,2,1,2,0
2026-01-25,open_wifi_alert_settings__screen_viewed,Syria,2,1,2,0
2026-01-25,pix_analyzer_alert_click,Brazil,2,2,1,0
2026-01-25,pix_analyzer_onboarding_activate_click,Iran,2,2,1,0
2026-01-25,pix_analyzer_onboarding_activate_click,Nigeria,2,2,1,0
2026-01-25,pix_analyzer_onboarding_start,Bangladesh,2,1,2,0
2026-01-25,pix_analyzer_onboarding_start,India,2,1,2,0
2026-01-25,pix_analyzer_onboarding_start,Iran,2,2,1,0
2026-01-25,event_1000,Antigua & Barbuda,1,1,1,0
2026-01-25,event_1000,Austria,1,1,1,0
2026-01-25,event_1000,Bahamas,1,1,1,0
2026-01-25,event_1000,Bhutan,1,1,1,0
2026-01-25,event_1000,Curaçao,1,1,1,0
2026-01-25,event_1000,Denmark,1,1,1,0
2026-01-25,event_1000,Guam,1,1,1,0
2026-01-25,event_1000,Guyana,1,1,1,0
2026-01-25,event_1000,Iraq,1,1,1,0
2026-01-25,event_1000,Kazakhstan,1,1,1,0
2026-01-25,event_1000,Kenya,1,1,1,0
2026-01-25,event_1000,Liberia,1,1,1,0
2026-01-25,event_1000,Luxembourg,1,1,1,0
2026-01-25,event_1000,Mali,1,1,1,0
2026-01-25,event_1000,Marshall Islands,1,1,1,0
2026-01-25,event_1000,Myanmar (Burma),1,1,1,0
2026-01-25,event_1000,New Zealand,1,1,1,0
2026-01-25,event_1000,Norway,1,1,1,0
2026-01-25,event_1000,Oman,1,1,1,0
2026-01-25,event_1000,Russia,1,1,1,0
2026-01-25,event_1000,Senegal,1,1,1,0
2026-01-25,event_1000,Slovakia,1,1,1,0
2026-01-25,event_1000,St. Vincent & Grenadines,1,1,1,0
2026-01-25,event_1000,Taiwan,1,1,1,0
2026-01-25,event_1000,Tanzania,1,1,1,0
2026-01-25,event_1000,Trinidad & Tobago,1,1,1,0
2026-01-25,event_1000,U.S. Virgin Islands,1,1,1,0
2026-01-25,event_1000,Zambia,1,1,1,0
2026-01-25,event_10000,Chile,1,1,1,0
2026-01-25,event_10000,Cuba,1,1,1,0
2026-01-25,event_10000,French Guiana,1,1,1,0
2026-01-25,event_10000,Guatemala,1,1,1,0
2026-01-25,event_10000,Honduras,1,1,1,0
2026-01-25,event_10000,Italy,1,1,1,0
2026-01-25,event_10000,Pakistan,1,1,1,0
2026-01-25,event_10000,Portugal,1,1,1,0
2026-01-25,event_10000,Russia,1,1,1,0
2026-01-25,event_10000,South Africa,1,1,1,0
2026-01-25,event_10000,Syria,1,1,1,0
2026-01-25,event_10000,Venezuela,1,1,1,0
2026-01-25,event_10100,Israel,1,1,0,0
2026-01-25,event_10100,Cameroon,1,1,1,0
2026-01-25,event_10100,Cape Verde,1,1,1,0
2026-01-25,event_10100,Greece,1,1,1,0
2026-01-25,event_10100,Guatemala,1,1,1,0
2026-01-25,event_10100,Hungary,1,1,1,0
2026-01-25,event_10100,Jamaica,1,1,1,0
2026-01-25,event_10100,Lithuania,1,1,1,0
2026-01-25,event_10100,Malaysia,1,1,1,0
2026-01-25,event_10100,Mali,1,1,1,0
2026-01-25,event_10100,New Zealand,1,1,1,0
2026-01-25,event_10100,Nicaragua,1,1,1,0
2026-01-25,event_10100,Peru,1,1,1,0
2026-01-25,event_10100,Qatar,1,1,1,0
2026-01-25,event_10100,Russia,1,1,1,0
2026-01-25,event_10100,South Korea,1,1,1,0
2026-01-25,event_10100,Tanzania,1,1,1,0
2026-01-25,event_10100,Uganda,1,1,1,0
2026-01-25,event_10100,Uruguay,1,1,1,0
2026-01-25,event_10100,Venezuela,1,1,1,0
2026-01-25,event_10100,Vietnam,1,1,1,0
2026-01-25,event_10210,Canada,1,1,1,0
2026-01-25,event_10210,Colombia,1,1,1,0
2026-01-25,event_10210,India,1,1,1,0
2026-01-25,event_10210,Peru,1,1,1,0
2026-01-25,event_10350,Aruba,1,1,0,0
2026-01-25,event_10350,Caribbean Netherlands,1,1,0,0
2026-01-25,event_10350,Cook Islands,1,1,0,0
2026-01-25,event_10350,Equatorial Guinea,1,1,0,0
2026-01-25,event_10350,Latvia,1,1,0,0
2026-01-25,event_10350,Macao,1,1,0,0
2026-01-25,event_10350,North Macedonia,1,1,0,0
2026-01-25,event_10350,Réunion,1,1,0,0
2026-01-25,event_10350,St. Lucia,1,1,0,0
2026-01-25,event_10350,Turkmenistan,1,1,0,0
2026-01-25,event_10350,Turks & Caicos Islands,1,1,0,0
2026-01-25,event_10350,Armenia,1,1,1,0
2026-01-25,event_10350,Georgia,1,1,1,0
2026-01-25,event_10350,Micronesia,1,1,1,0
2026-01-25,event_10351,Aruba,1,1,0,0
2026-01-25,event_10351,Cook Islands,1,1,0,0
2026-01-25,event_10351,Eswatini,1,1,0,0
2026-01-25,event_10351,French Polynesia,1,1,0,0
2026-01-25,event_10351,Gambia,1,1,0,0
2026-01-25,event_10351,Guinea-Bissau,1,1,0,0
2026-01-25,event_10351,North Macedonia,1,1,0,0
2026-01-25,event_10351,Rwanda,1,1,0,0
2026-01-25,event_10351,South Sudan,1,1,0,0
2026-01-25,event_10351,Armenia,1,1,1,0
2026-01-25,event_10351,Bulgaria,1,1,1,0
2026-01-25,event_10351,Congo - Kinshasa,1,1,1,0
2026-01-25,event_10351,Marshall Islands,1,1,1,0
2026-01-25,event_10352,Cambodia,1,1,0,0
2026-01-25,event_10352,Equatorial Guinea,1,1,0,0
2026-01-25,event_10352,Estonia,1,1,0,0
2026-01-25,event_10352,French Polynesia,1,1,0,0
2026-01-25,event_10352,Kiribati,1,1,0,0
2026-01-25,event_10352,Macao,1,1,0,0
2026-01-25,event_10352,Northern Mariana Islands,1,1,0,0
2026-01-25,event_10352,Seychelles,1,1,0,0
2026-01-25,event_10352,St. Kitts & Nevis,1,1,0,0
2026-01-25,event_10352,Cyprus,1,1,1,0
2026-01-25,event_10352,Micronesia,1,1,1,0
2026-01-25,event_10352,U.S. Virgin Islands,1,1,1,0
2026-01-25,event_10353,Austria,1,1,0,0
2026-01-25,event_10353,Gabon,1,1,0,0
2026-01-25,event_10353,Armenia,1,1,1,0
2026-01-25,event_10353,Côte d’Ivoire,1,1,1,0
2026-01-25,event_10353,Laos,1,1,1,0
2026-01-25,event_10353,Palestine,1,1,1,0
2026-01-25,event_10354,Uruguay,1,1,0,0
2026-01-25,event_10354,Angola,1,1,1,0
2026-01-25,event_10354,Cayman Islands,1,1,1,0
2026-01-25,event_10354,Chile,1,1,1,0
2026-01-25,event_10354,Ecuador,1,1,1,0
2026-01-25,event_10354,Germany,1,1,1,0
2026-01-25,event_10354,Greece,1,1,1,0
2026-01-25,event_10354,Guatemala,1,1,1,0
2026-01-25,event_10354,Hungary,1,1,1,0
2026-01-25,event_10354,Italy,1,1,1,0
2026-01-25,event_10354,Jamaica,1,1,1,0
2026-01-25,event_10354,Papua New Guinea,1,1,1,0
2026-01-25,event_10354,Romania,1,1,1,0
2026-01-25,event_10354,St. Vincent & Grenadines,1,1,1,0
2026-01-25,event_10354,Syria,1,1,1,0
2026-01-25,event_10354,Thailand,1,1,1,0
2026-01-25,event_10354,Tunisia,1,1,1,0
2026-01-25,event_10354,Vietnam,1,1,1,0
2026-01-25,event_10354,Zambia,1,1,1,0
2026-01-25,event_10363,Australia,1,1,1,0
2026-01-25,event_10363,Belize,1,1,1,0
2026-01-25,event_10363,Cameroon,1,1,1,0
2026-01-25,event_10363,China,1,1,1,0
2026-01-25,event_10363,Greece,1,1,1,0
2026-01-25,event_10363,Guatemala,1,1,1,0
2026-01-25,event_10363,Iraq,1,1,1,0
2026-01-25,event_10363,Italy,1,1,1,0
2026-01-25,event_10363,Japan,1,1,1,0
2026-01-25,event_10363,Liberia,1,1,1,0
2026-01-25,event_10363,Mali,1,1,1,0
2026-01-25,event_10363,Marshall Islands,1,1,1,0
2026-01-25,event_10363,Nicaragua,1,1,1,0
2026-01-25,event_10363,Oman,1,1,1,0
2026-01-25,event_10363,Uganda,1,1,1,0
2026-01-25,event_10363,Vietnam,1,1,1,0
2026-01-25,event_10364,Afghanistan,1,1,1,0
2026-01-25,event_10364,Egypt,1,1,1,0
2026-01-25,event_10364,Ethiopia,1,1,1,0
2026-01-25,event_10364,Germany,1,1,1,0
2026-01-25,event_10364,India,1,1,1,0
2026-01-25,event_10364,Indonesia,1,1,1,0
2026-01-25,event_10364,Liberia,1,1,1,0
2026-01-25,event_10364,Mexico,1,1,1,0
2026-01-25,event_10364,Papua New Guinea,1,1,1,0
2026-01-25,event_10364,Syria,1,1,1,0
2026-01-25,event_10364,Thailand,1,1,1,0
2026-01-25,event_10505,Antigua & Barbuda,1,1,0,0
2026-01-25,event_10505,Burkina Faso,1,1,0,0
2026-01-25,event_10505,Cameroon,1,1,0,0
2026-01-25,event_10505,China,1,1,0,0
2026-01-25,event_10505,Gabon,1,1,0,0
2026-01-25,event_10505,Iraq,1,1,0,0
2026-01-25,event_10505,Israel,1,1,0,0
2026-01-25,event_10505,Sierra Leone,1,1,0,0
2026-01-25,event_10505,Zambia,1,1,0,0
2026-01-25,event_10505,American Samoa,1,1,1,0
2026-01-25,event_10505,Armenia,1,1,1,0
2026-01-25,event_10505,Eswatini,1,1,1,0
2026-01-25,event_10505,Honduras,1,1,1,0
2026-01-25,event_10505,Liberia,1,1,1,0
2026-01-25,event_10505,Mali,1,1,1,0
2026-01-25,event_10505,Moldova,1,1,1,0
2026-01-25,event_10505,Namibia,1,1,1,0
2026-01-25,event_10505,Nicaragua,1,1,1,0
2026-01-25,event_10505,Panama,1,1,1,0
2026-01-25,event_10505,Singapore,1,1,1,0
2026-01-25,event_10505,Slovakia,1,1,1,0
2026-01-25,event_10505,South Korea,1,1,1,0
2026-01-25,event_10505,Tanzania,1,1,1,0
2026-01-25,event_10505,U.S. Virgin Islands,1,1,1,0
2026-01-25,event_10505,Vietnam,1,1,1,0
2026-01-25,event_10511,Chile,1,1,1,0
2026-01-25,event_10511,Türkiye,1,1,1,0
2026-01-25,event_10512,Afghanistan,1,1,1,0
2026-01-25,event_10512,American Samoa,1,1,1,0
2026-01-25,event_10512,Argentina,1,1,1,0
2026-01-25,event_10512,Bangladesh,1,1,1,0
2026-01-25,event_10512,Colombia,1,1,1,0
2026-01-25,event_10512,Cuba,1,1,1,0
2026-01-25,event_10512,Ecuador,1,1,1,0
2026-01-25,event_10512,Egypt,1,1,1,0
2026-01-25,event_10512,Italy,1,1,1,0
2026-01-25,event_10512,Malaysia,1,1,1,0
2026-01-25,event_10512,Nigeria,1,1,1,0
2026-01-25,event_10512,Slovakia,1,1,1,0
2026-01-25,event_10512,Sri Lanka,1,1,1,0
2026-01-25,event_10512,Sudan,1,1,1,0
2026-01-25,event_10512,Thailand,1,1,1,0
2026-01-25,event_10800,Bolivia,1,1,1,0
2026-01-25,event_10800,India,1,1,1,0
2026-01-25,event_10800,Italy,1,1,1,0
2026-01-25,event_10800,Peru,1,1,1,0
2026-01-25,event_10800,Portugal,1,1,1,0
2026-01-25,event_10800,Saudi Arabia,1,1,1,0
2026-01-25,event_10800,Vietnam,1,1,1,0
2026-01-25,event_10850,Argentina,1,1,1,0
2026-01-25,event_10850,Mozambique,1,1,1,0
2026-01-25,event_10850,Pakistan,1,1,1,0
2026-01-25,event_10850,Romania,1,1,1,0
2026-01-25,event_10850,Saudi Arabia,1,1,1,0
2026-01-25,event_10850,United Kingdom,1,1,1,0
2026-01-25,subscription_screen_open,Australia,1,1,1,0
2026-01-25,subscription_screen_open,Belize,1,1,1,0
2026-01-25,subscription_screen_open,Canada,1,1,1,0
2026-01-25,subscription_screen_open,Dominican Republic,1,1,1,0
2026-01-25,subscription_screen_open,Ecuador,1,1,1,0
2026-01-25,subscription_screen_open,El Salvador,1,1,1,0
2026-01-25,subscription_screen_open,Greece,1,1,1,0
2026-01-25,subscription_screen_open,Israel,1,1,1,0
2026-01-25,subscription_screen_open,Malaysia,1,1,1,0
2026-01-25,subscription_screen_open,Netherlands,1,1,1,0
2026-01-25,subscription_screen_open,Nigeria,1,1,1,0
2026-01-25,subscription_screen_open,Panama,1,1,1,0
2026-01-25,subscription_screen_open,Peru,1,1,1,0
2026-01-25,subscription_screen_open,Romania,1,1,1,0
2026-01-25,subscription_screen_open,Sweden,1,1,1,0
2026-01-25,subscription_screen_open,Syria,1,1,1,0
2026-01-25,subscription_screen_open,United Kingdom,1,1,1,0
2026-01-25,subscription_screen_open,Venezuela,1,1,1,0
2026-01-25,subscription_subscribe_click,Mexico,1,1,1,0
2026-01-25,subscription_subscribe_click,Philippines,1,1,1,0
2026-01-25,subscription_subscribe_click,Venezuela,1,1,1,0
2026-01-25,event_1600,Afghanistan,1,1,1,0
2026-01-25,event_1600,Belize,1,1,1,0
2026-01-25,event_1600,Bermuda,1,1,1,0
2026-01-25,event_1600,China,1,1,1,0
2026-01-25,event_1600,Curaçao,1,1,1,0
2026-01-25,event_1600,Ethiopia,1,1,1,0
2026-01-25,event_1600,France,1,1,1,0
2026-01-25,event_1600,French Guiana,1,1,1,0
2026-01-25,event_1600,Haiti,1,1,1,0
2026-01-25,event_1600,Honduras,1,1,1,0
2026-01-25,event_1600,Kenya,1,1,1,0
2026-01-25,event_1600,Laos,1,1,1,0
2026-01-25,event_1600,Liberia,1,1,1,0
2026-01-25,event_1600,Mali,1,1,1,0
2026-01-25,event_1600,Malta,1,1,1,0
2026-01-25,event_1600,Mozambique,1,1,1,0
2026-01-25,event_1600,Papua New Guinea,1,1,1,0
2026-01-25,event_1600,Poland,1,1,1,0
2026-01-25,event_1600,Serbia,1,1,1,0
2026-01-25,event_1600,Sudan,1,1,1,0
2026-01-25,event_1600,Switzerland,1,1,1,0
2026-01-25,event_1600,Togo,1,1,1,0
2026-01-25,event_1600,Trinidad & Tobago,1,1,1,0
2026-01-25,event_1600,Tunisia,1,1,1,0
2026-01-25,event_1600,Vietnam,1,1,1,0
2026-01-25,event_1650,Antigua & Barbuda,1,1,1,0
2026-01-25,event_1650,Australia,1,1,1,0
2026-01-25,event_1650,Chile,1,1,1,0
2026-01-25,event_1650,Cuba,1,1,1,0
2026-01-25,event_1650,El Salvador,1,1,1,0
2026-01-25,event_1650,Ghana,1,1,1,0
2026-01-25,event_1650,Honduras,1,1,1,0
2026-01-25,event_1650,Israel,1,1,1,0
2026-01-25,event_1650,Jamaica,1,1,1,0
2026-01-25,event_1650,Kenya,1,1,1,0
2026-01-25,event_1650,Netherlands,1,1,1,0
2026-01-25,event_1650,Oman,1,1,1,0
2026-01-25,event_1650,Pakistan,1,1,1,0
2026-01-25,event_1650,Panama,1,1,1,0
2026-01-25,event_1650,Philippines,1,1,1,0
2026-01-25,event_1650,Saudi Arabia,1,1,1,0
2026-01-25,event_1650,St. Vincent & Grenadines,1,1,1,0
2026-01-25,event_1650,Sweden,1,1,1,0
2026-01-25,event_1650,Switzerland,1,1,1,0
2026-01-25,event_1650,Syria,1,1,1,0
2026-01-25,event_1650,U.S. Virgin Islands,1,1,1,0
2026-01-25,event_1650,Vietnam,1,1,1,0
2026-01-25,event_1700,Argentina,1,1,1,0
2026-01-25,event_1700,Australia,1,1,1,0
2026-01-25,event_1700,Bolivia,1,1,1,0
2026-01-25,event_1700,Bosnia & Herzegovina,1,1,1,0
2026-01-25,event_1700,Germany,1,1,1,0
2026-01-25,event_1700,Israel,1,1,1,0
2026-01-25,event_1700,Italy,1,1,1,0
2026-01-25,event_1700,Netherlands,1,1,1,0
2026-01-25,event_1700,Syria,1,1,1,0
2026-01-25,event_1700,United Arab Emirates,1,1,1,0
2026-01-25,event_1750,Afghanistan,1,1,1,0
2026-01-25,event_1750,Algeria,1,1,1,0
2026-01-25,event_1750,Bhutan,1,1,1,0
2026-01-25,event_1750,Chile,1,1,1,0
2026-01-25,event_1750,Costa Rica,1,1,1,0
2026-01-25,event_1750,Dominican Republic,1,1,1,0
2026-01-25,event_1750,Ethiopia,1,1,1,0
2026-01-25,event_1750,France,1,1,1,0
2026-01-25,event_1750,Germany,1,1,1,0
2026-01-25,event_1750,Guatemala,1,1,1,0
2026-01-25,event_1750,Honduras,1,1,1,0
2026-01-25,event_1750,Iraq,1,1,1,0
2026-01-25,event_1750,Italy,1,1,1,0
2026-01-25,event_1750,Jordan,1,1,1,0
2026-01-25,event_1750,Luxembourg,1,1,1,0
2026-01-25,event_1750,Mozambique,1,1,1,0
2026-01-25,event_1750,Nigeria,1,1,1,0
2026-01-25,event_1750,Poland,1,1,1,0
2026-01-25,event_1750,Singapore,1,1,1,0
2026-01-25,event_1750,Sudan,1,1,1,0
2026-01-25,event_1750,Sweden,1,1,1,0
2026-01-25,event_1750,Switzerland,1,1,1,0
2026-01-25,event_1750,Thailand,1,1,1,0
2026-01-25,event_1750,Tunisia,1,1,1,0
2026-01-25,event_1750,Türkiye,1,1,1,0
2026-01-25,event_2100,Belize,1,1,1,0
2026-01-25,event_2100,Bermuda,1,1,1,0
2026-01-25,event_2100,Cuba,1,1,1,0
2026-01-25,event_2100,Dominican Republic,1,1,1,0
2026-01-25,event_2100,France,1,1,1,0
2026-01-25,event_2100,Hungary,1,1,1,0
2026-01-25,event_2100,Ireland,1,1,1,0
2026-01-25,event_2100,Kenya,1,1,1,0
2026-01-25,event_2100,Kuwait,1,1,1,0
2026-01-25,event_2100,Malaysia,1,1,1,0
2026-01-25,event_2100,Malta,1,1,1,0
2026-01-25,event_2100,Papua New Guinea,1,1,1,0
2026-01-25,event_2100,Sweden,1,1,1,0
2026-01-25,event_2100,Switzerland,1,1,1,0
2026-01-25,event_2100,Togo,1,1,1,0
2026-01-25,event_2100,Trinidad & Tobago,1,1,1,0
2026-01-25,event_2100,Türkiye,1,1,1,0
2026-01-25,event_2300,Angola,1,1,1,0
2026-01-25,event_2300,Bosnia & Herzegovina,1,1,1,0
2026-01-25,event_2300,Colombia,1,1,1,0
2026-01-25,event_2300,Cuba,1,1,1,0
2026-01-25,event_2300,Ecuador,1,1,1,0
2026-01-25,event_2300,France,1,1,1,0
2026-01-25,event_2300,Italy,1,1,1,0
2026-01-25,event_2300,Japan,1,1,1,0
2026-01-25,event_2300,Kenya,1,1,1,0
2026-01-25,event_2300,Malaysia,1,1,1,0
2026-01-25,event_2300,Morocco,1,1,1,0
2026-01-25,event_2300,Netherlands,1,1,1,0
2026-01-25,event_2300,Singapore,1,1,1,0
2026-01-25,event_2300,South Africa,1,1,1,0
2026-01-25,event_2300,Spain,1,1,1,0
2026-01-25,event_2300,St. Vincent & Grenadines,1,1,1,0
2026-01-25,event_2300,Switzerland,1,1,1,0
2026-01-25,event_2300,Thailand,1,1,1,0
2026-01-25,event_2300,Togo,1,1,1,0
2026-01-25,event_2600,Algeria,1,1,1,0
2026-01-25,event_2600,Canada,1,1,1,0
2026-01-25,event_2600,Chile,1,1,1,0
2026-01-25,event_2600,Dominican Republic,1,1,1,0
2026-01-25,event_2600,Ecuador,1,1,1,0
2026-01-25,event_2600,Ghana,1,1,1,0
2026-01-25,event_2600,India,1,1,1,0
2026-01-25,event_2600,Indonesia,1,1,1,0
2026-01-25,event_2600,Portugal,1,1,1,0
2026-01-25,event_2600,Puerto Rico,1,1,1,0
2026-01-25,event_2600,Saudi Arabia,1,1,1,0
2026-01-25,event_2600,South Africa,1,1,1,0
2026-01-25,event_2600,Switzerland,1,1,1,0
2026-01-25,event_2600,United Kingdom,1,1,1,0
2026-01-25,event_26003,Algeria,1,1,1,0
2026-01-25,event_26003,Bolivia,1,1,1,0
2026-01-25,event_26003,Canada,1,1,1,0
2026-01-25,event_26003,Ecuador,1,1,1,0
2026-01-25,event_26003,Ghana,1,1,1,0
2026-01-25,event_26003,Indonesia,1,1,1,0
2026-01-25,event_26003,Malaysia,1,1,1,0
2026-01-25,event_26003,Morocco,1,1,1,0
2026-01-25,event_26003,Mozambique,1,1,1,0
2026-01-25,event_26003,Pakistan,1,1,1,0
2026-01-25,event_26003,United Arab Emirates,1,1,1,0
2026-01-25,event_29000,Angola,1,1,1,0
2026-01-25,event_29000,Argentina,1,1,1,0
2026-01-25,event_29000,Australia,1,1,1,0
2026-01-25,event_29000,Bangladesh,1,1,1,0
2026-01-25,event_29000,Bolivia,1,1,1,0
2026-01-25,event_29000,Colombia,1,1,1,0
2026-01-25,event_29000,Israel,1,1,1,0
2026-01-25,event_29000,Italy,1,1,1,0
2026-01-25,event_29000,Kenya,1,1,1,0
2026-01-25,event_29000,Pakistan,1,1,1,0
2026-01-25,event_29000,Philippines,1,1,1,0
2026-01-25,event_29000,Portugal,1,1,1,0
2026-01-25,event_29000,Qatar,1,1,1,0
2026-01-25,event_29000,Saudi Arabia,1,1,1,0
2026-01-25,event_29000,Spain,1,1,1,0
2026-01-25,event_29000,Taiwan,1,1,1,0
2026-01-25,event_29000,Venezuela,1,1,1,0
2026-01-25,event_29000,Vietnam,1,1,1,0
2026-01-25,event_30000,Bosnia & Herzegovina,1,1,1,0
2026-01-25,event_30000,Egypt,1,1,1,0
2026-01-25,event_30000,Indonesia,1,1,1,0
2026-01-25,event_30000,Israel,1,1,1,0
2026-01-25,event_30000,Puerto Rico,1,1,1,0
2026-01-25,event_30000,Romania,1,1,1,0
2026-01-25,event_30000,United Arab Emirates,1,1,1,0
2026-01-25,event_30000,United Kingdom,1,1,1,0
2026-01-25,event_31009,Angola,1,1,1,0
2026-01-25,event_31009,Bermuda,1,1,1,0
2026-01-25,event_31009,Bolivia,1,1,1,0
2026-01-25,event_31009,El Salvador,1,1,1,0
2026-01-25,event_31009,Morocco,1,1,1,0
2026-01-25,event_31009,Pakistan,1,1,1,0
2026-01-25,event_31009,Paraguay,1,1,1,0
2026-01-25,event_31009,Saudi Arabia,1,1,1,0
2026-01-25,event_31009,Singapore,1,1,1,0
2026-01-25,event_31009,Spain,1,1,1,0
2026-01-25,event_31009,Türkiye,1,1,1,0
2026-01-25,event_31009,United Kingdom,1,1,1,0
2026-01-25,event_37000,Argentina,1,1,1,0
2026-01-25,event_37000,Bangladesh,1,1,1,0
2026-01-25,event_37000,Bosnia & Herzegovina,1,1,1,0
2026-01-25,event_37000,Canada,1,1,1,0
2026-01-25,event_37000,Costa Rica,1,1,1,0
2026-01-25,event_37000,Ghana,1,1,1,0
2026-01-25,event_37000,Iran,1,1,1,0
2026-01-25,event_37000,Italy,1,1,1,0
2026-01-25,event_37000,Kenya,1,1,1,0
2026-01-25,event_37000,Peru,1,1,1,0
2026-01-25,event_37000,Portugal,1,1,1,0
2026-01-25,event_37000,Saudi Arabia,1,1,1,0
2026-01-25,event_37000,United Arab Emirates,1,1,1,0
2026-01-25,event_37000,United Kingdom,1,1,1,0
2026-01-25,event_37000,Vietnam,1,1,1,0
2026-01-25,event_39000,Argentina,1,1,1,0
2026-01-25,event_39000,Bangladesh,1,1,1,0
2026-01-25,event_39000,Ecuador,1,1,1,0
2026-01-25,event_39000,Eswatini,1,1,1,0
2026-01-25,event_39000,India,1,1,1,0
2026-01-25,event_39000,Iran,1,1,1,0
2026-01-25,event_39000,Morocco,1,1,1,0
2026-01-25,event_39000,Portugal,1,1,1,0
2026-01-25,event_39100,Bangladesh,1,1,1,0
2026-01-25,event_39100,Ecuador,1,1,1,0
2026-01-25,event_39100,India,1,1,1,0
2026-01-25,event_39100,Indonesia,1,1,1,0
2026-01-25,event_39100,Kenya,1,1,1,0
2026-01-25,event_39100,Mexico,1,1,1,0
2026-01-25,event_39100,Morocco,1,1,1,0
2026-01-25,event_39100,Sweden,1,1,1,0
2026-01-25,event_6800,Antarctica,1,1,0,0
2026-01-25,event_6800,Burkina Faso,1,1,0,0
2026-01-25,event_6800,Denmark,1,1,0,0
2026-01-25,event_6800,Macao,1,1,0,0
2026-01-25,event_6800,Réunion,1,1,0,0
2026-01-25,event_6800,Djibouti,1,1,1,0
2026-01-25,event_6801,Angola,1,1,1,0
2026-01-25,event_6801,Austria,1,1,1,0
2026-01-25,event_6801,Cayman Islands,1,1,1,0
2026-01-25,event_6801,Chile,1,1,1,0
2026-01-25,event_6801,Cuba,1,1,1,0
2026-01-25,event_6801,Curaçao,1,1,1,0
2026-01-25,event_6801,Dominican Republic,1,1,1,0
2026-01-25,event_6801,El Salvador,1,1,1,0
2026-01-25,event_6801,Eswatini,1,1,1,0
2026-01-25,event_6801,Ghana,1,1,1,0
2026-01-25,event_6801,Guatemala,1,1,1,0
2026-01-25,event_6801,Hong Kong,1,1,1,0
2026-01-25,event_6801,Ireland,1,1,1,0
2026-01-25,event_6801,Japan,1,1,1,0
2026-01-25,event_6801,Laos,1,1,1,0
2026-01-25,event_6801,Liberia,1,1,1,0
2026-01-25,event_6801,Mozambique,1,1,1,0
2026-01-25,event_6801,Netherlands,1,1,1,0
2026-01-25,event_6801,Singapore,1,1,1,0
2026-01-25,event_6801,Thailand,1,1,1,0
2026-01-25,event_8000,Argentina,1,1,1,0
2026-01-25,event_8000,Canada,1,1,1,0
2026-01-25,event_8000,Colombia,1,1,1,0
2026-01-25,event_8000,Costa Rica,1,1,1,0
2026-01-25,event_8000,Israel,1,1,1,0
2026-01-25,event_8000,Kazakhstan,1,1,1,0
2026-01-25,event_8000,Myanmar (Burma),1,1,1,0
2026-01-25,event_8000,Nigeria,1,1,1,0
2026-01-25,event_8000,Papua New Guinea,1,1,1,0
2026-01-25,event_8000,Paraguay,1,1,1,0
2026-01-25,event_8000,Peru,1,1,1,0
2026-01-25,event_8000,Philippines,1,1,1,0
2026-01-25,event_8000,Romania,1,1,1,0
2026-01-25,event_8000,Singapore,1,1,1,0
2026-01-25,event_8000,South Africa,1,1,1,0
2026-01-25,event_8000,Togo,1,1,1,0
2026-01-25,event_8000,Türkiye,1,1,1,0
2026-01-25,event_8000,United Arab Emirates,1,1,1,0
2026-01-25,event_8000,United Kingdom,1,1,1,0
2026-01-25,event_8001,Argentina,1,1,1,0
2026-01-25,event_8001,Canada,1,1,1,0
2026-01-25,event_8001,Colombia,1,1,1,0
2026-01-25,event_8001,Costa Rica,1,1,1,0
2026-01-25,event_8001,Cuba,1,1,1,0
2026-01-25,event_8001,Israel,1,1,1,0
2026-01-25,event_8001,Mexico,1,1,1,0
2026-01-25,event_8001,Morocco,1,1,1,0
2026-01-25,event_8001,Papua New Guinea,1,1,1,0
2026-01-25,event_8001,Peru,1,1,1,0
2026-01-25,event_8001,Philippines,1,1,1,0
2026-01-25,event_8001,Romania,1,1,1,0
2026-01-25,event_8001,Singapore,1,1,1,0
2026-01-25,event_8001,South Africa,1,1,1,0
2026-01-25,event_8001,Togo,1,1,1,0
2026-01-25,event_8001,Türkiye,1,1,1,0
2026-01-25,event_8001,United Arab Emirates,1,1,1,0
2026-01-25,event_8001,United Kingdom,1,1,1,0
2026-01-25,event_9900,Angola,1,1,1,0
2026-01-25,event_9900,Costa Rica,1,1,1,0
2026-01-25,event_9900,Croatia,1,1,1,0
2026-01-25,event_9900,Ghana,1,1,1,0
2026-01-25,event_9900,Greece,1,1,1,0
2026-01-25,event_9900,Honduras,1,1,1,0
2026-01-25,event_9900,Hungary,1,1,1,0
2026-01-25,event_9900,Qatar,1,1,1,0
2026-01-25,event_9900,Romania,1,1,1,0
2026-01-25,event_9900,Venezuela,1,1,1,0
2026-01-25,open_wifi_alert__click_on_upgrade,Bangladesh,1,1,1,0
2026-01-25,open_wifi_alert__click_on_upgrade,Mexico,1,1,1,0
2026-01-25,open_wifi_alert__click_on_upgrade,Morocco,1,1,1,0
2026-01-25,open_wifi_alert__click_on_upgrade,Nigeria,1,1,1,0
2026-01-25,open_wifi_alert__click_on_upgrade,Romania,1,1,1,0
2026-01-25,open_wifi_alert__click_on_upgrade,Syria,1,1,1,0
2026-01-25,open_wifi_alert_paywall__screen_viewed,Bangladesh,1,1,1,0
2026-01-25,open_wifi_alert_paywall__screen_viewed,Mexico,1,1,1,0
2026-01-25,open_wifi_alert_paywall__screen_viewed,Morocco,1,1,1,0
2026-01-25,open_wifi_alert_paywall__screen_viewed,Nigeria,1,1,1,0
2026-01-25,open_wifi_alert_paywall__screen_viewed,Romania,1,1,1,0
2026-01-25,open_wifi_alert_paywall__screen_viewed,Syria,1,1,1,0
2026-01-25,open_wifi_alert_settings__screen_viewed,Australia,1,1,1,0
2026-01-25,pix_analyzer_onboarding_activate_click,Bangladesh,1,1,1,0
2026-01-25,pix_analyzer_onboarding_activate_click,Mexico,1,1,1,0
2026-01-25,pix_analyzer_onboarding_start,Mexico,1,1,1,0
2026-01-25,pix_analyzer_onboarding_start,Saudi Arabia,1,1,1,0
2026-01-25,pix_analyzer_onboarding_start,United Arab Emirates,1,1,1,0