Data,Pais,Tela,ContagemDeEventos,TotalDeUsuarios
"2024-10-01","Brazil","(not set)",739,732
"2024-10-01","United States","(not set)",35,35
"2024-10-01","Egypt","(not set)",6,5
"2024-10-01","Iran","(not set)",5,5
"2024-10-01","Germany","(not set)",3,3
"2024-10-01","Canada","(not set)",2,2
"2024-10-01","Saudi Arabia","(not set)",2,2
"2024-10-01","Türkiye","(not set)",2,2
"2024-10-01","(not set)","(not set)",1,1
"2024-10-01","Algeria","(not set)",1,1
"2024-10-01","Bangladesh","(not set)",1,1
"2024-10-01","Burkina Faso","(not set)",1,1
"2024-10-01","Cambodia","(not set)",1,1
"2024-10-01","Ethiopia","(not set)",1,1
"2024-10-01","France","(not set)",1,1
"2024-10-01","India","(not set)",1,1
"2024-10-01","Indonesia","(not set)",1,1
"2024-10-01","Libya","(not set)",1,1
"2024-10-01","Morocco","(not set)",1,1
"2024-10-01","Portugal","(not set)",1,1
"2024-10-01","Puerto Rico","(not set)",1,1
"2024-10-01","United Kingdom","(not set)",1,1
"2024-10-01","Vietnam","(not set)",1,1
"2024-10-02","Brazil","(not set)",829,826
"2024-10-02","United States","(not set)",30,30
"2024-10-02","Bangladesh","(not set)",4,4
"2024-10-02","India","(not set)",4,4
"2024-10-02","Iran","(not set)",4,4
"2024-10-02","Algeria","(not set)",3,3
"2024-10-02","Germany","(not set)",3,3
"2024-10-02","Morocco","(not set)",3,3
"2024-10-02","Hungary","(not set)",2,2
"2024-10-02","United Arab Emirates","(not set)",2,2
"2024-10-02","United Kingdom","(not set)",2,2
"2024-10-02","Argentina","(not set)",1,1
"2024-10-02","Colombia","(not set)",1,1
"2024-10-02","France","(not set)",1,1
"2024-10-02","Indonesia","(not set)",1,1
"2024-10-02","Jordan","(not set)",1,1
"2024-10-02","Mexico","(not set)",1,1
"2024-10-02","Puerto Rico","(not set)",1,1
"2024-10-02","Saudi Arabia","(not set)",1,1
"2024-10-02","Senegal","(not set)",1,1
"2024-10-02","Tunisia","(not set)",1,1
"2024-10-02","Zambia","(not set)",1,1
"2024-10-03","Brazil","(not set)",922,912
"2024-10-03","United States","(not set)",30,30
"2024-10-03","China","(not set)",5,5
"2024-10-03","Iran","(not set)",4,4
"2024-10-03","Germany","(not set)",3,3
"2024-10-03","India","(not set)",3,2
"2024-10-03","Indonesia","(not set)",3,3
"2024-10-03","Mexico","(not set)",3,3
"2024-10-03","Philippines","(not set)",3,3
"2024-10-03","Saudi Arabia","(not set)",3,3
"2024-10-03","(not set)","(not set)",2,2
"2024-10-03","Bangladesh","(not set)",2,2
"2024-10-03","Egypt","(not set)",2,2
"2024-10-03","Morocco","(not set)",2,2
"2024-10-03","Syria","(not set)",2,2
"2024-10-03","United Kingdom","(not set)",2,2
"2024-10-03","Chile","(not set)",1,1
"2024-10-03","Ghana","(not set)",1,1
"2024-10-03","Japan","(not set)",1,1
"2024-10-03","Netherlands","(not set)",1,1
"2024-10-03","Pakistan","(not set)",1,1
"2024-10-03","Paraguay","(not set)",1,1
"2024-10-03","Singapore","(not set)",1,1
"2024-10-04","Brazil","(not set)",834,818
"2024-10-04","United States","(not set)",39,39
"2024-10-04","Iran","(not set)",4,4
"2024-10-04","Bangladesh","(not set)",3,3
"2024-10-04","Egypt","(not set)",3,3
"2024-10-04","India","(not set)",3,3
"2024-10-04","Indonesia","(not set)",3,3
"2024-10-04","(not set)","(not set)",2,2
"2024-10-04","Argentina","(not set)",2,2
"2024-10-04","Portugal","(not set)",2,2
"2024-10-04","Türkiye","(not set)",2,2
"2024-10-04","Ghana","(not set)",1,1
"2024-10-04","Guatemala","(not set)",1,1
"2024-10-04","Macao","(not set)",1,1
"2024-10-04","Malaysia","(not set)",1,1
"2024-10-04","Mexico","(not set)",1,1
"2024-10-04","Morocco","(not set)",1,1
"2024-10-04","Nigeria","(not set)",1,1
"2024-10-04","Rwanda","(not set)",1,1
"2024-10-04","Saudi Arabia","(not set)",1,1
"2024-10-04","Tunisia","(not set)",1,1
"2024-10-04","United Arab Emirates","(not set)",1,1
"2024-10-05","Brazil","(not set)",925,911
"2024-10-05","United States","(not set)",44,43
"2024-10-05","India","(not set)",7,7
"2024-10-05","Morocco","(not set)",6,5
"2024-10-05","Bangladesh","(not set)",5,5
"2024-10-05","Egypt","(not set)",3,3
"2024-10-05","Canada","(not set)",2,2
"2024-10-05","France","(not set)",2,2
"2024-10-05","Indonesia","(not set)",2,2
"2024-10-05","Iran","(not set)",2,2
"2024-10-05","(not set)","(not set)",1,1
"2024-10-05","Ecuador","(not set)",1,1
"2024-10-05","Ethiopia","(not set)",1,1
"2024-10-05","Iraq","(not set)",1,1
"2024-10-05","Jordan","(not set)",1,1
"2024-10-05","Malaysia","(not set)",1,1
"2024-10-05","Mexico","(not set)",1,1
"2024-10-05","Peru","(not set)",1,1
"2024-10-05","Thailand","(not set)",1,1
"2024-10-05","Tunisia","(not set)",1,1
"2024-10-05","United Arab Emirates","(not set)",1,1
"2024-10-05","Yemen","(not set)",1,1
"2024-10-06","Brazil","(not set)",875,865
"2024-10-06","United States","(not set)",40,40
"2024-10-06","Egypt","(not set)",7,7
"2024-10-06","Iran","(not set)",7,7
"2024-10-06","Bangladesh","(not set)",5,5
"2024-10-06","Mexico","(not set)",4,4
"2024-10-06","Germany","(not set)",3,1
"2024-10-06","Hungary","(not set)",2,2
"2024-10-06","Netherlands","(not set)",2,2
"2024-10-06","Philippines","(not set)",2,2
"2024-10-06","Belgium","(not set)",1,1
"2024-10-06","Canada","(not set)",1,1
"2024-10-06","Ecuador","(not set)",1,1
"2024-10-06","India","(not set)",1,1
"2024-10-06","Indonesia","(not set)",1,1
"2024-10-06","Malaysia","(not set)",1,1
"2024-10-06","Norway","(not set)",1,1
"2024-10-06","Pakistan","(not set)",1,1
"2024-10-06","Serbia","(not set)",1,1
"2024-10-06","United Kingdom","(not set)",1,1
"2024-10-07","Brazil","(not set)",818,808
"2024-10-07","United States","(not set)",29,28
"2024-10-07","Bangladesh","(not set)",5,5
"2024-10-07","Argentina","(not set)",4,4
"2024-10-07","Mexico","(not set)",3,3
"2024-10-07","Egypt","(not set)",2,2
"2024-10-07","France","(not set)",2,2
"2024-10-07","Germany","(not set)",2,2
"2024-10-07","Indonesia","(not set)",2,2
"2024-10-07","Iran","(not set)",2,2
"2024-10-07","Algeria","(not set)",1,1
"2024-10-07","India","(not set)",1,1
"2024-10-07","Ireland","(not set)",1,1
"2024-10-07","Philippines","(not set)",1,1
"2024-10-07","South Africa","(not set)",1,1
"2024-10-07","Thailand","(not set)",1,1
"2024-10-07","Uganda","(not set)",1,1
"2024-10-08","Brazil","(not set)",846,838
"2024-10-08","United States","(not set)",27,27
"2024-10-08","(not set)","(not set)",6,6
"2024-10-08","India","(not set)",6,6
"2024-10-08","Bangladesh","(not set)",4,4
"2024-10-08","Mexico","(not set)",3,3
"2024-10-08","Algeria","(not set)",2,2
"2024-10-08","Indonesia","(not set)",2,2
"2024-10-08","Morocco","(not set)",2,2
"2024-10-08","Argentina","(not set)",1,1
"2024-10-08","Colombia","(not set)",1,1
"2024-10-08","Egypt","(not set)",1,1
"2024-10-08","Hungary","(not set)",1,1
"2024-10-08","Iran","(not set)",1,1
"2024-10-08","Israel","(not set)",1,1
"2024-10-08","Japan","(not set)",1,1
"2024-10-08","Malawi","(not set)",1,1
"2024-10-08","Netherlands","(not set)",1,1
"2024-10-08","Singapore","(not set)",1,1
"2024-10-08","Spain","(not set)",1,1
"2024-10-08","Syria","(not set)",1,1
"2024-10-08","Thailand","(not set)",1,1
"2024-10-08","United Kingdom","(not set)",1,1
"2024-10-09","Brazil","(not set)",934,926
"2024-10-09","United States","(not set)",28,28
"2024-10-09","Iran","(not set)",6,6
"2024-10-09","Egypt","(not set)",3,3
"2024-10-09","Jordan","(not set)",3,3
"2024-10-09","Bangladesh","(not set)",2,2
"2024-10-09","France","(not set)",2,2
"2024-10-09","Germany","(not set)",2,2
"2024-10-09","India","(not set)",2,2
"2024-10-09","Saudi Arabia","(not set)",2,2
"2024-10-09","United Arab Emirates","(not set)",2,2
"2024-10-09","Algeria","(not set)",1,1
"2024-10-09","Australia","(not set)",1,1
"2024-10-09","Canada","(not set)",1,1
"2024-10-09","Dominican Republic","(not set)",1,1
"2024-10-09","Hungary","(not set)",1,1
"2024-10-09","Japan","(not set)",1,1
"2024-10-09","Mexico","(not set)",1,1
"2024-10-09","Morocco","(not set)",1,1
"2024-10-09","Mozambique","(not set)",1,1
"2024-10-09","Netherlands","(not set)",1,1
"2024-10-09","Portugal","(not set)",1,1
"2024-10-09","Romania","(not set)",1,1
"2024-10-09","Russia","(not set)",1,1
"2024-10-09","Rwanda","(not set)",1,1
"2024-10-09","Switzerland","(not set)",1,1
"2024-10-09","Thailand","(not set)",1,1
"2024-10-10","Brazil","(not set)",918,902
"2024-10-10","United States","(not set)",40,40
"2024-10-10","Egypt","(not set)",7,7
"2024-10-10","Bangladesh","(not set)",4,4
"2024-10-10","Hungary","(not set)",3,3
"2024-10-10","Indonesia","(not set)",3,3
"2024-10-10","Iran","(not set)",3,3
"2024-10-10","Algeria","(not set)",2,2
"2024-10-10","France","(not set)",2,2
"2024-10-10","India","(not set)",2,2
"2024-10-10","Mexico","(not set)",2,2
"2024-10-10","Australia","(not set)",1,1
"2024-10-10","China","(not set)",1,1
"2024-10-10","Colombia","(not set)",1,1
"2024-10-10","Israel","(not set)",1,1
"2024-10-10","Jordan","(not set)",1,1
"2024-10-10","Morocco","(not set)",1,1
"2024-10-10","Pakistan","(not set)",1,1
"2024-10-10","Peru","(not set)",1,1
"2024-10-10","Saudi Arabia","(not set)",1,1
"2024-10-10","Thailand","(not set)",1,1
"2024-10-10","Türkiye","(not set)",1,1
"2024-10-10","United Kingdom","(not set)",1,1
"2024-10-10","Zimbabwe","(not set)",1,1
"2024-10-11","Brazil","(not set)",1014,1002
"2024-10-11","United States","(not set)",39,39
"2024-10-11","Bangladesh","(not set)",6,6
"2024-10-11","Egypt","(not set)",4,4
"2024-10-11","Iran","(not set)",4,4
"2024-10-11","Saudi Arabia","(not set)",4,4
"2024-10-11","Indonesia","(not set)",3,3
"2024-10-11","Mexico","(not set)",3,3
"2024-10-11","Cuba","(not set)",2,2
"2024-10-11","India","(not set)",2,2
"2024-10-11","Morocco","(not set)",2,2
"2024-10-11","Türkiye","(not set)",2,2
"2024-10-11","France","(not set)",1,1
"2024-10-11","Germany","(not set)",1,1
"2024-10-11","Libya","(not set)",1,1
"2024-10-11","Malaysia","(not set)",1,1
"2024-10-11","Netherlands","(not set)",1,1
"2024-10-11","New Zealand","(not set)",1,1
"2024-10-11","Portugal","(not set)",1,1
"2024-10-11","Romania","(not set)",1,1
"2024-10-11","United Kingdom","(not set)",1,1
"2024-10-11","Uzbekistan","(not set)",1,1
"2024-10-12","Brazil","(not set)",1056,1047
"2024-10-12","United States","(not set)",60,59
"2024-10-12","Bangladesh","(not set)",9,9
"2024-10-12","Iran","(not set)",9,9
"2024-10-12","Egypt","(not set)",8,8
"2024-10-12","Indonesia","(not set)",5,5
"2024-10-12","India","(not set)",2,2
"2024-10-12","Peru","(not set)",2,2
"2024-10-12","(not set)","(not set)",1,1
"2024-10-12","Argentina","(not set)",1,1
"2024-10-12","Australia","(not set)",1,1
"2024-10-12","Ecuador","(not set)",1,1
"2024-10-12","France","(not set)",1,1
"2024-10-12","Germany","(not set)",1,1
"2024-10-12","Jordan","(not set)",1,1
"2024-10-12","Kenya","(not set)",1,1
"2024-10-12","Mexico","(not set)",1,1
"2024-10-12","Nigeria","(not set)",1,1
"2024-10-12","Panama","(not set)",1,1
"2024-10-12","Tunisia","(not set)",1,1
"2024-10-12","Vietnam","(not set)",1,1
"2024-10-13","Brazil","(not set)",1089,1077
"2024-10-13","United States","(not set)",49,49
"2024-10-13","Bangladesh","(not set)",8,8
"2024-10-13","Indonesia","(not set)",7,7
"2024-10-13","Iran","(not set)",7,7
"2024-10-13","Egypt","(not set)",5,5
"2024-10-13","India","(not set)",5,5
"2024-10-13","Hungary","(not set)",2,2
"2024-10-13","Morocco","(not set)",2,2
"2024-10-13","Nigeria","(not set)",2,2
"2024-10-13","Thailand","(not set)",2,2
"2024-10-13","United Kingdom","(not set)",2,2
"2024-10-13","(not set)","(not set)",1,1
"2024-10-13","Algeria","(not set)",1,1
"2024-10-13","Argentina","(not set)",1,1
"2024-10-13","Bolivia","(not set)",1,1
"2024-10-13","Colombia","(not set)",1,1
"2024-10-13","Congo - Kinshasa","(not set)",1,1
"2024-10-13","Ecuador","(not set)",1,1
"2024-10-13","El Salvador","(not set)",1,1
"2024-10-13","France","(not set)",1,1
"2024-10-13","Mexico","(not set)",1,1
"2024-10-13","Saudi Arabia","(not set)",1,1
"2024-10-13","Syria","(not set)",1,1
"2024-10-13","Tunisia","(not set)",1,1
"2024-10-14","Brazil","(not set)",910,898
"2024-10-14","United States","(not set)",29,29
"2024-10-14","Bangladesh","(not set)",4,4
"2024-10-14","Indonesia","(not set)",4,4
"2024-10-14","Mexico","(not set)",4,4
"2024-10-14","Egypt","(not set)",2,2
"2024-10-14","India","(not set)",2,2
"2024-10-14","Morocco","(not set)",2,2
"2024-10-14","Puerto Rico","(not set)",2,2
"2024-10-14","Saudi Arabia","(not set)",2,1
"2024-10-14","(not set)","(not set)",1,1
"2024-10-14","Algeria","(not set)",1,1
"2024-10-14","Angola","(not set)",1,1
"2024-10-14","Bolivia","(not set)",1,1
"2024-10-14","Chile","(not set)",1,1
"2024-10-14","Colombia","(not set)",1,1
"2024-10-14","Ethiopia","(not set)",1,1
"2024-10-14","Germany","(not set)",1,1
"2024-10-14","Honduras","(not set)",1,1
"2024-10-14","Iran","(not set)",1,1
"2024-10-14","Iraq","(not set)",1,1
"2024-10-14","Mali","(not set)",1,1
"2024-10-14","Russia","(not set)",1,1
"2024-10-14","Sweden","(not set)",1,1
"2024-10-14","Türkiye","(not set)",1,1
"2024-10-15","Brazil","(not set)",919,905
"2024-10-15","United States","(not set)",34,34
"2024-10-15","China","(not set)",8,8
"2024-10-15","Egypt","(not set)",5,5
"2024-10-15","(not set)","(not set)",4,4
"2024-10-15","Bangladesh","(not set)",4,4
"2024-10-15","Iran","(not set)",4,4
"2024-10-15","India","(not set)",3,3
"2024-10-15","Mexico","(not set)",3,3
"2024-10-15","Hungary","(not set)",2,2
"2024-10-15","Saudi Arabia","(not set)",2,2
"2024-10-15","Syria","(not set)",2,2
"2024-10-15","United Arab Emirates","(not set)",2,2
"2024-10-15","Algeria","(not set)",1,1
"2024-10-15","Angola","(not set)",1,1
"2024-10-15","Cape Verde","(not set)",1,1
"2024-10-15","Colombia","(not set)",1,1
"2024-10-15","Ethiopia","(not set)",1,1
"2024-10-15","Indonesia","(not set)",1,1
"2024-10-15","Peru","(not set)",1,1
"2024-10-15","Philippines","(not set)",1,1
"2024-10-15","Portugal","(not set)",1,1
"2024-10-15","Russia","(not set)",1,1
"2024-10-15","Singapore","(not set)",1,1
"2024-10-15","Yemen","(not set)",1,1
"2024-10-15","Zambia","(not set)",1,1
"2024-10-16","Brazil","(not set)",905,893
"2024-10-16","United States","(not set)",33,32
"2024-10-16","Egypt","(not set)",7,7
"2024-10-16","Iran","(not set)",5,5
"2024-10-16","Algeria","(not set)",4,4
"2024-10-16","India","(not set)",4,4
"2024-10-16","Bangladesh","(not set)",3,3
"2024-10-16","Mexico","(not set)",3,3
"2024-10-16","(not set)","(not set)",2,2
"2024-10-16","Argentina","(not set)",2,2
"2024-10-16","Saudi Arabia","(not set)",2,2
"2024-10-16","United Arab Emirates","(not set)",2,2
"2024-10-16","Colombia","(not set)",1,1
"2024-10-16","Guatemala","(not set)",1,1
"2024-10-16","Hungary","(not set)",1,1
"2024-10-16","Indonesia","(not set)",1,1
"2024-10-16","Lithuania","(not set)",1,1
"2024-10-16","Malaysia","(not set)",1,1
"2024-10-16","Singapore","(not set)",1,1
"2024-10-16","Thailand","(not set)",1,1
"2024-10-16","Venezuela","(not set)",1,1
"2024-10-16","Yemen","(not set)",1,1
"2024-10-17","Brazil","(not set)",947,928
"2024-10-17","United States","(not set)",27,27
"2024-10-17","Egypt","(not set)",8,8
"2024-10-17","Indonesia","(not set)",8,8
"2024-10-17","Bangladesh","(not set)",5,5
"2024-10-17","India","(not set)",3,3
"2024-10-17","Saudi Arabia","(not set)",2,2
"2024-10-17","(not set)","(not set)",1,1
"2024-10-17","Algeria","(not set)",1,1
"2024-10-17","Argentina","(not set)",1,1
"2024-10-17","Cambodia","(not set)",1,1
"2024-10-17","Fiji","(not set)",1,1
"2024-10-17","Hungary","(not set)",1,1
"2024-10-17","Iran","(not set)",1,1
"2024-10-17","Mexico","(not set)",1,1
"2024-10-17","Paraguay","(not set)",1,1
"2024-10-17","Portugal","(not set)",1,1
"2024-10-17","Spain","(not set)",1,1
"2024-10-17","Syria","(not set)",1,1
"2024-10-17","United Arab Emirates","(not set)",1,1
"2024-10-17","United Kingdom","(not set)",1,1
"2024-10-18","Brazil","(not set)",874,867
"2024-10-18","United States","(not set)",37,37
"2024-10-18","Bangladesh","(not set)",8,8
"2024-10-18","Indonesia","(not set)",5,5
"2024-10-18","Mexico","(not set)",4,3
"2024-10-18","Iran","(not set)",3,3
"2024-10-18","Argentina","(not set)",2,2
"2024-10-18","Morocco","(not set)",2,2
"2024-10-18","United Kingdom","(not set)",2,2
"2024-10-18","Armenia","(not set)",1,1
"2024-10-18","Colombia","(not set)",1,1
"2024-10-18","Egypt","(not set)",1,1
"2024-10-18","Germany","(not set)",1,1
"2024-10-18","Jordan","(not set)",1,1
"2024-10-18","Kenya","(not set)",1,1
"2024-10-18","Russia","(not set)",1,1
"2024-10-18","Saudi Arabia","(not set)",1,1
"2024-10-18","Syria","(not set)",1,1
"2024-10-18","Türkiye","(not set)",1,1
"2024-10-19","Brazil","(not set)",1033,1020
"2024-10-19","United States","(not set)",31,31
"2024-10-19","Egypt","(not set)",5,5
"2024-10-19","Iran","(not set)",4,4
"2024-10-19","Bangladesh","(not set)",3,3
"2024-10-19","Algeria","(not set)",2,2
"2024-10-19","India","(not set)",2,2
"2024-10-19","Indonesia","(not set)",2,2
"2024-10-19","Mexico","(not set)",2,2
"2024-10-19","Saudi Arabia","(not set)",2,2
"2024-10-19","Türkiye","(not set)",2,2
"2024-10-19","Armenia","(not set)",1,1
"2024-10-19","Colombia","(not set)",1,1
"2024-10-19","France","(not set)",1,1
"2024-10-19","Germany","(not set)",1,1
"2024-10-19","Italy","(not set)",1,1
"2024-10-19","Jordan","(not set)",1,1
"2024-10-19","Kazakhstan","(not set)",1,1
"2024-10-19","Kuwait","(not set)",1,1
"2024-10-19","Moldova","(not set)",1,1
"2024-10-19","Oman","(not set)",1,1
"2024-10-19","Syria","(not set)",1,1
"2024-10-19","United Arab Emirates","(not set)",1,1
"2024-10-20","Brazil","(not set)",1046,1033
"2024-10-20","United States","(not set)",27,27
"2024-10-20","Bangladesh","(not set)",7,7
"2024-10-20","Iran","(not set)",4,4
"2024-10-20","Guinea-Bissau","(not set)",3,1
"2024-10-20","Indonesia","(not set)",3,3
"2024-10-20","Philippines","(not set)",3,3
"2024-10-20","Egypt","(not set)",2,2
"2024-10-20","India","(not set)",2,2
"2024-10-20","Mexico","(not set)",2,2
"2024-10-20","Saudi Arabia","(not set)",2,2
"2024-10-20","United Kingdom","(not set)",2,2
"2024-10-20","(not set)","(not set)",1,1
"2024-10-20","Algeria","(not set)",1,1
"2024-10-20","Canada","(not set)",1,1
"2024-10-20","Germany","(not set)",1,1
"2024-10-20","Libya","(not set)",1,1
"2024-10-20","Morocco","(not set)",1,1
"2024-10-20","Nigeria","(not set)",1,1
"2024-10-20","Oman","(not set)",1,1
"2024-10-20","Peru","(not set)",1,1
"2024-10-20","Portugal","(not set)",1,1
"2024-10-20","United Arab Emirates","(not set)",1,1
"2024-10-21","Brazil","(not set)",890,883
"2024-10-21","United States","(not set)",34,34
"2024-10-21","Bangladesh","(not set)",5,5
"2024-10-21","Iran","(not set)",5,4
"2024-10-21","Egypt","(not set)",4,4
"2024-10-21","Indonesia","(not set)",3,3
"2024-10-21","Guatemala","(not set)",2,2
"2024-10-21","Netherlands","(not set)",2,2
"2024-10-21","Pakistan","(not set)",2,1
"2024-10-21","Argentina","(not set)",1,1
"2024-10-21","Canada","(not set)",1,1
"2024-10-21","Chile","(not set)",1,1
"2024-10-21","Ethiopia","(not set)",1,1
"2024-10-21","India","(not set)",1,1
"2024-10-21","Italy","(not set)",1,1
"2024-10-21","Nigeria","(not set)",1,1
"2024-10-21","Peru","(not set)",1,1
"2024-10-21","South Africa","(not set)",1,1
"2024-10-21","Thailand","(not set)",1,1
"2024-10-21","United Arab Emirates","(not set)",1,1
"2024-10-21","United Kingdom","(not set)",1,1
"2024-10-21","Yemen","(not set)",1,1
"2024-10-22","Brazil","(not set)",832,824
"2024-10-22","United States","(not set)",30,30
"2024-10-22","Bangladesh","(not set)",7,7
"2024-10-22","Egypt","(not set)",7,6
"2024-10-22","India","(not set)",5,5
"2024-10-22","Indonesia","(not set)",3,3
"2024-10-22","Argentina","(not set)",2,2
"2024-10-22","Mexico","(not set)",2,2
"2024-10-22","Saudi Arabia","(not set)",2,2
"2024-10-22","Algeria","(not set)",1,1
"2024-10-22","Angola","(not set)",1,1
"2024-10-22","Bahrain","(not set)",1,1
"2024-10-22","Canada","(not set)",1,1
"2024-10-22","Colombia","(not set)",1,1
"2024-10-22","Germany","(not set)",1,1
"2024-10-22","Iran","(not set)",1,1
"2024-10-22","Israel","(not set)",1,1
"2024-10-22","Libya","(not set)",1,1
"2024-10-22","Luxembourg","(not set)",1,1
"2024-10-22","Mauritius","(not set)",1,1
"2024-10-22","Qatar","(not set)",1,1
"2024-10-22","South Korea","(not set)",1,1
"2024-10-23","Brazil","(not set)",880,869
"2024-10-23","United States","(not set)",32,32
"2024-10-23","Bangladesh","(not set)",9,9
"2024-10-23","Mexico","(not set)",5,5
"2024-10-23","Egypt","(not set)",3,3
"2024-10-23","Algeria","(not set)",2,2
"2024-10-23","Peru","(not set)",2,2
"2024-10-23","United Kingdom","(not set)",2,2
"2024-10-23","(not set)","(not set)",1,1
"2024-10-23","Angola","(not set)",1,1
"2024-10-23","Canada","(not set)",1,1
"2024-10-23","India","(not set)",1,1
"2024-10-23","Iran","(not set)",1,1
"2024-10-23","Pakistan","(not set)",1,1
"2024-10-23","Portugal","(not set)",1,1
"2024-10-23","Puerto Rico","(not set)",1,1
"2024-10-23","Romania","(not set)",1,1
"2024-10-23","Saudi Arabia","(not set)",1,1
"2024-10-23","Syria","(not set)",1,1
"2024-10-23","Venezuela","(not set)",1,1
"2024-10-24","Brazil","(not set)",876,860
"2024-10-24","United States","(not set)",28,27
"2024-10-24","Bangladesh","(not set)",10,10
"2024-10-24","Egypt","(not set)",6,6
"2024-10-24","India","(not set)",4,4
"2024-10-24","Iran","(not set)",3,3
"2024-10-24","Mexico","(not set)",3,3
"2024-10-24","Hungary","(not set)",2,2
"2024-10-24","Saudi Arabia","(not set)",2,2
"2024-10-24","Argentina","(not set)",1,1
"2024-10-24","Ecuador","(not set)",1,1
"2024-10-24","France","(not set)",1,1
"2024-10-24","Indonesia","(not set)",1,1
"2024-10-24","Ireland","(not set)",1,1
"2024-10-24","Jordan","(not set)",1,1
"2024-10-24","Philippines","(not set)",1,1
"2024-10-24","Thailand","(not set)",1,1
"2024-10-24","Türkiye","(not set)",1,1
"2024-10-24","Yemen","(not set)",1,1
"2024-10-25","Brazil","(not set)",800,786
"2024-10-25","United States","(not set)",26,26
"2024-10-25","Ukraine","(not set)",17,1
"2024-10-25","Egypt","(not set)",6,6
"2024-10-25","Bangladesh","(not set)",3,3
"2024-10-25","India","(not set)",3,3
"2024-10-25","Indonesia","(not set)",3,3
"2024-10-25","Mexico","(not set)",3,3
"2024-10-25","Saudi Arabia","(not set)",3,3
"2024-10-25","(not set)","(not set)",2,2
"2024-10-25","Algeria","(not set)",2,2
"2024-10-25","Colombia","(not set)",1,1
"2024-10-25","France","(not set)",1,1
"2024-10-25","Hungary","(not set)",1,1
"2024-10-25","Jordan","(not set)",1,1
"2024-10-25","Singapore","(not set)",1,1
"2024-10-25","Türkiye","(not set)",1,1
"2024-10-25","United Kingdom","(not set)",1,1
"2024-10-26","Brazil","(not set)",952,936
"2024-10-26","United States","(not set)",29,29
"2024-10-26","Bangladesh","(not set)",6,6
"2024-10-26","Iran","(not set)",6,6
"2024-10-26","Egypt","(not set)",4,4
"2024-10-26","Saudi Arabia","(not set)",4,4
"2024-10-26","Algeria","(not set)",3,3
"2024-10-26","India","(not set)",3,3
"2024-10-26","Mexico","(not set)",2,2
"2024-10-26","(not set)","(not set)",1,1
"2024-10-26","Canada","(not set)",1,1
"2024-10-26","Colombia","(not set)",1,1
"2024-10-26","Germany","(not set)",1,1
"2024-10-26","Indonesia","(not set)",1,1
"2024-10-26","Jordan","(not set)",1,1
"2024-10-26","Morocco","(not set)",1,1
"2024-10-26","New Zealand","(not set)",1,1
"2024-10-26","Paraguay","(not set)",1,1
"2024-10-26","Portugal","(not set)",1,1
"2024-10-26","Puerto Rico","(not set)",1,1
"2024-10-26","Russia","(not set)",1,1
"2024-10-26","Syria","(not set)",1,1
"2024-10-26","Yemen","(not set)",1,1
"2024-10-27","Brazil","(not set)",1015,1002
"2024-10-27","United States","(not set)",27,27
"2024-10-27","Saudi Arabia","(not set)",5,5
"2024-10-27","Bangladesh","(not set)",4,4
"2024-10-27","Egypt","(not set)",4,4
"2024-10-27","Mexico","(not set)",4,3
"2024-10-27","Algeria","(not set)",3,3
"2024-10-27","India","(not set)",3,3
"2024-10-27","France","(not set)",2,1
"2024-10-27","Indonesia","(not set)",2,2
"2024-10-27","Argentina","(not set)",1,1
"2024-10-27","Canada","(not set)",1,1
"2024-10-27","Congo - Brazzaville","(not set)",1,1
"2024-10-27","Germany","(not set)",1,1
"2024-10-27","Iran","(not set)",1,1
"2024-10-27","Morocco","(not set)",1,1
"2024-10-27","Oman","(not set)",1,1
"2024-10-27","Philippines","(not set)",1,1
"2024-10-27","Singapore","(not set)",1,1
"2024-10-27","Sudan","(not set)",1,1
"2024-10-27","Sweden","(not set)",1,1
"2024-10-27","Switzerland","(not set)",1,1
"2024-10-27","Syria","(not set)",1,1
"2024-10-27","Trinidad & Tobago","(not set)",1,1
"2024-10-27","Yemen","(not set)",1,1
"2024-10-28","Brazil","(not set)",980,959
"2024-10-28","United States","(not set)",48,47
"2024-10-28","Bangladesh","(not set)",4,4
"2024-10-28","Indonesia","(not set)",4,4
"2024-10-28","Iran","(not set)",4,4
"2024-10-28","Mexico","(not set)",4,3
"2024-10-28","Egypt","(not set)",3,3
"2024-10-28","Morocco","(not set)",2,2
"2024-10-28","Peru","(not set)",2,2
"2024-10-28","(not set)","(not set)",1,1
"2024-10-28","Algeria","(not set)",1,1
"2024-10-28","Canada","(not set)",1,1
"2024-10-28","Ethiopia","(not set)",1,1
"2024-10-28","France","(not set)",1,1
"2024-10-28","Germany","(not set)",1,1
"2024-10-28","Guatemala","(not set)",1,1
"2024-10-28","Hungary","(not set)",1,1
"2024-10-28","India","(not set)",1,1
"2024-10-28","Portugal","(not set)",1,1
"2024-10-28","Saudi Arabia","(not set)",1,1
"2024-10-28","Spain","(not set)",1,1
"2024-10-28","Sudan","(not set)",1,1
"2024-10-29","Brazil","(not set)",849,838
"2024-10-29","United States","(not set)",35,35
"2024-10-29","Egypt","(not set)",7,7
"2024-10-29","Bangladesh","(not set)",5,5
"2024-10-29","Iran","(not set)",5,5
"2024-10-29","(not set)","(not set)",3,3
"2024-10-29","Hungary","(not set)",2,2
"2024-10-29","India","(not set)",2,2
"2024-10-29","Indonesia","(not set)",2,2
"2024-10-29","Algeria","(not set)",1,1
"2024-10-29","Argentina","(not set)",1,1
"2024-10-29","Bolivia","(not set)",1,1
"2024-10-29","Cuba","(not set)",1,1
"2024-10-29","Ecuador","(not set)",1,1
"2024-10-29","France","(not set)",1,1
"2024-10-29","Germany","(not set)",1,1
"2024-10-29","Kuwait","(not set)",1,1
"2024-10-29","Nigeria","(not set)",1,1
"2024-10-29","Pakistan","(not set)",1,1
"2024-10-29","Rwanda","(not set)",1,1
"2024-10-29","Singapore","(not set)",1,1
"2024-10-30","Brazil","(not set)",988,978
"2024-10-30","United States","(not set)",36,35
"2024-10-30","(not set)","(not set)",6,5
"2024-10-30","Bangladesh","(not set)",5,5
"2024-10-30","Iran","(not set)",5,5
"2024-10-30","Mexico","(not set)",3,3
"2024-10-30","Egypt","(not set)",2,2
"2024-10-30","Germany","(not set)",2,2
"2024-10-30","India","(not set)",2,2
"2024-10-30","Portugal","(not set)",2,2
"2024-10-30","Algeria","(not set)",1,1
"2024-10-30","Canada","(not set)",1,1
"2024-10-30","Guatemala","(not set)",1,1
"2024-10-30","Indonesia","(not set)",1,1
"2024-10-30","Morocco","(not set)",1,1
"2024-10-30","Mozambique","(not set)",1,1
"2024-10-30","Oman","(not set)",1,1
"2024-10-30","Puerto Rico","(not set)",1,1
"2024-10-30","Saudi Arabia","(not set)",1,1
"2024-10-30","Singapore","(not set)",1,1
"2024-10-30","South Africa","(not set)",1,1
"2024-10-30","Spain","(not set)",1,1
"2024-10-30","United Arab Emirates","(not set)",1,1
"2024-10-30","United Kingdom","(not set)",1,1
"2024-10-31","Brazil","(not set)",856,846
"2024-10-31","United States","(not set)",42,42
"2024-10-31","China","(not set)",6,6
"2024-10-31","Egypt","(not set)",6,6
"2024-10-31","Iran","(not set)",5,5
"2024-10-31","Jordan","(not set)",3,3
"2024-10-31","Bangladesh","(not set)",2,2
"2024-10-31","(not set)","(not set)",1,1
"2024-10-31","Dominican Republic","(not set)",1,1
"2024-10-31","France","(not set)",1,1
"2024-10-31","Hungary","(not set)",1,1
"2024-10-31","India","(not set)",1,1
"2024-10-31","Indonesia","(not set)",1,1
"2024-10-31","Malaysia","(not set)",1,1
"2024-10-31","Mexico","(not set)",1,1
"2024-10-31","Mozambique","(not set)",1,1
"2024-10-31","Nigeria","(not set)",1,1
"2024-10-31","Portugal","(not set)",1,1
"2024-10-31","Türkiye","(not set)",1,1
"2024-10-31","United Kingdom","(not set)",1,1
"2024-10-31","Zambia","(not set)",1,1
"2024-11-01","Brazil","(not set)",878,866
"2024-11-01","United States","(not set)",25,25
"2024-11-01","Iran","(not set)",9,9
"2024-11-01","(not set)","(not set)",6,6
"2024-11-01","India","(not set)",4,4
"2024-11-01","Indonesia","(not set)",3,3
"2024-11-01","Bangladesh","(not set)",2,2
"2024-11-01","Colombia","(not set)",2,2
"2024-11-01","Germany","(not set)",2,2
"2024-11-01","Mexico","(not set)",2,2
"2024-11-01","Mozambique","(not set)",2,2
"2024-11-01","Algeria","(not set)",1,1
"2024-11-01","Egypt","(not set)",1,1
"2024-11-01","France","(not set)",1,1
"2024-11-01","Jordan","(not set)",1,1
"2024-11-01","Malaysia","(not set)",1,1
"2024-11-01","Morocco","(not set)",1,1
"2024-11-01","Netherlands","(not set)",1,1
"2024-11-01","Oman","(not set)",1,1
"2024-11-01","Philippines","(not set)",1,1
"2024-11-01","Portugal","(not set)",1,1
"2024-11-01","Russia","(not set)",1,1
"2024-11-01","Saudi Arabia","(not set)",1,1
"2024-11-01","South Africa","(not set)",1,1
"2024-11-01","Spain","(not set)",1,1
"2024-11-01","Thailand","(not set)",1,1
"2024-11-01","Tunisia","(not set)",1,1
"2024-11-02","Brazil","(not set)",1053,1045
"2024-11-02","United States","(not set)",33,32
"2024-11-02","Egypt","(not set)",5,5
"2024-11-02","Algeria","(not set)",3,3
"2024-11-02","Bangladesh","(not set)",3,3
"2024-11-02","Indonesia","(not set)",3,3
"2024-11-02","United Kingdom","(not set)",3,3
"2024-11-02","Iran","(not set)",2,2
"2024-11-02","Netherlands","(not set)",2,2
"2024-11-02","(not set)","(not set)",1,1
"2024-11-02","Australia","(not set)",1,1
"2024-11-02","France","(not set)",1,1
"2024-11-02","Guatemala","(not set)",1,1
"2024-11-02","India","(not set)",1,1
"2024-11-02","Israel","(not set)",1,1
"2024-11-02","Japan","(not set)",1,1
"2024-11-02","Malawi","(not set)",1,1
"2024-11-02","Mexico","(not set)",1,1
"2024-11-02","Morocco","(not set)",1,1
"2024-11-02","Pakistan","(not set)",1,1
"2024-11-02","Puerto Rico","(not set)",1,1
"2024-11-02","Saudi Arabia","(not set)",1,1
"2024-11-02","Tunisia","(not set)",1,1
"2024-11-02","Uganda","(not set)",1,1
"2024-11-03","Brazil","(not set)",1061,1054
"2024-11-03","United States","(not set)",35,35
"2024-11-03","Algeria","(not set)",5,5
"2024-11-03","Iran","(not set)",5,5
"2024-11-03","Egypt","(not set)",4,4
"2024-11-03","Indonesia","(not set)",3,3
"2024-11-03","Morocco","(not set)",3,3
"2024-11-03","Bangladesh","(not set)",2,2
"2024-11-03","Mexico","(not set)",2,2
"2024-11-03","(not set)","(not set)",1,1
"2024-11-03","Angola","(not set)",1,1
"2024-11-03","Chile","(not set)",1,1
"2024-11-03","Ecuador","(not set)",1,1
"2024-11-03","El Salvador","(not set)",1,1
"2024-11-03","Ghana","(not set)",1,1
"2024-11-03","India","(not set)",1,1
"2024-11-03","Nigeria","(not set)",1,1
"2024-11-03","North Macedonia","(not set)",1,1
"2024-11-03","Philippines","(not set)",1,1
"2024-11-03","Qatar","(not set)",1,1
"2024-11-03","Rwanda","(not set)",1,1
"2024-11-03","Saudi Arabia","(not set)",1,1
"2024-11-03","Thailand","(not set)",1,1
"2024-11-03","United Arab Emirates","(not set)",1,1
"2024-11-03","Vietnam","(not set)",1,1
"2024-11-04","Brazil","(not set)",870,859
"2024-11-04","United States","(not set)",32,32
"2024-11-04","Egypt","(not set)",6,2
"2024-11-04","(not set)","(not set)",4,3
"2024-11-04","Iran","(not set)",4,4
"2024-11-04","Indonesia","(not set)",3,3
"2024-11-04","Colombia","(not set)",2,2
"2024-11-04","Saudi Arabia","(not set)",2,2
"2024-11-04","Algeria","(not set)",1,1
"2024-11-04","Bangladesh","(not set)",1,1
"2024-11-04","Germany","(not set)",1,1
"2024-11-04","Madagascar","(not set)",1,1
"2024-11-04","Malaysia","(not set)",1,1
"2024-11-04","Morocco","(not set)",1,1
"2024-11-04","Mozambique","(not set)",1,1
"2024-11-04","Oman","(not set)",1,1
"2024-11-04","Pakistan","(not set)",1,1
"2024-11-04","Portugal","(not set)",1,1
"2024-11-04","Spain","(not set)",1,1
"2024-11-04","Syria","(not set)",1,1
"2024-11-05","Brazil","(not set)",818,804
"2024-11-05","United States","(not set)",21,21
"2024-11-05","Indonesia","(not set)",4,4
"2024-11-05","China","(not set)",3,3
"2024-11-05","Egypt","(not set)",3,3
"2024-11-05","Mexico","(not set)",3,3
"2024-11-05","Netherlands","(not set)",3,3
"2024-11-05","Saudi Arabia","(not set)",3,3
"2024-11-05","Bangladesh","(not set)",2,2
"2024-11-05","France","(not set)",2,2
"2024-11-05","Iran","(not set)",2,2
"2024-11-05","Thailand","(not set)",2,2
"2024-11-05","Algeria","(not set)",1,1
"2024-11-05","Colombia","(not set)",1,1
"2024-11-05","Ecuador","(not set)",1,1
"2024-11-05","Germany","(not set)",1,1
"2024-11-05","Honduras","(not set)",1,1
"2024-11-05","Hungary","(not set)",1,1
"2024-11-05","Iceland","(not set)",1,1
"2024-11-05","India","(not set)",1,1
"2024-11-05","Israel","(not set)",1,1
"2024-11-05","Nigeria","(not set)",1,1
"2024-11-05","Portugal","(not set)",1,1
"2024-11-05","Puerto Rico","(not set)",1,1
"2024-11-06","Brazil","(not set)",839,828
"2024-11-06","United States","(not set)",27,25
"2024-11-06","(not set)","(not set)",4,4
"2024-11-06","India","(not set)",3,3
"2024-11-06","Mexico","(not set)",3,3
"2024-11-06","Morocco","(not set)",3,3
"2024-11-06","Germany","(not set)",2,2
"2024-11-06","Indonesia","(not set)",2,2
"2024-11-06","Iran","(not set)",2,2
"2024-11-06","Saudi Arabia","(not set)",2,2
"2024-11-06","Angola","(not set)",1,1
"2024-11-06","Belgium","(not set)",1,1
"2024-11-06","Egypt","(not set)",1,1
"2024-11-06","Hungary","(not set)",1,1
"2024-11-06","Mozambique","(not set)",1,1
"2024-11-06","Norway","(not set)",1,1
"2024-11-06","Philippines","(not set)",1,1
"2024-11-06","South Korea","(not set)",1,1
"2024-11-06","Sweden","(not set)",1,1
"2024-11-07","Brazil","(not set)",721,713
"2024-11-07","United States","(not set)",37,36
"2024-11-07","Mexico","(not set)",4,4
"2024-11-07","Algeria","(not set)",3,2
"2024-11-07","Bangladesh","(not set)",3,3
"2024-11-07","Egypt","(not set)",3,3
"2024-11-07","India","(not set)",2,2
"2024-11-07","Israel","(not set)",2,2
"2024-11-07","United Kingdom","(not set)",2,2
"2024-11-07","(not set)","(not set)",1,1
"2024-11-07","Albania","(not set)",1,1
"2024-11-07","Canada","(not set)",1,1
"2024-11-07","Costa Rica","(not set)",1,1
"2024-11-07","Indonesia","(not set)",1,1
"2024-11-07","Iran","(not set)",1,1
"2024-11-07","Jordan","(not set)",1,1
"2024-11-07","Pakistan","(not set)",1,1
"2024-11-07","Philippines","(not set)",1,1
"2024-11-07","Saudi Arabia","(not set)",1,1
"2024-11-07","Syria","(not set)",1,1
"2024-11-08","Brazil","(not set)",770,757
"2024-11-08","United States","(not set)",20,20
"2024-11-08","Indonesia","(not set)",3,3
"2024-11-08","Iran","(not set)",3,3
"2024-11-08","Canada","(not set)",2,2
"2024-11-08","India","(not set)",2,2
"2024-11-08","Morocco","(not set)",2,2
"2024-11-08","Algeria","(not set)",1,1
"2024-11-08","Australia","(not set)",1,1
"2024-11-08","Ecuador","(not set)",1,1
"2024-11-08","France","(not set)",1,1
"2024-11-08","Hungary","(not set)",1,1
"2024-11-08","Mexico","(not set)",1,1
"2024-11-08","New Zealand","(not set)",1,1
"2024-11-08","Nicaragua","(not set)",1,1
"2024-11-08","Nigeria","(not set)",1,1
"2024-11-08","Philippines","(not set)",1,1
"2024-11-09","Brazil","(not set)",957,947
"2024-11-09","United States","(not set)",35,35
"2024-11-09","China","(not set)",8,8
"2024-11-09","Bangladesh","(not set)",5,5
"2024-11-09","Egypt","(not set)",3,3
"2024-11-09","India","(not set)",2,2
"2024-11-09","Indonesia","(not set)",2,2
"2024-11-09","Iran","(not set)",2,2
"2024-11-09","(not set)","(not set)",1,1
"2024-11-09","Algeria","(not set)",1,1
"2024-11-09","Argentina","(not set)",1,1
"2024-11-09","Germany","(not set)",1,1
"2024-11-09","Hungary","(not set)",1,1
"2024-11-09","Kenya","(not set)",1,1
"2024-11-09","Mexico","(not set)",1,1
"2024-11-09","Morocco","(not set)",1,1
"2024-11-09","Nigeria","(not set)",1,1
"2024-11-09","Pakistan","(not set)",1,1
"2024-11-09","Russia","(not set)",1,1
"2024-11-09","South Africa","(not set)",1,1
"2024-11-09","Syria","(not set)",1,1
"2024-11-10","Brazil","(not set)",1027,1017
"2024-11-10","United States","(not set)",39,39
"2024-11-10","Egypt","(not set)",7,7
"2024-11-10","Iran","(not set)",4,4
"2024-11-10","Bangladesh","(not set)",3,3
"2024-11-10","Netherlands","(not set)",3,2
"2024-11-10","Colombia","(not set)",2,2
"2024-11-10","India","(not set)",2,2
"2024-11-10","Mexico","(not set)",2,2
"2024-11-10","Türkiye","(not set)",2,2
"2024-11-10","United Kingdom","(not set)",2,2
"2024-11-10","Algeria","(not set)",1,1
"2024-11-10","Argentina","(not set)",1,1
"2024-11-10","France","(not set)",1,1
"2024-11-10","Georgia","(not set)",1,1
"2024-11-10","Indonesia","(not set)",1,1
"2024-11-10","Kuwait","(not set)",1,1
"2024-11-10","Libya","(not set)",1,1
"2024-11-10","Portugal","(not set)",1,1
"2024-11-10","Rwanda","(not set)",1,1
"2024-11-10","Saudi Arabia","(not set)",1,1
"2024-11-10","Spain","(not set)",1,1
"2024-11-10","Sudan","(not set)",1,1
"2024-11-10","Uganda","(not set)",1,1
"2024-11-10","United Arab Emirates","(not set)",1,1
"2024-11-10","Yemen","(not set)",1,1
"2024-11-11","Brazil","(not set)",793,788
"2024-11-11","United States","(not set)",34,31
"2024-11-11","Egypt","(not set)",5,5
"2024-11-11","Bangladesh","(not set)",2,2
"2024-11-11","Canada","(not set)",2,2
"2024-11-11","Indonesia","(not set)",2,2
"2024-11-11","Mexico","(not set)",2,2
"2024-11-11","Colombia","(not set)",1,1
"2024-11-11","Ethiopia","(not set)",1,1
"2024-11-11","Iran","(not set)",1,1
"2024-11-11","Morocco","(not set)",1,1
"2024-11-11","Puerto Rico","(not set)",1,1
"2024-11-11","Russia","(not set)",1,1
"2024-11-11","Thailand","(not set)",1,1
"2024-11-12","Brazil","(not set)",893,877
"2024-11-12","United States","(not set)",30,30
"2024-11-12","Egypt","(not set)",7,7
"2024-11-12","Bangladesh","(not set)",3,3
"2024-11-12","(not set)","(not set)",2,2
"2024-11-12","India","(not set)",2,2
"2024-11-12","France","(not set)",1,1
"2024-11-12","Germany","(not set)",1,1
"2024-11-12","Indonesia","(not set)",1,1
"2024-11-12","Iran","(not set)",1,1
"2024-11-12","Mexico","(not set)",1,1
"2024-11-12","Morocco","(not set)",1,1
"2024-11-12","Thailand","(not set)",1,1
"2024-11-13","Brazil","(not set)",992,981
"2024-11-13","United States","(not set)",27,27
"2024-11-13","Egypt","(not set)",11,11
"2024-11-13","Bangladesh","(not set)",6,6
"2024-11-13","Iran","(not set)",3,3
"2024-11-13","Saudi Arabia","(not set)",3,3
"2024-11-13","France","(not set)",2,2
"2024-11-13","Iraq","(not set)",2,2
"2024-11-13","Israel","(not set)",2,2
"2024-11-13","Morocco","(not set)",2,2
"2024-11-13","(not set)","(not set)",1,1
"2024-11-13","Canada","(not set)",1,1
"2024-11-13","Hungary","(not set)",1,1
"2024-11-13","India","(not set)",1,1
"2024-11-13","Indonesia","(not set)",1,1
"2024-11-13","Italy","(not set)",1,1
"2024-11-13","Jordan","(not set)",1,1
"2024-11-13","Malaysia","(not set)",1,1
"2024-11-13","Mexico","(not set)",1,1
"2024-11-13","Mozambique","(not set)",1,1
"2024-11-13","Nigeria","(not set)",1,1
"2024-11-13","Türkiye","(not set)",1,1
"2024-11-13","Uzbekistan","(not set)",1,1
"2024-11-14","Brazil","(not set)",948,937
"2024-11-14","United States","(not set)",21,21
"2024-11-14","India","(not set)",8,8
"2024-11-14","Egypt","(not set)",6,6
"2024-11-14","Bangladesh","(not set)",5,5
"2024-11-14","Indonesia","(not set)",5,5
"2024-11-14","(not set)","(not set)",3,3
"2024-11-14","Iran","(not set)",3,3
"2024-11-14","Mexico","(not set)",3,3
"2024-11-14","Saudi Arabia","(not set)",3,3
"2024-11-14","Israel","(not set)",2,2
"2024-11-14","Peru","(not set)",2,2
"2024-11-14","Algeria","(not set)",1,1
"2024-11-14","Argentina","(not set)",1,1
"2024-11-14","Colombia","(not set)",1,1
"2024-11-14","France","(not set)",1,1
"2024-11-14","Guatemala","(not set)",1,1
"2024-11-14","Hungary","(not set)",1,1
"2024-11-14","Morocco","(not set)",1,1
"2024-11-14","Portugal","(not set)",1,1
"2024-11-14","South Korea","(not set)",1,1
"2024-11-14","Thailand","(not set)",1,1
"2024-11-14","United Arab Emirates","(not set)",1,1
"2024-11-15","Brazil","(not set)",1217,1201
"2024-11-15","United States","(not set)",29,29
"2024-11-15","Egypt","(not set)",8,8
"2024-11-15","Bangladesh","(not set)",6,6
"2024-11-15","Indonesia","(not set)",6,6
"2024-11-15","Mexico","(not set)",6,6
"2024-11-15","Iran","(not set)",3,3
"2024-11-15","Tunisia","(not set)",2,2
"2024-11-15","(not set)","(not set)",1,1
"2024-11-15","Algeria","(not set)",1,1
"2024-11-15","Argentina","(not set)",1,1
"2024-11-15","China","(not set)",1,1
"2024-11-15","Germany","(not set)",1,1
"2024-11-15","Hungary","(not set)",1,1
"2024-11-15","Morocco","(not set)",1,1
"2024-11-15","Paraguay","(not set)",1,1
"2024-11-15","Portugal","(not set)",1,1
"2024-11-15","South Korea","(not set)",1,1
"2024-11-15","Thailand","(not set)",1,1
"2024-11-15","Uzbekistan","(not set)",1,1
"2024-11-15","Yemen","(not set)",1,1
"2024-11-16","Brazil","(not set)",1173,1160
"2024-11-16","United States","(not set)",41,41
"2024-11-16","Egypt","(not set)",8,8
"2024-11-16","Bangladesh","(not set)",6,6
"2024-11-16","Indonesia","(not set)",6,6
"2024-11-16","Algeria","(not set)",4,3
"2024-11-16","Mexico","(not set)",4,4
"2024-11-16","Saudi Arabia","(not set)",4,4
"2024-11-16","Iran","(not set)",3,3
"2024-11-16","France","(not set)",2,2
"2024-11-16","Jordan","(not set)",2,2
"2024-11-16","Bolivia","(not set)",1,1
"2024-11-16","Hungary","(not set)",1,1
"2024-11-16","Malawi","(not set)",1,1
"2024-11-16","Malaysia","(not set)",1,1
"2024-11-16","Myanmar (Burma)","(not set)",1,1
"2024-11-16","Netherlands","(not set)",1,1
"2024-11-16","Oman","(not set)",1,1
"2024-11-16","Philippines","(not set)",1,1
"2024-11-16","Senegal","(not set)",1,1
"2024-11-16","Thailand","(not set)",1,1
"2024-11-16","Türkiye","(not set)",1,1
"2024-11-16","Yemen","(not set)",1,1
"2024-11-17","Brazil","(not set)",1196,1185
"2024-11-17","United States","(not set)",36,33
"2024-11-17","Egypt","(not set)",5,5
"2024-11-17","Mexico","(not set)",4,4
"2024-11-17","Bangladesh","(not set)",3,3
"2024-11-17","India","(not set)",3,3
"2024-11-17","Jordan","(not set)",3,3
"2024-11-17","Algeria","(not set)",2,2
"2024-11-17","Indonesia","(not set)",2,2
"2024-11-17","Netherlands","(not set)",2,2
"2024-11-17","Pakistan","(not set)",2,2
"2024-11-17","Panama","(not set)",2,1
"2024-11-17","Argentina","(not set)",1,1
"2024-11-17","Canada","(not set)",1,1
"2024-11-17","Germany","(not set)",1,1
"2024-11-17","Hungary","(not set)",1,1
"2024-11-17","Iran","(not set)",1,1
"2024-11-17","Morocco","(not set)",1,1
"2024-11-17","Papua New Guinea","(not set)",1,1
"2024-11-17","Paraguay","(not set)",1,1
"2024-11-17","Puerto Rico","(not set)",1,1
"2024-11-18","Brazil","(not set)",954,941
"2024-11-18","United States","(not set)",35,35
"2024-11-18","Bangladesh","(not set)",6,5
"2024-11-18","Indonesia","(not set)",5,5
"2024-11-18","Argentina","(not set)",4,3
"2024-11-18","Egypt","(not set)",3,3
"2024-11-18","(not set)","(not set)",2,2
"2024-11-18","China","(not set)",2,2
"2024-11-18","Mexico","(not set)",2,2
"2024-11-18","United Kingdom","(not set)",2,2
"2024-11-18","Germany","(not set)",1,1
"2024-11-18","Iraq","(not set)",1,1
"2024-11-18","Kuwait","(not set)",1,1
"2024-11-18","Morocco","(not set)",1,1
"2024-11-18","Netherlands","(not set)",1,1
"2024-11-18","Oman","(not set)",1,1
"2024-11-18","Saudi Arabia","(not set)",1,1
"2024-11-19","Brazil","(not set)",929,911
"2024-11-19","United States","(not set)",21,20
"2024-11-19","Iran","(not set)",8,8
"2024-11-19","Egypt","(not set)",7,7
"2024-11-19","Indonesia","(not set)",4,4
"2024-11-19","(not set)","(not set)",2,2
"2024-11-19","Bangladesh","(not set)",1,1
"2024-11-19","China","(not set)",1,1
"2024-11-19","France","(not set)",1,1
"2024-11-19","India","(not set)",1,1
"2024-11-19","Kenya","(not set)",1,1
"2024-11-19","Mexico","(not set)",1,1
"2024-11-19","Nepal","(not set)",1,1
"2024-11-19","Netherlands","(not set)",1,1
"2024-11-19","Nigeria","(not set)",1,1
"2024-11-19","Saudi Arabia","(not set)",1,1
"2024-11-19","South Korea","(not set)",1,1
"2024-11-19","Uruguay","(not set)",1,1
"2024-11-20","Brazil","(not set)",1204,1190
"2024-11-20","United States","(not set)",41,38
"2024-11-20","Bangladesh","(not set)",6,6
"2024-11-20","Algeria","(not set)",5,5
"2024-11-20","Germany","(not set)",5,5
"2024-11-20","Iran","(not set)",5,5
"2024-11-20","Indonesia","(not set)",3,3
"2024-11-20","Iraq","(not set)",3,3
"2024-11-20","Morocco","(not set)",3,3
"2024-11-20","Egypt","(not set)",2,2
"2024-11-20","Ethiopia","(not set)",2,2
"2024-11-20","Hungary","(not set)",2,2
"2024-11-20","India","(not set)",2,2
"2024-11-20","Mexico","(not set)",2,2
"2024-11-20","Portugal","(not set)",2,2
"2024-11-20","Angola","(not set)",1,1
"2024-11-20","Czechia","(not set)",1,1
"2024-11-20","Finland","(not set)",1,1
"2024-11-20","France","(not set)",1,1
"2024-11-20","Italy","(not set)",1,1
"2024-11-20","Netherlands","(not set)",1,1
"2024-11-20","Nigeria","(not set)",1,1
"2024-11-20","Pakistan","(not set)",1,1
"2024-11-20","Switzerland","(not set)",1,1
"2024-11-20","Thailand","(not set)",1,1
"2024-11-20","Uruguay","(not set)",1,1
"2024-11-21","Brazil","(not set)",1000,990
"2024-11-21","United States","(not set)",29,29
"2024-11-21","(not set)","(not set)",4,4
"2024-11-21","Iran","(not set)",3,3
"2024-11-21","Mexico","(not set)",3,3
"2024-11-21","Egypt","(not set)",2,2
"2024-11-21","India","(not set)",2,2
"2024-11-21","Indonesia","(not set)",2,2
"2024-11-21","Algeria","(not set)",1,1
"2024-11-21","Angola","(not set)",1,1
"2024-11-21","Bangladesh","(not set)",1,1
"2024-11-21","Chile","(not set)",1,1
"2024-11-21","Dominican Republic","(not set)",1,1
"2024-11-21","Kuwait","(not set)",1,1
"2024-11-21","Morocco","(not set)",1,1
"2024-11-21","Myanmar (Burma)","(not set)",1,1
"2024-11-21","Netherlands","(not set)",1,1
"2024-11-21","Pakistan","(not set)",1,1
"2024-11-21","Saudi Arabia","(not set)",1,1
"2024-11-21","Tunisia","(not set)",1,1
"2024-11-21","United Kingdom","(not set)",1,1
"2024-11-22","Brazil","(not set)",888,878
"2024-11-22","United States","(not set)",30,30
"2024-11-22","Bangladesh","(not set)",10,10
"2024-11-22","Egypt","(not set)",5,5
"2024-11-22","Argentina","(not set)",4,4
"2024-11-22","India","(not set)",3,3
"2024-11-22","Iran","(not set)",3,3
"2024-11-22","Mexico","(not set)",3,3
"2024-11-22","(not set)","(not set)",2,2
"2024-11-22","Indonesia","(not set)",2,2
"2024-11-22","Algeria","(not set)",1,1
"2024-11-22","Belgium","(not set)",1,1
"2024-11-22","Cameroon","(not set)",1,1
"2024-11-22","Canada","(not set)",1,1
"2024-11-22","Germany","(not set)",1,1
"2024-11-22","Iraq","(not set)",1,1
"2024-11-22","Malaysia","(not set)",1,1
"2024-11-22","Russia","(not set)",1,1
"2024-11-22","Saudi Arabia","(not set)",1,1
"2024-11-22","Thailand","(not set)",1,1
"2024-11-22","Türkiye","(not set)",1,1
"2024-11-23","Brazil","(not set)",1031,1018
"2024-11-23","United States","(not set)",42,42
"2024-11-23","Egypt","(not set)",8,8
"2024-11-23","Bangladesh","(not set)",6,6
"2024-11-23","France","(not set)",4,4
"2024-11-23","Indonesia","(not set)",4,4
"2024-11-23","Iran","(not set)",3,3
"2024-11-23","Germany","(not set)",2,2
"2024-11-23","Hungary","(not set)",2,2
"2024-11-23","India","(not set)",2,2
"2024-11-23","Puerto Rico","(not set)",2,2
"2024-11-23","Albania","(not set)",1,1
"2024-11-23","Algeria","(not set)",1,1
"2024-11-23","Argentina","(not set)",1,1
"2024-11-23","Bahrain","(not set)",1,1
"2024-11-23","Chile","(not set)",1,1
"2024-11-23","Honduras","(not set)",1,1
"2024-11-23","Israel","(not set)",1,1
"2024-11-23","Malaysia","(not set)",1,1
"2024-11-23","Mexico","(not set)",1,1
"2024-11-23","Morocco","(not set)",1,1
"2024-11-23","Mozambique","(not set)",1,1
"2024-11-23","Netherlands","(not set)",1,1
"2024-11-23","Peru","(not set)",1,1
"2024-11-23","Saudi Arabia","(not set)",1,1
"2024-11-23","Syria","(not set)",1,1
"2024-11-23","Tanzania","(not set)",1,1
"2024-11-23","Türkiye","(not set)",1,1
"2024-11-23","Uganda","(not set)",1,1
"2024-11-23","United Arab Emirates","(not set)",1,1
"2024-11-23","Yemen","(not set)",1,1
"2024-11-24","Brazil","(not set)",1160,1145
"2024-11-24","United States","(not set)",37,36
"2024-11-24","Iran","(not set)",9,9
"2024-11-24","Egypt","(not set)",6,6
"2024-11-24","Bangladesh","(not set)",5,4
"2024-11-24","France","(not set)",4,3
"2024-11-24","Germany","(not set)",4,4
"2024-11-24","Canada","(not set)",2,2
"2024-11-24","India","(not set)",2,2
"2024-11-24","Indonesia","(not set)",2,2
"2024-11-24","Morocco","(not set)",2,2
"2024-11-24","Portugal","(not set)",2,2
"2024-11-24","Saudi Arabia","(not set)",2,2
"2024-11-24","Singapore","(not set)",2,2
"2024-11-24","Algeria","(not set)",1,1
"2024-11-24","Argentina","(not set)",1,1
"2024-11-24","Bolivia","(not set)",1,1
"2024-11-24","Denmark","(not set)",1,1
"2024-11-24","Hungary","(not set)",1,1
"2024-11-24","Jordan","(not set)",1,1
"2024-11-24","Mexico","(not set)",1,1
"2024-11-24","Netherlands","(not set)",1,1
"2024-11-24","Oman","(not set)",1,1
"2024-11-24","Paraguay","(not set)",1,1
"2024-11-24","Philippines","(not set)",1,1
"2024-11-24","Syria","(not set)",1,1
"2024-11-24","Türkiye","(not set)",1,1
"2024-11-24","United Kingdom","(not set)",1,1
"2024-11-25","Brazil","(not set)",943,929
"2024-11-25","United States","(not set)",39,39
"2024-11-25","Iran","(not set)",6,6
"2024-11-25","Egypt","(not set)",4,4
"2024-11-25","Indonesia","(not set)",3,3
"2024-11-25","Algeria","(not set)",2,2
"2024-11-25","Bangladesh","(not set)",2,2
"2024-11-25","Jordan","(not set)",2,2
"2024-11-25","Portugal","(not set)",2,2
"2024-11-25","Argentina","(not set)",1,1
"2024-11-25","Ecuador","(not set)",1,1
"2024-11-25","France","(not set)",1,1
"2024-11-25","Germany","(not set)",1,1
"2024-11-25","India","(not set)",1,1
"2024-11-25","Iraq","(not set)",1,1
"2024-11-25","Morocco","(not set)",1,1
"2024-11-25","Norway","(not set)",1,1
"2024-11-25","Panama","(not set)",1,1
"2024-11-25","Peru","(not set)",1,1
"2024-11-25","Philippines","(not set)",1,1
"2024-11-25","Rwanda","(not set)",1,1
"2024-11-25","Saudi Arabia","(not set)",1,1
"2024-11-25","South Korea","(not set)",1,1
"2024-11-26","Brazil","(not set)",978,967
"2024-11-26","United States","(not set)",25,25
"2024-11-26","Bangladesh","(not set)",7,7
"2024-11-26","Iran","(not set)",6,6
"2024-11-26","India","(not set)",5,5
"2024-11-26","Egypt","(not set)",4,4
"2024-11-26","Morocco","(not set)",3,3
"2024-11-26","Netherlands","(not set)",2,2
"2024-11-26","Nigeria","(not set)",2,2
"2024-11-26","Saudi Arabia","(not set)",2,2
"2024-11-26","(not set)","(not set)",1,1
"2024-11-26","Algeria","(not set)",1,1
"2024-11-26","France","(not set)",1,1
"2024-11-26","Germany","(not set)",1,1
"2024-11-26","Hungary","(not set)",1,1
"2024-11-26","Indonesia","(not set)",1,1
"2024-11-26","Iraq","(not set)",1,1
"2024-11-26","Malaysia","(not set)",1,1
"2024-11-26","Mexico","(not set)",1,1
"2024-11-26","Paraguay","(not set)",1,1
"2024-11-26","South Korea","(not set)",1,1
"2024-11-26","Syria","(not set)",1,1
"2024-11-26","Türkiye","(not set)",1,1
"2024-11-26","Uruguay","(not set)",1,1
"2024-11-27","Brazil","(not set)",856,846
"2024-11-27","United States","(not set)",19,19
"2024-11-27","Egypt","(not set)",8,8
"2024-11-27","Bangladesh","(not set)",5,5
"2024-11-27","Iran","(not set)",5,5
"2024-11-27","Algeria","(not set)",4,4
"2024-11-27","Netherlands","(not set)",3,1
"2024-11-27","Saudi Arabia","(not set)",3,3
"2024-11-27","Angola","(not set)",2,2
"2024-11-27","India","(not set)",2,2
"2024-11-27","Indonesia","(not set)",2,2
"2024-11-27","Mexico","(not set)",2,2
"2024-11-27","Yemen","(not set)",2,2
"2024-11-27","(not set)","(not set)",1,1
"2024-11-27","Canada","(not set)",1,1
"2024-11-27","Colombia","(not set)",1,1
"2024-11-27","Cyprus","(not set)",1,1
"2024-11-27","Ecuador","(not set)",1,1
"2024-11-27","Germany","(not set)",1,1
"2024-11-27","Israel","(not set)",1,1
"2024-11-27","Jordan","(not set)",1,1
"2024-11-27","Poland","(not set)",1,1
"2024-11-27","Puerto Rico","(not set)",1,1
"2024-11-27","Russia","(not set)",1,1
"2024-11-27","United Kingdom","(not set)",1,1
"2024-11-28","Brazil","(not set)",919,905
"2024-11-28","United States","(not set)",38,37
"2024-11-28","Bangladesh","(not set)",5,5
"2024-11-28","Egypt","(not set)",5,5
"2024-11-28","Mexico","(not set)",2,2
"2024-11-28","Morocco","(not set)",2,2
"2024-11-28","Thailand","(not set)",2,2
"2024-11-28","Algeria","(not set)",1,1
"2024-11-28","France","(not set)",1,1
"2024-11-28","Indonesia","(not set)",1,1
"2024-11-28","Iran","(not set)",1,1
"2024-11-28","Jordan","(not set)",1,1
"2024-11-28","Malaysia","(not set)",1,1
"2024-11-28","Puerto Rico","(not set)",1,1
"2024-11-28","South Korea","(not set)",1,1
"2024-11-28","United Arab Emirates","(not set)",1,1
"2024-11-28","United Kingdom","(not set)",1,1
"2024-11-28","Yemen","(not set)",1,1
"2024-11-29","Brazil","(not set)",856,847
"2024-11-29","United States","(not set)",22,22
"2024-11-29","Egypt","(not set)",4,4
"2024-11-29","Iran","(not set)",4,4
"2024-11-29","Bangladesh","(not set)",3,2
"2024-11-29","India","(not set)",3,3
"2024-11-29","Indonesia","(not set)",3,3
"2024-11-29","(not set)","(not set)",2,2
"2024-11-29","Argentina","(not set)",2,2
"2024-11-29","Saudi Arabia","(not set)",2,2
"2024-11-29","Algeria","(not set)",1,1
"2024-11-29","Canada","(not set)",1,1
"2024-11-29","Chile","(not set)",1,1
"2024-11-29","Germany","(not set)",1,1
"2024-11-29","Jordan","(not set)",1,1
"2024-11-29","Oman","(not set)",1,1
"2024-11-29","Singapore","(not set)",1,1
"2024-11-29","South Korea","(not set)",1,1
"2024-11-29","United Kingdom","(not set)",1,1
"2024-11-30","Brazil","(not set)",1070,1060
"2024-11-30","United States","(not set)",24,24
"2024-11-30","Bangladesh","(not set)",5,5
"2024-11-30","India","(not set)",5,5
"2024-11-30","Canada","(not set)",3,3
"2024-11-30","Egypt","(not set)",3,3
"2024-11-30","Indonesia","(not set)",3,3
"2024-11-30","Iran","(not set)",3,3
"2024-11-30","France","(not set)",2,2
"2024-11-30","Mexico","(not set)",2,2
"2024-11-30","Algeria","(not set)",1,1
"2024-11-30","Argentina","(not set)",1,1
"2024-11-30","Bahrain","(not set)",1,1
"2024-11-30","Colombia","(not set)",1,1
"2024-11-30","Ethiopia","(not set)",1,1
"2024-11-30","Germany","(not set)",1,1
"2024-11-30","Haiti","(not set)",1,1
"2024-11-30","Italy","(not set)",1,1
"2024-11-30","Malaysia","(not set)",1,1
"2024-11-30","Nigeria","(not set)",1,1
"2024-11-30","Pakistan","(not set)",1,1
"2024-11-30","Saudi Arabia","(not set)",1,1
"2024-11-30","Türkiye","(not set)",1,1
"2024-11-30","United Arab Emirates","(not set)",1,1
"2024-12-01","Brazil","(not set)",1246,1236
"2024-12-01","United States","(not set)",40,40
"2024-12-01","Egypt","(not set)",9,9
"2024-12-01","Bangladesh","(not set)",5,5
"2024-12-01","Iran","(not set)",5,5
"2024-12-01","Jordan","(not set)",3,3
"2024-12-01","South Korea","(not set)",3,3
"2024-12-01","Algeria","(not set)",2,2
"2024-12-01","India","(not set)",2,2
"2024-12-01","Indonesia","(not set)",2,2
"2024-12-01","Mexico","(not set)",2,2
"2024-12-01","Saudi Arabia","(not set)",2,2
"2024-12-01","(not set)","(not set)",1,1
"2024-12-01","Bahrain","(not set)",1,1
"2024-12-01","Bolivia","(not set)",1,1
"2024-12-01","Canada","(not set)",1,1
"2024-12-01","Chile","(not set)",1,1
"2024-12-01","France","(not set)",1,1
"2024-12-01","Germany","(not set)",1,1
"2024-12-01","Hungary","(not set)",1,1
"2024-12-01","Iraq","(not set)",1,1
"2024-12-01","Morocco","(not set)",1,1
"2024-12-01","Philippines","(not set)",1,1
"2024-12-01","Serbia","(not set)",1,1
"2024-12-01","Tanzania","(not set)",1,1
"2024-12-01","Uganda","(not set)",1,1
"2024-12-01","United Arab Emirates","(not set)",1,1
"2024-12-01","Yemen","(not set)",1,1
"2024-12-02","Brazil","(not set)",985,978
"2024-12-02","United States","(not set)",23,23
"2024-12-02","Egypt","(not set)",7,6
"2024-12-02","Indonesia","(not set)",6,6
"2024-12-02","(not set)","(not set)",5,5
"2024-12-02","Bangladesh","(not set)",4,4
"2024-12-02","Iran","(not set)",4,3
"2024-12-02","Algeria","(not set)",3,3
"2024-12-02","India","(not set)",2,2
"2024-12-02","Morocco","(not set)",2,2
"2024-12-02","Saudi Arabia","(not set)",2,2
"2024-12-02","Thailand","(not set)",2,2
"2024-12-02","United Kingdom","(not set)",2,2
"2024-12-02","Hong Kong","(not set)",1,1
"2024-12-02","Mexico","(not set)",1,1
"2024-12-02","Netherlands","(not set)",1,1
"2024-12-02","United Arab Emirates","(not set)",1,1
"2024-12-03","Brazil","(not set)",1065,1049
"2024-12-03","United States","(not set)",28,28
"2024-12-03","Egypt","(not set)",10,10
"2024-12-03","India","(not set)",6,6
"2024-12-03","Bangladesh","(not set)",5,5
"2024-12-03","Algeria","(not set)",4,4
"2024-12-03","Morocco","(not set)",4,2
"2024-12-03","Indonesia","(not set)",3,3
"2024-12-03","Mexico","(not set)",2,2
"2024-12-03","Argentina","(not set)",1,1
"2024-12-03","Canada","(not set)",1,1
"2024-12-03","Germany","(not set)",1,1
"2024-12-03","Hungary","(not set)",1,1
"2024-12-03","Iran","(not set)",1,1
"2024-12-03","Jordan","(not set)",1,1
"2024-12-03","Kuwait","(not set)",1,1
"2024-12-03","Malaysia","(not set)",1,1
"2024-12-03","Mozambique","(not set)",1,1
"2024-12-03","Spain","(not set)",1,1
"2024-12-03","Sri Lanka","(not set)",1,1
"2024-12-03","United Kingdom","(not set)",1,1
"2024-12-04","Brazil","(not set)",1346,1327
"2024-12-04","United States","(not set)",55,55
"2024-12-04","(not set)","(not set)",4,3
"2024-12-04","Indonesia","(not set)",4,4
"2024-12-04","Iran","(not set)",4,4
"2024-12-04","Saudi Arabia","(not set)",4,4
"2024-12-04","Algeria","(not set)",3,3
"2024-12-04","Egypt","(not set)",3,3
"2024-12-04","Portugal","(not set)",3,3
"2024-12-04","Germany","(not set)",2,2
"2024-12-04","Netherlands","(not set)",2,2
"2024-12-04","Argentina","(not set)",1,1
"2024-12-04","Australia","(not set)",1,1
"2024-12-04","Bahrain","(not set)",1,1
"2024-12-04","Bangladesh","(not set)",1,1
"2024-12-04","Colombia","(not set)",1,1
"2024-12-04","Cuba","(not set)",1,1
"2024-12-04","France","(not set)",1,1
"2024-12-04","Ghana","(not set)",1,1
"2024-12-04","Japan","(not set)",1,1
"2024-12-04","Jordan","(not set)",1,1
"2024-12-04","Mexico","(not set)",1,1
"2024-12-04","Nepal","(not set)",1,1
"2024-12-04","Oman","(not set)",1,1
"2024-12-04","Poland","(not set)",1,1
"2024-12-04","Puerto Rico","(not set)",1,1
"2024-12-04","Türkiye","(not set)",1,1
"2024-12-04","Venezuela","(not set)",1,1
"2024-12-04","Vietnam","(not set)",1,1
"2024-12-05","Brazil","(not set)",1204,1187
"2024-12-05","United States","(not set)",46,45
"2024-12-05","Egypt","(not set)",10,8
"2024-12-05","Saudi Arabia","(not set)",3,3
"2024-12-05","(not set)","(not set)",2,2
"2024-12-05","Algeria","(not set)",2,2
"2024-12-05","Argentina","(not set)",2,2
"2024-12-05","Bangladesh","(not set)",2,2
"2024-12-05","India","(not set)",2,2
"2024-12-05","Iran","(not set)",2,2
"2024-12-05","Malaysia","(not set)",2,2
"2024-12-05","Mexico","(not set)",2,2
"2024-12-05","United Kingdom","(not set)",2,2
"2024-12-05","Canada","(not set)",1,1
"2024-12-05","Chad","(not set)",1,1
"2024-12-05","Chile","(not set)",1,1
"2024-12-05","Colombia","(not set)",1,1
"2024-12-05","France","(not set)",1,1
"2024-12-05","Hungary","(not set)",1,1
"2024-12-05","Indonesia","(not set)",1,1
"2024-12-05","Japan","(not set)",1,1
"2024-12-05","Jordan","(not set)",1,1
"2024-12-05","Morocco","(not set)",1,1
"2024-12-05","Netherlands","(not set)",1,1
"2024-12-05","Oman","(not set)",1,1
"2024-12-05","Pakistan","(not set)",1,1
"2024-12-05","Papua New Guinea","(not set)",1,1
"2024-12-05","Portugal","(not set)",1,1
"2024-12-05","Romania","(not set)",1,1
"2024-12-05","United Arab Emirates","(not set)",1,1
"2024-12-05","Vietnam","(not set)",1,1
"2024-12-06","Brazil","(not set)",1072,1057
"2024-12-06","United States","(not set)",36,36
"2024-12-06","Iran","(not set)",7,7
"2024-12-06","Bangladesh","(not set)",5,5
"2024-12-06","Egypt","(not set)",5,5
"2024-12-06","Indonesia","(not set)",5,5
"2024-12-06","Mexico","(not set)",4,4
"2024-12-06","(not set)","(not set)",3,3
"2024-12-06","Saudi Arabia","(not set)",2,2
"2024-12-06","Algeria","(not set)",1,1
"2024-12-06","Argentina","(not set)",1,1
"2024-12-06","France","(not set)",1,1
"2024-12-06","Hong Kong","(not set)",1,1
"2024-12-06","India","(not set)",1,1
"2024-12-06","Israel","(not set)",1,1
"2024-12-06","Morocco","(not set)",1,1
"2024-12-06","Netherlands","(not set)",1,1
"2024-12-06","Nigeria","(not set)",1,1
"2024-12-06","Paraguay","(not set)",1,1
"2024-12-06","Philippines","(not set)",1,1
"2024-12-06","South Korea","(not set)",1,1
"2024-12-06","Switzerland","(not set)",1,1
"2024-12-06","Thailand","(not set)",1,1
"2024-12-07","Brazil","(not set)",1277,1265
"2024-12-07","United States","(not set)",50,50
"2024-12-07","Bangladesh","(not set)",7,7
"2024-12-07","Egypt","(not set)",7,7
"2024-12-07","Iran","(not set)",7,7
"2024-12-07","Mexico","(not set)",3,3
"2024-12-07","Morocco","(not set)",3,3
"2024-12-07","Ecuador","(not set)",2,2
"2024-12-07","Germany","(not set)",2,2
"2024-12-07","Indonesia","(not set)",2,2
"2024-12-07","Nigeria","(not set)",2,2
"2024-12-07","Papua New Guinea","(not set)",2,2
"2024-12-07","Philippines","(not set)",2,2
"2024-12-07","United Kingdom","(not set)",2,2
"2024-12-07","Algeria","(not set)",1,1
"2024-12-07","Argentina","(not set)",1,1
"2024-12-07","Canada","(not set)",1,1
"2024-12-07","India","(not set)",1,1
"2024-12-07","Kuwait","(not set)",1,1
"2024-12-07","Libya","(not set)",1,1
"2024-12-07","Portugal","(not set)",1,1
"2024-12-07","Saudi Arabia","(not set)",1,1
"2024-12-07","South Korea","(not set)",1,1
"2024-12-07","Sudan","(not set)",1,1
"2024-12-07","Thailand","(not set)",1,1
"2024-12-07","Tunisia","(not set)",1,1
"2024-12-07","Uganda","(not set)",1,1
"2024-12-07","United Arab Emirates","(not set)",1,1
"2024-12-08","Brazil","(not set)",1319,1302
"2024-12-08","United States","(not set)",47,47
"2024-12-08","Egypt","(not set)",7,7
"2024-12-08","Iran","(not set)",7,6
"2024-12-08","Mexico","(not set)",6,6
"2024-12-08","Bangladesh","(not set)",4,4
"2024-12-08","Germany","(not set)",3,3
"2024-12-08","India","(not set)",3,2
"2024-12-08","Indonesia","(not set)",2,2
"2024-12-08","Morocco","(not set)",2,2
"2024-12-08","Pakistan","(not set)",2,2
"2024-12-08","Türkiye","(not set)",2,2
"2024-12-08","Argentina","(not set)",1,1
"2024-12-08","Colombia","(not set)",1,1
"2024-12-08","Costa Rica","(not set)",1,1
"2024-12-08","France","(not set)",1,1
"2024-12-08","Hungary","(not set)",1,1
"2024-12-08","Jordan","(not set)",1,1
"2024-12-08","Malaysia","(not set)",1,1
"2024-12-08","Netherlands","(not set)",1,1
"2024-12-08","Portugal","(not set)",1,1
"2024-12-08","Puerto Rico","(not set)",1,1
"2024-12-08","Saudi Arabia","(not set)",1,1
"2024-12-08","South Korea","(not set)",1,1
"2024-12-08","Spain","(not set)",1,1
"2024-12-08","Thailand","(not set)",1,1
"2024-12-09","Brazil","(not set)",918,915
"2024-12-09","United States","(not set)",35,35
"2024-12-09","Bangladesh","(not set)",4,4
"2024-12-09","Algeria","(not set)",3,3
"2024-12-09","Indonesia","(not set)",3,3
"2024-12-09","Iran","(not set)",3,3
"2024-12-09","(not set)","(not set)",2,2
"2024-12-09","China","(not set)",2,2
"2024-12-09","Hungary","(not set)",2,2
"2024-12-09","Argentina","(not set)",1,1
"2024-12-09","Canada","(not set)",1,1
"2024-12-09","Cuba","(not set)",1,1
"2024-12-09","Egypt","(not set)",1,1
"2024-12-09","France","(not set)",1,1
"2024-12-09","Germany","(not set)",1,1
"2024-12-09","India","(not set)",1,1
"2024-12-09","Iraq","(not set)",1,1
"2024-12-09","Israel","(not set)",1,1
"2024-12-09","Jordan","(not set)",1,1
"2024-12-09","Kenya","(not set)",1,1
"2024-12-09","Morocco","(not set)",1,1
"2024-12-09","Portugal","(not set)",1,1
"2024-12-09","Romania","(not set)",1,1
"2024-12-09","Saudi Arabia","(not set)",1,1
"2024-12-09","Singapore","(not set)",1,1
"2024-12-09","Thailand","(not set)",1,1
"2024-12-09","Uganda","(not set)",1,1
"2024-12-10","Brazil","(not set)",956,940
"2024-12-10","United States","(not set)",37,33
"2024-12-10","Egypt","(not set)",7,7
"2024-12-10","China","(not set)",6,6
"2024-12-10","Indonesia","(not set)",5,5
"2024-12-10","India","(not set)",3,3
"2024-12-10","Mexico","(not set)",3,3
"2024-12-10","Bangladesh","(not set)",2,2
"2024-12-10","Colombia","(not set)",2,2
"2024-12-10","France","(not set)",2,2
"2024-12-10","Iran","(not set)",2,2
"2024-12-10","South Korea","(not set)",2,2
"2024-12-10","Angola","(not set)",1,1
"2024-12-10","Bolivia","(not set)",1,1
"2024-12-10","Germany","(not set)",1,1
"2024-12-10","Ghana","(not set)",1,1
"2024-12-10","Jordan","(not set)",1,1
"2024-12-10","Morocco","(not set)",1,1
"2024-12-10","Netherlands","(not set)",1,1
"2024-12-10","Nigeria","(not set)",1,1
"2024-12-10","Oman","(not set)",1,1
"2024-12-10","Pakistan","(not set)",1,1
"2024-12-10","Puerto Rico","(not set)",1,1
"2024-12-10","Saudi Arabia","(not set)",1,1
"2024-12-10","Türkiye","(not set)",1,1
"2024-12-11","Brazil","(not set)",947,942
"2024-12-11","United States","(not set)",31,31
"2024-12-11","Indonesia","(not set)",5,5
"2024-12-11","Bangladesh","(not set)",3,3
"2024-12-11","Iran","(not set)",3,2
"2024-12-11","Mexico","(not set)",3,3
"2024-12-11","Argentina","(not set)",2,2
"2024-12-11","Egypt","(not set)",2,2
"2024-12-11","India","(not set)",2,2
"2024-12-11","Morocco","(not set)",2,2
"2024-12-11","Saudi Arabia","(not set)",2,2
"2024-12-11","Bolivia","(not set)",1,1
"2024-12-11","Canada","(not set)",1,1
"2024-12-11","Chile","(not set)",1,1
"2024-12-11","Colombia","(not set)",1,1
"2024-12-11","Dominican Republic","(not set)",1,1
"2024-12-11","France","(not set)",1,1
"2024-12-11","Germany","(not set)",1,1
"2024-12-11","Honduras","(not set)",1,1
"2024-12-11","Hungary","(not set)",1,1
"2024-12-11","Mozambique","(not set)",1,1
"2024-12-11","Paraguay","(not set)",1,1
"2024-12-11","Philippines","(not set)",1,1
"2024-12-11","Qatar","(not set)",1,1
"2024-12-11","Thailand","(not set)",1,1
"2024-12-11","Tunisia","(not set)",1,1
"2024-12-11","Uruguay","(not set)",1,1
"2024-12-12","Brazil","(not set)",1023,1009
"2024-12-12","United States","(not set)",27,26
"2024-12-12","Iran","(not set)",6,6
"2024-12-12","Egypt","(not set)",5,5
"2024-12-12","Indonesia","(not set)",4,4
"2024-12-12","South Korea","(not set)",4,4
"2024-12-12","Bangladesh","(not set)",3,3
"2024-12-12","India","(not set)",3,3
"2024-12-12","Morocco","(not set)",3,3
"2024-12-12","Algeria","(not set)",2,2
"2024-12-12","Malaysia","(not set)",2,2
"2024-12-12","Mexico","(not set)",2,2
"2024-12-12","Netherlands","(not set)",2,2
"2024-12-12","Canada","(not set)",1,1
"2024-12-12","Colombia","(not set)",1,1
"2024-12-12","Ecuador","(not set)",1,1
"2024-12-12","France","(not set)",1,1
"2024-12-12","Kenya","(not set)",1,1
"2024-12-12","Norway","(not set)",1,1
"2024-12-12","Philippines","(not set)",1,1
"2024-12-12","Serbia","(not set)",1,1
"2024-12-12","United Kingdom","(not set)",1,1
"2024-12-13","Brazil","(not set)",945,932
"2024-12-13","United States","(not set)",27,27
"2024-12-13","Egypt","(not set)",8,8
"2024-12-13","China","(not set)",6,6
"2024-12-13","Indonesia","(not set)",4,4
"2024-12-13","Iran","(not set)",4,4
"2024-12-13","Mexico","(not set)",3,3
"2024-12-13","France","(not set)",2,2
"2024-12-13","Germany","(not set)",2,2
"2024-12-13","India","(not set)",2,2
"2024-12-13","Morocco","(not set)",2,2
"2024-12-13","Philippines","(not set)",2,2
"2024-12-13","(not set)","(not set)",1,1
"2024-12-13","Algeria","(not set)",1,1
"2024-12-13","Ecuador","(not set)",1,1
"2024-12-13","Iraq","(not set)",1,1
"2024-12-13","Mauritania","(not set)",1,1
"2024-12-13","Netherlands","(not set)",1,1
"2024-12-13","Portugal","(not set)",1,1
"2024-12-13","Saudi Arabia","(not set)",1,1
"2024-12-13","South Korea","(not set)",1,1
"2024-12-13","Sudan","(not set)",1,1
"2024-12-13","United Arab Emirates","(not set)",1,1
"2024-12-13","United Kingdom","(not set)",1,1
"2024-12-13","Venezuela","(not set)",1,1
"2024-12-14","Brazil","(not set)",1045,1039
"2024-12-14","United States","(not set)",28,28
"2024-12-14","Bangladesh","(not set)",8,8
"2024-12-14","Egypt","(not set)",6,5
"2024-12-14","Indonesia","(not set)",5,5
"2024-12-14","Saudi Arabia","(not set)",5,4
"2024-12-14","Iran","(not set)",4,4
"2024-12-14","India","(not set)",3,3
"2024-12-14","Netherlands","(not set)",3,3
"2024-12-14","Algeria","(not set)",2,2
"2024-12-14","Mexico","(not set)",2,2
"2024-12-14","Morocco","(not set)",2,2
"2024-12-14","Qatar","(not set)",2,1
"2024-12-14","Argentina","(not set)",1,1
"2024-12-14","Bahrain","(not set)",1,1
"2024-12-14","Bolivia","(not set)",1,1
"2024-12-14","Botswana","(not set)",1,1
"2024-12-14","Guinea","(not set)",1,1
"2024-12-14","Hungary","(not set)",1,1
"2024-12-14","Iraq","(not set)",1,1
"2024-12-14","Kenya","(not set)",1,1
"2024-12-14","Libya","(not set)",1,1
"2024-12-14","Malaysia","(not set)",1,1
"2024-12-14","Portugal","(not set)",1,1
"2024-12-15","Brazil","(not set)",1194,1188
"2024-12-15","United States","(not set)",44,44
"2024-12-15","Indonesia","(not set)",5,4
"2024-12-15","Mexico","(not set)",5,5
"2024-12-15","Egypt","(not set)",4,4
"2024-12-15","Iran","(not set)",4,4
"2024-12-15","Bangladesh","(not set)",3,3
"2024-12-15","Türkiye","(not set)",3,3
"2024-12-15","Argentina","(not set)",2,2
"2024-12-15","Germany","(not set)",2,2
"2024-12-15","India","(not set)",2,2
"2024-12-15","Morocco","(not set)",2,2
"2024-12-15","United Arab Emirates","(not set)",2,2
"2024-12-15","(not set)","(not set)",1,1
"2024-12-15","Chile","(not set)",1,1
"2024-12-15","Colombia","(not set)",1,1
"2024-12-15","Côte d’Ivoire","(not set)",1,1
"2024-12-15","France","(not set)",1,1
"2024-12-15","Ghana","(not set)",1,1
"2024-12-15","Hungary","(not set)",1,1
"2024-12-15","Italy","(not set)",1,1
"2024-12-15","Netherlands","(not set)",1,1
"2024-12-15","Portugal","(not set)",1,1
"2024-12-15","Qatar","(not set)",1,1
"2024-12-15","Saudi Arabia","(not set)",1,1
"2024-12-15","Senegal","(not set)",1,1
"2024-12-15","Syria","(not set)",1,1
"2024-12-15","Thailand","(not set)",1,1
"2024-12-15","United Kingdom","(not set)",1,1
"2024-12-15","Vietnam","(not set)",1,1
"2024-12-16","Brazil","(not set)",985,973
"2024-12-16","United States","(not set)",34,33
"2024-12-16","Bangladesh","(not set)",4,4
"2024-12-16","India","(not set)",4,4
"2024-12-16","Argentina","(not set)",3,2
"2024-12-16","Germany","(not set)",3,3
"2024-12-16","Algeria","(not set)",2,2
"2024-12-16","Indonesia","(not set)",2,2
"2024-12-16","Iran","(not set)",2,2
"2024-12-16","Saudi Arabia","(not set)",2,2
"2024-12-16","United Kingdom","(not set)",2,2
"2024-12-16","Egypt","(not set)",1,1
"2024-12-16","Ethiopia","(not set)",1,1
"2024-12-16","Hungary","(not set)",1,1
"2024-12-16","Jordan","(not set)",1,1
"2024-12-16","Morocco","(not set)",1,1
"2024-12-16","Netherlands","(not set)",1,1
"2024-12-16","New Zealand","(not set)",1,1
"2024-12-16","Oman","(not set)",1,1
"2024-12-16","Pakistan","(not set)",1,1
"2024-12-16","Portugal","(not set)",1,1
"2024-12-16","Spain","(not set)",1,1
"2024-12-16","Thailand","(not set)",1,1
"2024-12-17","Brazil","(not set)",1075,1067
"2024-12-17","United States","(not set)",33,33
"2024-12-17","Pakistan","(not set)",7,4
"2024-12-17","Egypt","(not set)",6,6
"2024-12-17","Bangladesh","(not set)",4,4
"2024-12-17","India","(not set)",4,4
"2024-12-17","Iran","(not set)",4,4
"2024-12-17","Indonesia","(not set)",3,3
"2024-12-17","Mexico","(not set)",3,3
"2024-12-17","Saudi Arabia","(not set)",2,2
"2024-12-17","Algeria","(not set)",1,1
"2024-12-17","Chile","(not set)",1,1
"2024-12-17","Ecuador","(not set)",1,1
"2024-12-17","Hungary","(not set)",1,1
"2024-12-17","Japan","(not set)",1,1
"2024-12-17","Luxembourg","(not set)",1,1
"2024-12-17","Malaysia","(not set)",1,1
"2024-12-17","Nicaragua","(not set)",1,1
"2024-12-17","Oman","(not set)",1,1
"2024-12-17","Portugal","(not set)",1,1
"2024-12-17","South Korea","(not set)",1,1
"2024-12-17","United Arab Emirates","(not set)",1,1
"2024-12-18","Brazil","(not set)",1162,1151
"2024-12-18","United States","(not set)",33,33
"2024-12-18","Iran","(not set)",3,3
"2024-12-18","Mexico","(not set)",3,3
"2024-12-18","Algeria","(not set)",2,2
"2024-12-18","Egypt","(not set)",2,2
"2024-12-18","Hungary","(not set)",2,2
"2024-12-18","India","(not set)",2,2
"2024-12-18","Indonesia","(not set)",2,2
"2024-12-18","Argentina","(not set)",1,1
"2024-12-18","Bangladesh","(not set)",1,1
"2024-12-18","Belgium","(not set)",1,1
"2024-12-18","Chile","(not set)",1,1
"2024-12-18","Colombia","(not set)",1,1
"2024-12-18","Germany","(not set)",1,1
"2024-12-18","Italy","(not set)",1,1
"2024-12-18","Mozambique","(not set)",1,1
"2024-12-18","Nigeria","(not set)",1,1
"2024-12-18","Oman","(not set)",1,1
"2024-12-18","Qatar","(not set)",1,1
"2024-12-18","Russia","(not set)",1,1
"2024-12-18","Saudi Arabia","(not set)",1,1
"2024-12-18","South Africa","(not set)",1,1
"2024-12-18","Spain","(not set)",1,1
"2024-12-18","Türkiye","(not set)",1,1
"2024-12-18","United Arab Emirates","(not set)",1,1
"2024-12-18","Uruguay","(not set)",1,1
"2024-12-19","Brazil","(not set)",1102,1088
"2024-12-19","United States","(not set)",27,26
"2024-12-19","Egypt","(not set)",7,7
"2024-12-19","Bangladesh","(not set)",3,3
"2024-12-19","India","(not set)",3,3
"2024-12-19","Indonesia","(not set)",3,3
"2024-12-19","Iran","(not set)",2,2
"2024-12-19","Angola","(not set)",1,1
"2024-12-19","China","(not set)",1,1
"2024-12-19","Colombia","(not set)",1,1
"2024-12-19","France","(not set)",1,1
"2024-12-19","Kazakhstan","(not set)",1,1
"2024-12-19","Kenya","(not set)",1,1
"2024-12-19","Malaysia","(not set)",1,1
"2024-12-19","Mali","(not set)",1,1
"2024-12-19","Mexico","(not set)",1,1
"2024-12-19","Morocco","(not set)",1,1
"2024-12-19","Mozambique","(not set)",1,1
"2024-12-19","New Zealand","(not set)",1,1
"2024-12-19","Qatar","(not set)",1,1
"2024-12-19","Saudi Arabia","(not set)",1,1
"2024-12-20","Brazil","(not set)",1031,1024
"2024-12-20","United States","(not set)",37,37
"2024-12-20","Indonesia","(not set)",6,6
"2024-12-20","Egypt","(not set)",4,4
"2024-12-20","Bangladesh","(not set)",3,3
"2024-12-20","India","(not set)",3,3
"2024-12-20","Morocco","(not set)",3,3
"2024-12-20","Germany","(not set)",2,2
"2024-12-20","Iran","(not set)",2,2
"2024-12-20","Italy","(not set)",2,2
"2024-12-20","United Kingdom","(not set)",2,2
"2024-12-20","(not set)","(not set)",1,1
"2024-12-20","Algeria","(not set)",1,1
"2024-12-20","Argentina","(not set)",1,1
"2024-12-20","Canada","(not set)",1,1
"2024-12-20","Chile","(not set)",1,1
"2024-12-20","Kenya","(not set)",1,1
"2024-12-20","Mexico","(not set)",1,1
"2024-12-20","Peru","(not set)",1,1
"2024-12-20","South Korea","(not set)",1,1
"2024-12-20","Syria","(not set)",1,1
"2024-12-21","Brazil","(not set)",1168,1158
"2024-12-21","United States","(not set)",51,49
"2024-12-21","Egypt","(not set)",8,8
"2024-12-21","Indonesia","(not set)",5,5
"2024-12-21","Bangladesh","(not set)",4,3
"2024-12-21","Iran","(not set)",4,4
"2024-12-21","India","(not set)",3,3
"2024-12-21","Saudi Arabia","(not set)",3,3
"2024-12-21","Canada","(not set)",2,2
"2024-12-21","Colombia","(not set)",2,2
"2024-12-21","Morocco","(not set)",2,2
"2024-12-21","Angola","(not set)",1,1
"2024-12-21","Ecuador","(not set)",1,1
"2024-12-21","France","(not set)",1,1
"2024-12-21","Germany","(not set)",1,1
"2024-12-21","Hungary","(not set)",1,1
"2024-12-21","Jamaica","(not set)",1,1
"2024-12-21","Jordan","(not set)",1,1
"2024-12-21","Mexico","(not set)",1,1
"2024-12-21","Netherlands","(not set)",1,1
"2024-12-21","Türkiye","(not set)",1,1
"2024-12-21","United Kingdom","(not set)",1,1
"2024-12-21","Uruguay","(not set)",1,1
"2024-12-21","Yemen","(not set)",1,1
"2024-12-22","Brazil","(not set)",1296,1279
"2024-12-22","United States","(not set)",48,46
"2024-12-22","Egypt","(not set)",10,10
"2024-12-22","Saudi Arabia","(not set)",6,6
"2024-12-22","Indonesia","(not set)",4,4
"2024-12-22","Jordan","(not set)",4,4
"2024-12-22","Algeria","(not set)",3,3
"2024-12-22","Bangladesh","(not set)",2,2
"2024-12-22","Hungary","(not set)",2,2
"2024-12-22","India","(not set)",2,2
"2024-12-22","Mexico","(not set)",2,2
"2024-12-22","Morocco","(not set)",2,2
"2024-12-22","United Kingdom","(not set)",2,2
"2024-12-22","Colombia","(not set)",1,1
"2024-12-22","Iran","(not set)",1,1
"2024-12-22","Iraq","(not set)",1,1
"2024-12-22","Italy","(not set)",1,1
"2024-12-22","Malaysia","(not set)",1,1
"2024-12-22","Netherlands","(not set)",1,1
"2024-12-22","Russia","(not set)",1,1
"2024-12-22","Thailand","(not set)",1,1
"2024-12-22","Türkiye","(not set)",1,1
"2024-12-23","Brazil","(not set)",1123,1102
"2024-12-23","United States","(not set)",40,38
"2024-12-23","Egypt","(not set)",5,5
"2024-12-23","India","(not set)",5,5
"2024-12-23","Bangladesh","(not set)",4,4
"2024-12-23","Indonesia","(not set)",4,4
"2024-12-23","Algeria","(not set)",3,3
"2024-12-23","Morocco","(not set)",3,3
"2024-12-23","Hungary","(not set)",2,2
"2024-12-23","Mexico","(not set)",2,2
"2024-12-23","Saudi Arabia","(not set)",2,2
"2024-12-23","South Korea","(not set)",2,2
"2024-12-23","El Salvador","(not set)",1,1
"2024-12-23","Germany","(not set)",1,1
"2024-12-23","Jordan","(not set)",1,1
"2024-12-23","Laos","(not set)",1,1
"2024-12-23","Nepal","(not set)",1,1
"2024-12-24","Brazil","(not set)",1038,1029
"2024-12-24","United States","(not set)",28,28
"2024-12-24","Egypt","(not set)",8,8
"2024-12-24","Indonesia","(not set)",8,7
"2024-12-24","India","(not set)",7,7
"2024-12-24","Bangladesh","(not set)",6,6
"2024-12-24","Iran","(not set)",5,5
"2024-12-24","Mexico","(not set)",4,4
"2024-12-24","Saudi Arabia","(not set)",3,3
"2024-12-24","(not set)","(not set)",2,2
"2024-12-24","Argentina","(not set)",2,2
"2024-12-24","Canada","(not set)",2,2
"2024-12-24","Netherlands","(not set)",2,2
"2024-12-24","Algeria","(not set)",1,1
"2024-12-24","France","(not set)",1,1
"2024-12-24","Morocco","(not set)",1,1
"2024-12-24","Mozambique","(not set)",1,1
"2024-12-24","Panama","(not set)",1,1
"2024-12-24","Philippines","(not set)",1,1
"2024-12-24","Qatar","(not set)",1,1
"2024-12-24","South Africa","(not set)",1,1
"2024-12-24","South Korea","(not set)",1,1
"2024-12-24","Syria","(not set)",1,1
"2024-12-24","United Kingdom","(not set)",1,1
"2024-12-25","Brazil","(not set)",1349,1328
"2024-12-25","United States","(not set)",50,50
"2024-12-25","Egypt","(not set)",5,5
"2024-12-25","India","(not set)",4,4
"2024-12-25","Iran","(not set)",4,4
"2024-12-25","Indonesia","(not set)",3,3
"2024-12-25","Saudi Arabia","(not set)",3,3
"2024-12-25","Canada","(not set)",2,2
"2024-12-25","Jordan","(not set)",2,2
"2024-12-25","Philippines","(not set)",2,2
"2024-12-25","Portugal","(not set)",2,2
"2024-12-25","South Africa","(not set)",2,2
"2024-12-25","South Korea","(not set)",2,2
"2024-12-25","Algeria","(not set)",1,1
"2024-12-25","Angola","(not set)",1,1
"2024-12-25","Argentina","(not set)",1,1
"2024-12-25","Australia","(not set)",1,1
"2024-12-25","Germany","(not set)",1,1
"2024-12-25","Hungary","(not set)",1,1
"2024-12-25","Iraq","(not set)",1,1
"2024-12-25","Malaysia","(not set)",1,1
"2024-12-25","Mexico","(not set)",1,1
"2024-12-25","Peru","(not set)",1,1
"2024-12-25","Spain","(not set)",1,1
"2024-12-25","Trinidad & Tobago","(not set)",1,1
"2024-12-26","Brazil","(not set)",1412,1388
"2024-12-26","United States","(not set)",33,33
"2024-12-26","Mexico","(not set)",7,7
"2024-12-26","Egypt","(not set)",5,5
"2024-12-26","Bangladesh","(not set)",4,4
"2024-12-26","Indonesia","(not set)",4,4
"2024-12-26","Iran","(not set)",4,4
"2024-12-26","Germany","(not set)",3,3
"2024-12-26","Canada","(not set)",2,2
"2024-12-26","Colombia","(not set)",2,2
"2024-12-26","France","(not set)",2,2
"2024-12-26","India","(not set)",2,2
"2024-12-26","Morocco","(not set)",2,2
"2024-12-26","Algeria","(not set)",1,1
"2024-12-26","Iraq","(not set)",1,1
"2024-12-26","Japan","(not set)",1,1
"2024-12-26","Jordan","(not set)",1,1
"2024-12-26","Malaysia","(not set)",1,1
"2024-12-26","Oman","(not set)",1,1
"2024-12-26","Saudi Arabia","(not set)",1,1
"2024-12-26","South Africa","(not set)",1,1
"2024-12-26","South Korea","(not set)",1,1
"2024-12-26","Türkiye","(not set)",1,1
"2024-12-27","Brazil","(not set)",1347,1328
"2024-12-27","United States","(not set)",35,35
"2024-12-27","India","(not set)",5,5
"2024-12-27","Indonesia","(not set)",5,5
"2024-12-27","Egypt","(not set)",4,4
"2024-12-27","Algeria","(not set)",3,3
"2024-12-27","Bangladesh","(not set)",3,3
"2024-12-27","South Korea","(not set)",3,3
"2024-12-27","Iran","(not set)",2,2
"2024-12-27","Argentina","(not set)",1,1
"2024-12-27","Canada","(not set)",1,1
"2024-12-27","Germany","(not set)",1,1
"2024-12-27","Honduras","(not set)",1,1
"2024-12-27","Jamaica","(not set)",1,1
"2024-12-27","Kuwait","(not set)",1,1
"2024-12-27","Pakistan","(not set)",1,1
"2024-12-27","Peru","(not set)",1,1
"2024-12-27","Philippines","(not set)",1,1
"2024-12-27","Saudi Arabia","(not set)",1,1
"2024-12-27","Thailand","(not set)",1,1
"2024-12-27","United Arab Emirates","(not set)",1,1
"2024-12-28","Brazil","(not set)",1399,1373
"2024-12-28","United States","(not set)",43,43
"2024-12-28","Egypt","(not set)",7,7
"2024-12-28","Mexico","(not set)",7,7
"2024-12-28","India","(not set)",6,6
"2024-12-28","Iran","(not set)",6,6
"2024-12-28","Indonesia","(not set)",4,4
"2024-12-28","Algeria","(not set)",2,2
"2024-12-28","Argentina","(not set)",2,2
"2024-12-28","Bangladesh","(not set)",2,2
"2024-12-28","Saudi Arabia","(not set)",2,2
"2024-12-28","Bolivia","(not set)",1,1
"2024-12-28","Ecuador","(not set)",1,1
"2024-12-28","Germany","(not set)",1,1
"2024-12-28","Hungary","(not set)",1,1
"2024-12-28","Jordan","(not set)",1,1
"2024-12-28","Morocco","(not set)",1,1
"2024-12-28","Netherlands","(not set)",1,1
"2024-12-28","Nigeria","(not set)",1,1
"2024-12-28","Russia","(not set)",1,1
"2024-12-28","Syria","(not set)",1,1
"2024-12-28","Türkiye","(not set)",1,1
"2024-12-29","Brazil","(not set)",1462,1438
"2024-12-29","United States","(not set)",44,44
"2024-12-29","Egypt","(not set)",12,12
"2024-12-29","Indonesia","(not set)",7,7
"2024-12-29","India","(not set)",4,4
"2024-12-29","Jordan","(not set)",4,4
"2024-12-29","Mexico","(not set)",4,4
"2024-12-29","Bangladesh","(not set)",2,2
"2024-12-29","Colombia","(not set)",2,2
"2024-12-29","Iran","(not set)",2,2
"2024-12-29","Algeria","(not set)",1,1
"2024-12-29","Argentina","(not set)",1,1
"2024-12-29","Australia","(not set)",1,1
"2024-12-29","Dominican Republic","(not set)",1,1
"2024-12-29","Jamaica","(not set)",1,1
"2024-12-29","Kuwait","(not set)",1,1
"2024-12-29","Netherlands","(not set)",1,1
"2024-12-29","Philippines","(not set)",1,1
"2024-12-29","Poland","(not set)",1,1
"2024-12-29","Saudi Arabia","(not set)",1,1
"2024-12-29","Singapore","(not set)",1,1
"2024-12-29","Thailand","(not set)",1,1
"2024-12-29","United Kingdom","(not set)",1,1
"2024-12-30","Brazil","(not set)",1210,1194
"2024-12-30","United States","(not set)",35,35
"2024-12-30","Egypt","(not set)",6,6
"2024-12-30","Iran","(not set)",6,6
"2024-12-30","Bangladesh","(not set)",4,4
"2024-12-30","India","(not set)",3,3
"2024-12-30","Portugal","(not set)",2,2
"2024-12-30","Saudi Arabia","(not set)",2,2
"2024-12-30","South Korea","(not set)",2,2
"2024-12-30","United Kingdom","(not set)",2,2
"2024-12-30","Afghanistan","(not set)",1,1
"2024-12-30","Argentina","(not set)",1,1
"2024-12-30","Bolivia","(not set)",1,1
"2024-12-30","Canada","(not set)",1,1
"2024-12-30","Colombia","(not set)",1,1
"2024-12-30","Ethiopia","(not set)",1,1
"2024-12-30","France","(not set)",1,1
"2024-12-30","Indonesia","(not set)",1,1
"2024-12-30","Japan","(not set)",1,1
"2024-12-30","Malaysia","(not set)",1,1
"2024-12-30","Morocco","(not set)",1,1
"2024-12-30","Mozambique","(not set)",1,1
"2024-12-30","Pakistan","(not set)",1,1
"2024-12-30","Puerto Rico","(not set)",1,1
"2024-12-31","Brazil","(not set)",1164,1145
"2024-12-31","United States","(not set)",35,35
"2024-12-31","Egypt","(not set)",8,8
"2024-12-31","Mexico","(not set)",4,4
"2024-12-31","Bangladesh","(not set)",3,2
"2024-12-31","Germany","(not set)",3,3
"2024-12-31","Iran","(not set)",3,3
"2024-12-31","Hungary","(not set)",2,2
"2024-12-31","India","(not set)",2,2
"2024-12-31","Algeria","(not set)",1,1
"2024-12-31","Argentina","(not set)",1,1
"2024-12-31","Chile","(not set)",1,1
"2024-12-31","Ethiopia","(not set)",1,1
"2024-12-31","Finland","(not set)",1,1
"2024-12-31","France","(not set)",1,1
"2024-12-31","Indonesia","(not set)",1,1
"2024-12-31","Jordan","(not set)",1,1
"2024-12-31","Kenya","(not set)",1,1
"2024-12-31","Morocco","(not set)",1,1
"2024-12-31","Mozambique","(not set)",1,1
"2024-12-31","Nigeria","(not set)",1,1
"2024-12-31","Pakistan","(not set)",1,1
"2024-12-31","Paraguay","(not set)",1,1
"2024-12-31","Russia","(not set)",1,1
"2024-12-31","Saudi Arabia","(not set)",1,1
"2024-12-31","South Korea","(not set)",1,1
"2024-12-31","Spain","(not set)",1,1
"2024-12-31","Syria","(not set)",1,1
"2024-12-31","United Arab Emirates","(not set)",1,1
"2025-01-01","Brazil","(not set)",1320,1297
"2025-01-01","United States","(not set)",36,36
"2025-01-01","Egypt","(not set)",6,6
"2025-01-01","Algeria","(not set)",5,5
"2025-01-01","India","(not set)",3,3
"2025-01-01","Morocco","(not set)",3,3
"2025-01-01","Saudi Arabia","(not set)",3,2
"2025-01-01","Bangladesh","(not set)",2,2
"2025-01-01","Indonesia","(not set)",2,2
"2025-01-01","Iran","(not set)",2,2
"2025-01-01","Jordan","(not set)",2,2
"2025-01-01","Mexico","(not set)",2,2
"2025-01-01","(not set)","(not set)",1,1
"2025-01-01","Canada","(not set)",1,1
"2025-01-01","Chile","(not set)",1,1
"2025-01-01","Colombia","(not set)",1,1
"2025-01-01","France","(not set)",1,1
"2025-01-01","Hungary","(not set)",1,1
"2025-01-01","Israel","(not set)",1,1
"2025-01-01","Lebanon","(not set)",1,1
"2025-01-01","Puerto Rico","(not set)",1,1
"2025-01-01","South Korea","(not set)",1,1
"2025-01-01","Syria","(not set)",1,1
"2025-01-02","Brazil","(not set)",1362,1347
"2025-01-02","United States","(not set)",23,23
"2025-01-02","Indonesia","(not set)",7,7
"2025-01-02","Egypt","(not set)",6,6
"2025-01-02","Argentina","(not set)",4,4
"2025-01-02","Iran","(not set)",3,3
"2025-01-02","Mexico","(not set)",3,3
"2025-01-02","Saudi Arabia","(not set)",3,3
"2025-01-02","Algeria","(not set)",2,2
"2025-01-02","Bangladesh","(not set)",2,2
"2025-01-02","India","(not set)",2,2
"2025-01-02","Morocco","(not set)",2,2
"2025-01-02","Angola","(not set)",1,1
"2025-01-02","Bolivia","(not set)",1,1
"2025-01-02","Chile","(not set)",1,1
"2025-01-02","Guatemala","(not set)",1,1
"2025-01-02","Hungary","(not set)",1,1
"2025-01-02","Jordan","(not set)",1,1
"2025-01-02","Nigeria","(not set)",1,1
"2025-01-02","Oman","(not set)",1,1
"2025-01-02","Poland","(not set)",1,1
"2025-01-02","Portugal","(not set)",1,1
"2025-01-02","Russia","(not set)",1,1
"2025-01-02","Singapore","(not set)",1,1
"2025-01-02","South Korea","(not set)",1,1
"2025-01-02","Sudan","(not set)",1,1
"2025-01-02","Syria","(not set)",1,1
"2025-01-02","United Kingdom","(not set)",1,1
"2025-01-02","Zambia","(not set)",1,1
"2025-01-03","Brazil","(not set)",1313,1298
"2025-01-03","United States","(not set)",31,30
"2025-01-03","Indonesia","(not set)",7,7
"2025-01-03","Mexico","(not set)",6,6
"2025-01-03","Egypt","(not set)",5,5
"2025-01-03","South Korea","(not set)",4,4
"2025-01-03","Bangladesh","(not set)",3,3
"2025-01-03","India","(not set)",3,3
"2025-01-03","Hungary","(not set)",2,2
"2025-01-03","Iran","(not set)",2,2
"2025-01-03","Morocco","(not set)",2,2
"2025-01-03","Pakistan","(not set)",2,2
"2025-01-03","Thailand","(not set)",2,2
"2025-01-03","Algeria","(not set)",1,1
"2025-01-03","France","(not set)",1,1
"2025-01-03","Netherlands","(not set)",1,1
"2025-01-03","Qatar","(not set)",1,1
"2025-01-03","Saudi Arabia","(not set)",1,1
"2025-01-03","Somalia","(not set)",1,1
"2025-01-03","Taiwan","(not set)",1,1
"2025-01-03","Vietnam","(not set)",1,1
"2025-01-03","Yemen","(not set)",1,1
"2025-01-04","Brazil","(not set)",1407,1382
"2025-01-04","United States","(not set)",39,39
"2025-01-04","Indonesia","(not set)",8,8
"2025-01-04","India","(not set)",5,5
"2025-01-04","Bangladesh","(not set)",4,4
"2025-01-04","Egypt","(not set)",4,4
"2025-01-04","Hungary","(not set)",4,4
"2025-01-04","Mexico","(not set)",4,4
"2025-01-04","Saudi Arabia","(not set)",4,4
"2025-01-04","Iran","(not set)",2,2
"2025-01-04","Philippines","(not set)",2,2
"2025-01-04","United Kingdom","(not set)",2,2
"2025-01-04","Algeria","(not set)",1,1
"2025-01-04","Argentina","(not set)",1,1
"2025-01-04","Australia","(not set)",1,1
"2025-01-04","Belgium","(not set)",1,1
"2025-01-04","Chile","(not set)",1,1
"2025-01-04","Colombia","(not set)",1,1
"2025-01-04","Ethiopia","(not set)",1,1
"2025-01-04","Germany","(not set)",1,1
"2025-01-04","Guinea","(not set)",1,1
"2025-01-04","Japan","(not set)",1,1
"2025-01-04","Jordan","(not set)",1,1
"2025-01-04","Morocco","(not set)",1,1
"2025-01-04","Norway","(not set)",1,1
"2025-01-04","Pakistan","(not set)",1,1
"2025-01-04","Peru","(not set)",1,1
"2025-01-04","Singapore","(not set)",1,1
"2025-01-04","Thailand","(not set)",1,1
"2025-01-04","Tunisia","(not set)",1,1
"2025-01-04","Türkiye","(not set)",1,1
"2025-01-04","Uruguay","(not set)",1,1
"2025-01-05","Brazil","(not set)",1491,1472
"2025-01-05","United States","(not set)",33,33
"2025-01-05","Egypt","(not set)",7,7
"2025-01-05","Bangladesh","(not set)",5,5
"2025-01-05","Saudi Arabia","(not set)",4,4
"2025-01-05","Iran","(not set)",3,3
"2025-01-05","Mexico","(not set)",3,3
"2025-01-05","India","(not set)",2,2
"2025-01-05","Malaysia","(not set)",2,2
"2025-01-05","Philippines","(not set)",2,2
"2025-01-05","(not set)","(not set)",1,1
"2025-01-05","Argentina","(not set)",1,1
"2025-01-05","Chile","(not set)",1,1
"2025-01-05","Cuba","(not set)",1,1
"2025-01-05","Ecuador","(not set)",1,1
"2025-01-05","Hungary","(not set)",1,1
"2025-01-05","Japan","(not set)",1,1
"2025-01-05","Jordan","(not set)",1,1
"2025-01-05","Kenya","(not set)",1,1
"2025-01-05","Morocco","(not set)",1,1
"2025-01-05","Paraguay","(not set)",1,1
"2025-01-05","Portugal","(not set)",1,1
"2025-01-05","Thailand","(not set)",1,1
"2025-01-05","United Arab Emirates","(not set)",1,1
"2025-01-06","Brazil","(not set)",1184,1172
"2025-01-06","United States","(not set)",40,39
"2025-01-06","Egypt","(not set)",4,4
"2025-01-06","Iran","(not set)",4,4
"2025-01-06","Hungary","(not set)",3,2
"2025-01-06","India","(not set)",3,3
"2025-01-06","Indonesia","(not set)",3,3
"2025-01-06","Algeria","(not set)",2,2
"2025-01-06","Bangladesh","(not set)",2,2
"2025-01-06","Malaysia","(not set)",2,2
"2025-01-06","Mozambique","(not set)",2,2
"2025-01-06","South Korea","(not set)",2,2
"2025-01-06","Angola","(not set)",1,1
"2025-01-06","Argentina","(not set)",1,1
"2025-01-06","France","(not set)",1,1
"2025-01-06","Germany","(not set)",1,1
"2025-01-06","Ghana","(not set)",1,1
"2025-01-06","Mexico","(not set)",1,1
"2025-01-06","Morocco","(not set)",1,1
"2025-01-06","Romania","(not set)",1,1
"2025-01-06","Russia","(not set)",1,1
"2025-01-06","Saudi Arabia","(not set)",1,1
"2025-01-06","Syria","(not set)",1,1
"2025-01-06","United Kingdom","(not set)",1,1
"2025-01-06","Yemen","(not set)",1,1
"2025-01-07","Brazil","(not set)",1248,1237
"2025-01-07","United States","(not set)",37,37
"2025-01-07","India","(not set)",6,6
"2025-01-07","Iran","(not set)",4,3
"2025-01-07","Mexico","(not set)",4,4
"2025-01-07","Saudi Arabia","(not set)",4,4
"2025-01-07","Algeria","(not set)",3,3
"2025-01-07","Egypt","(not set)",3,3
"2025-01-07","Indonesia","(not set)",3,3
"2025-01-07","Bangladesh","(not set)",2,2
"2025-01-07","Netherlands","(not set)",2,2
"2025-01-07","Tunisia","(not set)",2,2
"2025-01-07","Angola","(not set)",1,1
"2025-01-07","Chile","(not set)",1,1
"2025-01-07","Colombia","(not set)",1,1
"2025-01-07","Dominican Republic","(not set)",1,1
"2025-01-07","Ecuador","(not set)",1,1
"2025-01-07","France","(not set)",1,1
"2025-01-07","Honduras","(not set)",1,1
"2025-01-07","Hungary","(not set)",1,1
"2025-01-07","Kuwait","(not set)",1,1
"2025-01-07","Morocco","(not set)",1,1
"2025-01-07","Myanmar (Burma)","(not set)",1,1
"2025-01-08","Brazil","(not set)",1228,1213
"2025-01-08","United States","(not set)",31,31
"2025-01-08","Mexico","(not set)",9,9
"2025-01-08","Egypt","(not set)",7,7
"2025-01-08","Algeria","(not set)",3,3
"2025-01-08","Angola","(not set)",2,2
"2025-01-08","Bahrain","(not set)",2,2
"2025-01-08","Bangladesh","(not set)",2,2
"2025-01-08","Germany","(not set)",2,2
"2025-01-08","India","(not set)",2,2
"2025-01-08","Iran","(not set)",2,2
"2025-01-08","Netherlands","(not set)",2,2
"2025-01-08","South Korea","(not set)",2,2
"2025-01-08","Argentina","(not set)",1,1
"2025-01-08","Canada","(not set)",1,1
"2025-01-08","Colombia","(not set)",1,1
"2025-01-08","Hungary","(not set)",1,1
"2025-01-08","Indonesia","(not set)",1,1
"2025-01-08","Mozambique","(not set)",1,1
"2025-01-08","Pakistan","(not set)",1,1
"2025-01-08","Philippines","(not set)",1,1
"2025-01-08","Portugal","(not set)",1,1
"2025-01-08","Sudan","(not set)",1,1
"2025-01-08","Syria","(not set)",1,1
"2025-01-08","Türkiye","(not set)",1,1
"2025-01-09","Brazil","(not set)",1131,1121
"2025-01-09","United States","(not set)",33,33
"2025-01-09","Indonesia","(not set)",6,6
"2025-01-09","Mexico","(not set)",5,5
"2025-01-09","Egypt","(not set)",4,4
"2025-01-09","Algeria","(not set)",3,3
"2025-01-09","Morocco","(not set)",3,3
"2025-01-09","Iran","(not set)",2,2
"2025-01-09","South Korea","(not set)",2,2
"2025-01-09","Argentina","(not set)",1,1
"2025-01-09","Chile","(not set)",1,1
"2025-01-09","Colombia","(not set)",1,1
"2025-01-09","Costa Rica","(not set)",1,1
"2025-01-09","Hungary","(not set)",1,1
"2025-01-09","India","(not set)",1,1
"2025-01-09","Kazakhstan","(not set)",1,1
"2025-01-09","Netherlands","(not set)",1,1
"2025-01-09","Pakistan","(not set)",1,1
"2025-01-09","Philippines","(not set)",1,1
"2025-01-10","Brazil","(not set)",1173,1151
"2025-01-10","United States","(not set)",33,33
"2025-01-10","Egypt","(not set)",6,6
"2025-01-10","Bangladesh","(not set)",5,5
"2025-01-10","Mexico","(not set)",5,5
"2025-01-10","South Korea","(not set)",3,3
"2025-01-10","(not set)","(not set)",2,2
"2025-01-10","Indonesia","(not set)",2,2
"2025-01-10","Iran","(not set)",2,2
"2025-01-10","Algeria","(not set)",1,1
"2025-01-10","Chile","(not set)",1,1
"2025-01-10","Colombia","(not set)",1,1
"2025-01-10","Ireland","(not set)",1,1
"2025-01-10","Morocco","(not set)",1,1
"2025-01-10","Netherlands","(not set)",1,1
"2025-01-10","Panama","(not set)",1,1
"2025-01-10","Paraguay","(not set)",1,1
"2025-01-10","Syria","(not set)",1,1
"2025-01-10","Türkiye","(not set)",1,1
"2025-01-11","Brazil","(not set)",1221,1206
"2025-01-11","United States","(not set)",39,38
"2025-01-11","Indonesia","(not set)",5,5
"2025-01-11","Bangladesh","(not set)",4,3
"2025-01-11","Egypt","(not set)",4,4
"2025-01-11","Iran","(not set)",4,4
"2025-01-11","Argentina","(not set)",3,3
"2025-01-11","India","(not set)",3,3
"2025-01-11","Mexico","(not set)",3,3
"2025-01-11","France","(not set)",2,2
"2025-01-11","Morocco","(not set)",2,2
"2025-01-11","Puerto Rico","(not set)",2,2
"2025-01-11","Saudi Arabia","(not set)",2,1
"2025-01-11","Syria","(not set)",2,2
"2025-01-11","Algeria","(not set)",1,1
"2025-01-11","Bosnia & Herzegovina","(not set)",1,1
"2025-01-11","Germany","(not set)",1,1
"2025-01-11","Japan","(not set)",1,1
"2025-01-11","Madagascar","(not set)",1,1
"2025-01-11","Malaysia","(not set)",1,1
"2025-01-11","Nigeria","(not set)",1,1
"2025-01-11","Pakistan","(not set)",1,1
"2025-01-11","Philippines","(not set)",1,1
"2025-01-11","Türkiye","(not set)",1,1
"2025-01-11","Yemen","(not set)",1,1
"2025-01-12","Brazil","(not set)",1438,1425
"2025-01-12","United States","(not set)",39,38
"2025-01-12","Iran","(not set)",14,14
"2025-01-12","Egypt","(not set)",5,5
"2025-01-12","Indonesia","(not set)",5,5
"2025-01-12","Mexico","(not set)",5,5
"2025-01-12","Bangladesh","(not set)",4,4
"2025-01-12","France","(not set)",3,3
"2025-01-12","India","(not set)",3,3
"2025-01-12","Morocco","(not set)",2,2
"2025-01-12","South Korea","(not set)",2,2
"2025-01-12","Algeria","(not set)",1,1
"2025-01-12","Argentina","(not set)",1,1
"2025-01-12","Canada","(not set)",1,1
"2025-01-12","Chile","(not set)",1,1
"2025-01-12","Ethiopia","(not set)",1,1
"2025-01-12","Hungary","(not set)",1,1
"2025-01-12","Saudi Arabia","(not set)",1,1
"2025-01-12","Tunisia","(not set)",1,1
"2025-01-12","United Arab Emirates","(not set)",1,1
"2025-01-13","Brazil","(not set)",1212,1200
"2025-01-13","United States","(not set)",35,35
"2025-01-13","Egypt","(not set)",5,5
"2025-01-13","Iran","(not set)",3,3
"2025-01-13","Mexico","(not set)",3,3
"2025-01-13","United Kingdom","(not set)",3,3
"2025-01-13","India","(not set)",2,2
"2025-01-13","Indonesia","(not set)",2,2
"2025-01-13","Netherlands","(not set)",2,2
"2025-01-13","Portugal","(not set)",2,2
"2025-01-13","Colombia","(not set)",1,1
"2025-01-13","Hungary","(not set)",1,1
"2025-01-13","Israel","(not set)",1,1
"2025-01-13","Jordan","(not set)",1,1
"2025-01-13","Panama","(not set)",1,1
"2025-01-13","Peru","(not set)",1,1
"2025-01-13","Philippines","(not set)",1,1
"2025-01-13","Romania","(not set)",1,1
"2025-01-13","Saudi Arabia","(not set)",1,1
"2025-01-13","Spain","(not set)",1,1
"2025-01-14","Brazil","(not set)",1192,1180
"2025-01-14","United States","(not set)",32,31
"2025-01-14","Bangladesh","(not set)",6,6
"2025-01-14","Egypt","(not set)",4,4
"2025-01-14","Iran","(not set)",4,4
"2025-01-14","Colombia","(not set)",2,2
"2025-01-14","Indonesia","(not set)",2,2
"2025-01-14","Mexico","(not set)",2,2
"2025-01-14","Saudi Arabia","(not set)",2,2
"2025-01-14","(not set)","(not set)",1,1
"2025-01-14","Argentina","(not set)",1,1
"2025-01-14","Bahrain","(not set)",1,1
"2025-01-14","Belgium","(not set)",1,1
"2025-01-14","Canada","(not set)",1,1
"2025-01-14","Ethiopia","(not set)",1,1
"2025-01-14","Japan","(not set)",1,1
"2025-01-14","Jordan","(not set)",1,1
"2025-01-14","Libya","(not set)",1,1
"2025-01-14","Morocco","(not set)",1,1
"2025-01-14","Oman","(not set)",1,1
"2025-01-14","Peru","(not set)",1,1
"2025-01-14","Syria","(not set)",1,1
"2025-01-14","Thailand","(not set)",1,1
"2025-01-14","Türkiye","(not set)",1,1
"2025-01-15","Brazil","(not set)",1256,1244
"2025-01-15","United States","(not set)",39,37
"2025-01-15","Egypt","(not set)",8,8
"2025-01-15","Indonesia","(not set)",5,5
"2025-01-15","(not set)","(not set)",4,4
"2025-01-15","Argentina","(not set)",3,3
"2025-01-15","India","(not set)",3,3
"2025-01-15","Morocco","(not set)",3,3
"2025-01-15","South Korea","(not set)",3,3
"2025-01-15","Iran","(not set)",2,2
"2025-01-15","Mexico","(not set)",2,2
"2025-01-15","Bangladesh","(not set)",1,1
"2025-01-15","Germany","(not set)",1,1
"2025-01-15","Hungary","(not set)",1,1
"2025-01-15","Jordan","(not set)",1,1
"2025-01-15","New Zealand","(not set)",1,1
"2025-01-15","Nigeria","(not set)",1,1
"2025-01-15","Pakistan","(not set)",1,1
"2025-01-15","Peru","(not set)",1,1
"2025-01-15","Portugal","(not set)",1,1
"2025-01-15","Saudi Arabia","(not set)",1,1
"2025-01-15","Singapore","(not set)",1,1
"2025-01-15","Spain","(not set)",1,1
"2025-01-16","Brazil","(not set)",1254,1243
"2025-01-16","United States","(not set)",49,47
"2025-01-16","(not set)","(not set)",6,4
"2025-01-16","India","(not set)",4,4
"2025-01-16","Indonesia","(not set)",4,4
"2025-01-16","Bangladesh","(not set)",3,3
"2025-01-16","Jordan","(not set)",3,3
"2025-01-16","Morocco","(not set)",3,3
"2025-01-16","Philippines","(not set)",3,3
"2025-01-16","Egypt","(not set)",2,2
"2025-01-16","Nigeria","(not set)",2,1
"2025-01-16","Argentina","(not set)",1,1
"2025-01-16","Iran","(not set)",1,1
"2025-01-16","Jamaica","(not set)",1,1
"2025-01-16","Mexico","(not set)",1,1
"2025-01-16","Pakistan","(not set)",1,1
"2025-01-16","Saudi Arabia","(not set)",1,1
"2025-01-16","South Africa","(not set)",1,1
"2025-01-16","Thailand","(not set)",1,1
"2025-01-16","Tunisia","(not set)",1,1
"2025-01-17","Brazil","(not set)",1245,1232
"2025-01-17","United States","(not set)",33,33
"2025-01-17","Egypt","(not set)",10,10
"2025-01-17","Jordan","(not set)",6,6
"2025-01-17","Indonesia","(not set)",5,5
"2025-01-17","Bangladesh","(not set)",4,4
"2025-01-17","Iran","(not set)",3,3
"2025-01-17","Mexico","(not set)",3,3
"2025-01-17","Algeria","(not set)",2,2
"2025-01-17","Argentina","(not set)",2,2
"2025-01-17","India","(not set)",2,2
"2025-01-17","Morocco","(not set)",2,2
"2025-01-17","Syria","(not set)",2,2
"2025-01-17","(not set)","(not set)",1,1
"2025-01-17","Colombia","(not set)",1,1
"2025-01-17","France","(not set)",1,1
"2025-01-17","Hungary","(not set)",1,1
"2025-01-17","Malaysia","(not set)",1,1
"2025-01-17","Paraguay","(not set)",1,1
"2025-01-17","Qatar","(not set)",1,1
"2025-01-17","South Korea","(not set)",1,1
"2025-01-17","Tunisia","(not set)",1,1
"2025-01-17","United Arab Emirates","(not set)",1,1
"2025-01-18","Brazil","(not set)",1215,1198
"2025-01-18","United States","(not set)",31,31
"2025-01-18","Egypt","(not set)",6,5
"2025-01-18","Indonesia","(not set)",4,4
"2025-01-18","Saudi Arabia","(not set)",4,4
"2025-01-18","(not set)","(not set)",2,2
"2025-01-18","Canada","(not set)",2,2
"2025-01-18","Hungary","(not set)",2,2
"2025-01-18","Iran","(not set)",2,2
"2025-01-18","Jordan","(not set)",2,2
"2025-01-18","Morocco","(not set)",2,2
"2025-01-18","Türkiye","(not set)",2,2
"2025-01-18","Algeria","(not set)",1,1
"2025-01-18","Angola","(not set)",1,1
"2025-01-18","Azerbaijan","(not set)",1,1
"2025-01-18","Bangladesh","(not set)",1,1
"2025-01-18","Burkina Faso","(not set)",1,1
"2025-01-18","Colombia","(not set)",1,1
"2025-01-18","Ireland","(not set)",1,1
"2025-01-18","Mexico","(not set)",1,1
"2025-01-18","Nigeria","(not set)",1,1
"2025-01-18","Pakistan","(not set)",1,1
"2025-01-18","Qatar","(not set)",1,1
"2025-01-18","Syria","(not set)",1,1
"2025-01-18","United Arab Emirates","(not set)",1,1
"2025-01-19","Brazil","(not set)",1366,1345
"2025-01-19","United States","(not set)",43,43
"2025-01-19","Egypt","(not set)",11,11
"2025-01-19","Bangladesh","(not set)",8,8
"2025-01-19","India","(not set)",3,3
"2025-01-19","Indonesia","(not set)",3,3
"2025-01-19","Mexico","(not set)",3,3
"2025-01-19","Türkiye","(not set)",3,3
"2025-01-19","(not set)","(not set)",2,2
"2025-01-19","Iran","(not set)",2,2
"2025-01-19","Malaysia","(not set)",2,2
"2025-01-19","Saudi Arabia","(not set)",2,2
"2025-01-19","Algeria","(not set)",1,1
"2025-01-19","Argentina","(not set)",1,1
"2025-01-19","Bahamas","(not set)",1,1
"2025-01-19","Colombia","(not set)",1,1
"2025-01-19","Hungary","(not set)",1,1
"2025-01-19","Jordan","(not set)",1,1
"2025-01-19","Morocco","(not set)",1,1
"2025-01-19","Togo","(not set)",1,1
"2025-01-19","Uruguay","(not set)",1,1
"2025-01-20","Brazil","(not set)",1230,1217
"2025-01-20","United States","(not set)",33,33
"2025-01-20","Egypt","(not set)",10,10
"2025-01-20","India","(not set)",6,6
"2025-01-20","Indonesia","(not set)",6,5
"2025-01-20","Iran","(not set)",4,4
"2025-01-20","(not set)","(not set)",2,2
"2025-01-20","Bangladesh","(not set)",2,2
"2025-01-20","Mexico","(not set)",2,2
"2025-01-20","Morocco","(not set)",2,2
"2025-01-20","Türkiye","(not set)",2,2
"2025-01-20","Algeria","(not set)",1,1
"2025-01-20","Argentina","(not set)",1,1
"2025-01-20","Canada","(not set)",1,1
"2025-01-20","Germany","(not set)",1,1
"2025-01-20","Guatemala","(not set)",1,1
"2025-01-20","Hungary","(not set)",1,1
"2025-01-20","Iraq","(not set)",1,1
"2025-01-20","Madagascar","(not set)",1,1
"2025-01-20","Nigeria","(not set)",1,1
"2025-01-20","Tunisia","(not set)",1,1
"2025-01-21","Brazil","(not set)",1293,1282
"2025-01-21","United States","(not set)",53,53
"2025-01-21","Egypt","(not set)",7,7
"2025-01-21","Mexico","(not set)",4,4
"2025-01-21","Iran","(not set)",3,3
"2025-01-21","Argentina","(not set)",2,2
"2025-01-21","Bangladesh","(not set)",2,2
"2025-01-21","India","(not set)",2,2
"2025-01-21","Indonesia","(not set)",2,2
"2025-01-21","Saudi Arabia","(not set)",2,2
"2025-01-21","Algeria","(not set)",1,1
"2025-01-21","Burkina Faso","(not set)",1,1
"2025-01-21","Canada","(not set)",1,1
"2025-01-21","Congo - Brazzaville","(not set)",1,1
"2025-01-21","Germany","(not set)",1,1
"2025-01-21","Japan","(not set)",1,1
"2025-01-21","Libya","(not set)",1,1
"2025-01-21","Morocco","(not set)",1,1
"2025-01-21","Philippines","(not set)",1,1
"2025-01-21","Syria","(not set)",1,1
"2025-01-21","United Kingdom","(not set)",1,1
"2025-01-21","Yemen","(not set)",1,1
"2025-01-22","Brazil","(not set)",1209,1194
"2025-01-22","United States","(not set)",36,35
"2025-01-22","Iran","(not set)",10,5
"2025-01-22","Jordan","(not set)",7,7
"2025-01-22","Egypt","(not set)",5,5
"2025-01-22","Saudi Arabia","(not set)",5,5
"2025-01-22","Argentina","(not set)",2,2
"2025-01-22","Canada","(not set)",2,2
"2025-01-22","France","(not set)",2,2
"2025-01-22","South Korea","(not set)",2,2
"2025-01-22","Syria","(not set)",2,2
"2025-01-22","(not set)","(not set)",1,1
"2025-01-22","Algeria","(not set)",1,1
"2025-01-22","Bangladesh","(not set)",1,1
"2025-01-22","Hong Kong","(not set)",1,1
"2025-01-22","Indonesia","(not set)",1,1
"2025-01-22","Iraq","(not set)",1,1
"2025-01-22","Ireland","(not set)",1,1
"2025-01-22","Israel","(not set)",1,1
"2025-01-22","Kuwait","(not set)",1,1
"2025-01-22","Mexico","(not set)",1,1
"2025-01-22","Morocco","(not set)",1,1
"2025-01-22","Oman","(not set)",1,1
"2025-01-22","Peru","(not set)",1,1
"2025-01-22","Portugal","(not set)",1,1
"2025-01-22","Romania","(not set)",1,1
"2025-01-23","Brazil","(not set)",1118,1102
"2025-01-23","United States","(not set)",37,36
"2025-01-23","Egypt","(not set)",5,5
"2025-01-23","Iran","(not set)",5,5
"2025-01-23","Bangladesh","(not set)",3,3
"2025-01-23","Indonesia","(not set)",3,3
"2025-01-23","Argentina","(not set)",2,2
"2025-01-23","Jordan","(not set)",2,2
"2025-01-23","Mexico","(not set)",2,2
"2025-01-23","Morocco","(not set)",2,2
"2025-01-23","Afghanistan","(not set)",1,1
"2025-01-23","Chile","(not set)",1,1
"2025-01-23","Colombia","(not set)",1,1
"2025-01-23","Ecuador","(not set)",1,1
"2025-01-23","France","(not set)",1,1
"2025-01-23","Hong Kong","(not set)",1,1
"2025-01-23","India","(not set)",1,1
"2025-01-23","Netherlands","(not set)",1,1
"2025-01-23","Paraguay","(not set)",1,1
"2025-01-23","Saudi Arabia","(not set)",1,1
"2025-01-23","South Korea","(not set)",1,1
"2025-01-23","Türkiye","(not set)",1,1
"2025-01-23","Yemen","(not set)",1,1
"2025-01-24","Brazil","(not set)",1182,1159
"2025-01-24","United States","(not set)",30,30
"2025-01-24","Bangladesh","(not set)",6,6
"2025-01-24","Egypt","(not set)",6,6
"2025-01-24","Indonesia","(not set)",4,4
"2025-01-24","Mexico","(not set)",4,4
"2025-01-24","Iran","(not set)",3,3
"2025-01-24","France","(not set)",2,2
"2025-01-24","Germany","(not set)",2,2
"2025-01-24","Jordan","(not set)",2,2
"2025-01-24","Morocco","(not set)",2,2
"2025-01-24","Saudi Arabia","(not set)",2,2
"2025-01-24","South Korea","(not set)",2,2
"2025-01-24","Argentina","(not set)",1,1
"2025-01-24","Netherlands","(not set)",1,1
"2025-01-24","Pakistan","(not set)",1,1
"2025-01-24","Portugal","(not set)",1,1
"2025-01-24","United Arab Emirates","(not set)",1,1
"2025-01-24","Uzbekistan","(not set)",1,1
"2025-01-24","Yemen","(not set)",1,1
"2025-01-25","Brazil","(not set)",1303,1291
"2025-01-25","United States","(not set)",43,43
"2025-01-25","Egypt","(not set)",9,9
"2025-01-25","Saudi Arabia","(not set)",6,6
"2025-01-25","Mexico","(not set)",5,5
"2025-01-25","Bangladesh","(not set)",4,4
"2025-01-25","India","(not set)",4,4
"2025-01-25","Indonesia","(not set)",4,4
"2025-01-25","Iran","(not set)",4,4
"2025-01-25","Morocco","(not set)",4,4
"2025-01-25","Algeria","(not set)",2,2
"2025-01-25","Philippines","(not set)",2,1
"2025-01-25","Angola","(not set)",1,1
"2025-01-25","Argentina","(not set)",1,1
"2025-01-25","Canada","(not set)",1,1
"2025-01-25","China","(not set)",1,1
"2025-01-25","Iraq","(not set)",1,1
"2025-01-25","Japan","(not set)",1,1
"2025-01-25","Jordan","(not set)",1,1
"2025-01-25","Paraguay","(not set)",1,1
"2025-01-25","Russia","(not set)",1,1
"2025-01-25","South Korea","(not set)",1,1
"2025-01-25","Türkiye","(not set)",1,1
"2025-01-25","Ukraine","(not set)",1,1
"2025-01-26","Brazil","(not set)",1447,1421
"2025-01-26","United States","(not set)",51,48
"2025-01-26","Iran","(not set)",4,4
"2025-01-26","Saudi Arabia","(not set)",4,4
"2025-01-26","Algeria","(not set)",3,3
"2025-01-26","Jordan","(not set)",3,3
"2025-01-26","Bangladesh","(not set)",2,2
"2025-01-26","Egypt","(not set)",2,2
"2025-01-26","Germany","(not set)",2,2
"2025-01-26","Indonesia","(not set)",2,2
"2025-01-26","Mexico","(not set)",2,2
"2025-01-26","Morocco","(not set)",2,2
"2025-01-26","Türkiye","(not set)",2,2
"2025-01-26","Argentina","(not set)",1,1
"2025-01-26","Canada","(not set)",1,1
"2025-01-26","Colombia","(not set)",1,1
"2025-01-26","France","(not set)",1,1
"2025-01-26","India","(not set)",1,1
"2025-01-26","Italy","(not set)",1,1
"2025-01-26","Japan","(not set)",1,1
"2025-01-26","Kuwait","(not set)",1,1
"2025-01-26","Oman","(not set)",1,1
"2025-01-26","Philippines","(not set)",1,1
"2025-01-26","South Korea","(not set)",1,1
"2025-01-27","Brazil","(not set)",1258,1241
"2025-01-27","United States","(not set)",36,36
"2025-01-27","Indonesia","(not set)",5,5
"2025-01-27","Bangladesh","(not set)",4,4
"2025-01-27","Egypt","(not set)",4,4
"2025-01-27","Russia","(not set)",4,4
"2025-01-27","India","(not set)",3,3
"2025-01-27","Kuwait","(not set)",3,3
"2025-01-27","Iran","(not set)",2,2
"2025-01-27","Japan","(not set)",2,1
"2025-01-27","Jordan","(not set)",2,2
"2025-01-27","Saudi Arabia","(not set)",2,2
"2025-01-27","Angola","(not set)",1,1
"2025-01-27","Canada","(not set)",1,1
"2025-01-27","Chile","(not set)",1,1
"2025-01-27","Hong Kong","(not set)",1,1
"2025-01-27","Iraq","(not set)",1,1
"2025-01-27","Israel","(not set)",1,1
"2025-01-27","Mexico","(not set)",1,1
"2025-01-27","Morocco","(not set)",1,1
"2025-01-27","Nigeria","(not set)",1,1
"2025-01-27","Oman","(not set)",1,1
"2025-01-27","Paraguay","(not set)",1,1
"2025-01-27","United Kingdom","(not set)",1,1
"2025-01-27","Uruguay","(not set)",1,1
"2025-01-28","Brazil","(not set)",1224,1209
"2025-01-28","United States","(not set)",35,34
"2025-01-28","Egypt","(not set)",9,9
"2025-01-28","Iran","(not set)",5,5
"2025-01-28","Bangladesh","(not set)",3,3
"2025-01-28","Saudi Arabia","(not set)",3,3
"2025-01-28","(not set)","(not set)",2,2
"2025-01-28","India","(not set)",2,2
"2025-01-28","Malaysia","(not set)",2,2
"2025-01-28","Mexico","(not set)",2,2
"2025-01-28","Argentina","(not set)",1,1
"2025-01-28","Canada","(not set)",1,1
"2025-01-28","Chile","(not set)",1,1
"2025-01-28","Ecuador","(not set)",1,1
"2025-01-28","Finland","(not set)",1,1
"2025-01-28","France","(not set)",1,1
"2025-01-28","Indonesia","(not set)",1,1
"2025-01-28","Jordan","(not set)",1,1
"2025-01-28","Morocco","(not set)",1,1
"2025-01-28","Netherlands","(not set)",1,1
"2025-01-28","Paraguay","(not set)",1,1
"2025-01-28","Zimbabwe","(not set)",1,1
"2025-01-29","Brazil","(not set)",1228,1210
"2025-01-29","United States","(not set)",41,41
"2025-01-29","Egypt","(not set)",10,10
"2025-01-29","(not set)","(not set)",4,4
"2025-01-29","Bangladesh","(not set)",4,4
"2025-01-29","Indonesia","(not set)",3,3
"2025-01-29","Mexico","(not set)",3,3
"2025-01-29","Netherlands","(not set)",3,3
"2025-01-29","Algeria","(not set)",2,2
"2025-01-29","Iran","(not set)",2,2
"2025-01-29","Morocco","(not set)",2,2
"2025-01-29","Saudi Arabia","(not set)",2,2
"2025-01-29","Angola","(not set)",1,1
"2025-01-29","Canada","(not set)",1,1
"2025-01-29","Chile","(not set)",1,1
"2025-01-29","Colombia","(not set)",1,1
"2025-01-29","Hungary","(not set)",1,1
"2025-01-29","India","(not set)",1,1
"2025-01-29","Japan","(not set)",1,1
"2025-01-29","Kenya","(not set)",1,1
"2025-01-29","Malaysia","(not set)",1,1
"2025-01-29","Mozambique","(not set)",1,1
"2025-01-29","Peru","(not set)",1,1
"2025-01-29","Puerto Rico","(not set)",1,1
"2025-01-29","Serbia","(not set)",1,1
"2025-01-29","Singapore","(not set)",1,1
"2025-01-29","Sudan","(not set)",1,1
"2025-01-29","Switzerland","(not set)",1,1
"2025-01-29","Syria","(not set)",1,1
"2025-01-30","Brazil","(not set)",1151,1144
"2025-01-30","United States","(not set)",30,30
"2025-01-30","Egypt","(not set)",9,9
"2025-01-30","Bangladesh","(not set)",5,5
"2025-01-30","Iran","(not set)",3,3
"2025-01-30","Algeria","(not set)",2,2
"2025-01-30","Indonesia","(not set)",2,2
"2025-01-30","Afghanistan","(not set)",1,1
"2025-01-30","Hungary","(not set)",1,1
"2025-01-30","India","(not set)",1,1
"2025-01-30","Libya","(not set)",1,1
"2025-01-30","Malaysia","(not set)",1,1
"2025-01-30","Mexico","(not set)",1,1
"2025-01-30","Mozambique","(not set)",1,1
"2025-01-30","Portugal","(not set)",1,1
"2025-01-30","Puerto Rico","(not set)",1,1
"2025-01-30","Türkiye","(not set)",1,1
"2025-01-30","United Arab Emirates","(not set)",1,1
"2025-01-31","Brazil","(not set)",1134,1113
"2025-01-31","United States","(not set)",34,33
"2025-01-31","Egypt","(not set)",7,7
"2025-01-31","Iran","(not set)",5,5
"2025-01-31","Bangladesh","(not set)",4,4
"2025-01-31","India","(not set)",4,4
"2025-01-31","Russia","(not set)",4,3
"2025-01-31","Canada","(not set)",2,2
"2025-01-31","Jordan","(not set)",2,2
"2025-01-31","Morocco","(not set)",2,2
"2025-01-31","Saudi Arabia","(not set)",2,2
"2025-01-31","Colombia","(not set)",1,1
"2025-01-31","Dominican Republic","(not set)",1,1
"2025-01-31","Indonesia","(not set)",1,1
"2025-01-31","Libya","(not set)",1,1
"2025-01-31","Malaysia","(not set)",1,1
"2025-01-31","Mexico","(not set)",1,1
"2025-01-31","Oman","(not set)",1,1
"2025-01-31","Pakistan","(not set)",1,1
"2025-01-31","Serbia","(not set)",1,1
"2025-01-31","Tunisia","(not set)",1,1
"2025-01-31","United Kingdom","(not set)",1,1
"2025-01-31","Yemen","(not set)",1,1
"2025-02-01","Brazil","(not set)",1222,1197
"2025-02-01","United States","(not set)",47,47
"2025-02-01","Egypt","(not set)",11,11
"2025-02-01","Russia","(not set)",5,5
"2025-02-01","Iran","(not set)",4,4
"2025-02-01","Saudi Arabia","(not set)",4,4
"2025-02-01","Bangladesh","(not set)",3,3
"2025-02-01","Indonesia","(not set)",3,3
"2025-02-01","Jordan","(not set)",3,3
"2025-02-01","Yemen","(not set)",2,1
"2025-02-01","(not set)","(not set)",1,1
"2025-02-01","Algeria","(not set)",1,1
"2025-02-01","Argentina","(not set)",1,1
"2025-02-01","Ireland","(not set)",1,1
"2025-02-01","Kuwait","(not set)",1,1
"2025-02-01","Malaysia","(not set)",1,1
"2025-02-01","Mexico","(not set)",1,1
"2025-02-01","Morocco","(not set)",1,1
"2025-02-01","Pakistan","(not set)",1,1
"2025-02-01","Puerto Rico","(not set)",1,1
"2025-02-01","Tunisia","(not set)",1,1
"2025-02-01","Türkiye","(not set)",1,1
"2025-02-02","Brazil","(not set)",1370,1350
"2025-02-02","United States","(not set)",48,48
"2025-02-02","Egypt","(not set)",9,9
"2025-02-02","Bangladesh","(not set)",4,4
"2025-02-02","Mexico","(not set)",4,4
"2025-02-02","India","(not set)",3,3
"2025-02-02","Iran","(not set)",3,3
"2025-02-02","Jordan","(not set)",3,3
"2025-02-02","Algeria","(not set)",2,2
"2025-02-02","Argentina","(not set)",2,2
"2025-02-02","Philippines","(not set)",2,2
"2025-02-02","Portugal","(not set)",2,2
"2025-02-02","Saudi Arabia","(not set)",2,2
"2025-02-02","Canada","(not set)",1,1
"2025-02-02","Dominican Republic","(not set)",1,1
"2025-02-02","Germany","(not set)",1,1
"2025-02-02","Indonesia","(not set)",1,1
"2025-02-02","Morocco","(not set)",1,1
"2025-02-02","Netherlands","(not set)",1,1
"2025-02-02","Qatar","(not set)",1,1
"2025-02-02","Singapore","(not set)",1,1
"2025-02-02","South Korea","(not set)",1,1
"2025-02-02","Switzerland","(not set)",1,1
"2025-02-02","Thailand","(not set)",1,1
"2025-02-02","Togo","(not set)",1,1
"2025-02-02","Türkiye","(not set)",1,1
"2025-02-03","Brazil","(not set)",1048,1037
"2025-02-03","United States","(not set)",38,38
"2025-02-03","Egypt","(not set)",5,5
"2025-02-03","Saudi Arabia","(not set)",5,5
"2025-02-03","Iran","(not set)",3,3
"2025-02-03","Algeria","(not set)",2,2
"2025-02-03","Bangladesh","(not set)",2,2
"2025-02-03","India","(not set)",2,2
"2025-02-03","Indonesia","(not set)",2,2
"2025-02-03","Jordan","(not set)",2,2
"2025-02-03","Mexico","(not set)",2,2
"2025-02-03","Thailand","(not set)",2,2
"2025-02-03","United Arab Emirates","(not set)",2,2
"2025-02-03","(not set)","(not set)",1,1
"2025-02-03","Angola","(not set)",1,1
"2025-02-03","Cuba","(not set)",1,1
"2025-02-03","Japan","(not set)",1,1
"2025-02-03","Netherlands","(not set)",1,1
"2025-02-03","Pakistan","(not set)",1,1
"2025-02-03","Papua New Guinea","(not set)",1,1
"2025-02-03","Paraguay","(not set)",1,1
"2025-02-03","Portugal","(not set)",1,1
"2025-02-03","South Korea","(not set)",1,1
"2025-02-03","Yemen","(not set)",1,1
"2025-02-04","Brazil","(not set)",1031,1011
"2025-02-04","United States","(not set)",31,31
"2025-02-04","Egypt","(not set)",13,13
"2025-02-04","Iran","(not set)",5,5
"2025-02-04","Algeria","(not set)",4,4
"2025-02-04","China","(not set)",4,4
"2025-02-04","India","(not set)",3,3
"2025-02-04","Argentina","(not set)",2,2
"2025-02-04","Bangladesh","(not set)",2,2
"2025-02-04","France","(not set)",2,2
"2025-02-04","Indonesia","(not set)",2,2
"2025-02-04","Saudi Arabia","(not set)",2,2
"2025-02-04","Thailand","(not set)",2,2
"2025-02-04","Chile","(not set)",1,1
"2025-02-04","Iraq","(not set)",1,1
"2025-02-04","Japan","(not set)",1,1
"2025-02-04","Morocco","(not set)",1,1
"2025-02-04","Nigeria","(not set)",1,1
"2025-02-04","Pakistan","(not set)",1,1
"2025-02-04","Puerto Rico","(not set)",1,1
"2025-02-04","Russia","(not set)",1,1
"2025-02-04","United Arab Emirates","(not set)",1,1
"2025-02-04","Zimbabwe","(not set)",1,1
"2025-02-05","Brazil","(not set)",934,929
"2025-02-05","United States","(not set)",34,34
"2025-02-05","Saudi Arabia","(not set)",4,4
"2025-02-05","Bangladesh","(not set)",3,3
"2025-02-05","Mexico","(not set)",3,3
"2025-02-05","(not set)","(not set)",2,2
"2025-02-05","Egypt","(not set)",2,2
"2025-02-05","India","(not set)",2,2
"2025-02-05","Indonesia","(not set)",2,2
"2025-02-05","Iran","(not set)",2,2
"2025-02-05","Yemen","(not set)",2,1
"2025-02-05","Angola","(not set)",1,1
"2025-02-05","Colombia","(not set)",1,1
"2025-02-05","Japan","(not set)",1,1
"2025-02-05","Malaysia","(not set)",1,1
"2025-02-05","Morocco","(not set)",1,1
"2025-02-05","Oman","(not set)",1,1
"2025-02-05","South Korea","(not set)",1,1
"2025-02-05","United Arab Emirates","(not set)",1,1
"2025-02-06","Brazil","(not set)",911,896
"2025-02-06","United States","(not set)",32,32
"2025-02-06","Philippines","(not set)",5,5
"2025-02-06","Egypt","(not set)",4,4
"2025-02-06","South Korea","(not set)",4,4
"2025-02-06","Bangladesh","(not set)",3,3
"2025-02-06","India","(not set)",3,3
"2025-02-06","Saudi Arabia","(not set)",3,3
"2025-02-06","Yemen","(not set)",3,3
"2025-02-06","(not set)","(not set)",2,2
"2025-02-06","Algeria","(not set)",2,2
"2025-02-06","Iran","(not set)",2,2
"2025-02-06","Angola","(not set)",1,1
"2025-02-06","Colombia","(not set)",1,1
"2025-02-06","Ecuador","(not set)",1,1
"2025-02-06","Indonesia","(not set)",1,1
"2025-02-06","Jordan","(not set)",1,1
"2025-02-06","Kazakhstan","(not set)",1,1
"2025-02-06","Mexico","(not set)",1,1
"2025-02-06","Morocco","(not set)",1,1
"2025-02-06","South Africa","(not set)",1,1
"2025-02-07","Brazil","(not set)",1064,1045
"2025-02-07","United States","(not set)",33,33
"2025-02-07","Egypt","(not set)",7,7
"2025-02-07","Algeria","(not set)",4,4
"2025-02-07","India","(not set)",4,4
"2025-02-07","Iran","(not set)",4,4
"2025-02-07","South Korea","(not set)",4,4
"2025-02-07","China","(not set)",3,3
"2025-02-07","Saudi Arabia","(not set)",3,3
"2025-02-07","Bangladesh","(not set)",2,2
"2025-02-07","Mexico","(not set)",2,2
"2025-02-07","Philippines","(not set)",2,2
"2025-02-07","Jordan","(not set)",1,1
"2025-02-07","New Zealand","(not set)",1,1
"2025-02-07","Pakistan","(not set)",1,1
"2025-02-07","Panama","(not set)",1,1
"2025-02-07","Tunisia","(not set)",1,1
"2025-02-07","United Arab Emirates","(not set)",1,1
"2025-02-07","United Kingdom","(not set)",1,1
"2025-02-07","Yemen","(not set)",1,1
"2025-02-08","Brazil","(not set)",1095,1070
"2025-02-08","United States","(not set)",38,37
"2025-02-08","Egypt","(not set)",7,7
"2025-02-08","Iran","(not set)",4,4
"2025-02-08","India","(not set)",3,3
"2025-02-08","Indonesia","(not set)",3,3
"2025-02-08","South Korea","(not set)",3,3
"2025-02-08","Canada","(not set)",2,2
"2025-02-08","Türkiye","(not set)",2,2
"2025-02-08","United Kingdom","(not set)",2,2
"2025-02-08","Zambia","(not set)",2,2
"2025-02-08","Algeria","(not set)",1,1
"2025-02-08","Argentina","(not set)",1,1
"2025-02-08","Chile","(not set)",1,1
"2025-02-08","Germany","(not set)",1,1
"2025-02-08","Morocco","(not set)",1,1
"2025-02-08","Pakistan","(not set)",1,1
"2025-02-08","Romania","(not set)",1,1
"2025-02-08","Thailand","(not set)",1,1
"2025-02-09","Brazil","(not set)",1231,1206
"2025-02-09","United States","(not set)",27,27
"2025-02-09","Iran","(not set)",6,6
"2025-02-09","India","(not set)",5,5
"2025-02-09","Mexico","(not set)",5,5
"2025-02-09","Bangladesh","(not set)",4,4
"2025-02-09","Egypt","(not set)",3,3
"2025-02-09","Germany","(not set)",2,2
"2025-02-09","Saudi Arabia","(not set)",2,2
"2025-02-09","Anguilla","(not set)",1,1
"2025-02-09","Belarus","(not set)",1,1
"2025-02-09","Chile","(not set)",1,1
"2025-02-09","Colombia","(not set)",1,1
"2025-02-09","Israel","(not set)",1,1
"2025-02-09","Japan","(not set)",1,1
"2025-02-09","Jordan","(not set)",1,1
"2025-02-09","Morocco","(not set)",1,1
"2025-02-09","New Zealand","(not set)",1,1
"2025-02-09","Pakistan","(not set)",1,1
"2025-02-09","Seychelles","(not set)",1,1
"2025-02-09","South Africa","(not set)",1,1
"2025-02-09","South Korea","(not set)",1,1
"2025-02-09","Türkiye","(not set)",1,1
"2025-02-10","Brazil","(not set)",861,854
"2025-02-10","United States","(not set)",24,24
"2025-02-10","Egypt","(not set)",8,8
"2025-02-10","Saudi Arabia","(not set)",4,4
"2025-02-10","Mexico","(not set)",3,2
"2025-02-10","Morocco","(not set)",3,3
"2025-02-10","Bangladesh","(not set)",2,2
"2025-02-10","Colombia","(not set)",2,2
"2025-02-10","India","(not set)",2,2
"2025-02-10","Iran","(not set)",2,2
"2025-02-10","New Zealand","(not set)",2,2
"2025-02-10","Philippines","(not set)",2,2
"2025-02-10","Portugal","(not set)",2,2
"2025-02-10","Syria","(not set)",2,1
"2025-02-10","Algeria","(not set)",1,1
"2025-02-10","El Salvador","(not set)",1,1
"2025-02-10","Japan","(not set)",1,1
"2025-02-10","Jordan","(not set)",1,1
"2025-02-10","Mali","(not set)",1,1
"2025-02-10","Pakistan","(not set)",1,1
"2025-02-10","Poland","(not set)",1,1
"2025-02-10","South Korea","(not set)",1,1
"2025-02-10","Switzerland","(not set)",1,1
"2025-02-10","Tunisia","(not set)",1,1
"2025-02-10","United Kingdom","(not set)",1,1
"2025-02-11","Brazil","(not set)",918,905
"2025-02-11","United States","(not set)",33,32
"2025-02-11","Egypt","(not set)",11,11
"2025-02-11","Mexico","(not set)",4,4
"2025-02-11","India","(not set)",3,3
"2025-02-11","Indonesia","(not set)",3,3
"2025-02-11","Algeria","(not set)",2,2
"2025-02-11","Iran","(not set)",2,2
"2025-02-11","Philippines","(not set)",2,1
"2025-02-11","Bangladesh","(not set)",1,1
"2025-02-11","Bolivia","(not set)",1,1
"2025-02-11","Colombia","(not set)",1,1
"2025-02-11","Ecuador","(not set)",1,1
"2025-02-11","Iraq","(not set)",1,1
"2025-02-11","Ireland","(not set)",1,1
"2025-02-11","Morocco","(not set)",1,1
"2025-02-11","Myanmar (Burma)","(not set)",1,1
"2025-02-11","Saudi Arabia","(not set)",1,1
"2025-02-11","South Korea","(not set)",1,1
"2025-02-11","United Kingdom","(not set)",1,1
"2025-02-12","Brazil","(not set)",814,807
"2025-02-12","United States","(not set)",33,32
"2025-02-12","South Korea","(not set)",4,4
"2025-02-12","Bangladesh","(not set)",3,3
"2025-02-12","Iran","(not set)",3,3
"2025-02-12","Saudi Arabia","(not set)",3,3
"2025-02-12","Egypt","(not set)",2,2
"2025-02-12","Kuwait","(not set)",2,2
"2025-02-12","Mexico","(not set)",2,2
"2025-02-12","Portugal","(not set)",2,2
"2025-02-12","(not set)","(not set)",1,1
"2025-02-12","Algeria","(not set)",1,1
"2025-02-12","Colombia","(not set)",1,1
"2025-02-12","Morocco","(not set)",1,1
"2025-02-12","Nigeria","(not set)",1,1
"2025-02-12","Tunisia","(not set)",1,1
"2025-02-12","Türkiye","(not set)",1,1
"2025-02-13","Brazil","(not set)",834,821
"2025-02-13","United States","(not set)",34,34
"2025-02-13","Egypt","(not set)",6,6
"2025-02-13","India","(not set)",5,5
"2025-02-13","Indonesia","(not set)",4,4
"2025-02-13","Iran","(not set)",4,3
"2025-02-13","Mexico","(not set)",4,4
"2025-02-13","Bangladesh","(not set)",2,2
"2025-02-13","Canada","(not set)",2,2
"2025-02-13","Colombia","(not set)",2,1
"2025-02-13","Peru","(not set)",2,2
"2025-02-13","Saudi Arabia","(not set)",2,2
"2025-02-13","South Korea","(not set)",2,2
"2025-02-13","Thailand","(not set)",2,2
"2025-02-13","Argentina","(not set)",1,1
"2025-02-13","Portugal","(not set)",1,1
"2025-02-13","Türkiye","(not set)",1,1
"2025-02-13","Vietnam","(not set)",1,1
"2025-02-14","Brazil","(not set)",894,884
"2025-02-14","United States","(not set)",31,31
"2025-02-14","Egypt","(not set)",7,7
"2025-02-14","Bangladesh","(not set)",3,3
"2025-02-14","Saudi Arabia","(not set)",3,3
"2025-02-14","India","(not set)",2,2
"2025-02-14","Iran","(not set)",2,2
"2025-02-14","Jordan","(not set)",2,2
"2025-02-14","Algeria","(not set)",1,1
"2025-02-14","Guatemala","(not set)",1,1
"2025-02-14","Honduras","(not set)",1,1
"2025-02-14","Indonesia","(not set)",1,1
"2025-02-14","Mexico","(not set)",1,1
"2025-02-14","Peru","(not set)",1,1
"2025-02-14","Poland","(not set)",1,1
"2025-02-14","South Korea","(not set)",1,1
"2025-02-14","Togo","(not set)",1,1
"2025-02-14","Ukraine","(not set)",1,1
"2025-02-14","United Arab Emirates","(not set)",1,1
"2025-02-14","United Kingdom","(not set)",1,1
"2025-02-15","Brazil","(not set)",990,978
"2025-02-15","United States","(not set)",28,28
"2025-02-15","Egypt","(not set)",7,7
"2025-02-15","Bangladesh","(not set)",3,3
"2025-02-15","Iran","(not set)",3,3
"2025-02-15","Mexico","(not set)",3,3
"2025-02-15","Morocco","(not set)",3,3
"2025-02-15","Saudi Arabia","(not set)",3,3
"2025-02-15","Argentina","(not set)",2,2
"2025-02-15","Indonesia","(not set)",2,2
"2025-02-15","Italy","(not set)",2,2
"2025-02-15","United Kingdom","(not set)",2,2
"2025-02-15","France","(not set)",1,1
"2025-02-15","Iraq","(not set)",1,1
"2025-02-15","Jordan","(not set)",1,1
"2025-02-15","Kenya","(not set)",1,1
"2025-02-15","Oman","(not set)",1,1
"2025-02-15","Palestine","(not set)",1,1
"2025-02-15","Philippines","(not set)",1,1
"2025-02-15","Poland","(not set)",1,1
"2025-02-15","Portugal","(not set)",1,1
"2025-02-15","South Korea","(not set)",1,1
"2025-02-16","Brazil","(not set)",1142,1125
"2025-02-16","United States","(not set)",27,26
"2025-02-16","Bangladesh","(not set)",5,5
"2025-02-16","Jordan","(not set)",4,4
"2025-02-16","Egypt","(not set)",3,3
"2025-02-16","Pakistan","(not set)",3,3
"2025-02-16","Saudi Arabia","(not set)",3,2
"2025-02-16","Indonesia","(not set)",2,2
"2025-02-16","Algeria","(not set)",1,1
"2025-02-16","Argentina","(not set)",1,1
"2025-02-16","Germany","(not set)",1,1
"2025-02-16","Hong Kong","(not set)",1,1
"2025-02-16","Morocco","(not set)",1,1
"2025-02-16","Syria","(not set)",1,1
"2025-02-16","United Kingdom","(not set)",1,1
"2025-02-17","Brazil","(not set)",938,927
"2025-02-17","United States","(not set)",23,23
"2025-02-17","Iran","(not set)",6,6
"2025-02-17","Mexico","(not set)",6,6
"2025-02-17","Egypt","(not set)",5,5
"2025-02-17","Bangladesh","(not set)",3,3
"2025-02-17","Germany","(not set)",3,3
"2025-02-17","India","(not set)",3,3
"2025-02-17","Algeria","(not set)",2,2
"2025-02-17","Argentina","(not set)",2,2
"2025-02-17","Canada","(not set)",2,2
"2025-02-17","Jordan","(not set)",2,2
"2025-02-17","Saudi Arabia","(not set)",2,2
"2025-02-17","Yemen","(not set)",2,2
"2025-02-17","(not set)","(not set)",1,1
"2025-02-17","Chile","(not set)",1,1
"2025-02-17","Costa Rica","(not set)",1,1
"2025-02-17","Indonesia","(not set)",1,1
"2025-02-17","Kuwait","(not set)",1,1
"2025-02-17","Malaysia","(not set)",1,1
"2025-02-17","Portugal","(not set)",1,1
"2025-02-17","Puerto Rico","(not set)",1,1
"2025-02-17","South Korea","(not set)",1,1
"2025-02-17","Tanzania","(not set)",1,1
"2025-02-17","Tunisia","(not set)",1,1
"2025-02-18","Brazil","(not set)",950,936
"2025-02-18","United States","(not set)",26,26
"2025-02-18","India","(not set)",8,7
"2025-02-18","Iran","(not set)",7,6
"2025-02-18","Bangladesh","(not set)",3,3
"2025-02-18","Egypt","(not set)",3,3
"2025-02-18","Germany","(not set)",3,3
"2025-02-18","Saudi Arabia","(not set)",2,2
"2025-02-18","South Korea","(not set)",2,2
"2025-02-18","France","(not set)",1,1
"2025-02-18","Indonesia","(not set)",1,1
"2025-02-18","Iraq","(not set)",1,1
"2025-02-18","Jordan","(not set)",1,1
"2025-02-18","Peru","(not set)",1,1
"2025-02-18","Portugal","(not set)",1,1
"2025-02-18","Qatar","(not set)",1,1
"2025-02-18","Singapore","(not set)",1,1
"2025-02-18","Sudan","(not set)",1,1
"2025-02-18","United Arab Emirates","(not set)",1,1
"2025-02-18","Yemen","(not set)",1,1
"2025-02-19","Brazil","(not set)",850,825
"2025-02-19","United States","(not set)",25,25
"2025-02-19","Egypt","(not set)",6,6
"2025-02-19","(not set)","(not set)",4,4
"2025-02-19","Algeria","(not set)",3,3
"2025-02-19","Bangladesh","(not set)",3,3
"2025-02-19","Indonesia","(not set)",3,3
"2025-02-19","Iran","(not set)",2,2
"2025-02-19","Saudi Arabia","(not set)",2,2
"2025-02-19","Argentina","(not set)",1,1
"2025-02-19","Bahrain","(not set)",1,1
"2025-02-19","Canada","(not set)",1,1
"2025-02-19","Croatia","(not set)",1,1
"2025-02-19","India","(not set)",1,1
"2025-02-19","Japan","(not set)",1,1
"2025-02-19","Mexico","(not set)",1,1
"2025-02-19","Peru","(not set)",1,1
"2025-02-19","United Kingdom","(not set)",1,1
"2025-02-20","Brazil","(not set)",743,731
"2025-02-20","United States","(not set)",19,19
"2025-02-20","Egypt","(not set)",7,7
"2025-02-20","India","(not set)",5,5
"2025-02-20","Mexico","(not set)",5,5
"2025-02-20","Bangladesh","(not set)",3,3
"2025-02-20","Canada","(not set)",3,3
"2025-02-20","Algeria","(not set)",2,2
"2025-02-20","Jordan","(not set)",2,2
"2025-02-20","Morocco","(not set)",2,2
"2025-02-20","Colombia","(not set)",1,1
"2025-02-20","Guinea-Bissau","(not set)",1,1
"2025-02-20","Guyana","(not set)",1,1
"2025-02-20","Indonesia","(not set)",1,1
"2025-02-20","Iran","(not set)",1,1
"2025-02-20","Italy","(not set)",1,1
"2025-02-20","Kosovo","(not set)",1,1
"2025-02-20","Philippines","(not set)",1,1
"2025-02-20","South Africa","(not set)",1,1
"2025-02-20","Spain","(not set)",1,1
"2025-02-20","Switzerland","(not set)",1,1
"2025-02-20","Syria","(not set)",1,1
"2025-02-20","Thailand","(not set)",1,1
"2025-02-20","Western Sahara","(not set)",1,1
"2025-02-21","Brazil","(not set)",848,838
"2025-02-21","United States","(not set)",36,35
"2025-02-21","Egypt","(not set)",4,4
"2025-02-21","Mexico","(not set)",4,4
"2025-02-21","Bangladesh","(not set)",3,3
"2025-02-21","India","(not set)",3,3
"2025-02-21","Iran","(not set)",3,3
"2025-02-21","Jordan","(not set)",3,3
"2025-02-21","Algeria","(not set)",2,2
"2025-02-21","Saudi Arabia","(not set)",2,2
"2025-02-21","South Korea","(not set)",2,2
"2025-02-21","Germany","(not set)",1,1
"2025-02-21","Israel","(not set)",1,1
"2025-02-21","Madagascar","(not set)",1,1
"2025-02-21","Morocco","(not set)",1,1
"2025-02-21","Pakistan","(not set)",1,1
"2025-02-21","Spain","(not set)",1,1
"2025-02-21","Syria","(not set)",1,1
"2025-02-21","Thailand","(not set)",1,1
"2025-02-21","Tunisia","(not set)",1,1
"2025-02-21","United Kingdom","(not set)",1,1
"2025-02-22","Brazil","(not set)",963,950
"2025-02-22","United States","(not set)",47,47
"2025-02-22","Indonesia","(not set)",3,3
"2025-02-22","Mexico","(not set)",3,3
"2025-02-22","Saudi Arabia","(not set)",3,3
"2025-02-22","Bangladesh","(not set)",2,2
"2025-02-22","Iran","(not set)",2,2
"2025-02-22","Jordan","(not set)",2,2
"2025-02-22","Mozambique","(not set)",2,1
"2025-02-22","Australia","(not set)",1,1
"2025-02-22","Bahrain","(not set)",1,1
"2025-02-22","Egypt","(not set)",1,1
"2025-02-22","Ethiopia","(not set)",1,1
"2025-02-22","France","(not set)",1,1
"2025-02-22","India","(not set)",1,1
"2025-02-22","Japan","(not set)",1,1
"2025-02-22","Niger","(not set)",1,1
"2025-02-22","Nigeria","(not set)",1,1
"2025-02-22","Portugal","(not set)",1,1
"2025-02-22","South Korea","(not set)",1,1
"2025-02-22","Syria","(not set)",1,1
"2025-02-22","Tunisia","(not set)",1,1
"2025-02-22","United Kingdom","(not set)",1,1
"2025-02-22","Uruguay","(not set)",1,1
"2025-02-23","Brazil","(not set)",1148,1135
"2025-02-23","United States","(not set)",41,41
"2025-02-23","Saudi Arabia","(not set)",12,10
"2025-02-23","Egypt","(not set)",8,8
"2025-02-23","India","(not set)",5,5
"2025-02-23","Algeria","(not set)",4,4
"2025-02-23","Argentina","(not set)",3,3
"2025-02-23","Bangladesh","(not set)",3,3
"2025-02-23","Nigeria","(not set)",3,1
"2025-02-23","(not set)","(not set)",2,1
"2025-02-23","Indonesia","(not set)",2,2
"2025-02-23","Iran","(not set)",2,2
"2025-02-23","Jordan","(not set)",2,2
"2025-02-23","Mexico","(not set)",2,2
"2025-02-23","Morocco","(not set)",2,2
"2025-02-23","Türkiye","(not set)",2,2
"2025-02-23","Yemen","(not set)",2,1
"2025-02-23","Angola","(not set)",1,1
"2025-02-23","Australia","(not set)",1,1
"2025-02-23","Colombia","(not set)",1,1
"2025-02-23","El Salvador","(not set)",1,1
"2025-02-23","Ethiopia","(not set)",1,1
"2025-02-23","France","(not set)",1,1
"2025-02-23","Nepal","(not set)",1,1
"2025-02-23","Peru","(not set)",1,1
"2025-02-23","Philippines","(not set)",1,1
"2025-02-23","South Korea","(not set)",1,1
"2025-02-23","Spain","(not set)",1,1
"2025-02-23","Switzerland","(not set)",1,1
"2025-02-23","Syria","(not set)",1,1
"2025-02-23","United Arab Emirates","(not set)",1,1
"2025-02-23","United Kingdom","(not set)",1,1
"2025-02-23","Uzbekistan","(not set)",1,1
"2025-02-23","Vietnam","(not set)",1,1
"2025-02-24","Brazil","(not set)",904,894
"2025-02-24","United States","(not set)",26,26
"2025-02-24","Bangladesh","(not set)",7,7
"2025-02-24","Egypt","(not set)",4,4
"2025-02-24","Iran","(not set)",4,4
"2025-02-24","Mexico","(not set)",3,3
"2025-02-24","Türkiye","(not set)",3,3
"2025-02-24","Indonesia","(not set)",2,2
"2025-02-24","Morocco","(not set)",2,2
"2025-02-24","Mozambique","(not set)",2,2
"2025-02-24","Saudi Arabia","(not set)",2,2
"2025-02-24","Algeria","(not set)",1,1
"2025-02-24","Angola","(not set)",1,1
"2025-02-24","Chile","(not set)",1,1
"2025-02-24","India","(not set)",1,1
"2025-02-24","New Zealand","(not set)",1,1
"2025-02-24","Syria","(not set)",1,1
"2025-02-24","Tunisia","(not set)",1,1
"2025-02-24","United Arab Emirates","(not set)",1,1
"2025-02-25","Brazil","(not set)",916,894
"2025-02-25","United States","(not set)",21,21
"2025-02-25","Egypt","(not set)",12,12
"2025-02-25","India","(not set)",5,5
"2025-02-25","Jordan","(not set)",4,4
"2025-02-25","South Korea","(not set)",3,3
"2025-02-25","United Kingdom","(not set)",3,3
"2025-02-25","Algeria","(not set)",2,2
"2025-02-25","Bangladesh","(not set)",2,2
"2025-02-25","Mexico","(not set)",2,2
"2025-02-25","Puerto Rico","(not set)",2,2
"2025-02-25","Canada","(not set)",1,1
"2025-02-25","Indonesia","(not set)",1,1
"2025-02-25","Iran","(not set)",1,1
"2025-02-25","Jamaica","(not set)",1,1
"2025-02-25","Nigeria","(not set)",1,1
"2025-02-25","Portugal","(not set)",1,1
"2025-02-25","Russia","(not set)",1,1
"2025-02-25","Saudi Arabia","(not set)",1,1
"2025-02-25","Sudan","(not set)",1,1
"2025-02-25","Tunisia","(not set)",1,1
"2025-02-26","Brazil","(not set)",963,947
"2025-02-26","United States","(not set)",28,28
"2025-02-26","Egypt","(not set)",6,6
"2025-02-26","Algeria","(not set)",5,5
"2025-02-26","Jordan","(not set)",5,3
"2025-02-26","Mexico","(not set)",5,5
"2025-02-26","(not set)","(not set)",4,4
"2025-02-26","Bangladesh","(not set)",2,2
"2025-02-26","Morocco","(not set)",2,2
"2025-02-26","Türkiye","(not set)",2,2
"2025-02-26","Colombia","(not set)",1,1
"2025-02-26","Ethiopia","(not set)",1,1
"2025-02-26","Indonesia","(not set)",1,1
"2025-02-26","Iran","(not set)",1,1
"2025-02-26","Ireland","(not set)",1,1
"2025-02-26","Israel","(not set)",1,1
"2025-02-26","Philippines","(not set)",1,1
"2025-02-26","Romania","(not set)",1,1
"2025-02-26","Russia","(not set)",1,1
"2025-02-26","Saudi Arabia","(not set)",1,1
"2025-02-26","Tunisia","(not set)",1,1
"2025-02-27","Brazil","(not set)",895,888
"2025-02-27","United States","(not set)",29,29
"2025-02-27","Egypt","(not set)",6,6
"2025-02-27","Algeria","(not set)",4,4
"2025-02-27","Bangladesh","(not set)",3,3
"2025-02-27","(not set)","(not set)",2,2
"2025-02-27","Bolivia","(not set)",2,2
"2025-02-27","India","(not set)",2,2
"2025-02-27","Mexico","(not set)",2,2
"2025-02-27","Argentina","(not set)",1,1
"2025-02-27","Chile","(not set)",1,1
"2025-02-27","Colombia","(not set)",1,1
"2025-02-27","Jordan","(not set)",1,1
"2025-02-27","Netherlands","(not set)",1,1
"2025-02-27","Peru","(not set)",1,1
"2025-02-27","Puerto Rico","(not set)",1,1
"2025-02-27","Russia","(not set)",1,1
"2025-02-27","Saudi Arabia","(not set)",1,1
"2025-02-27","South Korea","(not set)",1,1
"2025-02-27","Spain","(not set)",1,1
"2025-02-27","Syria","(not set)",1,1
"2025-02-27","Türkiye","(not set)",1,1
"2025-02-27","Venezuela","(not set)",1,1
"2025-02-27","Vietnam","(not set)",1,1
"2025-02-28","Brazil","(not set)",930,919
"2025-02-28","United States","(not set)",47,47
"2025-02-28","Egypt","(not set)",7,7
"2025-02-28","Bangladesh","(not set)",5,5
"2025-02-28","China","(not set)",4,4
"2025-02-28","Iran","(not set)",4,4
"2025-02-28","Mexico","(not set)",3,3
"2025-02-28","South Korea","(not set)",3,3
"2025-02-28","Canada","(not set)",2,2
"2025-02-28","India","(not set)",2,2
"2025-02-28","Portugal","(not set)",2,1
"2025-02-28","Saudi Arabia","(not set)",2,2
"2025-02-28","Togo","(not set)",2,1
"2025-02-28","Türkiye","(not set)",2,2
"2025-02-28","Algeria","(not set)",1,1
"2025-02-28","Angola","(not set)",1,1
"2025-02-28","Bolivia","(not set)",1,1
"2025-02-28","Chile","(not set)",1,1
"2025-02-28","Colombia","(not set)",1,1
"2025-02-28","Nigeria","(not set)",1,1
"2025-02-28","Panama","(not set)",1,1
"2025-03-01","Brazil","(not set)",1107,1087
"2025-03-01","United States","(not set)",41,41
"2025-03-01","Mexico","(not set)",5,5
"2025-03-01","Bangladesh","(not set)",4,4
"2025-03-01","Egypt","(not set)",4,4
"2025-03-01","Saudi Arabia","(not set)",4,4
"2025-03-01","Algeria","(not set)",2,2
"2025-03-01","India","(not set)",2,2
"2025-03-01","Iran","(not set)",2,2
"2025-03-01","South Korea","(not set)",2,2
"2025-03-01","Angola","(not set)",1,1
"2025-03-01","Australia","(not set)",1,1
"2025-03-01","Chile","(not set)",1,1
"2025-03-01","Hungary","(not set)",1,1
"2025-03-01","Israel","(not set)",1,1
"2025-03-01","Jordan","(not set)",1,1
"2025-03-01","Kenya","(not set)",1,1
"2025-03-01","Kuwait","(not set)",1,1
"2025-03-01","Malaysia","(not set)",1,1
"2025-03-01","Netherlands","(not set)",1,1
"2025-03-01","New Zealand","(not set)",1,1
"2025-03-01","Peru","(not set)",1,1
"2025-03-01","Philippines","(not set)",1,1
"2025-03-01","Portugal","(not set)",1,1
"2025-03-01","Russia","(not set)",1,1
"2025-03-01","Tunisia","(not set)",1,1
"2025-03-01","Türkiye","(not set)",1,1
"2025-03-01","United Kingdom","(not set)",1,1
"2025-03-01","Vietnam","(not set)",1,1
"2025-03-02","Brazil","(not set)",1248,1234
"2025-03-02","United States","(not set)",49,49
"2025-03-02","Egypt","(not set)",9,9
"2025-03-02","Bangladesh","(not set)",5,5
"2025-03-02","Germany","(not set)",2,2
"2025-03-02","India","(not set)",2,2
"2025-03-02","Indonesia","(not set)",2,2
"2025-03-02","Iran","(not set)",2,2
"2025-03-02","Togo","(not set)",2,2
"2025-03-02","Algeria","(not set)",1,1
"2025-03-02","Angola","(not set)",1,1
"2025-03-02","Argentina","(not set)",1,1
"2025-03-02","Austria","(not set)",1,1
"2025-03-02","Canada","(not set)",1,1
"2025-03-02","Iraq","(not set)",1,1
"2025-03-02","Jordan","(not set)",1,1
"2025-03-02","Nigeria","(not set)",1,1
"2025-03-02","Philippines","(not set)",1,1
"2025-03-02","Portugal","(not set)",1,1
"2025-03-02","Singapore","(not set)",1,1
"2025-03-02","South Korea","(not set)",1,1
"2025-03-02","Türkiye","(not set)",1,1
"2025-03-03","Brazil","(not set)",1199,1184
"2025-03-03","United States","(not set)",43,42
"2025-03-03","China","(not set)",7,7
"2025-03-03","Egypt","(not set)",5,5
"2025-03-03","Bangladesh","(not set)",4,4
"2025-03-03","India","(not set)",4,4
"2025-03-03","Iran","(not set)",3,3
"2025-03-03","Indonesia","(not set)",2,2
"2025-03-03","Jordan","(not set)",2,2
"2025-03-03","Saudi Arabia","(not set)",2,2
"2025-03-03","Switzerland","(not set)",2,2
"2025-03-03","Vietnam","(not set)",2,1
"2025-03-03","Argentina","(not set)",1,1
"2025-03-03","Canada","(not set)",1,1
"2025-03-03","Colombia","(not set)",1,1
"2025-03-03","El Salvador","(not set)",1,1
"2025-03-03","Japan","(not set)",1,1
"2025-03-03","Mexico","(not set)",1,1
"2025-03-03","Nepal","(not set)",1,1
"2025-03-03","Nigeria","(not set)",1,1
"2025-03-03","Peru","(not set)",1,1
"2025-03-03","Syria","(not set)",1,1
"2025-03-03","Thailand","(not set)",1,1
"2025-03-03","United Arab Emirates","(not set)",1,1
"2025-03-04","Brazil","(not set)",1203,1177
"2025-03-04","United States","(not set)",33,33
"2025-03-04","Egypt","(not set)",8,8
"2025-03-04","Morocco","(not set)",5,5
"2025-03-04","India","(not set)",3,3
"2025-03-04","Iran","(not set)",3,3
"2025-03-04","Jordan","(not set)",3,3
"2025-03-04","Bangladesh","(not set)",2,2
"2025-03-04","Pakistan","(not set)",2,1
"2025-03-04","Portugal","(not set)",2,2
"2025-03-04","South Korea","(not set)",2,2
"2025-03-04","(not set)","(not set)",1,1
"2025-03-04","Algeria","(not set)",1,1
"2025-03-04","Argentina","(not set)",1,1
"2025-03-04","Canada","(not set)",1,1
"2025-03-04","Indonesia","(not set)",1,1
"2025-03-04","Iraq","(not set)",1,1
"2025-03-04","Mozambique","(not set)",1,1
"2025-03-04","Philippines","(not set)",1,1
"2025-03-04","Puerto Rico","(not set)",1,1
"2025-03-04","Saudi Arabia","(not set)",1,1
"2025-03-04","Switzerland","(not set)",1,1
"2025-03-04","Türkiye","(not set)",1,1
"2025-03-04","United Kingdom","(not set)",1,1
"2025-03-04","Yemen","(not set)",1,1
"2025-03-05","Brazil","(not set)",1089,1074
"2025-03-05","United States","(not set)",32,32
"2025-03-05","Mexico","(not set)",5,5
"2025-03-05","India","(not set)",4,4
"2025-03-05","Jordan","(not set)",4,4
"2025-03-05","Egypt","(not set)",3,3
"2025-03-05","Iran","(not set)",3,3
"2025-03-05","Saudi Arabia","(not set)",3,3
"2025-03-05","Algeria","(not set)",2,2
"2025-03-05","Bangladesh","(not set)",2,2
"2025-03-05","Honduras","(not set)",2,2
"2025-03-05","Indonesia","(not set)",2,2
"2025-03-05","Canada","(not set)",1,1
"2025-03-05","Chile","(not set)",1,1
"2025-03-05","China","(not set)",1,1
"2025-03-05","Colombia","(not set)",1,1
"2025-03-05","Germany","(not set)",1,1
"2025-03-05","Japan","(not set)",1,1
"2025-03-05","Paraguay","(not set)",1,1
"2025-03-05","Puerto Rico","(not set)",1,1
"2025-03-05","Uruguay","(not set)",1,1
"2025-03-06","Brazil","(not set)",966,955
"2025-03-06","United States","(not set)",46,46
"2025-03-06","Egypt","(not set)",10,9
"2025-03-06","India","(not set)",7,5
"2025-03-06","Bangladesh","(not set)",5,5
"2025-03-06","Iran","(not set)",4,4
"2025-03-06","Mexico","(not set)",3,3
"2025-03-06","United Arab Emirates","(not set)",3,2
"2025-03-06","Indonesia","(not set)",2,2
"2025-03-06","Jordan","(not set)",2,2
"2025-03-06","Saudi Arabia","(not set)",2,2
"2025-03-06","Türkiye","(not set)",2,2
"2025-03-06","Algeria","(not set)",1,1
"2025-03-06","Chile","(not set)",1,1
"2025-03-06","Costa Rica","(not set)",1,1
"2025-03-06","El Salvador","(not set)",1,1
"2025-03-06","Guatemala","(not set)",1,1
"2025-03-06","Israel","(not set)",1,1
"2025-03-06","Kazakhstan","(not set)",1,1
"2025-03-06","Oman","(not set)",1,1
"2025-03-07","Brazil","(not set)",978,959
"2025-03-07","United States","(not set)",20,20
"2025-03-07","Egypt","(not set)",6,6
"2025-03-07","Bangladesh","(not set)",5,5
"2025-03-07","Iran","(not set)",4,4
"2025-03-07","Algeria","(not set)",3,3
"2025-03-07","Morocco","(not set)",3,3
"2025-03-07","Tunisia","(not set)",3,3
"2025-03-07","Portugal","(not set)",2,2
"2025-03-07","Saudi Arabia","(not set)",2,2
"2025-03-07","Canada","(not set)",1,1
"2025-03-07","Ethiopia","(not set)",1,1
"2025-03-07","Ghana","(not set)",1,1
"2025-03-07","Indonesia","(not set)",1,1
"2025-03-07","Japan","(not set)",1,1
"2025-03-07","Kuwait","(not set)",1,1
"2025-03-07","Mexico","(not set)",1,1
"2025-03-07","Mozambique","(not set)",1,1
"2025-03-07","Norway","(not set)",1,1
"2025-03-07","Peru","(not set)",1,1
"2025-03-08","Brazil","(not set)",1044,1027
"2025-03-08","United States","(not set)",32,31
"2025-03-08","Egypt","(not set)",10,10
"2025-03-08","Saudi Arabia","(not set)",6,6
"2025-03-08","India","(not set)",4,4
"2025-03-08","Mexico","(not set)",4,4
"2025-03-08","Bangladesh","(not set)",3,3
"2025-03-08","Iran","(not set)",3,3
"2025-03-08","Argentina","(not set)",2,2
"2025-03-08","Azerbaijan","(not set)",2,2
"2025-03-08","Jordan","(not set)",2,2
"2025-03-08","Algeria","(not set)",1,1
"2025-03-08","Angola","(not set)",1,1
"2025-03-08","Austria","(not set)",1,1
"2025-03-08","Bolivia","(not set)",1,1
"2025-03-08","Canada","(not set)",1,1
"2025-03-08","Colombia","(not set)",1,1
"2025-03-08","Iraq","(not set)",1,1
"2025-03-08","Kuwait","(not set)",1,1
"2025-03-08","Malaysia","(not set)",1,1
"2025-03-08","Mozambique","(not set)",1,1
"2025-03-08","Oman","(not set)",1,1
"2025-03-08","Paraguay","(not set)",1,1
"2025-03-08","Russia","(not set)",1,1
"2025-03-08","Thailand","(not set)",1,1
"2025-03-08","Timor-Leste","(not set)",1,1
"2025-03-08","Tunisia","(not set)",1,1
"2025-03-08","Türkiye","(not set)",1,1
"2025-03-08","United Kingdom","(not set)",1,1
"2025-03-09","Brazil","(not set)",1230,1203
"2025-03-09","United States","(not set)",47,46
"2025-03-09","Egypt","(not set)",5,5
"2025-03-09","Bangladesh","(not set)",4,4
"2025-03-09","Mexico","(not set)",4,4
"2025-03-09","Algeria","(not set)",3,3
"2025-03-09","Argentina","(not set)",3,3
"2025-03-09","Iran","(not set)",3,3
"2025-03-09","(not set)","(not set)",2,2
"2025-03-09","India","(not set)",2,2
"2025-03-09","Morocco","(not set)",2,2
"2025-03-09","United Arab Emirates","(not set)",2,2
"2025-03-09","Canada","(not set)",1,1
"2025-03-09","Colombia","(not set)",1,1
"2025-03-09","Cuba","(not set)",1,1
"2025-03-09","Germany","(not set)",1,1
"2025-03-09","Indonesia","(not set)",1,1
"2025-03-09","Japan","(not set)",1,1
"2025-03-09","Jordan","(not set)",1,1
"2025-03-09","Lebanon","(not set)",1,1
"2025-03-09","Pakistan","(not set)",1,1
"2025-03-09","Peru","(not set)",1,1
"2025-03-09","Portugal","(not set)",1,1
"2025-03-09","Russia","(not set)",1,1
"2025-03-09","Saudi Arabia","(not set)",1,1
"2025-03-09","Syria","(not set)",1,1
"2025-03-09","Tunisia","(not set)",1,1
"2025-03-09","Türkiye","(not set)",1,1
"2025-03-09","Uruguay","(not set)",1,1
"2025-03-10","Brazil","(not set)",966,952
"2025-03-10","United States","(not set)",17,17
"2025-03-10","India","(not set)",5,5
"2025-03-10","Egypt","(not set)",4,4
"2025-03-10","Indonesia","(not set)",4,4
"2025-03-10","Mexico","(not set)",3,3
"2025-03-10","Algeria","(not set)",2,2
"2025-03-10","Canada","(not set)",2,2
"2025-03-10","Iran","(not set)",2,2
"2025-03-10","Bangladesh","(not set)",1,1
"2025-03-10","Colombia","(not set)",1,1
"2025-03-10","Germany","(not set)",1,1
"2025-03-10","Israel","(not set)",1,1
"2025-03-10","Jordan","(not set)",1,1
"2025-03-10","Morocco","(not set)",1,1
"2025-03-10","Pakistan","(not set)",1,1
"2025-03-10","Philippines","(not set)",1,1
"2025-03-10","Saudi Arabia","(not set)",1,1
"2025-03-10","Switzerland","(not set)",1,1
"2025-03-10","Syria","(not set)",1,1
"2025-03-10","Türkiye","(not set)",1,1
"2025-03-10","Ukraine","(not set)",1,1
"2025-03-11","Brazil","(not set)",996,984
"2025-03-11","United States","(not set)",31,31
"2025-03-11","Egypt","(not set)",10,10
"2025-03-11","Bangladesh","(not set)",6,6
"2025-03-11","Algeria","(not set)",3,3
"2025-03-11","Iran","(not set)",3,3
"2025-03-11","Indonesia","(not set)",2,2
"2025-03-11","Mexico","(not set)",2,2
"2025-03-11","Morocco","(not set)",2,2
"2025-03-11","Argentina","(not set)",1,1
"2025-03-11","Colombia","(not set)",1,1
"2025-03-11","Ethiopia","(not set)",1,1
"2025-03-11","Germany","(not set)",1,1
"2025-03-11","India","(not set)",1,1
"2025-03-11","Jordan","(not set)",1,1
"2025-03-11","Nigeria","(not set)",1,1
"2025-03-11","Philippines","(not set)",1,1
"2025-03-11","Portugal","(not set)",1,1
"2025-03-11","Russia","(not set)",1,1
"2025-03-11","South Korea","(not set)",1,1
"2025-03-11","Türkiye","(not set)",1,1
"2025-03-11","United Arab Emirates","(not set)",1,1
"2025-03-11","United Kingdom","(not set)",1,1
"2025-03-11","Uzbekistan","(not set)",1,1
"2025-03-11","Zimbabwe","(not set)",1,1
"2025-03-12","Brazil","(not set)",1013,994
"2025-03-12","United States","(not set)",32,32
"2025-03-12","Egypt","(not set)",7,7
"2025-03-12","Jordan","(not set)",5,5
"2025-03-12","India","(not set)",4,4
"2025-03-12","Algeria","(not set)",3,3
"2025-03-12","Mexico","(not set)",3,3
"2025-03-12","Bangladesh","(not set)",2,2
"2025-03-12","Morocco","(not set)",2,2
"2025-03-12","Saudi Arabia","(not set)",2,2
"2025-03-12","France","(not set)",1,1
"2025-03-12","Germany","(not set)",1,1
"2025-03-12","Honduras","(not set)",1,1
"2025-03-12","Indonesia","(not set)",1,1
"2025-03-12","Iran","(not set)",1,1
"2025-03-12","Japan","(not set)",1,1
"2025-03-12","Netherlands","(not set)",1,1
"2025-03-12","Nigeria","(not set)",1,1
"2025-03-12","Türkiye","(not set)",1,1
"2025-03-12","Vietnam","(not set)",1,1
"2025-03-13","Brazil","(not set)",1029,1011
"2025-03-13","United States","(not set)",28,28
"2025-03-13","Egypt","(not set)",6,6
"2025-03-13","Iran","(not set)",3,3
"2025-03-13","Morocco","(not set)",3,3
"2025-03-13","(not set)","(not set)",2,1
"2025-03-13","Bangladesh","(not set)",2,2
"2025-03-13","Colombia","(not set)",2,2
"2025-03-13","Guatemala","(not set)",2,2
"2025-03-13","India","(not set)",2,2
"2025-03-13","Malaysia","(not set)",2,1
"2025-03-13","United Kingdom","(not set)",2,2
"2025-03-13","Yemen","(not set)",2,2
"2025-03-13","Argentina","(not set)",1,1
"2025-03-13","Germany","(not set)",1,1
"2025-03-13","Hungary","(not set)",1,1
"2025-03-13","Israel","(not set)",1,1
"2025-03-13","Japan","(not set)",1,1
"2025-03-13","Jordan","(not set)",1,1
"2025-03-13","Libya","(not set)",1,1
"2025-03-13","Portugal","(not set)",1,1
"2025-03-13","Qatar","(not set)",1,1
"2025-03-13","Russia","(not set)",1,1
"2025-03-13","Saudi Arabia","(not set)",1,1
"2025-03-13","Syria","(not set)",1,1
"2025-03-13","Thailand","(not set)",1,1
"2025-03-13","Türkiye","(not set)",1,1
"2025-03-14","Brazil","(not set)",963,950
"2025-03-14","United States","(not set)",30,30
"2025-03-14","Egypt","(not set)",10,10
"2025-03-14","Algeria","(not set)",5,5
"2025-03-14","Saudi Arabia","(not set)",4,4
"2025-03-14","(not set)","(not set)",3,3
"2025-03-14","Jordan","(not set)",3,3
"2025-03-14","Bangladesh","(not set)",2,2
"2025-03-14","Chile","(not set)",2,2
"2025-03-14","Indonesia","(not set)",2,2
"2025-03-14","Japan","(not set)",2,1
"2025-03-14","Mexico","(not set)",2,2
"2025-03-14","United Kingdom","(not set)",2,2
"2025-03-14","Australia","(not set)",1,1
"2025-03-14","India","(not set)",1,1
"2025-03-14","Morocco","(not set)",1,1
"2025-03-14","Pakistan","(not set)",1,1
"2025-03-14","Panama","(not set)",1,1
"2025-03-14","Philippines","(not set)",1,1
"2025-03-14","Syria","(not set)",1,1
"2025-03-15","Brazil","(not set)",1086,1067
"2025-03-15","United States","(not set)",28,28
"2025-03-15","Egypt","(not set)",5,5
"2025-03-15","Iran","(not set)",4,4
"2025-03-15","Morocco","(not set)",4,4
"2025-03-15","Bangladesh","(not set)",3,3
"2025-03-15","Mexico","(not set)",3,3
"2025-03-15","Algeria","(not set)",2,2
"2025-03-15","Argentina","(not set)",2,2
"2025-03-15","India","(not set)",2,2
"2025-03-15","Syria","(not set)",2,2
"2025-03-15","United Kingdom","(not set)",2,2
"2025-03-15","Angola","(not set)",1,1
"2025-03-15","Bolivia","(not set)",1,1
"2025-03-15","Colombia","(not set)",1,1
"2025-03-15","Japan","(not set)",1,1
"2025-03-15","Nepal","(not set)",1,1
"2025-03-15","Portugal","(not set)",1,1
"2025-03-15","Zambia","(not set)",1,1
"2025-03-16","Brazil","(not set)",1302,1286
"2025-03-16","United States","(not set)",36,36
"2025-03-16","Egypt","(not set)",9,9
"2025-03-16","Iran","(not set)",5,5
"2025-03-16","Saudi Arabia","(not set)",5,5
"2025-03-16","India","(not set)",4,4
"2025-03-16","Algeria","(not set)",3,3
"2025-03-16","Jordan","(not set)",3,3
"2025-03-16","Morocco","(not set)",2,2
"2025-03-16","Peru","(not set)",2,2
"2025-03-16","Türkiye","(not set)",2,2
"2025-03-16","United Kingdom","(not set)",2,2
"2025-03-16","Bangladesh","(not set)",1,1
"2025-03-16","Chile","(not set)",1,1
"2025-03-16","Ecuador","(not set)",1,1
"2025-03-16","Estonia","(not set)",1,1
"2025-03-16","France","(not set)",1,1
"2025-03-16","Germany","(not set)",1,1
"2025-03-16","Indonesia","(not set)",1,1
"2025-03-16","Jamaica","(not set)",1,1
"2025-03-16","Libya","(not set)",1,1
"2025-03-16","Puerto Rico","(not set)",1,1
"2025-03-16","South Korea","(not set)",1,1
"2025-03-16","Thailand","(not set)",1,1
"2025-03-16","Yemen","(not set)",1,1
"2025-03-17","Brazil","(not set)",1019,986
"2025-03-17","United States","(not set)",23,22
"2025-03-17","Egypt","(not set)",8,7
"2025-03-17","Algeria","(not set)",6,5
"2025-03-17","Mexico","(not set)",5,4
"2025-03-17","Bangladesh","(not set)",4,4
"2025-03-17","Saudi Arabia","(not set)",4,3
"2025-03-17","Iran","(not set)",3,3
"2025-03-17","Jordan","(not set)",3,3
"2025-03-17","Morocco","(not set)",3,3
"2025-03-17","Ecuador","(not set)",2,2
"2025-03-17","Germany","(not set)",2,2
"2025-03-17","Mozambique","(not set)",2,2
"2025-03-17","Angola","(not set)",1,1
"2025-03-17","Canada","(not set)",1,1
"2025-03-17","Chile","(not set)",1,1
"2025-03-17","Colombia","(not set)",1,1
"2025-03-17","El Salvador","(not set)",1,1
"2025-03-17","France","(not set)",1,1
"2025-03-17","India","(not set)",1,1
"2025-03-17","Iraq","(not set)",1,1
"2025-03-17","Netherlands","(not set)",1,1
"2025-03-17","Philippines","(not set)",1,1
"2025-03-17","Portugal","(not set)",1,1
"2025-03-17","Puerto Rico","(not set)",1,1
"2025-03-17","Russia","(not set)",1,1
"2025-03-17","South Korea","(not set)",1,1
"2025-03-17","Tunisia","(not set)",1,1
"2025-03-18","Brazil","(not set)",1108,1079
"2025-03-18","United States","(not set)",26,26
"2025-03-18","Egypt","(not set)",8,8
"2025-03-18","Algeria","(not set)",6,6
"2025-03-18","Jordan","(not set)",3,3
"2025-03-18","Mexico","(not set)",3,3
"2025-03-18","Saudi Arabia","(not set)",3,3
"2025-03-18","(not set)","(not set)",2,2
"2025-03-18","India","(not set)",2,2
"2025-03-18","Indonesia","(not set)",2,2
"2025-03-18","Morocco","(not set)",2,2
"2025-03-18","Australia","(not set)",1,1
"2025-03-18","Azerbaijan","(not set)",1,1
"2025-03-18","Bangladesh","(not set)",1,1
"2025-03-18","Ecuador","(not set)",1,1
"2025-03-18","Iraq","(not set)",1,1
"2025-03-18","Japan","(not set)",1,1
"2025-03-18","Pakistan","(not set)",1,1
"2025-03-18","Portugal","(not set)",1,1
"2025-03-18","Romania","(not set)",1,1
"2025-03-18","Thailand","(not set)",1,1
"2025-03-19","Brazil","(not set)",1072,1054
"2025-03-19","United States","(not set)",40,40
"2025-03-19","Egypt","(not set)",5,5
"2025-03-19","Iran","(not set)",4,4
"2025-03-19","South Korea","(not set)",4,4
"2025-03-19","Algeria","(not set)",3,3
"2025-03-19","Argentina","(not set)",3,3
"2025-03-19","India","(not set)",3,3
"2025-03-19","Mexico","(not set)",3,3
"2025-03-19","Bangladesh","(not set)",2,2
"2025-03-19","Mozambique","(not set)",2,1
"2025-03-19","Pakistan","(not set)",2,2
"2025-03-19","United Kingdom","(not set)",2,2
"2025-03-19","Australia","(not set)",1,1
"2025-03-19","Canada","(not set)",1,1
"2025-03-19","Colombia","(not set)",1,1
"2025-03-19","Ecuador","(not set)",1,1
"2025-03-19","Ethiopia","(not set)",1,1
"2025-03-19","Iraq","(not set)",1,1
"2025-03-19","Jordan","(not set)",1,1
"2025-03-19","Kazakhstan","(not set)",1,1
"2025-03-19","Morocco","(not set)",1,1
"2025-03-19","New Zealand","(not set)",1,1
"2025-03-19","Russia","(not set)",1,1
"2025-03-19","Saudi Arabia","(not set)",1,1
"2025-03-19","Sudan","(not set)",1,1
"2025-03-19","Türkiye","(not set)",1,1
"2025-03-20","Brazil","(not set)",938,926
"2025-03-20","United States","(not set)",32,31
"2025-03-20","Indonesia","(not set)",5,5
"2025-03-20","Algeria","(not set)",4,4
"2025-03-20","Egypt","(not set)",3,3
"2025-03-20","Iran","(not set)",3,3
"2025-03-20","Saudi Arabia","(not set)",2,2
"2025-03-20","South Korea","(not set)",2,2
"2025-03-20","Argentina","(not set)",1,1
"2025-03-20","Bangladesh","(not set)",1,1
"2025-03-20","Bolivia","(not set)",1,1
"2025-03-20","Canada","(not set)",1,1
"2025-03-20","Congo - Kinshasa","(not set)",1,1
"2025-03-20","India","(not set)",1,1
"2025-03-20","Iraq","(not set)",1,1
"2025-03-20","Israel","(not set)",1,1
"2025-03-20","Nigeria","(not set)",1,1
"2025-03-20","Oman","(not set)",1,1
"2025-03-20","Paraguay","(not set)",1,1
"2025-03-20","Philippines","(not set)",1,1
"2025-03-20","Qatar","(not set)",1,1
"2025-03-20","Syria","(not set)",1,1
"2025-03-20","Türkiye","(not set)",1,1
"2025-03-20","United Arab Emirates","(not set)",1,1
"2025-03-20","Venezuela","(not set)",1,1
"2025-03-21","Brazil","(not set)",936,923
"2025-03-21","United States","(not set)",26,25
"2025-03-21","Egypt","(not set)",7,7
"2025-03-21","Iran","(not set)",5,5
"2025-03-21","(not set)","(not set)",4,4
"2025-03-21","Mexico","(not set)",4,4
"2025-03-21","Bangladesh","(not set)",3,3
"2025-03-21","India","(not set)",3,3
"2025-03-21","Argentina","(not set)",2,2
"2025-03-21","Indonesia","(not set)",2,2
"2025-03-21","Thailand","(not set)",2,1
"2025-03-21","Türkiye","(not set)",2,2
"2025-03-21","Algeria","(not set)",1,1
"2025-03-21","France","(not set)",1,1
"2025-03-21","Germany","(not set)",1,1
"2025-03-21","Jordan","(not set)",1,1
"2025-03-21","Kuwait","(not set)",1,1
"2025-03-21","Russia","(not set)",1,1
"2025-03-21","Saudi Arabia","(not set)",1,1
"2025-03-21","South Africa","(not set)",1,1
"2025-03-21","Syria","(not set)",1,1
"2025-03-21","Tunisia","(not set)",1,1
"2025-03-21","United Arab Emirates","(not set)",1,1
"2025-03-21","United Kingdom","(not set)",1,1
"2025-03-22","Brazil","(not set)",1077,1059
"2025-03-22","United States","(not set)",33,30
"2025-03-22","Bangladesh","(not set)",9,9
"2025-03-22","Egypt","(not set)",9,9
"2025-03-22","Algeria","(not set)",3,3
"2025-03-22","Iran","(not set)",3,3
"2025-03-22","Mexico","(not set)",3,3
"2025-03-22","India","(not set)",2,2
"2025-03-22","Angola","(not set)",1,1
"2025-03-22","Argentina","(not set)",1,1
"2025-03-22","Colombia","(not set)",1,1
"2025-03-22","France","(not set)",1,1
"2025-03-22","Germany","(not set)",1,1
"2025-03-22","Japan","(not set)",1,1
"2025-03-22","Jordan","(not set)",1,1
"2025-03-22","Malawi","(not set)",1,1
"2025-03-22","Morocco","(not set)",1,1
"2025-03-22","Philippines","(not set)",1,1
"2025-03-22","Portugal","(not set)",1,1
"2025-03-22","Russia","(not set)",1,1
"2025-03-22","Saudi Arabia","(not set)",1,1
"2025-03-22","Senegal","(not set)",1,1
"2025-03-22","South Korea","(not set)",1,1
"2025-03-22","Syria","(not set)",1,1
"2025-03-22","Thailand","(not set)",1,1
"2025-03-22","Uzbekistan","(not set)",1,1
"2025-03-22","Yemen","(not set)",1,1
"2025-03-23","Brazil","(not set)",1205,1196
"2025-03-23","United States","(not set)",37,37
"2025-03-23","Egypt","(not set)",9,9
"2025-03-23","China","(not set)",5,5
"2025-03-23","India","(not set)",5,5
"2025-03-23","Indonesia","(not set)",5,5
"2025-03-23","Algeria","(not set)",3,3
"2025-03-23","Iran","(not set)",3,3
"2025-03-23","United Kingdom","(not set)",3,3
"2025-03-23","Bangladesh","(not set)",2,2
"2025-03-23","Germany","(not set)",2,1
"2025-03-23","Pakistan","(not set)",2,2
"2025-03-23","Portugal","(not set)",2,2
"2025-03-23","South Korea","(not set)",2,2
"2025-03-23","Angola","(not set)",1,1
"2025-03-23","Canada","(not set)",1,1
"2025-03-23","Chile","(not set)",1,1
"2025-03-23","Cuba","(not set)",1,1
"2025-03-23","Ethiopia","(not set)",1,1
"2025-03-23","Israel","(not set)",1,1
"2025-03-23","Italy","(not set)",1,1
"2025-03-23","Jordan","(not set)",1,1
"2025-03-23","Kuwait","(not set)",1,1
"2025-03-23","Madagascar","(not set)",1,1
"2025-03-23","Malaysia","(not set)",1,1
"2025-03-23","Mali","(not set)",1,1
"2025-03-23","Mexico","(not set)",1,1
"2025-03-23","Morocco","(not set)",1,1
"2025-03-23","Panama","(not set)",1,1
"2025-03-23","Saudi Arabia","(not set)",1,1
"2025-03-23","Switzerland","(not set)",1,1
"2025-03-23","Türkiye","(not set)",1,1
"2025-03-24","Brazil","(not set)",929,916
"2025-03-24","United States","(not set)",36,36
"2025-03-24","Egypt","(not set)",7,7
"2025-03-24","Morocco","(not set)",3,3
"2025-03-24","Bangladesh","(not set)",2,2
"2025-03-24","Saudi Arabia","(not set)",2,2
"2025-03-24","United Kingdom","(not set)",2,2
"2025-03-24","Algeria","(not set)",1,1
"2025-03-24","Angola","(not set)",1,1
"2025-03-24","Argentina","(not set)",1,1
"2025-03-24","India","(not set)",1,1
"2025-03-24","Indonesia","(not set)",1,1
"2025-03-24","Iran","(not set)",1,1
"2025-03-24","Japan","(not set)",1,1
"2025-03-24","Kenya","(not set)",1,1
"2025-03-24","Lithuania","(not set)",1,1
"2025-03-24","Pakistan","(not set)",1,1
"2025-03-24","Portugal","(not set)",1,1
"2025-03-24","South Korea","(not set)",1,1
"2025-03-24","Syria","(not set)",1,1
"2025-03-24","Türkiye","(not set)",1,1
"2025-03-25","Brazil","(not set)",902,895
"2025-03-25","United States","(not set)",31,28
"2025-03-25","Bangladesh","(not set)",5,5
"2025-03-25","Iran","(not set)",5,5
"2025-03-25","Egypt","(not set)",4,4
"2025-03-25","Morocco","(not set)",2,2
"2025-03-25","Philippines","(not set)",2,2
"2025-03-25","(not set)","(not set)",1,1
"2025-03-25","Argentina","(not set)",1,1
"2025-03-25","Austria","(not set)",1,1
"2025-03-25","Bolivia","(not set)",1,1
"2025-03-25","Germany","(not set)",1,1
"2025-03-25","India","(not set)",1,1
"2025-03-25","Malaysia","(not set)",1,1
"2025-03-25","New Zealand","(not set)",1,1
"2025-03-25","Nigeria","(not set)",1,1
"2025-03-25","Pakistan","(not set)",1,1
"2025-03-25","Palestine","(not set)",1,1
"2025-03-25","Paraguay","(not set)",1,1
"2025-03-25","Portugal","(not set)",1,1
"2025-03-25","Saudi Arabia","(not set)",1,1
"2025-03-25","United Kingdom","(not set)",1,1
"2025-03-25","Yemen","(not set)",1,1
"2025-03-26","Brazil","(not set)",901,898
"2025-03-26","United States","(not set)",32,32
"2025-03-26","Egypt","(not set)",11,9
"2025-03-26","Bangladesh","(not set)",4,3
"2025-03-26","China","(not set)",4,4
"2025-03-26","Iran","(not set)",3,3
"2025-03-26","Algeria","(not set)",2,2
"2025-03-26","India","(not set)",2,2
"2025-03-26","Indonesia","(not set)",2,2
"2025-03-26","Colombia","(not set)",1,1
"2025-03-26","France","(not set)",1,1
"2025-03-26","Iraq","(not set)",1,1
"2025-03-26","Italy","(not set)",1,1
"2025-03-26","Jordan","(not set)",1,1
"2025-03-26","Morocco","(not set)",1,1
"2025-03-26","Peru","(not set)",1,1
"2025-03-26","Saudi Arabia","(not set)",1,1
"2025-03-26","Singapore","(not set)",1,1
"2025-03-26","South Korea","(not set)",1,1
"2025-03-26","St. Lucia","(not set)",1,1
"2025-03-26","Uzbekistan","(not set)",1,1
"2025-03-26","Yemen","(not set)",1,1
"2025-03-27","Brazil","(not set)",967,953
"2025-03-27","United States","(not set)",22,21
"2025-03-27","Egypt","(not set)",16,14
"2025-03-27","Bangladesh","(not set)",8,8
"2025-03-27","Algeria","(not set)",6,6
"2025-03-27","India","(not set)",5,3
"2025-03-27","(not set)","(not set)",4,4
"2025-03-27","Pakistan","(not set)",3,3
"2025-03-27","Argentina","(not set)",2,2
"2025-03-27","Indonesia","(not set)",2,2
"2025-03-27","Iran","(not set)",2,2
"2025-03-27","Jordan","(not set)",2,2
"2025-03-27","Mexico","(not set)",2,2
"2025-03-27","Portugal","(not set)",2,2
"2025-03-27","Russia","(not set)",2,2
"2025-03-27","Türkiye","(not set)",2,2
"2025-03-27","Germany","(not set)",1,1
"2025-03-27","Japan","(not set)",1,1
"2025-03-27","Malaysia","(not set)",1,1
"2025-03-27","Morocco","(not set)",1,1
"2025-03-27","Nigeria","(not set)",1,1
"2025-03-27","Philippines","(not set)",1,1
"2025-03-27","Puerto Rico","(not set)",1,1
"2025-03-27","Saudi Arabia","(not set)",1,1
"2025-03-27","United Kingdom","(not set)",1,1
"2025-03-27","Yemen","(not set)",1,1
"2025-03-28","Brazil","(not set)",1035,1021
"2025-03-28","United States","(not set)",35,35
"2025-03-28","Egypt","(not set)",13,13
"2025-03-28","Bangladesh","(not set)",8,8
"2025-03-28","Mexico","(not set)",4,4
"2025-03-28","Algeria","(not set)",3,3
"2025-03-28","Indonesia","(not set)",3,3
"2025-03-28","India","(not set)",2,2
"2025-03-28","Jordan","(not set)",2,2
"2025-03-28","United Arab Emirates","(not set)",2,2
"2025-03-28","Uruguay","(not set)",2,2
"2025-03-28","Bolivia","(not set)",1,1
"2025-03-28","Germany","(not set)",1,1
"2025-03-28","Nigeria","(not set)",1,1
"2025-03-28","Puerto Rico","(not set)",1,1
"2025-03-28","Saudi Arabia","(not set)",1,1
"2025-03-28","Tunisia","(not set)",1,1
"2025-03-28","Türkiye","(not set)",1,1
"2025-03-28","United Kingdom","(not set)",1,1
"2025-03-28","Yemen","(not set)",1,1
"2025-03-29","Brazil","(not set)",1151,1140
"2025-03-29","United States","(not set)",24,23
"2025-03-29","Egypt","(not set)",11,11
"2025-03-29","Bangladesh","(not set)",4,4
"2025-03-29","Jordan","(not set)",3,3
"2025-03-29","Morocco","(not set)",3,3
"2025-03-29","Saudi Arabia","(not set)",3,3
"2025-03-29","India","(not set)",2,2
"2025-03-29","Indonesia","(not set)",2,2
"2025-03-29","Mexico","(not set)",2,2
"2025-03-29","Nigeria","(not set)",2,2
"2025-03-29","Pakistan","(not set)",2,2
"2025-03-29","South Korea","(not set)",2,2
"2025-03-29","Thailand","(not set)",2,2
"2025-03-29","Algeria","(not set)",1,1
"2025-03-29","Australia","(not set)",1,1
"2025-03-29","Iran","(not set)",1,1
"2025-03-29","Iraq","(not set)",1,1
"2025-03-29","Kenya","(not set)",1,1
"2025-03-29","Puerto Rico","(not set)",1,1
"2025-03-29","Syria","(not set)",1,1
"2025-03-29","United Arab Emirates","(not set)",1,1
"2025-03-30","Brazil","(not set)",1228,1212
"2025-03-30","United States","(not set)",42,42
"2025-03-30","Egypt","(not set)",9,9
"2025-03-30","Algeria","(not set)",4,4
"2025-03-30","Saudi Arabia","(not set)",4,4
"2025-03-30","India","(not set)",3,3
"2025-03-30","Tunisia","(not set)",3,3
"2025-03-30","Morocco","(not set)",2,2
"2025-03-30","Pakistan","(not set)",2,2
"2025-03-30","Bangladesh","(not set)",1,1
"2025-03-30","Ecuador","(not set)",1,1
"2025-03-30","Iran","(not set)",1,1
"2025-03-30","Mexico","(not set)",1,1
"2025-03-30","Moldova","(not set)",1,1
"2025-03-30","Philippines","(not set)",1,1
"2025-03-30","Russia","(not set)",1,1
"2025-03-30","South Africa","(not set)",1,1
"2025-03-30","Thailand","(not set)",1,1
"2025-03-31","Brazil","(not set)",1099,1089
"2025-03-31","United States","(not set)",33,30
"2025-03-31","Egypt","(not set)",7,6
"2025-03-31","Iran","(not set)",6,6
"2025-03-31","India","(not set)",5,4
"2025-03-31","Bangladesh","(not set)",4,4
"2025-03-31","Saudi Arabia","(not set)",4,4
"2025-03-31","Pakistan","(not set)",3,3
"2025-03-31","Algeria","(not set)",2,2
"2025-03-31","Mexico","(not set)",2,2
"2025-03-31","Bolivia","(not set)",1,1
"2025-03-31","Canada","(not set)",1,1
"2025-03-31","France","(not set)",1,1
"2025-03-31","Germany","(not set)",1,1
"2025-03-31","Iraq","(not set)",1,1
"2025-03-31","Japan","(not set)",1,1
"2025-03-31","Jordan","(not set)",1,1
"2025-03-31","Kuwait","(not set)",1,1
"2025-03-31","Libya","(not set)",1,1
"2025-03-31","Morocco","(not set)",1,1
"2025-03-31","Puerto Rico","(not set)",1,1
"2025-03-31","Singapore","(not set)",1,1
"2025-03-31","South Korea","(not set)",1,1
"2025-03-31","Tunisia","(not set)",1,1
"2025-03-31","Yemen","(not set)",1,1
"2025-04-01","Brazil","(not set)",1036,1026
"2025-04-01","United States","(not set)",36,35
"2025-04-01","Iran","(not set)",5,5
"2025-04-01","Algeria","(not set)",4,4
"2025-04-01","Egypt","(not set)",4,4
"2025-04-01","Mexico","(not set)",4,4
"2025-04-01","Germany","(not set)",2,2
"2025-04-01","India","(not set)",2,2
"2025-04-01","Jordan","(not set)",2,2
"2025-04-01","Saudi Arabia","(not set)",2,2
"2025-04-01","Bangladesh","(not set)",1,1
"2025-04-01","Colombia","(not set)",1,1
"2025-04-01","Indonesia","(not set)",1,1
"2025-04-01","Japan","(not set)",1,1
"2025-04-01","Libya","(not set)",1,1
"2025-04-01","Nepal","(not set)",1,1
"2025-04-01","South Korea","(not set)",1,1
"2025-04-01","Türkiye","(not set)",1,1
"2025-04-01","United Arab Emirates","(not set)",1,1
"2025-04-01","United Kingdom","(not set)",1,1
"2025-04-02","Brazil","(not set)",1003,996
"2025-04-02","United States","(not set)",26,26
"2025-04-02","Egypt","(not set)",8,8
"2025-04-02","Algeria","(not set)",5,5
"2025-04-02","Saudi Arabia","(not set)",5,5
"2025-04-02","Bangladesh","(not set)",4,3
"2025-04-02","Iran","(not set)",4,4
"2025-04-02","India","(not set)",3,3
"2025-04-02","Jordan","(not set)",3,3
"2025-04-02","Mexico","(not set)",3,3
"2025-04-02","Argentina","(not set)",2,1
"2025-04-02","Indonesia","(not set)",2,2
"2025-04-02","Peru","(not set)",2,2
"2025-04-02","Colombia","(not set)",1,1
"2025-04-02","Israel","(not set)",1,1
"2025-04-02","Morocco","(not set)",1,1
"2025-04-02","Oman","(not set)",1,1
"2025-04-02","Pakistan","(not set)",1,1
"2025-04-02","Philippines","(not set)",1,1
"2025-04-02","South Africa","(not set)",1,1
"2025-04-02","South Korea","(not set)",1,1
"2025-04-02","Türkiye","(not set)",1,1
"2025-04-02","Vietnam","(not set)",1,1
"2025-04-02","Yemen","(not set)",1,1
"2025-04-03","Brazil","(not set)",945,926
"2025-04-03","United States","(not set)",33,33
"2025-04-03","Algeria","(not set)",9,9
"2025-04-03","Egypt","(not set)",8,8
"2025-04-03","Bangladesh","(not set)",7,7
"2025-04-03","Mexico","(not set)",4,4
"2025-04-03","Jordan","(not set)",3,3
"2025-04-03","Philippines","(not set)",3,1
"2025-04-03","Argentina","(not set)",2,2
"2025-04-03","Saudi Arabia","(not set)",2,2
"2025-04-03","Chile","(not set)",1,1
"2025-04-03","Colombia","(not set)",1,1
"2025-04-03","Ecuador","(not set)",1,1
"2025-04-03","Germany","(not set)",1,1
"2025-04-03","India","(not set)",1,1
"2025-04-03","Indonesia","(not set)",1,1
"2025-04-03","Iran","(not set)",1,1
"2025-04-03","Malaysia","(not set)",1,1
"2025-04-03","Morocco","(not set)",1,1
"2025-04-03","Pakistan","(not set)",1,1
"2025-04-03","Peru","(not set)",1,1
"2025-04-03","Portugal","(not set)",1,1
"2025-04-03","South Korea","(not set)",1,1
"2025-04-03","United Kingdom","(not set)",1,1
"2025-04-03","Vietnam","(not set)",1,1
"2025-04-04","Brazil","(not set)",939,932
"2025-04-04","United States","(not set)",35,35
"2025-04-04","Egypt","(not set)",7,7
"2025-04-04","Algeria","(not set)",5,5
"2025-04-04","Iran","(not set)",5,4
"2025-04-04","Bangladesh","(not set)",4,4
"2025-04-04","Colombia","(not set)",2,2
"2025-04-04","Germany","(not set)",2,2
"2025-04-04","Indonesia","(not set)",2,2
"2025-04-04","Mexico","(not set)",2,2
"2025-04-04","Yemen","(not set)",2,2
"2025-04-04","India","(not set)",1,1
"2025-04-04","Jordan","(not set)",1,1
"2025-04-04","Morocco","(not set)",1,1
"2025-04-04","Saudi Arabia","(not set)",1,1
"2025-04-04","South Korea","(not set)",1,1
"2025-04-04","Thailand","(not set)",1,1
"2025-04-04","United Kingdom","(not set)",1,1
"2025-04-05","Brazil","(not set)",1122,1099
"2025-04-05","United States","(not set)",41,41
"2025-04-05","Egypt","(not set)",13,13
"2025-04-05","Bangladesh","(not set)",5,5
"2025-04-05","Algeria","(not set)",4,4
"2025-04-05","Iran","(not set)",3,3
"2025-04-05","Jordan","(not set)",3,3
"2025-04-05","Argentina","(not set)",2,2
"2025-04-05","Chile","(not set)",2,2
"2025-04-05","India","(not set)",2,2
"2025-04-05","Saudi Arabia","(not set)",2,2
"2025-04-05","Angola","(not set)",1,1
"2025-04-05","Costa Rica","(not set)",1,1
"2025-04-05","Germany","(not set)",1,1
"2025-04-05","Israel","(not set)",1,1
"2025-04-05","Morocco","(not set)",1,1
"2025-04-05","Netherlands","(not set)",1,1
"2025-04-05","Nigeria","(not set)",1,1
"2025-04-05","Peru","(not set)",1,1
"2025-04-05","Puerto Rico","(not set)",1,1
"2025-04-05","South Korea","(not set)",1,1
"2025-04-05","Syria","(not set)",1,1
"2025-04-05","Thailand","(not set)",1,1
"2025-04-05","United Kingdom","(not set)",1,1
"2025-04-06","Brazil","(not set)",1231,1215
"2025-04-06","United States","(not set)",46,45
"2025-04-06","Algeria","(not set)",5,5
"2025-04-06","Egypt","(not set)",5,5
"2025-04-06","Bangladesh","(not set)",4,4
"2025-04-06","India","(not set)",4,4
"2025-04-06","Iran","(not set)",4,4
"2025-04-06","Morocco","(not set)",2,2
"2025-04-06","Angola","(not set)",1,1
"2025-04-06","Argentina","(not set)",1,1
"2025-04-06","Australia","(not set)",1,1
"2025-04-06","Cape Verde","(not set)",1,1
"2025-04-06","Chile","(not set)",1,1
"2025-04-06","Dominican Republic","(not set)",1,1
"2025-04-06","Indonesia","(not set)",1,1
"2025-04-06","Japan","(not set)",1,1
"2025-04-06","Jordan","(not set)",1,1
"2025-04-06","Panama","(not set)",1,1
"2025-04-06","Saudi Arabia","(not set)",1,1
"2025-04-06","South Korea","(not set)",1,1
"2025-04-06","United Arab Emirates","(not set)",1,1
"2025-04-07","Brazil","(not set)",943,935
"2025-04-07","United States","(not set)",36,35
"2025-04-07","Egypt","(not set)",11,11
"2025-04-07","Algeria","(not set)",4,4
"2025-04-07","Bangladesh","(not set)",4,4
"2025-04-07","India","(not set)",2,2
"2025-04-07","Iran","(not set)",2,2
"2025-04-07","Mexico","(not set)",2,2
"2025-04-07","Morocco","(not set)",2,2
"2025-04-07","Türkiye","(not set)",2,2
"2025-04-07","Argentina","(not set)",1,1
"2025-04-07","Germany","(not set)",1,1
"2025-04-07","Iraq","(not set)",1,1
"2025-04-07","Nigeria","(not set)",1,1
"2025-04-07","Syria","(not set)",1,1
"2025-04-07","United Arab Emirates","(not set)",1,1
"2025-04-07","United Kingdom","(not set)",1,1
"2025-04-08","Brazil","(not set)",979,963
"2025-04-08","United States","(not set)",28,27
"2025-04-08","Egypt","(not set)",8,8
"2025-04-08","Bangladesh","(not set)",5,5
"2025-04-08","Saudi Arabia","(not set)",3,3
"2025-04-08","Indonesia","(not set)",2,2
"2025-04-08","Türkiye","(not set)",2,2
"2025-04-08","Algeria","(not set)",1,1
"2025-04-08","Argentina","(not set)",1,1
"2025-04-08","Australia","(not set)",1,1
"2025-04-08","Bolivia","(not set)",1,1
"2025-04-08","Canada","(not set)",1,1
"2025-04-08","Chile","(not set)",1,1
"2025-04-08","India","(not set)",1,1
"2025-04-08","Iran","(not set)",1,1
"2025-04-08","Kuwait","(not set)",1,1
"2025-04-08","Mexico","(not set)",1,1
"2025-04-08","Morocco","(not set)",1,1
"2025-04-08","Pakistan","(not set)",1,1
"2025-04-08","Peru","(not set)",1,1
"2025-04-08","United Kingdom","(not set)",1,1
"2025-04-09","Brazil","(not set)",987,974
"2025-04-09","United States","(not set)",35,35
"2025-04-09","Algeria","(not set)",7,7
"2025-04-09","Egypt","(not set)",7,7
"2025-04-09","Saudi Arabia","(not set)",4,4
"2025-04-09","India","(not set)",3,3
"2025-04-09","Iraq","(not set)",3,3
"2025-04-09","Türkiye","(not set)",3,2
"2025-04-09","Indonesia","(not set)",2,2
"2025-04-09","Argentina","(not set)",1,1
"2025-04-09","Chile","(not set)",1,1
"2025-04-09","Colombia","(not set)",1,1
"2025-04-09","Germany","(not set)",1,1
"2025-04-09","Madagascar","(not set)",1,1
"2025-04-09","Mexico","(not set)",1,1
"2025-04-09","Morocco","(not set)",1,1
"2025-04-09","Mozambique","(not set)",1,1
"2025-04-09","Portugal","(not set)",1,1
"2025-04-09","South Africa","(not set)",1,1
"2025-04-09","Yemen","(not set)",1,1
"2025-04-09","Zimbabwe","(not set)",1,1
"2025-04-10","Brazil","(not set)",942,927
"2025-04-10","United States","(not set)",34,34
"2025-04-10","Egypt","(not set)",8,8
"2025-04-10","India","(not set)",5,4
"2025-04-10","Iran","(not set)",4,4
"2025-04-10","Algeria","(not set)",3,3
"2025-04-10","Morocco","(not set)",2,2
"2025-04-10","Argentina","(not set)",1,1
"2025-04-10","Australia","(not set)",1,1
"2025-04-10","Bangladesh","(not set)",1,1
"2025-04-10","Colombia","(not set)",1,1
"2025-04-10","Mexico","(not set)",1,1
"2025-04-10","Pakistan","(not set)",1,1
"2025-04-10","Peru","(not set)",1,1
"2025-04-10","Portugal","(not set)",1,1
"2025-04-10","Saudi Arabia","(not set)",1,1
"2025-04-10","Sweden","(not set)",1,1
"2025-04-10","United Kingdom","(not set)",1,1
"2025-04-11","Brazil","(not set)",1046,1033
"2025-04-11","United States","(not set)",33,33
"2025-04-11","Egypt","(not set)",12,12
"2025-04-11","(not set)","(not set)",6,6
"2025-04-11","Bangladesh","(not set)",5,5
"2025-04-11","Saudi Arabia","(not set)",4,4
"2025-04-11","Algeria","(not set)",3,3
"2025-04-11","India","(not set)",3,3
"2025-04-11","Mexico","(not set)",3,3
"2025-04-11","Chile","(not set)",2,2
"2025-04-11","Kazakhstan","(not set)",2,2
"2025-04-11","Kuwait","(not set)",2,2
"2025-04-11","South Korea","(not set)",2,2
"2025-04-11","Argentina","(not set)",1,1
"2025-04-11","Colombia","(not set)",1,1
"2025-04-11","Costa Rica","(not set)",1,1
"2025-04-11","Ecuador","(not set)",1,1
"2025-04-11","Germany","(not set)",1,1
"2025-04-11","Iran","(not set)",1,1
"2025-04-11","Israel","(not set)",1,1
"2025-04-11","Italy","(not set)",1,1
"2025-04-11","Jordan","(not set)",1,1
"2025-04-11","Morocco","(not set)",1,1
"2025-04-11","Nigeria","(not set)",1,1
"2025-04-11","Peru","(not set)",1,1
"2025-04-11","Tunisia","(not set)",1,1
"2025-04-11","Türkiye","(not set)",1,1
"2025-04-12","Brazil","(not set)",1227,1210
"2025-04-12","Indonesia","(not set)",350,347
"2025-04-12","Philippines","(not set)",185,184
"2025-04-12","Vietnam","(not set)",147,146
"2025-04-12","United States","(not set)",34,34
"2025-04-12","Egypt","(not set)",12,11
"2025-04-12","Germany","(not set)",4,4
"2025-04-12","Algeria","(not set)",3,3
"2025-04-12","Canada","(not set)",2,2
"2025-04-12","Iran","(not set)",2,2
"2025-04-12","Mexico","(not set)",2,2
"2025-04-12","United Kingdom","(not set)",2,2
"2025-04-12","Argentina","(not set)",1,1
"2025-04-12","Bangladesh","(not set)",1,1
"2025-04-12","Bolivia","(not set)",1,1
"2025-04-12","Colombia","(not set)",1,1
"2025-04-12","France","(not set)",1,1
"2025-04-12","Guatemala","(not set)",1,1
"2025-04-12","Hungary","(not set)",1,1
"2025-04-12","Iraq","(not set)",1,1
"2025-04-12","Malaysia","(not set)",1,1
"2025-04-12","Morocco","(not set)",1,1
"2025-04-12","Nicaragua","(not set)",1,1
"2025-04-12","Nigeria","(not set)",1,1
"2025-04-12","Paraguay","(not set)",1,1
"2025-04-12","Peru","(not set)",1,1
"2025-04-12","Puerto Rico","(not set)",1,1
"2025-04-12","Sudan","(not set)",1,1
"2025-04-12","Türkiye","(not set)",1,1
"2025-04-12","United Arab Emirates","(not set)",1,1
"2025-04-13","Brazil","(not set)",1380,1359
"2025-04-13","Indonesia","(not set)",509,505
"2025-04-13","Philippines","(not set)",123,120
"2025-04-13","Malaysia","(not set)",73,73
"2025-04-13","Vietnam","(not set)",54,52
"2025-04-13","United States","(not set)",36,36
"2025-04-13","Bangladesh","(not set)",8,8
"2025-04-13","Egypt","(not set)",5,4
"2025-04-13","India","(not set)",5,4
"2025-04-13","Mexico","(not set)",5,5
"2025-04-13","Netherlands","(not set)",3,3
"2025-04-13","Iran","(not set)",2,2
"2025-04-13","Morocco","(not set)",2,2
"2025-04-13","New Zealand","(not set)",2,2
"2025-04-13","(not set)","(not set)",1,1
"2025-04-13","Algeria","(not set)",1,1
"2025-04-13","Angola","(not set)",1,1
"2025-04-13","Argentina","(not set)",1,1
"2025-04-13","Canada","(not set)",1,1
"2025-04-13","Chile","(not set)",1,1
"2025-04-13","Colombia","(not set)",1,1
"2025-04-13","France","(not set)",1,1
"2025-04-13","Germany","(not set)",1,1
"2025-04-13","Israel","(not set)",1,1
"2025-04-13","Italy","(not set)",1,1
"2025-04-13","Japan","(not set)",1,1
"2025-04-13","Kuwait","(not set)",1,1
"2025-04-13","Libya","(not set)",1,1
"2025-04-13","Nicaragua","(not set)",1,1
"2025-04-13","Poland","(not set)",1,1
"2025-04-13","Romania","(not set)",1,1
"2025-04-13","Saudi Arabia","(not set)",1,1
"2025-04-13","Türkiye","(not set)",1,1
"2025-04-13","United Kingdom","(not set)",1,1
"2025-04-13","Yemen","(not set)",1,1
"2025-04-14","Brazil","(not set)",1095,1084
"2025-04-14","Indonesia","(not set)",70,68
"2025-04-14","United States","(not set)",36,36
"2025-04-14","Egypt","(not set)",15,15
"2025-04-14","Philippines","(not set)",15,14
"2025-04-14","Vietnam","(not set)",10,10
"2025-04-14","Malaysia","(not set)",5,5
"2025-04-14","Algeria","(not set)",4,4
"2025-04-14","Iran","(not set)",4,3
"2025-04-14","Saudi Arabia","(not set)",4,4
"2025-04-14","Bangladesh","(not set)",3,3
"2025-04-14","Türkiye","(not set)",3,2
"2025-04-14","Canada","(not set)",2,2
"2025-04-14","India","(not set)",2,2
"2025-04-14","Israel","(not set)",2,2
"2025-04-14","Jordan","(not set)",2,2
"2025-04-14","Angola","(not set)",1,1
"2025-04-14","Burkina Faso","(not set)",1,1
"2025-04-14","Colombia","(not set)",1,1
"2025-04-14","Dominican Republic","(not set)",1,1
"2025-04-14","France","(not set)",1,1
"2025-04-14","Kuwait","(not set)",1,1
"2025-04-14","Mexico","(not set)",1,1
"2025-04-14","Morocco","(not set)",1,1
"2025-04-14","Netherlands","(not set)",1,1
"2025-04-14","Pakistan","(not set)",1,1
"2025-04-14","Panama","(not set)",1,1
"2025-04-14","Peru","(not set)",1,1
"2025-04-14","Poland","(not set)",1,1
"2025-04-14","Russia","(not set)",1,1
"2025-04-14","Thailand","(not set)",1,1
"2025-04-15","Brazil","(not set)",1051,1045
"2025-04-15","Indonesia","(not set)",57,53
"2025-04-15","United States","(not set)",33,33
"2025-04-15","Philippines","(not set)",12,12
"2025-04-15","Egypt","(not set)",7,7
"2025-04-15","Iran","(not set)",6,6
"2025-04-15","Vietnam","(not set)",5,5
"2025-04-15","Algeria","(not set)",4,4
"2025-04-15","Saudi Arabia","(not set)",4,4
"2025-04-15","Bangladesh","(not set)",2,2
"2025-04-15","India","(not set)",2,2
"2025-04-15","New Zealand","(not set)",2,2
"2025-04-15","Argentina","(not set)",1,1
"2025-04-15","Chile","(not set)",1,1
"2025-04-15","Ecuador","(not set)",1,1
"2025-04-15","France","(not set)",1,1
"2025-04-15","Germany","(not set)",1,1
"2025-04-15","Guinea-Bissau","(not set)",1,1
"2025-04-15","Madagascar","(not set)",1,1
"2025-04-15","Mexico","(not set)",1,1
"2025-04-15","Morocco","(not set)",1,1
"2025-04-15","Oman","(not set)",1,1
"2025-04-15","South Korea","(not set)",1,1
"2025-04-15","Spain","(not set)",1,1
"2025-04-15","Sudan","(not set)",1,1
"2025-04-15","Syria","(not set)",1,1
"2025-04-15","Thailand","(not set)",1,1
"2025-04-15","Tunisia","(not set)",1,1
"2025-04-15","Yemen","(not set)",1,1
"2025-04-16","Brazil","(not set)",1184,1168
"2025-04-16","Indonesia","(not set)",29,29
"2025-04-16","United States","(not set)",28,27
"2025-04-16","Philippines","(not set)",14,12
"2025-04-16","Algeria","(not set)",4,4
"2025-04-16","Malaysia","(not set)",4,4
"2025-04-16","Portugal","(not set)",4,1
"2025-04-16","Argentina","(not set)",3,3
"2025-04-16","Egypt","(not set)",3,3
"2025-04-16","Iran","(not set)",3,3
"2025-04-16","Mexico","(not set)",3,3
"2025-04-16","Saudi Arabia","(not set)",3,3
"2025-04-16","Vietnam","(not set)",3,3
"2025-04-16","Bangladesh","(not set)",2,2
"2025-04-16","India","(not set)",2,2
"2025-04-16","Netherlands","(not set)",2,2
"2025-04-16","Angola","(not set)",1,1
"2025-04-16","Ethiopia","(not set)",1,1
"2025-04-16","France","(not set)",1,1
"2025-04-16","Germany","(not set)",1,1
"2025-04-16","Honduras","(not set)",1,1
"2025-04-16","Israel","(not set)",1,1
"2025-04-16","Kuwait","(not set)",1,1
"2025-04-16","Morocco","(not set)",1,1
"2025-04-16","Myanmar (Burma)","(not set)",1,1
"2025-04-16","Nepal","(not set)",1,1
"2025-04-16","Qatar","(not set)",1,1
"2025-04-16","Spain","(not set)",1,1
"2025-04-16","Switzerland","(not set)",1,1
"2025-04-16","Syria","(not set)",1,1
"2025-04-17","Brazil","(not set)",1172,1157
"2025-04-17","United States","(not set)",37,37
"2025-04-17","Indonesia","(not set)",18,17
"2025-04-17","Egypt","(not set)",6,6
"2025-04-17","Mexico","(not set)",5,5
"2025-04-17","Philippines","(not set)",5,5
"2025-04-17","Saudi Arabia","(not set)",5,5
"2025-04-17","India","(not set)",4,4
"2025-04-17","Iran","(not set)",3,3
"2025-04-17","Malaysia","(not set)",3,3
"2025-04-17","Algeria","(not set)",2,2
"2025-04-17","Argentina","(not set)",2,2
"2025-04-17","Colombia","(not set)",2,2
"2025-04-17","Kuwait","(not set)",2,2
"2025-04-17","United Kingdom","(not set)",2,2
"2025-04-17","Vietnam","(not set)",2,2
"2025-04-17","Bangladesh","(not set)",1,1
"2025-04-17","Cuba","(not set)",1,1
"2025-04-17","Dominican Republic","(not set)",1,1
"2025-04-17","Italy","(not set)",1,1
"2025-04-17","Jordan","(not set)",1,1
"2025-04-17","Morocco","(not set)",1,1
"2025-04-17","Netherlands","(not set)",1,1
"2025-04-17","Peru","(not set)",1,1
"2025-04-17","Portugal","(not set)",1,1
"2025-04-17","Switzerland","(not set)",1,1
"2025-04-17","Yemen","(not set)",1,1
"2025-04-18","Brazil","(not set)",1506,1484
"2025-04-18","United States","(not set)",31,31
"2025-04-18","Indonesia","(not set)",19,19
"2025-04-18","Egypt","(not set)",11,11
"2025-04-18","India","(not set)",9,9
"2025-04-18","Philippines","(not set)",8,8
"2025-04-18","Algeria","(not set)",6,6
"2025-04-18","Vietnam","(not set)",6,6
"2025-04-18","Mexico","(not set)",5,4
"2025-04-18","Chile","(not set)",4,4
"2025-04-18","Germany","(not set)",3,3
"2025-04-18","Iran","(not set)",3,3
"2025-04-18","Saudi Arabia","(not set)",3,3
"2025-04-18","Morocco","(not set)",2,2
"2025-04-18","Peru","(not set)",2,1
"2025-04-18","Argentina","(not set)",1,1
"2025-04-18","Armenia","(not set)",1,1
"2025-04-18","Bahrain","(not set)",1,1
"2025-04-18","Bangladesh","(not set)",1,1
"2025-04-18","Bolivia","(not set)",1,1
"2025-04-18","Iraq","(not set)",1,1
"2025-04-18","Ireland","(not set)",1,1
"2025-04-18","Laos","(not set)",1,1
"2025-04-18","Malaysia","(not set)",1,1
"2025-04-18","Netherlands","(not set)",1,1
"2025-04-18","Puerto Rico","(not set)",1,1
"2025-04-18","Tunisia","(not set)",1,1
"2025-04-18","Türkiye","(not set)",1,1
"2025-04-18","Yemen","(not set)",1,1
"2025-04-19","Brazil","(not set)",1459,1443
"2025-04-19","United States","(not set)",27,26
"2025-04-19","Indonesia","(not set)",14,14
"2025-04-19","Egypt","(not set)",12,12
"2025-04-19","Bangladesh","(not set)",5,5
"2025-04-19","Mexico","(not set)",4,4
"2025-04-19","India","(not set)",3,3
"2025-04-19","Israel","(not set)",3,3
"2025-04-19","Philippines","(not set)",3,3
"2025-04-19","Vietnam","(not set)",3,3
"2025-04-19","Algeria","(not set)",2,2
"2025-04-19","Colombia","(not set)",2,2
"2025-04-19","Iran","(not set)",2,2
"2025-04-19","Tunisia","(not set)",2,1
"2025-04-19","Angola","(not set)",1,1
"2025-04-19","Argentina","(not set)",1,1
"2025-04-19","Germany","(not set)",1,1
"2025-04-19","Hungary","(not set)",1,1
"2025-04-19","Jordan","(not set)",1,1
"2025-04-19","Netherlands","(not set)",1,1
"2025-04-19","Portugal","(not set)",1,1
"2025-04-19","Saudi Arabia","(not set)",1,1
"2025-04-19","Sri Lanka","(not set)",1,1
"2025-04-19","United Arab Emirates","(not set)",1,1
"2025-04-20","Brazil","(not set)",1509,1491
"2025-04-20","United States","(not set)",35,35
"2025-04-20","Egypt","(not set)",11,11
"2025-04-20","Indonesia","(not set)",11,11
"2025-04-20","Saudi Arabia","(not set)",6,6
"2025-04-20","Algeria","(not set)",5,5
"2025-04-20","Malaysia","(not set)",3,3
"2025-04-20","Yemen","(not set)",3,3
"2025-04-20","Canada","(not set)",2,2
"2025-04-20","Colombia","(not set)",2,2
"2025-04-20","Jordan","(not set)",2,2
"2025-04-20","Morocco","(not set)",2,2
"2025-04-20","Philippines","(not set)",2,2
"2025-04-20","Türkiye","(not set)",2,2
"2025-04-20","Angola","(not set)",1,1
"2025-04-20","Bangladesh","(not set)",1,1
"2025-04-20","Congo - Brazzaville","(not set)",1,1
"2025-04-20","Greece","(not set)",1,1
"2025-04-20","Honduras","(not set)",1,1
"2025-04-20","India","(not set)",1,1
"2025-04-20","Iran","(not set)",1,1
"2025-04-20","Ireland","(not set)",1,1
"2025-04-20","Jamaica","(not set)",1,1
"2025-04-20","Paraguay","(not set)",1,1
"2025-04-20","Portugal","(not set)",1,1
"2025-04-20","Russia","(not set)",1,1
"2025-04-20","South Africa","(not set)",1,1
"2025-04-20","Tunisia","(not set)",1,1
"2025-04-21","Brazil","(not set)",1587,1553
"2025-04-21","United States","(not set)",31,31
"2025-04-21","Indonesia","(not set)",8,8
"2025-04-21","Egypt","(not set)",6,6
"2025-04-21","Saudi Arabia","(not set)",5,5
"2025-04-21","Philippines","(not set)",4,4
"2025-04-21","Algeria","(not set)",3,3
"2025-04-21","Argentina","(not set)",3,3
"2025-04-21","Colombia","(not set)",3,3
"2025-04-21","India","(not set)",3,3
"2025-04-21","Vietnam","(not set)",3,3
"2025-04-21","Bangladesh","(not set)",2,2
"2025-04-21","Iran","(not set)",2,2
"2025-04-21","Mexico","(not set)",2,2
"2025-04-21","United Kingdom","(not set)",2,2
"2025-04-21","Canada","(not set)",1,1
"2025-04-21","El Salvador","(not set)",1,1
"2025-04-21","Ethiopia","(not set)",1,1
"2025-04-21","Iraq","(not set)",1,1
"2025-04-21","Israel","(not set)",1,1
"2025-04-21","Kuwait","(not set)",1,1
"2025-04-21","Libya","(not set)",1,1
"2025-04-21","Portugal","(not set)",1,1
"2025-04-21","Puerto Rico","(not set)",1,1
"2025-04-21","Singapore","(not set)",1,1
"2025-04-21","United Arab Emirates","(not set)",1,1
"2025-04-22","Brazil","(not set)",1304,1288
"2025-04-22","United States","(not set)",40,40
"2025-04-22","Indonesia","(not set)",10,10
"2025-04-22","Mexico","(not set)",6,6
"2025-04-22","Saudi Arabia","(not set)",5,5
"2025-04-22","Philippines","(not set)",4,4
"2025-04-22","India","(not set)",3,3
"2025-04-22","Algeria","(not set)",2,2
"2025-04-22","Bangladesh","(not set)",2,2
"2025-04-22","Egypt","(not set)",2,2
"2025-04-22","France","(not set)",2,2
"2025-04-22","Vietnam","(not set)",2,2
"2025-04-22","Argentina","(not set)",1,1
"2025-04-22","Bahrain","(not set)",1,1
"2025-04-22","Canada","(not set)",1,1
"2025-04-22","Colombia","(not set)",1,1
"2025-04-22","Ghana","(not set)",1,1
"2025-04-22","Guatemala","(not set)",1,1
"2025-04-22","Iran","(not set)",1,1
"2025-04-22","Israel","(not set)",1,1
"2025-04-22","Jordan","(not set)",1,1
"2025-04-22","Oman","(not set)",1,1
"2025-04-22","United Kingdom","(not set)",1,1
"2025-04-23","Brazil","(not set)",1261,1243
"2025-04-23","United States","(not set)",38,38
"2025-04-23","Indonesia","(not set)",9,9
"2025-04-23","India","(not set)",5,5
"2025-04-23","Egypt","(not set)",4,4
"2025-04-23","Puerto Rico","(not set)",3,3
"2025-04-23","Saudi Arabia","(not set)",3,3
"2025-04-23","Canada","(not set)",2,2
"2025-04-23","Colombia","(not set)",2,2
"2025-04-23","Morocco","(not set)",2,2
"2025-04-23","Türkiye","(not set)",2,2
"2025-04-23","Algeria","(not set)",1,1
"2025-04-23","Bangladesh","(not set)",1,1
"2025-04-23","Germany","(not set)",1,1
"2025-04-23","Iran","(not set)",1,1
"2025-04-23","Jamaica","(not set)",1,1
"2025-04-23","Jordan","(not set)",1,1
"2025-04-23","Madagascar","(not set)",1,1
"2025-04-23","Netherlands","(not set)",1,1
"2025-04-23","Oman","(not set)",1,1
"2025-04-23","Paraguay","(not set)",1,1
"2025-04-23","Philippines","(not set)",1,1
"2025-04-23","Russia","(not set)",1,1
"2025-04-23","South Africa","(not set)",1,1
"2025-04-23","Spain","(not set)",1,1
"2025-04-23","Thailand","(not set)",1,1
"2025-04-23","Trinidad & Tobago","(not set)",1,1
"2025-04-23","Yemen","(not set)",1,1
"2025-04-24","Brazil","(not set)",1194,1182
"2025-04-24","United States","(not set)",33,33
"2025-04-24","Indonesia","(not set)",11,11
"2025-04-24","Egypt","(not set)",5,5
"2025-04-24","Philippines","(not set)",5,5
"2025-04-24","Algeria","(not set)",4,4
"2025-04-24","India","(not set)",4,4
"2025-04-24","Iran","(not set)",4,4
"2025-04-24","Argentina","(not set)",3,2
"2025-04-24","Thailand","(not set)",3,3
"2025-04-24","Bangladesh","(not set)",2,2
"2025-04-24","Jamaica","(not set)",2,1
"2025-04-24","Mexico","(not set)",2,2
"2025-04-24","Vietnam","(not set)",2,2
"2025-04-24","Bulgaria","(not set)",1,1
"2025-04-24","Dominican Republic","(not set)",1,1
"2025-04-24","Malaysia","(not set)",1,1
"2025-04-24","Morocco","(not set)",1,1
"2025-04-24","Paraguay","(not set)",1,1
"2025-04-24","Peru","(not set)",1,1
"2025-04-24","Saudi Arabia","(not set)",1,1
"2025-04-24","Syria","(not set)",1,1
"2025-04-24","Tunisia","(not set)",1,1
"2025-04-24","Türkiye","(not set)",1,1
"2025-04-24","United Arab Emirates","(not set)",1,1
"2025-04-24","Venezuela","(not set)",1,1
"2025-04-24","Yemen","(not set)",1,1
"2025-04-25","Brazil","(not set)",1200,1181
"2025-04-25","United States","(not set)",40,40
"2025-04-25","Egypt","(not set)",7,7
"2025-04-25","Bangladesh","(not set)",5,5
"2025-04-25","Indonesia","(not set)",5,5
"2025-04-25","Algeria","(not set)",3,3
"2025-04-25","Saudi Arabia","(not set)",3,3
"2025-04-25","Bolivia","(not set)",2,2
"2025-04-25","Iran","(not set)",2,2
"2025-04-25","Mexico","(not set)",2,2
"2025-04-25","Philippines","(not set)",2,2
"2025-04-25","Antigua & Barbuda","(not set)",1,1
"2025-04-25","Ecuador","(not set)",1,1
"2025-04-25","Germany","(not set)",1,1
"2025-04-25","India","(not set)",1,1
"2025-04-25","Iraq","(not set)",1,1
"2025-04-25","Jordan","(not set)",1,1
"2025-04-25","Lebanon","(not set)",1,1
"2025-04-25","Malaysia","(not set)",1,1
"2025-04-25","Portugal","(not set)",1,1
"2025-04-25","United Arab Emirates","(not set)",1,1
"2025-04-25","Vietnam","(not set)",1,1
"2025-04-25","Yemen","(not set)",1,1
"2025-04-26","Brazil","(not set)",1339,1317
"2025-04-26","United States","(not set)",39,39
"2025-04-26","Indonesia","(not set)",12,12
"2025-04-26","Egypt","(not set)",7,7
"2025-04-26","Mexico","(not set)",6,6
"2025-04-26","Saudi Arabia","(not set)",4,4
"2025-04-26","Argentina","(not set)",3,3
"2025-04-26","Jordan","(not set)",3,3
"2025-04-26","Algeria","(not set)",2,2
"2025-04-26","Bangladesh","(not set)",2,2
"2025-04-26","India","(not set)",2,2
"2025-04-26","Iran","(not set)",2,2
"2025-04-26","Philippines","(not set)",2,2
"2025-04-26","Bulgaria","(not set)",1,1
"2025-04-26","Cameroon","(not set)",1,1
"2025-04-26","Colombia","(not set)",1,1
"2025-04-26","Ecuador","(not set)",1,1
"2025-04-26","Germany","(not set)",1,1
"2025-04-26","Morocco","(not set)",1,1
"2025-04-26","Syria","(not set)",1,1
"2025-04-26","United Kingdom","(not set)",1,1
"2025-04-26","Uzbekistan","(not set)",1,1
"2025-04-27","Brazil","(not set)",1467,1452
"2025-04-27","United States","(not set)",24,24
"2025-04-27","Indonesia","(not set)",13,13
"2025-04-27","Egypt","(not set)",7,7
"2025-04-27","Philippines","(not set)",7,7
"2025-04-27","Thailand","(not set)",5,1
"2025-04-27","Vietnam","(not set)",5,5
"2025-04-27","India","(not set)",4,4
"2025-04-27","Iran","(not set)",4,4
"2025-04-27","Bangladesh","(not set)",3,3
"2025-04-27","Mexico","(not set)",3,3
"2025-04-27","Japan","(not set)",2,2
"2025-04-27","Malaysia","(not set)",2,1
"2025-04-27","Saudi Arabia","(not set)",2,2
"2025-04-27","Syria","(not set)",2,2
"2025-04-27","Algeria","(not set)",1,1
"2025-04-27","Argentina","(not set)",1,1
"2025-04-27","Ecuador","(not set)",1,1
"2025-04-27","Liberia","(not set)",1,1
"2025-04-27","Myanmar (Burma)","(not set)",1,1
"2025-04-27","Netherlands","(not set)",1,1
"2025-04-27","Nigeria","(not set)",1,1
"2025-04-27","Pakistan","(not set)",1,1
"2025-04-27","Paraguay","(not set)",1,1
"2025-04-27","Portugal","(not set)",1,1
"2025-04-27","Sudan","(not set)",1,1
"2025-04-27","Tunisia","(not set)",1,1
"2025-04-27","United Arab Emirates","(not set)",1,1
"2025-04-27","Venezuela","(not set)",1,1
"2025-04-27","Yemen","(not set)",1,1
"2025-04-28","Brazil","(not set)",1166,1153
"2025-04-28","United States","(not set)",31,31
"2025-04-28","Egypt","(not set)",8,8
"2025-04-28","Indonesia","(not set)",5,5
"2025-04-28","(not set)","(not set)",3,3
"2025-04-28","Algeria","(not set)",3,3
"2025-04-28","Bangladesh","(not set)",3,3
"2025-04-28","Mexico","(not set)",3,3
"2025-04-28","India","(not set)",2,2
"2025-04-28","Iran","(not set)",2,2
"2025-04-28","Saudi Arabia","(not set)",2,2
"2025-04-28","South Korea","(not set)",2,2
"2025-04-28","Colombia","(not set)",1,1
"2025-04-28","Dominican Republic","(not set)",1,1
"2025-04-28","France","(not set)",1,1
"2025-04-28","Iraq","(not set)",1,1
"2025-04-28","Japan","(not set)",1,1
"2025-04-28","Jordan","(not set)",1,1
"2025-04-28","Laos","(not set)",1,1
"2025-04-28","Morocco","(not set)",1,1
"2025-04-28","Pakistan","(not set)",1,1
"2025-04-28","Paraguay","(not set)",1,1
"2025-04-28","Philippines","(not set)",1,1
"2025-04-28","Switzerland","(not set)",1,1
"2025-04-28","Tunisia","(not set)",1,1
"2025-04-28","Türkiye","(not set)",1,1
"2025-04-28","Vietnam","(not set)",1,1
"2025-04-28","Yemen","(not set)",1,1
"2025-04-29","Brazil","(not set)",1191,1178
"2025-04-29","United States","(not set)",26,26
"2025-04-29","Indonesia","(not set)",9,8
"2025-04-29","Saudi Arabia","(not set)",7,7
"2025-04-29","Egypt","(not set)",5,5
"2025-04-29","Mexico","(not set)",5,5
"2025-04-29","(not set)","(not set)",4,4
"2025-04-29","Bangladesh","(not set)",3,3
"2025-04-29","India","(not set)",2,2
"2025-04-29","Iran","(not set)",2,2
"2025-04-29","Morocco","(not set)",2,2
"2025-04-29","Philippines","(not set)",2,2
"2025-04-29","Argentina","(not set)",1,1
"2025-04-29","Dominican Republic","(not set)",1,1
"2025-04-29","Ireland","(not set)",1,1
"2025-04-29","Mozambique","(not set)",1,1
"2025-04-29","Nigeria","(not set)",1,1
"2025-04-29","Puerto Rico","(not set)",1,1
"2025-04-29","South Korea","(not set)",1,1
"2025-04-29","Thailand","(not set)",1,1
"2025-04-29","United Arab Emirates","(not set)",1,1
"2025-04-29","United Kingdom","(not set)",1,1
"2025-04-29","Venezuela","(not set)",1,1
"2025-04-29","Yemen","(not set)",1,1
"2025-04-30","Brazil","(not set)",1087,1067
"2025-04-30","United States","(not set)",29,29
"2025-04-30","Egypt","(not set)",6,6
"2025-04-30","Bangladesh","(not set)",4,4
"2025-04-30","Indonesia","(not set)",4,3
"2025-04-30","(not set)","(not set)",3,3
"2025-04-30","Mexico","(not set)",3,2
"2025-04-30","Algeria","(not set)",2,2
"2025-04-30","India","(not set)",2,2
"2025-04-30","Thailand","(not set)",2,2
"2025-04-30","Uruguay","(not set)",2,1
"2025-04-30","Argentina","(not set)",1,1
"2025-04-30","Bolivia","(not set)",1,1
"2025-04-30","Bulgaria","(not set)",1,1
"2025-04-30","Canada","(not set)",1,1
"2025-04-30","Iran","(not set)",1,1
"2025-04-30","Israel","(not set)",1,1
"2025-04-30","Morocco","(not set)",1,1
"2025-04-30","Philippines","(not set)",1,1
"2025-04-30","Puerto Rico","(not set)",1,1
"2025-04-30","Saudi Arabia","(not set)",1,1
"2025-04-30","South Korea","(not set)",1,1
"2025-04-30","Ukraine","(not set)",1,1
"2025-04-30","United Arab Emirates","(not set)",1,1
"2025-04-30","Vietnam","(not set)",1,1
"2025-05-01","Brazil","(not set)",1619,1597
"2025-05-01","United States","(not set)",42,41
"2025-05-01","Egypt","(not set)",8,8
"2025-05-01","Indonesia","(not set)",7,7
"2025-05-01","Algeria","(not set)",5,5
"2025-05-01","India","(not set)",4,4
"2025-05-01","Bangladesh","(not set)",3,3
"2025-05-01","British Virgin Islands","(not set)",3,2
"2025-05-01","Germany","(not set)",2,2
"2025-05-01","Iran","(not set)",2,2
"2025-05-01","Vietnam","(not set)",2,2
"2025-05-01","(not set)","(not set)",1,1
"2025-05-01","Canada","(not set)",1,1
"2025-05-01","Chile","(not set)",1,1
"2025-05-01","Colombia","(not set)",1,1
"2025-05-01","Cuba","(not set)",1,1
"2025-05-01","El Salvador","(not set)",1,1
"2025-05-01","Jordan","(not set)",1,1
"2025-05-01","Madagascar","(not set)",1,1
"2025-05-01","Malaysia","(not set)",1,1
"2025-05-01","Mexico","(not set)",1,1
"2025-05-01","Pakistan","(not set)",1,1
"2025-05-01","Paraguay","(not set)",1,1
"2025-05-01","Peru","(not set)",1,1
"2025-05-01","Philippines","(not set)",1,1
"2025-05-01","Russia","(not set)",1,1
"2025-05-01","Saudi Arabia","(not set)",1,1
"2025-05-01","South Korea","(not set)",1,1
"2025-05-01","United Arab Emirates","(not set)",1,1
"2025-05-02","Brazil","(not set)",1376,1361
"2025-05-02","United States","(not set)",35,35
"2025-05-02","(not set)","(not set)",20,20
"2025-05-02","Indonesia","(not set)",8,8
"2025-05-02","Algeria","(not set)",4,4
"2025-05-02","Bangladesh","(not set)",4,4
"2025-05-02","Egypt","(not set)",4,4
"2025-05-02","Mexico","(not set)",4,4
"2025-05-02","Morocco","(not set)",4,4
"2025-05-02","Philippines","(not set)",4,4
"2025-05-02","India","(not set)",3,3
"2025-05-02","Iran","(not set)",3,1
"2025-05-02","Argentina","(not set)",2,2
"2025-05-02","British Virgin Islands","(not set)",2,2
"2025-05-02","Colombia","(not set)",2,2
"2025-05-02","Saudi Arabia","(not set)",2,2
"2025-05-02","Türkiye","(not set)",2,2
"2025-05-02","United Kingdom","(not set)",2,2
"2025-05-02","Afghanistan","(not set)",1,1
"2025-05-02","Canada","(not set)",1,1
"2025-05-02","Hong Kong","(not set)",1,1
"2025-05-02","Kenya","(not set)",1,1
"2025-05-02","Libya","(not set)",1,1
"2025-05-02","Russia","(not set)",1,1
"2025-05-02","Syria","(not set)",1,1
"2025-05-02","Ukraine","(not set)",1,1
"2025-05-02","Vietnam","(not set)",1,1
"2025-05-02","Yemen","(not set)",1,1
"2025-05-03","Brazil","(not set)",1361,1344
"2025-05-03","United States","(not set)",43,42
"2025-05-03","Egypt","(not set)",5,5
"2025-05-03","Indonesia","(not set)",5,5
"2025-05-03","Philippines","(not set)",5,5
"2025-05-03","Mexico","(not set)",3,3
"2025-05-03","Algeria","(not set)",1,1
"2025-05-03","Bangladesh","(not set)",1,1
"2025-05-03","Canada","(not set)",1,1
"2025-05-03","Ethiopia","(not set)",1,1
"2025-05-03","India","(not set)",1,1
"2025-05-03","Iran","(not set)",1,1
"2025-05-03","Jordan","(not set)",1,1
"2025-05-03","Panama","(not set)",1,1
"2025-05-03","Peru","(not set)",1,1
"2025-05-03","Saudi Arabia","(not set)",1,1
"2025-05-03","Thailand","(not set)",1,1
"2025-05-03","Vietnam","(not set)",1,1
"2025-05-04","Brazil","(not set)",1416,1400
"2025-05-04","United States","(not set)",33,33
"2025-05-04","Egypt","(not set)",7,7
"2025-05-04","Indonesia","(not set)",6,6
"2025-05-04","Mexico","(not set)",5,5
"2025-05-04","Argentina","(not set)",4,4
"2025-05-04","India","(not set)",3,3
"2025-05-04","Algeria","(not set)",2,2
"2025-05-04","Bangladesh","(not set)",2,2
"2025-05-04","Netherlands","(not set)",2,2
"2025-05-04","Philippines","(not set)",2,2
"2025-05-04","South Korea","(not set)",2,2
"2025-05-04","Vietnam","(not set)",2,2
"2025-05-04","Chile","(not set)",1,1
"2025-05-04","Germany","(not set)",1,1
"2025-05-04","Jordan","(not set)",1,1
"2025-05-04","Kenya","(not set)",1,1
"2025-05-04","Nigeria","(not set)",1,1
"2025-05-04","Russia","(not set)",1,1
"2025-05-04","Saudi Arabia","(not set)",1,1
"2025-05-04","Singapore","(not set)",1,1
"2025-05-04","United Arab Emirates","(not set)",1,1
"2025-05-05","Brazil","(not set)",1050,1038
"2025-05-05","United States","(not set)",33,33
"2025-05-05","(not set)","(not set)",14,14
"2025-05-05","Egypt","(not set)",6,6
"2025-05-05","India","(not set)",5,5
"2025-05-05","Indonesia","(not set)",5,5
"2025-05-05","Iran","(not set)",3,3
"2025-05-05","Algeria","(not set)",2,2
"2025-05-05","Argentina","(not set)",2,2
"2025-05-05","Bangladesh","(not set)",2,2
"2025-05-05","Israel","(not set)",2,2
"2025-05-05","Mexico","(not set)",2,2
"2025-05-05","Philippines","(not set)",2,2
"2025-05-05","Puerto Rico","(not set)",2,2
"2025-05-05","Canada","(not set)",1,1
"2025-05-05","France","(not set)",1,1
"2025-05-05","Iraq","(not set)",1,1
"2025-05-05","Jordan","(not set)",1,1
"2025-05-05","Kuwait","(not set)",1,1
"2025-05-05","South Africa","(not set)",1,1
"2025-05-05","Spain","(not set)",1,1
"2025-05-05","Tunisia","(not set)",1,1
"2025-05-05","United Arab Emirates","(not set)",1,1
"2025-05-06","Brazil","(not set)",1152,1136
"2025-05-06","United States","(not set)",32,32
"2025-05-06","(not set)","(not set)",16,16
"2025-05-06","Egypt","(not set)",8,8
"2025-05-06","Indonesia","(not set)",7,6
"2025-05-06","Iran","(not set)",7,5
"2025-05-06","Mexico","(not set)",3,3
"2025-05-06","Saudi Arabia","(not set)",3,3
"2025-05-06","Argentina","(not set)",2,2
"2025-05-06","Bangladesh","(not set)",2,2
"2025-05-06","Colombia","(not set)",1,1
"2025-05-06","Ecuador","(not set)",1,1
"2025-05-06","India","(not set)",1,1
"2025-05-06","Iraq","(not set)",1,1
"2025-05-06","Jordan","(not set)",1,1
"2025-05-06","Libya","(not set)",1,1
"2025-05-06","Malaysia","(not set)",1,1
"2025-05-06","Morocco","(not set)",1,1
"2025-05-06","Nepal","(not set)",1,1
"2025-05-06","Portugal","(not set)",1,1
"2025-05-06","Puerto Rico","(not set)",1,1
"2025-05-06","South Africa","(not set)",1,1
"2025-05-06","United Kingdom","(not set)",1,1
"2025-05-06","Yemen","(not set)",1,1
"2025-05-07","Brazil","(not set)",1101,1089
"2025-05-07","United States","(not set)",40,40
"2025-05-07","(not set)","(not set)",20,20
"2025-05-07","Indonesia","(not set)",5,5
"2025-05-07","Philippines","(not set)",5,4
"2025-05-07","India","(not set)",4,4
"2025-05-07","Egypt","(not set)",3,3
"2025-05-07","Mexico","(not set)",3,3
"2025-05-07","Bangladesh","(not set)",2,2
"2025-05-07","Morocco","(not set)",2,2
"2025-05-07","United Arab Emirates","(not set)",2,2
"2025-05-07","Algeria","(not set)",1,1
"2025-05-07","Chile","(not set)",1,1
"2025-05-07","Ecuador","(not set)",1,1
"2025-05-07","Germany","(not set)",1,1
"2025-05-07","Honduras","(not set)",1,1
"2025-05-07","Israel","(not set)",1,1
"2025-05-07","Jordan","(not set)",1,1
"2025-05-07","Kenya","(not set)",1,1
"2025-05-07","Pakistan","(not set)",1,1
"2025-05-07","Portugal","(not set)",1,1
"2025-05-07","Saudi Arabia","(not set)",1,1
"2025-05-07","South Africa","(not set)",1,1
"2025-05-07","Syria","(not set)",1,1
"2025-05-07","Thailand","(not set)",1,1
"2025-05-08","Brazil","(not set)",1130,1112
"2025-05-08","United States","(not set)",35,35
"2025-05-08","Indonesia","(not set)",7,7
"2025-05-08","Mexico","(not set)",7,7
"2025-05-08","Egypt","(not set)",6,6
"2025-05-08","Iran","(not set)",4,4
"2025-05-08","Saudi Arabia","(not set)",4,4
"2025-05-08","(not set)","(not set)",3,3
"2025-05-08","Algeria","(not set)",3,3
"2025-05-08","India","(not set)",3,3
"2025-05-08","Türkiye","(not set)",3,3
"2025-05-08","Jordan","(not set)",2,2
"2025-05-08","Philippines","(not set)",2,2
"2025-05-08","Argentina","(not set)",1,1
"2025-05-08","Israel","(not set)",1,1
"2025-05-08","Malaysia","(not set)",1,1
"2025-05-08","Nigeria","(not set)",1,1
"2025-05-08","Portugal","(not set)",1,1
"2025-05-08","Puerto Rico","(not set)",1,1
"2025-05-08","Switzerland","(not set)",1,1
"2025-05-08","Syria","(not set)",1,1
"2025-05-08","Tunisia","(not set)",1,1
"2025-05-08","Yemen","(not set)",1,1
"2025-05-09","Brazil","(not set)",1186,1160
"2025-05-09","United States","(not set)",32,32
"2025-05-09","Egypt","(not set)",8,8
"2025-05-09","(not set)","(not set)",7,7
"2025-05-09","Indonesia","(not set)",6,6
"2025-05-09","Iran","(not set)",6,6
"2025-05-09","Saudi Arabia","(not set)",4,4
"2025-05-09","Algeria","(not set)",2,2
"2025-05-09","Bangladesh","(not set)",2,2
"2025-05-09","India","(not set)",2,2
"2025-05-09","Mexico","(not set)",2,2
"2025-05-09","Morocco","(not set)",2,2
"2025-05-09","Colombia","(not set)",1,1
"2025-05-09","El Salvador","(not set)",1,1
"2025-05-09","Germany","(not set)",1,1
"2025-05-09","Japan","(not set)",1,1
"2025-05-09","Jordan","(not set)",1,1
"2025-05-09","Papua New Guinea","(not set)",1,1
"2025-05-09","Philippines","(not set)",1,1
"2025-05-09","Puerto Rico","(not set)",1,1
"2025-05-09","Syria","(not set)",1,1
"2025-05-09","Thailand","(not set)",1,1
"2025-05-09","Türkiye","(not set)",1,1
"2025-05-09","United Kingdom","(not set)",1,1
"2025-05-10","Brazil","(not set)",1359,1334
"2025-05-10","United States","(not set)",24,24
"2025-05-10","Egypt","(not set)",8,8
"2025-05-10","Indonesia","(not set)",7,6
"2025-05-10","Algeria","(not set)",5,5
"2025-05-10","India","(not set)",5,5
"2025-05-10","Iran","(not set)",5,3
"2025-05-10","Jordan","(not set)",4,4
"2025-05-10","Bangladesh","(not set)",3,3
"2025-05-10","Saudi Arabia","(not set)",2,2
"2025-05-10","Argentina","(not set)",1,1
"2025-05-10","Colombia","(not set)",1,1
"2025-05-10","Japan","(not set)",1,1
"2025-05-10","Kuwait","(not set)",1,1
"2025-05-10","Lesotho","(not set)",1,1
"2025-05-10","Malaysia","(not set)",1,1
"2025-05-10","Mexico","(not set)",1,1
"2025-05-10","Pakistan","(not set)",1,1
"2025-05-10","Portugal","(not set)",1,1
"2025-05-10","Qatar","(not set)",1,1
"2025-05-10","Syria","(not set)",1,1
"2025-05-10","Thailand","(not set)",1,1
"2025-05-10","Tunisia","(not set)",1,1
"2025-05-11","Brazil","(not set)",1515,1494
"2025-05-11","United States","(not set)",34,34
"2025-05-11","Egypt","(not set)",7,7
"2025-05-11","Bangladesh","(not set)",3,3
"2025-05-11","Iran","(not set)",3,3
"2025-05-11","Algeria","(not set)",2,2
"2025-05-11","Colombia","(not set)",2,2
"2025-05-11","India","(not set)",2,2
"2025-05-11","Malaysia","(not set)",2,2
"2025-05-11","Nigeria","(not set)",2,2
"2025-05-11","Saudi Arabia","(not set)",2,2
"2025-05-11","United Kingdom","(not set)",2,2
"2025-05-11","Afghanistan","(not set)",1,1
"2025-05-11","Angola","(not set)",1,1
"2025-05-11","Argentina","(not set)",1,1
"2025-05-11","Indonesia","(not set)",1,1
"2025-05-11","Mexico","(not set)",1,1
"2025-05-11","Morocco","(not set)",1,1
"2025-05-11","Oman","(not set)",1,1
"2025-05-11","Pakistan","(not set)",1,1
"2025-05-11","Puerto Rico","(not set)",1,1
"2025-05-11","Türkiye","(not set)",1,1
"2025-05-11","United Arab Emirates","(not set)",1,1
"2025-05-12","Brazil","(not set)",1274,1243
"2025-05-12","United States","(not set)",33,33
"2025-05-12","Egypt","(not set)",7,7
"2025-05-12","Indonesia","(not set)",7,7
"2025-05-12","Bangladesh","(not set)",3,2
"2025-05-12","Cameroon","(not set)",3,1
"2025-05-12","Colombia","(not set)",3,3
"2025-05-12","India","(not set)",3,3
"2025-05-12","Iran","(not set)",2,2
"2025-05-12","Mexico","(not set)",2,2
"2025-05-12","Morocco","(not set)",2,2
"2025-05-12","(not set)","(not set)",1,1
"2025-05-12","Algeria","(not set)",1,1
"2025-05-12","Canada","(not set)",1,1
"2025-05-12","Malaysia","(not set)",1,1
"2025-05-12","Saudi Arabia","(not set)",1,1
"2025-05-12","Spain","(not set)",1,1
"2025-05-12","Sudan","(not set)",1,1
"2025-05-12","Syria","(not set)",1,1
"2025-05-12","Thailand","(not set)",1,1
"2025-05-12","Vietnam","(not set)",1,1
"2025-05-13","Brazil","(not set)",1417,1408
"2025-05-13","United States","(not set)",39,38
"2025-05-13","(not set)","(not set)",31,30
"2025-05-13","Egypt","(not set)",7,6
"2025-05-13","Indonesia","(not set)",7,7
"2025-05-13","Iran","(not set)",5,5
"2025-05-13","India","(not set)",4,4
"2025-05-13","Philippines","(not set)",3,3
"2025-05-13","Algeria","(not set)",2,2
"2025-05-13","Mexico","(not set)",2,2
"2025-05-13","Saudi Arabia","(not set)",2,2
"2025-05-13","United Kingdom","(not set)",2,2
"2025-05-13","Angola","(not set)",1,1
"2025-05-13","Argentina","(not set)",1,1
"2025-05-13","Austria","(not set)",1,1
"2025-05-13","Bangladesh","(not set)",1,1
"2025-05-13","Bolivia","(not set)",1,1
"2025-05-13","France","(not set)",1,1
"2025-05-13","Ghana","(not set)",1,1
"2025-05-13","Malaysia","(not set)",1,1
"2025-05-13","Morocco","(not set)",1,1
"2025-05-13","Netherlands","(not set)",1,1
"2025-05-13","North Macedonia","(not set)",1,1
"2025-05-13","Peru","(not set)",1,1
"2025-05-13","Puerto Rico","(not set)",1,1
"2025-05-13","Tanzania","(not set)",1,1
"2025-05-13","Togo","(not set)",1,1
"2025-05-13","Trinidad & Tobago","(not set)",1,1
"2025-05-13","Tunisia","(not set)",1,1
"2025-05-13","Türkiye","(not set)",1,1
"2025-05-13","Vietnam","(not set)",1,1
"2025-05-13","Yemen","(not set)",1,1
"2025-05-14","Brazil","(not set)",1287,1264
"2025-05-14","United States","(not set)",28,28
"2025-05-14","(not set)","(not set)",13,13
"2025-05-14","Egypt","(not set)",5,4
"2025-05-14","Iran","(not set)",5,5
"2025-05-14","Mexico","(not set)",4,4
"2025-05-14","India","(not set)",3,3
"2025-05-14","Indonesia","(not set)",3,3
"2025-05-14","Argentina","(not set)",2,2
"2025-05-14","Saudi Arabia","(not set)",2,2
"2025-05-14","South Korea","(not set)",2,2
"2025-05-14","Algeria","(not set)",1,1
"2025-05-14","Bangladesh","(not set)",1,1
"2025-05-14","Belgium","(not set)",1,1
"2025-05-14","Bolivia","(not set)",1,1
"2025-05-14","Bulgaria","(not set)",1,1
"2025-05-14","Chile","(not set)",1,1
"2025-05-14","Dominican Republic","(not set)",1,1
"2025-05-14","Israel","(not set)",1,1
"2025-05-14","Morocco","(not set)",1,1
"2025-05-14","Nigeria","(not set)",1,1
"2025-05-14","Pakistan","(not set)",1,1
"2025-05-14","Philippines","(not set)",1,1
"2025-05-14","Portugal","(not set)",1,1
"2025-05-14","Spain","(not set)",1,1
"2025-05-14","Syria","(not set)",1,1
"2025-05-14","United Kingdom","(not set)",1,1
"2025-05-14","Vietnam","(not set)",1,1
"2025-05-15","Brazil","(not set)",1208,1190
"2025-05-15","United States","(not set)",25,25
"2025-05-15","(not set)","(not set)",18,18
"2025-05-15","Egypt","(not set)",7,7
"2025-05-15","India","(not set)",6,6
"2025-05-15","Algeria","(not set)",3,3
"2025-05-15","Argentina","(not set)",3,3
"2025-05-15","Indonesia","(not set)",3,3
"2025-05-15","Philippines","(not set)",3,3
"2025-05-15","Mexico","(not set)",2,2
"2025-05-15","Oman","(not set)",2,2
"2025-05-15","Saudi Arabia","(not set)",2,2
"2025-05-15","Switzerland","(not set)",2,2
"2025-05-15","United Kingdom","(not set)",2,2
"2025-05-15","Bangladesh","(not set)",1,1
"2025-05-15","Bolivia","(not set)",1,1
"2025-05-15","Canada","(not set)",1,1
"2025-05-15","Iran","(not set)",1,1
"2025-05-15","Jordan","(not set)",1,1
"2025-05-15","Morocco","(not set)",1,1
"2025-05-15","Myanmar (Burma)","(not set)",1,1
"2025-05-15","Nigeria","(not set)",1,1
"2025-05-15","Russia","(not set)",1,1
"2025-05-15","South Korea","(not set)",1,1
"2025-05-15","Thailand","(not set)",1,1
"2025-05-15","Togo","(not set)",1,1
"2025-05-15","Türkiye","(not set)",1,1
"2025-05-16","Brazil","(not set)",1207,1189
"2025-05-16","United States","(not set)",33,32
"2025-05-16","(not set)","(not set)",11,11
"2025-05-16","Egypt","(not set)",6,6
"2025-05-16","Mexico","(not set)",5,5
"2025-05-16","Indonesia","(not set)",4,4
"2025-05-16","Algeria","(not set)",2,2
"2025-05-16","Bangladesh","(not set)",2,2
"2025-05-16","Germany","(not set)",2,2
"2025-05-16","India","(not set)",2,2
"2025-05-16","Jordan","(not set)",2,2
"2025-05-16","Argentina","(not set)",1,1
"2025-05-16","Australia","(not set)",1,1
"2025-05-16","Azerbaijan","(not set)",1,1
"2025-05-16","Canada","(not set)",1,1
"2025-05-16","Colombia","(not set)",1,1
"2025-05-16","Ecuador","(not set)",1,1
"2025-05-16","Iran","(not set)",1,1
"2025-05-16","Israel","(not set)",1,1
"2025-05-16","Madagascar","(not set)",1,1
"2025-05-16","Morocco","(not set)",1,1
"2025-05-16","South Africa","(not set)",1,1
"2025-05-16","South Korea","(not set)",1,1
"2025-05-16","Sudan","(not set)",1,1
"2025-05-16","United Arab Emirates","(not set)",1,1
"2025-05-16","United Kingdom","(not set)",1,1
"2025-05-16","Vietnam","(not set)",1,1
"2025-05-17","Brazil","(not set)",1459,1443
"2025-05-17","United States","(not set)",32,32
"2025-05-17","Egypt","(not set)",8,8
"2025-05-17","Indonesia","(not set)",7,6
"2025-05-17","India","(not set)",6,6
"2025-05-17","Iran","(not set)",3,3
"2025-05-17","Mexico","(not set)",3,3
"2025-05-17","Colombia","(not set)",2,2
"2025-05-17","Jordan","(not set)",2,2
"2025-05-17","Philippines","(not set)",2,2
"2025-05-17","Ukraine","(not set)",2,2
"2025-05-17","United Arab Emirates","(not set)",2,2
"2025-05-17","(not set)","(not set)",1,1
"2025-05-17","Algeria","(not set)",1,1
"2025-05-17","Argentina","(not set)",1,1
"2025-05-17","Bahamas","(not set)",1,1
"2025-05-17","Bangladesh","(not set)",1,1
"2025-05-17","Bolivia","(not set)",1,1
"2025-05-17","Canada","(not set)",1,1
"2025-05-17","Germany","(not set)",1,1
"2025-05-17","Hungary","(not set)",1,1
"2025-05-17","Paraguay","(not set)",1,1
"2025-05-17","Portugal","(not set)",1,1
"2025-05-17","Syria","(not set)",1,1
"2025-05-17","Türkiye","(not set)",1,1
"2025-05-17","Vietnam","(not set)",1,1
"2025-05-18","Brazil","(not set)",1678,1658
"2025-05-18","United States","(not set)",41,39
"2025-05-18","Egypt","(not set)",9,9
"2025-05-18","Indonesia","(not set)",7,7
"2025-05-18","Iran","(not set)",4,4
"2025-05-18","Algeria","(not set)",3,3
"2025-05-18","(not set)","(not set)",2,2
"2025-05-18","Bangladesh","(not set)",2,2
"2025-05-18","Canada","(not set)",2,2
"2025-05-18","Jordan","(not set)",2,2
"2025-05-18","Paraguay","(not set)",2,2
"2025-05-18","South Korea","(not set)",2,2
"2025-05-18","Tunisia","(not set)",2,2
"2025-05-18","United Kingdom","(not set)",2,2
"2025-05-18","Argentina","(not set)",1,1
"2025-05-18","Colombia","(not set)",1,1
"2025-05-18","France","(not set)",1,1
"2025-05-18","India","(not set)",1,1
"2025-05-18","Iraq","(not set)",1,1
"2025-05-18","Kuwait","(not set)",1,1
"2025-05-18","Mexico","(not set)",1,1
"2025-05-18","Portugal","(not set)",1,1
"2025-05-18","Puerto Rico","(not set)",1,1
"2025-05-18","Saudi Arabia","(not set)",1,1
"2025-05-18","Vietnam","(not set)",1,1
"2025-05-18","Yemen","(not set)",1,1
"2025-05-19","Brazil","(not set)",1306,1283
"2025-05-19","United States","(not set)",43,43
"2025-05-19","(not set)","(not set)",6,6
"2025-05-19","Algeria","(not set)",6,6
"2025-05-19","Egypt","(not set)",6,6
"2025-05-19","Bangladesh","(not set)",5,5
"2025-05-19","Indonesia","(not set)",4,3
"2025-05-19","Philippines","(not set)",3,3
"2025-05-19","Saudi Arabia","(not set)",3,2
"2025-05-19","Mexico","(not set)",2,2
"2025-05-19","United Arab Emirates","(not set)",2,2
"2025-05-19","Angola","(not set)",1,1
"2025-05-19","Belgium","(not set)",1,1
"2025-05-19","France","(not set)",1,1
"2025-05-19","India","(not set)",1,1
"2025-05-19","Iran","(not set)",1,1
"2025-05-19","Italy","(not set)",1,1
"2025-05-19","Jordan","(not set)",1,1
"2025-05-19","Malaysia","(not set)",1,1
"2025-05-19","Morocco","(not set)",1,1
"2025-05-19","Mozambique","(not set)",1,1
"2025-05-19","Puerto Rico","(not set)",1,1
"2025-05-19","Spain","(not set)",1,1
"2025-05-19","Switzerland","(not set)",1,1
"2025-05-19","Syria","(not set)",1,1
"2025-05-19","Venezuela","(not set)",1,1
"2025-05-20","Brazil","(not set)",1265,1252
"2025-05-20","United States","(not set)",33,33
"2025-05-20","India","(not set)",6,5
"2025-05-20","(not set)","(not set)",3,3
"2025-05-20","Egypt","(not set)",3,3
"2025-05-20","Indonesia","(not set)",3,3
"2025-05-20","Bolivia","(not set)",2,2
"2025-05-20","France","(not set)",2,2
"2025-05-20","Iran","(not set)",2,2
"2025-05-20","Mexico","(not set)",2,2
"2025-05-20","Nigeria","(not set)",2,2
"2025-05-20","Saudi Arabia","(not set)",2,2
"2025-05-20","Algeria","(not set)",1,1
"2025-05-20","Argentina","(not set)",1,1
"2025-05-20","Bangladesh","(not set)",1,1
"2025-05-20","Colombia","(not set)",1,1
"2025-05-20","Guatemala","(not set)",1,1
"2025-05-20","Myanmar (Burma)","(not set)",1,1
"2025-05-20","Philippines","(not set)",1,1
"2025-05-20","Qatar","(not set)",1,1
"2025-05-20","South Korea","(not set)",1,1
"2025-05-20","Spain","(not set)",1,1
"2025-05-20","Türkiye","(not set)",1,1
"2025-05-20","Uruguay","(not set)",1,1
"2025-05-20","Yemen","(not set)",1,1
"2025-05-21","Brazil","(not set)",1448,1418
"2025-05-21","United States","(not set)",47,47
"2025-05-21","Indonesia","(not set)",4,4
"2025-05-21","Bangladesh","(not set)",2,2
"2025-05-21","Egypt","(not set)",2,2
"2025-05-21","South Korea","(not set)",2,2
"2025-05-21","Argentina","(not set)",1,1
"2025-05-21","Azerbaijan","(not set)",1,1
"2025-05-21","Bolivia","(not set)",1,1
"2025-05-21","Burkina Faso","(not set)",1,1
"2025-05-21","Canada","(not set)",1,1
"2025-05-21","Colombia","(not set)",1,1
"2025-05-21","India","(not set)",1,1
"2025-05-21","Iran","(not set)",1,1
"2025-05-21","Israel","(not set)",1,1
"2025-05-21","Jordan","(not set)",1,1
"2025-05-21","Mexico","(not set)",1,1
"2025-05-21","Morocco","(not set)",1,1
"2025-05-21","Netherlands","(not set)",1,1
"2025-05-21","New Zealand","(not set)",1,1
"2025-05-21","Peru","(not set)",1,1
"2025-05-21","Philippines","(not set)",1,1
"2025-05-21","Portugal","(not set)",1,1
"2025-05-21","Saudi Arabia","(not set)",1,1
"2025-05-21","Türkiye","(not set)",1,1
"2025-05-21","United Arab Emirates","(not set)",1,1
"2025-05-21","United Kingdom","(not set)",1,1
"2025-05-21","Uzbekistan","(not set)",1,1
"2025-05-22","Brazil","(not set)",1435,1405
"2025-05-22","United States","(not set)",28,28
"2025-05-22","China","(not set)",9,9
"2025-05-22","Egypt","(not set)",7,7
"2025-05-22","Indonesia","(not set)",6,6
"2025-05-22","India","(not set)",4,4
"2025-05-22","Mexico","(not set)",3,3
"2025-05-22","Saudi Arabia","(not set)",3,3
"2025-05-22","Algeria","(not set)",2,2
"2025-05-22","Argentina","(not set)",2,2
"2025-05-22","Australia","(not set)",2,2
"2025-05-22","Bangladesh","(not set)",2,2
"2025-05-22","Chile","(not set)",2,1
"2025-05-22","Iran","(not set)",2,2
"2025-05-22","Malaysia","(not set)",2,2
"2025-05-22","Philippines","(not set)",2,2
"2025-05-22","Bolivia","(not set)",1,1
"2025-05-22","Israel","(not set)",1,1
"2025-05-22","Italy","(not set)",1,1
"2025-05-22","Jordan","(not set)",1,1
"2025-05-22","Netherlands","(not set)",1,1
"2025-05-22","New Zealand","(not set)",1,1
"2025-05-22","Nigeria","(not set)",1,1
"2025-05-22","Pakistan","(not set)",1,1
"2025-05-22","Russia","(not set)",1,1
"2025-05-22","South Africa","(not set)",1,1
"2025-05-22","Syria","(not set)",1,1
"2025-05-22","Thailand","(not set)",1,1
"2025-05-22","United Arab Emirates","(not set)",1,1
"2025-05-22","Vietnam","(not set)",1,1
"2025-05-23","Brazil","(not set)",1441,1387
"2025-05-23","United States","(not set)",32,32
"2025-05-23","Indonesia","(not set)",6,6
"2025-05-23","Iran","(not set)",5,5
"2025-05-23","(not set)","(not set)",4,4
"2025-05-23","Egypt","(not set)",3,3
"2025-05-23","India","(not set)",3,3
"2025-05-23","Argentina","(not set)",2,2
"2025-05-23","Morocco","(not set)",2,2
"2025-05-23","Pakistan","(not set)",2,2
"2025-05-23","Philippines","(not set)",2,2
"2025-05-23","South Korea","(not set)",2,2
"2025-05-23","Canada","(not set)",1,1
"2025-05-23","Chile","(not set)",1,1
"2025-05-23","Italy","(not set)",1,1
"2025-05-23","Jamaica","(not set)",1,1
"2025-05-23","Mexico","(not set)",1,1
"2025-05-23","Paraguay","(not set)",1,1
"2025-05-23","Saudi Arabia","(not set)",1,1
"2025-05-23","Sudan","(not set)",1,1
"2025-05-23","Tajikistan","(not set)",1,1
"2025-05-23","Uganda","(not set)",1,1
"2025-05-23","United Arab Emirates","(not set)",1,1
"2025-05-24","Brazil","(not set)",1616,1595
"2025-05-24","United States","(not set)",42,41
"2025-05-24","Indonesia","(not set)",12,11
"2025-05-24","(not set)","(not set)",7,7
"2025-05-24","Egypt","(not set)",6,6
"2025-05-24","India","(not set)",5,5
"2025-05-24","Iran","(not set)",5,5
"2025-05-24","Mexico","(not set)",3,3
"2025-05-24","South Korea","(not set)",3,3
"2025-05-24","Argentina","(not set)",2,2
"2025-05-24","Morocco","(not set)",2,2
"2025-05-24","Paraguay","(not set)",2,2
"2025-05-24","Algeria","(not set)",1,1
"2025-05-24","Bahrain","(not set)",1,1
"2025-05-24","Bangladesh","(not set)",1,1
"2025-05-24","Bolivia","(not set)",1,1
"2025-05-24","Canada","(not set)",1,1
"2025-05-24","Malaysia","(not set)",1,1
"2025-05-24","Mozambique","(not set)",1,1
"2025-05-24","Netherlands","(not set)",1,1
"2025-05-24","Norway","(not set)",1,1
"2025-05-24","Pakistan","(not set)",1,1
"2025-05-24","Portugal","(not set)",1,1
"2025-05-25","Brazil","(not set)",1950,1923
"2025-05-25","United States","(not set)",39,39
"2025-05-25","Egypt","(not set)",8,8
"2025-05-25","Indonesia","(not set)",7,7
"2025-05-25","(not set)","(not set)",5,5
"2025-05-25","Iran","(not set)",4,4
"2025-05-25","Mexico","(not set)",4,4
"2025-05-25","India","(not set)",2,2
"2025-05-25","Iraq","(not set)",2,2
"2025-05-25","Jordan","(not set)",2,2
"2025-05-25","Morocco","(not set)",2,2
"2025-05-25","Philippines","(not set)",2,2
"2025-05-25","Saudi Arabia","(not set)",2,2
"2025-05-25","South Korea","(not set)",2,2
"2025-05-25","Algeria","(not set)",1,1
"2025-05-25","Bangladesh","(not set)",1,1
"2025-05-25","Canada","(not set)",1,1
"2025-05-25","Chile","(not set)",1,1
"2025-05-25","Dominican Republic","(not set)",1,1
"2025-05-25","Ethiopia","(not set)",1,1
"2025-05-25","France","(not set)",1,1
"2025-05-25","Ghana","(not set)",1,1
"2025-05-25","Israel","(not set)",1,1
"2025-05-25","Netherlands","(not set)",1,1
"2025-05-25","Oman","(not set)",1,1
"2025-05-25","Pakistan","(not set)",1,1
"2025-05-25","Thailand","(not set)",1,1
"2025-05-25","Tunisia","(not set)",1,1
"2025-05-25","United Arab Emirates","(not set)",1,1
"2025-05-25","United Kingdom","(not set)",1,1
"2025-05-25","Yemen","(not set)",1,1
"2025-05-26","Brazil","(not set)",1503,1477
"2025-05-26","United States","(not set)",33,33
"2025-05-26","(not set)","(not set)",15,15
"2025-05-26","India","(not set)",6,5
"2025-05-26","Egypt","(not set)",5,5
"2025-05-26","Algeria","(not set)",2,2
"2025-05-26","Bangladesh","(not set)",2,2
"2025-05-26","Indonesia","(not set)",2,2
"2025-05-26","Iran","(not set)",2,2
"2025-05-26","Mexico","(not set)",2,2
"2025-05-26","Morocco","(not set)",2,2
"2025-05-26","Saudi Arabia","(not set)",2,2
"2025-05-26","Thailand","(not set)",2,2
"2025-05-26","Chile","(not set)",1,1
"2025-05-26","Gabon","(not set)",1,1
"2025-05-26","Jordan","(not set)",1,1
"2025-05-26","Kuwait","(not set)",1,1
"2025-05-26","Myanmar (Burma)","(not set)",1,1
"2025-05-26","Norway","(not set)",1,1
"2025-05-26","Peru","(not set)",1,1
"2025-05-26","Portugal","(not set)",1,1
"2025-05-26","South Africa","(not set)",1,1
"2025-05-27","Brazil","(not set)",1458,1432
"2025-05-27","United States","(not set)",39,38
"2025-05-27","Egypt","(not set)",6,6
"2025-05-27","Mexico","(not set)",5,5
"2025-05-27","Pakistan","(not set)",4,4
"2025-05-27","Bangladesh","(not set)",3,3
"2025-05-27","(not set)","(not set)",2,2
"2025-05-27","India","(not set)",2,2
"2025-05-27","Indonesia","(not set)",2,2
"2025-05-27","Iran","(not set)",2,2
"2025-05-27","Morocco","(not set)",2,2
"2025-05-27","South Korea","(not set)",2,2
"2025-05-27","Vietnam","(not set)",2,2
"2025-05-27","Algeria","(not set)",1,1
"2025-05-27","Argentina","(not set)",1,1
"2025-05-27","Canada","(not set)",1,1
"2025-05-27","Costa Rica","(not set)",1,1
"2025-05-27","Ethiopia","(not set)",1,1
"2025-05-27","Germany","(not set)",1,1
"2025-05-27","Iraq","(not set)",1,1
"2025-05-27","Micronesia","(not set)",1,1
"2025-05-27","New Zealand","(not set)",1,1
"2025-05-27","Philippines","(not set)",1,1
"2025-05-27","Poland","(not set)",1,1
"2025-05-27","Singapore","(not set)",1,1
"2025-05-27","Türkiye","(not set)",1,1
"2025-05-28","Brazil","(not set)",1440,1419
"2025-05-28","United States","(not set)",32,32
"2025-05-28","Indonesia","(not set)",5,5
"2025-05-28","Iran","(not set)",5,5
"2025-05-28","Egypt","(not set)",4,4
"2025-05-28","Algeria","(not set)",3,3
"2025-05-28","Morocco","(not set)",3,3
"2025-05-28","Israel","(not set)",2,2
"2025-05-28","Philippines","(not set)",2,2
"2025-05-28","Portugal","(not set)",2,2
"2025-05-28","Argentina","(not set)",1,1
"2025-05-28","Bangladesh","(not set)",1,1
"2025-05-28","Colombia","(not set)",1,1
"2025-05-28","Denmark","(not set)",1,1
"2025-05-28","India","(not set)",1,1
"2025-05-28","Kuwait","(not set)",1,1
"2025-05-28","Malaysia","(not set)",1,1
"2025-05-28","Romania","(not set)",1,1
"2025-05-28","Saudi Arabia","(not set)",1,1
"2025-05-28","Serbia","(not set)",1,1
"2025-05-28","Türkiye","(not set)",1,1
"2025-05-28","United Arab Emirates","(not set)",1,1
"2025-05-28","Venezuela","(not set)",1,1
"2025-05-28","Vietnam","(not set)",1,1
"2025-05-28","Zimbabwe","(not set)",1,1
"2025-05-29","Brazil","(not set)",1495,1471
"2025-05-29","United States","(not set)",48,48
"2025-05-29","(not set)","(not set)",17,17
"2025-05-29","Egypt","(not set)",17,17
"2025-05-29","Philippines","(not set)",7,7
"2025-05-29","India","(not set)",6,5
"2025-05-29","Saudi Arabia","(not set)",5,5
"2025-05-29","Indonesia","(not set)",4,4
"2025-05-29","Algeria","(not set)",3,3
"2025-05-29","Colombia","(not set)",3,3
"2025-05-29","Iran","(not set)",3,3
"2025-05-29","Ethiopia","(not set)",2,2
"2025-05-29","Guatemala","(not set)",2,2
"2025-05-29","Argentina","(not set)",1,1
"2025-05-29","Bahrain","(not set)",1,1
"2025-05-29","Bolivia","(not set)",1,1
"2025-05-29","Costa Rica","(not set)",1,1
"2025-05-29","Cuba","(not set)",1,1
"2025-05-29","Dominican Republic","(not set)",1,1
"2025-05-29","France","(not set)",1,1
"2025-05-29","Guyana","(not set)",1,1
"2025-05-29","Malaysia","(not set)",1,1
"2025-05-29","Mexico","(not set)",1,1
"2025-05-29","Pakistan","(not set)",1,1
"2025-05-29","Portugal","(not set)",1,1
"2025-05-29","Spain","(not set)",1,1
"2025-05-29","Sudan","(not set)",1,1
"2025-05-29","United Arab Emirates","(not set)",1,1
"2025-05-30","Brazil","(not set)",1364,1344
"2025-05-30","United States","(not set)",32,32
"2025-05-30","Egypt","(not set)",16,16
"2025-05-30","(not set)","(not set)",5,5
"2025-05-30","Bangladesh","(not set)",5,5
"2025-05-30","Indonesia","(not set)",4,4
"2025-05-30","Iran","(not set)",4,4
"2025-05-30","Saudi Arabia","(not set)",4,3
"2025-05-30","Mexico","(not set)",3,3
"2025-05-30","Jordan","(not set)",2,2
"2025-05-30","Portugal","(not set)",2,2
"2025-05-30","Algeria","(not set)",1,1
"2025-05-30","Angola","(not set)",1,1
"2025-05-30","Burkina Faso","(not set)",1,1
"2025-05-30","Colombia","(not set)",1,1
"2025-05-30","Ecuador","(not set)",1,1
"2025-05-30","France","(not set)",1,1
"2025-05-30","Kuwait","(not set)",1,1
"2025-05-30","Kyrgyzstan","(not set)",1,1
"2025-05-30","Morocco","(not set)",1,1
"2025-05-30","Panama","(not set)",1,1
"2025-05-30","Paraguay","(not set)",1,1
"2025-05-30","Syria","(not set)",1,1
"2025-05-30","Tunisia","(not set)",1,1
"2025-05-30","Türkiye","(not set)",1,1
"2025-05-30","United Arab Emirates","(not set)",1,1
"2025-05-30","United Kingdom","(not set)",1,1
"2025-05-30","Uruguay","(not set)",1,1
"2025-05-31","Brazil","(not set)",1589,1571
"2025-05-31","United States","(not set)",35,34
"2025-05-31","Egypt","(not set)",15,15
"2025-05-31","Indonesia","(not set)",5,5
"2025-05-31","Bangladesh","(not set)",4,4
"2025-05-31","Saudi Arabia","(not set)",4,4
"2025-05-31","South Korea","(not set)",4,4
"2025-05-31","Algeria","(not set)",3,3
"2025-05-31","Mexico","(not set)",3,3
"2025-05-31","India","(not set)",2,2
"2025-05-31","Iran","(not set)",2,2
"2025-05-31","Malaysia","(not set)",2,2
"2025-05-31","Philippines","(not set)",2,2
"2025-05-31","Tunisia","(not set)",2,2
"2025-05-31","Angola","(not set)",1,1
"2025-05-31","Australia","(not set)",1,1
"2025-05-31","Bolivia","(not set)",1,1
"2025-05-31","Chile","(not set)",1,1
"2025-05-31","Cuba","(not set)",1,1
"2025-05-31","Honduras","(not set)",1,1
"2025-05-31","Israel","(not set)",1,1
"2025-05-31","Japan","(not set)",1,1
"2025-05-31","Morocco","(not set)",1,1
"2025-05-31","Netherlands","(not set)",1,1
"2025-05-31","Thailand","(not set)",1,1
"2025-05-31","United Arab Emirates","(not set)",1,1
"2025-05-31","United Kingdom","(not set)",1,1
"2025-05-31","Uruguay","(not set)",1,1
"2025-05-31","Yemen","(not set)",1,1
"2025-06-01","Brazil","(not set)",1880,1858
"2025-06-01","United States","(not set)",35,34
"2025-06-01","Egypt","(not set)",14,14
"2025-06-01","Mexico","(not set)",8,8
"2025-06-01","Indonesia","(not set)",5,4
"2025-06-01","Bangladesh","(not set)",3,3
"2025-06-01","Saudi Arabia","(not set)",3,3
"2025-06-01","South Korea","(not set)",3,3
"2025-06-01","Algeria","(not set)",2,2
"2025-06-01","India","(not set)",2,2
"2025-06-01","Philippines","(not set)",2,2
"2025-06-01","United Kingdom","(not set)",2,2
"2025-06-01","Vietnam","(not set)",2,2
"2025-06-01","Argentina","(not set)",1,1
"2025-06-01","Australia","(not set)",1,1
"2025-06-01","Bolivia","(not set)",1,1
"2025-06-01","Colombia","(not set)",1,1
"2025-06-01","Germany","(not set)",1,1
"2025-06-01","Honduras","(not set)",1,1
"2025-06-01","Iran","(not set)",1,1
"2025-06-01","Malaysia","(not set)",1,1
"2025-06-01","Morocco","(not set)",1,1
"2025-06-01","New Zealand","(not set)",1,1
"2025-06-01","Pakistan","(not set)",1,1
"2025-06-01","Portugal","(not set)",1,1
"2025-06-01","Spain","(not set)",1,1
"2025-06-01","Sudan","(not set)",1,1
"2025-06-01","Türkiye","(not set)",1,1
"2025-06-01","Uganda","(not set)",1,1
"2025-06-02","Brazil","(not set)",1408,1392
"2025-06-02","United States","(not set)",41,41
"2025-06-02","(not set)","(not set)",12,12
"2025-06-02","Algeria","(not set)",6,6
"2025-06-02","Indonesia","(not set)",5,5
"2025-06-02","Egypt","(not set)",3,3
"2025-06-02","Saudi Arabia","(not set)",3,3
"2025-06-02","Bangladesh","(not set)",2,2
"2025-06-02","Chile","(not set)",2,2
"2025-06-02","India","(not set)",2,2
"2025-06-02","Iran","(not set)",2,2
"2025-06-02","Philippines","(not set)",2,2
"2025-06-02","Argentina","(not set)",1,1
"2025-06-02","Bolivia","(not set)",1,1
"2025-06-02","Canada","(not set)",1,1
"2025-06-02","Colombia","(not set)",1,1
"2025-06-02","Ireland","(not set)",1,1
"2025-06-02","Israel","(not set)",1,1
"2025-06-02","Italy","(not set)",1,1
"2025-06-02","Jordan","(not set)",1,1
"2025-06-02","Malaysia","(not set)",1,1
"2025-06-02","Mexico","(not set)",1,1
"2025-06-02","Pakistan","(not set)",1,1
"2025-06-02","Palestine","(not set)",1,1
"2025-06-02","Peru","(not set)",1,1
"2025-06-02","Türkiye","(not set)",1,1
"2025-06-02","United Arab Emirates","(not set)",1,1
"2025-06-02","United Kingdom","(not set)",1,1
"2025-06-02","Vietnam","(not set)",1,1
"2025-06-03","Brazil","(not set)",1175,1161
"2025-06-03","United States","(not set)",37,36
"2025-06-03","(not set)","(not set)",13,11
"2025-06-03","Egypt","(not set)",7,7
"2025-06-03","Bangladesh","(not set)",4,2
"2025-06-03","Indonesia","(not set)",3,3
"2025-06-03","Jordan","(not set)",3,3
"2025-06-03","South Korea","(not set)",3,3
"2025-06-03","India","(not set)",2,2
"2025-06-03","Israel","(not set)",2,2
"2025-06-03","Morocco","(not set)",2,2
"2025-06-03","Philippines","(not set)",2,2
"2025-06-03","Türkiye","(not set)",2,2
"2025-06-03","Algeria","(not set)",1,1
"2025-06-03","Argentina","(not set)",1,1
"2025-06-03","China","(not set)",1,1
"2025-06-03","El Salvador","(not set)",1,1
"2025-06-03","France","(not set)",1,1
"2025-06-03","Ghana","(not set)",1,1
"2025-06-03","Iran","(not set)",1,1
"2025-06-03","Netherlands","(not set)",1,1
"2025-06-03","Peru","(not set)",1,1
"2025-06-03","Puerto Rico","(not set)",1,1
"2025-06-03","Senegal","(not set)",1,1
"2025-06-03","South Africa","(not set)",1,1
"2025-06-03","United Kingdom","(not set)",1,1
"2025-06-03","Venezuela","(not set)",1,1
"2025-06-04","Brazil","(not set)",1175,1154
"2025-06-04","United States","(not set)",39,36
"2025-06-04","(not set)","(not set)",7,7
"2025-06-04","Mexico","(not set)",6,6
"2025-06-04","Bangladesh","(not set)",4,4
"2025-06-04","Indonesia","(not set)",4,4
"2025-06-04","Colombia","(not set)",2,1
"2025-06-04","Egypt","(not set)",2,2
"2025-06-04","France","(not set)",2,1
"2025-06-04","Germany","(not set)",2,2
"2025-06-04","India","(not set)",2,2
"2025-06-04","Tunisia","(not set)",2,1
"2025-06-04","Vietnam","(not set)",2,2
"2025-06-04","Algeria","(not set)",1,1
"2025-06-04","Angola","(not set)",1,1
"2025-06-04","Bermuda","(not set)",1,1
"2025-06-04","Chile","(not set)",1,1
"2025-06-04","Iran","(not set)",1,1
"2025-06-04","Jordan","(not set)",1,1
"2025-06-04","Pakistan","(not set)",1,1
"2025-06-04","Philippines","(not set)",1,1
"2025-06-04","Qatar","(not set)",1,1
"2025-06-04","Saudi Arabia","(not set)",1,1
"2025-06-04","South Korea","(not set)",1,1
"2025-06-04","Sri Lanka","(not set)",1,1
"2025-06-04","São Tomé & Príncipe","(not set)",1,1
"2025-06-04","Türkiye","(not set)",1,1
"2025-06-04","Uganda","(not set)",1,1
"2025-06-04","United Kingdom","(not set)",1,1
"2025-06-05","Brazil","(not set)",1183,1166
"2025-06-05","United States","(not set)",31,31
"2025-06-05","(not set)","(not set)",9,9
"2025-06-05","Egypt","(not set)",9,9
"2025-06-05","India","(not set)",6,5
"2025-06-05","Mexico","(not set)",5,5
"2025-06-05","Argentina","(not set)",4,4
"2025-06-05","Indonesia","(not set)",4,4
"2025-06-05","Iran","(not set)",4,4
"2025-06-05","Bangladesh","(not set)",3,3
"2025-06-05","Colombia","(not set)",3,2
"2025-06-05","Myanmar (Burma)","(not set)",2,2
"2025-06-05","Philippines","(not set)",2,1
"2025-06-05","Saudi Arabia","(not set)",2,2
"2025-06-05","Algeria","(not set)",1,1
"2025-06-05","Ecuador","(not set)",1,1
"2025-06-05","Italy","(not set)",1,1
"2025-06-05","Jordan","(not set)",1,1
"2025-06-05","Kuwait","(not set)",1,1
"2025-06-05","Morocco","(not set)",1,1
"2025-06-05","Nigeria","(not set)",1,1
"2025-06-05","Portugal","(not set)",1,1
"2025-06-05","South Korea","(not set)",1,1
"2025-06-05","Spain","(not set)",1,1
"2025-06-05","Uganda","(not set)",1,1
"2025-06-05","Venezuela","(not set)",1,1
"2025-06-05","Zimbabwe","(not set)",1,1
"2025-06-06","Brazil","(not set)",1103,1087
"2025-06-06","United States","(not set)",41,41
"2025-06-06","Indonesia","(not set)",4,3
"2025-06-06","Iran","(not set)",3,3
"2025-06-06","Mexico","(not set)",3,3
"2025-06-06","Egypt","(not set)",2,2
"2025-06-06","Netherlands","(not set)",2,2
"2025-06-06","Algeria","(not set)",1,1
"2025-06-06","Colombia","(not set)",1,1
"2025-06-06","Côte d’Ivoire","(not set)",1,1
"2025-06-06","Germany","(not set)",1,1
"2025-06-06","India","(not set)",1,1
"2025-06-06","Israel","(not set)",1,1
"2025-06-06","Jordan","(not set)",1,1
"2025-06-06","Nicaragua","(not set)",1,1
"2025-06-06","Pakistan","(not set)",1,1
"2025-06-06","Panama","(not set)",1,1
"2025-06-06","Paraguay","(not set)",1,1
"2025-06-06","Türkiye","(not set)",1,1
"2025-06-06","Venezuela","(not set)",1,1
"2025-06-07","Brazil","(not set)",1255,1239
"2025-06-07","United States","(not set)",44,44
"2025-06-07","Indonesia","(not set)",6,5
"2025-06-07","Egypt","(not set)",5,5
"2025-06-07","South Korea","(not set)",5,5
"2025-06-07","Iran","(not set)",3,3
"2025-06-07","Algeria","(not set)",2,2
"2025-06-07","Mexico","(not set)",2,2
"2025-06-07","Philippines","(not set)",2,2
"2025-06-07","Saudi Arabia","(not set)",2,2
"2025-06-07","Argentina","(not set)",1,1
"2025-06-07","Bangladesh","(not set)",1,1
"2025-06-07","Bolivia","(not set)",1,1
"2025-06-07","Canada","(not set)",1,1
"2025-06-07","Ecuador","(not set)",1,1
"2025-06-07","Ethiopia","(not set)",1,1
"2025-06-07","France","(not set)",1,1
"2025-06-07","Israel","(not set)",1,1
"2025-06-07","Morocco","(not set)",1,1
"2025-06-07","Mozambique","(not set)",1,1
"2025-06-07","Oman","(not set)",1,1
"2025-06-07","Portugal","(not set)",1,1
"2025-06-07","Syria","(not set)",1,1
"2025-06-07","Uganda","(not set)",1,1
"2025-06-08","Brazil","(not set)",1344,1328
"2025-06-08","United States","(not set)",42,41
"2025-06-08","Egypt","(not set)",10,9
"2025-06-08","Mexico","(not set)",8,8
"2025-06-08","Indonesia","(not set)",5,5
"2025-06-08","Iran","(not set)",5,4
"2025-06-08","(not set)","(not set)",4,4
"2025-06-08","Saudi Arabia","(not set)",3,3
"2025-06-08","Algeria","(not set)",2,2
"2025-06-08","Argentina","(not set)",2,2
"2025-06-08","Bangladesh","(not set)",2,2
"2025-06-08","Canada","(not set)",2,2
"2025-06-08","Iraq","(not set)",2,2
"2025-06-08","Pakistan","(not set)",2,2
"2025-06-08","Paraguay","(not set)",2,2
"2025-06-08","South Africa","(not set)",2,2
"2025-06-08","South Korea","(not set)",2,2
"2025-06-08","Syria","(not set)",2,2
"2025-06-08","Tunisia","(not set)",2,2
"2025-06-08","Cameroon","(not set)",1,1
"2025-06-08","Colombia","(not set)",1,1
"2025-06-08","France","(not set)",1,1
"2025-06-08","Germany","(not set)",1,1
"2025-06-08","India","(not set)",1,1
"2025-06-08","Ireland","(not set)",1,1
"2025-06-08","Jordan","(not set)",1,1
"2025-06-08","Morocco","(not set)",1,1
"2025-06-08","Mozambique","(not set)",1,1
"2025-06-08","Nigeria","(not set)",1,1
"2025-06-08","Philippines","(not set)",1,1
"2025-06-08","Portugal","(not set)",1,1
"2025-06-08","Puerto Rico","(not set)",1,1
"2025-06-08","Türkiye","(not set)",1,1
"2025-06-08","Uganda","(not set)",1,1
"2025-06-08","United Kingdom","(not set)",1,1
"2025-06-08","Venezuela","(not set)",1,1
"2025-06-09","Brazil","(not set)",962,949
"2025-06-09","United States","(not set)",36,34
"2025-06-09","(not set)","(not set)",7,6
"2025-06-09","China","(not set)",5,5
"2025-06-09","Algeria","(not set)",4,4
"2025-06-09","Egypt","(not set)",4,4
"2025-06-09","Iran","(not set)",4,4
"2025-06-09","Mexico","(not set)",3,3
"2025-06-09","Germany","(not set)",2,1
"2025-06-09","Saudi Arabia","(not set)",2,2
"2025-06-09","Tunisia","(not set)",2,2
"2025-06-09","Argentina","(not set)",1,1
"2025-06-09","Bangladesh","(not set)",1,1
"2025-06-09","Chile","(not set)",1,1
"2025-06-09","Indonesia","(not set)",1,1
"2025-06-09","Israel","(not set)",1,1
"2025-06-09","Japan","(not set)",1,1
"2025-06-09","Jordan","(not set)",1,1
"2025-06-09","Malaysia","(not set)",1,1
"2025-06-09","Morocco","(not set)",1,1
"2025-06-09","New Zealand","(not set)",1,1
"2025-06-09","Oman","(not set)",1,1
"2025-06-09","Pakistan","(not set)",1,1
"2025-06-09","Philippines","(not set)",1,1
"2025-06-09","Puerto Rico","(not set)",1,1
"2025-06-09","Syria","(not set)",1,1
"2025-06-10","Brazil","(not set)",985,971
"2025-06-10","United States","(not set)",24,24
"2025-06-10","(not set)","(not set)",13,12
"2025-06-10","Egypt","(not set)",11,11
"2025-06-10","Mexico","(not set)",5,5
"2025-06-10","China","(not set)",3,3
"2025-06-10","Indonesia","(not set)",3,3
"2025-06-10","Jordan","(not set)",3,3
"2025-06-10","United Kingdom","(not set)",3,3
"2025-06-10","Algeria","(not set)",2,2
"2025-06-10","Bangladesh","(not set)",2,2
"2025-06-10","Dominican Republic","(not set)",2,1
"2025-06-10","India","(not set)",2,2
"2025-06-10","Paraguay","(not set)",2,2
"2025-06-10","Angola","(not set)",1,1
"2025-06-10","Argentina","(not set)",1,1
"2025-06-10","Chile","(not set)",1,1
"2025-06-10","Colombia","(not set)",1,1
"2025-06-10","France","(not set)",1,1
"2025-06-10","Iran","(not set)",1,1
"2025-06-10","Morocco","(not set)",1,1
"2025-06-10","Nigeria","(not set)",1,1
"2025-06-10","Puerto Rico","(not set)",1,1
"2025-06-10","Saudi Arabia","(not set)",1,1
"2025-06-10","Serbia","(not set)",1,1
"2025-06-10","Spain","(not set)",1,1
"2025-06-10","Türkiye","(not set)",1,1
"2025-06-11","Brazil","(not set)",993,977
"2025-06-11","United States","(not set)",43,42
"2025-06-11","Egypt","(not set)",8,8
"2025-06-11","Algeria","(not set)",3,3
"2025-06-11","Germany","(not set)",3,3
"2025-06-11","Saudi Arabia","(not set)",3,3
"2025-06-11","Bangladesh","(not set)",2,2
"2025-06-11","Indonesia","(not set)",2,2
"2025-06-11","Mexico","(not set)",2,2
"2025-06-11","Morocco","(not set)",2,2
"2025-06-11","China","(not set)",1,1
"2025-06-11","India","(not set)",1,1
"2025-06-11","Israel","(not set)",1,1
"2025-06-11","Philippines","(not set)",1,1
"2025-06-11","Puerto Rico","(not set)",1,1
"2025-06-11","Türkiye","(not set)",1,1
"2025-06-12","Brazil","(not set)",942,927
"2025-06-12","United States","(not set)",47,46
"2025-06-12","India","(not set)",8,8
"2025-06-12","Egypt","(not set)",7,7
"2025-06-12","Saudi Arabia","(not set)",3,3
"2025-06-12","South Korea","(not set)",3,3
"2025-06-12","Iran","(not set)",2,2
"2025-06-12","Jordan","(not set)",2,2
"2025-06-12","Puerto Rico","(not set)",2,2
"2025-06-12","Algeria","(not set)",1,1
"2025-06-12","Bangladesh","(not set)",1,1
"2025-06-12","Botswana","(not set)",1,1
"2025-06-12","France","(not set)",1,1
"2025-06-12","Germany","(not set)",1,1
"2025-06-12","Indonesia","(not set)",1,1
"2025-06-12","Kazakhstan","(not set)",1,1
"2025-06-12","Liberia","(not set)",1,1
"2025-06-12","Mexico","(not set)",1,1
"2025-06-12","Netherlands","(not set)",1,1
"2025-06-12","Nigeria","(not set)",1,1
"2025-06-12","Serbia","(not set)",1,1
"2025-06-12","Türkiye","(not set)",1,1
"2025-06-12","United Arab Emirates","(not set)",1,1
"2025-06-12","United Kingdom","(not set)",1,1
"2025-06-13","Brazil","(not set)",1064,1033
"2025-06-13","United States","(not set)",44,44
"2025-06-13","(not set)","(not set)",24,24
"2025-06-13","India","(not set)",9,8
"2025-06-13","Egypt","(not set)",6,6
"2025-06-13","Iran","(not set)",4,3
"2025-06-13","Mexico","(not set)",4,4
"2025-06-13","China","(not set)",3,3
"2025-06-13","Indonesia","(not set)",3,3
"2025-06-13","Paraguay","(not set)",3,1
"2025-06-13","Bangladesh","(not set)",2,2
"2025-06-13","Chile","(not set)",2,2
"2025-06-13","Jordan","(not set)",2,2
"2025-06-13","Mozambique","(not set)",2,1
"2025-06-13","Russia","(not set)",2,2
"2025-06-13","United Kingdom","(not set)",2,2
"2025-06-13","Algeria","(not set)",1,1
"2025-06-13","Argentina","(not set)",1,1
"2025-06-13","Canada","(not set)",1,1
"2025-06-13","Curaçao","(not set)",1,1
"2025-06-13","Israel","(not set)",1,1
"2025-06-13","Nigeria","(not set)",1,1
"2025-06-13","Norway","(not set)",1,1
"2025-06-13","Portugal","(not set)",1,1
"2025-06-13","Puerto Rico","(not set)",1,1
"2025-06-13","Saudi Arabia","(not set)",1,1
"2025-06-13","South Korea","(not set)",1,1
"2025-06-13","Sudan","(not set)",1,1
"2025-06-13","Syria","(not set)",1,1
"2025-06-13","Vietnam","(not set)",1,1
"2025-06-14","Brazil","(not set)",1251,1231
"2025-06-14","United States","(not set)",37,37
"2025-06-14","Iran","(not set)",10,10
"2025-06-14","Egypt","(not set)",8,8
"2025-06-14","Indonesia","(not set)",5,5
"2025-06-14","Argentina","(not set)",3,3
"2025-06-14","Israel","(not set)",3,3
"2025-06-14","South Korea","(not set)",3,3
"2025-06-14","Bangladesh","(not set)",2,2
"2025-06-14","Colombia","(not set)",2,2
"2025-06-14","India","(not set)",2,2
"2025-06-14","Pakistan","(not set)",2,2
"2025-06-14","Saudi Arabia","(not set)",2,2
"2025-06-14","Syria","(not set)",2,2
"2025-06-14","Tunisia","(not set)",2,2
"2025-06-14","(not set)","(not set)",1,1
"2025-06-14","Bolivia","(not set)",1,1
"2025-06-14","Chile","(not set)",1,1
"2025-06-14","France","(not set)",1,1
"2025-06-14","Iraq","(not set)",1,1
"2025-06-14","Libya","(not set)",1,1
"2025-06-14","Mexico","(not set)",1,1
"2025-06-14","Netherlands","(not set)",1,1
"2025-06-14","Philippines","(not set)",1,1
"2025-06-14","Senegal","(not set)",1,1
"2025-06-14","Serbia","(not set)",1,1
"2025-06-14","Türkiye","(not set)",1,1
"2025-06-14","Ukraine","(not set)",1,1
"2025-06-14","United Arab Emirates","(not set)",1,1
"2025-06-14","United Kingdom","(not set)",1,1
"2025-06-15","Brazil","(not set)",1369,1346
"2025-06-15","United States","(not set)",28,28
"2025-06-15","Iran","(not set)",13,13
"2025-06-15","Egypt","(not set)",6,6
"2025-06-15","India","(not set)",6,5
"2025-06-15","Algeria","(not set)",4,4
"2025-06-15","Bangladesh","(not set)",4,4
"2025-06-15","South Korea","(not set)",3,3
"2025-06-15","Guatemala","(not set)",2,2
"2025-06-15","Mexico","(not set)",2,2
"2025-06-15","Netherlands","(not set)",2,2
"2025-06-15","Türkiye","(not set)",2,2
"2025-06-15","Vietnam","(not set)",2,2
"2025-06-15","Angola","(not set)",1,1
"2025-06-15","Canada","(not set)",1,1
"2025-06-15","Indonesia","(not set)",1,1
"2025-06-15","Israel","(not set)",1,1
"2025-06-15","Morocco","(not set)",1,1
"2025-06-15","Pakistan","(not set)",1,1
"2025-06-15","Peru","(not set)",1,1
"2025-06-15","Portugal","(not set)",1,1
"2025-06-15","Puerto Rico","(not set)",1,1
"2025-06-15","Qatar","(not set)",1,1
"2025-06-15","Saudi Arabia","(not set)",1,1
"2025-06-15","South Africa","(not set)",1,1
"2025-06-15","Tunisia","(not set)",1,1
"2025-06-15","United Kingdom","(not set)",1,1
"2025-06-16","Brazil","(not set)",1148,1134
"2025-06-16","United States","(not set)",38,38
"2025-06-16","Egypt","(not set)",13,13
"2025-06-16","(not set)","(not set)",6,6
"2025-06-16","Mexico","(not set)",5,5
"2025-06-16","Algeria","(not set)",4,3
"2025-06-16","Iran","(not set)",4,4
"2025-06-16","Bangladesh","(not set)",2,2
"2025-06-16","Canada","(not set)",2,2
"2025-06-16","India","(not set)",2,2
"2025-06-16","Indonesia","(not set)",2,2
"2025-06-16","Jordan","(not set)",2,2
"2025-06-16","Portugal","(not set)",2,2
"2025-06-16","Costa Rica","(not set)",1,1
"2025-06-16","Israel","(not set)",1,1
"2025-06-16","Morocco","(not set)",1,1
"2025-06-16","Nigeria","(not set)",1,1
"2025-06-16","Philippines","(not set)",1,1
"2025-06-16","Serbia","(not set)",1,1
"2025-06-16","Syria","(not set)",1,1
"2025-06-16","United Arab Emirates","(not set)",1,1
"2025-06-16","United Kingdom","(not set)",1,1
"2025-06-16","Vietnam","(not set)",1,1
"2025-06-17","Brazil","(not set)",1159,1146
"2025-06-17","United States","(not set)",44,43
"2025-06-17","(not set)","(not set)",20,20
"2025-06-17","Iran","(not set)",10,10
"2025-06-17","Algeria","(not set)",5,4
"2025-06-17","Egypt","(not set)",4,4
"2025-06-17","India","(not set)",3,3
"2025-06-17","Indonesia","(not set)",3,3
"2025-06-17","Mexico","(not set)",3,3
"2025-06-17","South Korea","(not set)",3,3
"2025-06-17","United Kingdom","(not set)",3,3
"2025-06-17","Israel","(not set)",2,2
"2025-06-17","Portugal","(not set)",2,2
"2025-06-17","Saudi Arabia","(not set)",2,2
"2025-06-17","Chile","(not set)",1,1
"2025-06-17","Croatia","(not set)",1,1
"2025-06-17","Cuba","(not set)",1,1
"2025-06-17","France","(not set)",1,1
"2025-06-17","Italy","(not set)",1,1
"2025-06-17","Jordan","(not set)",1,1
"2025-06-17","Morocco","(not set)",1,1
"2025-06-17","Mozambique","(not set)",1,1
"2025-06-17","Niger","(not set)",1,1
"2025-06-17","Philippines","(not set)",1,1
"2025-06-17","Qatar","(not set)",1,1
"2025-06-17","Russia","(not set)",1,1
"2025-06-17","Türkiye","(not set)",1,1
"2025-06-18","Brazil","(not set)",1167,1146
"2025-06-18","United States","(not set)",37,36
"2025-06-18","Bangladesh","(not set)",3,3
"2025-06-18","Algeria","(not set)",2,2
"2025-06-18","India","(not set)",2,2
"2025-06-18","Indonesia","(not set)",2,2
"2025-06-18","Iran","(not set)",2,2
"2025-06-18","Morocco","(not set)",2,1
"2025-06-18","Philippines","(not set)",2,2
"2025-06-18","(not set)","(not set)",1,1
"2025-06-18","Afghanistan","(not set)",1,1
"2025-06-18","Argentina","(not set)",1,1
"2025-06-18","Belgium","(not set)",1,1
"2025-06-18","Bolivia","(not set)",1,1
"2025-06-18","Chile","(not set)",1,1
"2025-06-18","Colombia","(not set)",1,1
"2025-06-18","Egypt","(not set)",1,1
"2025-06-18","Jordan","(not set)",1,1
"2025-06-18","Malaysia","(not set)",1,1
"2025-06-18","Mexico","(not set)",1,1
"2025-06-18","Nepal","(not set)",1,1
"2025-06-18","Pakistan","(not set)",1,1
"2025-06-18","Peru","(not set)",1,1
"2025-06-18","Saudi Arabia","(not set)",1,1
"2025-06-18","Thailand","(not set)",1,1
"2025-06-18","Uganda","(not set)",1,1
"2025-06-18","United Arab Emirates","(not set)",1,1
"2025-06-19","Brazil","(not set)",1459,1420
"2025-06-19","United States","(not set)",46,46
"2025-06-19","(not set)","(not set)",31,31
"2025-06-19","India","(not set)",8,8
"2025-06-19","Egypt","(not set)",4,4
"2025-06-19","Bangladesh","(not set)",3,3
"2025-06-19","Algeria","(not set)",2,2
"2025-06-19","Indonesia","(not set)",2,2
"2025-06-19","Mexico","(not set)",2,2
"2025-06-19","Saudi Arabia","(not set)",2,2
"2025-06-19","South Korea","(not set)",2,2
"2025-06-19","Argentina","(not set)",1,1
"2025-06-19","Canada","(not set)",1,1
"2025-06-19","Colombia","(not set)",1,1
"2025-06-19","Ecuador","(not set)",1,1
"2025-06-19","France","(not set)",1,1
"2025-06-19","Germany","(not set)",1,1
"2025-06-19","Guinea-Bissau","(not set)",1,1
"2025-06-19","Israel","(not set)",1,1
"2025-06-19","Jordan","(not set)",1,1
"2025-06-19","Madagascar","(not set)",1,1
"2025-06-19","Malaysia","(not set)",1,1
"2025-06-19","Morocco","(not set)",1,1
"2025-06-19","Nigeria","(not set)",1,1
"2025-06-19","Türkiye","(not set)",1,1
"2025-06-19","United Arab Emirates","(not set)",1,1
"2025-06-20","Brazil","(not set)",1275,1238
"2025-06-20","United States","(not set)",38,38
"2025-06-20","(not set)","(not set)",10,10
"2025-06-20","Egypt","(not set)",5,5
"2025-06-20","India","(not set)",4,4
"2025-06-20","Argentina","(not set)",3,3
"2025-06-20","Indonesia","(not set)",3,3
"2025-06-20","Colombia","(not set)",2,2
"2025-06-20","Mexico","(not set)",2,2
"2025-06-20","Saudi Arabia","(not set)",2,2
"2025-06-20","Algeria","(not set)",1,1
"2025-06-20","Canada","(not set)",1,1
"2025-06-20","Iraq","(not set)",1,1
"2025-06-20","Malaysia","(not set)",1,1
"2025-06-20","Nigeria","(not set)",1,1
"2025-06-20","Russia","(not set)",1,1
"2025-06-20","Serbia","(not set)",1,1
"2025-06-20","United Kingdom","(not set)",1,1
"2025-06-21","Brazil","(not set)",1382,1368
"2025-06-21","United States","(not set)",41,41
"2025-06-21","Egypt","(not set)",6,6
"2025-06-21","Algeria","(not set)",4,4
"2025-06-21","South Korea","(not set)",3,3
"2025-06-21","Bangladesh","(not set)",2,2
"2025-06-21","India","(not set)",2,2
"2025-06-21","Paraguay","(not set)",2,2
"2025-06-21","Argentina","(not set)",1,1
"2025-06-21","Bolivia","(not set)",1,1
"2025-06-21","Colombia","(not set)",1,1
"2025-06-21","Ecuador","(not set)",1,1
"2025-06-21","El Salvador","(not set)",1,1
"2025-06-21","Indonesia","(not set)",1,1
"2025-06-21","Kazakhstan","(not set)",1,1
"2025-06-21","Malawi","(not set)",1,1
"2025-06-21","Malaysia","(not set)",1,1
"2025-06-21","Mexico","(not set)",1,1
"2025-06-21","Morocco","(not set)",1,1
"2025-06-21","Mozambique","(not set)",1,1
"2025-06-21","Nigeria","(not set)",1,1
"2025-06-21","Panama","(not set)",1,1
"2025-06-21","Peru","(not set)",1,1
"2025-06-21","Philippines","(not set)",1,1
"2025-06-21","Saudi Arabia","(not set)",1,1
"2025-06-21","Serbia","(not set)",1,1
"2025-06-21","Somalia","(not set)",1,1
"2025-06-21","South Africa","(not set)",1,1
"2025-06-21","Thailand","(not set)",1,1
"2025-06-21","Vietnam","(not set)",1,1
"2025-06-22","Brazil","(not set)",1425,1414
"2025-06-22","United States","(not set)",42,42
"2025-06-22","Mexico","(not set)",5,5
"2025-06-22","Egypt","(not set)",3,3
"2025-06-22","India","(not set)",3,3
"2025-06-22","Indonesia","(not set)",2,2
"2025-06-22","Japan","(not set)",2,2
"2025-06-22","Jordan","(not set)",2,2
"2025-06-22","Syria","(not set)",2,2
"2025-06-22","Türkiye","(not set)",2,2
"2025-06-22","Algeria","(not set)",1,1
"2025-06-22","Belgium","(not set)",1,1
"2025-06-22","Canada","(not set)",1,1
"2025-06-22","Colombia","(not set)",1,1
"2025-06-22","Ecuador","(not set)",1,1
"2025-06-22","Iran","(not set)",1,1
"2025-06-22","Iraq","(not set)",1,1
"2025-06-22","Ireland","(not set)",1,1
"2025-06-22","Israel","(not set)",1,1
"2025-06-22","Morocco","(not set)",1,1
"2025-06-22","Netherlands","(not set)",1,1
"2025-06-22","Pakistan","(not set)",1,1
"2025-06-22","Palestine","(not set)",1,1
"2025-06-22","Peru","(not set)",1,1
"2025-06-22","Philippines","(not set)",1,1
"2025-06-22","Puerto Rico","(not set)",1,1
"2025-06-22","Saudi Arabia","(not set)",1,1
"2025-06-22","Ukraine","(not set)",1,1
"2025-06-22","Vietnam","(not set)",1,1
"2025-06-23","Brazil","(not set)",1186,1172
"2025-06-23","United States","(not set)",36,36
"2025-06-23","India","(not set)",6,6
"2025-06-23","Egypt","(not set)",4,4
"2025-06-23","Iran","(not set)",4,4
"2025-06-23","Algeria","(not set)",3,3
"2025-06-23","Indonesia","(not set)",3,3
"2025-06-23","Türkiye","(not set)",3,3
"2025-06-23","Argentina","(not set)",2,1
"2025-06-23","Canada","(not set)",2,2
"2025-06-23","Colombia","(not set)",2,2
"2025-06-23","Morocco","(not set)",2,2
"2025-06-23","Pakistan","(not set)",2,2
"2025-06-23","Afghanistan","(not set)",1,1
"2025-06-23","Bahrain","(not set)",1,1
"2025-06-23","Bangladesh","(not set)",1,1
"2025-06-23","Bolivia","(not set)",1,1
"2025-06-23","Dominican Republic","(not set)",1,1
"2025-06-23","Germany","(not set)",1,1
"2025-06-23","Israel","(not set)",1,1
"2025-06-23","Kenya","(not set)",1,1
"2025-06-23","Mexico","(not set)",1,1
"2025-06-23","Portugal","(not set)",1,1
"2025-06-23","Saudi Arabia","(not set)",1,1
"2025-06-23","Serbia","(not set)",1,1
"2025-06-23","Singapore","(not set)",1,1
"2025-06-23","United Kingdom","(not set)",1,1
"2025-06-24","Brazil","(not set)",1285,1267
"2025-06-24","(not set)","(not set)",66,64
"2025-06-24","United States","(not set)",43,43
"2025-06-24","India","(not set)",4,4
"2025-06-24","Mexico","(not set)",4,4
"2025-06-24","Egypt","(not set)",3,3
"2025-06-24","South Korea","(not set)",3,3
"2025-06-24","United Kingdom","(not set)",3,3
"2025-06-24","Algeria","(not set)",2,2
"2025-06-24","Bangladesh","(not set)",2,2
"2025-06-24","Colombia","(not set)",2,2
"2025-06-24","Indonesia","(not set)",2,2
"2025-06-24","Iran","(not set)",2,2
"2025-06-24","Portugal","(not set)",2,2
"2025-06-24","Argentina","(not set)",1,1
"2025-06-24","China","(not set)",1,1
"2025-06-24","Germany","(not set)",1,1
"2025-06-24","Greece","(not set)",1,1
"2025-06-24","Jordan","(not set)",1,1
"2025-06-24","Kenya","(not set)",1,1
"2025-06-24","Morocco","(not set)",1,1
"2025-06-24","Philippines","(not set)",1,1
"2025-06-24","Saudi Arabia","(not set)",1,1
"2025-06-24","Serbia","(not set)",1,1
"2025-06-24","Türkiye","(not set)",1,1
"2025-06-24","Uruguay","(not set)",1,1
"2025-06-24","Vietnam","(not set)",1,1
"2025-06-24","Zambia","(not set)",1,1
"2025-06-25","Brazil","(not set)",1124,1112
"2025-06-25","United States","(not set)",45,45
"2025-06-25","(not set)","(not set)",15,15
"2025-06-25","China","(not set)",8,8
"2025-06-25","Iran","(not set)",7,7
"2025-06-25","India","(not set)",6,5
"2025-06-25","Egypt","(not set)",5,5
"2025-06-25","Saudi Arabia","(not set)",4,4
"2025-06-25","Bangladesh","(not set)",3,3
"2025-06-25","Indonesia","(not set)",3,3
"2025-06-25","Mexico","(not set)",3,3
"2025-06-25","Algeria","(not set)",2,2
"2025-06-25","Colombia","(not set)",2,2
"2025-06-25","Japan","(not set)",2,2
"2025-06-25","South Korea","(not set)",2,2
"2025-06-25","United Arab Emirates","(not set)",2,2
"2025-06-25","Angola","(not set)",1,1
"2025-06-25","Chile","(not set)",1,1
"2025-06-25","Israel","(not set)",1,1
"2025-06-25","Jamaica","(not set)",1,1
"2025-06-25","Malaysia","(not set)",1,1
"2025-06-25","Morocco","(not set)",1,1
"2025-06-25","Pakistan","(not set)",1,1
"2025-06-25","Paraguay","(not set)",1,1
"2025-06-25","Philippines","(not set)",1,1
"2025-06-25","Portugal","(not set)",1,1
"2025-06-25","Serbia","(not set)",1,1
"2025-06-26","Brazil","(not set)",1163,1149
"2025-06-26","United States","(not set)",43,43
"2025-06-26","(not set)","(not set)",12,12
"2025-06-26","Iran","(not set)",8,8
"2025-06-26","Philippines","(not set)",5,5
"2025-06-26","Morocco","(not set)",4,3
"2025-06-26","Argentina","(not set)",3,3
"2025-06-26","India","(not set)",3,3
"2025-06-26","Egypt","(not set)",2,2
"2025-06-26","Jordan","(not set)",2,2
"2025-06-26","South Korea","(not set)",2,2
"2025-06-26","Türkiye","(not set)",2,2
"2025-06-26","United Kingdom","(not set)",2,2
"2025-06-26","Algeria","(not set)",1,1
"2025-06-26","Colombia","(not set)",1,1
"2025-06-26","Indonesia","(not set)",1,1
"2025-06-26","Kenya","(not set)",1,1
"2025-06-26","Malaysia","(not set)",1,1
"2025-06-26","Mexico","(not set)",1,1
"2025-06-26","Mozambique","(not set)",1,1
"2025-06-26","Oman","(not set)",1,1
"2025-06-26","Pakistan","(not set)",1,1
"2025-06-26","Saudi Arabia","(not set)",1,1
"2025-06-26","Serbia","(not set)",1,1
"2025-06-26","Singapore","(not set)",1,1
"2025-06-26","United Arab Emirates","(not set)",1,1
"2025-06-27","Brazil","(not set)",1120,1108
"2025-06-27","United States","(not set)",43,43
"2025-06-27","Iran","(not set)",9,9
"2025-06-27","India","(not set)",4,4
"2025-06-27","Mexico","(not set)",4,4
"2025-06-27","Indonesia","(not set)",3,3
"2025-06-27","Algeria","(not set)",2,2
"2025-06-27","South Korea","(not set)",2,2
"2025-06-27","Germany","(not set)",1,1
"2025-06-27","Jordan","(not set)",1,1
"2025-06-27","Kuwait","(not set)",1,1
"2025-06-27","Libya","(not set)",1,1
"2025-06-27","Myanmar (Burma)","(not set)",1,1
"2025-06-27","Netherlands","(not set)",1,1
"2025-06-27","Portugal","(not set)",1,1
"2025-06-27","Serbia","(not set)",1,1
"2025-06-27","South Africa","(not set)",1,1
"2025-06-27","Spain","(not set)",1,1
"2025-06-27","United Arab Emirates","(not set)",1,1
"2025-06-28","Brazil","(not set)",1458,1436
"2025-06-28","United States","(not set)",47,45
"2025-06-28","South Korea","(not set)",11,11
"2025-06-28","Iran","(not set)",6,6
"2025-06-28","Egypt","(not set)",5,5
"2025-06-28","Mexico","(not set)",5,5
"2025-06-28","Bangladesh","(not set)",3,3
"2025-06-28","Indonesia","(not set)",3,3
"2025-06-28","Morocco","(not set)",3,3
"2025-06-28","India","(not set)",2,2
"2025-06-28","Saudi Arabia","(not set)",2,2
"2025-06-28","(not set)","(not set)",1,1
"2025-06-28","Algeria","(not set)",1,1
"2025-06-28","Australia","(not set)",1,1
"2025-06-28","Hungary","(not set)",1,1
"2025-06-28","Iraq","(not set)",1,1
"2025-06-28","Japan","(not set)",1,1
"2025-06-28","Netherlands","(not set)",1,1
"2025-06-28","Nigeria","(not set)",1,1
"2025-06-28","Pakistan","(not set)",1,1
"2025-06-28","Peru","(not set)",1,1
"2025-06-28","Philippines","(not set)",1,1
"2025-06-28","Puerto Rico","(not set)",1,1
"2025-06-28","Serbia","(not set)",1,1
"2025-06-28","Sudan","(not set)",1,1
"2025-06-28","Uzbekistan","(not set)",1,1
"2025-06-29","Brazil","(not set)",1583,1556
"2025-06-29","United States","(not set)",44,44
"2025-06-29","Egypt","(not set)",8,8
"2025-06-29","Iran","(not set)",8,8
"2025-06-29","China","(not set)",5,5
"2025-06-29","South Korea","(not set)",4,2
"2025-06-29","Algeria","(not set)",3,3
"2025-06-29","Bangladesh","(not set)",3,3
"2025-06-29","Indonesia","(not set)",3,2
"2025-06-29","Mexico","(not set)",3,3
"2025-06-29","Saudi Arabia","(not set)",3,3
"2025-06-29","(not set)","(not set)",2,2
"2025-06-29","Colombia","(not set)",2,2
"2025-06-29","Portugal","(not set)",2,2
"2025-06-29","Puerto Rico","(not set)",2,2
"2025-06-29","Serbia","(not set)",2,1
"2025-06-29","Afghanistan","(not set)",1,1
"2025-06-29","Chile","(not set)",1,1
"2025-06-29","France","(not set)",1,1
"2025-06-29","Israel","(not set)",1,1
"2025-06-29","Japan","(not set)",1,1
"2025-06-29","Morocco","(not set)",1,1
"2025-06-29","Nigeria","(not set)",1,1
"2025-06-29","Peru","(not set)",1,1
"2025-06-29","Sri Lanka","(not set)",1,1
"2025-06-29","United Arab Emirates","(not set)",1,1
"2025-06-29","Venezuela","(not set)",1,1
"2025-06-29","Vietnam","(not set)",1,1
"2025-06-30","Brazil","(not set)",1265,1253
"2025-06-30","United States","(not set)",29,29
"2025-06-30","(not set)","(not set)",10,10
"2025-06-30","Iran","(not set)",7,7
"2025-06-30","Egypt","(not set)",6,6
"2025-06-30","China","(not set)",5,5
"2025-06-30","Indonesia","(not set)",5,5
"2025-06-30","Mexico","(not set)",5,5
"2025-06-30","Bangladesh","(not set)",4,4
"2025-06-30","India","(not set)",4,4
"2025-06-30","Argentina","(not set)",3,3
"2025-06-30","Saudi Arabia","(not set)",3,3
"2025-06-30","Algeria","(not set)",2,2
"2025-06-30","Canada","(not set)",2,1
"2025-06-30","Oman","(not set)",2,2
"2025-06-30","Albania","(not set)",1,1
"2025-06-30","Australia","(not set)",1,1
"2025-06-30","Hungary","(not set)",1,1
"2025-06-30","Morocco","(not set)",1,1
"2025-06-30","Netherlands","(not set)",1,1
"2025-06-30","Philippines","(not set)",1,1
"2025-06-30","Spain","(not set)",1,1
"2025-06-30","Suriname","(not set)",1,1
"2025-06-30","Thailand","(not set)",1,1
"2025-06-30","Türkiye","(not set)",1,1
"2025-06-30","United Arab Emirates","(not set)",1,1
"2025-07-01","Brazil","(not set)",1267,1243
"2025-07-01","United States","(not set)",43,40
"2025-07-01","(not set)","(not set)",26,26
"2025-07-01","Egypt","(not set)",11,11
"2025-07-01","Indonesia","(not set)",5,5
"2025-07-01","Mexico","(not set)",4,4
"2025-07-01","Algeria","(not set)",3,3
"2025-07-01","India","(not set)",3,2
"2025-07-01","Saudi Arabia","(not set)",2,2
"2025-07-01","United Kingdom","(not set)",2,2
"2025-07-01","Albania","(not set)",1,1
"2025-07-01","Bangladesh","(not set)",1,1
"2025-07-01","Ethiopia","(not set)",1,1
"2025-07-01","Japan","(not set)",1,1
"2025-07-01","Malaysia","(not set)",1,1
"2025-07-01","Morocco","(not set)",1,1
"2025-07-01","New Zealand","(not set)",1,1
"2025-07-01","Philippines","(not set)",1,1
"2025-07-01","Serbia","(not set)",1,1
"2025-07-01","Sri Lanka","(not set)",1,1
"2025-07-02","Brazil","(not set)",1232,1207
"2025-07-02","United States","(not set)",40,39
"2025-07-02","(not set)","(not set)",10,10
"2025-07-02","Egypt","(not set)",7,6
"2025-07-02","Iran","(not set)",6,5
"2025-07-02","India","(not set)",5,5
"2025-07-02","South Korea","(not set)",4,4
"2025-07-02","Bangladesh","(not set)",3,3
"2025-07-02","Colombia","(not set)",3,3
"2025-07-02","Indonesia","(not set)",3,3
"2025-07-02","Mexico","(not set)",3,3
"2025-07-02","Morocco","(not set)",3,3
"2025-07-02","Nigeria","(not set)",2,2
"2025-07-02","Türkiye","(not set)",2,1
"2025-07-02","Algeria","(not set)",1,1
"2025-07-02","Angola","(not set)",1,1
"2025-07-02","Argentina","(not set)",1,1
"2025-07-02","Australia","(not set)",1,1
"2025-07-02","Bolivia","(not set)",1,1
"2025-07-02","Ghana","(not set)",1,1
"2025-07-02","Malaysia","(not set)",1,1
"2025-07-02","Portugal","(not set)",1,1
"2025-07-02","Saudi Arabia","(not set)",1,1
"2025-07-02","Serbia","(not set)",1,1
"2025-07-02","Singapore","(not set)",1,1
"2025-07-02","Sudan","(not set)",1,1
"2025-07-02","Uruguay","(not set)",1,1
"2025-07-03","Brazil","(not set)",1124,1106
"2025-07-03","United States","(not set)",32,32
"2025-07-03","(not set)","(not set)",17,17
"2025-07-03","Egypt","(not set)",5,3
"2025-07-03","India","(not set)",5,5
"2025-07-03","Iran","(not set)",4,4
"2025-07-03","Mexico","(not set)",4,4
"2025-07-03","Canada","(not set)",2,2
"2025-07-03","Indonesia","(not set)",2,2
"2025-07-03","Saudi Arabia","(not set)",2,2
"2025-07-03","South Korea","(not set)",2,2
"2025-07-03","Bangladesh","(not set)",1,1
"2025-07-03","Ethiopia","(not set)",1,1
"2025-07-03","Jordan","(not set)",1,1
"2025-07-03","Morocco","(not set)",1,1
"2025-07-03","Netherlands","(not set)",1,1
"2025-07-03","Philippines","(not set)",1,1
"2025-07-03","Spain","(not set)",1,1
"2025-07-03","Thailand","(not set)",1,1
"2025-07-03","Türkiye","(not set)",1,1
"2025-07-03","United Kingdom","(not set)",1,1
"2025-07-04","Brazil","(not set)",961,949
"2025-07-04","United States","(not set)",38,37
"2025-07-04","Egypt","(not set)",7,7
"2025-07-04","India","(not set)",6,6
"2025-07-04","South Korea","(not set)",5,5
"2025-07-04","Bangladesh","(not set)",4,4
"2025-07-04","(not set)","(not set)",3,3
"2025-07-04","Canada","(not set)",2,2
"2025-07-04","Colombia","(not set)",2,2
"2025-07-04","Germany","(not set)",2,2
"2025-07-04","Portugal","(not set)",2,2
"2025-07-04","Türkiye","(not set)",2,2
"2025-07-04","Angola","(not set)",1,1
"2025-07-04","Argentina","(not set)",1,1
"2025-07-04","Bolivia","(not set)",1,1
"2025-07-04","Chile","(not set)",1,1
"2025-07-04","El Salvador","(not set)",1,1
"2025-07-04","Guatemala","(not set)",1,1
"2025-07-04","Indonesia","(not set)",1,1
"2025-07-04","Iran","(not set)",1,1
"2025-07-04","Mozambique","(not set)",1,1
"2025-07-04","Netherlands","(not set)",1,1
"2025-07-04","Nigeria","(not set)",1,1
"2025-07-04","Pakistan","(not set)",1,1
"2025-07-04","Philippines","(not set)",1,1
"2025-07-04","Puerto Rico","(not set)",1,1
"2025-07-04","Qatar","(not set)",1,1
"2025-07-04","Russia","(not set)",1,1
"2025-07-04","Syria","(not set)",1,1
"2025-07-04","United Arab Emirates","(not set)",1,1
"2025-07-05","Brazil","(not set)",1091,1078
"2025-07-05","United States","(not set)",39,39
"2025-07-05","India","(not set)",4,4
"2025-07-05","Indonesia","(not set)",4,4
"2025-07-05","Portugal","(not set)",3,3
"2025-07-05","Saudi Arabia","(not set)",3,3
"2025-07-05","South Korea","(not set)",3,3
"2025-07-05","Algeria","(not set)",2,2
"2025-07-05","Argentina","(not set)",2,2
"2025-07-05","Bangladesh","(not set)",2,2
"2025-07-05","Mexico","(not set)",2,2
"2025-07-05","Philippines","(not set)",2,2
"2025-07-05","Syria","(not set)",2,1
"2025-07-05","Austria","(not set)",1,1
"2025-07-05","Chile","(not set)",1,1
"2025-07-05","Egypt","(not set)",1,1
"2025-07-05","Jordan","(not set)",1,1
"2025-07-05","Morocco","(not set)",1,1
"2025-07-05","Serbia","(not set)",1,1
"2025-07-05","Türkiye","(not set)",1,1
"2025-07-05","United Kingdom","(not set)",1,1
"2025-07-06","Brazil","(not set)",1143,1127
"2025-07-06","United States","(not set)",43,43
"2025-07-06","Indonesia","(not set)",6,6
"2025-07-06","Iran","(not set)",6,6
"2025-07-06","Algeria","(not set)",4,3
"2025-07-06","India","(not set)",3,3
"2025-07-06","Mexico","(not set)",3,3
"2025-07-06","Colombia","(not set)",2,1
"2025-07-06","Egypt","(not set)",2,2
"2025-07-06","Portugal","(not set)",2,2
"2025-07-06","Argentina","(not set)",1,1
"2025-07-06","Bangladesh","(not set)",1,1
"2025-07-06","Germany","(not set)",1,1
"2025-07-06","Jordan","(not set)",1,1
"2025-07-06","Kuwait","(not set)",1,1
"2025-07-06","Morocco","(not set)",1,1
"2025-07-06","Mozambique","(not set)",1,1
"2025-07-06","New Zealand","(not set)",1,1
"2025-07-06","Pakistan","(not set)",1,1
"2025-07-06","Philippines","(not set)",1,1
"2025-07-06","Saudi Arabia","(not set)",1,1
"2025-07-06","Serbia","(not set)",1,1
"2025-07-06","South Korea","(not set)",1,1
"2025-07-06","Tunisia","(not set)",1,1
"2025-07-06","Türkiye","(not set)",1,1
"2025-07-06","United Arab Emirates","(not set)",1,1
"2025-07-07","Brazil","(not set)",986,972
"2025-07-07","United States","(not set)",25,24
"2025-07-07","South Korea","(not set)",12,2
"2025-07-07","(not set)","(not set)",5,5
"2025-07-07","Egypt","(not set)",5,4
"2025-07-07","Iran","(not set)",5,4
"2025-07-07","Cambodia","(not set)",4,1
"2025-07-07","India","(not set)",4,4
"2025-07-07","Mexico","(not set)",4,3
"2025-07-07","Colombia","(not set)",2,2
"2025-07-07","Cuba","(not set)",2,1
"2025-07-07","France","(not set)",2,2
"2025-07-07","Philippines","(not set)",2,2
"2025-07-07","Türkiye","(not set)",2,2
"2025-07-07","United Kingdom","(not set)",2,2
"2025-07-07","Algeria","(not set)",1,1
"2025-07-07","Bangladesh","(not set)",1,1
"2025-07-07","Myanmar (Burma)","(not set)",1,1
"2025-07-07","Pakistan","(not set)",1,1
"2025-07-07","Qatar","(not set)",1,1
"2025-07-07","Saudi Arabia","(not set)",1,1
"2025-07-07","Serbia","(not set)",1,1
"2025-07-07","Syria","(not set)",1,1
"2025-07-07","Trinidad & Tobago","(not set)",1,1
"2025-07-07","United Arab Emirates","(not set)",1,1
"2025-07-08","Brazil","(not set)",1133,1123
"2025-07-08","United States","(not set)",54,53
"2025-07-08","(not set)","(not set)",15,15
"2025-07-08","Iran","(not set)",8,7
"2025-07-08","India","(not set)",4,3
"2025-07-08","Mexico","(not set)",4,4
"2025-07-08","Saudi Arabia","(not set)",4,4
"2025-07-08","Algeria","(not set)",3,3
"2025-07-08","Colombia","(not set)",3,2
"2025-07-08","Egypt","(not set)",3,3
"2025-07-08","Germany","(not set)",3,3
"2025-07-08","Indonesia","(not set)",3,3
"2025-07-08","Canada","(not set)",2,2
"2025-07-08","Netherlands","(not set)",2,2
"2025-07-08","Portugal","(not set)",2,2
"2025-07-08","Puerto Rico","(not set)",2,2
"2025-07-08","Argentina","(not set)",1,1
"2025-07-08","Bangladesh","(not set)",1,1
"2025-07-08","France","(not set)",1,1
"2025-07-08","Guatemala","(not set)",1,1
"2025-07-08","Japan","(not set)",1,1
"2025-07-08","Morocco","(not set)",1,1
"2025-07-08","Pakistan","(not set)",1,1
"2025-07-08","Palestine","(not set)",1,1
"2025-07-08","Philippines","(not set)",1,1
"2025-07-08","Qatar","(not set)",1,1
"2025-07-08","South Korea","(not set)",1,1
"2025-07-09","Brazil","(not set)",1092,1075
"2025-07-09","United States","(not set)",57,56
"2025-07-09","Egypt","(not set)",7,7
"2025-07-09","(not set)","(not set)",5,5
"2025-07-09","Iran","(not set)",5,5
"2025-07-09","Bangladesh","(not set)",3,3
"2025-07-09","Mexico","(not set)",3,3
"2025-07-09","Argentina","(not set)",2,2
"2025-07-09","Dominican Republic","(not set)",2,2
"2025-07-09","India","(not set)",2,2
"2025-07-09","Saudi Arabia","(not set)",2,2
"2025-07-09","Algeria","(not set)",1,1
"2025-07-09","Canada","(not set)",1,1
"2025-07-09","Haiti","(not set)",1,1
"2025-07-09","Honduras","(not set)",1,1
"2025-07-09","Japan","(not set)",1,1
"2025-07-09","Morocco","(not set)",1,1
"2025-07-09","Mozambique","(not set)",1,1
"2025-07-09","Oman","(not set)",1,1
"2025-07-09","Philippines","(not set)",1,1
"2025-07-09","Portugal","(not set)",1,1
"2025-07-09","Russia","(not set)",1,1
"2025-07-09","Türkiye","(not set)",1,1
"2025-07-09","United Arab Emirates","(not set)",1,1
"2025-07-10","Brazil","(not set)",1198,1182
"2025-07-10","United States","(not set)",70,68
"2025-07-10","(not set)","(not set)",16,15
"2025-07-10","Egypt","(not set)",5,5
"2025-07-10","India","(not set)",4,4
"2025-07-10","Indonesia","(not set)",3,3
"2025-07-10","Iran","(not set)",3,2
"2025-07-10","Canada","(not set)",2,2
"2025-07-10","Germany","(not set)",2,2
"2025-07-10","Mexico","(not set)",2,2
"2025-07-10","Argentina","(not set)",1,1
"2025-07-10","Bangladesh","(not set)",1,1
"2025-07-10","Chile","(not set)",1,1
"2025-07-10","France","(not set)",1,1
"2025-07-10","Guatemala","(not set)",1,1
"2025-07-10","Jordan","(not set)",1,1
"2025-07-10","Morocco","(not set)",1,1
"2025-07-10","Netherlands","(not set)",1,1
"2025-07-10","Nigeria","(not set)",1,1
"2025-07-10","Peru","(not set)",1,1
"2025-07-10","Philippines","(not set)",1,1
"2025-07-10","Portugal","(not set)",1,1
"2025-07-10","Qatar","(not set)",1,1
"2025-07-10","Serbia","(not set)",1,1
"2025-07-10","South Korea","(not set)",1,1
"2025-07-10","Türkiye","(not set)",1,1
"2025-07-10","Uzbekistan","(not set)",1,1
"2025-07-11","Brazil","(not set)",1101,1080
"2025-07-11","United States","(not set)",52,52
"2025-07-11","(not set)","(not set)",7,7
"2025-07-11","Indonesia","(not set)",6,6
"2025-07-11","Egypt","(not set)",4,4
"2025-07-11","Pakistan","(not set)",4,3
"2025-07-11","India","(not set)",3,3
"2025-07-11","South Korea","(not set)",3,3
"2025-07-11","Bangladesh","(not set)",2,2
"2025-07-11","Iran","(not set)",2,2
"2025-07-11","Israel","(not set)",2,2
"2025-07-11","Mexico","(not set)",2,2
"2025-07-11","Tunisia","(not set)",2,2
"2025-07-11","Algeria","(not set)",1,1
"2025-07-11","Argentina","(not set)",1,1
"2025-07-11","El Salvador","(not set)",1,1
"2025-07-11","France","(not set)",1,1
"2025-07-11","Germany","(not set)",1,1
"2025-07-11","Oman","(not set)",1,1
"2025-07-11","Philippines","(not set)",1,1
"2025-07-11","Saudi Arabia","(not set)",1,1
"2025-07-11","Serbia","(not set)",1,1
"2025-07-11","Singapore","(not set)",1,1
"2025-07-11","Thailand","(not set)",1,1
"2025-07-12","Brazil","(not set)",1070,1049
"2025-07-12","United States","(not set)",57,55
"2025-07-12","South Korea","(not set)",11,11
"2025-07-12","Egypt","(not set)",9,9
"2025-07-12","Algeria","(not set)",5,5
"2025-07-12","Indonesia","(not set)",5,5
"2025-07-12","Iran","(not set)",4,4
"2025-07-12","India","(not set)",3,3
"2025-07-12","Mexico","(not set)",3,3
"2025-07-12","Saudi Arabia","(not set)",3,3
"2025-07-12","United Kingdom","(not set)",3,3
"2025-07-12","Jordan","(not set)",2,2
"2025-07-12","Philippines","(not set)",2,2
"2025-07-12","Afghanistan","(not set)",1,1
"2025-07-12","Bangladesh","(not set)",1,1
"2025-07-12","Canada","(not set)",1,1
"2025-07-12","Chile","(not set)",1,1
"2025-07-12","Colombia","(not set)",1,1
"2025-07-12","El Salvador","(not set)",1,1
"2025-07-12","Germany","(not set)",1,1
"2025-07-12","Japan","(not set)",1,1
"2025-07-12","Mozambique","(not set)",1,1
"2025-07-12","Myanmar (Burma)","(not set)",1,1
"2025-07-12","Nigeria","(not set)",1,1
"2025-07-12","Peru","(not set)",1,1
"2025-07-12","Portugal","(not set)",1,1
"2025-07-12","Qatar","(not set)",1,1
"2025-07-12","Spain","(not set)",1,1
"2025-07-13","Brazil","(not set)",1193,1174
"2025-07-13","United States","(not set)",53,49
"2025-07-13","Bangladesh","(not set)",6,6
"2025-07-13","Egypt","(not set)",6,6
"2025-07-13","Iran","(not set)",4,4
"2025-07-13","Mexico","(not set)",4,4
"2025-07-13","Saudi Arabia","(not set)",4,4
"2025-07-13","India","(not set)",3,3
"2025-07-13","Algeria","(not set)",2,2
"2025-07-13","Dominican Republic","(not set)",2,2
"2025-07-13","Germany","(not set)",2,2
"2025-07-13","Morocco","(not set)",2,2
"2025-07-13","Pakistan","(not set)",2,2
"2025-07-13","United Arab Emirates","(not set)",2,2
"2025-07-13","Argentina","(not set)",1,1
"2025-07-13","Colombia","(not set)",1,1
"2025-07-13","France","(not set)",1,1
"2025-07-13","Indonesia","(not set)",1,1
"2025-07-13","Ireland","(not set)",1,1
"2025-07-13","Italy","(not set)",1,1
"2025-07-13","Lesotho","(not set)",1,1
"2025-07-13","Malaysia","(not set)",1,1
"2025-07-13","Netherlands","(not set)",1,1
"2025-07-13","Panama","(not set)",1,1
"2025-07-13","Peru","(not set)",1,1
"2025-07-13","Serbia","(not set)",1,1
"2025-07-13","South Korea","(not set)",1,1
"2025-07-13","Sudan","(not set)",1,1
"2025-07-13","Thailand","(not set)",1,1
"2025-07-13","Türkiye","(not set)",1,1
"2025-07-14","Brazil","(not set)",1156,1129
"2025-07-14","(not set)","(not set)",61,58
"2025-07-14","United States","(not set)",57,57
"2025-07-14","China","(not set)",11,10
"2025-07-14","Egypt","(not set)",5,5
"2025-07-14","Indonesia","(not set)",5,5
"2025-07-14","Bangladesh","(not set)",4,4
"2025-07-14","India","(not set)",4,4
"2025-07-14","Argentina","(not set)",3,3
"2025-07-14","Canada","(not set)",2,2
"2025-07-14","Morocco","(not set)",2,2
"2025-07-14","Oman","(not set)",2,2
"2025-07-14","Saudi Arabia","(not set)",2,2
"2025-07-14","Algeria","(not set)",1,1
"2025-07-14","Colombia","(not set)",1,1
"2025-07-14","Honduras","(not set)",1,1
"2025-07-14","Italy","(not set)",1,1
"2025-07-14","Netherlands","(not set)",1,1
"2025-07-14","New Zealand","(not set)",1,1
"2025-07-14","Pakistan","(not set)",1,1
"2025-07-14","Peru","(not set)",1,1
"2025-07-14","Philippines","(not set)",1,1
"2025-07-14","Singapore","(not set)",1,1
"2025-07-14","Sri Lanka","(not set)",1,1
"2025-07-14","Thailand","(not set)",1,1
"2025-07-15","Brazil","(not set)",1211,1177
"2025-07-15","United States","(not set)",52,52
"2025-07-15","(not set)","(not set)",11,10
"2025-07-15","India","(not set)",8,8
"2025-07-15","Mexico","(not set)",7,7
"2025-07-15","Indonesia","(not set)",4,3
"2025-07-15","Bangladesh","(not set)",3,3
"2025-07-15","Iran","(not set)",3,3
"2025-07-15","Philippines","(not set)",3,3
"2025-07-15","Argentina","(not set)",2,2
"2025-07-15","Canada","(not set)",2,2
"2025-07-15","Egypt","(not set)",2,2
"2025-07-15","Germany","(not set)",2,2
"2025-07-15","Saudi Arabia","(not set)",2,2
"2025-07-15","United Kingdom","(not set)",2,2
"2025-07-15","Algeria","(not set)",1,1
"2025-07-15","Colombia","(not set)",1,1
"2025-07-15","Iraq","(not set)",1,1
"2025-07-15","Italy","(not set)",1,1
"2025-07-15","Kuwait","(not set)",1,1
"2025-07-15","Morocco","(not set)",1,1
"2025-07-15","Nigeria","(not set)",1,1
"2025-07-15","Pakistan","(not set)",1,1
"2025-07-15","Portugal","(not set)",1,1
"2025-07-15","Serbia","(not set)",1,1
"2025-07-15","South Africa","(not set)",1,1
"2025-07-15","South Korea","(not set)",1,1
"2025-07-15","Türkiye","(not set)",1,1
"2025-07-16","Brazil","(not set)",1214,1191
"2025-07-16","(not set)","(not set)",36,34
"2025-07-16","United States","(not set)",32,32
"2025-07-16","Egypt","(not set)",5,5
"2025-07-16","Mexico","(not set)",5,5
"2025-07-16","Algeria","(not set)",3,3
"2025-07-16","Iran","(not set)",3,3
"2025-07-16","Pakistan","(not set)",3,3
"2025-07-16","Indonesia","(not set)",2,2
"2025-07-16","Jordan","(not set)",2,2
"2025-07-16","Saudi Arabia","(not set)",2,2
"2025-07-16","Argentina","(not set)",1,1
"2025-07-16","Bangladesh","(not set)",1,1
"2025-07-16","Canada","(not set)",1,1
"2025-07-16","Colombia","(not set)",1,1
"2025-07-16","Costa Rica","(not set)",1,1
"2025-07-16","Cyprus","(not set)",1,1
"2025-07-16","Honduras","(not set)",1,1
"2025-07-16","India","(not set)",1,1
"2025-07-16","Israel","(not set)",1,1
"2025-07-16","Latvia","(not set)",1,1
"2025-07-16","Malaysia","(not set)",1,1
"2025-07-16","Morocco","(not set)",1,1
"2025-07-16","Peru","(not set)",1,1
"2025-07-16","Philippines","(not set)",1,1
"2025-07-16","Portugal","(not set)",1,1
"2025-07-16","Singapore","(not set)",1,1
"2025-07-16","South Korea","(not set)",1,1
"2025-07-16","Syria","(not set)",1,1
"2025-07-16","Tunisia","(not set)",1,1
"2025-07-16","Ukraine","(not set)",1,1
"2025-07-16","United Arab Emirates","(not set)",1,1
"2025-07-16","United Kingdom","(not set)",1,1
"2025-07-16","Uruguay","(not set)",1,1
"2025-07-16","Venezuela","(not set)",1,1
"2025-07-16","Vietnam","(not set)",1,1
"2025-07-17","Brazil","(not set)",1468,1437
"2025-07-17","United States","(not set)",44,42
"2025-07-17","China","(not set)",13,13
"2025-07-17","Egypt","(not set)",8,8
"2025-07-17","(not set)","(not set)",6,6
"2025-07-17","India","(not set)",5,5
"2025-07-17","Indonesia","(not set)",4,4
"2025-07-17","Iran","(not set)",3,3
"2025-07-17","Mexico","(not set)",3,3
"2025-07-17","South Korea","(not set)",3,3
"2025-07-17","Bangladesh","(not set)",2,2
"2025-07-17","Türkiye","(not set)",2,2
"2025-07-17","Algeria","(not set)",1,1
"2025-07-17","Argentina","(not set)",1,1
"2025-07-17","Australia","(not set)",1,1
"2025-07-17","France","(not set)",1,1
"2025-07-17","Ghana","(not set)",1,1
"2025-07-17","Italy","(not set)",1,1
"2025-07-17","Jordan","(not set)",1,1
"2025-07-17","Moldova","(not set)",1,1
"2025-07-17","Panama","(not set)",1,1
"2025-07-17","Peru","(not set)",1,1
"2025-07-17","Puerto Rico","(not set)",1,1
"2025-07-17","Saudi Arabia","(not set)",1,1
"2025-07-17","Serbia","(not set)",1,1
"2025-07-17","Sweden","(not set)",1,1
"2025-07-17","Syria","(not set)",1,1
"2025-07-17","United Kingdom","(not set)",1,1
"2025-07-18","Brazil","(not set)",1382,1347
"2025-07-18","United States","(not set)",60,59
"2025-07-18","(not set)","(not set)",20,20
"2025-07-18","Saudi Arabia","(not set)",9,9
"2025-07-18","Egypt","(not set)",5,5
"2025-07-18","South Korea","(not set)",5,5
"2025-07-18","India","(not set)",4,4
"2025-07-18","Algeria","(not set)",3,3
"2025-07-18","Indonesia","(not set)",3,3
"2025-07-18","Bangladesh","(not set)",2,2
"2025-07-18","Iran","(not set)",2,2
"2025-07-18","Morocco","(not set)",2,2
"2025-07-18","Netherlands","(not set)",2,2
"2025-07-18","Serbia","(not set)",2,1
"2025-07-18","Argentina","(not set)",1,1
"2025-07-18","Bolivia","(not set)",1,1
"2025-07-18","Canada","(not set)",1,1
"2025-07-18","China","(not set)",1,1
"2025-07-18","Colombia","(not set)",1,1
"2025-07-18","Germany","(not set)",1,1
"2025-07-18","Honduras","(not set)",1,1
"2025-07-18","Israel","(not set)",1,1
"2025-07-18","Italy","(not set)",1,1
"2025-07-18","Jordan","(not set)",1,1
"2025-07-18","Mexico","(not set)",1,1
"2025-07-18","Nigeria","(not set)",1,1
"2025-07-18","Portugal","(not set)",1,1
"2025-07-18","United Arab Emirates","(not set)",1,1
"2025-07-18","United Kingdom","(not set)",1,1
"2025-07-19","Brazil","(not set)",1756,1708
"2025-07-19","United States","(not set)",60,60
"2025-07-19","Egypt","(not set)",8,8
"2025-07-19","India","(not set)",7,7
"2025-07-19","(not set)","(not set)",6,6
"2025-07-19","Mexico","(not set)",6,6
"2025-07-19","Iran","(not set)",5,5
"2025-07-19","Saudi Arabia","(not set)",5,5
"2025-07-19","Philippines","(not set)",4,4
"2025-07-19","Algeria","(not set)",3,3
"2025-07-19","Nigeria","(not set)",3,2
"2025-07-19","United Kingdom","(not set)",3,3
"2025-07-19","Bangladesh","(not set)",2,2
"2025-07-19","Indonesia","(not set)",2,2
"2025-07-19","Netherlands","(not set)",2,2
"2025-07-19","Oman","(not set)",2,2
"2025-07-19","Pakistan","(not set)",2,2
"2025-07-19","Argentina","(not set)",1,1
"2025-07-19","Burkina Faso","(not set)",1,1
"2025-07-19","Chile","(not set)",1,1
"2025-07-19","Colombia","(not set)",1,1
"2025-07-19","Dominican Republic","(not set)",1,1
"2025-07-19","Ethiopia","(not set)",1,1
"2025-07-19","Guatemala","(not set)",1,1
"2025-07-19","Hong Kong","(not set)",1,1
"2025-07-19","Jordan","(not set)",1,1
"2025-07-19","Malaysia","(not set)",1,1
"2025-07-19","Morocco","(not set)",1,1
"2025-07-19","Nepal","(not set)",1,1
"2025-07-19","Poland","(not set)",1,1
"2025-07-19","Puerto Rico","(not set)",1,1
"2025-07-19","Qatar","(not set)",1,1
"2025-07-19","Serbia","(not set)",1,1
"2025-07-19","Singapore","(not set)",1,1
"2025-07-19","Tunisia","(not set)",1,1
"2025-07-20","Brazil","(not set)",2050,2008
"2025-07-20","United States","(not set)",69,69
"2025-07-20","India","(not set)",7,6
"2025-07-20","Egypt","(not set)",6,6
"2025-07-20","Indonesia","(not set)",6,6
"2025-07-20","Mexico","(not set)",5,5
"2025-07-20","Iran","(not set)",4,4
"2025-07-20","(not set)","(not set)",3,3
"2025-07-20","Algeria","(not set)",3,3
"2025-07-20","Paraguay","(not set)",3,3
"2025-07-20","Bangladesh","(not set)",2,2
"2025-07-20","Malaysia","(not set)",2,2
"2025-07-20","Morocco","(not set)",2,2
"2025-07-20","Mozambique","(not set)",2,2
"2025-07-20","Saudi Arabia","(not set)",2,2
"2025-07-20","Vietnam","(not set)",2,1
"2025-07-20","Argentina","(not set)",1,1
"2025-07-20","Chile","(not set)",1,1
"2025-07-20","Germany","(not set)",1,1
"2025-07-20","Israel","(not set)",1,1
"2025-07-20","Jordan","(not set)",1,1
"2025-07-20","Oman","(not set)",1,1
"2025-07-20","Peru","(not set)",1,1
"2025-07-20","Philippines","(not set)",1,1
"2025-07-20","Portugal","(not set)",1,1
"2025-07-20","Singapore","(not set)",1,1
"2025-07-20","South Korea","(not set)",1,1
"2025-07-20","Sudan","(not set)",1,1
"2025-07-20","Switzerland","(not set)",1,1
"2025-07-20","Thailand","(not set)",1,1
"2025-07-20","Türkiye","(not set)",1,1
"2025-07-20","United Arab Emirates","(not set)",1,1
"2025-07-20","Uruguay","(not set)",1,1
"2025-07-21","Brazil","(not set)",1991,1918
"2025-07-21","United States","(not set)",55,55
"2025-07-21","(not set)","(not set)",44,43
"2025-07-21","India","(not set)",12,11
"2025-07-21","Egypt","(not set)",7,7
"2025-07-21","Algeria","(not set)",4,4
"2025-07-21","Bangladesh","(not set)",4,4
"2025-07-21","Saudi Arabia","(not set)",4,3
"2025-07-21","Indonesia","(not set)",3,3
"2025-07-21","Mexico","(not set)",3,3
"2025-07-21","South Korea","(not set)",3,3
"2025-07-21","Iran","(not set)",2,2
"2025-07-21","Jordan","(not set)",2,2
"2025-07-21","Malaysia","(not set)",2,2
"2025-07-21","United Arab Emirates","(not set)",2,2
"2025-07-21","Argentina","(not set)",1,1
"2025-07-21","Canada","(not set)",1,1
"2025-07-21","Chile","(not set)",1,1
"2025-07-21","Dominican Republic","(not set)",1,1
"2025-07-21","Ethiopia","(not set)",1,1
"2025-07-21","Ireland","(not set)",1,1
"2025-07-21","Israel","(not set)",1,1
"2025-07-21","Morocco","(not set)",1,1
"2025-07-21","Netherlands","(not set)",1,1
"2025-07-21","Pakistan","(not set)",1,1
"2025-07-21","Panama","(not set)",1,1
"2025-07-21","Philippines","(not set)",1,1
"2025-07-21","Puerto Rico","(not set)",1,1
"2025-07-21","Syria","(not set)",1,1
"2025-07-21","Thailand","(not set)",1,1
"2025-07-21","Türkiye","(not set)",1,1
"2025-07-22","Brazil","(not set)",2072,2019
"2025-07-22","United States","(not set)",71,69
"2025-07-22","(not set)","(not set)",49,46
"2025-07-22","India","(not set)",8,7
"2025-07-22","Egypt","(not set)",6,6
"2025-07-22","Indonesia","(not set)",6,6
"2025-07-22","South Korea","(not set)",5,5
"2025-07-22","Algeria","(not set)",4,4
"2025-07-22","Iran","(not set)",4,4
"2025-07-22","Mexico","(not set)",4,3
"2025-07-22","Bangladesh","(not set)",3,3
"2025-07-22","Colombia","(not set)",3,3
"2025-07-22","Israel","(not set)",3,3
"2025-07-22","Philippines","(not set)",3,3
"2025-07-22","Portugal","(not set)",3,3
"2025-07-22","United Arab Emirates","(not set)",3,3
"2025-07-22","United Kingdom","(not set)",3,3
"2025-07-22","Argentina","(not set)",2,2
"2025-07-22","Pakistan","(not set)",2,2
"2025-07-22","Saudi Arabia","(not set)",2,2
"2025-07-22","Uruguay","(not set)",2,2
"2025-07-22","Chile","(not set)",1,1
"2025-07-22","France","(not set)",1,1
"2025-07-22","Iraq","(not set)",1,1
"2025-07-22","Jamaica","(not set)",1,1
"2025-07-22","Japan","(not set)",1,1
"2025-07-22","Kazakhstan","(not set)",1,1
"2025-07-22","Kuwait","(not set)",1,1
"2025-07-22","Malaysia","(not set)",1,1
"2025-07-22","New Zealand","(not set)",1,1
"2025-07-22","Palestine","(not set)",1,1
"2025-07-22","Puerto Rico","(not set)",1,1
"2025-07-22","Serbia","(not set)",1,1
"2025-07-22","Syria","(not set)",1,1
"2025-07-22","Thailand","(not set)",1,1
"2025-07-22","Türkiye","(not set)",1,1
"2025-07-22","Uzbekistan","(not set)",1,1
"2025-07-22","Vietnam","(not set)",1,1
"2025-07-23","Brazil","(not set)",1981,1931
"2025-07-23","United States","(not set)",77,76
"2025-07-23","Iran","(not set)",8,8
"2025-07-23","Egypt","(not set)",7,7
"2025-07-23","Indonesia","(not set)",7,7
"2025-07-23","(not set)","(not set)",6,6
"2025-07-23","Algeria","(not set)",6,6
"2025-07-23","India","(not set)",5,5
"2025-07-23","Germany","(not set)",4,4
"2025-07-23","Mexico","(not set)",3,3
"2025-07-23","Puerto Rico","(not set)",3,3
"2025-07-23","South Korea","(not set)",3,3
"2025-07-23","Argentina","(not set)",2,2
"2025-07-23","Bangladesh","(not set)",2,2
"2025-07-23","Canada","(not set)",2,2
"2025-07-23","Colombia","(not set)",2,1
"2025-07-23","Morocco","(not set)",2,2
"2025-07-23","Netherlands","(not set)",2,2
"2025-07-23","Pakistan","(not set)",2,2
"2025-07-23","Angola","(not set)",1,1
"2025-07-23","Australia","(not set)",1,1
"2025-07-23","Ethiopia","(not set)",1,1
"2025-07-23","Finland","(not set)",1,1
"2025-07-23","Jordan","(not set)",1,1
"2025-07-23","Libya","(not set)",1,1
"2025-07-23","Malaysia","(not set)",1,1
"2025-07-23","Myanmar (Burma)","(not set)",1,1
"2025-07-23","Peru","(not set)",1,1
"2025-07-23","Philippines","(not set)",1,1
"2025-07-23","Portugal","(not set)",1,1
"2025-07-23","Saudi Arabia","(not set)",1,1
"2025-07-23","Serbia","(not set)",1,1
"2025-07-23","Switzerland","(not set)",1,1
"2025-07-23","Syria","(not set)",1,1
"2025-07-23","Thailand","(not set)",1,1
"2025-07-23","Türkiye","(not set)",1,1
"2025-07-23","United Arab Emirates","(not set)",1,1
"2025-07-23","United Kingdom","(not set)",1,1
"2025-07-24","Brazil","(not set)",2064,2026
"2025-07-24","United States","(not set)",77,75
"2025-07-24","(not set)","(not set)",40,35
"2025-07-24","Egypt","(not set)",9,9
"2025-07-24","India","(not set)",8,8
"2025-07-24","Algeria","(not set)",4,4
"2025-07-24","Iran","(not set)",4,4
"2025-07-24","Mexico","(not set)",4,4
"2025-07-24","Morocco","(not set)",4,4
"2025-07-24","Indonesia","(not set)",3,3
"2025-07-24","South Korea","(not set)",3,3
"2025-07-24","Canada","(not set)",2,2
"2025-07-24","Dominican Republic","(not set)",2,1
"2025-07-24","Israel","(not set)",2,2
"2025-07-24","Netherlands","(not set)",2,2
"2025-07-24","Philippines","(not set)",2,2
"2025-07-24","Angola","(not set)",1,1
"2025-07-24","Azerbaijan","(not set)",1,1
"2025-07-24","Bolivia","(not set)",1,1
"2025-07-24","Cameroon","(not set)",1,1
"2025-07-24","Chile","(not set)",1,1
"2025-07-24","Colombia","(not set)",1,1
"2025-07-24","France","(not set)",1,1
"2025-07-24","Germany","(not set)",1,1
"2025-07-24","Hong Kong","(not set)",1,1
"2025-07-24","Jordan","(not set)",1,1
"2025-07-24","Kuwait","(not set)",1,1
"2025-07-24","Malaysia","(not set)",1,1
"2025-07-24","Nepal","(not set)",1,1
"2025-07-24","Oman","(not set)",1,1
"2025-07-24","Panama","(not set)",1,1
"2025-07-24","Portugal","(not set)",1,1
"2025-07-24","Saudi Arabia","(not set)",1,1
"2025-07-24","Serbia","(not set)",1,1
"2025-07-24","Switzerland","(not set)",1,1
"2025-07-24","Uruguay","(not set)",1,1
"2025-07-25","Brazil","(not set)",1921,1877
"2025-07-25","United States","(not set)",57,56
"2025-07-25","(not set)","(not set)",24,22
"2025-07-25","Egypt","(not set)",9,9
"2025-07-25","India","(not set)",8,8
"2025-07-25","Indonesia","(not set)",5,5
"2025-07-25","Algeria","(not set)",4,4
"2025-07-25","Bangladesh","(not set)",4,3
"2025-07-25","Iran","(not set)",3,3
"2025-07-25","Mexico","(not set)",3,3
"2025-07-25","Saudi Arabia","(not set)",3,3
"2025-07-25","France","(not set)",2,2
"2025-07-25","Germany","(not set)",2,1
"2025-07-25","Jordan","(not set)",2,2
"2025-07-25","South Korea","(not set)",2,2
"2025-07-25","United Kingdom","(not set)",2,2
"2025-07-25","Argentina","(not set)",1,1
"2025-07-25","Australia","(not set)",1,1
"2025-07-25","Bolivia","(not set)",1,1
"2025-07-25","Canada","(not set)",1,1
"2025-07-25","Colombia","(not set)",1,1
"2025-07-25","El Salvador","(not set)",1,1
"2025-07-25","Ethiopia","(not set)",1,1
"2025-07-25","Malaysia","(not set)",1,1
"2025-07-25","Morocco","(not set)",1,1
"2025-07-25","Pakistan","(not set)",1,1
"2025-07-25","Philippines","(not set)",1,1
"2025-07-25","Portugal","(not set)",1,1
"2025-07-25","Qatar","(not set)",1,1
"2025-07-25","Russia","(not set)",1,1
"2025-07-25","Sweden","(not set)",1,1
"2025-07-25","Türkiye","(not set)",1,1
"2025-07-25","Uruguay","(not set)",1,1
"2025-07-26","Brazil","(not set)",1979,1942
"2025-07-26","United States","(not set)",67,67
"2025-07-26","Egypt","(not set)",5,5
"2025-07-26","Indonesia","(not set)",5,5
"2025-07-26","Portugal","(not set)",5,4
"2025-07-26","South Korea","(not set)",5,5
"2025-07-26","Israel","(not set)",4,4
"2025-07-26","India","(not set)",3,3
"2025-07-26","Iran","(not set)",3,3
"2025-07-26","Mexico","(not set)",3,3
"2025-07-26","Nigeria","(not set)",3,3
"2025-07-26","Algeria","(not set)",2,2
"2025-07-26","Colombia","(not set)",2,2
"2025-07-26","Jordan","(not set)",2,2
"2025-07-26","United Arab Emirates","(not set)",2,2
"2025-07-26","United Kingdom","(not set)",2,2
"2025-07-26","Vietnam","(not set)",2,2
"2025-07-26","Argentina","(not set)",1,1
"2025-07-26","Belgium","(not set)",1,1
"2025-07-26","Burkina Faso","(not set)",1,1
"2025-07-26","Canada","(not set)",1,1
"2025-07-26","Ecuador","(not set)",1,1
"2025-07-26","Ethiopia","(not set)",1,1
"2025-07-26","France","(not set)",1,1
"2025-07-26","Haiti","(not set)",1,1
"2025-07-26","Kenya","(not set)",1,1
"2025-07-26","Morocco","(not set)",1,1
"2025-07-26","Nepal","(not set)",1,1
"2025-07-26","Netherlands","(not set)",1,1
"2025-07-26","Oman","(not set)",1,1
"2025-07-26","Philippines","(not set)",1,1
"2025-07-26","Poland","(not set)",1,1
"2025-07-26","Saudi Arabia","(not set)",1,1
"2025-07-26","Serbia","(not set)",1,1
"2025-07-26","Türkiye","(not set)",1,1
"2025-07-26","Zambia","(not set)",1,1
"2025-07-27","Brazil","(not set)",2309,2274
"2025-07-27","United States","(not set)",58,58
"2025-07-27","Mexico","(not set)",12,12
"2025-07-27","Egypt","(not set)",8,8
"2025-07-27","(not set)","(not set)",6,6
"2025-07-27","Indonesia","(not set)",6,5
"2025-07-27","Iran","(not set)",6,6
"2025-07-27","Bangladesh","(not set)",5,5
"2025-07-27","Argentina","(not set)",4,4
"2025-07-27","India","(not set)",4,4
"2025-07-27","Türkiye","(not set)",4,4
"2025-07-27","Chile","(not set)",2,2
"2025-07-27","Portugal","(not set)",2,2
"2025-07-27","Saudi Arabia","(not set)",2,2
"2025-07-27","Spain","(not set)",2,2
"2025-07-27","United Arab Emirates","(not set)",2,2
"2025-07-27","Australia","(not set)",1,1
"2025-07-27","Colombia","(not set)",1,1
"2025-07-27","Germany","(not set)",1,1
"2025-07-27","Netherlands","(not set)",1,1
"2025-07-27","Panama","(not set)",1,1
"2025-07-27","Philippines","(not set)",1,1
"2025-07-27","Puerto Rico","(not set)",1,1
"2025-07-27","Qatar","(not set)",1,1
"2025-07-27","Serbia","(not set)",1,1
"2025-07-27","Syria","(not set)",1,1
"2025-07-27","Thailand","(not set)",1,1
"2025-07-27","United Kingdom","(not set)",1,1
"2025-07-27","Uzbekistan","(not set)",1,1
"2025-07-28","Brazil","(not set)",1916,1881
"2025-07-28","United States","(not set)",47,47
"2025-07-28","(not set)","(not set)",43,42
"2025-07-28","Egypt","(not set)",9,9
"2025-07-28","Mexico","(not set)",8,8
"2025-07-28","India","(not set)",5,5
"2025-07-28","Indonesia","(not set)",5,5
"2025-07-28","Iran","(not set)",4,4
"2025-07-28","Morocco","(not set)",3,3
"2025-07-28","Bangladesh","(not set)",2,2
"2025-07-28","Nigeria","(not set)",2,2
"2025-07-28","Puerto Rico","(not set)",2,2
"2025-07-28","Saudi Arabia","(not set)",2,2
"2025-07-28","Algeria","(not set)",1,1
"2025-07-28","Argentina","(not set)",1,1
"2025-07-28","Belgium","(not set)",1,1
"2025-07-28","Cuba","(not set)",1,1
"2025-07-28","France","(not set)",1,1
"2025-07-28","Germany","(not set)",1,1
"2025-07-28","Japan","(not set)",1,1
"2025-07-28","Jordan","(not set)",1,1
"2025-07-28","Malaysia","(not set)",1,1
"2025-07-28","Netherlands","(not set)",1,1
"2025-07-28","Paraguay","(not set)",1,1
"2025-07-28","Philippines","(not set)",1,1
"2025-07-28","Serbia","(not set)",1,1
"2025-07-28","South Africa","(not set)",1,1
"2025-07-28","Türkiye","(not set)",1,1
"2025-07-29","Brazil","(not set)",1749,1703
"2025-07-29","United States","(not set)",53,53
"2025-07-29","(not set)","(not set)",31,31
"2025-07-29","Egypt","(not set)",9,9
"2025-07-29","India","(not set)",6,6
"2025-07-29","Iran","(not set)",6,5
"2025-07-29","Indonesia","(not set)",4,4
"2025-07-29","Dominican Republic","(not set)",3,1
"2025-07-29","Mexico","(not set)",3,3
"2025-07-29","Türkiye","(not set)",3,3
"2025-07-29","Bangladesh","(not set)",2,2
"2025-07-29","Chile","(not set)",2,2
"2025-07-29","Colombia","(not set)",2,2
"2025-07-29","Saudi Arabia","(not set)",2,2
"2025-07-29","Singapore","(not set)",2,2
"2025-07-29","South Korea","(not set)",2,2
"2025-07-29","Vietnam","(not set)",2,2
"2025-07-29","Algeria","(not set)",1,1
"2025-07-29","Argentina","(not set)",1,1
"2025-07-29","Australia","(not set)",1,1
"2025-07-29","Belgium","(not set)",1,1
"2025-07-29","Bosnia & Herzegovina","(not set)",1,1
"2025-07-29","Canada","(not set)",1,1
"2025-07-29","Israel","(not set)",1,1
"2025-07-29","Jordan","(not set)",1,1
"2025-07-29","Kenya","(not set)",1,1
"2025-07-29","Mauritius","(not set)",1,1
"2025-07-29","Morocco","(not set)",1,1
"2025-07-29","Nepal","(not set)",1,1
"2025-07-29","New Zealand","(not set)",1,1
"2025-07-29","Nigeria","(not set)",1,1
"2025-07-29","Peru","(not set)",1,1
"2025-07-29","Philippines","(not set)",1,1
"2025-07-29","Serbia","(not set)",1,1
"2025-07-29","South Africa","(not set)",1,1
"2025-07-29","Syria","(not set)",1,1
"2025-07-29","Tanzania","(not set)",1,1
"2025-07-29","Uruguay","(not set)",1,1
"2025-07-30","Brazil","(not set)",1706,1672
"2025-07-30","United States","(not set)",46,46
"2025-07-30","(not set)","(not set)",15,15
"2025-07-30","Egypt","(not set)",11,10
"2025-07-30","Bangladesh","(not set)",6,5
"2025-07-30","Iran","(not set)",6,6
"2025-07-30","Algeria","(not set)",5,5
"2025-07-30","India","(not set)",5,5
"2025-07-30","Indonesia","(not set)",5,5
"2025-07-30","Mexico","(not set)",4,4
"2025-07-30","Saudi Arabia","(not set)",4,4
"2025-07-30","South Korea","(not set)",4,4
"2025-07-30","Malaysia","(not set)",3,3
"2025-07-30","Nigeria","(not set)",3,3
"2025-07-30","Argentina","(not set)",2,2
"2025-07-30","Morocco","(not set)",2,2
"2025-07-30","Oman","(not set)",2,1
"2025-07-30","Pakistan","(not set)",2,2
"2025-07-30","Paraguay","(not set)",2,2
"2025-07-30","Armenia","(not set)",1,1
"2025-07-30","Canada","(not set)",1,1
"2025-07-30","Colombia","(not set)",1,1
"2025-07-30","Dominican Republic","(not set)",1,1
"2025-07-30","Ecuador","(not set)",1,1
"2025-07-30","Jordan","(not set)",1,1
"2025-07-30","Moldova","(not set)",1,1
"2025-07-30","Papua New Guinea","(not set)",1,1
"2025-07-30","Philippines","(not set)",1,1
"2025-07-30","Portugal","(not set)",1,1
"2025-07-30","Qatar","(not set)",1,1
"2025-07-30","Serbia","(not set)",1,1
"2025-07-30","Spain","(not set)",1,1
"2025-07-30","Syria","(not set)",1,1
"2025-07-30","Türkiye","(not set)",1,1
"2025-07-30","United Arab Emirates","(not set)",1,1
"2025-07-30","United Kingdom","(not set)",1,1
"2025-07-31","Brazil","(not set)",1619,1589
"2025-07-31","United States","(not set)",58,58
"2025-07-31","Egypt","(not set)",11,11
"2025-07-31","(not set)","(not set)",8,8
"2025-07-31","India","(not set)",6,6
"2025-07-31","Mexico","(not set)",5,5
"2025-07-31","Algeria","(not set)",4,4
"2025-07-31","Indonesia","(not set)",4,4
"2025-07-31","Iran","(not set)",3,3
"2025-07-31","Canada","(not set)",2,2
"2025-07-31","Italy","(not set)",2,2
"2025-07-31","Morocco","(not set)",2,2
"2025-07-31","Saudi Arabia","(not set)",2,2
"2025-07-31","Serbia","(not set)",2,1
"2025-07-31","American Samoa","(not set)",1,1
"2025-07-31","Angola","(not set)",1,1
"2025-07-31","Argentina","(not set)",1,1
"2025-07-31","Chile","(not set)",1,1
"2025-07-31","Colombia","(not set)",1,1
"2025-07-31","Dominican Republic","(not set)",1,1
"2025-07-31","Ecuador","(not set)",1,1
"2025-07-31","Germany","(not set)",1,1
"2025-07-31","Jordan","(not set)",1,1
"2025-07-31","Kuwait","(not set)",1,1
"2025-07-31","Madagascar","(not set)",1,1
"2025-07-31","Netherlands","(not set)",1,1
"2025-07-31","Pakistan","(not set)",1,1
"2025-07-31","Philippines","(not set)",1,1
"2025-07-31","Poland","(not set)",1,1
"2025-07-31","Portugal","(not set)",1,1
"2025-07-31","South Korea","(not set)",1,1
"2025-07-31","Spain","(not set)",1,1
"2025-07-31","Switzerland","(not set)",1,1
"2025-07-31","Türkiye","(not set)",1,1
"2025-07-31","United Arab Emirates","(not set)",1,1
"2025-07-31","Uruguay","(not set)",1,1
"2025-07-31","Vietnam","(not set)",1,1
"2025-07-31","Zimbabwe","(not set)",1,1
"2025-08-01","Brazil","(not set)",1797,1763
"2025-08-01","United States","(not set)",66,66
"2025-08-01","Mexico","(not set)",7,7
"2025-08-01","South Korea","(not set)",6,6
"2025-08-01","Bangladesh","(not set)",5,5
"2025-08-01","Egypt","(not set)",5,5
"2025-08-01","Algeria","(not set)",4,4
"2025-08-01","Argentina","(not set)",4,4
"2025-08-01","India","(not set)",4,4
"2025-08-01","Germany","(not set)",3,3
"2025-08-01","Indonesia","(not set)",3,3
"2025-08-01","Iran","(not set)",3,3
"2025-08-01","Colombia","(not set)",2,2
"2025-08-01","France","(not set)",2,2
"2025-08-01","Oman","(not set)",2,2
"2025-08-01","Pakistan","(not set)",2,2
"2025-08-01","Saudi Arabia","(not set)",2,2
"2025-08-01","United Kingdom","(not set)",2,2
"2025-08-01","(not set)","(not set)",1,1
"2025-08-01","Aruba","(not set)",1,1
"2025-08-01","Bahrain","(not set)",1,1
"2025-08-01","Belgium","(not set)",1,1
"2025-08-01","Bolivia","(not set)",1,1
"2025-08-01","Bosnia & Herzegovina","(not set)",1,1
"2025-08-01","Costa Rica","(not set)",1,1
"2025-08-01","Cuba","(not set)",1,1
"2025-08-01","Ethiopia","(not set)",1,1
"2025-08-01","Guatemala","(not set)",1,1
"2025-08-01","Kuwait","(not set)",1,1
"2025-08-01","Morocco","(not set)",1,1
"2025-08-01","Nigeria","(not set)",1,1
"2025-08-01","Peru","(not set)",1,1
"2025-08-01","Sudan","(not set)",1,1
"2025-08-01","Syria","(not set)",1,1
"2025-08-01","Tunisia","(not set)",1,1
"2025-08-01","United Arab Emirates","(not set)",1,1
"2025-08-01","Vietnam","(not set)",1,1
"2025-08-01","Yemen","(not set)",1,1
"2025-08-02","Brazil","(not set)",2076,2036
"2025-08-02","United States","(not set)",66,66
"2025-08-02","Mexico","(not set)",9,9
"2025-08-02","India","(not set)",6,6
"2025-08-02","Egypt","(not set)",5,5
"2025-08-02","Iran","(not set)",4,4
"2025-08-02","Portugal","(not set)",4,4
"2025-08-02","Saudi Arabia","(not set)",4,4
"2025-08-02","Algeria","(not set)",3,3
"2025-08-02","Belgium","(not set)",3,3
"2025-08-02","Indonesia","(not set)",3,3
"2025-08-02","South Korea","(not set)",3,3
"2025-08-02","Bolivia","(not set)",2,2
"2025-08-02","Cameroon","(not set)",2,2
"2025-08-02","Canada","(not set)",2,2
"2025-08-02","Türkiye","(not set)",2,2
"2025-08-02","(not set)","(not set)",1,1
"2025-08-02","Argentina","(not set)",1,1
"2025-08-02","Bangladesh","(not set)",1,1
"2025-08-02","Colombia","(not set)",1,1
"2025-08-02","Denmark","(not set)",1,1
"2025-08-02","Ecuador","(not set)",1,1
"2025-08-02","Ethiopia","(not set)",1,1
"2025-08-02","Israel","(not set)",1,1
"2025-08-02","Jordan","(not set)",1,1
"2025-08-02","Kuwait","(not set)",1,1
"2025-08-02","Libya","(not set)",1,1
"2025-08-02","Moldova","(not set)",1,1
"2025-08-02","Pakistan","(not set)",1,1
"2025-08-02","Peru","(not set)",1,1
"2025-08-02","Philippines","(not set)",1,1
"2025-08-02","Puerto Rico","(not set)",1,1
"2025-08-02","Thailand","(not set)",1,1
"2025-08-02","United Arab Emirates","(not set)",1,1
"2025-08-02","United Kingdom","(not set)",1,1
"2025-08-02","Vietnam","(not set)",1,1
"2025-08-02","Zimbabwe","(not set)",1,1
"2025-08-03","Brazil","(not set)",2142,2115
"2025-08-03","United States","(not set)",56,55
"2025-08-03","Mexico","(not set)",8,7
"2025-08-03","Egypt","(not set)",6,5
"2025-08-03","India","(not set)",6,6
"2025-08-03","Indonesia","(not set)",6,6
"2025-08-03","(not set)","(not set)",5,4
"2025-08-03","Iran","(not set)",4,4
"2025-08-03","Morocco","(not set)",3,3
"2025-08-03","Netherlands","(not set)",3,3
"2025-08-03","Bangladesh","(not set)",2,2
"2025-08-03","Nigeria","(not set)",2,2
"2025-08-03","Portugal","(not set)",2,2
"2025-08-03","Türkiye","(not set)",2,2
"2025-08-03","Algeria","(not set)",1,1
"2025-08-03","Argentina","(not set)",1,1
"2025-08-03","Australia","(not set)",1,1
"2025-08-03","Azerbaijan","(not set)",1,1
"2025-08-03","Chile","(not set)",1,1
"2025-08-03","Germany","(not set)",1,1
"2025-08-03","Japan","(not set)",1,1
"2025-08-03","Kenya","(not set)",1,1
"2025-08-03","Kuwait","(not set)",1,1
"2025-08-03","Panama","(not set)",1,1
"2025-08-03","Philippines","(not set)",1,1
"2025-08-03","Saudi Arabia","(not set)",1,1
"2025-08-03","Serbia","(not set)",1,1
"2025-08-03","United Arab Emirates","(not set)",1,1
"2025-08-03","Vietnam","(not set)",1,1
"2025-08-04","Brazil","(not set)",1612,1589
"2025-08-04","United States","(not set)",66,65
"2025-08-04","India","(not set)",8,8
"2025-08-04","Algeria","(not set)",5,5
"2025-08-04","Egypt","(not set)",5,5
"2025-08-04","Bangladesh","(not set)",4,4
"2025-08-04","Indonesia","(not set)",4,4
"2025-08-04","Philippines","(not set)",4,4
"2025-08-04","Mexico","(not set)",3,3
"2025-08-04","Saudi Arabia","(not set)",3,3
"2025-08-04","South Korea","(not set)",3,3
"2025-08-04","(not set)","(not set)",2,2
"2025-08-04","Iran","(not set)",2,1
"2025-08-04","Morocco","(not set)",2,2
"2025-08-04","Zimbabwe","(not set)",2,2
"2025-08-04","Argentina","(not set)",1,1
"2025-08-04","Germany","(not set)",1,1
"2025-08-04","Jamaica","(not set)",1,1
"2025-08-04","Jordan","(not set)",1,1
"2025-08-04","Kenya","(not set)",1,1
"2025-08-04","Kuwait","(not set)",1,1
"2025-08-04","Oman","(not set)",1,1
"2025-08-04","Pakistan","(not set)",1,1
"2025-08-04","Portugal","(not set)",1,1
"2025-08-04","Serbia","(not set)",1,1
"2025-08-04","Thailand","(not set)",1,1
"2025-08-04","Türkiye","(not set)",1,1
"2025-08-04","Ukraine","(not set)",1,1
"2025-08-04","United Kingdom","(not set)",1,1
"2025-08-04","Vietnam","(not set)",1,1
"2025-08-05","Brazil","(not set)",1483,1461
"2025-08-05","United States","(not set)",56,55
"2025-08-05","(not set)","(not set)",40,39
"2025-08-05","Egypt","(not set)",6,6
"2025-08-05","South Korea","(not set)",6,6
"2025-08-05","India","(not set)",5,4
"2025-08-05","Indonesia","(not set)",5,5
"2025-08-05","Iran","(not set)",5,5
"2025-08-05","Philippines","(not set)",5,4
"2025-08-05","Saudi Arabia","(not set)",5,5
"2025-08-05","Algeria","(not set)",3,3
"2025-08-05","Malaysia","(not set)",3,3
"2025-08-05","Argentina","(not set)",2,2
"2025-08-05","Bangladesh","(not set)",2,2
"2025-08-05","Mexico","(not set)",2,2
"2025-08-05","Nigeria","(not set)",2,2
"2025-08-05","Portugal","(not set)",2,2
"2025-08-05","United Kingdom","(not set)",2,2
"2025-08-05","Australia","(not set)",1,1
"2025-08-05","Canada","(not set)",1,1
"2025-08-05","Chile","(not set)",1,1
"2025-08-05","Iraq","(not set)",1,1
"2025-08-05","Kenya","(not set)",1,1
"2025-08-05","Kuwait","(not set)",1,1
"2025-08-05","Nepal","(not set)",1,1
"2025-08-05","Pakistan","(not set)",1,1
"2025-08-05","Paraguay","(not set)",1,1
"2025-08-05","Tunisia","(not set)",1,1
"2025-08-05","Türkiye","(not set)",1,1
"2025-08-05","United Arab Emirates","(not set)",1,1
"2025-08-06","Brazil","(not set)",1476,1446
"2025-08-06","United States","(not set)",68,68
"2025-08-06","(not set)","(not set)",55,52
"2025-08-06","Iran","(not set)",6,6
"2025-08-06","Mexico","(not set)",6,6
"2025-08-06","Egypt","(not set)",5,5
"2025-08-06","Bangladesh","(not set)",4,3
"2025-08-06","India","(not set)",4,4
"2025-08-06","Indonesia","(not set)",3,3
"2025-08-06","Algeria","(not set)",2,2
"2025-08-06","Chile","(not set)",2,2
"2025-08-06","Dominican Republic","(not set)",2,2
"2025-08-06","Morocco","(not set)",2,2
"2025-08-06","Philippines","(not set)",2,2
"2025-08-06","Saudi Arabia","(not set)",2,2
"2025-08-06","South Korea","(not set)",2,2
"2025-08-06","Türkiye","(not set)",2,2
"2025-08-06","Australia","(not set)",1,1
"2025-08-06","Colombia","(not set)",1,1
"2025-08-06","Ecuador","(not set)",1,1
"2025-08-06","France","(not set)",1,1
"2025-08-06","Guatemala","(not set)",1,1
"2025-08-06","Iraq","(not set)",1,1
"2025-08-06","Netherlands","(not set)",1,1
"2025-08-06","Nigeria","(not set)",1,1
"2025-08-06","Pakistan","(not set)",1,1
"2025-08-06","Peru","(not set)",1,1
"2025-08-06","Portugal","(not set)",1,1
"2025-08-06","Singapore","(not set)",1,1
"2025-08-06","Spain","(not set)",1,1
"2025-08-06","Thailand","(not set)",1,1
"2025-08-06","United Arab Emirates","(not set)",1,1
"2025-08-06","United Kingdom","(not set)",1,1
"2025-08-06","Vietnam","(not set)",1,1
"2025-08-06","Yemen","(not set)",1,1
"2025-08-06","Zimbabwe","(not set)",1,1
"2025-08-07","Brazil","(not set)",1463,1440
"2025-08-07","United States","(not set)",80,78
"2025-08-07","(not set)","(not set)",24,23
"2025-08-07","Egypt","(not set)",5,5
"2025-08-07","India","(not set)",5,5
"2025-08-07","Indonesia","(not set)",5,4
"2025-08-07","Iran","(not set)",5,5
"2025-08-07","Saudi Arabia","(not set)",5,5
"2025-08-07","Bangladesh","(not set)",4,4
"2025-08-07","South Korea","(not set)",4,4
"2025-08-07","Argentina","(not set)",3,3
"2025-08-07","Morocco","(not set)",3,3
"2025-08-07","Mexico","(not set)",2,2
"2025-08-07","Türkiye","(not set)",2,2
"2025-08-07","Afghanistan","(not set)",1,1
"2025-08-07","Algeria","(not set)",1,1
"2025-08-07","Bahrain","(not set)",1,1
"2025-08-07","Chile","(not set)",1,1
"2025-08-07","Colombia","(not set)",1,1
"2025-08-07","Guatemala","(not set)",1,1
"2025-08-07","Ireland","(not set)",1,1
"2025-08-07","Jamaica","(not set)",1,1
"2025-08-07","Jordan","(not set)",1,1
"2025-08-07","Netherlands","(not set)",1,1
"2025-08-07","Nigeria","(not set)",1,1
"2025-08-07","Pakistan","(not set)",1,1
"2025-08-07","Serbia","(not set)",1,1
"2025-08-07","Tunisia","(not set)",1,1
"2025-08-07","Ukraine","(not set)",1,1
"2025-08-07","United Kingdom","(not set)",1,1
"2025-08-07","Uzbekistan","(not set)",1,1
"2025-08-08","Brazil","(not set)",1455,1437
"2025-08-08","United States","(not set)",81,79
"2025-08-08","Egypt","(not set)",8,8
"2025-08-08","(not set)","(not set)",5,4
"2025-08-08","Bangladesh","(not set)",5,5
"2025-08-08","Mexico","(not set)",5,5
"2025-08-08","South Korea","(not set)",5,5
"2025-08-08","India","(not set)",4,4
"2025-08-08","Indonesia","(not set)",3,3
"2025-08-08","Iran","(not set)",3,3
"2025-08-08","Algeria","(not set)",2,2
"2025-08-08","France","(not set)",2,2
"2025-08-08","Israel","(not set)",2,2
"2025-08-08","Nigeria","(not set)",2,2
"2025-08-08","Pakistan","(not set)",2,2
"2025-08-08","Philippines","(not set)",2,2
"2025-08-08","Saudi Arabia","(not set)",2,2
"2025-08-08","Serbia","(not set)",2,2
"2025-08-08","Burkina Faso","(not set)",1,1
"2025-08-08","Colombia","(not set)",1,1
"2025-08-08","Costa Rica","(not set)",1,1
"2025-08-08","Denmark","(not set)",1,1
"2025-08-08","Iraq","(not set)",1,1
"2025-08-08","Jordan","(not set)",1,1
"2025-08-08","Morocco","(not set)",1,1
"2025-08-08","Norway","(not set)",1,1
"2025-08-08","Panama","(not set)",1,1
"2025-08-08","Peru","(not set)",1,1
"2025-08-08","Poland","(not set)",1,1
"2025-08-08","Portugal","(not set)",1,1
"2025-08-08","Qatar","(not set)",1,1
"2025-08-08","Russia","(not set)",1,1
"2025-08-09","Brazil","(not set)",1666,1639
"2025-08-09","United States","(not set)",81,81
"2025-08-09","India","(not set)",11,11
"2025-08-09","Egypt","(not set)",10,10
"2025-08-09","Iran","(not set)",5,5
"2025-08-09","Mexico","(not set)",5,5
"2025-08-09","Saudi Arabia","(not set)",4,4
"2025-08-09","South Korea","(not set)",4,4
"2025-08-09","Algeria","(not set)",3,3
"2025-08-09","Argentina","(not set)",3,3
"2025-08-09","Bangladesh","(not set)",3,3
"2025-08-09","Portugal","(not set)",3,3
"2025-08-09","Indonesia","(not set)",2,2
"2025-08-09","Morocco","(not set)",2,2
"2025-08-09","Russia","(not set)",2,2
"2025-08-09","Spain","(not set)",2,2
"2025-08-09","Thailand","(not set)",2,2
"2025-08-09","Türkiye","(not set)",2,2
"2025-08-09","United Kingdom","(not set)",2,2
"2025-08-09","(not set)","(not set)",1,1
"2025-08-09","Armenia","(not set)",1,1
"2025-08-09","Bolivia","(not set)",1,1
"2025-08-09","Chile","(not set)",1,1
"2025-08-09","Japan","(not set)",1,1
"2025-08-09","Jordan","(not set)",1,1
"2025-08-09","Kuwait","(not set)",1,1
"2025-08-09","Pakistan","(not set)",1,1
"2025-08-09","Philippines","(not set)",1,1
"2025-08-09","Puerto Rico","(not set)",1,1
"2025-08-09","Serbia","(not set)",1,1
"2025-08-09","Sri Lanka","(not set)",1,1
"2025-08-09","Tanzania","(not set)",1,1
"2025-08-09","Tunisia","(not set)",1,1
"2025-08-10","Brazil","(not set)",1699,1660
"2025-08-10","United States","(not set)",85,80
"2025-08-10","China","(not set)",14,14
"2025-08-10","Egypt","(not set)",9,9
"2025-08-10","India","(not set)",7,7
"2025-08-10","Algeria","(not set)",5,5
"2025-08-10","Iran","(not set)",5,5
"2025-08-10","Indonesia","(not set)",4,4
"2025-08-10","Saudi Arabia","(not set)",4,4
"2025-08-10","Canada","(not set)",3,3
"2025-08-10","Dominican Republic","(not set)",3,2
"2025-08-10","Mexico","(not set)",3,3
"2025-08-10","Morocco","(not set)",3,3
"2025-08-10","Argentina","(not set)",2,2
"2025-08-10","Bangladesh","(not set)",2,1
"2025-08-10","Colombia","(not set)",2,2
"2025-08-10","Paraguay","(not set)",2,2
"2025-08-10","Philippines","(not set)",2,2
"2025-08-10","United Kingdom","(not set)",2,2
"2025-08-10","Afghanistan","(not set)",1,1
"2025-08-10","Chile","(not set)",1,1
"2025-08-10","France","(not set)",1,1
"2025-08-10","Germany","(not set)",1,1
"2025-08-10","Kuwait","(not set)",1,1
"2025-08-10","Niger","(not set)",1,1
"2025-08-10","Nigeria","(not set)",1,1
"2025-08-10","Pakistan","(not set)",1,1
"2025-08-10","Puerto Rico","(not set)",1,1
"2025-08-10","South Korea","(not set)",1,1
"2025-08-10","Spain","(not set)",1,1
"2025-08-10","Tunisia","(not set)",1,1
"2025-08-10","Uruguay","(not set)",1,1
"2025-08-11","Brazil","(not set)",1416,1392
"2025-08-11","United States","(not set)",80,80
"2025-08-11","(not set)","(not set)",21,21
"2025-08-11","Iran","(not set)",7,7
"2025-08-11","Indonesia","(not set)",6,6
"2025-08-11","Bangladesh","(not set)",5,5
"2025-08-11","China","(not set)",5,5
"2025-08-11","Egypt","(not set)",5,5
"2025-08-11","South Korea","(not set)",5,5
"2025-08-11","India","(not set)",4,4
"2025-08-11","Mexico","(not set)",3,3
"2025-08-11","Morocco","(not set)",2,2
"2025-08-11","Panama","(not set)",2,2
"2025-08-11","Portugal","(not set)",2,2
"2025-08-11","Ukraine","(not set)",2,2
"2025-08-11","United Kingdom","(not set)",2,2
"2025-08-11","Algeria","(not set)",1,1
"2025-08-11","Angola","(not set)",1,1
"2025-08-11","Cape Verde","(not set)",1,1
"2025-08-11","Chile","(not set)",1,1
"2025-08-11","Cuba","(not set)",1,1
"2025-08-11","El Salvador","(not set)",1,1
"2025-08-11","France","(not set)",1,1
"2025-08-11","Germany","(not set)",1,1
"2025-08-11","Honduras","(not set)",1,1
"2025-08-11","Japan","(not set)",1,1
"2025-08-11","Jordan","(not set)",1,1
"2025-08-11","Myanmar (Burma)","(not set)",1,1
"2025-08-11","Netherlands","(not set)",1,1
"2025-08-11","Pakistan","(not set)",1,1
"2025-08-11","Palestine","(not set)",1,1
"2025-08-11","Peru","(not set)",1,1
"2025-08-11","Philippines","(not set)",1,1
"2025-08-11","Romania","(not set)",1,1
"2025-08-11","Russia","(not set)",1,1
"2025-08-11","Saudi Arabia","(not set)",1,1
"2025-08-11","Serbia","(not set)",1,1
"2025-08-11","Singapore","(not set)",1,1
"2025-08-11","South Africa","(not set)",1,1
"2025-08-11","Syria","(not set)",1,1
"2025-08-11","Thailand","(not set)",1,1
"2025-08-11","Trinidad & Tobago","(not set)",1,1
"2025-08-11","U.S. Virgin Islands","(not set)",1,1
"2025-08-11","Venezuela","(not set)",1,1
"2025-08-12","Brazil","(not set)",1457,1429
"2025-08-12","United States","(not set)",68,68
"2025-08-12","Egypt","(not set)",8,8
"2025-08-12","Indonesia","(not set)",8,7
"2025-08-12","Bangladesh","(not set)",6,6
"2025-08-12","Iran","(not set)",6,6
"2025-08-12","Algeria","(not set)",3,3
"2025-08-12","India","(not set)",3,3
"2025-08-12","Mexico","(not set)",3,3
"2025-08-12","Philippines","(not set)",2,2
"2025-08-12","Afghanistan","(not set)",1,1
"2025-08-12","Argentina","(not set)",1,1
"2025-08-12","Australia","(not set)",1,1
"2025-08-12","Canada","(not set)",1,1
"2025-08-12","Chile","(not set)",1,1
"2025-08-12","Czechia","(not set)",1,1
"2025-08-12","Ecuador","(not set)",1,1
"2025-08-12","El Salvador","(not set)",1,1
"2025-08-12","Israel","(not set)",1,1
"2025-08-12","Morocco","(not set)",1,1
"2025-08-12","Portugal","(not set)",1,1
"2025-08-12","Serbia","(not set)",1,1
"2025-08-12","Singapore","(not set)",1,1
"2025-08-12","South Korea","(not set)",1,1
"2025-08-12","Tunisia","(not set)",1,1
"2025-08-12","United Arab Emirates","(not set)",1,1
"2025-08-12","Vietnam","(not set)",1,1
"2025-08-13","Brazil","(not set)",1389,1368
"2025-08-13","United States","(not set)",67,67
"2025-08-13","(not set)","(not set)",10,10
"2025-08-13","Bangladesh","(not set)",7,5
"2025-08-13","Indonesia","(not set)",7,7
"2025-08-13","Egypt","(not set)",4,4
"2025-08-13","India","(not set)",4,4
"2025-08-13","Iran","(not set)",3,3
"2025-08-13","Mexico","(not set)",3,3
"2025-08-13","Saudi Arabia","(not set)",3,3
"2025-08-13","Algeria","(not set)",2,2
"2025-08-13","Japan","(not set)",2,2
"2025-08-13","Syria","(not set)",2,2
"2025-08-13","United Kingdom","(not set)",2,2
"2025-08-13","Bulgaria","(not set)",1,1
"2025-08-13","Canada","(not set)",1,1
"2025-08-13","Colombia","(not set)",1,1
"2025-08-13","Dominican Republic","(not set)",1,1
"2025-08-13","Kenya","(not set)",1,1
"2025-08-13","Morocco","(not set)",1,1
"2025-08-13","Nigeria","(not set)",1,1
"2025-08-13","Philippines","(not set)",1,1
"2025-08-13","Poland","(not set)",1,1
"2025-08-13","Portugal","(not set)",1,1
"2025-08-13","Puerto Rico","(not set)",1,1
"2025-08-13","Serbia","(not set)",1,1
"2025-08-13","Spain","(not set)",1,1
"2025-08-13","Tunisia","(not set)",1,1
"2025-08-13","Türkiye","(not set)",1,1
"2025-08-13","Zimbabwe","(not set)",1,1
"2025-08-14","Brazil","(not set)",1282,1261
"2025-08-14","United States","(not set)",65,65
"2025-08-14","(not set)","(not set)",7,7
"2025-08-14","Indonesia","(not set)",7,7
"2025-08-14","Algeria","(not set)",6,6
"2025-08-14","Egypt","(not set)",4,4
"2025-08-14","India","(not set)",4,4
"2025-08-14","Iran","(not set)",4,4
"2025-08-14","Morocco","(not set)",3,3
"2025-08-14","Argentina","(not set)",2,2
"2025-08-14","Colombia","(not set)",2,2
"2025-08-14","France","(not set)",2,2
"2025-08-14","Japan","(not set)",2,2
"2025-08-14","Mexico","(not set)",2,2
"2025-08-14","Philippines","(not set)",2,2
"2025-08-14","Russia","(not set)",2,1
"2025-08-14","South Korea","(not set)",2,2
"2025-08-14","Syria","(not set)",2,2
"2025-08-14","Bangladesh","(not set)",1,1
"2025-08-14","Bolivia","(not set)",1,1
"2025-08-14","Ethiopia","(not set)",1,1
"2025-08-14","Germany","(not set)",1,1
"2025-08-14","Kenya","(not set)",1,1
"2025-08-14","Kuwait","(not set)",1,1
"2025-08-14","Malaysia","(not set)",1,1
"2025-08-14","Netherlands","(not set)",1,1
"2025-08-14","Portugal","(not set)",1,1
"2025-08-14","Saudi Arabia","(not set)",1,1
"2025-08-14","Sri Lanka","(not set)",1,1
"2025-08-14","United Arab Emirates","(not set)",1,1
"2025-08-14","United Kingdom","(not set)",1,1
"2025-08-14","Vietnam","(not set)",1,1
"2025-08-15","Brazil","(not set)",1301,1279
"2025-08-15","United States","(not set)",56,56
"2025-08-15","(not set)","(not set)",15,14
"2025-08-15","Egypt","(not set)",12,12
"2025-08-15","Iran","(not set)",5,5
"2025-08-15","Mexico","(not set)",5,5
"2025-08-15","Bangladesh","(not set)",4,4
"2025-08-15","Indonesia","(not set)",4,4
"2025-08-15","China","(not set)",3,3
"2025-08-15","Algeria","(not set)",2,2
"2025-08-15","Ethiopia","(not set)",2,1
"2025-08-15","India","(not set)",2,2
"2025-08-15","Morocco","(not set)",2,2
"2025-08-15","Portugal","(not set)",2,2
"2025-08-15","Puerto Rico","(not set)",2,2
"2025-08-15","South Korea","(not set)",2,2
"2025-08-15","Argentina","(not set)",1,1
"2025-08-15","Australia","(not set)",1,1
"2025-08-15","Colombia","(not set)",1,1
"2025-08-15","Germany","(not set)",1,1
"2025-08-15","Guatemala","(not set)",1,1
"2025-08-15","Malaysia","(not set)",1,1
"2025-08-15","Maldives","(not set)",1,1
"2025-08-15","Myanmar (Burma)","(not set)",1,1
"2025-08-15","New Zealand","(not set)",1,1
"2025-08-15","Nigeria","(not set)",1,1
"2025-08-15","Peru","(not set)",1,1
"2025-08-15","Philippines","(not set)",1,1
"2025-08-15","Saudi Arabia","(not set)",1,1
"2025-08-15","Thailand","(not set)",1,1
"2025-08-15","Uruguay","(not set)",1,1
"2025-08-16","Brazil","(not set)",1431,1395
"2025-08-16","United States","(not set)",71,70
"2025-08-16","(not set)","(not set)",11,11
"2025-08-16","Egypt","(not set)",11,11
"2025-08-16","China","(not set)",9,9
"2025-08-16","Iran","(not set)",8,8
"2025-08-16","India","(not set)",6,6
"2025-08-16","Mexico","(not set)",6,6
"2025-08-16","Indonesia","(not set)",5,5
"2025-08-16","Algeria","(not set)",4,4
"2025-08-16","Saudi Arabia","(not set)",3,3
"2025-08-16","South Korea","(not set)",2,2
"2025-08-16","Australia","(not set)",1,1
"2025-08-16","Chile","(not set)",1,1
"2025-08-16","Colombia","(not set)",1,1
"2025-08-16","Costa Rica","(not set)",1,1
"2025-08-16","French Guiana","(not set)",1,1
"2025-08-16","Germany","(not set)",1,1
"2025-08-16","Iraq","(not set)",1,1
"2025-08-16","Morocco","(not set)",1,1
"2025-08-16","Nigeria","(not set)",1,1
"2025-08-16","Philippines","(not set)",1,1
"2025-08-16","Portugal","(not set)",1,1
"2025-08-16","Puerto Rico","(not set)",1,1
"2025-08-16","Serbia","(not set)",1,1
"2025-08-16","Syria","(not set)",1,1
"2025-08-16","Tunisia","(not set)",1,1
"2025-08-16","Türkiye","(not set)",1,1
"2025-08-17","Brazil","(not set)",1562,1541
"2025-08-17","United States","(not set)",63,63
"2025-08-17","Egypt","(not set)",9,9
"2025-08-17","Iran","(not set)",9,9
"2025-08-17","Algeria","(not set)",4,4
"2025-08-17","India","(not set)",4,4
"2025-08-17","Indonesia","(not set)",4,4
"2025-08-17","Bangladesh","(not set)",3,3
"2025-08-17","Mexico","(not set)",3,3
"2025-08-17","South Korea","(not set)",3,1
"2025-08-17","China","(not set)",2,2
"2025-08-17","Jamaica","(not set)",2,2
"2025-08-17","Jordan","(not set)",2,2
"2025-08-17","Malaysia","(not set)",2,2
"2025-08-17","Morocco","(not set)",2,2
"2025-08-17","Portugal","(not set)",2,2
"2025-08-17","Russia","(not set)",2,2
"2025-08-17","Saudi Arabia","(not set)",2,2
"2025-08-17","Türkiye","(not set)",2,2
"2025-08-17","(not set)","(not set)",1,1
"2025-08-17","Argentina","(not set)",1,1
"2025-08-17","Canada","(not set)",1,1
"2025-08-17","France","(not set)",1,1
"2025-08-17","Germany","(not set)",1,1
"2025-08-17","Japan","(not set)",1,1
"2025-08-17","Netherlands","(not set)",1,1
"2025-08-17","Nigeria","(not set)",1,1
"2025-08-17","Oman","(not set)",1,1
"2025-08-17","Serbia","(not set)",1,1
"2025-08-17","South Africa","(not set)",1,1
"2025-08-17","United Arab Emirates","(not set)",1,1
"2025-08-17","Venezuela","(not set)",1,1
"2025-08-18","Brazil","(not set)",1234,1210
"2025-08-18","United States","(not set)",63,62
"2025-08-18","Egypt","(not set)",9,9
"2025-08-18","(not set)","(not set)",5,5
"2025-08-18","Iran","(not set)",5,5
"2025-08-18","Saudi Arabia","(not set)",4,4
"2025-08-18","Indonesia","(not set)",3,3
"2025-08-18","Algeria","(not set)",2,2
"2025-08-18","Mexico","(not set)",2,2
"2025-08-18","Morocco","(not set)",2,2
"2025-08-18","Philippines","(not set)",2,2
"2025-08-18","Argentina","(not set)",1,1
"2025-08-18","Bangladesh","(not set)",1,1
"2025-08-18","Burkina Faso","(not set)",1,1
"2025-08-18","Dominican Republic","(not set)",1,1
"2025-08-18","Germany","(not set)",1,1
"2025-08-18","Jamaica","(not set)",1,1
"2025-08-18","Laos","(not set)",1,1
"2025-08-18","Mozambique","(not set)",1,1
"2025-08-18","Serbia","(not set)",1,1
"2025-08-18","Singapore","(not set)",1,1
"2025-08-18","Syria","(not set)",1,1
"2025-08-18","Tunisia","(not set)",1,1
"2025-08-18","United Kingdom","(not set)",1,1
"2025-08-19","Brazil","(not set)",1395,1374
"2025-08-19","United States","(not set)",76,76
"2025-08-19","(not set)","(not set)",9,9
"2025-08-19","Algeria","(not set)",5,4
"2025-08-19","Iran","(not set)",5,5
"2025-08-19","India","(not set)",4,4
"2025-08-19","Bangladesh","(not set)",3,3
"2025-08-19","Egypt","(not set)",3,3
"2025-08-19","Jordan","(not set)",3,3
"2025-08-19","Portugal","(not set)",3,3
"2025-08-19","Russia","(not set)",3,3
"2025-08-19","Saudi Arabia","(not set)",3,3
"2025-08-19","Indonesia","(not set)",2,2
"2025-08-19","Malaysia","(not set)",2,2
"2025-08-19","Nigeria","(not set)",2,2
"2025-08-19","United Kingdom","(not set)",2,2
"2025-08-19","Argentina","(not set)",1,1
"2025-08-19","Canada","(not set)",1,1
"2025-08-19","Libya","(not set)",1,1
"2025-08-19","Mexico","(not set)",1,1
"2025-08-19","Morocco","(not set)",1,1
"2025-08-19","New Zealand","(not set)",1,1
"2025-08-19","Philippines","(not set)",1,1
"2025-08-19","Thailand","(not set)",1,1
"2025-08-19","Tunisia","(not set)",1,1
"2025-08-19","United Arab Emirates","(not set)",1,1
"2025-08-19","Zambia","(not set)",1,1
"2025-08-20","Brazil","(not set)",1660,1614
"2025-08-20","United States","(not set)",95,95
"2025-08-20","(not set)","(not set)",35,35
"2025-08-20","Egypt","(not set)",10,10
"2025-08-20","Algeria","(not set)",5,5
"2025-08-20","Bangladesh","(not set)",4,4
"2025-08-20","Iran","(not set)",4,4
"2025-08-20","Portugal","(not set)",3,3
"2025-08-20","Saudi Arabia","(not set)",3,3
"2025-08-20","South Korea","(not set)",3,3
"2025-08-20","India","(not set)",2,2
"2025-08-20","Mexico","(not set)",2,2
"2025-08-20","Peru","(not set)",2,2
"2025-08-20","Philippines","(not set)",2,2
"2025-08-20","Russia","(not set)",2,2
"2025-08-20","Angola","(not set)",1,1
"2025-08-20","Armenia","(not set)",1,1
"2025-08-20","Canada","(not set)",1,1
"2025-08-20","Guatemala","(not set)",1,1
"2025-08-20","Indonesia","(not set)",1,1
"2025-08-20","Iraq","(not set)",1,1
"2025-08-20","Kenya","(not set)",1,1
"2025-08-20","Luxembourg","(not set)",1,1
"2025-08-20","Morocco","(not set)",1,1
"2025-08-20","Nigeria","(not set)",1,1
"2025-08-20","Pakistan","(not set)",1,1
"2025-08-20","Spain","(not set)",1,1
"2025-08-20","Syria","(not set)",1,1
"2025-08-20","Türkiye","(not set)",1,1
"2025-08-20","Vietnam","(not set)",1,1
"2025-08-20","Yemen","(not set)",1,1
"2025-08-21","Brazil","(not set)",1557,1504
"2025-08-21","United States","(not set)",88,86
"2025-08-21","(not set)","(not set)",16,15
"2025-08-21","Egypt","(not set)",10,10
"2025-08-21","Mexico","(not set)",8,7
"2025-08-21","India","(not set)",7,7
"2025-08-21","Indonesia","(not set)",6,6
"2025-08-21","Bangladesh","(not set)",5,5
"2025-08-21","Colombia","(not set)",5,5
"2025-08-21","Iran","(not set)",4,4
"2025-08-21","Philippines","(not set)",4,4
"2025-08-21","South Korea","(not set)",4,4
"2025-08-21","Argentina","(not set)",3,3
"2025-08-21","Chile","(not set)",3,3
"2025-08-21","Jordan","(not set)",3,3
"2025-08-21","Saudi Arabia","(not set)",3,3
"2025-08-21","Türkiye","(not set)",3,3
"2025-08-21","Algeria","(not set)",2,2
"2025-08-21","Canada","(not set)",2,2
"2025-08-21","Netherlands","(not set)",2,2
"2025-08-21","Nigeria","(not set)",2,2
"2025-08-21","Kenya","(not set)",1,1
"2025-08-21","Kuwait","(not set)",1,1
"2025-08-21","Morocco","(not set)",1,1
"2025-08-21","Myanmar (Burma)","(not set)",1,1
"2025-08-21","Pakistan","(not set)",1,1
"2025-08-21","Paraguay","(not set)",1,1
"2025-08-21","Poland","(not set)",1,1
"2025-08-21","Portugal","(not set)",1,1
"2025-08-21","Rwanda","(not set)",1,1
"2025-08-21","Singapore","(not set)",1,1
"2025-08-21","Tunisia","(not set)",1,1
"2025-08-21","Uzbekistan","(not set)",1,1
"2025-08-21","Venezuela","(not set)",1,1
"2025-08-21","Vietnam","(not set)",1,1
"2025-08-22","Brazil","(not set)",1300,1271
"2025-08-22","United States","(not set)",57,57
"2025-08-22","Egypt","(not set)",6,6
"2025-08-22","Bangladesh","(not set)",5,5
"2025-08-22","Algeria","(not set)",4,4
"2025-08-22","Indonesia","(not set)",4,4
"2025-08-22","Mexico","(not set)",4,4
"2025-08-22","Canada","(not set)",3,3
"2025-08-22","India","(not set)",3,3
"2025-08-22","Iran","(not set)",3,3
"2025-08-22","Philippines","(not set)",3,3
"2025-08-22","Nigeria","(not set)",2,2
"2025-08-22","Saudi Arabia","(not set)",2,2
"2025-08-22","South Korea","(not set)",2,2
"2025-08-22","Afghanistan","(not set)",1,1
"2025-08-22","Angola","(not set)",1,1
"2025-08-22","Argentina","(not set)",1,1
"2025-08-22","Australia","(not set)",1,1
"2025-08-22","Chile","(not set)",1,1
"2025-08-22","Germany","(not set)",1,1
"2025-08-22","Honduras","(not set)",1,1
"2025-08-22","Israel","(not set)",1,1
"2025-08-22","Japan","(not set)",1,1
"2025-08-22","Laos","(not set)",1,1
"2025-08-22","Morocco","(not set)",1,1
"2025-08-22","Netherlands","(not set)",1,1
"2025-08-22","Peru","(not set)",1,1
"2025-08-22","Portugal","(not set)",1,1
"2025-08-22","Russia","(not set)",1,1
"2025-08-22","Spain","(not set)",1,1
"2025-08-22","U.S. Virgin Islands","(not set)",1,1
"2025-08-22","Uzbekistan","(not set)",1,1
"2025-08-22","Vietnam","(not set)",1,1
"2025-08-23","Brazil","(not set)",1497,1462
"2025-08-23","United States","(not set)",57,57
"2025-08-23","India","(not set)",14,14
"2025-08-23","Egypt","(not set)",9,9
"2025-08-23","Mexico","(not set)",5,5
"2025-08-23","Iran","(not set)",4,4
"2025-08-23","Chile","(not set)",3,3
"2025-08-23","Algeria","(not set)",2,2
"2025-08-23","Bangladesh","(not set)",2,2
"2025-08-23","Indonesia","(not set)",2,2
"2025-08-23","Russia","(not set)",2,2
"2025-08-23","South Africa","(not set)",2,2
"2025-08-23","United Kingdom","(not set)",2,2
"2025-08-23","(not set)","(not set)",1,1
"2025-08-23","Canada","(not set)",1,1
"2025-08-23","Costa Rica","(not set)",1,1
"2025-08-23","Iraq","(not set)",1,1
"2025-08-23","Japan","(not set)",1,1
"2025-08-23","Kuwait","(not set)",1,1
"2025-08-23","Morocco","(not set)",1,1
"2025-08-23","Nepal","(not set)",1,1
"2025-08-23","Nigeria","(not set)",1,1
"2025-08-23","Paraguay","(not set)",1,1
"2025-08-23","Philippines","(not set)",1,1
"2025-08-23","Saudi Arabia","(not set)",1,1
"2025-08-23","Singapore","(not set)",1,1
"2025-08-23","South Korea","(not set)",1,1
"2025-08-23","Spain","(not set)",1,1
"2025-08-23","Uruguay","(not set)",1,1
"2025-08-24","Brazil","(not set)",1732,1709
"2025-08-24","United States","(not set)",57,57
"2025-08-24","Bangladesh","(not set)",8,8
"2025-08-24","Egypt","(not set)",6,6
"2025-08-24","India","(not set)",5,5
"2025-08-24","Indonesia","(not set)",5,5
"2025-08-24","Iran","(not set)",5,5
"2025-08-24","Mexico","(not set)",5,5
"2025-08-24","South Korea","(not set)",4,4
"2025-08-24","Morocco","(not set)",3,3
"2025-08-24","Pakistan","(not set)",3,3
"2025-08-24","Argentina","(not set)",2,2
"2025-08-24","Algeria","(not set)",1,1
"2025-08-24","Australia","(not set)",1,1
"2025-08-24","Canada","(not set)",1,1
"2025-08-24","Chile","(not set)",1,1
"2025-08-24","Colombia","(not set)",1,1
"2025-08-24","Ecuador","(not set)",1,1
"2025-08-24","Jamaica","(not set)",1,1
"2025-08-24","Madagascar","(not set)",1,1
"2025-08-24","Myanmar (Burma)","(not set)",1,1
"2025-08-24","Netherlands","(not set)",1,1
"2025-08-24","Nigeria","(not set)",1,1
"2025-08-24","Saudi Arabia","(not set)",1,1
"2025-08-24","Serbia","(not set)",1,1
"2025-08-24","Tunisia","(not set)",1,1
"2025-08-24","Türkiye","(not set)",1,1
"2025-08-24","Vietnam","(not set)",1,1
"2025-08-24","Zimbabwe","(not set)",1,1
"2025-08-25","Brazil","(not set)",1349,1317
"2025-08-25","United States","(not set)",54,53
"2025-08-25","India","(not set)",9,7
"2025-08-25","Egypt","(not set)",8,8
"2025-08-25","(not set)","(not set)",6,6
"2025-08-25","Indonesia","(not set)",5,5
"2025-08-25","Mexico","(not set)",4,4
"2025-08-25","Pakistan","(not set)",3,3
"2025-08-25","Bangladesh","(not set)",2,2
"2025-08-25","Colombia","(not set)",2,2
"2025-08-25","Germany","(not set)",2,2
"2025-08-25","Thailand","(not set)",2,1
"2025-08-25","Algeria","(not set)",1,1
"2025-08-25","Argentina","(not set)",1,1
"2025-08-25","Australia","(not set)",1,1
"2025-08-25","Cuba","(not set)",1,1
"2025-08-25","Iraq","(not set)",1,1
"2025-08-25","Israel","(not set)",1,1
"2025-08-25","Japan","(not set)",1,1
"2025-08-25","Lebanon","(not set)",1,1
"2025-08-25","Morocco","(not set)",1,1
"2025-08-25","Nigeria","(not set)",1,1
"2025-08-25","Philippines","(not set)",1,1
"2025-08-25","Saudi Arabia","(not set)",1,1
"2025-08-25","Serbia","(not set)",1,1
"2025-08-25","Switzerland","(not set)",1,1
"2025-08-25","Tunisia","(not set)",1,1
"2025-08-25","Türkiye","(not set)",1,1
"2025-08-25","United Arab Emirates","(not set)",1,1
"2025-08-25","United Kingdom","(not set)",1,1
"2025-08-26","Brazil","(not set)",1396,1372
"2025-08-26","United States","(not set)",55,55
"2025-08-26","(not set)","(not set)",43,38
"2025-08-26","Bangladesh","(not set)",7,7
"2025-08-26","Egypt","(not set)",7,7
"2025-08-26","Indonesia","(not set)",4,4
"2025-08-26","Iran","(not set)",4,4
"2025-08-26","Argentina","(not set)",3,3
"2025-08-26","India","(not set)",3,3
"2025-08-26","Syria","(not set)",3,3
"2025-08-26","Colombia","(not set)",2,2
"2025-08-26","Malaysia","(not set)",2,2
"2025-08-26","Mexico","(not set)",2,2
"2025-08-26","Nigeria","(not set)",2,2
"2025-08-26","Philippines","(not set)",2,2
"2025-08-26","Algeria","(not set)",1,1
"2025-08-26","Azerbaijan","(not set)",1,1
"2025-08-26","Bolivia","(not set)",1,1
"2025-08-26","Costa Rica","(not set)",1,1
"2025-08-26","France","(not set)",1,1
"2025-08-26","Jordan","(not set)",1,1
"2025-08-26","Laos","(not set)",1,1
"2025-08-26","Mozambique","(not set)",1,1
"2025-08-26","Portugal","(not set)",1,1
"2025-08-26","Saudi Arabia","(not set)",1,1
"2025-08-26","Ukraine","(not set)",1,1
"2025-08-26","United Arab Emirates","(not set)",1,1
"2025-08-26","United Kingdom","(not set)",1,1
"2025-08-26","Vietnam","(not set)",1,1
"2025-08-27","Brazil","(not set)",1365,1334
"2025-08-27","United States","(not set)",65,65
"2025-08-27","(not set)","(not set)",15,15
"2025-08-27","India","(not set)",8,8
"2025-08-27","Iran","(not set)",6,6
"2025-08-27","Mexico","(not set)",5,5
"2025-08-27","Philippines","(not set)",5,5
"2025-08-27","Argentina","(not set)",3,3
"2025-08-27","Egypt","(not set)",3,3
"2025-08-27","Algeria","(not set)",2,2
"2025-08-27","Azerbaijan","(not set)",2,2
"2025-08-27","Bangladesh","(not set)",2,2
"2025-08-27","Germany","(not set)",2,2
"2025-08-27","Malaysia","(not set)",2,2
"2025-08-27","Puerto Rico","(not set)",2,2
"2025-08-27","Vietnam","(not set)",2,2
"2025-08-27","Australia","(not set)",1,1
"2025-08-27","China","(not set)",1,1
"2025-08-27","Colombia","(not set)",1,1
"2025-08-27","France","(not set)",1,1
"2025-08-27","Guatemala","(not set)",1,1
"2025-08-27","Indonesia","(not set)",1,1
"2025-08-27","Japan","(not set)",1,1
"2025-08-27","Jordan","(not set)",1,1
"2025-08-27","Kazakhstan","(not set)",1,1
"2025-08-27","Kuwait","(not set)",1,1
"2025-08-27","Mauritania","(not set)",1,1
"2025-08-27","Myanmar (Burma)","(not set)",1,1
"2025-08-27","Nigeria","(not set)",1,1
"2025-08-27","Pakistan","(not set)",1,1
"2025-08-27","Panama","(not set)",1,1
"2025-08-27","Paraguay","(not set)",1,1
"2025-08-27","Peru","(not set)",1,1
"2025-08-27","Rwanda","(not set)",1,1
"2025-08-27","Saudi Arabia","(not set)",1,1
"2025-08-27","Spain","(not set)",1,1
"2025-08-27","Tunisia","(not set)",1,1
"2025-08-27","United Arab Emirates","(not set)",1,1
"2025-08-27","Venezuela","(not set)",1,1
"2025-08-28","Brazil","(not set)",1294,1264
"2025-08-28","United States","(not set)",75,73
"2025-08-28","(not set)","(not set)",9,9
"2025-08-28","Iran","(not set)",6,6
"2025-08-28","Mexico","(not set)",6,6
"2025-08-28","Egypt","(not set)",5,5
"2025-08-28","India","(not set)",5,5
"2025-08-28","Algeria","(not set)",4,4
"2025-08-28","Bangladesh","(not set)",4,4
"2025-08-28","Argentina","(not set)",2,2
"2025-08-28","Dominican Republic","(not set)",2,2
"2025-08-28","Pakistan","(not set)",2,2
"2025-08-28","Saudi Arabia","(not set)",2,2
"2025-08-28","Switzerland","(not set)",2,2
"2025-08-28","Thailand","(not set)",2,2
"2025-08-28","Colombia","(not set)",1,1
"2025-08-28","Hong Kong","(not set)",1,1
"2025-08-28","Indonesia","(not set)",1,1
"2025-08-28","Iraq","(not set)",1,1
"2025-08-28","Myanmar (Burma)","(not set)",1,1
"2025-08-28","Nigeria","(not set)",1,1
"2025-08-28","Philippines","(not set)",1,1
"2025-08-28","Portugal","(not set)",1,1
"2025-08-28","Qatar","(not set)",1,1
"2025-08-28","Spain","(not set)",1,1
"2025-08-28","Türkiye","(not set)",1,1
"2025-08-28","Vietnam","(not set)",1,1
"2025-08-29","Brazil","(not set)",1284,1265
"2025-08-29","United States","(not set)",59,58
"2025-08-29","(not set)","(not set)",10,10
"2025-08-29","Egypt","(not set)",10,10
"2025-08-29","Bangladesh","(not set)",7,7
"2025-08-29","India","(not set)",5,5
"2025-08-29","Algeria","(not set)",2,2
"2025-08-29","Canada","(not set)",2,2
"2025-08-29","Japan","(not set)",2,2
"2025-08-29","Mexico","(not set)",2,2
"2025-08-29","Puerto Rico","(not set)",2,2
"2025-08-29","South Korea","(not set)",2,2
"2025-08-29","Syria","(not set)",2,2
"2025-08-29","United Kingdom","(not set)",2,2
"2025-08-29","Angola","(not set)",1,1
"2025-08-29","Argentina","(not set)",1,1
"2025-08-29","Chile","(not set)",1,1
"2025-08-29","Colombia","(not set)",1,1
"2025-08-29","Cuba","(not set)",1,1
"2025-08-29","Ecuador","(not set)",1,1
"2025-08-29","Honduras","(not set)",1,1
"2025-08-29","Indonesia","(not set)",1,1
"2025-08-29","Iran","(not set)",1,1
"2025-08-29","Netherlands","(not set)",1,1
"2025-08-29","Nigeria","(not set)",1,1
"2025-08-29","Oman","(not set)",1,1
"2025-08-29","Philippines","(not set)",1,1
"2025-08-29","Portugal","(not set)",1,1
"2025-08-29","Saudi Arabia","(not set)",1,1
"2025-08-29","Spain","(not set)",1,1
"2025-08-29","Tunisia","(not set)",1,1
"2025-08-29","Vietnam","(not set)",1,1
"2025-08-29","Zimbabwe","(not set)",1,1
"2025-08-30","Brazil","(not set)",1447,1422
"2025-08-30","United States","(not set)",58,56
"2025-08-30","Indonesia","(not set)",10,9
"2025-08-30","Bangladesh","(not set)",8,7
"2025-08-30","Egypt","(not set)",7,7
"2025-08-30","(not set)","(not set)",6,6
"2025-08-30","India","(not set)",5,5
"2025-08-30","Algeria","(not set)",4,4
"2025-08-30","Mexico","(not set)",4,4
"2025-08-30","Morocco","(not set)",3,3
"2025-08-30","Costa Rica","(not set)",2,1
"2025-08-30","Germany","(not set)",2,2
"2025-08-30","Puerto Rico","(not set)",2,2
"2025-08-30","South Korea","(not set)",2,2
"2025-08-30","Chile","(not set)",1,1
"2025-08-30","Ethiopia","(not set)",1,1
"2025-08-30","Finland","(not set)",1,1
"2025-08-30","Netherlands","(not set)",1,1
"2025-08-30","Paraguay","(not set)",1,1
"2025-08-30","Philippines","(not set)",1,1
"2025-08-30","Saudi Arabia","(not set)",1,1
"2025-08-30","South Africa","(not set)",1,1
"2025-08-30","United Arab Emirates","(not set)",1,1
"2025-08-31","Brazil","(not set)",1661,1621
"2025-08-31","United States","(not set)",71,71
"2025-08-31","India","(not set)",11,11
"2025-08-31","Egypt","(not set)",7,7
"2025-08-31","Bangladesh","(not set)",6,6
"2025-08-31","Iran","(not set)",6,6
"2025-08-31","Mexico","(not set)",5,5
"2025-08-31","Argentina","(not set)",3,3
"2025-08-31","Indonesia","(not set)",3,3
"2025-08-31","Jordan","(not set)",3,3
"2025-08-31","Saudi Arabia","(not set)",3,3
"2025-08-31","South Africa","(not set)",3,3
"2025-08-31","Türkiye","(not set)",3,3
"2025-08-31","Morocco","(not set)",2,2
"2025-08-31","South Korea","(not set)",2,2
"2025-08-31","Spain","(not set)",2,2
"2025-08-31","Tajikistan","(not set)",2,2
"2025-08-31","(not set)","(not set)",1,1
"2025-08-31","Algeria","(not set)",1,1
"2025-08-31","Bosnia & Herzegovina","(not set)",1,1
"2025-08-31","Canada","(not set)",1,1
"2025-08-31","Colombia","(not set)",1,1
"2025-08-31","Ecuador","(not set)",1,1
"2025-08-31","France","(not set)",1,1
"2025-08-31","Germany","(not set)",1,1
"2025-08-31","Israel","(not set)",1,1
"2025-08-31","Laos","(not set)",1,1
"2025-08-31","Malaysia","(not set)",1,1
"2025-08-31","Mozambique","(not set)",1,1
"2025-08-31","Nigeria","(not set)",1,1
"2025-08-31","Pakistan","(not set)",1,1
"2025-08-31","Paraguay","(not set)",1,1
"2025-08-31","Philippines","(not set)",1,1
"2025-08-31","Serbia","(not set)",1,1
"2025-08-31","South Sudan","(not set)",1,1
"2025-08-31","Thailand","(not set)",1,1
"2025-08-31","Ukraine","(not set)",1,1
"2025-08-31","United Kingdom","(not set)",1,1
"2025-09-01","Brazil","(not set)",1267,1249
"2025-09-01","United States","(not set)",69,68
"2025-09-01","(not set)","(not set)",15,15
"2025-09-01","India","(not set)",7,7
"2025-09-01","Egypt","(not set)",6,6
"2025-09-01","Bangladesh","(not set)",4,4
"2025-09-01","Indonesia","(not set)",3,3
"2025-09-01","Morocco","(not set)",3,3
"2025-09-01","United Arab Emirates","(not set)",3,3
"2025-09-01","Mexico","(not set)",2,2
"2025-09-01","United Kingdom","(not set)",2,1
"2025-09-01","Andorra","(not set)",1,1
"2025-09-01","Cambodia","(not set)",1,1
"2025-09-01","Canada","(not set)",1,1
"2025-09-01","Colombia","(not set)",1,1
"2025-09-01","France","(not set)",1,1
"2025-09-01","Ghana","(not set)",1,1
"2025-09-01","Guatemala","(not set)",1,1
"2025-09-01","Kenya","(not set)",1,1
"2025-09-01","Malaysia","(not set)",1,1
"2025-09-01","Myanmar (Burma)","(not set)",1,1
"2025-09-01","Nepal","(not set)",1,1
"2025-09-01","Netherlands","(not set)",1,1
"2025-09-01","Oman","(not set)",1,1
"2025-09-01","Pakistan","(not set)",1,1
"2025-09-01","Peru","(not set)",1,1
"2025-09-01","Philippines","(not set)",1,1
"2025-09-01","Portugal","(not set)",1,1
"2025-09-01","Puerto Rico","(not set)",1,1
"2025-09-01","Romania","(not set)",1,1
"2025-09-01","Spain","(not set)",1,1
"2025-09-01","Thailand","(not set)",1,1
"2025-09-01","Uruguay","(not set)",1,1
"2025-09-02","Brazil","(not set)",1294,1278
"2025-09-02","United States","(not set)",74,74
"2025-09-02","(not set)","(not set)",15,14
"2025-09-02","India","(not set)",8,8
"2025-09-02","Egypt","(not set)",7,5
"2025-09-02","Bangladesh","(not set)",4,4
"2025-09-02","Algeria","(not set)",3,3
"2025-09-02","United Arab Emirates","(not set)",3,3
"2025-09-02","Australia","(not set)",2,2
"2025-09-02","Bosnia & Herzegovina","(not set)",2,2
"2025-09-02","Guatemala","(not set)",2,2
"2025-09-02","Japan","(not set)",2,2
"2025-09-02","Philippines","(not set)",2,2
"2025-09-02","Türkiye","(not set)",2,2
"2025-09-02","Argentina","(not set)",1,1
"2025-09-02","Chile","(not set)",1,1
"2025-09-02","Ecuador","(not set)",1,1
"2025-09-02","El Salvador","(not set)",1,1
"2025-09-02","Ghana","(not set)",1,1
"2025-09-02","Iran","(not set)",1,1
"2025-09-02","Mexico","(not set)",1,1
"2025-09-02","Nigeria","(not set)",1,1
"2025-09-02","Peru","(not set)",1,1
"2025-09-02","Portugal","(not set)",1,1
"2025-09-02","Puerto Rico","(not set)",1,1
"2025-09-02","South Africa","(not set)",1,1
"2025-09-02","Thailand","(not set)",1,1
"2025-09-02","Tunisia","(not set)",1,1
"2025-09-02","Vietnam","(not set)",1,1
"2025-09-03","Brazil","(not set)",1233,1204
"2025-09-03","United States","(not set)",62,62
"2025-09-03","Bangladesh","(not set)",8,7
"2025-09-03","Iran","(not set)",6,6
"2025-09-03","Mexico","(not set)",5,5
"2025-09-03","(not set)","(not set)",4,4
"2025-09-03","Egypt","(not set)",4,3
"2025-09-03","Malaysia","(not set)",3,3
"2025-09-03","Algeria","(not set)",2,2
"2025-09-03","Argentina","(not set)",2,2
"2025-09-03","India","(not set)",2,2
"2025-09-03","Pakistan","(not set)",2,2
"2025-09-03","Saudi Arabia","(not set)",2,2
"2025-09-03","Thailand","(not set)",2,2
"2025-09-03","Angola","(not set)",1,1
"2025-09-03","Bahrain","(not set)",1,1
"2025-09-03","Bolivia","(not set)",1,1
"2025-09-03","Bosnia & Herzegovina","(not set)",1,1
"2025-09-03","Bulgaria","(not set)",1,1
"2025-09-03","Canada","(not set)",1,1
"2025-09-03","Colombia","(not set)",1,1
"2025-09-03","Ecuador","(not set)",1,1
"2025-09-03","Gabon","(not set)",1,1
"2025-09-03","Jamaica","(not set)",1,1
"2025-09-03","Morocco","(not set)",1,1
"2025-09-03","Myanmar (Burma)","(not set)",1,1
"2025-09-03","Nigeria","(not set)",1,1
"2025-09-03","Oman","(not set)",1,1
"2025-09-03","Philippines","(not set)",1,1
"2025-09-03","Puerto Rico","(not set)",1,1
"2025-09-03","South Korea","(not set)",1,1
"2025-09-03","Syria","(not set)",1,1
"2025-09-03","Tajikistan","(not set)",1,1
"2025-09-03","Türkiye","(not set)",1,1
"2025-09-03","Yemen","(not set)",1,1
"2025-09-04","Brazil","(not set)",1110,1089
"2025-09-04","United States","(not set)",67,65
"2025-09-04","(not set)","(not set)",12,12
"2025-09-04","Bangladesh","(not set)",4,4
"2025-09-04","Egypt","(not set)",4,4
"2025-09-04","India","(not set)",4,4
"2025-09-04","Iran","(not set)",4,4
"2025-09-04","Canada","(not set)",3,3
"2025-09-04","Colombia","(not set)",3,3
"2025-09-04","Philippines","(not set)",3,3
"2025-09-04","United Arab Emirates","(not set)",3,2
"2025-09-04","Indonesia","(not set)",2,2
"2025-09-04","Morocco","(not set)",2,2
"2025-09-04","Portugal","(not set)",2,2
"2025-09-04","Saudi Arabia","(not set)",2,2
"2025-09-04","Türkiye","(not set)",2,2
"2025-09-04","Algeria","(not set)",1,1
"2025-09-04","Angola","(not set)",1,1
"2025-09-04","Chile","(not set)",1,1
"2025-09-04","Germany","(not set)",1,1
"2025-09-04","Mexico","(not set)",1,1
"2025-09-04","Poland","(not set)",1,1
"2025-09-04","South Korea","(not set)",1,1
"2025-09-04","Spain","(not set)",1,1
"2025-09-04","Switzerland","(not set)",1,1
"2025-09-04","United Kingdom","(not set)",1,1
"2025-09-04","Uzbekistan","(not set)",1,1
"2025-09-05","Brazil","(not set)",1181,1155
"2025-09-05","United States","(not set)",56,55
"2025-09-05","(not set)","(not set)",9,9
"2025-09-05","Egypt","(not set)",6,6
"2025-09-05","Mexico","(not set)",4,4
"2025-09-05","India","(not set)",3,3
"2025-09-05","Iran","(not set)",3,3
"2025-09-05","Saudi Arabia","(not set)",3,3
"2025-09-05","Algeria","(not set)",2,2
"2025-09-05","Argentina","(not set)",2,2
"2025-09-05","Bangladesh","(not set)",2,2
"2025-09-05","Germany","(not set)",2,2
"2025-09-05","Türkiye","(not set)",2,2
"2025-09-05","United Arab Emirates","(not set)",2,2
"2025-09-05","United Kingdom","(not set)",2,2
"2025-09-05","Armenia","(not set)",1,1
"2025-09-05","Australia","(not set)",1,1
"2025-09-05","Bolivia","(not set)",1,1
"2025-09-05","French Guiana","(not set)",1,1
"2025-09-05","Ghana","(not set)",1,1
"2025-09-05","Israel","(not set)",1,1
"2025-09-05","Italy","(not set)",1,1
"2025-09-05","Kuwait","(not set)",1,1
"2025-09-05","Malaysia","(not set)",1,1
"2025-09-05","Portugal","(not set)",1,1
"2025-09-05","Singapore","(not set)",1,1
"2025-09-05","South Korea","(not set)",1,1
"2025-09-05","Sudan","(not set)",1,1
"2025-09-06","Brazil","(not set)",1299,1272
"2025-09-06","United States","(not set)",53,53
"2025-09-06","Iran","(not set)",7,7
"2025-09-06","Egypt","(not set)",5,5
"2025-09-06","India","(not set)",5,5
"2025-09-06","United Arab Emirates","(not set)",5,3
"2025-09-06","Bangladesh","(not set)",4,4
"2025-09-06","Mexico","(not set)",4,4
"2025-09-06","Algeria","(not set)",3,3
"2025-09-06","Philippines","(not set)",3,3
"2025-09-06","Colombia","(not set)",2,2
"2025-09-06","Nigeria","(not set)",2,2
"2025-09-06","Portugal","(not set)",2,2
"2025-09-06","South Korea","(not set)",2,2
"2025-09-06","Syria","(not set)",2,2
"2025-09-06","United Kingdom","(not set)",2,2
"2025-09-06","(not set)","(not set)",1,1
"2025-09-06","Albania","(not set)",1,1
"2025-09-06","Canada","(not set)",1,1
"2025-09-06","Indonesia","(not set)",1,1
"2025-09-06","Israel","(not set)",1,1
"2025-09-06","Morocco","(not set)",1,1
"2025-09-06","Pakistan","(not set)",1,1
"2025-09-06","Palestine","(not set)",1,1
"2025-09-06","Panama","(not set)",1,1
"2025-09-06","Peru","(not set)",1,1
"2025-09-06","Puerto Rico","(not set)",1,1
"2025-09-06","Tunisia","(not set)",1,1
"2025-09-06","Venezuela","(not set)",1,1
"2025-09-06","Vietnam","(not set)",1,1
"2025-09-07","Brazil","(not set)",1532,1508
"2025-09-07","United States","(not set)",62,62
"2025-09-07","Mexico","(not set)",8,7
"2025-09-07","Iran","(not set)",6,6
"2025-09-07","Egypt","(not set)",5,4
"2025-09-07","India","(not set)",4,4
"2025-09-07","Nigeria","(not set)",4,2
"2025-09-07","South Korea","(not set)",4,4
"2025-09-07","Bangladesh","(not set)",3,3
"2025-09-07","Indonesia","(not set)",3,3
"2025-09-07","Bosnia & Herzegovina","(not set)",2,2
"2025-09-07","United Kingdom","(not set)",2,2
"2025-09-07","Algeria","(not set)",1,1
"2025-09-07","Bulgaria","(not set)",1,1
"2025-09-07","Canada","(not set)",1,1
"2025-09-07","Colombia","(not set)",1,1
"2025-09-07","Ethiopia","(not set)",1,1
"2025-09-07","Japan","(not set)",1,1
"2025-09-07","Jordan","(not set)",1,1
"2025-09-07","Malaysia","(not set)",1,1
"2025-09-07","Netherlands","(not set)",1,1
"2025-09-07","Paraguay","(not set)",1,1
"2025-09-07","Peru","(not set)",1,1
"2025-09-07","Puerto Rico","(not set)",1,1
"2025-09-07","Saudi Arabia","(not set)",1,1
"2025-09-07","Syria","(not set)",1,1
"2025-09-07","Thailand","(not set)",1,1
"2025-09-07","Türkiye","(not set)",1,1
"2025-09-08","Brazil","(not set)",1225,1200
"2025-09-08","United States","(not set)",53,53
"2025-09-08","(not set)","(not set)",26,25
"2025-09-08","Egypt","(not set)",7,7
"2025-09-08","India","(not set)",5,5
"2025-09-08","Indonesia","(not set)",4,4
"2025-09-08","Iran","(not set)",3,3
"2025-09-08","Mexico","(not set)",3,3
"2025-09-08","Bangladesh","(not set)",2,2
"2025-09-08","Jordan","(not set)",2,2
"2025-09-08","Nigeria","(not set)",2,2
"2025-09-08","Saudi Arabia","(not set)",2,2
"2025-09-08","Australia","(not set)",1,1
"2025-09-08","Canada","(not set)",1,1
"2025-09-08","Chile","(not set)",1,1
"2025-09-08","China","(not set)",1,1
"2025-09-08","Mozambique","(not set)",1,1
"2025-09-08","Netherlands","(not set)",1,1
"2025-09-08","Paraguay","(not set)",1,1
"2025-09-08","Portugal","(not set)",1,1
"2025-09-08","Puerto Rico","(not set)",1,1
"2025-09-08","Romania","(not set)",1,1
"2025-09-08","South Korea","(not set)",1,1
"2025-09-08","Thailand","(not set)",1,1
"2025-09-08","United Arab Emirates","(not set)",1,1
"2025-09-08","Venezuela","(not set)",1,1
"2025-09-09","Brazil","(not set)",1175,1146
"2025-09-09","United States","(not set)",50,49
"2025-09-09","(not set)","(not set)",13,13
"2025-09-09","Algeria","(not set)",5,5
"2025-09-09","Iran","(not set)",4,4
"2025-09-09","Mexico","(not set)",4,4
"2025-09-09","Egypt","(not set)",3,3
"2025-09-09","Portugal","(not set)",3,2
"2025-09-09","India","(not set)",2,2
"2025-09-09","Malaysia","(not set)",2,2
"2025-09-09","Philippines","(not set)",2,2
"2025-09-09","Saudi Arabia","(not set)",2,2
"2025-09-09","United Kingdom","(not set)",2,2
"2025-09-09","Angola","(not set)",1,1
"2025-09-09","Argentina","(not set)",1,1
"2025-09-09","Bangladesh","(not set)",1,1
"2025-09-09","Bosnia & Herzegovina","(not set)",1,1
"2025-09-09","Canada","(not set)",1,1
"2025-09-09","El Salvador","(not set)",1,1
"2025-09-09","Germany","(not set)",1,1
"2025-09-09","Guatemala","(not set)",1,1
"2025-09-09","Mauritius","(not set)",1,1
"2025-09-09","Morocco","(not set)",1,1
"2025-09-09","Oman","(not set)",1,1
"2025-09-09","Pakistan","(not set)",1,1
"2025-09-09","Puerto Rico","(not set)",1,1
"2025-09-09","Romania","(not set)",1,1
"2025-09-09","St. Kitts & Nevis","(not set)",1,1
"2025-09-09","Thailand","(not set)",1,1
"2025-09-09","Türkiye","(not set)",1,1
"2025-09-09","United Arab Emirates","(not set)",1,1
"2025-09-10","Brazil","(not set)",1341,1322
"2025-09-10","United States","(not set)",56,55
"2025-09-10","Egypt","(not set)",7,7
"2025-09-10","Iran","(not set)",5,4
"2025-09-10","Mexico","(not set)",4,4
"2025-09-10","(not set)","(not set)",3,3
"2025-09-10","Bangladesh","(not set)",3,3
"2025-09-10","Saudi Arabia","(not set)",3,3
"2025-09-10","Algeria","(not set)",2,2
"2025-09-10","Canada","(not set)",2,2
"2025-09-10","India","(not set)",2,2
"2025-09-10","South Korea","(not set)",2,2
"2025-09-10","Thailand","(not set)",2,2
"2025-09-10","Argentina","(not set)",1,1
"2025-09-10","Honduras","(not set)",1,1
"2025-09-10","Indonesia","(not set)",1,1
"2025-09-10","Iraq","(not set)",1,1
"2025-09-10","Malaysia","(not set)",1,1
"2025-09-10","Morocco","(not set)",1,1
"2025-09-10","Nepal","(not set)",1,1
"2025-09-10","Peru","(not set)",1,1
"2025-09-10","Puerto Rico","(not set)",1,1
"2025-09-10","Romania","(not set)",1,1
"2025-09-10","Russia","(not set)",1,1
"2025-09-10","Türkiye","(not set)",1,1
"2025-09-10","Zambia","(not set)",1,1
"2025-09-11","Brazil","(not set)",1474,1448
"2025-09-11","United States","(not set)",61,61
"2025-09-11","(not set)","(not set)",14,14
"2025-09-11","Iran","(not set)",6,6
"2025-09-11","India","(not set)",4,4
"2025-09-11","Egypt","(not set)",3,3
"2025-09-11","Indonesia","(not set)",3,3
"2025-09-11","Mexico","(not set)",3,3
"2025-09-11","Morocco","(not set)",3,3
"2025-09-11","Argentina","(not set)",2,2
"2025-09-11","Bangladesh","(not set)",2,2
"2025-09-11","Iraq","(not set)",2,2
"2025-09-11","Oman","(not set)",2,2
"2025-09-11","Türkiye","(not set)",2,2
"2025-09-11","Algeria","(not set)",1,1
"2025-09-11","Canada","(not set)",1,1
"2025-09-11","Ecuador","(not set)",1,1
"2025-09-11","Myanmar (Burma)","(not set)",1,1
"2025-09-11","Netherlands","(not set)",1,1
"2025-09-11","Nigeria","(not set)",1,1
"2025-09-11","Philippines","(not set)",1,1
"2025-09-11","Poland","(not set)",1,1
"2025-09-11","Romania","(not set)",1,1
"2025-09-11","Somalia","(not set)",1,1
"2025-09-11","South Africa","(not set)",1,1
"2025-09-11","South Korea","(not set)",1,1
"2025-09-11","Ukraine","(not set)",1,1
"2025-09-11","United Arab Emirates","(not set)",1,1
"2025-09-11","Vietnam","(not set)",1,1
"2025-09-12","Brazil","(not set)",1535,1503
"2025-09-12","United States","(not set)",78,77
"2025-09-12","India","(not set)",8,8
"2025-09-12","Iran","(not set)",5,5
"2025-09-12","(not set)","(not set)",4,4
"2025-09-12","Algeria","(not set)",4,4
"2025-09-12","Egypt","(not set)",4,4
"2025-09-12","Indonesia","(not set)",3,3
"2025-09-12","Bangladesh","(not set)",2,2
"2025-09-12","Germany","(not set)",2,2
"2025-09-12","Mexico","(not set)",2,2
"2025-09-12","Philippines","(not set)",2,2
"2025-09-12","Puerto Rico","(not set)",2,2
"2025-09-12","Saudi Arabia","(not set)",2,2
"2025-09-12","Türkiye","(not set)",2,1
"2025-09-12","Argentina","(not set)",1,1
"2025-09-12","Canada","(not set)",1,1
"2025-09-12","Jordan","(not set)",1,1
"2025-09-12","Malaysia","(not set)",1,1
"2025-09-12","Morocco","(not set)",1,1
"2025-09-12","Netherlands","(not set)",1,1
"2025-09-12","Portugal","(not set)",1,1
"2025-09-12","Russia","(not set)",1,1
"2025-09-12","Singapore","(not set)",1,1
"2025-09-12","South Africa","(not set)",1,1
"2025-09-12","South Korea","(not set)",1,1
"2025-09-12","Thailand","(not set)",1,1
"2025-09-12","United Arab Emirates","(not set)",1,1
"2025-09-12","Uzbekistan","(not set)",1,1
"2025-09-12","Zimbabwe","(not set)",1,1
"2025-09-13","Brazil","(not set)",1655,1628
"2025-09-13","United States","(not set)",53,52
"2025-09-13","India","(not set)",10,10
"2025-09-13","Mexico","(not set)",8,8
"2025-09-13","Bangladesh","(not set)",5,5
"2025-09-13","Algeria","(not set)",4,4
"2025-09-13","Iran","(not set)",4,4
"2025-09-13","Colombia","(not set)",3,3
"2025-09-13","Egypt","(not set)",3,3
"2025-09-13","Philippines","(not set)",3,3
"2025-09-13","Portugal","(not set)",3,2
"2025-09-13","Saudi Arabia","(not set)",3,3
"2025-09-13","Türkiye","(not set)",3,3
"2025-09-13","(not set)","(not set)",2,2
"2025-09-13","Qatar","(not set)",2,2
"2025-09-13","Angola","(not set)",1,1
"2025-09-13","Argentina","(not set)",1,1
"2025-09-13","Belgium","(not set)",1,1
"2025-09-13","Ecuador","(not set)",1,1
"2025-09-13","Ethiopia","(not set)",1,1
"2025-09-13","Guatemala","(not set)",1,1
"2025-09-13","Indonesia","(not set)",1,1
"2025-09-13","Israel","(not set)",1,1
"2025-09-13","Nicaragua","(not set)",1,1
"2025-09-13","Nigeria","(not set)",1,1
"2025-09-13","Pakistan","(not set)",1,1
"2025-09-13","Puerto Rico","(not set)",1,1
"2025-09-13","South Korea","(not set)",1,1
"2025-09-13","Tunisia","(not set)",1,1
"2025-09-13","Vietnam","(not set)",1,1
"2025-09-14","Brazil","(not set)",1832,1803
"2025-09-14","United States","(not set)",54,54
"2025-09-14","Egypt","(not set)",7,7
"2025-09-14","India","(not set)",5,5
"2025-09-14","Iran","(not set)",5,5
"2025-09-14","Algeria","(not set)",3,3
"2025-09-14","Indonesia","(not set)",2,2
"2025-09-14","Morocco","(not set)",2,2
"2025-09-14","Philippines","(not set)",2,2
"2025-09-14","Portugal","(not set)",2,2
"2025-09-14","Argentina","(not set)",1,1
"2025-09-14","Bangladesh","(not set)",1,1
"2025-09-14","Guatemala","(not set)",1,1
"2025-09-14","Iraq","(not set)",1,1
"2025-09-14","Jordan","(not set)",1,1
"2025-09-14","Mali","(not set)",1,1
"2025-09-14","Nigeria","(not set)",1,1
"2025-09-14","Paraguay","(not set)",1,1
"2025-09-14","Saudi Arabia","(not set)",1,1
"2025-09-14","Serbia","(not set)",1,1
"2025-09-14","United Arab Emirates","(not set)",1,1
"2025-09-14","United Kingdom","(not set)",1,1
"2025-09-15","Brazil","(not set)",1541,1509
"2025-09-15","United States","(not set)",45,45
"2025-09-15","(not set)","(not set)",15,15
"2025-09-15","Egypt","(not set)",9,9
"2025-09-15","India","(not set)",7,7
"2025-09-15","Algeria","(not set)",5,5
"2025-09-15","Bangladesh","(not set)",5,5
"2025-09-15","Indonesia","(not set)",2,2
"2025-09-15","Jordan","(not set)",2,2
"2025-09-15","Mexico","(not set)",2,2
"2025-09-15","Morocco","(not set)",2,2
"2025-09-15","Peru","(not set)",2,2
"2025-09-15","Vietnam","(not set)",2,2
"2025-09-15","Argentina","(not set)",1,1
"2025-09-15","Bolivia","(not set)",1,1
"2025-09-15","Colombia","(not set)",1,1
"2025-09-15","Guinea-Bissau","(not set)",1,1
"2025-09-15","Hong Kong","(not set)",1,1
"2025-09-15","Iran","(not set)",1,1
"2025-09-15","Italy","(not set)",1,1
"2025-09-15","Malaysia","(not set)",1,1
"2025-09-15","Mozambique","(not set)",1,1
"2025-09-15","Myanmar (Burma)","(not set)",1,1
"2025-09-15","Panama","(not set)",1,1
"2025-09-15","Philippines","(not set)",1,1
"2025-09-15","Portugal","(not set)",1,1
"2025-09-15","Qatar","(not set)",1,1
"2025-09-15","Russia","(not set)",1,1
"2025-09-15","Serbia","(not set)",1,1
"2025-09-15","Spain","(not set)",1,1
"2025-09-15","Tajikistan","(not set)",1,1
"2025-09-15","Türkiye","(not set)",1,1
"2025-09-15","United Kingdom","(not set)",1,1
"2025-09-15","Venezuela","(not set)",1,1
"2025-09-16","Brazil","(not set)",1488,1465
"2025-09-16","United States","(not set)",52,51
"2025-09-16","(not set)","(not set)",12,12
"2025-09-16","India","(not set)",8,8
"2025-09-16","Iran","(not set)",5,5
"2025-09-16","Bangladesh","(not set)",4,4
"2025-09-16","Morocco","(not set)",3,3
"2025-09-16","Argentina","(not set)",2,2
"2025-09-16","Egypt","(not set)",2,2
"2025-09-16","Germany","(not set)",2,2
"2025-09-16","Indonesia","(not set)",2,2
"2025-09-16","Philippines","(not set)",2,2
"2025-09-16","Algeria","(not set)",1,1
"2025-09-16","Canada","(not set)",1,1
"2025-09-16","Chile","(not set)",1,1
"2025-09-16","Malaysia","(not set)",1,1
"2025-09-16","Mozambique","(not set)",1,1
"2025-09-16","Pakistan","(not set)",1,1
"2025-09-16","Portugal","(not set)",1,1
"2025-09-16","Serbia","(not set)",1,1
"2025-09-16","Spain","(not set)",1,1
"2025-09-16","Syria","(not set)",1,1
"2025-09-16","Türkiye","(not set)",1,1
"2025-09-16","United Arab Emirates","(not set)",1,1
"2025-09-17","Brazil","(not set)",1397,1370
"2025-09-17","United States","(not set)",84,82
"2025-09-17","China","(not set)",15,15
"2025-09-17","(not set)","(not set)",8,7
"2025-09-17","India","(not set)",7,7
"2025-09-17","Egypt","(not set)",5,5
"2025-09-17","Germany","(not set)",4,3
"2025-09-17","Netherlands","(not set)",3,1
"2025-09-17","Bangladesh","(not set)",2,2
"2025-09-17","Mexico","(not set)",2,2
"2025-09-17","Nigeria","(not set)",2,2
"2025-09-17","Saudi Arabia","(not set)",2,2
"2025-09-17","Serbia","(not set)",2,1
"2025-09-17","Thailand","(not set)",2,2
"2025-09-17","Algeria","(not set)",1,1
"2025-09-17","Argentina","(not set)",1,1
"2025-09-17","Canada","(not set)",1,1
"2025-09-17","Chile","(not set)",1,1
"2025-09-17","Colombia","(not set)",1,1
"2025-09-17","Ecuador","(not set)",1,1
"2025-09-17","Iran","(not set)",1,1
"2025-09-17","Israel","(not set)",1,1
"2025-09-17","Japan","(not set)",1,1
"2025-09-17","Malaysia","(not set)",1,1
"2025-09-17","Mozambique","(not set)",1,1
"2025-09-17","Pakistan","(not set)",1,1
"2025-09-17","Portugal","(not set)",1,1
"2025-09-17","Vietnam","(not set)",1,1
"2025-09-18","Brazil","(not set)",1435,1414
"2025-09-18","United States","(not set)",90,89
"2025-09-18","(not set)","(not set)",17,17
"2025-09-18","Bangladesh","(not set)",12,11
"2025-09-18","Mexico","(not set)",10,9
"2025-09-18","Egypt","(not set)",6,6
"2025-09-18","Iran","(not set)",6,6
"2025-09-18","Indonesia","(not set)",5,5
"2025-09-18","Algeria","(not set)",4,4
"2025-09-18","Saudi Arabia","(not set)",4,4
"2025-09-18","India","(not set)",3,3
"2025-09-18","Canada","(not set)",2,2
"2025-09-18","Philippines","(not set)",2,2
"2025-09-18","Qatar","(not set)",2,1
"2025-09-18","China","(not set)",1,1
"2025-09-18","Colombia","(not set)",1,1
"2025-09-18","Ecuador","(not set)",1,1
"2025-09-18","El Salvador","(not set)",1,1
"2025-09-18","Ethiopia","(not set)",1,1
"2025-09-18","France","(not set)",1,1
"2025-09-18","Honduras","(not set)",1,1
"2025-09-18","Israel","(not set)",1,1
"2025-09-18","Morocco","(not set)",1,1
"2025-09-18","Netherlands","(not set)",1,1
"2025-09-18","Pakistan","(not set)",1,1
"2025-09-18","Serbia","(not set)",1,1
"2025-09-18","Singapore","(not set)",1,1
"2025-09-18","Tanzania","(not set)",1,1
"2025-09-18","Türkiye","(not set)",1,1
"2025-09-18","Uzbekistan","(not set)",1,1
"2025-09-19","Brazil","(not set)",1371,1345
"2025-09-19","United States","(not set)",70,69
"2025-09-19","India","(not set)",5,5
"2025-09-19","Mexico","(not set)",4,4
"2025-09-19","Philippines","(not set)",4,4
"2025-09-19","Bangladesh","(not set)",3,3
"2025-09-19","Egypt","(not set)",3,3
"2025-09-19","Iran","(not set)",3,3
"2025-09-19","Togo","(not set)",3,2
"2025-09-19","(not set)","(not set)",2,2
"2025-09-19","Puerto Rico","(not set)",2,2
"2025-09-19","Türkiye","(not set)",2,2
"2025-09-19","United Arab Emirates","(not set)",2,2
"2025-09-19","Algeria","(not set)",1,1
"2025-09-19","Angola","(not set)",1,1
"2025-09-19","Bahrain","(not set)",1,1
"2025-09-19","Cuba","(not set)",1,1
"2025-09-19","Estonia","(not set)",1,1
"2025-09-19","Germany","(not set)",1,1
"2025-09-19","Iraq","(not set)",1,1
"2025-09-19","Israel","(not set)",1,1
"2025-09-19","Italy","(not set)",1,1
"2025-09-19","Mauritania","(not set)",1,1
"2025-09-19","Morocco","(not set)",1,1
"2025-09-19","Netherlands","(not set)",1,1
"2025-09-19","Peru","(not set)",1,1
"2025-09-19","Poland","(not set)",1,1
"2025-09-19","Saudi Arabia","(not set)",1,1
"2025-09-19","Serbia","(not set)",1,1
"2025-09-19","Uganda","(not set)",1,1
"2025-09-19","United Kingdom","(not set)",1,1
"2025-09-20","Brazil","(not set)",1590,1561
"2025-09-20","United States","(not set)",71,70
"2025-09-20","India","(not set)",8,8
"2025-09-20","Iran","(not set)",7,7
"2025-09-20","Bangladesh","(not set)",6,6
"2025-09-20","Egypt","(not set)",5,5
"2025-09-20","Algeria","(not set)",4,4
"2025-09-20","Mexico","(not set)",4,4
"2025-09-20","(not set)","(not set)",3,2
"2025-09-20","Morocco","(not set)",2,2
"2025-09-20","Portugal","(not set)",2,2
"2025-09-20","Saudi Arabia","(not set)",2,2
"2025-09-20","Türkiye","(not set)",2,2
"2025-09-20","Argentina","(not set)",1,1
"2025-09-20","Bahrain","(not set)",1,1
"2025-09-20","Canada","(not set)",1,1
"2025-09-20","Colombia","(not set)",1,1
"2025-09-20","Cuba","(not set)",1,1
"2025-09-20","Ecuador","(not set)",1,1
"2025-09-20","El Salvador","(not set)",1,1
"2025-09-20","Ethiopia","(not set)",1,1
"2025-09-20","Hungary","(not set)",1,1
"2025-09-20","Indonesia","(not set)",1,1
"2025-09-20","Ireland","(not set)",1,1
"2025-09-20","Malaysia","(not set)",1,1
"2025-09-20","Micronesia","(not set)",1,1
"2025-09-20","Netherlands","(not set)",1,1
"2025-09-20","New Zealand","(not set)",1,1
"2025-09-20","Nigeria","(not set)",1,1
"2025-09-20","Pakistan","(not set)",1,1
"2025-09-20","Puerto Rico","(not set)",1,1
"2025-09-20","Romania","(not set)",1,1
"2025-09-20","Serbia","(not set)",1,1
"2025-09-20","Spain","(not set)",1,1
"2025-09-20","Sweden","(not set)",1,1
"2025-09-20","Syria","(not set)",1,1
"2025-09-20","Thailand","(not set)",1,1
"2025-09-21","Brazil","(not set)",1793,1755
"2025-09-21","United States","(not set)",60,60
"2025-09-21","Mexico","(not set)",8,7
"2025-09-21","Bangladesh","(not set)",6,6
"2025-09-21","India","(not set)",6,6
"2025-09-21","Indonesia","(not set)",6,6
"2025-09-21","Iran","(not set)",5,5
"2025-09-21","Egypt","(not set)",4,4
"2025-09-21","Portugal","(not set)",4,4
"2025-09-21","Morocco","(not set)",3,3
"2025-09-21","Algeria","(not set)",2,2
"2025-09-21","Canada","(not set)",2,2
"2025-09-21","Israel","(not set)",2,2
"2025-09-21","Pakistan","(not set)",2,2
"2025-09-21","Philippines","(not set)",2,2
"2025-09-21","(not set)","(not set)",1,1
"2025-09-21","Argentina","(not set)",1,1
"2025-09-21","Australia","(not set)",1,1
"2025-09-21","Bolivia","(not set)",1,1
"2025-09-21","Chile","(not set)",1,1
"2025-09-21","Colombia","(not set)",1,1
"2025-09-21","Germany","(not set)",1,1
"2025-09-21","Hungary","(not set)",1,1
"2025-09-21","Italy","(not set)",1,1
"2025-09-21","Malaysia","(not set)",1,1
"2025-09-21","New Zealand","(not set)",1,1
"2025-09-21","Russia","(not set)",1,1
"2025-09-21","Saudi Arabia","(not set)",1,1
"2025-09-21","Spain","(not set)",1,1
"2025-09-21","Syria","(not set)",1,1
"2025-09-22","Brazil","(not set)",1538,1504
"2025-09-22","United States","(not set)",47,47
"2025-09-22","(not set)","(not set)",33,33
"2025-09-22","India","(not set)",7,7
"2025-09-22","Egypt","(not set)",5,5
"2025-09-22","Iran","(not set)",4,4
"2025-09-22","Mexico","(not set)",4,4
"2025-09-22","Germany","(not set)",2,2
"2025-09-22","Jordan","(not set)",2,2
"2025-09-22","Morocco","(not set)",2,2
"2025-09-22","Philippines","(not set)",2,2
"2025-09-22","Portugal","(not set)",2,1
"2025-09-22","United Arab Emirates","(not set)",2,2
"2025-09-22","Angola","(not set)",1,1
"2025-09-22","Argentina","(not set)",1,1
"2025-09-22","Bangladesh","(not set)",1,1
"2025-09-22","Canada","(not set)",1,1
"2025-09-22","Indonesia","(not set)",1,1
"2025-09-22","Italy","(not set)",1,1
"2025-09-22","Kuwait","(not set)",1,1
"2025-09-22","Lithuania","(not set)",1,1
"2025-09-22","Netherlands","(not set)",1,1
"2025-09-22","Paraguay","(not set)",1,1
"2025-09-22","Poland","(not set)",1,1
"2025-09-22","Puerto Rico","(not set)",1,1
"2025-09-22","Romania","(not set)",1,1
"2025-09-22","South Africa","(not set)",1,1
"2025-09-22","Vietnam","(not set)",1,1
"2025-09-23","Brazil","(not set)",1465,1433
"2025-09-23","(not set)","(not set)",61,60
"2025-09-23","United States","(not set)",57,57
"2025-09-23","India","(not set)",9,9
"2025-09-23","Iran","(not set)",9,8
"2025-09-23","Algeria","(not set)",4,4
"2025-09-23","Saudi Arabia","(not set)",4,4
"2025-09-23","Bangladesh","(not set)",3,3
"2025-09-23","Portugal","(not set)",3,3
"2025-09-23","Philippines","(not set)",2,2
"2025-09-23","Spain","(not set)",2,2
"2025-09-23","United Kingdom","(not set)",2,2
"2025-09-23","Austria","(not set)",1,1
"2025-09-23","Canada","(not set)",1,1
"2025-09-23","Chile","(not set)",1,1
"2025-09-23","Egypt","(not set)",1,1
"2025-09-23","El Salvador","(not set)",1,1
"2025-09-23","Indonesia","(not set)",1,1
"2025-09-23","Liberia","(not set)",1,1
"2025-09-23","Malaysia","(not set)",1,1
"2025-09-23","Mexico","(not set)",1,1
"2025-09-23","Mozambique","(not set)",1,1
"2025-09-23","Netherlands","(not set)",1,1
"2025-09-23","Paraguay","(not set)",1,1
"2025-09-23","Poland","(not set)",1,1
"2025-09-23","Puerto Rico","(not set)",1,1
"2025-09-23","Qatar","(not set)",1,1
"2025-09-23","Slovakia","(not set)",1,1
"2025-09-23","Venezuela","(not set)",1,1
"2025-09-23","Vietnam","(not set)",1,1
"2025-09-24","Brazil","(not set)",1606,1573
"2025-09-24","United States","(not set)",71,70
"2025-09-24","Bangladesh","(not set)",9,9
"2025-09-24","Egypt","(not set)",7,7
"2025-09-24","Mexico","(not set)",5,5
"2025-09-24","India","(not set)",4,4
"2025-09-24","Indonesia","(not set)",4,4
"2025-09-24","(not set)","(not set)",3,3
"2025-09-24","Germany","(not set)",3,1
"2025-09-24","Iran","(not set)",3,3
"2025-09-24","Portugal","(not set)",3,3
"2025-09-24","Saudi Arabia","(not set)",2,2
"2025-09-24","Algeria","(not set)",1,1
"2025-09-24","Bulgaria","(not set)",1,1
"2025-09-24","Canada","(not set)",1,1
"2025-09-24","Costa Rica","(not set)",1,1
"2025-09-24","Dominican Republic","(not set)",1,1
"2025-09-24","France","(not set)",1,1
"2025-09-24","Guatemala","(not set)",1,1
"2025-09-24","Jordan","(not set)",1,1
"2025-09-24","Kenya","(not set)",1,1
"2025-09-24","Libya","(not set)",1,1
"2025-09-24","Nepal","(not set)",1,1
"2025-09-24","Nigeria","(not set)",1,1
"2025-09-24","Paraguay","(not set)",1,1
"2025-09-24","Peru","(not set)",1,1
"2025-09-24","Puerto Rico","(not set)",1,1
"2025-09-24","Qatar","(not set)",1,1
"2025-09-24","Syria","(not set)",1,1
"2025-09-24","Türkiye","(not set)",1,1
"2025-09-24","United Kingdom","(not set)",1,1
"2025-09-24","Venezuela","(not set)",1,1
"2025-09-25","Brazil","(not set)",1599,1562
"2025-09-25","United States","(not set)",63,63
"2025-09-25","(not set)","(not set)",7,5
"2025-09-25","Algeria","(not set)",5,5
"2025-09-25","India","(not set)",5,5
"2025-09-25","Indonesia","(not set)",5,4
"2025-09-25","Mexico","(not set)",5,5
"2025-09-25","Iran","(not set)",4,4
"2025-09-25","Argentina","(not set)",2,2
"2025-09-25","Canada","(not set)",2,2
"2025-09-25","Egypt","(not set)",2,2
"2025-09-25","France","(not set)",2,2
"2025-09-25","Morocco","(not set)",2,2
"2025-09-25","Bangladesh","(not set)",1,1
"2025-09-25","Germany","(not set)",1,1
"2025-09-25","Ghana","(not set)",1,1
"2025-09-25","Hungary","(not set)",1,1
"2025-09-25","Iraq","(not set)",1,1
"2025-09-25","Moldova","(not set)",1,1
"2025-09-25","Netherlands","(not set)",1,1
"2025-09-25","Peru","(not set)",1,1
"2025-09-25","Philippines","(not set)",1,1
"2025-09-25","Portugal","(not set)",1,1
"2025-09-25","Saudi Arabia","(not set)",1,1
"2025-09-25","Thailand","(not set)",1,1
"2025-09-25","United Kingdom","(not set)",1,1
"2025-09-25","Uruguay","(not set)",1,1
"2025-09-25","Vietnam","(not set)",1,1
"2025-09-26","Brazil","(not set)",1553,1521
"2025-09-26","United States","(not set)",52,52
"2025-09-26","India","(not set)",6,6
"2025-09-26","Bangladesh","(not set)",5,5
"2025-09-26","Egypt","(not set)",5,5
"2025-09-26","Indonesia","(not set)",4,4
"2025-09-26","Portugal","(not set)",4,4
"2025-09-26","Mexico","(not set)",3,3
"2025-09-26","Algeria","(not set)",2,2
"2025-09-26","Germany","(not set)",2,2
"2025-09-26","Iran","(not set)",2,2
"2025-09-26","Morocco","(not set)",2,2
"2025-09-26","Armenia","(not set)",1,1
"2025-09-26","Canada","(not set)",1,1
"2025-09-26","Colombia","(not set)",1,1
"2025-09-26","France","(not set)",1,1
"2025-09-26","Malaysia","(not set)",1,1
"2025-09-26","Nigeria","(not set)",1,1
"2025-09-26","Oman","(not set)",1,1
"2025-09-26","Pakistan","(not set)",1,1
"2025-09-26","Peru","(not set)",1,1
"2025-09-26","Philippines","(not set)",1,1
"2025-09-26","Saudi Arabia","(not set)",1,1
"2025-09-26","South Africa","(not set)",1,1
"2025-09-26","Syria","(not set)",1,1
"2025-09-26","Thailand","(not set)",1,1
"2025-09-26","Tunisia","(not set)",1,1
"2025-09-26","Türkiye","(not set)",1,1
"2025-09-26","United Arab Emirates","(not set)",1,1
"2025-09-27","Brazil","(not set)",1586,1562
"2025-09-27","United States","(not set)",69,67
"2025-09-27","India","(not set)",11,11
"2025-09-27","Portugal","(not set)",6,6
"2025-09-27","Bangladesh","(not set)",4,4
"2025-09-27","Indonesia","(not set)",4,3
"2025-09-27","Mexico","(not set)",4,4
"2025-09-27","Germany","(not set)",3,3
"2025-09-27","Iran","(not set)",3,3
"2025-09-27","Philippines","(not set)",3,3
"2025-09-27","Saudi Arabia","(not set)",3,3
"2025-09-27","Algeria","(not set)",2,2
"2025-09-27","Morocco","(not set)",2,2
"2025-09-27","Netherlands","(not set)",2,2
"2025-09-27","South Africa","(not set)",2,2
"2025-09-27","Thailand","(not set)",2,2
"2025-09-27","Vietnam","(not set)",2,2
"2025-09-27","(not set)","(not set)",1,1
"2025-09-27","Argentina","(not set)",1,1
"2025-09-27","Canada","(not set)",1,1
"2025-09-27","Egypt","(not set)",1,1
"2025-09-27","Greece","(not set)",1,1
"2025-09-27","Honduras","(not set)",1,1
"2025-09-27","Iraq","(not set)",1,1
"2025-09-27","Jordan","(not set)",1,1
"2025-09-27","Kuwait","(not set)",1,1
"2025-09-27","Pakistan","(not set)",1,1
"2025-09-27","Qatar","(not set)",1,1
"2025-09-27","Russia","(not set)",1,1
"2025-09-27","South Korea","(not set)",1,1
"2025-09-27","Türkiye","(not set)",1,1
"2025-09-28","Brazil","(not set)",1665,1630
"2025-09-28","United States","(not set)",76,76
"2025-09-28","Egypt","(not set)",7,7
"2025-09-28","Iran","(not set)",6,6
"2025-09-28","India","(not set)",5,5
"2025-09-28","Colombia","(not set)",4,4
"2025-09-28","Algeria","(not set)",3,3
"2025-09-28","Bangladesh","(not set)",3,3
"2025-09-28","Indonesia","(not set)",3,3
"2025-09-28","Saudi Arabia","(not set)",3,3
"2025-09-28","Jordan","(not set)",2,1
"2025-09-28","Mexico","(not set)",2,2
"2025-09-28","Philippines","(not set)",2,2
"2025-09-28","Argentina","(not set)",1,1
"2025-09-28","Armenia","(not set)",1,1
"2025-09-28","Belgium","(not set)",1,1
"2025-09-28","Canada","(not set)",1,1
"2025-09-28","Costa Rica","(not set)",1,1
"2025-09-28","Cyprus","(not set)",1,1
"2025-09-28","Germany","(not set)",1,1
"2025-09-28","Hungary","(not set)",1,1
"2025-09-28","Israel","(not set)",1,1
"2025-09-28","Netherlands","(not set)",1,1
"2025-09-28","Nigeria","(not set)",1,1
"2025-09-28","Oman","(not set)",1,1
"2025-09-28","Pakistan","(not set)",1,1
"2025-09-28","Peru","(not set)",1,1
"2025-09-28","Spain","(not set)",1,1
"2025-09-28","Sudan","(not set)",1,1
"2025-09-28","Sweden","(not set)",1,1
"2025-09-28","Thailand","(not set)",1,1
"2025-09-28","Tunisia","(not set)",1,1
"2025-09-28","Vietnam","(not set)",1,1
"2025-09-29","Brazil","(not set)",1293,1260
"2025-09-29","United States","(not set)",67,66
"2025-09-29","(not set)","(not set)",11,11
"2025-09-29","Bangladesh","(not set)",6,6
"2025-09-29","India","(not set)",6,5
"2025-09-29","Indonesia","(not set)",5,5
"2025-09-29","Mexico","(not set)",4,4
"2025-09-29","Algeria","(not set)",3,3
"2025-09-29","Egypt","(not set)",3,3
"2025-09-29","Nigeria","(not set)",2,2
"2025-09-29","Argentina","(not set)",1,1
"2025-09-29","Australia","(not set)",1,1
"2025-09-29","Bulgaria","(not set)",1,1
"2025-09-29","Germany","(not set)",1,1
"2025-09-29","Hungary","(not set)",1,1
"2025-09-29","Iran","(not set)",1,1
"2025-09-29","Iraq","(not set)",1,1
"2025-09-29","Jordan","(not set)",1,1
"2025-09-29","Netherlands","(not set)",1,1
"2025-09-29","Paraguay","(not set)",1,1
"2025-09-29","Peru","(not set)",1,1
"2025-09-29","Philippines","(not set)",1,1
"2025-09-29","Poland","(not set)",1,1
"2025-09-29","Uganda","(not set)",1,1
"2025-09-29","United Arab Emirates","(not set)",1,1
"2025-09-29","Vietnam","(not set)",1,1
"2025-09-30","Brazil","(not set)",1279,1249
"2025-09-30","United States","(not set)",55,55
"2025-09-30","Egypt","(not set)",5,5
"2025-09-30","India","(not set)",5,5
"2025-09-30","Iran","(not set)",3,3
"2025-09-30","Mexico","(not set)",3,3
"2025-09-30","Bangladesh","(not set)",2,2
"2025-09-30","Indonesia","(not set)",2,2
"2025-09-30","Malaysia","(not set)",2,2
"2025-09-30","Philippines","(not set)",2,2
"2025-09-30","Puerto Rico","(not set)",2,2
"2025-09-30","Romania","(not set)",2,2
"2025-09-30","Spain","(not set)",2,2
"2025-09-30","Syria","(not set)",2,2
"2025-09-30","Algeria","(not set)",1,1
"2025-09-30","Antigua & Barbuda","(not set)",1,1
"2025-09-30","Canada","(not set)",1,1
"2025-09-30","Dominican Republic","(not set)",1,1
"2025-09-30","Ethiopia","(not set)",1,1
"2025-09-30","Germany","(not set)",1,1
"2025-09-30","Ireland","(not set)",1,1
"2025-09-30","Italy","(not set)",1,1
"2025-09-30","Morocco","(not set)",1,1
"2025-09-30","Pakistan","(not set)",1,1
"2025-09-30","Peru","(not set)",1,1
"2025-09-30","Poland","(not set)",1,1
"2025-09-30","Portugal","(not set)",1,1
"2025-09-30","Saudi Arabia","(not set)",1,1
"2025-09-30","Tunisia","(not set)",1,1
"2025-09-30","Yemen","(not set)",1,1
"2025-10-01","Brazil","(not set)",1419,1395
"2025-10-01","United States","(not set)",64,64
"2025-10-01","(not set)","(not set)",53,49
"2025-10-01","Mexico","(not set)",6,6
"2025-10-01","India","(not set)",4,4
"2025-10-01","Portugal","(not set)",4,4
"2025-10-01","Bangladesh","(not set)",3,3
"2025-10-01","Egypt","(not set)",3,3
"2025-10-01","Germany","(not set)",3,3
"2025-10-01","Greece","(not set)",3,2
"2025-10-01","Indonesia","(not set)",3,3
"2025-10-01","Canada","(not set)",2,2
"2025-10-01","Colombia","(not set)",2,2
"2025-10-01","Kuwait","(not set)",2,2
"2025-10-01","Morocco","(not set)",2,2
"2025-10-01","Spain","(not set)",2,2
"2025-10-01","Algeria","(not set)",1,1
"2025-10-01","Argentina","(not set)",1,1
"2025-10-01","Bulgaria","(not set)",1,1
"2025-10-01","Cuba","(not set)",1,1
"2025-10-01","Dominican Republic","(not set)",1,1
"2025-10-01","Ethiopia","(not set)",1,1
"2025-10-01","France","(not set)",1,1
"2025-10-01","Guatemala","(not set)",1,1
"2025-10-01","Israel","(not set)",1,1
"2025-10-01","Japan","(not set)",1,1
"2025-10-01","Malaysia","(not set)",1,1
"2025-10-01","Netherlands","(not set)",1,1
"2025-10-01","Nigeria","(not set)",1,1
"2025-10-01","Philippines","(not set)",1,1
"2025-10-01","Puerto Rico","(not set)",1,1
"2025-10-01","South Africa","(not set)",1,1
"2025-10-01","South Korea","(not set)",1,1
"2025-10-02","Brazil","(not set)",1517,1482
"2025-10-02","United States","(not set)",70,70
"2025-10-02","(not set)","(not set)",40,40
"2025-10-02","Bangladesh","(not set)",11,11
"2025-10-02","Egypt","(not set)",6,6
"2025-10-02","India","(not set)",6,6
"2025-10-02","Indonesia","(not set)",4,4
"2025-10-02","Iran","(not set)",4,4
"2025-10-02","Mexico","(not set)",4,4
"2025-10-02","Germany","(not set)",3,3
"2025-10-02","Algeria","(not set)",2,2
"2025-10-02","Argentina","(not set)",2,2
"2025-10-02","Jordan","(not set)",2,2
"2025-10-02","Bosnia & Herzegovina","(not set)",1,1
"2025-10-02","Colombia","(not set)",1,1
"2025-10-02","El Salvador","(not set)",1,1
"2025-10-02","Ireland","(not set)",1,1
"2025-10-02","Morocco","(not set)",1,1
"2025-10-02","Nigeria","(not set)",1,1
"2025-10-02","Norway","(not set)",1,1
"2025-10-02","Portugal","(not set)",1,1
"2025-10-02","Puerto Rico","(not set)",1,1
"2025-10-02","Syria","(not set)",1,1
"2025-10-02","Türkiye","(not set)",1,1
"2025-10-02","United Kingdom","(not set)",1,1
"2025-10-03","Brazil","(not set)",1582,1557
"2025-10-03","United States","(not set)",94,94
"2025-10-03","China","(not set)",10,10
"2025-10-03","Algeria","(not set)",6,6
"2025-10-03","India","(not set)",6,6
"2025-10-03","(not set)","(not set)",5,5
"2025-10-03","Bangladesh","(not set)",4,4
"2025-10-03","Indonesia","(not set)",4,4
"2025-10-03","Mexico","(not set)",4,4
"2025-10-03","Iran","(not set)",3,3
"2025-10-03","Argentina","(not set)",2,2
"2025-10-03","Colombia","(not set)",2,2
"2025-10-03","Egypt","(not set)",2,2
"2025-10-03","Philippines","(not set)",2,2
"2025-10-03","Saudi Arabia","(not set)",2,2
"2025-10-03","Singapore","(not set)",2,2
"2025-10-03","Syria","(not set)",2,2
"2025-10-03","Türkiye","(not set)",2,1
"2025-10-03","Canada","(not set)",1,1
"2025-10-03","Croatia","(not set)",1,1
"2025-10-03","Germany","(not set)",1,1
"2025-10-03","Iraq","(not set)",1,1
"2025-10-03","Israel","(not set)",1,1
"2025-10-03","Kazakhstan","(not set)",1,1
"2025-10-03","Kenya","(not set)",1,1
"2025-10-03","Libya","(not set)",1,1
"2025-10-03","Netherlands","(not set)",1,1
"2025-10-03","Puerto Rico","(not set)",1,1
"2025-10-03","Solomon Islands","(not set)",1,1
"2025-10-03","Spain","(not set)",1,1
"2025-10-03","Sudan","(not set)",1,1
"2025-10-03","Uzbekistan","(not set)",1,1
"2025-10-03","Vietnam","(not set)",1,1
"2025-10-03","Yemen","(not set)",1,1
"2025-10-04","Brazil","(not set)",1700,1670
"2025-10-04","United States","(not set)",107,106
"2025-10-04","Bangladesh","(not set)",7,7
"2025-10-04","Algeria","(not set)",6,6
"2025-10-04","(not set)","(not set)",5,5
"2025-10-04","Egypt","(not set)",5,5
"2025-10-04","Indonesia","(not set)",5,5
"2025-10-04","Mexico","(not set)",5,5
"2025-10-04","India","(not set)",4,4
"2025-10-04","Iran","(not set)",4,4
"2025-10-04","Spain","(not set)",4,2
"2025-10-04","China","(not set)",3,3
"2025-10-04","Bulgaria","(not set)",2,1
"2025-10-04","Germany","(not set)",2,1
"2025-10-04","Pakistan","(not set)",2,2
"2025-10-04","Philippines","(not set)",2,2
"2025-10-04","Portugal","(not set)",2,2
"2025-10-04","Puerto Rico","(not set)",2,2
"2025-10-04","Argentina","(not set)",1,1
"2025-10-04","Cambodia","(not set)",1,1
"2025-10-04","Dominican Republic","(not set)",1,1
"2025-10-04","Israel","(not set)",1,1
"2025-10-04","Kyrgyzstan","(not set)",1,1
"2025-10-04","Malaysia","(not set)",1,1
"2025-10-04","Morocco","(not set)",1,1
"2025-10-04","Paraguay","(not set)",1,1
"2025-10-04","Peru","(not set)",1,1
"2025-10-04","Romania","(not set)",1,1
"2025-10-04","Saudi Arabia","(not set)",1,1
"2025-10-04","Türkiye","(not set)",1,1
"2025-10-04","Ukraine","(not set)",1,1
"2025-10-04","United Arab Emirates","(not set)",1,1
"2025-10-04","Vietnam","(not set)",1,1
"2025-10-05","Brazil","(not set)",1755,1732
"2025-10-05","United States","(not set)",118,118
"2025-10-05","Indonesia","(not set)",8,8
"2025-10-05","Iran","(not set)",8,8
"2025-10-05","Bangladesh","(not set)",7,7
"2025-10-05","Mexico","(not set)",6,6
"2025-10-05","India","(not set)",5,5
"2025-10-05","Egypt","(not set)",4,4
"2025-10-05","Saudi Arabia","(not set)",4,4
"2025-10-05","Syria","(not set)",3,3
"2025-10-05","Argentina","(not set)",2,2
"2025-10-05","Germany","(not set)",2,2
"2025-10-05","Romania","(not set)",2,2
"2025-10-05","Algeria","(not set)",1,1
"2025-10-05","Dominican Republic","(not set)",1,1
"2025-10-05","France","(not set)",1,1
"2025-10-05","Hong Kong","(not set)",1,1
"2025-10-05","Hungary","(not set)",1,1
"2025-10-05","Ireland","(not set)",1,1
"2025-10-05","Jamaica","(not set)",1,1
"2025-10-05","Jordan","(not set)",1,1
"2025-10-05","Malaysia","(not set)",1,1
"2025-10-05","Morocco","(not set)",1,1
"2025-10-05","Nigeria","(not set)",1,1
"2025-10-05","Peru","(not set)",1,1
"2025-10-05","Portugal","(not set)",1,1
"2025-10-05","Sudan","(not set)",1,1
"2025-10-05","Tunisia","(not set)",1,1
"2025-10-05","Türkiye","(not set)",1,1
"2025-10-05","U.S. Virgin Islands","(not set)",1,1
"2025-10-05","United Arab Emirates","(not set)",1,1
"2025-10-05","Uruguay","(not set)",1,1
"2025-10-05","Vietnam","(not set)",1,1
"2025-10-06","Brazil","(not set)",1543,1517
"2025-10-06","United States","(not set)",95,95
"2025-10-06","Bangladesh","(not set)",9,9
"2025-10-06","(not set)","(not set)",7,6
"2025-10-06","India","(not set)",7,7
"2025-10-06","Egypt","(not set)",4,4
"2025-10-06","Morocco","(not set)",3,3
"2025-10-06","Portugal","(not set)",3,3
"2025-10-06","Argentina","(not set)",2,2
"2025-10-06","Indonesia","(not set)",2,2
"2025-10-06","Jordan","(not set)",2,2
"2025-10-06","Mexico","(not set)",2,2
"2025-10-06","Philippines","(not set)",2,2
"2025-10-06","Puerto Rico","(not set)",2,2
"2025-10-06","Saudi Arabia","(not set)",2,2
"2025-10-06","Algeria","(not set)",1,1
"2025-10-06","Belgium","(not set)",1,1
"2025-10-06","Canada","(not set)",1,1
"2025-10-06","Colombia","(not set)",1,1
"2025-10-06","Costa Rica","(not set)",1,1
"2025-10-06","Croatia","(not set)",1,1
"2025-10-06","Germany","(not set)",1,1
"2025-10-06","Iran","(not set)",1,1
"2025-10-06","Kenya","(not set)",1,1
"2025-10-06","Malaysia","(not set)",1,1
"2025-10-06","Nigeria","(not set)",1,1
"2025-10-06","Paraguay","(not set)",1,1
"2025-10-06","Qatar","(not set)",1,1
"2025-10-06","Syria","(not set)",1,1
"2025-10-06","Zimbabwe","(not set)",1,1
"2025-10-07","Brazil","(not set)",1476,1458
"2025-10-07","United States","(not set)",104,103
"2025-10-07","(not set)","(not set)",17,17
"2025-10-07","India","(not set)",7,6
"2025-10-07","Algeria","(not set)",5,5
"2025-10-07","Iran","(not set)",5,5
"2025-10-07","Bangladesh","(not set)",3,3
"2025-10-07","Egypt","(not set)",3,3
"2025-10-07","Indonesia","(not set)",3,3
"2025-10-07","Portugal","(not set)",3,3
"2025-10-07","Mexico","(not set)",2,2
"2025-10-07","Netherlands","(not set)",2,2
"2025-10-07","Nigeria","(not set)",2,2
"2025-10-07","Philippines","(not set)",2,2
"2025-10-07","United Kingdom","(not set)",2,2
"2025-10-07","Argentina","(not set)",1,1
"2025-10-07","Bolivia","(not set)",1,1
"2025-10-07","Canada","(not set)",1,1
"2025-10-07","Ecuador","(not set)",1,1
"2025-10-07","France","(not set)",1,1
"2025-10-07","Germany","(not set)",1,1
"2025-10-07","Italy","(not set)",1,1
"2025-10-07","Japan","(not set)",1,1
"2025-10-07","Kazakhstan","(not set)",1,1
"2025-10-07","Pakistan","(not set)",1,1
"2025-10-07","Romania","(not set)",1,1
"2025-10-07","Saudi Arabia","(not set)",1,1
"2025-10-07","Serbia","(not set)",1,1
"2025-10-07","Singapore","(not set)",1,1
"2025-10-07","Vietnam","(not set)",1,1
"2025-10-08","Brazil","(not set)",1488,1464
"2025-10-08","United States","(not set)",128,128
"2025-10-08","(not set)","(not set)",8,8
"2025-10-08","Egypt","(not set)",5,5
"2025-10-08","Saudi Arabia","(not set)",5,3
"2025-10-08","Bangladesh","(not set)",4,4
"2025-10-08","Morocco","(not set)",4,4
"2025-10-08","India","(not set)",3,3
"2025-10-08","Portugal","(not set)",3,3
"2025-10-08","Algeria","(not set)",2,2
"2025-10-08","Argentina","(not set)",2,2
"2025-10-08","Colombia","(not set)",2,2
"2025-10-08","France","(not set)",2,2
"2025-10-08","Indonesia","(not set)",2,2
"2025-10-08","Angola","(not set)",1,1
"2025-10-08","Canada","(not set)",1,1
"2025-10-08","China","(not set)",1,1
"2025-10-08","Dominican Republic","(not set)",1,1
"2025-10-08","Ecuador","(not set)",1,1
"2025-10-08","Germany","(not set)",1,1
"2025-10-08","Iran","(not set)",1,1
"2025-10-08","Iraq","(not set)",1,1
"2025-10-08","Ireland","(not set)",1,1
"2025-10-08","Netherlands","(not set)",1,1
"2025-10-08","Philippines","(not set)",1,1
"2025-10-08","South Korea","(not set)",1,1
"2025-10-08","Türkiye","(not set)",1,1
"2025-10-08","United Kingdom","(not set)",1,1
"2025-10-08","Uruguay","(not set)",1,1
"2025-10-08","Yemen","(not set)",1,1
"2025-10-09","Brazil","(not set)",1489,1465
"2025-10-09","United States","(not set)",100,100
"2025-10-09","Egypt","(not set)",8,8
"2025-10-09","(not set)","(not set)",7,6
"2025-10-09","India","(not set)",7,6
"2025-10-09","Mexico","(not set)",6,6
"2025-10-09","Iran","(not set)",5,5
"2025-10-09","Bangladesh","(not set)",4,4
"2025-10-09","France","(not set)",4,4
"2025-10-09","Argentina","(not set)",3,3
"2025-10-09","Colombia","(not set)",3,3
"2025-10-09","Venezuela","(not set)",3,2
"2025-10-09","Germany","(not set)",2,2
"2025-10-09","Nigeria","(not set)",2,2
"2025-10-09","Pakistan","(not set)",2,1
"2025-10-09","Portugal","(not set)",2,2
"2025-10-09","Syria","(not set)",2,2
"2025-10-09","Algeria","(not set)",1,1
"2025-10-09","Bulgaria","(not set)",1,1
"2025-10-09","China","(not set)",1,1
"2025-10-09","Ethiopia","(not set)",1,1
"2025-10-09","Indonesia","(not set)",1,1
"2025-10-09","Israel","(not set)",1,1
"2025-10-09","Italy","(not set)",1,1
"2025-10-09","Kazakhstan","(not set)",1,1
"2025-10-09","Malaysia","(not set)",1,1
"2025-10-09","Netherlands","(not set)",1,1
"2025-10-09","Niger","(not set)",1,1
"2025-10-09","Philippines","(not set)",1,1
"2025-10-09","Puerto Rico","(not set)",1,1
"2025-10-09","Romania","(not set)",1,1
"2025-10-09","Russia","(not set)",1,1
"2025-10-09","Saudi Arabia","(not set)",1,1
"2025-10-09","Spain","(not set)",1,1
"2025-10-09","Thailand","(not set)",1,1
"2025-10-09","Türkiye","(not set)",1,1
"2025-10-09","United Arab Emirates","(not set)",1,1
"2025-10-09","United Kingdom","(not set)",1,1
"2025-10-10","Brazil","(not set)",1525,1511
"2025-10-10","United States","(not set)",113,112
"2025-10-10","India","(not set)",4,4
"2025-10-10","Mexico","(not set)",4,4
"2025-10-10","Algeria","(not set)",2,2
"2025-10-10","Bangladesh","(not set)",2,2
"2025-10-10","Canada","(not set)",2,2
"2025-10-10","Egypt","(not set)",2,2
"2025-10-10","Iran","(not set)",2,2
"2025-10-10","Paraguay","(not set)",2,2
"2025-10-10","Saudi Arabia","(not set)",2,2
"2025-10-10","Thailand","(not set)",2,2
"2025-10-10","(not set)","(not set)",1,1
"2025-10-10","Angola","(not set)",1,1
"2025-10-10","Argentina","(not set)",1,1
"2025-10-10","Bulgaria","(not set)",1,1
"2025-10-10","Colombia","(not set)",1,1
"2025-10-10","El Salvador","(not set)",1,1
"2025-10-10","Germany","(not set)",1,1
"2025-10-10","Greece","(not set)",1,1
"2025-10-10","Japan","(not set)",1,1
"2025-10-10","Kuwait","(not set)",1,1
"2025-10-10","Nepal","(not set)",1,1
"2025-10-10","Portugal","(not set)",1,1
"2025-10-10","Romania","(not set)",1,1
"2025-10-10","Slovenia","(not set)",1,1
"2025-10-10","Sudan","(not set)",1,1
"2025-10-10","United Arab Emirates","(not set)",1,1
"2025-10-10","United Kingdom","(not set)",1,1
"2025-10-11","Brazil","(not set)",1779,1769
"2025-10-11","United States","(not set)",111,111
"2025-10-11","India","(not set)",7,7
"2025-10-11","Egypt","(not set)",5,5
"2025-10-11","Mexico","(not set)",5,5
"2025-10-11","Indonesia","(not set)",4,4
"2025-10-11","Bangladesh","(not set)",3,3
"2025-10-11","Malaysia","(not set)",3,3
"2025-10-11","(not set)","(not set)",2,2
"2025-10-11","Argentina","(not set)",2,2
"2025-10-11","Germany","(not set)",2,2
"2025-10-11","Iran","(not set)",2,2
"2025-10-11","Morocco","(not set)",2,2
"2025-10-11","Poland","(not set)",2,2
"2025-10-11","Syria","(not set)",2,2
"2025-10-11","Algeria","(not set)",1,1
"2025-10-11","Australia","(not set)",1,1
"2025-10-11","Canada","(not set)",1,1
"2025-10-11","Chile","(not set)",1,1
"2025-10-11","Colombia","(not set)",1,1
"2025-10-11","El Salvador","(not set)",1,1
"2025-10-11","Ireland","(not set)",1,1
"2025-10-11","Jamaica","(not set)",1,1
"2025-10-11","Luxembourg","(not set)",1,1
"2025-10-11","Mozambique","(not set)",1,1
"2025-10-11","Myanmar (Burma)","(not set)",1,1
"2025-10-11","Netherlands","(not set)",1,1
"2025-10-11","Pakistan","(not set)",1,1
"2025-10-11","Panama","(not set)",1,1
"2025-10-11","Peru","(not set)",1,1
"2025-10-11","Portugal","(not set)",1,1
"2025-10-11","South Korea","(not set)",1,1
"2025-10-11","Spain","(not set)",1,1
"2025-10-11","Switzerland","(not set)",1,1
"2025-10-11","Thailand","(not set)",1,1
"2025-10-11","Tunisia","(not set)",1,1
"2025-10-11","United Arab Emirates","(not set)",1,1
"2025-10-11","United Kingdom","(not set)",1,1
"2025-10-11","Vietnam","(not set)",1,1
"2025-10-12","Brazil","(not set)",1769,1743
"2025-10-12","United States","(not set)",113,110
"2025-10-12","Egypt","(not set)",6,5
"2025-10-12","India","(not set)",6,5
"2025-10-12","Iran","(not set)",5,5
"2025-10-12","Bangladesh","(not set)",4,3
"2025-10-12","Mexico","(not set)",4,4
"2025-10-12","Indonesia","(not set)",3,3
"2025-10-12","Italy","(not set)",2,2
"2025-10-12","Philippines","(not set)",2,2
"2025-10-12","Russia","(not set)",2,2
"2025-10-12","Saudi Arabia","(not set)",2,2
"2025-10-12","Spain","(not set)",2,2
"2025-10-12","Türkiye","(not set)",2,2
"2025-10-12","Algeria","(not set)",1,1
"2025-10-12","Cape Verde","(not set)",1,1
"2025-10-12","Costa Rica","(not set)",1,1
"2025-10-12","Dominican Republic","(not set)",1,1
"2025-10-12","Hungary","(not set)",1,1
"2025-10-12","Morocco","(not set)",1,1
"2025-10-12","Mozambique","(not set)",1,1
"2025-10-12","Panama","(not set)",1,1
"2025-10-12","Peru","(not set)",1,1
"2025-10-12","Romania","(not set)",1,1
"2025-10-12","Tunisia","(not set)",1,1
"2025-10-12","Yemen","(not set)",1,1
"2025-10-13","Brazil","(not set)",1642,1626
"2025-10-13","United States","(not set)",113,113
"2025-10-13","(not set)","(not set)",8,8
"2025-10-13","India","(not set)",5,5
"2025-10-13","Bangladesh","(not set)",4,4
"2025-10-13","Egypt","(not set)",4,4
"2025-10-13","Indonesia","(not set)",4,4
"2025-10-13","Saudi Arabia","(not set)",4,4
"2025-10-13","Thailand","(not set)",4,3
"2025-10-13","Algeria","(not set)",3,3
"2025-10-13","Iran","(not set)",3,3
"2025-10-13","Portugal","(not set)",3,3
"2025-10-13","Argentina","(not set)",2,2
"2025-10-13","China","(not set)",2,2
"2025-10-13","Colombia","(not set)",2,2
"2025-10-13","Mexico","(not set)",2,2
"2025-10-13","Paraguay","(not set)",2,2
"2025-10-13","Canada","(not set)",1,1
"2025-10-13","France","(not set)",1,1
"2025-10-13","Greece","(not set)",1,1
"2025-10-13","Madagascar","(not set)",1,1
"2025-10-13","Morocco","(not set)",1,1
"2025-10-13","Mozambique","(not set)",1,1
"2025-10-13","Pakistan","(not set)",1,1
"2025-10-13","Peru","(not set)",1,1
"2025-10-13","Philippines","(not set)",1,1
"2025-10-13","Singapore","(not set)",1,1
"2025-10-13","South Africa","(not set)",1,1
"2025-10-13","St. Vincent & Grenadines","(not set)",1,1
"2025-10-13","Syria","(not set)",1,1
"2025-10-13","Togo","(not set)",1,1
"2025-10-13","Türkiye","(not set)",1,1
"2025-10-13","Uganda","(not set)",1,1
"2025-10-14","Brazil","(not set)",1613,1585
"2025-10-14","United States","(not set)",115,115
"2025-10-14","(not set)","(not set)",14,14
"2025-10-14","Bangladesh","(not set)",9,8
"2025-10-14","Iran","(not set)",7,5
"2025-10-14","India","(not set)",4,4
"2025-10-14","Algeria","(not set)",2,2
"2025-10-14","Angola","(not set)",2,2
"2025-10-14","Belgium","(not set)",2,1
"2025-10-14","Bolivia","(not set)",2,1
"2025-10-14","Colombia","(not set)",2,2
"2025-10-14","Egypt","(not set)",2,2
"2025-10-14","Indonesia","(not set)",2,2
"2025-10-14","Italy","(not set)",2,2
"2025-10-14","Mexico","(not set)",2,2
"2025-10-14","Qatar","(not set)",2,2
"2025-10-14","Singapore","(not set)",2,2
"2025-10-14","Afghanistan","(not set)",1,1
"2025-10-14","Canada","(not set)",1,1
"2025-10-14","Iraq","(not set)",1,1
"2025-10-14","Nigeria","(not set)",1,1
"2025-10-14","Panama","(not set)",1,1
"2025-10-14","Philippines","(not set)",1,1
"2025-10-14","Puerto Rico","(not set)",1,1
"2025-10-14","Saudi Arabia","(not set)",1,1
"2025-10-14","Sri Lanka","(not set)",1,1
"2025-10-14","United Arab Emirates","(not set)",1,1
"2025-10-14","United Kingdom","(not set)",1,1
"2025-10-14","Uruguay","(not set)",1,1
"2025-10-14","Vietnam","(not set)",1,1
"2025-10-15","Brazil","(not set)",1888,1862
"2025-10-15","United States","(not set)",98,98
"2025-10-15","(not set)","(not set)",51,49
"2025-10-15","Bangladesh","(not set)",6,6
"2025-10-15","Algeria","(not set)",4,4
"2025-10-15","Egypt","(not set)",4,4
"2025-10-15","Indonesia","(not set)",4,4
"2025-10-15","Mexico","(not set)",3,3
"2025-10-15","Thailand","(not set)",3,3
"2025-10-15","Türkiye","(not set)",3,3
"2025-10-15","Germany","(not set)",2,2
"2025-10-15","India","(not set)",2,2
"2025-10-15","Italy","(not set)",2,2
"2025-10-15","Romania","(not set)",2,2
"2025-10-15","Argentina","(not set)",1,1
"2025-10-15","Bahrain","(not set)",1,1
"2025-10-15","Bhutan","(not set)",1,1
"2025-10-15","Canada","(not set)",1,1
"2025-10-15","Chile","(not set)",1,1
"2025-10-15","Colombia","(not set)",1,1
"2025-10-15","France","(not set)",1,1
"2025-10-15","Guatemala","(not set)",1,1
"2025-10-15","Hungary","(not set)",1,1
"2025-10-15","Iran","(not set)",1,1
"2025-10-15","Ireland","(not set)",1,1
"2025-10-15","Malaysia","(not set)",1,1
"2025-10-15","Mozambique","(not set)",1,1
"2025-10-15","Pakistan","(not set)",1,1
"2025-10-15","Peru","(not set)",1,1
"2025-10-15","Poland","(not set)",1,1
"2025-10-15","Portugal","(not set)",1,1
"2025-10-15","Saudi Arabia","(not set)",1,1
"2025-10-15","U.S. Virgin Islands","(not set)",1,1
"2025-10-15","Vietnam","(not set)",1,1
"2025-10-16","Brazil","(not set)",1661,1644
"2025-10-16","United States","(not set)",114,113
"2025-10-16","(not set)","(not set)",13,12
"2025-10-16","India","(not set)",8,8
"2025-10-16","Iran","(not set)",7,7
"2025-10-16","Egypt","(not set)",5,5
"2025-10-16","Mexico","(not set)",5,5
"2025-10-16","Bangladesh","(not set)",4,4
"2025-10-16","Spain","(not set)",3,3
"2025-10-16","Argentina","(not set)",2,2
"2025-10-16","France","(not set)",2,2
"2025-10-16","Pakistan","(not set)",2,2
"2025-10-16","Austria","(not set)",1,1
"2025-10-16","Colombia","(not set)",1,1
"2025-10-16","Indonesia","(not set)",1,1
"2025-10-16","Japan","(not set)",1,1
"2025-10-16","Jordan","(not set)",1,1
"2025-10-16","Morocco","(not set)",1,1
"2025-10-16","Nepal","(not set)",1,1
"2025-10-16","Netherlands","(not set)",1,1
"2025-10-16","Paraguay","(not set)",1,1
"2025-10-16","Philippines","(not set)",1,1
"2025-10-16","Poland","(not set)",1,1
"2025-10-16","Portugal","(not set)",1,1
"2025-10-16","Syria","(not set)",1,1
"2025-10-16","Thailand","(not set)",1,1
"2025-10-16","United Arab Emirates","(not set)",1,1
"2025-10-16","Uruguay","(not set)",1,1
"2025-10-17","Brazil","(not set)",1511,1497
"2025-10-17","United States","(not set)",111,109
"2025-10-17","(not set)","(not set)",31,30
"2025-10-17","Bangladesh","(not set)",9,8
"2025-10-17","Algeria","(not set)",4,4
"2025-10-17","India","(not set)",4,4
"2025-10-17","Argentina","(not set)",3,3
"2025-10-17","Egypt","(not set)",3,3
"2025-10-17","Malaysia","(not set)",3,3
"2025-10-17","Colombia","(not set)",2,2
"2025-10-17","Italy","(not set)",2,2
"2025-10-17","Philippines","(not set)",2,2
"2025-10-17","Syria","(not set)",2,2
"2025-10-17","Afghanistan","(not set)",1,1
"2025-10-17","Ecuador","(not set)",1,1
"2025-10-17","France","(not set)",1,1
"2025-10-17","Gabon","(not set)",1,1
"2025-10-17","Germany","(not set)",1,1
"2025-10-17","Indonesia","(not set)",1,1
"2025-10-17","Kyrgyzstan","(not set)",1,1
"2025-10-17","Mexico","(not set)",1,1
"2025-10-17","Moldova","(not set)",1,1
"2025-10-17","Myanmar (Burma)","(not set)",1,1
"2025-10-17","Nigeria","(not set)",1,1
"2025-10-17","Portugal","(not set)",1,1
"2025-10-17","Saudi Arabia","(not set)",1,1
"2025-10-17","Tunisia","(not set)",1,1
"2025-10-17","United Arab Emirates","(not set)",1,1
"2025-10-18","Brazil","(not set)",1582,1565
"2025-10-18","United States","(not set)",116,116
"2025-10-18","Iran","(not set)",10,9
"2025-10-18","(not set)","(not set)",6,6
"2025-10-18","Egypt","(not set)",5,5
"2025-10-18","India","(not set)",5,5
"2025-10-18","Mexico","(not set)",5,5
"2025-10-18","Algeria","(not set)",4,4
"2025-10-18","Bangladesh","(not set)",4,4
"2025-10-18","Indonesia","(not set)",4,4
"2025-10-18","Afghanistan","(not set)",3,3
"2025-10-18","Argentina","(not set)",2,2
"2025-10-18","Canada","(not set)",2,2
"2025-10-18","Spain","(not set)",2,2
"2025-10-18","Thailand","(not set)",2,2
"2025-10-18","United Arab Emirates","(not set)",2,2
"2025-10-18","Ecuador","(not set)",1,1
"2025-10-18","Ethiopia","(not set)",1,1
"2025-10-18","France","(not set)",1,1
"2025-10-18","Germany","(not set)",1,1
"2025-10-18","Iceland","(not set)",1,1
"2025-10-18","Jordan","(not set)",1,1
"2025-10-18","Kazakhstan","(not set)",1,1
"2025-10-18","Kuwait","(not set)",1,1
"2025-10-18","Morocco","(not set)",1,1
"2025-10-18","Netherlands","(not set)",1,1
"2025-10-18","Panama","(not set)",1,1
"2025-10-18","Philippines","(not set)",1,1
"2025-10-18","Puerto Rico","(not set)",1,1
"2025-10-18","Saudi Arabia","(not set)",1,1
"2025-10-18","Syria","(not set)",1,1
"2025-10-18","Türkiye","(not set)",1,1
"2025-10-19","Brazil","(not set)",1743,1722
"2025-10-19","United States","(not set)",108,108
"2025-10-19","Bangladesh","(not set)",8,8
"2025-10-19","Colombia","(not set)",6,4
"2025-10-19","Iran","(not set)",6,6
"2025-10-19","Chile","(not set)",5,1
"2025-10-19","Indonesia","(not set)",5,5
"2025-10-19","Mexico","(not set)",5,5
"2025-10-19","India","(not set)",4,4
"2025-10-19","Algeria","(not set)",3,3
"2025-10-19","Netherlands","(not set)",3,3
"2025-10-19","Canada","(not set)",2,2
"2025-10-19","Costa Rica","(not set)",2,2
"2025-10-19","Egypt","(not set)",2,2
"2025-10-19","Japan","(not set)",2,2
"2025-10-19","Uruguay","(not set)",2,2
"2025-10-19","Afghanistan","(not set)",1,1
"2025-10-19","Argentina","(not set)",1,1
"2025-10-19","Bolivia","(not set)",1,1
"2025-10-19","Ethiopia","(not set)",1,1
"2025-10-19","Israel","(not set)",1,1
"2025-10-19","Italy","(not set)",1,1
"2025-10-19","Jamaica","(not set)",1,1
"2025-10-19","Jordan","(not set)",1,1
"2025-10-19","Morocco","(not set)",1,1
"2025-10-19","Nigeria","(not set)",1,1
"2025-10-19","Philippines","(not set)",1,1
"2025-10-19","Saudi Arabia","(not set)",1,1
"2025-10-19","Serbia","(not set)",1,1
"2025-10-19","Sri Lanka","(not set)",1,1
"2025-10-19","Syria","(not set)",1,1
"2025-10-19","Türkiye","(not set)",1,1
"2025-10-19","United Arab Emirates","(not set)",1,1
"2025-10-19","United Kingdom","(not set)",1,1
"2025-10-19","Uzbekistan","(not set)",1,1
"2025-10-19","Vietnam","(not set)",1,1
"2025-10-20","Brazil","(not set)",1461,1439
"2025-10-20","United States","(not set)",104,103
"2025-10-20","(not set)","(not set)",49,48
"2025-10-20","Bangladesh","(not set)",6,6
"2025-10-20","Iran","(not set)",6,6
"2025-10-20","Mexico","(not set)",6,6
"2025-10-20","Egypt","(not set)",5,5
"2025-10-20","Portugal","(not set)",5,5
"2025-10-20","Indonesia","(not set)",3,3
"2025-10-20","Algeria","(not set)",2,2
"2025-10-20","Canada","(not set)",2,2
"2025-10-20","France","(not set)",2,2
"2025-10-20","Malaysia","(not set)",2,2
"2025-10-20","Philippines","(not set)",2,2
"2025-10-20","Puerto Rico","(not set)",2,2
"2025-10-20","Argentina","(not set)",1,1
"2025-10-20","Bahrain","(not set)",1,1
"2025-10-20","Colombia","(not set)",1,1
"2025-10-20","Ethiopia","(not set)",1,1
"2025-10-20","Greece","(not set)",1,1
"2025-10-20","Guatemala","(not set)",1,1
"2025-10-20","Hong Kong","(not set)",1,1
"2025-10-20","India","(not set)",1,1
"2025-10-20","Jordan","(not set)",1,1
"2025-10-20","Kuwait","(not set)",1,1
"2025-10-20","Nigeria","(not set)",1,1
"2025-10-20","Pakistan","(not set)",1,1
"2025-10-20","Russia","(not set)",1,1
"2025-10-20","Saudi Arabia","(not set)",1,1
"2025-10-20","South Africa","(not set)",1,1
"2025-10-20","Sweden","(not set)",1,1
"2025-10-20","Tunisia","(not set)",1,1
"2025-10-20","U.S. Virgin Islands","(not set)",1,1
"2025-10-20","United Kingdom","(not set)",1,1
"2025-10-21","Brazil","(not set)",1396,1378
"2025-10-21","United States","(not set)",120,118
"2025-10-21","(not set)","(not set)",78,72
"2025-10-21","Bangladesh","(not set)",7,7
"2025-10-21","Indonesia","(not set)",6,6
"2025-10-21","Algeria","(not set)",5,5
"2025-10-21","Germany","(not set)",4,4
"2025-10-21","Colombia","(not set)",3,3
"2025-10-21","Egypt","(not set)",3,3
"2025-10-21","India","(not set)",3,3
"2025-10-21","Iran","(not set)",3,2
"2025-10-21","Mexico","(not set)",3,3
"2025-10-21","France","(not set)",2,1
"2025-10-21","Nigeria","(not set)",2,2
"2025-10-21","Portugal","(not set)",2,2
"2025-10-21","Saudi Arabia","(not set)",2,2
"2025-10-21","Thailand","(not set)",2,2
"2025-10-21","Tunisia","(not set)",2,2
"2025-10-21","Angola","(not set)",1,1
"2025-10-21","Argentina","(not set)",1,1
"2025-10-21","Cameroon","(not set)",1,1
"2025-10-21","Canada","(not set)",1,1
"2025-10-21","Cape Verde","(not set)",1,1
"2025-10-21","China","(not set)",1,1
"2025-10-21","Cuba","(not set)",1,1
"2025-10-21","Jordan","(not set)",1,1
"2025-10-21","Myanmar (Burma)","(not set)",1,1
"2025-10-21","Netherlands","(not set)",1,1
"2025-10-21","Puerto Rico","(not set)",1,1
"2025-10-21","Sri Lanka","(not set)",1,1
"2025-10-21","Venezuela","(not set)",1,1
"2025-10-22","Brazil","(not set)",1401,1385
"2025-10-22","United States","(not set)",104,104
"2025-10-22","(not set)","(not set)",77,75
"2025-10-22","Mexico","(not set)",9,9
"2025-10-22","India","(not set)",8,8
"2025-10-22","Bangladesh","(not set)",4,4
"2025-10-22","Egypt","(not set)",3,3
"2025-10-22","Saudi Arabia","(not set)",3,3
"2025-10-22","Canada","(not set)",2,2
"2025-10-22","Colombia","(not set)",2,2
"2025-10-22","Iran","(not set)",2,2
"2025-10-22","Morocco","(not set)",2,2
"2025-10-22","Netherlands","(not set)",2,2
"2025-10-22","Pakistan","(not set)",2,2
"2025-10-22","Portugal","(not set)",2,2
"2025-10-22","Syria","(not set)",2,2
"2025-10-22","Thailand","(not set)",2,2
"2025-10-22","Bhutan","(not set)",1,1
"2025-10-22","Chile","(not set)",1,1
"2025-10-22","Ethiopia","(not set)",1,1
"2025-10-22","Guatemala","(not set)",1,1
"2025-10-22","Japan","(not set)",1,1
"2025-10-22","Mozambique","(not set)",1,1
"2025-10-22","Panama","(not set)",1,1
"2025-10-22","Philippines","(not set)",1,1
"2025-10-22","Trinidad & Tobago","(not set)",1,1
"2025-10-22","United Arab Emirates","(not set)",1,1
"2025-10-23","Brazil","(not set)",1675,1655
"2025-10-23","United States","(not set)",90,90
"2025-10-23","(not set)","(not set)",40,39
"2025-10-23","Iran","(not set)",6,6
"2025-10-23","Bangladesh","(not set)",3,3
"2025-10-23","Indonesia","(not set)",3,3
"2025-10-23","Saudi Arabia","(not set)",3,3
"2025-10-23","Türkiye","(not set)",3,3
"2025-10-23","Egypt","(not set)",2,2
"2025-10-23","Morocco","(not set)",2,2
"2025-10-23","Netherlands","(not set)",2,2
"2025-10-23","Algeria","(not set)",1,1
"2025-10-23","Azerbaijan","(not set)",1,1
"2025-10-23","Bolivia","(not set)",1,1
"2025-10-23","Bulgaria","(not set)",1,1
"2025-10-23","Canada","(not set)",1,1
"2025-10-23","Colombia","(not set)",1,1
"2025-10-23","France","(not set)",1,1
"2025-10-23","Germany","(not set)",1,1
"2025-10-23","India","(not set)",1,1
"2025-10-23","Jordan","(not set)",1,1
"2025-10-23","Luxembourg","(not set)",1,1
"2025-10-23","Mexico","(not set)",1,1
"2025-10-23","Nigeria","(not set)",1,1
"2025-10-23","Romania","(not set)",1,1
"2025-10-23","Syria","(not set)",1,1
"2025-10-23","Thailand","(not set)",1,1
"2025-10-23","Tunisia","(not set)",1,1
"2025-10-23","United Arab Emirates","(not set)",1,1
"2025-10-23","United Kingdom","(not set)",1,1
"2025-10-24","Brazil","(not set)",1500,1474
"2025-10-24","United States","(not set)",108,108
"2025-10-24","(not set)","(not set)",9,9
"2025-10-24","Egypt","(not set)",7,7
"2025-10-24","Iran","(not set)",7,7
"2025-10-24","Macao","(not set)",7,1
"2025-10-24","Bangladesh","(not set)",5,5
"2025-10-24","Indonesia","(not set)",5,5
"2025-10-24","Argentina","(not set)",4,4
"2025-10-24","Philippines","(not set)",4,4
"2025-10-24","Türkiye","(not set)",3,3
"2025-10-24","Afghanistan","(not set)",2,2
"2025-10-24","Chile","(not set)",2,2
"2025-10-24","India","(not set)",2,2
"2025-10-24","Italy","(not set)",2,2
"2025-10-24","Pakistan","(not set)",2,2
"2025-10-24","Russia","(not set)",2,2
"2025-10-24","Algeria","(not set)",1,1
"2025-10-24","Canada","(not set)",1,1
"2025-10-24","Colombia","(not set)",1,1
"2025-10-24","Costa Rica","(not set)",1,1
"2025-10-24","Denmark","(not set)",1,1
"2025-10-24","Germany","(not set)",1,1
"2025-10-24","Jamaica","(not set)",1,1
"2025-10-24","Jordan","(not set)",1,1
"2025-10-24","Lebanon","(not set)",1,1
"2025-10-24","Malaysia","(not set)",1,1
"2025-10-24","Mexico","(not set)",1,1
"2025-10-24","Morocco","(not set)",1,1
"2025-10-24","Portugal","(not set)",1,1
"2025-10-24","Puerto Rico","(not set)",1,1
"2025-10-24","Qatar","(not set)",1,1
"2025-10-24","Saudi Arabia","(not set)",1,1
"2025-10-24","Spain","(not set)",1,1
"2025-10-24","United Kingdom","(not set)",1,1
"2025-10-25","Brazil","(not set)",1696,1681
"2025-10-25","United States","(not set)",88,87
"2025-10-25","Egypt","(not set)",8,8
"2025-10-25","India","(not set)",6,6
"2025-10-25","Iran","(not set)",6,6
"2025-10-25","Mexico","(not set)",6,6
"2025-10-25","Bangladesh","(not set)",5,4
"2025-10-25","United Kingdom","(not set)",3,3
"2025-10-25","Netherlands","(not set)",2,2
"2025-10-25","Nigeria","(not set)",2,2
"2025-10-25","Philippines","(not set)",2,2
"2025-10-25","Portugal","(not set)",2,2
"2025-10-25","Puerto Rico","(not set)",2,2
"2025-10-25","Qatar","(not set)",2,2
"2025-10-25","Saudi Arabia","(not set)",2,2
"2025-10-25","Türkiye","(not set)",2,2
"2025-10-25","Algeria","(not set)",1,1
"2025-10-25","Argentina","(not set)",1,1
"2025-10-25","Bulgaria","(not set)",1,1
"2025-10-25","Canada","(not set)",1,1
"2025-10-25","Ecuador","(not set)",1,1
"2025-10-25","Germany","(not set)",1,1
"2025-10-25","Hungary","(not set)",1,1
"2025-10-25","Iraq","(not set)",1,1
"2025-10-25","Jordan","(not set)",1,1
"2025-10-25","Lebanon","(not set)",1,1
"2025-10-25","Paraguay","(not set)",1,1
"2025-10-25","Poland","(not set)",1,1
"2025-10-25","Russia","(not set)",1,1
"2025-10-25","Singapore","(not set)",1,1
"2025-10-25","Syria","(not set)",1,1
"2025-10-25","United Arab Emirates","(not set)",1,1
"2025-10-26","Brazil","(not set)",1832,1804
"2025-10-26","United States","(not set)",112,112
"2025-10-26","India","(not set)",10,10
"2025-10-26","Bangladesh","(not set)",8,8
"2025-10-26","Iran","(not set)",7,7
"2025-10-26","Germany","(not set)",5,5
"2025-10-26","Mexico","(not set)",5,5
"2025-10-26","Algeria","(not set)",4,4
"2025-10-26","Indonesia","(not set)",4,4
"2025-10-26","Philippines","(not set)",4,4
"2025-10-26","Argentina","(not set)",3,3
"2025-10-26","Egypt","(not set)",3,3
"2025-10-26","Canada","(not set)",2,2
"2025-10-26","Chile","(not set)",2,2
"2025-10-26","Colombia","(not set)",2,2
"2025-10-26","Kuwait","(not set)",2,2
"2025-10-26","Malaysia","(not set)",2,2
"2025-10-26","Morocco","(not set)",2,2
"2025-10-26","Netherlands","(not set)",2,2
"2025-10-26","Portugal","(not set)",2,2
"2025-10-26","Saudi Arabia","(not set)",2,2
"2025-10-26","Spain","(not set)",2,2
"2025-10-26","Türkiye","(not set)",2,2
"2025-10-26","Angola","(not set)",1,1
"2025-10-26","Bulgaria","(not set)",1,1
"2025-10-26","Burkina Faso","(not set)",1,1
"2025-10-26","Greece","(not set)",1,1
"2025-10-26","Israel","(not set)",1,1
"2025-10-26","New Zealand","(not set)",1,1
"2025-10-26","Nigeria","(not set)",1,1
"2025-10-26","Paraguay","(not set)",1,1
"2025-10-26","Tunisia","(not set)",1,1
"2025-10-26","United Arab Emirates","(not set)",1,1
"2025-10-27","Brazil","(not set)",1519,1504
"2025-10-27","United States","(not set)",86,86
"2025-10-27","(not set)","(not set)",16,15
"2025-10-27","India","(not set)",6,6
"2025-10-27","Portugal","(not set)",6,6
"2025-10-27","Egypt","(not set)",5,5
"2025-10-27","Bangladesh","(not set)",4,4
"2025-10-27","Indonesia","(not set)",4,4
"2025-10-27","Mexico","(not set)",4,4
"2025-10-27","Kenya","(not set)",3,3
"2025-10-27","Netherlands","(not set)",3,3
"2025-10-27","Pakistan","(not set)",3,3
"2025-10-27","United Kingdom","(not set)",3,3
"2025-10-27","Colombia","(not set)",2,2
"2025-10-27","Iran","(not set)",2,2
"2025-10-27","Puerto Rico","(not set)",2,2
"2025-10-27","Saudi Arabia","(not set)",2,2
"2025-10-27","Tunisia","(not set)",2,2
"2025-10-27","Algeria","(not set)",1,1
"2025-10-27","Angola","(not set)",1,1
"2025-10-27","Armenia","(not set)",1,1
"2025-10-27","Australia","(not set)",1,1
"2025-10-27","Honduras","(not set)",1,1
"2025-10-27","Jamaica","(not set)",1,1
"2025-10-27","Japan","(not set)",1,1
"2025-10-27","Jordan","(not set)",1,1
"2025-10-27","Philippines","(not set)",1,1
"2025-10-27","Singapore","(not set)",1,1
"2025-10-27","Spain","(not set)",1,1
"2025-10-27","Thailand","(not set)",1,1
"2025-10-27","United Arab Emirates","(not set)",1,1
"2025-10-27","Yemen","(not set)",1,1
"2025-10-28","Brazil","(not set)",1645,1623
"2025-10-28","United States","(not set)",90,90
"2025-10-28","Bangladesh","(not set)",10,9
"2025-10-28","Egypt","(not set)",8,8
"2025-10-28","India","(not set)",8,8
"2025-10-28","(not set)","(not set)",5,5
"2025-10-28","Indonesia","(not set)",5,5
"2025-10-28","Mexico","(not set)",5,5
"2025-10-28","Iran","(not set)",4,4
"2025-10-28","Saudi Arabia","(not set)",4,4
"2025-10-28","Argentina","(not set)",3,3
"2025-10-28","Colombia","(not set)",2,2
"2025-10-28","Iraq","(not set)",2,2
"2025-10-28","Nigeria","(not set)",2,2
"2025-10-28","Pakistan","(not set)",2,2
"2025-10-28","Portugal","(not set)",2,2
"2025-10-28","Syria","(not set)",2,2
"2025-10-28","Yemen","(not set)",2,2
"2025-10-28","Bulgaria","(not set)",1,1
"2025-10-28","Cameroon","(not set)",1,1
"2025-10-28","Germany","(not set)",1,1
"2025-10-28","Hong Kong","(not set)",1,1
"2025-10-28","Jordan","(not set)",1,1
"2025-10-28","Kuwait","(not set)",1,1
"2025-10-28","Madagascar","(not set)",1,1
"2025-10-28","Malaysia","(not set)",1,1
"2025-10-28","New Zealand","(not set)",1,1
"2025-10-28","Paraguay","(not set)",1,1
"2025-10-28","Puerto Rico","(not set)",1,1
"2025-10-28","Sudan","(not set)",1,1
"2025-10-28","Tanzania","(not set)",1,1
"2025-10-28","Tunisia","(not set)",1,1
"2025-10-28","United Kingdom","(not set)",1,1
"2025-10-28","Vietnam","(not set)",1,1
"2025-10-28","Zambia","(not set)",1,1
"2025-10-29","Brazil","(not set)",1719,1678
"2025-10-29","United States","(not set)",91,90
"2025-10-29","Egypt","(not set)",10,10
"2025-10-29","Iran","(not set)",9,9
"2025-10-29","Bangladesh","(not set)",8,8
"2025-10-29","Mexico","(not set)",6,6
"2025-10-29","India","(not set)",5,5
"2025-10-29","Algeria","(not set)",3,3
"2025-10-29","Germany","(not set)",3,3
"2025-10-29","Indonesia","(not set)",3,3
"2025-10-29","Netherlands","(not set)",3,2
"2025-10-29","Argentina","(not set)",2,2
"2025-10-29","Colombia","(not set)",2,2
"2025-10-29","Peru","(not set)",2,2
"2025-10-29","Puerto Rico","(not set)",2,2
"2025-10-29","Saudi Arabia","(not set)",2,2
"2025-10-29","United Kingdom","(not set)",2,2
"2025-10-29","Albania","(not set)",1,1
"2025-10-29","Canada","(not set)",1,1
"2025-10-29","Chile","(not set)",1,1
"2025-10-29","El Salvador","(not set)",1,1
"2025-10-29","France","(not set)",1,1
"2025-10-29","Nigeria","(not set)",1,1
"2025-10-29","Philippines","(not set)",1,1
"2025-10-29","Thailand","(not set)",1,1
"2025-10-29","Türkiye","(not set)",1,1
"2025-10-29","Vietnam","(not set)",1,1
"2025-10-30","Brazil","(not set)",1516,1479
"2025-10-30","United States","(not set)",75,74
"2025-10-30","(not set)","(not set)",38,36
"2025-10-30","Bangladesh","(not set)",7,7
"2025-10-30","India","(not set)",5,5
"2025-10-30","Iran","(not set)",5,5
"2025-10-30","Egypt","(not set)",4,4
"2025-10-30","Algeria","(not set)",3,3
"2025-10-30","Macao","(not set)",3,1
"2025-10-30","Mexico","(not set)",3,3
"2025-10-30","Argentina","(not set)",2,2
"2025-10-30","Indonesia","(not set)",2,2
"2025-10-30","Netherlands","(not set)",2,2
"2025-10-30","Paraguay","(not set)",2,2
"2025-10-30","Thailand","(not set)",2,2
"2025-10-30","Türkiye","(not set)",2,2
"2025-10-30","Botswana","(not set)",1,1
"2025-10-30","Ecuador","(not set)",1,1
"2025-10-30","El Salvador","(not set)",1,1
"2025-10-30","Japan","(not set)",1,1
"2025-10-30","Jordan","(not set)",1,1
"2025-10-30","Liberia","(not set)",1,1
"2025-10-30","Nigeria","(not set)",1,1
"2025-10-30","Philippines","(not set)",1,1
"2025-10-30","Portugal","(not set)",1,1
"2025-10-30","Qatar","(not set)",1,1
"2025-10-30","Saudi Arabia","(not set)",1,1
"2025-10-30","Spain","(not set)",1,1
"2025-10-30","Syria","(not set)",1,1
"2025-10-30","Tunisia","(not set)",1,1
"2025-10-31","Brazil","(not set)",1518,1497
"2025-10-31","United States","(not set)",100,100
"2025-10-31","(not set)","(not set)",29,28
"2025-10-31","India","(not set)",9,9
"2025-10-31","Egypt","(not set)",8,8
"2025-10-31","Bangladesh","(not set)",7,7
"2025-10-31","Iran","(not set)",7,7
"2025-10-31","Mexico","(not set)",6,6
"2025-10-31","Indonesia","(not set)",4,4
"2025-10-31","Morocco","(not set)",4,4
"2025-10-31","Philippines","(not set)",4,4
"2025-10-31","Saudi Arabia","(not set)",4,4
"2025-10-31","Algeria","(not set)",3,3
"2025-10-31","Argentina","(not set)",2,2
"2025-10-31","Germany","(not set)",2,2
"2025-10-31","Thailand","(not set)",2,2
"2025-10-31","United Arab Emirates","(not set)",2,2
"2025-10-31","Afghanistan","(not set)",1,1
"2025-10-31","Angola","(not set)",1,1
"2025-10-31","Canada","(not set)",1,1
"2025-10-31","Colombia","(not set)",1,1
"2025-10-31","France","(not set)",1,1
"2025-10-31","Italy","(not set)",1,1
"2025-10-31","Jordan","(not set)",1,1
"2025-10-31","Lithuania","(not set)",1,1
"2025-10-31","Malaysia","(not set)",1,1
"2025-10-31","Portugal","(not set)",1,1
"2025-10-31","Qatar","(not set)",1,1
"2025-10-31","Russia","(not set)",1,1
"2025-10-31","Singapore","(not set)",1,1
"2025-10-31","Spain","(not set)",1,1
"2025-10-31","Sudan","(not set)",1,1
"2025-10-31","Venezuela","(not set)",1,1
"2025-10-31","Vietnam","(not set)",1,1
"2025-11-01","Brazil","(not set)",1531,1498
"2025-11-01","United States","(not set)",86,86
"2025-11-01","India","(not set)",9,9
"2025-11-01","Bangladesh","(not set)",6,6
"2025-11-01","Iran","(not set)",6,6
"2025-11-01","Algeria","(not set)",5,4
"2025-11-01","Egypt","(not set)",4,4
"2025-11-01","Mexico","(not set)",3,3
"2025-11-01","(not set)","(not set)",2,2
"2025-11-01","Argentina","(not set)",2,2
"2025-11-01","Israel","(not set)",2,2
"2025-11-01","Italy","(not set)",2,2
"2025-11-01","Saudi Arabia","(not set)",2,2
"2025-11-01","South Africa","(not set)",2,1
"2025-11-01","Canada","(not set)",1,1
"2025-11-01","Colombia","(not set)",1,1
"2025-11-01","Greece","(not set)",1,1
"2025-11-01","Hungary","(not set)",1,1
"2025-11-01","Indonesia","(not set)",1,1
"2025-11-01","Japan","(not set)",1,1
"2025-11-01","Kenya","(not set)",1,1
"2025-11-01","Moldova","(not set)",1,1
"2025-11-01","Morocco","(not set)",1,1
"2025-11-01","Oman","(not set)",1,1
"2025-11-01","Philippines","(not set)",1,1
"2025-11-01","Portugal","(not set)",1,1
"2025-11-01","Venezuela","(not set)",1,1
"2025-11-01","Vietnam","(not set)",1,1
"2025-11-02","Brazil","(not set)",1662,1649
"2025-11-02","United States","(not set)",79,78
"2025-11-02","Bangladesh","(not set)",7,7
"2025-11-02","Egypt","(not set)",7,7
"2025-11-02","Iran","(not set)",7,7
"2025-11-02","Algeria","(not set)",4,4
"2025-11-02","Mexico","(not set)",3,3
"2025-11-02","Canada","(not set)",2,2
"2025-11-02","Portugal","(not set)",2,2
"2025-11-02","Puerto Rico","(not set)",2,2
"2025-11-02","(not set)","(not set)",1,1
"2025-11-02","Argentina","(not set)",1,1
"2025-11-02","Australia","(not set)",1,1
"2025-11-02","Germany","(not set)",1,1
"2025-11-02","India","(not set)",1,1
"2025-11-02","Indonesia","(not set)",1,1
"2025-11-02","Israel","(not set)",1,1
"2025-11-02","Japan","(not set)",1,1
"2025-11-02","Jordan","(not set)",1,1
"2025-11-02","Kenya","(not set)",1,1
"2025-11-02","Malaysia","(not set)",1,1
"2025-11-02","Netherlands","(not set)",1,1
"2025-11-02","Nigeria","(not set)",1,1
"2025-11-02","Philippines","(not set)",1,1
"2025-11-02","Romania","(not set)",1,1
"2025-11-02","Saudi Arabia","(not set)",1,1
"2025-11-02","Syria","(not set)",1,1
"2025-11-02","Türkiye","(not set)",1,1
"2025-11-02","United Kingdom","(not set)",1,1
"2025-11-02","Vietnam","(not set)",1,1
"2025-11-02","Yemen","(not set)",1,1
"2025-11-02","Zambia","(not set)",1,1
"2025-11-03","Brazil","(not set)",1331,1312
"2025-11-03","United States","(not set)",88,87
"2025-11-03","(not set)","(not set)",21,20
"2025-11-03","Algeria","(not set)",8,8
"2025-11-03","Bangladesh","(not set)",5,5
"2025-11-03","Iran","(not set)",5,5
"2025-11-03","Argentina","(not set)",3,3
"2025-11-03","Egypt","(not set)",3,3
"2025-11-03","Syria","(not set)",3,3
"2025-11-03","India","(not set)",2,2
"2025-11-03","Saudi Arabia","(not set)",2,2
"2025-11-03","United Arab Emirates","(not set)",2,2
"2025-11-03","Albania","(not set)",1,1
"2025-11-03","Bolivia","(not set)",1,1
"2025-11-03","Bulgaria","(not set)",1,1
"2025-11-03","Colombia","(not set)",1,1
"2025-11-03","France","(not set)",1,1
"2025-11-03","Greece","(not set)",1,1
"2025-11-03","Indonesia","(not set)",1,1
"2025-11-03","Jordan","(not set)",1,1
"2025-11-03","Mozambique","(not set)",1,1
"2025-11-03","Nigeria","(not set)",1,1
"2025-11-03","Peru","(not set)",1,1
"2025-11-03","Philippines","(not set)",1,1
"2025-11-03","Portugal","(not set)",1,1
"2025-11-03","Romania","(not set)",1,1
"2025-11-03","South Africa","(not set)",1,1
"2025-11-03","Thailand","(not set)",1,1
"2025-11-03","Trinidad & Tobago","(not set)",1,1
"2025-11-03","Tunisia","(not set)",1,1
"2025-11-03","Türkiye","(not set)",1,1
"2025-11-03","Uruguay","(not set)",1,1
"2025-11-03","Vietnam","(not set)",1,1
"2025-11-04","Brazil","(not set)",1430,1406
"2025-11-04","United States","(not set)",80,80
"2025-11-04","(not set)","(not set)",31,31
"2025-11-04","India","(not set)",8,8
"2025-11-04","Egypt","(not set)",5,5
"2025-11-04","Netherlands","(not set)",5,5
"2025-11-04","Algeria","(not set)",4,4
"2025-11-04","Bangladesh","(not set)",4,4
"2025-11-04","Iran","(not set)",4,4
"2025-11-04","Mexico","(not set)",4,4
"2025-11-04","Portugal","(not set)",4,4
"2025-11-04","Indonesia","(not set)",2,2
"2025-11-04","Japan","(not set)",2,2
"2025-11-04","Peru","(not set)",2,2
"2025-11-04","Sudan","(not set)",2,2
"2025-11-04","United Arab Emirates","(not set)",2,2
"2025-11-04","Argentina","(not set)",1,1
"2025-11-04","Australia","(not set)",1,1
"2025-11-04","Benin","(not set)",1,1
"2025-11-04","Bermuda","(not set)",1,1
"2025-11-04","Czechia","(not set)",1,1
"2025-11-04","Ecuador","(not set)",1,1
"2025-11-04","Germany","(not set)",1,1
"2025-11-04","Italy","(not set)",1,1
"2025-11-04","Kenya","(not set)",1,1
"2025-11-04","Morocco","(not set)",1,1
"2025-11-04","Namibia","(not set)",1,1
"2025-11-04","Pakistan","(not set)",1,1
"2025-11-04","Philippines","(not set)",1,1
"2025-11-04","Poland","(not set)",1,1
"2025-11-04","Puerto Rico","(not set)",1,1
"2025-11-04","Saudi Arabia","(not set)",1,1
"2025-11-04","Switzerland","(not set)",1,1
"2025-11-04","Türkiye","(not set)",1,1
"2025-11-04","United Kingdom","(not set)",1,1
"2025-11-05","Brazil","(not set)",1356,1334
"2025-11-05","United States","(not set)",70,70
"2025-11-05","Iran","(not set)",11,11
"2025-11-05","Nigeria","(not set)",5,4
"2025-11-05","Algeria","(not set)",4,4
"2025-11-05","Bangladesh","(not set)",4,3
"2025-11-05","Egypt","(not set)",4,4
"2025-11-05","India","(not set)",4,4
"2025-11-05","Pakistan","(not set)",4,4
"2025-11-05","(not set)","(not set)",3,3
"2025-11-05","Colombia","(not set)",3,3
"2025-11-05","France","(not set)",3,3
"2025-11-05","Mexico","(not set)",3,3
"2025-11-05","Philippines","(not set)",2,2
"2025-11-05","Puerto Rico","(not set)",2,2
"2025-11-05","Saudi Arabia","(not set)",2,2
"2025-11-05","Tunisia","(not set)",2,2
"2025-11-05","Albania","(not set)",1,1
"2025-11-05","Argentina","(not set)",1,1
"2025-11-05","Australia","(not set)",1,1
"2025-11-05","Chile","(not set)",1,1
"2025-11-05","Cuba","(not set)",1,1
"2025-11-05","Germany","(not set)",1,1
"2025-11-05","Hungary","(not set)",1,1
"2025-11-05","Iraq","(not set)",1,1
"2025-11-05","Ireland","(not set)",1,1
"2025-11-05","Kazakhstan","(not set)",1,1
"2025-11-05","Kenya","(not set)",1,1
"2025-11-05","Mali","(not set)",1,1
"2025-11-05","Netherlands","(not set)",1,1
"2025-11-05","Norway","(not set)",1,1
"2025-11-05","Paraguay","(not set)",1,1
"2025-11-05","Portugal","(not set)",1,1
"2025-11-05","Romania","(not set)",1,1
"2025-11-05","Thailand","(not set)",1,1
"2025-11-05","United Arab Emirates","(not set)",1,1
"2025-11-05","Yemen","(not set)",1,1
"2025-11-06","Brazil","(not set)",1318,1307
"2025-11-06","United States","(not set)",90,88
"2025-11-06","(not set)","(not set)",12,11
"2025-11-06","Egypt","(not set)",6,6
"2025-11-06","India","(not set)",4,4
"2025-11-06","Argentina","(not set)",3,3
"2025-11-06","Mexico","(not set)",3,2
"2025-11-06","Morocco","(not set)",3,3
"2025-11-06","Algeria","(not set)",2,2
"2025-11-06","Bangladesh","(not set)",2,2
"2025-11-06","Canada","(not set)",2,2
"2025-11-06","Indonesia","(not set)",2,2
"2025-11-06","Iran","(not set)",2,2
"2025-11-06","Philippines","(not set)",2,2
"2025-11-06","Poland","(not set)",2,2
"2025-11-06","Romania","(not set)",2,2
"2025-11-06","Russia","(not set)",2,2
"2025-11-06","Türkiye","(not set)",2,2
"2025-11-06","Armenia","(not set)",1,1
"2025-11-06","Colombia","(not set)",1,1
"2025-11-06","Costa Rica","(not set)",1,1
"2025-11-06","Italy","(not set)",1,1
"2025-11-06","Kenya","(not set)",1,1
"2025-11-06","Kyrgyzstan","(not set)",1,1
"2025-11-06","Nepal","(not set)",1,1
"2025-11-06","Netherlands","(not set)",1,1
"2025-11-06","Pakistan","(not set)",1,1
"2025-11-06","Paraguay","(not set)",1,1
"2025-11-06","Puerto Rico","(not set)",1,1
"2025-11-06","Saudi Arabia","(not set)",1,1
"2025-11-06","South Africa","(not set)",1,1
"2025-11-06","Switzerland","(not set)",1,1
"2025-11-06","Thailand","(not set)",1,1
"2025-11-06","Tunisia","(not set)",1,1
"2025-11-06","Venezuela","(not set)",1,1
"2025-11-06","Yemen","(not set)",1,1
"2025-11-07","Brazil","(not set)",1325,1281
"2025-11-07","United States","(not set)",84,84
"2025-11-07","(not set)","(not set)",16,16
"2025-11-07","China","(not set)",11,11
"2025-11-07","Egypt","(not set)",5,5
"2025-11-07","Iran","(not set)",5,5
"2025-11-07","Jordan","(not set)",5,5
"2025-11-07","India","(not set)",4,4
"2025-11-07","Algeria","(not set)",3,3
"2025-11-07","Germany","(not set)",3,3
"2025-11-07","Indonesia","(not set)",3,3
"2025-11-07","Mexico","(not set)",3,3
"2025-11-07","Portugal","(not set)",3,3
"2025-11-07","Netherlands","(not set)",2,2
"2025-11-07","Nigeria","(not set)",2,2
"2025-11-07","Argentina","(not set)",1,1
"2025-11-07","Bangladesh","(not set)",1,1
"2025-11-07","Canada","(not set)",1,1
"2025-11-07","Hungary","(not set)",1,1
"2025-11-07","Ireland","(not set)",1,1
"2025-11-07","Israel","(not set)",1,1
"2025-11-07","Kuwait","(not set)",1,1
"2025-11-07","Malaysia","(not set)",1,1
"2025-11-07","Morocco","(not set)",1,1
"2025-11-07","Nepal","(not set)",1,1
"2025-11-07","Pakistan","(not set)",1,1
"2025-11-07","Philippines","(not set)",1,1
"2025-11-07","Saudi Arabia","(not set)",1,1
"2025-11-07","South Korea","(not set)",1,1
"2025-11-07","Trinidad & Tobago","(not set)",1,1
"2025-11-07","Tunisia","(not set)",1,1
"2025-11-08","Brazil","(not set)",1428,1415
"2025-11-08","United States","(not set)",91,89
"2025-11-08","Egypt","(not set)",10,10
"2025-11-08","Mexico","(not set)",8,8
"2025-11-08","India","(not set)",5,5
"2025-11-08","Iran","(not set)",5,5
"2025-11-08","Colombia","(not set)",4,3
"2025-11-08","Algeria","(not set)",2,2
"2025-11-08","Argentina","(not set)",2,2
"2025-11-08","Bangladesh","(not set)",2,2
"2025-11-08","Nigeria","(not set)",2,2
"2025-11-08","Belgium","(not set)",1,1
"2025-11-08","Canada","(not set)",1,1
"2025-11-08","China","(not set)",1,1
"2025-11-08","Germany","(not set)",1,1
"2025-11-08","Guatemala","(not set)",1,1
"2025-11-08","Iraq","(not set)",1,1
"2025-11-08","Italy","(not set)",1,1
"2025-11-08","Jordan","(not set)",1,1
"2025-11-08","Kenya","(not set)",1,1
"2025-11-08","Kuwait","(not set)",1,1
"2025-11-08","Morocco","(not set)",1,1
"2025-11-08","New Zealand","(not set)",1,1
"2025-11-08","Oman","(not set)",1,1
"2025-11-08","Peru","(not set)",1,1
"2025-11-08","Portugal","(not set)",1,1
"2025-11-08","Saudi Arabia","(not set)",1,1
"2025-11-08","South Korea","(not set)",1,1
"2025-11-08","Switzerland","(not set)",1,1
"2025-11-08","Syria","(not set)",1,1
"2025-11-08","Tunisia","(not set)",1,1
"2025-11-08","Yemen","(not set)",1,1
"2025-11-09","Brazil","(not set)",1323,1298
"2025-11-09","United States","(not set)",101,101
"2025-11-09","Egypt","(not set)",7,7
"2025-11-09","Bangladesh","(not set)",6,6
"2025-11-09","India","(not set)",4,4
"2025-11-09","Mexico","(not set)",4,4
"2025-11-09","Portugal","(not set)",4,4
"2025-11-09","Indonesia","(not set)",3,3
"2025-11-09","Greece","(not set)",2,2
"2025-11-09","Iran","(not set)",2,2
"2025-11-09","Pakistan","(not set)",2,2
"2025-11-09","Philippines","(not set)",2,2
"2025-11-09","Poland","(not set)",2,2
"2025-11-09","Romania","(not set)",2,2
"2025-11-09","Saudi Arabia","(not set)",2,2
"2025-11-09","Algeria","(not set)",1,1
"2025-11-09","Canada","(not set)",1,1
"2025-11-09","Colombia","(not set)",1,1
"2025-11-09","Dominican Republic","(not set)",1,1
"2025-11-09","Ecuador","(not set)",1,1
"2025-11-09","France","(not set)",1,1
"2025-11-09","Germany","(not set)",1,1
"2025-11-09","Hungary","(not set)",1,1
"2025-11-09","Iraq","(not set)",1,1
"2025-11-09","Malaysia","(not set)",1,1
"2025-11-09","Netherlands","(not set)",1,1
"2025-11-09","Nigeria","(not set)",1,1
"2025-11-09","Peru","(not set)",1,1
"2025-11-09","Puerto Rico","(not set)",1,1
"2025-11-09","South Africa","(not set)",1,1
"2025-11-09","Sudan","(not set)",1,1
"2025-11-09","Syria","(not set)",1,1
"2025-11-09","Türkiye","(not set)",1,1
"2025-11-09","Vietnam","(not set)",1,1
"2025-11-10","Brazil","(not set)",1159,1148
"2025-11-10","United States","(not set)",95,95
"2025-11-10","Iran","(not set)",12,12
"2025-11-10","China","(not set)",11,11
"2025-11-10","(not set)","(not set)",7,7
"2025-11-10","Mexico","(not set)",6,6
"2025-11-10","Bangladesh","(not set)",5,5
"2025-11-10","Egypt","(not set)",4,4
"2025-11-10","India","(not set)",4,4
"2025-11-10","Saudi Arabia","(not set)",3,3
"2025-11-10","France","(not set)",2,2
"2025-11-10","Germany","(not set)",2,2
"2025-11-10","Portugal","(not set)",2,2
"2025-11-10","Romania","(not set)",2,2
"2025-11-10","Spain","(not set)",2,2
"2025-11-10","Syria","(not set)",2,2
"2025-11-10","Botswana","(not set)",1,1
"2025-11-10","Georgia","(not set)",1,1
"2025-11-10","Indonesia","(not set)",1,1
"2025-11-10","Ireland","(not set)",1,1
"2025-11-10","Italy","(not set)",1,1
"2025-11-10","Morocco","(not set)",1,1
"2025-11-10","Nigeria","(not set)",1,1
"2025-11-10","Philippines","(not set)",1,1
"2025-11-10","South Korea","(not set)",1,1
"2025-11-10","Taiwan","(not set)",1,1
"2025-11-10","Türkiye","(not set)",1,1
"2025-11-10","United Arab Emirates","(not set)",1,1
"2025-11-11","Brazil","(not set)",1244,1231
"2025-11-11","United States","(not set)",80,79
"2025-11-11","Egypt","(not set)",9,8
"2025-11-11","India","(not set)",6,6
"2025-11-11","Bangladesh","(not set)",5,5
"2025-11-11","Indonesia","(not set)",5,5
"2025-11-11","Iran","(not set)",4,4
"2025-11-11","Mexico","(not set)",4,4
"2025-11-11","Saudi Arabia","(not set)",4,4
"2025-11-11","France","(not set)",3,3
"2025-11-11","Syria","(not set)",3,3
"2025-11-11","Morocco","(not set)",2,2
"2025-11-11","Nigeria","(not set)",2,2
"2025-11-11","Pakistan","(not set)",2,2
"2025-11-11","Turkmenistan","(not set)",2,1
"2025-11-11","Argentina","(not set)",1,1
"2025-11-11","Dominican Republic","(not set)",1,1
"2025-11-11","Ecuador","(not set)",1,1
"2025-11-11","Guatemala","(not set)",1,1
"2025-11-11","Iraq","(not set)",1,1
"2025-11-11","Israel","(not set)",1,1
"2025-11-11","Italy","(not set)",1,1
"2025-11-11","Jordan","(not set)",1,1
"2025-11-11","Libya","(not set)",1,1
"2025-11-11","Netherlands","(not set)",1,1
"2025-11-11","Paraguay","(not set)",1,1
"2025-11-11","Peru","(not set)",1,1
"2025-11-11","Poland","(not set)",1,1
"2025-11-11","Puerto Rico","(not set)",1,1
"2025-11-11","Serbia","(not set)",1,1
"2025-11-11","Spain","(not set)",1,1
"2025-11-11","Ukraine","(not set)",1,1
"2025-11-12","Brazil","(not set)",1320,1285
"2025-11-12","United States","(not set)",72,71
"2025-11-12","Egypt","(not set)",12,12
"2025-11-12","Iran","(not set)",8,8
"2025-11-12","India","(not set)",6,6
"2025-11-12","Indonesia","(not set)",4,4
"2025-11-12","Mexico","(not set)",4,4
"2025-11-12","Bangladesh","(not set)",2,2
"2025-11-12","Colombia","(not set)",2,2
"2025-11-12","Nigeria","(not set)",2,2
"2025-11-12","Portugal","(not set)",2,2
"2025-11-12","Romania","(not set)",2,2
"2025-11-12","Türkiye","(not set)",2,2
"2025-11-12","United Kingdom","(not set)",2,1
"2025-11-12","Canada","(not set)",1,1
"2025-11-12","Dominican Republic","(not set)",1,1
"2025-11-12","El Salvador","(not set)",1,1
"2025-11-12","Myanmar (Burma)","(not set)",1,1
"2025-11-12","Netherlands","(not set)",1,1
"2025-11-12","Oman","(not set)",1,1
"2025-11-12","Philippines","(not set)",1,1
"2025-11-12","Puerto Rico","(not set)",1,1
"2025-11-12","Saudi Arabia","(not set)",1,1
"2025-11-12","Singapore","(not set)",1,1
"2025-11-12","South Africa","(not set)",1,1
"2025-11-12","Spain","(not set)",1,1
"2025-11-12","Switzerland","(not set)",1,1
"2025-11-12","Thailand","(not set)",1,1
"2025-11-12","Tunisia","(not set)",1,1
"2025-11-13","Brazil","(not set)",1294,1246
"2025-11-13","United States","(not set)",90,90
"2025-11-13","(not set)","(not set)",39,39
"2025-11-13","Iran","(not set)",5,5
"2025-11-13","Egypt","(not set)",4,4
"2025-11-13","India","(not set)",4,3
"2025-11-13","Bangladesh","(not set)",3,3
"2025-11-13","Germany","(not set)",3,3
"2025-11-13","Syria","(not set)",3,3
"2025-11-13","Algeria","(not set)",2,2
"2025-11-13","Bosnia & Herzegovina","(not set)",2,2
"2025-11-13","Colombia","(not set)",2,2
"2025-11-13","Indonesia","(not set)",2,2
"2025-11-13","Mexico","(not set)",2,2
"2025-11-13","Mozambique","(not set)",2,2
"2025-11-13","Nigeria","(not set)",2,2
"2025-11-13","Panama","(not set)",2,2
"2025-11-13","Philippines","(not set)",2,2
"2025-11-13","United Kingdom","(not set)",2,2
"2025-11-13","Argentina","(not set)",1,1
"2025-11-13","Ecuador","(not set)",1,1
"2025-11-13","France","(not set)",1,1
"2025-11-13","Guatemala","(not set)",1,1
"2025-11-13","Ireland","(not set)",1,1
"2025-11-13","Jamaica","(not set)",1,1
"2025-11-13","Jordan","(not set)",1,1
"2025-11-13","Netherlands","(not set)",1,1
"2025-11-13","Pakistan","(not set)",1,1
"2025-11-13","Peru","(not set)",1,1
"2025-11-13","Portugal","(not set)",1,1
"2025-11-13","Puerto Rico","(not set)",1,1
"2025-11-13","Romania","(not set)",1,1
"2025-11-13","Spain","(not set)",1,1
"2025-11-13","Sudan","(not set)",1,1
"2025-11-13","Switzerland","(not set)",1,1
"2025-11-13","Thailand","(not set)",1,1
"2025-11-13","Türkiye","(not set)",1,1
"2025-11-14","Brazil","(not set)",1581,1530
"2025-11-14","United States","(not set)",118,118
"2025-11-14","(not set)","(not set)",45,41
"2025-11-14","Algeria","(not set)",7,7
"2025-11-14","Portugal","(not set)",7,6
"2025-11-14","Bangladesh","(not set)",5,3
"2025-11-14","Indonesia","(not set)",5,5
"2025-11-14","Egypt","(not set)",4,4
"2025-11-14","India","(not set)",4,4
"2025-11-14","Iran","(not set)",4,4
"2025-11-14","Mexico","(not set)",4,4
"2025-11-14","Netherlands","(not set)",4,4
"2025-11-14","Colombia","(not set)",3,2
"2025-11-14","France","(not set)",3,3
"2025-11-14","Qatar","(not set)",3,1
"2025-11-14","United Arab Emirates","(not set)",3,3
"2025-11-14","Guatemala","(not set)",2,2
"2025-11-14","Nigeria","(not set)",2,2
"2025-11-14","Syria","(not set)",2,2
"2025-11-14","Türkiye","(not set)",2,2
"2025-11-14","Chile","(not set)",1,1
"2025-11-14","Ecuador","(not set)",1,1
"2025-11-14","Germany","(not set)",1,1
"2025-11-14","Italy","(not set)",1,1
"2025-11-14","Malaysia","(not set)",1,1
"2025-11-14","Mozambique","(not set)",1,1
"2025-11-14","Philippines","(not set)",1,1
"2025-11-14","Poland","(not set)",1,1
"2025-11-14","Saudi Arabia","(not set)",1,1
"2025-11-14","Singapore","(not set)",1,1
"2025-11-14","Spain","(not set)",1,1
"2025-11-14","Switzerland","(not set)",1,1
"2025-11-14","Tanzania","(not set)",1,1
"2025-11-14","Uzbekistan","(not set)",1,1
"2025-11-15","Brazil","(not set)",1433,1412
"2025-11-15","United States","(not set)",80,79
"2025-11-15","Iran","(not set)",10,10
"2025-11-15","Bangladesh","(not set)",6,6
"2025-11-15","Egypt","(not set)",5,5
"2025-11-15","India","(not set)",5,5
"2025-11-15","Mexico","(not set)",5,5
"2025-11-15","Germany","(not set)",3,3
"2025-11-15","Indonesia","(not set)",3,3
"2025-11-15","Portugal","(not set)",3,3
"2025-11-15","Saudi Arabia","(not set)",3,3
"2025-11-15","Algeria","(not set)",2,2
"2025-11-15","Australia","(not set)",2,2
"2025-11-15","Colombia","(not set)",2,2
"2025-11-15","Italy","(not set)",2,2
"2025-11-15","Netherlands","(not set)",2,2
"2025-11-15","Belarus","(not set)",1,1
"2025-11-15","Canada","(not set)",1,1
"2025-11-15","France","(not set)",1,1
"2025-11-15","Iraq","(not set)",1,1
"2025-11-15","Kuwait","(not set)",1,1
"2025-11-15","Morocco","(not set)",1,1
"2025-11-15","Romania","(not set)",1,1
"2025-11-15","Russia","(not set)",1,1
"2025-11-15","Sweden","(not set)",1,1
"2025-11-15","Syria","(not set)",1,1
"2025-11-15","United Kingdom","(not set)",1,1
"2025-11-16","Brazil","(not set)",1486,1461
"2025-11-16","United States","(not set)",103,102
"2025-11-16","Iran","(not set)",10,10
"2025-11-16","Egypt","(not set)",7,6
"2025-11-16","India","(not set)",5,5
"2025-11-16","Mexico","(not set)",5,5
"2025-11-16","Colombia","(not set)",4,4
"2025-11-16","United Kingdom","(not set)",3,3
"2025-11-16","Algeria","(not set)",2,2
"2025-11-16","Bangladesh","(not set)",2,2
"2025-11-16","Canada","(not set)",2,2
"2025-11-16","Indonesia","(not set)",2,2
"2025-11-16","Jordan","(not set)",2,2
"2025-11-16","Nigeria","(not set)",2,2
"2025-11-16","Saudi Arabia","(not set)",2,2
"2025-11-16","Thailand","(not set)",2,1
"2025-11-16","Uruguay","(not set)",2,2
"2025-11-16","Angola","(not set)",1,1
"2025-11-16","Argentina","(not set)",1,1
"2025-11-16","Austria","(not set)",1,1
"2025-11-16","Chile","(not set)",1,1
"2025-11-16","France","(not set)",1,1
"2025-11-16","Iraq","(not set)",1,1
"2025-11-16","Malaysia","(not set)",1,1
"2025-11-16","Moldova","(not set)",1,1
"2025-11-16","Morocco","(not set)",1,1
"2025-11-16","Netherlands","(not set)",1,1
"2025-11-16","New Zealand","(not set)",1,1
"2025-11-16","Pakistan","(not set)",1,1
"2025-11-16","Peru","(not set)",1,1
"2025-11-16","Spain","(not set)",1,1
"2025-11-16","Tunisia","(not set)",1,1
"2025-11-16","Vietnam","(not set)",1,1
"2025-11-17","Brazil","(not set)",1292,1269
"2025-11-17","United States","(not set)",93,93
"2025-11-17","(not set)","(not set)",14,14
"2025-11-17","Iran","(not set)",11,11
"2025-11-17","Egypt","(not set)",6,6
"2025-11-17","India","(not set)",6,5
"2025-11-17","Argentina","(not set)",4,4
"2025-11-17","Bangladesh","(not set)",3,3
"2025-11-17","Saudi Arabia","(not set)",2,2
"2025-11-17","Algeria","(not set)",1,1
"2025-11-17","Canada","(not set)",1,1
"2025-11-17","Colombia","(not set)",1,1
"2025-11-17","Dominican Republic","(not set)",1,1
"2025-11-17","France","(not set)",1,1
"2025-11-17","Italy","(not set)",1,1
"2025-11-17","Jamaica","(not set)",1,1
"2025-11-17","Japan","(not set)",1,1
"2025-11-17","Mexico","(not set)",1,1
"2025-11-17","Nigeria","(not set)",1,1
"2025-11-17","Norway","(not set)",1,1
"2025-11-17","Portugal","(not set)",1,1
"2025-11-17","Puerto Rico","(not set)",1,1
"2025-11-17","Russia","(not set)",1,1
"2025-11-17","Switzerland","(not set)",1,1
"2025-11-17","Uganda","(not set)",1,1
"2025-11-17","Uruguay","(not set)",1,1
"2025-11-17","Vietnam","(not set)",1,1
"2025-11-17","Yemen","(not set)",1,1
"2025-11-18","Brazil","(not set)",1400,1375
"2025-11-18","United States","(not set)",84,84
"2025-11-18","(not set)","(not set)",8,8
"2025-11-18","Iran","(not set)",6,6
"2025-11-18","Egypt","(not set)",5,5
"2025-11-18","Algeria","(not set)",4,4
"2025-11-18","Bangladesh","(not set)",4,4
"2025-11-18","Germany","(not set)",4,4
"2025-11-18","India","(not set)",3,3
"2025-11-18","Syria","(not set)",3,3
"2025-11-18","Argentina","(not set)",2,2
"2025-11-18","Colombia","(not set)",2,2
"2025-11-18","Indonesia","(not set)",2,2
"2025-11-18","Qatar","(not set)",2,2
"2025-11-18","Saudi Arabia","(not set)",2,2
"2025-11-18","Canada","(not set)",1,1
"2025-11-18","Congo - Kinshasa","(not set)",1,1
"2025-11-18","Czechia","(not set)",1,1
"2025-11-18","France","(not set)",1,1
"2025-11-18","Guinea-Bissau","(not set)",1,1
"2025-11-18","Israel","(not set)",1,1
"2025-11-18","Italy","(not set)",1,1
"2025-11-18","Kazakhstan","(not set)",1,1
"2025-11-18","Mexico","(not set)",1,1
"2025-11-18","Morocco","(not set)",1,1
"2025-11-18","Philippines","(not set)",1,1
"2025-11-18","Portugal","(not set)",1,1
"2025-11-18","Puerto Rico","(not set)",1,1
"2025-11-18","South Korea","(not set)",1,1
"2025-11-18","Sudan","(not set)",1,1
"2025-11-18","Switzerland","(not set)",1,1
"2025-11-18","Tanzania","(not set)",1,1
"2025-11-18","Thailand","(not set)",1,1
"2025-11-18","Tunisia","(not set)",1,1
"2025-11-18","Türkiye","(not set)",1,1
"2025-11-18","United Arab Emirates","(not set)",1,1
"2025-11-19","Brazil","(not set)",1348,1323
"2025-11-19","United States","(not set)",88,88
"2025-11-19","(not set)","(not set)",15,15
"2025-11-19","Egypt","(not set)",7,7
"2025-11-19","Bangladesh","(not set)",5,5
"2025-11-19","Iran","(not set)",5,5
"2025-11-19","India","(not set)",4,3
"2025-11-19","Mexico","(not set)",4,4
"2025-11-19","Saudi Arabia","(not set)",3,3
"2025-11-19","Chile","(not set)",2,2
"2025-11-19","Germany","(not set)",2,2
"2025-11-19","Italy","(not set)",2,2
"2025-11-19","Jordan","(not set)",2,2
"2025-11-19","Portugal","(not set)",2,2
"2025-11-19","Tunisia","(not set)",2,2
"2025-11-19","Türkiye","(not set)",2,2
"2025-11-19","Argentina","(not set)",1,1
"2025-11-19","Belgium","(not set)",1,1
"2025-11-19","Bolivia","(not set)",1,1
"2025-11-19","China","(not set)",1,1
"2025-11-19","Colombia","(not set)",1,1
"2025-11-19","Ecuador","(not set)",1,1
"2025-11-19","France","(not set)",1,1
"2025-11-19","Guatemala","(not set)",1,1
"2025-11-19","Indonesia","(not set)",1,1
"2025-11-19","Kuwait","(not set)",1,1
"2025-11-19","Norway","(not set)",1,1
"2025-11-19","Pakistan","(not set)",1,1
"2025-11-19","Poland","(not set)",1,1
"2025-11-19","Puerto Rico","(not set)",1,1
"2025-11-19","Spain","(not set)",1,1
"2025-11-19","United Kingdom","(not set)",1,1
"2025-11-19","Uruguay","(not set)",1,1
"2025-11-20","Brazil","(not set)",1448,1435
"2025-11-20","United States","(not set)",83,82
"2025-11-20","Iran","(not set)",8,8
"2025-11-20","Mexico","(not set)",7,7
"2025-11-20","India","(not set)",4,4
"2025-11-20","Indonesia","(not set)",4,4
"2025-11-20","Algeria","(not set)",3,3
"2025-11-20","Egypt","(not set)",3,3
"2025-11-20","Nigeria","(not set)",3,2
"2025-11-20","Spain","(not set)",3,3
"2025-11-20","Bangladesh","(not set)",2,2
"2025-11-20","Netherlands","(not set)",2,2
"2025-11-20","Albania","(not set)",1,1
"2025-11-20","Australia","(not set)",1,1
"2025-11-20","Canada","(not set)",1,1
"2025-11-20","Dominican Republic","(not set)",1,1
"2025-11-20","Ghana","(not set)",1,1
"2025-11-20","Iraq","(not set)",1,1
"2025-11-20","Israel","(not set)",1,1
"2025-11-20","Japan","(not set)",1,1
"2025-11-20","Jordan","(not set)",1,1
"2025-11-20","Kazakhstan","(not set)",1,1
"2025-11-20","Kenya","(not set)",1,1
"2025-11-20","Madagascar","(not set)",1,1
"2025-11-20","Pakistan","(not set)",1,1
"2025-11-20","Paraguay","(not set)",1,1
"2025-11-20","Peru","(not set)",1,1
"2025-11-20","Philippines","(not set)",1,1
"2025-11-20","Portugal","(not set)",1,1
"2025-11-20","Singapore","(not set)",1,1
"2025-11-20","Syria","(not set)",1,1
"2025-11-20","Türkiye","(not set)",1,1
"2025-11-20","United Arab Emirates","(not set)",1,1
"2025-11-21","Brazil","(not set)",1325,1290
"2025-11-21","United States","(not set)",77,77
"2025-11-21","Iran","(not set)",10,10
"2025-11-21","India","(not set)",6,6
"2025-11-21","Egypt","(not set)",5,5
"2025-11-21","Mexico","(not set)",4,4
"2025-11-21","Colombia","(not set)",3,3
"2025-11-21","Bangladesh","(not set)",2,2
"2025-11-21","Brunei","(not set)",2,1
"2025-11-21","Indonesia","(not set)",2,2
"2025-11-21","Kuwait","(not set)",2,2
"2025-11-21","Spain","(not set)",2,2
"2025-11-21","(not set)","(not set)",1,1
"2025-11-21","Argentina","(not set)",1,1
"2025-11-21","El Salvador","(not set)",1,1
"2025-11-21","France","(not set)",1,1
"2025-11-21","Germany","(not set)",1,1
"2025-11-21","Hungary","(not set)",1,1
"2025-11-21","Netherlands","(not set)",1,1
"2025-11-21","Philippines","(not set)",1,1
"2025-11-21","Poland","(not set)",1,1
"2025-11-21","Portugal","(not set)",1,1
"2025-11-21","Puerto Rico","(not set)",1,1
"2025-11-21","Qatar","(not set)",1,1
"2025-11-21","Syria","(not set)",1,1
"2025-11-21","United Arab Emirates","(not set)",1,1
"2025-11-21","United Kingdom","(not set)",1,1
"2025-11-21","Vietnam","(not set)",1,1
"2025-11-22","Brazil","(not set)",1521,1509
"2025-11-22","United States","(not set)",87,87
"2025-11-22","Iran","(not set)",11,10
"2025-11-22","Egypt","(not set)",9,9
"2025-11-22","Algeria","(not set)",3,3
"2025-11-22","Saudi Arabia","(not set)",3,3
"2025-11-22","Bangladesh","(not set)",2,2
"2025-11-22","Canada","(not set)",2,2
"2025-11-22","Denmark","(not set)",2,2
"2025-11-22","India","(not set)",2,2
"2025-11-22","Japan","(not set)",2,2
"2025-11-22","Jordan","(not set)",2,2
"2025-11-22","Mexico","(not set)",2,2
"2025-11-22","Pakistan","(not set)",2,2
"2025-11-22","Philippines","(not set)",2,2
"2025-11-22","Puerto Rico","(not set)",2,2
"2025-11-22","Andorra","(not set)",1,1
"2025-11-22","Argentina","(not set)",1,1
"2025-11-22","Colombia","(not set)",1,1
"2025-11-22","France","(not set)",1,1
"2025-11-22","Germany","(not set)",1,1
"2025-11-22","Italy","(not set)",1,1
"2025-11-22","Kiribati","(not set)",1,1
"2025-11-22","Morocco","(not set)",1,1
"2025-11-22","Portugal","(not set)",1,1
"2025-11-22","Russia","(not set)",1,1
"2025-11-22","South Korea","(not set)",1,1
"2025-11-22","Syria","(not set)",1,1
"2025-11-22","Tunisia","(not set)",1,1
"2025-11-22","United Kingdom","(not set)",1,1
"2025-11-23","Brazil","(not set)",1614,1585
"2025-11-23","United States","(not set)",71,71
"2025-11-23","India","(not set)",10,10
"2025-11-23","Iran","(not set)",9,9
"2025-11-23","Algeria","(not set)",4,4
"2025-11-23","Saudi Arabia","(not set)",4,4
"2025-11-23","Colombia","(not set)",3,3
"2025-11-23","Egypt","(not set)",3,3
"2025-11-23","Bangladesh","(not set)",2,2
"2025-11-23","France","(not set)",2,2
"2025-11-23","Mexico","(not set)",2,2
"2025-11-23","Morocco","(not set)",2,2
"2025-11-23","Mozambique","(not set)",2,2
"2025-11-23","Canada","(not set)",1,1
"2025-11-23","Germany","(not set)",1,1
"2025-11-23","Guatemala","(not set)",1,1
"2025-11-23","Indonesia","(not set)",1,1
"2025-11-23","Israel","(not set)",1,1
"2025-11-23","Italy","(not set)",1,1
"2025-11-23","Malaysia","(not set)",1,1
"2025-11-23","Nigeria","(not set)",1,1
"2025-11-23","Pakistan","(not set)",1,1
"2025-11-23","Portugal","(not set)",1,1
"2025-11-23","Slovakia","(not set)",1,1
"2025-11-23","Syria","(not set)",1,1
"2025-11-23","Thailand","(not set)",1,1
"2025-11-24","Brazil","(not set)",1300,1283
"2025-11-24","United States","(not set)",82,82
"2025-11-24","(not set)","(not set)",29,27
"2025-11-24","Egypt","(not set)",9,8
"2025-11-24","Algeria","(not set)",5,5
"2025-11-24","Bangladesh","(not set)",4,4
"2025-11-24","India","(not set)",4,4
"2025-11-24","Syria","(not set)",3,3
"2025-11-24","Argentina","(not set)",2,2
"2025-11-24","Canada","(not set)",2,2
"2025-11-24","Indonesia","(not set)",2,2
"2025-11-24","Australia","(not set)",1,1
"2025-11-24","Colombia","(not set)",1,1
"2025-11-24","Costa Rica","(not set)",1,1
"2025-11-24","Côte d’Ivoire","(not set)",1,1
"2025-11-24","Ecuador","(not set)",1,1
"2025-11-24","Equatorial Guinea","(not set)",1,1
"2025-11-24","Estonia","(not set)",1,1
"2025-11-24","France","(not set)",1,1
"2025-11-24","Germany","(not set)",1,1
"2025-11-24","Haiti","(not set)",1,1
"2025-11-24","Iran","(not set)",1,1
"2025-11-24","Lithuania","(not set)",1,1
"2025-11-24","Mexico","(not set)",1,1
"2025-11-24","Morocco","(not set)",1,1
"2025-11-24","Mozambique","(not set)",1,1
"2025-11-24","Nicaragua","(not set)",1,1
"2025-11-24","Nigeria","(not set)",1,1
"2025-11-24","Peru","(not set)",1,1
"2025-11-24","Philippines","(not set)",1,1
"2025-11-24","Portugal","(not set)",1,1
"2025-11-24","Puerto Rico","(not set)",1,1
"2025-11-24","Romania","(not set)",1,1
"2025-11-24","Saudi Arabia","(not set)",1,1
"2025-11-24","Singapore","(not set)",1,1
"2025-11-24","Türkiye","(not set)",1,1
"2025-11-25","Brazil","(not set)",1329,1290
"2025-11-25","United States","(not set)",75,75
"2025-11-25","Egypt","(not set)",10,10
"2025-11-25","(not set)","(not set)",8,8
"2025-11-25","Iran","(not set)",5,5
"2025-11-25","Colombia","(not set)",4,2
"2025-11-25","Indonesia","(not set)",4,4
"2025-11-25","India","(not set)",3,3
"2025-11-25","Mexico","(not set)",3,3
"2025-11-25","Argentina","(not set)",2,2
"2025-11-25","Italy","(not set)",2,2
"2025-11-25","Netherlands","(not set)",2,2
"2025-11-25","Pakistan","(not set)",2,2
"2025-11-25","Spain","(not set)",2,2
"2025-11-25","Algeria","(not set)",1,1
"2025-11-25","Bangladesh","(not set)",1,1
"2025-11-25","Germany","(not set)",1,1
"2025-11-25","Guyana","(not set)",1,1
"2025-11-25","Haiti","(not set)",1,1
"2025-11-25","Jamaica","(not set)",1,1
"2025-11-25","Japan","(not set)",1,1
"2025-11-25","Jordan","(not set)",1,1
"2025-11-25","Malaysia","(not set)",1,1
"2025-11-25","Nepal","(not set)",1,1
"2025-11-25","Peru","(not set)",1,1
"2025-11-25","Portugal","(not set)",1,1
"2025-11-25","Puerto Rico","(not set)",1,1
"2025-11-25","Romania","(not set)",1,1
"2025-11-25","Saudi Arabia","(not set)",1,1
"2025-11-25","Singapore","(not set)",1,1
"2025-11-25","Suriname","(not set)",1,1
"2025-11-25","Thailand","(not set)",1,1
"2025-11-25","Tunisia","(not set)",1,1
"2025-11-25","United Arab Emirates","(not set)",1,1
"2025-11-26","Brazil","(not set)",1272,1245
"2025-11-26","United States","(not set)",73,71
"2025-11-26","(not set)","(not set)",13,13
"2025-11-26","Egypt","(not set)",9,9
"2025-11-26","Iran","(not set)",9,9
"2025-11-26","Mexico","(not set)",9,9
"2025-11-26","India","(not set)",7,7
"2025-11-26","Algeria","(not set)",4,3
"2025-11-26","Germany","(not set)",3,3
"2025-11-26","Indonesia","(not set)",3,3
"2025-11-26","Bangladesh","(not set)",2,2
"2025-11-26","France","(not set)",2,2
"2025-11-26","Netherlands","(not set)",2,2
"2025-11-26","Angola","(not set)",1,1
"2025-11-26","Argentina","(not set)",1,1
"2025-11-26","Bolivia","(not set)",1,1
"2025-11-26","Canada","(not set)",1,1
"2025-11-26","Colombia","(not set)",1,1
"2025-11-26","Guatemala","(not set)",1,1
"2025-11-26","Italy","(not set)",1,1
"2025-11-26","Madagascar","(not set)",1,1
"2025-11-26","Nigeria","(not set)",1,1
"2025-11-26","Palestine","(not set)",1,1
"2025-11-26","Philippines","(not set)",1,1
"2025-11-26","Romania","(not set)",1,1
"2025-11-26","Saudi Arabia","(not set)",1,1
"2025-11-26","South Korea","(not set)",1,1
"2025-11-26","Spain","(not set)",1,1
"2025-11-26","Thailand","(not set)",1,1
"2025-11-26","United Kingdom","(not set)",1,1
"2025-11-27","Brazil","(not set)",1326,1285
"2025-11-27","United States","(not set)",67,67
"2025-11-27","India","(not set)",8,8
"2025-11-27","Bangladesh","(not set)",7,7
"2025-11-27","Egypt","(not set)",6,6
"2025-11-27","Algeria","(not set)",4,4
"2025-11-27","Iran","(not set)",4,4
"2025-11-27","Iraq","(not set)",3,2
"2025-11-27","Mexico","(not set)",3,3
"2025-11-27","(not set)","(not set)",2,2
"2025-11-27","Canada","(not set)",2,2
"2025-11-27","Colombia","(not set)",2,2
"2025-11-27","Pakistan","(not set)",2,1
"2025-11-27","Saudi Arabia","(not set)",2,2
"2025-11-27","Syria","(not set)",2,2
"2025-11-27","Australia","(not set)",1,1
"2025-11-27","Ecuador","(not set)",1,1
"2025-11-27","France","(not set)",1,1
"2025-11-27","Italy","(not set)",1,1
"2025-11-27","Libya","(not set)",1,1
"2025-11-27","Nigeria","(not set)",1,1
"2025-11-27","North Macedonia","(not set)",1,1
"2025-11-27","Oman","(not set)",1,1
"2025-11-27","Philippines","(not set)",1,1
"2025-11-27","Spain","(not set)",1,1
"2025-11-27","Thailand","(not set)",1,1
"2025-11-27","United Arab Emirates","(not set)",1,1
"2025-11-27","United Kingdom","(not set)",1,1
"2025-11-27","Uruguay","(not set)",1,1
"2025-11-28","Brazil","(not set)",1341,1308
"2025-11-28","United States","(not set)",78,78
"2025-11-28","(not set)","(not set)",10,10
"2025-11-28","Egypt","(not set)",10,10
"2025-11-28","India","(not set)",5,5
"2025-11-28","Iran","(not set)",4,4
"2025-11-28","Bangladesh","(not set)",3,3
"2025-11-28","Algeria","(not set)",2,2
"2025-11-28","Argentina","(not set)",2,2
"2025-11-28","Colombia","(not set)",2,2
"2025-11-28","Mexico","(not set)",2,2
"2025-11-28","Canada","(not set)",1,1
"2025-11-28","Ethiopia","(not set)",1,1
"2025-11-28","France","(not set)",1,1
"2025-11-28","Germany","(not set)",1,1
"2025-11-28","Indonesia","(not set)",1,1
"2025-11-28","Jordan","(not set)",1,1
"2025-11-28","Libya","(not set)",1,1
"2025-11-28","Malaysia","(not set)",1,1
"2025-11-28","Nigeria","(not set)",1,1
"2025-11-28","Oman","(not set)",1,1
"2025-11-28","Pakistan","(not set)",1,1
"2025-11-28","Philippines","(not set)",1,1
"2025-11-28","Türkiye","(not set)",1,1
"2025-11-28","United Kingdom","(not set)",1,1
"2025-11-29","Brazil","(not set)",1445,1426
"2025-11-29","United States","(not set)",80,78
"2025-11-29","Egypt","(not set)",8,8
"2025-11-29","Mexico","(not set)",8,8
"2025-11-29","Algeria","(not set)",6,6
"2025-11-29","Iran","(not set)",6,6
"2025-11-29","India","(not set)",4,4
"2025-11-29","Bangladesh","(not set)",3,3
"2025-11-29","Germany","(not set)",3,3
"2025-11-29","Morocco","(not set)",3,3
"2025-11-29","Canada","(not set)",2,2
"2025-11-29","Indonesia","(not set)",2,2
"2025-11-29","Jordan","(not set)",2,2
"2025-11-29","Philippines","(not set)",2,2
"2025-11-29","Puerto Rico","(not set)",2,2
"2025-11-29","Saudi Arabia","(not set)",2,2
"2025-11-29","(not set)","(not set)",1,1
"2025-11-29","Chile","(not set)",1,1
"2025-11-29","Colombia","(not set)",1,1
"2025-11-29","Costa Rica","(not set)",1,1
"2025-11-29","Czechia","(not set)",1,1
"2025-11-29","France","(not set)",1,1
"2025-11-29","Guatemala","(not set)",1,1
"2025-11-29","Honduras","(not set)",1,1
"2025-11-29","Madagascar","(not set)",1,1
"2025-11-29","Myanmar (Burma)","(not set)",1,1
"2025-11-29","Netherlands","(not set)",1,1
"2025-11-29","Nigeria","(not set)",1,1
"2025-11-29","Pakistan","(not set)",1,1
"2025-11-29","Portugal","(not set)",1,1
"2025-11-29","South Africa","(not set)",1,1
"2025-11-29","Spain","(not set)",1,1
"2025-11-29","Syria","(not set)",1,1
"2025-11-29","Türkiye","(not set)",1,1
"2025-11-29","United Arab Emirates","(not set)",1,1
"2025-11-30","Brazil","(not set)",1745,1715
"2025-11-30","United States","(not set)",72,70
"2025-11-30","Iran","(not set)",9,9
"2025-11-30","India","(not set)",6,6
"2025-11-30","Argentina","(not set)",5,5
"2025-11-30","Egypt","(not set)",5,5
"2025-11-30","Algeria","(not set)",3,3
"2025-11-30","Mexico","(not set)",3,3
"2025-11-30","Saudi Arabia","(not set)",3,2
"2025-11-30","Bangladesh","(not set)",2,2
"2025-11-30","Indonesia","(not set)",2,2
"2025-11-30","Iraq","(not set)",2,2
"2025-11-30","Malaysia","(not set)",2,2
"2025-11-30","Morocco","(not set)",2,2
"2025-11-30","Netherlands","(not set)",2,2
"2025-11-30","Pakistan","(not set)",2,2
"2025-11-30","Paraguay","(not set)",2,2
"2025-11-30","Angola","(not set)",1,1
"2025-11-30","Bulgaria","(not set)",1,1
"2025-11-30","Canada","(not set)",1,1
"2025-11-30","Colombia","(not set)",1,1
"2025-11-30","Denmark","(not set)",1,1
"2025-11-30","Germany","(not set)",1,1
"2025-11-30","Italy","(not set)",1,1
"2025-11-30","Kuwait","(not set)",1,1
"2025-11-30","Madagascar","(not set)",1,1
"2025-11-30","Nigeria","(not set)",1,1
"2025-11-30","Peru","(not set)",1,1
"2025-11-30","Portugal","(not set)",1,1
"2025-11-30","Romania","(not set)",1,1
"2025-11-30","Singapore","(not set)",1,1
"2025-11-30","Switzerland","(not set)",1,1
"2025-11-30","Thailand","(not set)",1,1
"2025-11-30","Türkiye","(not set)",1,1
"2025-11-30","Uzbekistan","(not set)",1,1
"2025-12-01","Brazil","(not set)",1627,1607
"2025-12-01","United States","(not set)",58,58
"2025-12-01","(not set)","(not set)",25,25
"2025-12-01","India","(not set)",12,11
"2025-12-01","Iran","(not set)",8,8
"2025-12-01","Egypt","(not set)",7,7
"2025-12-01","Saudi Arabia","(not set)",4,4
"2025-12-01","Indonesia","(not set)",2,2
"2025-12-01","Italy","(not set)",2,2
"2025-12-01","Jordan","(not set)",2,2
"2025-12-01","Mexico","(not set)",2,2
"2025-12-01","Morocco","(not set)",2,2
"2025-12-01","Nigeria","(not set)",2,2
"2025-12-01","Singapore","(not set)",2,2
"2025-12-01","Syria","(not set)",2,2
"2025-12-01","Tunisia","(not set)",2,2
"2025-12-01","Argentina","(not set)",1,1
"2025-12-01","Bangladesh","(not set)",1,1
"2025-12-01","Canada","(not set)",1,1
"2025-12-01","Colombia","(not set)",1,1
"2025-12-01","Croatia","(not set)",1,1
"2025-12-01","Germany","(not set)",1,1
"2025-12-01","Ghana","(not set)",1,1
"2025-12-01","Hungary","(not set)",1,1
"2025-12-01","Mozambique","(not set)",1,1
"2025-12-01","Portugal","(not set)",1,1
"2025-12-01","Puerto Rico","(not set)",1,1
"2025-12-01","Slovakia","(not set)",1,1
"2025-12-01","South Africa","(not set)",1,1
"2025-12-01","Thailand","(not set)",1,1
"2025-12-01","Türkiye","(not set)",1,1
"2025-12-01","Venezuela","(not set)",1,1
"2025-12-02","Brazil","(not set)",1575,1546
"2025-12-02","United States","(not set)",55,55
"2025-12-02","Egypt","(not set)",11,11
"2025-12-02","(not set)","(not set)",8,8
"2025-12-02","India","(not set)",8,8
"2025-12-02","Algeria","(not set)",3,3
"2025-12-02","Bangladesh","(not set)",3,3
"2025-12-02","Germany","(not set)",3,3
"2025-12-02","Indonesia","(not set)",3,3
"2025-12-02","Mexico","(not set)",3,3
"2025-12-02","Morocco","(not set)",3,3
"2025-12-02","Kenya","(not set)",2,1
"2025-12-02","Pakistan","(not set)",2,2
"2025-12-02","Portugal","(not set)",2,2
"2025-12-02","United Arab Emirates","(not set)",2,2
"2025-12-02","Antigua & Barbuda","(not set)",1,1
"2025-12-02","Bahrain","(not set)",1,1
"2025-12-02","Belgium","(not set)",1,1
"2025-12-02","Bolivia","(not set)",1,1
"2025-12-02","Iran","(not set)",1,1
"2025-12-02","Jordan","(not set)",1,1
"2025-12-02","Lithuania","(not set)",1,1
"2025-12-02","Malaysia","(not set)",1,1
"2025-12-02","Netherlands","(not set)",1,1
"2025-12-02","Peru","(not set)",1,1
"2025-12-02","Poland","(not set)",1,1
"2025-12-02","Romania","(not set)",1,1
"2025-12-02","Spain","(not set)",1,1
"2025-12-02","Syria","(not set)",1,1
"2025-12-02","Tanzania","(not set)",1,1
"2025-12-02","Thailand","(not set)",1,1
"2025-12-02","Ukraine","(not set)",1,1
"2025-12-02","United Kingdom","(not set)",1,1
"2025-12-02","Uzbekistan","(not set)",1,1
"2025-12-02","Zimbabwe","(not set)",1,1
"2025-12-03","Brazil","(not set)",1651,1633
"2025-12-03","United States","(not set)",77,77
"2025-12-03","Egypt","(not set)",34,34
"2025-12-03","Saudi Arabia","(not set)",7,7
"2025-12-03","India","(not set)",6,6
"2025-12-03","Algeria","(not set)",5,5
"2025-12-03","Iran","(not set)",5,5
"2025-12-03","Tunisia","(not set)",5,5
"2025-12-03","Bangladesh","(not set)",4,4
"2025-12-03","France","(not set)",4,4
"2025-12-03","Indonesia","(not set)",4,4
"2025-12-03","Germany","(not set)",3,3
"2025-12-03","Portugal","(not set)",3,3
"2025-12-03","United Arab Emirates","(not set)",2,2
"2025-12-03","United Kingdom","(not set)",2,2
"2025-12-03","(not set)","(not set)",1,1
"2025-12-03","Argentina","(not set)",1,1
"2025-12-03","Colombia","(not set)",1,1
"2025-12-03","Cuba","(not set)",1,1
"2025-12-03","Ghana","(not set)",1,1
"2025-12-03","Greece","(not set)",1,1
"2025-12-03","Guatemala","(not set)",1,1
"2025-12-03","Hungary","(not set)",1,1
"2025-12-03","Iraq","(not set)",1,1
"2025-12-03","Italy","(not set)",1,1
"2025-12-03","Kyrgyzstan","(not set)",1,1
"2025-12-03","Mexico","(not set)",1,1
"2025-12-03","Morocco","(not set)",1,1
"2025-12-03","Mozambique","(not set)",1,1
"2025-12-03","Oman","(not set)",1,1
"2025-12-03","Peru","(not set)",1,1
"2025-12-03","Philippines","(not set)",1,1
"2025-12-03","South Sudan","(not set)",1,1
"2025-12-03","Spain","(not set)",1,1
"2025-12-03","Syria","(not set)",1,1
"2025-12-03","Türkiye","(not set)",1,1
"2025-12-04","Brazil","(not set)",1631,1612
"2025-12-04","United States","(not set)",76,73
"2025-12-04","(not set)","(not set)",20,20
"2025-12-04","Egypt","(not set)",18,18
"2025-12-04","Saudi Arabia","(not set)",10,10
"2025-12-04","Bangladesh","(not set)",7,7
"2025-12-04","Algeria","(not set)",6,6
"2025-12-04","Mexico","(not set)",6,6
"2025-12-04","Iran","(not set)",5,5
"2025-12-04","Türkiye","(not set)",3,3
"2025-12-04","United Arab Emirates","(not set)",3,3
"2025-12-04","Canada","(not set)",2,2
"2025-12-04","Colombia","(not set)",2,2
"2025-12-04","France","(not set)",2,2
"2025-12-04","India","(not set)",2,2
"2025-12-04","Jordan","(not set)",2,2
"2025-12-04","Kuwait","(not set)",2,2
"2025-12-04","Nepal","(not set)",2,2
"2025-12-04","Nigeria","(not set)",2,2
"2025-12-04","Qatar","(not set)",2,2
"2025-12-04","Tunisia","(not set)",2,2
"2025-12-04","Belgium","(not set)",1,1
"2025-12-04","Finland","(not set)",1,1
"2025-12-04","Germany","(not set)",1,1
"2025-12-04","Ghana","(not set)",1,1
"2025-12-04","Indonesia","(not set)",1,1
"2025-12-04","Italy","(not set)",1,1
"2025-12-04","Jamaica","(not set)",1,1
"2025-12-04","Morocco","(not set)",1,1
"2025-12-04","Peru","(not set)",1,1
"2025-12-04","Philippines","(not set)",1,1
"2025-12-04","Puerto Rico","(not set)",1,1
"2025-12-04","Slovakia","(not set)",1,1
"2025-12-04","South Africa","(not set)",1,1
"2025-12-04","Sri Lanka","(not set)",1,1
"2025-12-04","Sweden","(not set)",1,1
"2025-12-05","Brazil","(not set)",1454,1436
"2025-12-05","United States","(not set)",81,81
"2025-12-05","Egypt","(not set)",25,25
"2025-12-05","Algeria","(not set)",8,8
"2025-12-05","Bangladesh","(not set)",5,5
"2025-12-05","Iran","(not set)",5,5
"2025-12-05","Mexico","(not set)",5,5
"2025-12-05","Jordan","(not set)",4,4
"2025-12-05","Saudi Arabia","(not set)",4,4
"2025-12-05","(not set)","(not set)",3,3
"2025-12-05","Canada","(not set)",3,3
"2025-12-05","Kuwait","(not set)",3,3
"2025-12-05","Netherlands","(not set)",3,3
"2025-12-05","Puerto Rico","(not set)",3,3
"2025-12-05","Germany","(not set)",2,2
"2025-12-05","India","(not set)",2,2
"2025-12-05","Italy","(not set)",2,2
"2025-12-05","Morocco","(not set)",2,2
"2025-12-05","Philippines","(not set)",2,2
"2025-12-05","Tunisia","(not set)",2,2
"2025-12-05","United Kingdom","(not set)",2,2
"2025-12-05","Argentina","(not set)",1,1
"2025-12-05","France","(not set)",1,1
"2025-12-05","Guinea-Bissau","(not set)",1,1
"2025-12-05","Hungary","(not set)",1,1
"2025-12-05","Indonesia","(not set)",1,1
"2025-12-05","Israel","(not set)",1,1
"2025-12-05","Madagascar","(not set)",1,1
"2025-12-05","Norway","(not set)",1,1
"2025-12-05","Pakistan","(not set)",1,1
"2025-12-05","Portugal","(not set)",1,1
"2025-12-05","Qatar","(not set)",1,1
"2025-12-05","South Korea","(not set)",1,1
"2025-12-05","Switzerland","(not set)",1,1
"2025-12-05","Thailand","(not set)",1,1
"2025-12-05","Türkiye","(not set)",1,1
"2025-12-05","United Arab Emirates","(not set)",1,1
"2025-12-06","Brazil","(not set)",1556,1535
"2025-12-06","United States","(not set)",100,99
"2025-12-06","Egypt","(not set)",20,20
"2025-12-06","Algeria","(not set)",6,6
"2025-12-06","Saudi Arabia","(not set)",6,6
"2025-12-06","India","(not set)",5,5
"2025-12-06","Tunisia","(not set)",5,5
"2025-12-06","Colombia","(not set)",4,4
"2025-12-06","Portugal","(not set)",4,4
"2025-12-06","Indonesia","(not set)",3,3
"2025-12-06","Iran","(not set)",3,3
"2025-12-06","Italy","(not set)",3,3
"2025-12-06","Morocco","(not set)",3,3
"2025-12-06","Argentina","(not set)",2,2
"2025-12-06","Bangladesh","(not set)",2,2
"2025-12-06","Israel","(not set)",2,2
"2025-12-06","Jordan","(not set)",2,2
"2025-12-06","Mexico","(not set)",2,2
"2025-12-06","Nepal","(not set)",2,2
"2025-12-06","Netherlands","(not set)",2,2
"2025-12-06","Belgium","(not set)",1,1
"2025-12-06","Bolivia","(not set)",1,1
"2025-12-06","Bulgaria","(not set)",1,1
"2025-12-06","Canada","(not set)",1,1
"2025-12-06","Chile","(not set)",1,1
"2025-12-06","Ecuador","(not set)",1,1
"2025-12-06","Germany","(not set)",1,1
"2025-12-06","Greece","(not set)",1,1
"2025-12-06","Honduras","(not set)",1,1
"2025-12-06","Jamaica","(not set)",1,1
"2025-12-06","Japan","(not set)",1,1
"2025-12-06","Kenya","(not set)",1,1
"2025-12-06","Kuwait","(not set)",1,1
"2025-12-06","Malaysia","(not set)",1,1
"2025-12-06","Mali","(not set)",1,1
"2025-12-06","Moldova","(not set)",1,1
"2025-12-06","Pakistan","(not set)",1,1
"2025-12-06","Panama","(not set)",1,1
"2025-12-06","Philippines","(not set)",1,1
"2025-12-06","Romania","(not set)",1,1
"2025-12-06","Russia","(not set)",1,1
"2025-12-06","Spain","(not set)",1,1
"2025-12-06","Sudan","(not set)",1,1
"2025-12-06","United Arab Emirates","(not set)",1,1
"2025-12-06","Uzbekistan","(not set)",1,1
"2025-12-06","Vietnam","(not set)",1,1
"2025-12-06","Western Sahara","(not set)",1,1
"2025-12-07","Brazil","(not set)",1731,1700
"2025-12-07","United States","(not set)",86,86
"2025-12-07","Egypt","(not set)",13,12
"2025-12-07","India","(not set)",9,9
"2025-12-07","Saudi Arabia","(not set)",7,7
"2025-12-07","Algeria","(not set)",6,6
"2025-12-07","Iran","(not set)",5,5
"2025-12-07","Mexico","(not set)",5,5
"2025-12-07","Bangladesh","(not set)",4,3
"2025-12-07","Italy","(not set)",3,3
"2025-12-07","Tunisia","(not set)",3,3
"2025-12-07","Argentina","(not set)",2,2
"2025-12-07","Colombia","(not set)",2,2
"2025-12-07","France","(not set)",2,2
"2025-12-07","Indonesia","(not set)",2,2
"2025-12-07","Morocco","(not set)",2,2
"2025-12-07","Philippines","(not set)",2,2
"2025-12-07","Thailand","(not set)",2,2
"2025-12-07","Türkiye","(not set)",2,2
"2025-12-07","Albania","(not set)",1,1
"2025-12-07","Angola","(not set)",1,1
"2025-12-07","Costa Rica","(not set)",1,1
"2025-12-07","Croatia","(not set)",1,1
"2025-12-07","Finland","(not set)",1,1
"2025-12-07","Hungary","(not set)",1,1
"2025-12-07","Jordan","(not set)",1,1
"2025-12-07","Mauritania","(not set)",1,1
"2025-12-07","Myanmar (Burma)","(not set)",1,1
"2025-12-07","Nigeria","(not set)",1,1
"2025-12-07","Paraguay","(not set)",1,1
"2025-12-07","Puerto Rico","(not set)",1,1
"2025-12-07","Qatar","(not set)",1,1
"2025-12-07","Romania","(not set)",1,1
"2025-12-07","Russia","(not set)",1,1
"2025-12-07","South Korea","(not set)",1,1
"2025-12-07","Syria","(not set)",1,1
"2025-12-07","United Arab Emirates","(not set)",1,1
"2025-12-07","United Kingdom","(not set)",1,1
"2025-12-07","Uruguay","(not set)",1,1
"2025-12-07","Uzbekistan","(not set)",1,1
"2025-12-08","Brazil","(not set)",1523,1488
"2025-12-08","United States","(not set)",80,79
"2025-12-08","(not set)","(not set)",33,32
"2025-12-08","Egypt","(not set)",18,17
"2025-12-08","India","(not set)",7,6
"2025-12-08","Philippines","(not set)",5,5
"2025-12-08","Saudi Arabia","(not set)",5,5
"2025-12-08","Iran","(not set)",3,3
"2025-12-08","Mexico","(not set)",3,3
"2025-12-08","Bangladesh","(not set)",2,2
"2025-12-08","Colombia","(not set)",2,2
"2025-12-08","Malaysia","(not set)",2,2
"2025-12-08","Morocco","(not set)",2,2
"2025-12-08","Portugal","(not set)",2,2
"2025-12-08","United Arab Emirates","(not set)",2,2
"2025-12-08","Algeria","(not set)",1,1
"2025-12-08","Australia","(not set)",1,1
"2025-12-08","Barbados","(not set)",1,1
"2025-12-08","Croatia","(not set)",1,1
"2025-12-08","Denmark","(not set)",1,1
"2025-12-08","Dominican Republic","(not set)",1,1
"2025-12-08","Germany","(not set)",1,1
"2025-12-08","Hungary","(not set)",1,1
"2025-12-08","Italy","(not set)",1,1
"2025-12-08","Japan","(not set)",1,1
"2025-12-08","Jordan","(not set)",1,1
"2025-12-08","Kuwait","(not set)",1,1
"2025-12-08","Lebanon","(not set)",1,1
"2025-12-08","Netherlands","(not set)",1,1
"2025-12-08","Nigeria","(not set)",1,1
"2025-12-08","Poland","(not set)",1,1
"2025-12-08","Switzerland","(not set)",1,1
"2025-12-08","Syria","(not set)",1,1
"2025-12-08","Tanzania","(not set)",1,1
"2025-12-08","Tunisia","(not set)",1,1
"2025-12-09","Brazil","(not set)",1477,1452
"2025-12-09","United States","(not set)",76,75
"2025-12-09","(not set)","(not set)",74,74
"2025-12-09","Egypt","(not set)",8,8
"2025-12-09","Saudi Arabia","(not set)",6,6
"2025-12-09","Algeria","(not set)",5,5
"2025-12-09","Bangladesh","(not set)",5,5
"2025-12-09","Iran","(not set)",5,5
"2025-12-09","Mexico","(not set)",5,5
"2025-12-09","India","(not set)",3,3
"2025-12-09","Indonesia","(not set)",3,3
"2025-12-09","Philippines","(not set)",2,2
"2025-12-09","Zimbabwe","(not set)",2,2
"2025-12-09","Ecuador","(not set)",1,1
"2025-12-09","El Salvador","(not set)",1,1
"2025-12-09","Germany","(not set)",1,1
"2025-12-09","Guatemala","(not set)",1,1
"2025-12-09","Guyana","(not set)",1,1
"2025-12-09","Italy","(not set)",1,1
"2025-12-09","Japan","(not set)",1,1
"2025-12-09","Jordan","(not set)",1,1
"2025-12-09","Kenya","(not set)",1,1
"2025-12-09","Morocco","(not set)",1,1
"2025-12-09","Nigeria","(not set)",1,1
"2025-12-09","Paraguay","(not set)",1,1
"2025-12-09","Portugal","(not set)",1,1
"2025-12-09","Puerto Rico","(not set)",1,1
"2025-12-09","Serbia","(not set)",1,1
"2025-12-09","United Arab Emirates","(not set)",1,1
"2025-12-09","United Kingdom","(not set)",1,1
"2025-12-10","Brazil","(not set)",1385,1368
"2025-12-10","United States","(not set)",88,86
"2025-12-10","(not set)","(not set)",30,30
"2025-12-10","Egypt","(not set)",19,18
"2025-12-10","India","(not set)",10,10
"2025-12-10","Indonesia","(not set)",8,8
"2025-12-10","Iran","(not set)",5,5
"2025-12-10","Bangladesh","(not set)",4,4
"2025-12-10","Argentina","(not set)",3,3
"2025-12-10","Spain","(not set)",3,3
"2025-12-10","Colombia","(not set)",2,2
"2025-12-10","Croatia","(not set)",2,1
"2025-12-10","Mexico","(not set)",2,2
"2025-12-10","Afghanistan","(not set)",1,1
"2025-12-10","Bahrain","(not set)",1,1
"2025-12-10","Canada","(not set)",1,1
"2025-12-10","France","(not set)",1,1
"2025-12-10","Germany","(not set)",1,1
"2025-12-10","Japan","(not set)",1,1
"2025-12-10","Lebanon","(not set)",1,1
"2025-12-10","Netherlands","(not set)",1,1
"2025-12-10","Nigeria","(not set)",1,1
"2025-12-10","Oman","(not set)",1,1
"2025-12-10","Panama","(not set)",1,1
"2025-12-10","Saudi Arabia","(not set)",1,1
"2025-12-10","Türkiye","(not set)",1,1
"2025-12-10","United Kingdom","(not set)",1,1
"2025-12-11","Brazil","(not set)",1563,1535
"2025-12-11","United States","(not set)",69,69
"2025-12-11","Egypt","(not set)",21,21
"2025-12-11","(not set)","(not set)",15,15
"2025-12-11","Iran","(not set)",11,11
"2025-12-11","Bangladesh","(not set)",8,8
"2025-12-11","India","(not set)",7,7
"2025-12-11","Algeria","(not set)",4,4
"2025-12-11","Indonesia","(not set)",4,4
"2025-12-11","Greece","(not set)",3,1
"2025-12-11","Mexico","(not set)",3,3
"2025-12-11","Pakistan","(not set)",2,2
"2025-12-11","Portugal","(not set)",2,2
"2025-12-11","United Arab Emirates","(not set)",2,2
"2025-12-11","Afghanistan","(not set)",1,1
"2025-12-11","Argentina","(not set)",1,1
"2025-12-11","Cambodia","(not set)",1,1
"2025-12-11","France","(not set)",1,1
"2025-12-11","Iraq","(not set)",1,1
"2025-12-11","Japan","(not set)",1,1
"2025-12-11","Mauritania","(not set)",1,1
"2025-12-11","Morocco","(not set)",1,1
"2025-12-11","Netherlands","(not set)",1,1
"2025-12-11","Nigeria","(not set)",1,1
"2025-12-11","Oman","(not set)",1,1
"2025-12-11","Palestine","(not set)",1,1
"2025-12-11","Paraguay","(not set)",1,1
"2025-12-11","South Korea","(not set)",1,1
"2025-12-11","Spain","(not set)",1,1
"2025-12-11","Suriname","(not set)",1,1
"2025-12-11","Tunisia","(not set)",1,1
"2025-12-11","Türkiye","(not set)",1,1
"2025-12-11","United Kingdom","(not set)",1,1
"2025-12-11","Uzbekistan","(not set)",1,1
"2025-12-11","Vietnam","(not set)",1,1
"2025-12-12","Brazil","(not set)",1411,1377
"2025-12-12","United States","(not set)",70,70
"2025-12-12","(not set)","(not set)",29,29
"2025-12-12","Egypt","(not set)",19,19
"2025-12-12","India","(not set)",8,7
"2025-12-12","Mexico","(not set)",8,7
"2025-12-12","Iran","(not set)",4,4
"2025-12-12","Algeria","(not set)",3,3
"2025-12-12","Argentina","(not set)",3,3
"2025-12-12","Bangladesh","(not set)",3,3
"2025-12-12","Indonesia","(not set)",2,2
"2025-12-12","Spain","(not set)",2,2
"2025-12-12","Canada","(not set)",1,1
"2025-12-12","China","(not set)",1,1
"2025-12-12","Guatemala","(not set)",1,1
"2025-12-12","Guyana","(not set)",1,1
"2025-12-12","Japan","(not set)",1,1
"2025-12-12","Kenya","(not set)",1,1
"2025-12-12","Malaysia","(not set)",1,1
"2025-12-12","Morocco","(not set)",1,1
"2025-12-12","Netherlands","(not set)",1,1
"2025-12-12","Oman","(not set)",1,1
"2025-12-12","Pakistan","(not set)",1,1
"2025-12-12","Peru","(not set)",1,1
"2025-12-12","Philippines","(not set)",1,1
"2025-12-12","Portugal","(not set)",1,1
"2025-12-12","Puerto Rico","(not set)",1,1
"2025-12-12","Serbia","(not set)",1,1
"2025-12-12","Syria","(not set)",1,1
"2025-12-12","Tunisia","(not set)",1,1
"2025-12-12","Türkiye","(not set)",1,1
"2025-12-12","Ukraine","(not set)",1,1
"2025-12-13","Brazil","(not set)",1562,1547
"2025-12-13","United States","(not set)",80,79
"2025-12-13","Egypt","(not set)",8,8
"2025-12-13","(not set)","(not set)",7,7
"2025-12-13","Iran","(not set)",7,7
"2025-12-13","India","(not set)",5,5
"2025-12-13","Argentina","(not set)",4,4
"2025-12-13","Algeria","(not set)",3,3
"2025-12-13","Indonesia","(not set)",3,3
"2025-12-13","Morocco","(not set)",3,3
"2025-12-13","Nigeria","(not set)",3,3
"2025-12-13","Philippines","(not set)",3,3
"2025-12-13","Saudi Arabia","(not set)",2,2
"2025-12-13","Türkiye","(not set)",2,2
"2025-12-13","Vietnam","(not set)",2,2
"2025-12-13","Angola","(not set)",1,1
"2025-12-13","Australia","(not set)",1,1
"2025-12-13","Bangladesh","(not set)",1,1
"2025-12-13","Ecuador","(not set)",1,1
"2025-12-13","Germany","(not set)",1,1
"2025-12-13","Jordan","(not set)",1,1
"2025-12-13","Kuwait","(not set)",1,1
"2025-12-13","Mexico","(not set)",1,1
"2025-12-13","Netherlands","(not set)",1,1
"2025-12-13","Paraguay","(not set)",1,1
"2025-12-13","Peru","(not set)",1,1
"2025-12-13","Thailand","(not set)",1,1
"2025-12-13","Venezuela","(not set)",1,1
"2025-12-14","Brazil","(not set)",1820,1795
"2025-12-14","United States","(not set)",82,82
"2025-12-14","Egypt","(not set)",12,12
"2025-12-14","Bangladesh","(not set)",6,5
"2025-12-14","Indonesia","(not set)",5,5
"2025-12-14","Algeria","(not set)",4,4
"2025-12-14","Argentina","(not set)",4,3
"2025-12-14","India","(not set)",4,4
"2025-12-14","Iran","(not set)",4,4
"2025-12-14","Mexico","(not set)",4,4
"2025-12-14","Saudi Arabia","(not set)",4,4
"2025-12-14","(not set)","(not set)",3,3
"2025-12-14","Colombia","(not set)",3,3
"2025-12-14","Morocco","(not set)",2,2
"2025-12-14","Netherlands","(not set)",2,2
"2025-12-14","Philippines","(not set)",2,2
"2025-12-14","Russia","(not set)",2,2
"2025-12-14","Canada","(not set)",1,1
"2025-12-14","Costa Rica","(not set)",1,1
"2025-12-14","Dominican Republic","(not set)",1,1
"2025-12-14","Ecuador","(not set)",1,1
"2025-12-14","Ethiopia","(not set)",1,1
"2025-12-14","Hungary","(not set)",1,1
"2025-12-14","Ireland","(not set)",1,1
"2025-12-14","Israel","(not set)",1,1
"2025-12-14","Italy","(not set)",1,1
"2025-12-14","Jordan","(not set)",1,1
"2025-12-14","Nigeria","(not set)",1,1
"2025-12-14","Portugal","(not set)",1,1
"2025-12-14","Puerto Rico","(not set)",1,1
"2025-12-14","Serbia","(not set)",1,1
"2025-12-14","South Korea","(not set)",1,1
"2025-12-14","Syria","(not set)",1,1
"2025-12-14","Türkiye","(not set)",1,1
"2025-12-14","Uruguay","(not set)",1,1
"2025-12-14","Venezuela","(not set)",1,1
"2025-12-15","Brazil","(not set)",1464,1446
"2025-12-15","United States","(not set)",86,84
"2025-12-15","(not set)","(not set)",13,13
"2025-12-15","Egypt","(not set)",9,9
"2025-12-15","Iran","(not set)",9,7
"2025-12-15","Bangladesh","(not set)",5,5
"2025-12-15","India","(not set)",4,4
"2025-12-15","Indonesia","(not set)",3,3
"2025-12-15","Mexico","(not set)",3,3
"2025-12-15","Nigeria","(not set)",3,3
"2025-12-15","Belgium","(not set)",2,2
"2025-12-15","Colombia","(not set)",2,2
"2025-12-15","Türkiye","(not set)",2,2
"2025-12-15","Cambodia","(not set)",1,1
"2025-12-15","Chile","(not set)",1,1
"2025-12-15","Dominican Republic","(not set)",1,1
"2025-12-15","Finland","(not set)",1,1
"2025-12-15","Germany","(not set)",1,1
"2025-12-15","Israel","(not set)",1,1
"2025-12-15","Italy","(not set)",1,1
"2025-12-15","Jordan","(not set)",1,1
"2025-12-15","Kuwait","(not set)",1,1
"2025-12-15","Netherlands","(not set)",1,1
"2025-12-15","Portugal","(not set)",1,1
"2025-12-15","Puerto Rico","(not set)",1,1
"2025-12-15","Saudi Arabia","(not set)",1,1
"2025-12-15","Serbia","(not set)",1,1
"2025-12-15","South Africa","(not set)",1,1
"2025-12-15","Spain","(not set)",1,1
"2025-12-15","Switzerland","(not set)",1,1
"2025-12-15","Venezuela","(not set)",1,1
"2025-12-15","Vietnam","(not set)",1,1
"2025-12-16","Brazil","(not set)",1547,1511
"2025-12-16","United States","(not set)",55,55
"2025-12-16","Egypt","(not set)",19,19
"2025-12-16","(not set)","(not set)",10,10
"2025-12-16","Algeria","(not set)",3,3
"2025-12-16","Bangladesh","(not set)",3,3
"2025-12-16","Canada","(not set)",3,3
"2025-12-16","Indonesia","(not set)",3,3
"2025-12-16","Mexico","(not set)",3,3
"2025-12-16","Angola","(not set)",2,2
"2025-12-16","France","(not set)",2,2
"2025-12-16","Iran","(not set)",2,2
"2025-12-16","Pakistan","(not set)",2,2
"2025-12-16","Puerto Rico","(not set)",2,2
"2025-12-16","Australia","(not set)",1,1
"2025-12-16","Bahrain","(not set)",1,1
"2025-12-16","Chile","(not set)",1,1
"2025-12-16","Czechia","(not set)",1,1
"2025-12-16","Ecuador","(not set)",1,1
"2025-12-16","Germany","(not set)",1,1
"2025-12-16","Greece","(not set)",1,1
"2025-12-16","India","(not set)",1,1
"2025-12-16","Iraq","(not set)",1,1
"2025-12-16","Israel","(not set)",1,1
"2025-12-16","Italy","(not set)",1,1
"2025-12-16","Jordan","(not set)",1,1
"2025-12-16","Madagascar","(not set)",1,1
"2025-12-16","Morocco","(not set)",1,1
"2025-12-16","Nepal","(not set)",1,1
"2025-12-16","Oman","(not set)",1,1
"2025-12-16","Saudi Arabia","(not set)",1,1
"2025-12-16","Serbia","(not set)",1,1
"2025-12-16","Sudan","(not set)",1,1
"2025-12-16","United Kingdom","(not set)",1,1
"2025-12-17","Brazil","(not set)",1420,1394
"2025-12-17","United States","(not set)",92,92
"2025-12-17","Egypt","(not set)",15,15
"2025-12-17","China","(not set)",10,10
"2025-12-17","(not set)","(not set)",9,9
"2025-12-17","Iran","(not set)",8,8
"2025-12-17","India","(not set)",6,6
"2025-12-17","Mexico","(not set)",5,5
"2025-12-17","Saudi Arabia","(not set)",5,5
"2025-12-17","Bangladesh","(not set)",3,3
"2025-12-17","Indonesia","(not set)",3,3
"2025-12-17","Kuwait","(not set)",3,3
"2025-12-17","Algeria","(not set)",2,2
"2025-12-17","France","(not set)",2,2
"2025-12-17","Germany","(not set)",2,2
"2025-12-17","Jordan","(not set)",2,2
"2025-12-17","Uruguay","(not set)",2,2
"2025-12-17","Afghanistan","(not set)",1,1
"2025-12-17","Dominican Republic","(not set)",1,1
"2025-12-17","Greece","(not set)",1,1
"2025-12-17","Japan","(not set)",1,1
"2025-12-17","Libya","(not set)",1,1
"2025-12-17","Malaysia","(not set)",1,1
"2025-12-17","Mozambique","(not set)",1,1
"2025-12-17","New Zealand","(not set)",1,1
"2025-12-17","Pakistan","(not set)",1,1
"2025-12-17","Philippines","(not set)",1,1
"2025-12-17","Portugal","(not set)",1,1
"2025-12-17","Romania","(not set)",1,1
"2025-12-17","Serbia","(not set)",1,1
"2025-12-17","Singapore","(not set)",1,1
"2025-12-17","St. Lucia","(not set)",1,1
"2025-12-17","Tunisia","(not set)",1,1
"2025-12-17","Türkiye","(not set)",1,1
"2025-12-17","United Kingdom","(not set)",1,1
"2025-12-18","Brazil","(not set)",1444,1426
"2025-12-18","United States","(not set)",89,89
"2025-12-18","(not set)","(not set)",10,10
"2025-12-18","Egypt","(not set)",10,10
"2025-12-18","Iran","(not set)",8,8
"2025-12-18","Bangladesh","(not set)",6,6
"2025-12-18","Thailand","(not set)",5,5
"2025-12-18","Mexico","(not set)",4,4
"2025-12-18","India","(not set)",3,3
"2025-12-18","United Arab Emirates","(not set)",3,3
"2025-12-18","Algeria","(not set)",2,2
"2025-12-18","Indonesia","(not set)",2,2
"2025-12-18","Portugal","(not set)",2,2
"2025-12-18","Saudi Arabia","(not set)",2,2
"2025-12-18","Sudan","(not set)",2,2
"2025-12-18","United Kingdom","(not set)",2,2
"2025-12-18","Bahrain","(not set)",1,1
"2025-12-18","Belgium","(not set)",1,1
"2025-12-18","Canada","(not set)",1,1
"2025-12-18","Colombia","(not set)",1,1
"2025-12-18","Finland","(not set)",1,1
"2025-12-18","Honduras","(not set)",1,1
"2025-12-18","Hong Kong","(not set)",1,1
"2025-12-18","Hungary","(not set)",1,1
"2025-12-18","Jamaica","(not set)",1,1
"2025-12-18","Kuwait","(not set)",1,1
"2025-12-18","Myanmar (Burma)","(not set)",1,1
"2025-12-18","Puerto Rico","(not set)",1,1
"2025-12-18","Serbia","(not set)",1,1
"2025-12-18","Syria","(not set)",1,1
"2025-12-18","Tunisia","(not set)",1,1
"2025-12-18","Vietnam","(not set)",1,1
"2025-12-19","Brazil","(not set)",1403,1371
"2025-12-19","United States","(not set)",81,81
"2025-12-19","(not set)","(not set)",26,26
"2025-12-19","Egypt","(not set)",8,8
"2025-12-19","Iran","(not set)",7,7
"2025-12-19","Bangladesh","(not set)",5,5
"2025-12-19","India","(not set)",5,5
"2025-12-19","Indonesia","(not set)",5,5
"2025-12-19","Algeria","(not set)",3,3
"2025-12-19","Mexico","(not set)",3,3
"2025-12-19","Saudi Arabia","(not set)",3,2
"2025-12-19","Argentina","(not set)",2,2
"2025-12-19","Madagascar","(not set)",2,1
"2025-12-19","Netherlands","(not set)",2,2
"2025-12-19","Oman","(not set)",2,2
"2025-12-19","Philippines","(not set)",2,2
"2025-12-19","Congo - Kinshasa","(not set)",1,1
"2025-12-19","France","(not set)",1,1
"2025-12-19","Ireland","(not set)",1,1
"2025-12-19","Malaysia","(not set)",1,1
"2025-12-19","Morocco","(not set)",1,1
"2025-12-19","Mozambique","(not set)",1,1
"2025-12-19","Nigeria","(not set)",1,1
"2025-12-19","Pakistan","(not set)",1,1
"2025-12-19","Portugal","(not set)",1,1
"2025-12-19","Russia","(not set)",1,1
"2025-12-19","Slovakia","(not set)",1,1
"2025-12-19","Sudan","(not set)",1,1
"2025-12-19","Sweden","(not set)",1,1
"2025-12-19","Syria","(not set)",1,1
"2025-12-19","Türkiye","(not set)",1,1
"2025-12-19","United Arab Emirates","(not set)",1,1
"2025-12-20","Brazil","(not set)",1517,1497
"2025-12-20","United States","(not set)",88,88
"2025-12-20","Egypt","(not set)",13,13
"2025-12-20","India","(not set)",8,8
"2025-12-20","Bangladesh","(not set)",7,7
"2025-12-20","Iran","(not set)",7,7
"2025-12-20","Mexico","(not set)",7,7
"2025-12-20","Indonesia","(not set)",5,5
"2025-12-20","Algeria","(not set)",3,3
"2025-12-20","Philippines","(not set)",3,3
"2025-12-20","Portugal","(not set)",3,3
"2025-12-20","Saudi Arabia","(not set)",3,3
"2025-12-20","United Kingdom","(not set)",3,3
"2025-12-20","Netherlands","(not set)",2,2
"2025-12-20","Spain","(not set)",2,2
"2025-12-20","Syria","(not set)",2,2
"2025-12-20","Angola","(not set)",1,1
"2025-12-20","Argentina","(not set)",1,1
"2025-12-20","Bahrain","(not set)",1,1
"2025-12-20","Colombia","(not set)",1,1
"2025-12-20","Costa Rica","(not set)",1,1
"2025-12-20","France","(not set)",1,1
"2025-12-20","Germany","(not set)",1,1
"2025-12-20","Honduras","(not set)",1,1
"2025-12-20","Israel","(not set)",1,1
"2025-12-20","Italy","(not set)",1,1
"2025-12-20","Morocco","(not set)",1,1
"2025-12-20","New Zealand","(not set)",1,1
"2025-12-20","Niger","(not set)",1,1
"2025-12-20","Nigeria","(not set)",1,1
"2025-12-20","Oman","(not set)",1,1
"2025-12-20","Paraguay","(not set)",1,1
"2025-12-20","Senegal","(not set)",1,1
"2025-12-20","Serbia","(not set)",1,1
"2025-12-20","Singapore","(not set)",1,1
"2025-12-20","Slovakia","(not set)",1,1
"2025-12-20","South Africa","(not set)",1,1
"2025-12-20","South Korea","(not set)",1,1
"2025-12-20","Thailand","(not set)",1,1
"2025-12-20","Tunisia","(not set)",1,1
"2025-12-20","Uruguay","(not set)",1,1
"2025-12-20","Vietnam","(not set)",1,1
"2025-12-21","Brazil","(not set)",1604,1574
"2025-12-21","United States","(not set)",82,81
"2025-12-21","Egypt","(not set)",9,9
"2025-12-21","India","(not set)",8,8
"2025-12-21","Bangladesh","(not set)",7,7
"2025-12-21","Iran","(not set)",7,7
"2025-12-21","Mexico","(not set)",5,5
"2025-12-21","Morocco","(not set)",4,3
"2025-12-21","Algeria","(not set)",3,3
"2025-12-21","Italy","(not set)",3,3
"2025-12-21","Netherlands","(not set)",3,3
"2025-12-21","Saudi Arabia","(not set)",3,3
"2025-12-21","(not set)","(not set)",2,2
"2025-12-21","Germany","(not set)",2,2
"2025-12-21","Japan","(not set)",2,2
"2025-12-21","Philippines","(not set)",2,2
"2025-12-21","Syria","(not set)",2,2
"2025-12-21","Australia","(not set)",1,1
"2025-12-21","Bahrain","(not set)",1,1
"2025-12-21","Canada","(not set)",1,1
"2025-12-21","Chile","(not set)",1,1
"2025-12-21","Colombia","(not set)",1,1
"2025-12-21","Czechia","(not set)",1,1
"2025-12-21","France","(not set)",1,1
"2025-12-21","Indonesia","(not set)",1,1
"2025-12-21","Iraq","(not set)",1,1
"2025-12-21","Jordan","(not set)",1,1
"2025-12-21","Kuwait","(not set)",1,1
"2025-12-21","Malaysia","(not set)",1,1
"2025-12-21","Oman","(not set)",1,1
"2025-12-21","Paraguay","(not set)",1,1
"2025-12-21","Poland","(not set)",1,1
"2025-12-21","Portugal","(not set)",1,1
"2025-12-21","Qatar","(not set)",1,1
"2025-12-21","Serbia","(not set)",1,1
"2025-12-21","Thailand","(not set)",1,1
"2025-12-21","Türkiye","(not set)",1,1
"2025-12-22","Brazil","(not set)",1531,1505
"2025-12-22","United States","(not set)",80,79
"2025-12-22","(not set)","(not set)",46,46
"2025-12-22","Egypt","(not set)",14,14
"2025-12-22","India","(not set)",8,8
"2025-12-22","Bangladesh","(not set)",4,4
"2025-12-22","Canada","(not set)",3,3
"2025-12-22","China","(not set)",3,3
"2025-12-22","Mexico","(not set)",3,3
"2025-12-22","Saudi Arabia","(not set)",3,3
"2025-12-22","Argentina","(not set)",2,2
"2025-12-22","Indonesia","(not set)",2,2
"2025-12-22","Iran","(not set)",2,2
"2025-12-22","Netherlands","(not set)",2,2
"2025-12-22","Peru","(not set)",2,2
"2025-12-22","Philippines","(not set)",2,2
"2025-12-22","Portugal","(not set)",2,2
"2025-12-22","United Kingdom","(not set)",2,2
"2025-12-22","Algeria","(not set)",1,1
"2025-12-22","Cape Verde","(not set)",1,1
"2025-12-22","Costa Rica","(not set)",1,1
"2025-12-22","France","(not set)",1,1
"2025-12-22","Greece","(not set)",1,1
"2025-12-22","Guatemala","(not set)",1,1
"2025-12-22","Ireland","(not set)",1,1
"2025-12-22","Jamaica","(not set)",1,1
"2025-12-22","Kuwait","(not set)",1,1
"2025-12-22","Libya","(not set)",1,1
"2025-12-22","Nigeria","(not set)",1,1
"2025-12-22","Paraguay","(not set)",1,1
"2025-12-22","Puerto Rico","(not set)",1,1
"2025-12-22","Serbia","(not set)",1,1
"2025-12-22","Singapore","(not set)",1,1
"2025-12-22","Spain","(not set)",1,1
"2025-12-22","Syria","(not set)",1,1
"2025-12-22","Thailand","(not set)",1,1
"2025-12-22","Türkiye","(not set)",1,1
"2025-12-22","United Arab Emirates","(not set)",1,1
"2025-12-22","Uruguay","(not set)",1,1
"2025-12-23","Brazil","(not set)",1536,1536
"2025-12-23","United States","(not set)",176,176
"2025-12-23","(not set)","(not set)",88,88
"2025-12-23","Jordan","(not set)",44,44
"2025-12-24","Brazil","(not set)",1656,1656
"2025-12-24","United States","(not set)",131,131
"2025-12-25","Brazil","(not set)",1639,1597
"2025-12-25","Jordan","(not set)",84,42
"2025-12-25","United States","(not set)",84,84
"2025-12-25","Argentina","(not set)",42,42
"2025-12-25","Egypt","(not set)",42,42
"2025-12-25","Mexico","(not set)",42,42
"2025-12-26","Brazil","(not set)",2021,1935
"2025-12-26","United States","(not set)",86,86
"2025-12-26","Ecuador","(not set)",43,43
"2025-12-26","Iran","(not set)",43,43
"2025-12-27","Brazil","(not set)",3331,3289
"2025-12-27","United States","(not set)",214,214
"2025-12-27","Bangladesh","(not set)",85,85
"2025-12-27","Algeria","(not set)",43,43
"2025-12-28","Brazil","(not set)",2266,2182
"2025-12-28","United States","(not set)",42,42
"2025-12-29","Brazil","(not set)",2505,2332
"2025-12-29","(not set)","(not set)",130,130
"2025-12-29","United States","(not set)",86,86
"2025-12-29","Egypt","(not set)",43,43
"2025-12-29","India","(not set)",43,43
"2025-12-29","Mozambique","(not set)",43,43
"2025-12-30","Brazil","(not set)",2596,2510
"2025-12-30","(not set)","(not set)",87,87
"2025-12-30","Bangladesh","(not set)",43,43
"2025-12-30","United States","(not set)",43,43
"2025-12-31","Brazil","(not set)",1858,1685
"2025-12-31","United States","(not set)",173,173
"2025-12-31","Bangladesh","(not set)",130,86
"2025-12-31","(not set)","(not set)",43,43
"2025-12-31","Egypt","(not set)",43,43
"2025-12-31","Mexico","(not set)",43,43
"2025-12-31","Spain","(not set)",43,43
"2026-01-01","Brazil","(not set)",1596,1554
"2026-01-01","India","(not set)",42,42
"2026-01-01","Iran","(not set)",42,42
"2026-01-01","United States","(not set)",42,42
"2026-01-02","Brazil","(not set)",2039,2039
"2026-01-02","Portugal","(not set)",42,42
"2026-01-02","United States","(not set)",42,42
"2026-01-03","Brazil","(not set)",2418,2291
"2026-01-03","United States","(not set)",85,85
"2026-01-03","Iran","(not set)",42,42
"2026-01-03","Türkiye","(not set)",42,42
"2026-01-04","Brazil","(not set)",2392,2266
"2026-01-04","United States","(not set)",126,126
"2026-01-04","Bangladesh","(not set)",42,42
"2026-01-04","Germany","(not set)",42,42
"2026-01-04","Mexico","(not set)",42,42
"2026-01-05","Brazil","(not set)",2088,2001
"2026-01-05","United States","(not set)",131,131
"2026-01-05","India","(not set)",87,87
"2026-01-05","Indonesia","(not set)",44,44
"2026-01-06","Brazil","(not set)",2099,2013
"2026-01-06","(not set)","(not set)",171,171
"2026-01-06","Egypt","(not set)",43,43
"2026-01-06","Iran","(not set)",43,43
"2026-01-06","United States","(not set)",43,43
"2026-01-07","Brazil","(not set)",2399,2357
"2026-01-07","United States","(not set)",126,126
"2026-01-07","(not set)","(not set)",84,84
"2026-01-07","Sudan","(not set)",42,42
"2026-01-08","Brazil","(not set)",1801,1759
"2026-01-08","United States","(not set)",168,168
"2026-01-08","Algeria","(not set)",42,42
"2026-01-08","Egypt","(not set)",42,42
"2026-01-08","Morocco","(not set)",42,42
"2026-01-09","Brazil","(not set)",2637,2637
"2026-01-09","United States","(not set)",93,93
"2026-01-09","(not set)","(not set)",46,46
"2026-01-09","Croatia","(not set)",46,46
"2026-01-09","Guatemala","(not set)",46,46
"2026-01-09","Portugal","(not set)",46,46
"2026-01-09","Saudi Arabia","(not set)",46,46
"2026-01-10","Brazil","(not set)",2135,2091
"2026-01-10","United States","(not set)",133,133
"2026-01-10","Myanmar (Burma)","(not set)",44,44
"2026-01-11","Brazil","(not set)",1885,1842
"2026-01-11","France","(not set)",43,43
"2026-01-11","United States","(not set)",43,43
"2026-01-12","Brazil","(not set)",2245,2113
"2026-01-12","United States","(not set)",176,176
"2026-01-12","Nigeria","(not set)",44,44
"2026-01-13","Brazil","(not set)",2871,2828
"2026-01-13","(not set)","(not set)",44,44
"2026-01-13","United States","(not set)",44,44
"2026-01-14","Brazil","(not set)",2044,2002
"2026-01-14","United States","(not set)",128,128
"2026-01-14","(not set)","(not set)",43,43
"2026-01-15","Brazil","(not set)",2068,2068
"2026-01-15","United States","(not set)",84,84
"2026-01-15","(not set)","(not set)",42,42
"2026-01-15","Egypt","(not set)",42,42
"2026-01-16","Brazil","(not set)",2314,2314
"2026-01-16","United States","(not set)",252,252
"2026-01-16","Egypt","(not set)",42,42
"2026-01-16","France","(not set)",42,42
"2026-01-17","Brazil","(not set)",2024,2024
"2026-01-17","India","(not set)",41,41
"2026-01-17","Peru","(not set)",41,41
"2026-01-18","Brazil","(not set)",2573,2532
"2026-01-18","United States","(not set)",123,123
"2026-01-18","Egypt","(not set)",41,41
"2026-01-19","Brazil","(not set)",1997,1997
"2026-01-19","United States","(not set)",127,127
"2026-01-19","India","(not set)",42,42
"2026-01-19","Syria","(not set)",42,42
"2026-01-20","Brazil","(not set)",2489,2102
"2026-01-20","United States","(not set)",215,215
"2026-01-20","Bolivia","(not set)",43,43
"2026-01-21","Brazil","(not set)",2397,1969
"2026-01-21","United States","(not set)",300,300
"2026-01-22","Brazil","(not set)",2663,2198
"2026-01-22","China","(not set)",85,85
"2026-01-22","United States","(not set)",85,85
"2026-01-22","(not set)","(not set)",42,42
"2026-01-22","India","(not set)",42,42
"2026-01-22","South Africa","(not set)",42,42
"2026-01-23","Brazil","(not set)",2527,2317
"2026-01-23","United States","(not set)",84,84
"2026-01-23","Morocco","(not set)",42,42
"2026-01-23","Puerto Rico","(not set)",42,42
"2026-01-23","Togo","(not set)",42,42
"2026-01-24","Brazil","(not set)",2493,2368
"2026-01-24","India","(not set)",42,42
"2026-01-24","Mexico","(not set)",42,42
"2026-01-24","United States","(not set)",42,42
"2026-01-25","Brazil","(not set)",1723,1723
"2026-01-25","Iran","(not set)",41,41
"2026-01-25","United States","(not set)",41,41
"2026-01-26","Brazil","(not set)",2013,2013
"2026-01-26","United States","(not set)",86,86
"2026-01-26","India","(not set)",43,43
"2026-01-26","Iran","(not set)",43,43
"2026-01-26","Morocco","(not set)",43,43
"2026-01-26","United Arab Emirates","(not set)",43,43
"2026-01-27","Brazil","(not set)",1931,1931
"2026-01-27","Saudi Arabia","(not set)",43,43
"2026-01-27","United Arab Emirates","(not set)",43,43
"2026-01-27","United States","(not set)",43,43
"2026-01-28","Brazil","(not set)",1829,1786
"2026-01-28","United States","(not set)",85,85
"2026-01-28","Iran","(not set)",43,43
"2026-01-29","Brazil","(not set)",2113,2113
"2026-01-29","United States","(not set)",127,127
"2026-01-29","Egypt","(not set)",42,42
"2026-01-30","Brazil","(not set)",2409,2240
"2026-01-30","United States","(not set)",127,127
"2026-01-31","Brazil","(not set)",1904,1822
"2026-01-31","United States","(not set)",124,124
"2026-02-01","Brazil","(not set)",2179,2097
"2026-02-01","United States","(not set)",206,206
"2026-02-01","Egypt","(not set)",41,41
"2026-02-01","India","(not set)",41,41
"2026-02-01","Mexico","(not set)",41,41
"2026-02-01","Morocco","(not set)",41,41
"2026-02-02","Brazil","(not set)",1923,1838
"2026-02-02","(not set)","(not set)",85,85
"2026-02-02","Egypt","(not set)",43,43
"2026-02-02","Saudi Arabia","(not set)",43,43
"2026-02-03","Brazil","(not set)",2116,1987
"2026-02-03","United States","(not set)",130,130
"2026-02-03","Egypt","(not set)",43,43
"2026-02-03","Mexico","(not set)",43,43
"2026-02-03","Sudan","(not set)",43,43
"2026-02-04","Brazil","(not set)",2694,2563
"2026-02-04","(not set)","(not set)",43,43
"2026-02-04","China","(not set)",43,43
"2026-02-04","India","(not set)",43,43
"2026-02-04","Iran","(not set)",43,43
"2026-02-04","United States","(not set)",43,43
"2026-02-05","Brazil","(not set)",1697,1610
"2026-02-05","United States","(not set)",174,174
"2026-02-05","(not set)","(not set)",44,44
"2026-02-05","Iran","(not set)",44,44
"2026-02-05","Thailand","(not set)",44,44
"2026-02-06","Brazil","(not set)",1773,1726
"2026-02-06","United States","(not set)",233,233
"2026-02-06","(not set)","(not set)",140,140
"2026-02-06","India","(not set)",47,47
"2026-02-07","Brazil","(not set)",1488,1488
"2026-02-07","United States","(not set)",139,139
"2026-02-07","Mexico","(not set)",46,46
"2026-02-08","Brazil","(not set)",2141,2141
"2026-02-08","Egypt","(not set)",89,89
"2026-02-08","Pakistan","(not set)",45,45
"2026-02-08","United States","(not set)",45,45
"2026-02-09","Brazil","(not set)",1832,1832
"2026-02-09","United States","(not set)",137,137
"2026-02-09","India","(not set)",46,46
"2026-02-09","Mexico","(not set)",46,46
"2026-02-09","Pakistan","(not set)",46,46
"2026-02-10","Brazil","(not set)",1374,1328
"2026-02-10","Egypt","(not set)",92,46
"2026-02-10","United States","(not set)",46,46
"2026-02-11","Brazil","(not set)",1593,1593
"2026-02-11","Egypt","(not set)",137,137
"2026-02-11","United States","(not set)",137,137
"2026-02-11","South Korea","(not set)",46,46
"2026-02-12","Brazil","(not set)",1815,1815
"2026-02-12","(not set)","(not set)",45,45
"2026-02-12","Egypt","(not set)",45,45
"2026-02-12","United States","(not set)",45,45
