Data,Pais,SKU,ContagemDeEventos,TotalDeUsuarios
"2024-10-01","Brazil","com.psafe.msuite.ultra_12mo_59.90",61,11
"2024-10-01","Brazil","com.psafe.msuite.ads_free_12mo_13.90",52,9
"2024-10-01","United States","com.psafe.msuite.ultra_12mo_59.90",21,1
"2024-10-01","Bangladesh","com.psafe.msuite.ultra_12mo_59.90",7,1
"2024-10-01","Brazil","com.psafe.msuite.pro_3day_trial_12mo49.9",4,1
"2024-10-01","Brazil","com.psafe.msuite.pro_1mo_3.90",2,1
"2024-10-01","Brazil","com.psafe.msuite.pro_lto_12mo_39.90",1,1
"2024-10-01","Mexico","com.psafe.msuite.ads_free_12mo_13.90",1,1
"2024-10-02","Brazil","com.psafe.msuite.pro_lto_12mo_39.90",100,2
"2024-10-02","Brazil","com.psafe.msuite.ultra_12mo_59.90",13,2
"2024-10-02","Brazil","com.psafe.msuite.ads_free_12mo_13.90",12,5
"2024-10-02","United States","com.psafe.msuite.ultra_12mo_59.90",12,1
"2024-10-02","Canada","com.psafe.msuite.ultra_12mo_59.90",10,1
"2024-10-02","United States","com.psafe.msuite.pro_3day_trial_12mo49.9",8,1
"2024-10-02","Brazil","com.psafe.msuite.ultra_1mo_16.90",3,2
"2024-10-03","Brazil","com.psafe.msuite.ultra_12mo_59.90",57,7
"2024-10-03","Brazil","com.psafe.msuite.ads_free_12mo_13.90",25,5
"2024-10-03","Bangladesh","com.psafe.msuite.ultra_12mo_59.90",8,1
"2024-10-03","Brazil","com.psafe.msuite.pro_3day_trial_12mo49.9",3,1
"2024-10-03","Brazil","com.psafe.msuite.pro_lto_12mo_39.90",3,1
"2024-10-03","Algeria","com.psafe.msuite.ultra_12mo_59.90",2,1
"2024-10-03","Brazil","com.psafe.msuite.pro_1mo_3.90",2,1
"2024-10-03","United States","com.psafe.msuite.ultra_12mo_59.90",2,1
"2024-10-04","Brazil","com.psafe.msuite.ultra_12mo_59.90",44,9
"2024-10-04","Brazil","com.psafe.msuite.ads_free_12mo_13.90",25,5
"2024-10-04","United States","com.psafe.msuite.ultra_12mo_59.90",11,1
"2024-10-04","Iran","com.psafe.msuite.ads_free_12mo",5,1
"2024-10-04","Brazil","com.psafe.msuite.pro_3day_trial_12mo49.9",2,1
"2024-10-04","Peru","com.psafe.msuite.ads_free_12mo_13.90",1,1
"2024-10-05","Brazil","com.psafe.msuite.ads_free_12mo_13.90",22,5
"2024-10-05","Brazil","com.psafe.msuite.ultra_12mo_59.90",19,2
"2024-10-05","Egypt","com.psafe.msuite.ultra_12mo_59.90",6,1
"2024-10-05","Brazil","com.psafe.msuite.pro_lto_12mo_39.90",2,1
"2024-10-06","Brazil","com.psafe.msuite.pro_lto_12mo_39.90",29,3
"2024-10-06","United States","com.psafe.msuite.adsfree_lto_12mo",14,1
"2024-10-06","Brazil","com.psafe.msuite.ads_free_12mo_13.90",11,4
"2024-10-06","Brazil","com.psafe.msuite.ultra_12mo_59.90",8,3
"2024-10-06","Ethiopia","com.psafe.msuite.ads_free_12mo_13.90",8,1
"2024-10-06","United States","com.psafe.msuite.ultra_12mo_59.90",8,1
"2024-10-07","Iran","com.psafe.msuite.ads_free_12mo",13,1
"2024-10-07","Brazil","com.psafe.msuite.ultra_12mo_59.90",12,3
"2024-10-07","United States","com.psafe.msuite.ultra_12mo_59.90",8,1
"2024-10-07","Brazil","com.psafe.msuite.ads_free_12mo_13.90",7,1
"2024-10-07","Bangladesh","com.psafe.msuite.ads_free_12mo_13.90",1,1
"2024-10-07","Brazil","com.psafe.msuite.ultra_1mo_16.90",1,1
"2024-10-08","Brazil","com.psafe.msuite.pro_lto_12mo_39.90",25,1
"2024-10-08","Brazil","com.psafe.msuite.ads_free_12mo_13.90",21,4
"2024-10-08","Brazil","com.psafe.msuite.ultra_12mo_59.90",5,2
"2024-10-08","United States","com.psafe.msuite.pro_3day_trial_12mo49.9",1,1
"2024-10-09","Brazil","com.psafe.msuite.ads_free_12mo_13.90",84,4
"2024-10-09","Brazil","com.psafe.msuite.ultra_12mo_59.90",61,6
"2024-10-09","Brazil","com.psafe.msuite.pro_lto_12mo_39.90",25,1
"2024-10-09","Brazil","com.psafe.msuite.pro_3day_trial_12mo49.9",10,2
"2024-10-09","Bangladesh","com.psafe.msuite.ads_free_12mo_13.90",3,1
"2024-10-09","United States","com.psafe.msuite.pro_3day_trial_12mo49.9",2,1
"2024-10-09","Iran","com.psafe.msuite.ads_free_12mo",1,1
"2024-10-10","Brazil","com.psafe.msuite.ads_free_12mo_13.90",26,6
"2024-10-10","Brazil","com.psafe.msuite.ultra_12mo_59.90",20,4
"2024-10-10","United States","com.psafe.msuite.pro_lto_12mo_39.90",13,1
"2024-10-10","China","com.psafe.msuite.ultra_12mo_59.90",10,1
"2024-10-10","Hong Kong","com.psafe.msuite.ultra_12mo_59.90",9,1
"2024-10-10","Brazil","com.psafe.msuite.pro_lto_12mo_39.90",6,2
"2024-10-10","Brazil","com.psafe.msuite.ads_free_12mo",1,1
"2024-10-11","Brazil","com.psafe.msuite.pro_lto_12mo_39.90",67,5
"2024-10-11","Brazil","com.psafe.msuite.ultra_12mo_59.90",31,5
"2024-10-11","China","com.psafe.msuite.ultra_12mo_59.90",11,1
"2024-10-11","Bangladesh","com.psafe.msuite.ultra_12mo_59.90",9,1
"2024-10-11","Brazil","com.psafe.msuite.ads_free_12mo_13.90",8,4
"2024-10-11","Brazil","com.psafe.msuite.adsfree_lto_12mo",3,2
"2024-10-11","Iran","com.psafe.msuite.ads_free_12mo_13.90",2,1
"2024-10-11","Libya","com.psafe.msuite.pro_3day_trial_12mo49.9",1,1
"2024-10-12","Brazil","com.psafe.msuite.ads_free_12mo_13.90",16,5
"2024-10-12","Brazil","com.psafe.msuite.ultra_12mo",12,1
"2024-10-12","Brazil","com.psafe.msuite.ultra_12mo_59.90",12,3
"2024-10-12","Brazil","com.psafe.msuite.pro_1mo_3.90",9,1
"2024-10-12","United States","com.psafe.msuite.pro_3day_trial_12mo49.9",3,1
"2024-10-12","Brazil","com.psafe.msuite.pro_lto_12mo_39.90",1,1
"2024-10-12","United States","com.psafe.msuite.pro_lto_12mo_39.90",1,1
"2024-10-13","Brazil","com.psafe.msuite.ads_free_12mo_13.90",38,8
"2024-10-13","Brazil","com.psafe.msuite.ultra_12mo_59.90",24,4
"2024-10-13","France","com.psafe.msuite.ultra_12mo_59.90",9,1
"2024-10-13","Egypt","com.psafe.msuite.ultra_12mo_59.90",3,1
"2024-10-13","Brazil","com.psafe.msuite.pro_3day_trial_12mo49.9",2,1
"2024-10-13","Indonesia","com.psafe.msuite.ultra_12mo_59.90",2,1
"2024-10-13","Brazil","com.psafe.msuite.adsfree_lto_12mo",1,1
"2024-10-13","Egypt","com.psafe.msuite.ads_free_12mo_13.90",1,1
"2024-10-14","Brazil","com.psafe.msuite.pro_lto_12mo_39.90",50,1
"2024-10-14","Brazil","com.psafe.msuite.ads_free_12mo_13.90",26,4
"2024-10-14","Brazil","com.psafe.msuite.ultra_1mo_16.90",10,1
"2024-10-14","Bangladesh","com.psafe.msuite.ultra_12mo_59.90",7,1
"2024-10-14","Brazil","com.psafe.msuite.ultra_12mo_59.90",3,2
"2024-10-14","Iran","com.psafe.msuite.ultra_12mo_59.90",3,1
"2024-10-14","United States","com.psafe.msuite.ultra_1mo_16.90",1,1
"2024-10-15","Brazil","com.psafe.msuite.ultra_12mo_59.90",59,7
"2024-10-15","Brazil","com.psafe.msuite.ads_free_12mo_13.90",19,2
"2024-10-15","Brazil","com.psafe.msuite.pro_lto_12mo_39.90",3,2
"2024-10-15","Iran","com.psafe.msuite.pro_12mo_49.90",2,1
"2024-10-15","Pakistan","com.psafe.msuite.pro_3day_trial_12mo49.9",2,1
"2024-10-15","United States","com.psafe.msuite.ads_free_12mo_13.90",2,1
"2024-10-15","Brazil","com.psafe.msuite.adsfree_lto_12mo",1,1
"2024-10-15","France","com.psafe.msuite.ads_free_12mo_13.90",1,1
"2024-10-15","Singapore","com.psafe.msuite.pro_3day_trial_12mo49.9",1,1
"2024-10-16","Brazil","com.psafe.msuite.ultra_12mo_59.90",34,6
"2024-10-16","Brazil","com.psafe.msuite.ads_free_12mo_13.90",11,4
"2024-10-16","Angola","com.psafe.msuite.ads_free_12mo_13.90",2,1
"2024-10-16","Brazil","com.psafe.msuite.pro_1mo_3.90",2,1
"2024-10-16","Mexico","com.psafe.msuite.ultra_12mo_59.90",2,1
"2024-10-16","Brazil","com.psafe.msuite.pro_3day_trial_12mo49.9",1,1
"2024-10-16","Brazil","com.psafe.msuite.ultra_1mo_16.90",1,1
"2024-10-17","Brazil","com.psafe.msuite.ads_free_12mo_13.90",18,3
"2024-10-17","Brazil","com.psafe.msuite.ultra_12mo_59.90",8,3
"2024-10-17","United States","com.psafe.msuite.ultra_12mo_59.90",7,1
"2024-10-17","Bangladesh","com.psafe.msuite.ultra_12mo_59.90",3,1
"2024-10-17","Brazil","com.psafe.msuite.pro_lto_12mo_39.90",2,1
"2024-10-17","Bangladesh","com.psafe.msuite.ads_free_12mo_13.90",1,1
"2024-10-18","Brazil","com.psafe.msuite.ultra_12mo_59.90",38,5
"2024-10-18","Brazil","com.psafe.msuite.ads_free_12mo_13.90",23,3
"2024-10-18","Bangladesh","com.psafe.msuite.ultra_12mo_59.90",12,1
"2024-10-18","Brazil","com.psafe.msuite.pro_1mo_3.90",2,1
"2024-10-19","Nigeria","com.psafe.msuite.pro_3day_trial_12mo49.9",42,1
"2024-10-19","Brazil","com.psafe.msuite.ads_free_12mo_13.90",40,11
"2024-10-19","Brazil","com.psafe.msuite.ultra_12mo_59.90",20,4
"2024-10-19","Nigeria","com.psafe.msuite.pro_1mo_3.90",15,1
"2024-10-19","Brazil","com.psafe.msuite.pro_12mo_49.90",3,1
"2024-10-19","Brazil","com.psafe.msuite.adsfree_lto_12mo",2,1
"2024-10-19","United Arab Emirates","com.psafe.msuite.ads_free_12mo_13.90",2,1
"2024-10-19","Brazil","(not set)",1,1
"2024-10-19","Brazil","com.psafe.msuite.pro_lto_12mo_39.90",1,1
"2024-10-20","Brazil","com.psafe.msuite.pro_1mo_3.90",32,1
"2024-10-20","Brazil","com.psafe.msuite.ultra_12mo_59.90",24,4
"2024-10-20","Brazil","com.psafe.msuite.ultra_1mo_16.90",23,2
"2024-10-20","Brazil","com.psafe.msuite.ads_free_12mo_13.90",14,5
"2024-10-20","Egypt","com.psafe.msuite.ultra_12mo_59.90",8,1
"2024-10-20","Bangladesh","com.psafe.msuite.ultra_12mo_59.90",2,1
"2024-10-20","Brazil","com.psafe.msuite.pro_3day_trial_12mo49.9",1,1
"2024-10-20","India","com.psafe.msuite.ads_free_12mo_13.90",1,1
"2024-10-21","Brazil","com.psafe.msuite.ultra_12mo_59.90",37,7
"2024-10-21","Brazil","com.psafe.msuite.ultra_1mo_16.90",8,1
"2024-10-21","Brazil","com.psafe.msuite.ads_free_12mo_13.90",5,3
"2024-10-21","Brazil","com.psafe.msuite.pro_lto_12mo_39.90",5,1
"2024-10-21","Indonesia","com.psafe.msuite.pro_1mo_3.90",2,1
"2024-10-21","South Africa","com.psafe.msuite.pro_1mo_3.90",1,1
"2024-10-22","Brazil","com.psafe.msuite.ads_free_12mo_13.90",32,5
"2024-10-22","Brazil","com.psafe.msuite.pro_lto_12mo_39.90",25,1
"2024-10-22","Brazil","com.psafe.msuite.ultra_12mo_59.90",14,2
"2024-10-22","Brazil","com.psafe.msuite.ultra_1mo_16.90",11,1
"2024-10-22","Brazil","com.psafe.msuite.pro_12mo_49.90",9,1
"2024-10-23","Brazil","com.psafe.msuite.pro_lto_12mo_39.90",86,3
"2024-10-23","Philippines","com.psafe.msuite.pro_1mo_3.90",21,1
"2024-10-23","Brazil","com.psafe.msuite.ads_free_12mo_13.90",15,6
"2024-10-23","Brazil","com.psafe.msuite.ultra_12mo_59.90",10,2
"2024-10-23","United States","com.psafe.msuite.ultra_12mo_59.90",8,1
"2024-10-23","Brazil","com.psafe.msuite.adsfree_lto_12mo",6,1
"2024-10-23","United States","com.psafe.msuite.ads_free_12mo_13.90",1,1
"2024-10-24","Brazil","com.psafe.msuite.ads_free_12mo_13.90",44,12
"2024-10-24","Brazil","com.psafe.msuite.ultra_1mo_16.90",16,2
"2024-10-24","Paraguay","com.psafe.msuite.pro_3day_trial_12mo49.9",10,1
"2024-10-24","United States","com.psafe.msuite.ultra_12mo_59.90",10,2
"2024-10-24","Brazil","com.psafe.msuite.ultra_12mo_59.90",9,4
"2024-10-24","Brazil","com.psafe.msuite.pro_3day_trial_12mo49.9",1,1
"2024-10-24","United States","com.psafe.msuite.ads_free_12mo_13.90",1,1
"2024-10-25","Brazil","com.psafe.msuite.ultra_12mo_59.90",26,4
"2024-10-25","Brazil","com.psafe.msuite.ads_free_12mo_13.90",22,4
"2024-10-25","Belgium","com.psafe.msuite.pro_3day_trial_12mo49.9",13,1
"2024-10-25","Bangladesh","com.psafe.msuite.ultra_12mo_59.90",3,1
"2024-10-25","Brazil","com.psafe.msuite.pro_3day_trial_12mo49.9",1,1
"2024-10-26","Brazil","com.psafe.msuite.ads_free_12mo_13.90",47,6
"2024-10-26","Brazil","com.psafe.msuite.ultra_12mo_59.90",30,6
"2024-10-26","Brazil","com.psafe.msuite.adsfree_lto_12mo",7,1
"2024-10-26","United States","com.psafe.msuite.pro_3day_trial_12mo49.9",7,1
"2024-10-26","Brazil","com.psafe.msuite.pro_3day_trial_12mo49.9",2,1
"2024-10-26","Yemen","com.psafe.msuite.ads_free_12mo_13.90",2,1
"2024-10-27","Brazil","com.psafe.msuite.pro_3day_trial_12mo49.9",70,1
"2024-10-27","Brazil","com.psafe.msuite.ads_free_12mo_13.90",19,3
"2024-10-27","Brazil","com.psafe.msuite.pro_1mo_3.90",12,2
"2024-10-27","Brazil","com.psafe.msuite.ultra_12mo_59.90",8,2
"2024-10-27","Brazil","com.psafe.msuite.pro_lto_12mo_39.90",3,2
"2024-10-27","Brazil","com.psafe.msuite.ultra_1mo_16.90",2,1
"2024-10-27","Yemen","com.psafe.msuite.ads_free_12mo_13.90",2,1
"2024-10-27","Brazil","com.psafe.msuite.adsfree_lto_12mo",1,1
"2024-10-27","South Africa","com.psafe.msuite.ads_free_12mo",1,1
"2024-10-28","Brazil","com.psafe.msuite.ads_free_12mo_13.90",16,6
"2024-10-28","Brazil","com.psafe.msuite.ultra_12mo_59.90",8,2
"2024-10-28","Iran","com.psafe.msuite.ads_free_12mo",3,1
"2024-10-28","Ghana","com.psafe.msuite.ads_free_12mo_13.90",1,1
"2024-10-29","Brazil","com.psafe.msuite.ads_free_12mo_13.90",38,5
"2024-10-29","Brazil","com.psafe.msuite.ultra_12mo_59.90",12,3
"2024-10-29","Bangladesh","com.psafe.msuite.ultra_12mo_59.90",7,1
"2024-10-29","Peru","com.psafe.msuite.pro_3day_trial_12mo49.9",5,1
"2024-10-29","France","com.psafe.msuite.pro_12mo_49.90",3,1
"2024-10-29","Brazil","com.psafe.msuite.ultra_1mo_16.90",2,1
"2024-10-29","Egypt","com.psafe.msuite.ultra_12mo_59.90",2,1
"2024-10-30","Brazil","com.psafe.msuite.ultra_12mo_59.90",51,10
"2024-10-30","Brazil","com.psafe.msuite.ads_free_12mo_13.90",28,6
"2024-10-30","United States","com.psafe.msuite.ultra_12mo_59.90",16,2
"2024-10-30","United Arab Emirates","com.psafe.msuite.ultra_12mo_59.90",11,1
"2024-10-31","Brazil","com.psafe.msuite.ads_free_12mo_13.90",111,10
"2024-10-31","Brazil","com.psafe.msuite.ultra_12mo_59.90",22,2
"2024-10-31","United States","com.psafe.msuite.ultra_12mo_59.90",20,1
"2024-10-31","Iran","com.psafe.msuite.ultra_12mo_59.90",13,1
"2024-10-31","Brazil","com.psafe.msuite.ultra_1mo_16.90",11,1
"2024-10-31","United States","com.psafe.msuite.ads_free_12mo_13.90",3,1
"2024-10-31","Brazil","com.psafe.msuite.pro_lto_12mo_39.90",2,1
"2024-10-31","Bangladesh","com.psafe.msuite.ads_free_12mo",1,1
"2024-11-01","Brazil","com.psafe.msuite.ultra_12mo_59.90",63,12
"2024-11-01","Brazil","com.psafe.msuite.ads_free_12mo_13.90",8,5
"2024-11-01","United States","com.psafe.msuite.ultra_12mo_59.90",2,1
"2024-11-01","Brazil","com.psafe.msuite.adsfree_lto_12mo",1,1
"2024-11-01","Brazil","com.psafe.msuite.pro_3day_trial_12mo49.9",1,1
"2024-11-01","Brazil","com.psafe.msuite.pro_lto_12mo_39.90",1,1
"2024-11-02","Brazil","com.psafe.msuite.ultra_12mo_59.90",86,13
"2024-11-02","Brazil","com.psafe.msuite.ads_free_12mo_13.90",34,5
"2024-11-02","Brazil","com.psafe.msuite.ultra_1mo_16.90",21,4
"2024-11-02","Bangladesh","com.psafe.msuite.ultra_12mo_59.90",7,1
"2024-11-02","Mexico","com.psafe.msuite.ultra_12mo_59.90",7,1
"2024-11-02","Brazil","com.psafe.msuite.pro_lto_12mo_39.90",6,1
"2024-11-02","Iran","com.psafe.msuite.pro_3day_trial_12mo49.9",3,1
"2024-11-02","Brazil","com.psafe.msuite.pro_3day_trial_12mo49.9",2,1
"2024-11-03","Brazil","com.psafe.msuite.ads_free_12mo_13.90",89,11
"2024-11-03","Brazil","com.psafe.msuite.ultra_12mo_59.90",54,8
"2024-11-03","Brazil","com.psafe.msuite.adsfree_lto_12mo",13,1
"2024-11-03","Algeria","com.psafe.msuite.ultra_12mo_59.90",7,1
"2024-11-03","Brazil","com.psafe.msuite.ultra_1mo_16.90",3,2
"2024-11-04","Brazil","com.psafe.msuite.ultra_12mo_59.90",50,8
"2024-11-04","Iran","com.psafe.msuite.ultra_12mo_59.90",10,1
"2024-11-04","Brazil","com.psafe.msuite.pro_lto_12mo_39.90",9,1
"2024-11-04","Ghana","com.psafe.msuite.pro_3day_trial_12mo49.9",9,1
"2024-11-04","Egypt","com.psafe.msuite.ultra_12mo_59.90",8,1
"2024-11-04","Bangladesh","com.psafe.msuite.ultra_12mo_59.90",7,1
"2024-11-04","United States","com.psafe.msuite.ultra_12mo_59.90",7,1
"2024-11-04","Brazil","com.psafe.msuite.ads_free_12mo_13.90",5,4
"2024-11-04","Mozambique","com.psafe.msuite.ultra_12mo_59.90",4,1
"2024-11-04","Mozambique","com.psafe.msuite.ads_free_12mo_13.90",3,1
"2024-11-04","Egypt","com.psafe.msuite.pro_lto_12mo_39.90",2,1
"2024-11-04","Mozambique","com.psafe.msuite.ultra_1mo_16.90",2,1
"2024-11-04","United Kingdom","com.psafe.msuite.pro_3day_trial_12mo49.9",2,1
"2024-11-04","United States","com.psafe.msuite.pro_lto_12mo_39.90",2,1
"2024-11-05","Brazil","com.psafe.msuite.ultra_12mo_59.90",49,6
"2024-11-05","Brazil","com.psafe.msuite.pro_3day_trial_12mo49.9",17,3
"2024-11-05","Brazil","com.psafe.msuite.ultra_1mo_16.90",9,1
"2024-11-05","United States","com.psafe.msuite.ultra_1mo_16.90",9,1
"2024-11-05","Brazil","com.psafe.msuite.ads_free_12mo_13.90",7,5
"2024-11-05","Brazil","com.psafe.msuite.pro_lto_12mo_39.90",7,1
"2024-11-05","United States","com.psafe.msuite.ultra_12mo_59.90",6,1
"2024-11-05","Mexico","com.psafe.msuite.pro_3day_trial_12mo49.9",4,1
"2024-11-05","Mexico","com.psafe.msuite.pro_1mo_3.90",1,1
"2024-11-06","Brazil","com.psafe.msuite.ultra_12mo_59.90",74,9
"2024-11-06","Brazil","com.psafe.msuite.pro_lto_12mo_39.90",29,2
"2024-11-06","Philippines","com.psafe.msuite.ultra_12mo_59.90",25,1
"2024-11-06","Brazil","com.psafe.msuite.ads_free_12mo_13.90",24,4
"2024-11-06","Philippines","com.psafe.msuite.pro_3day_trial_12mo49.9",12,1
"2024-11-06","Algeria","com.psafe.msuite.ultra_12mo_59.90",11,1
"2024-11-06","Philippines","com.psafe.msuite.ads_free_12mo_13.90",11,1
"2024-11-06","Philippines","com.psafe.msuite.pro_1mo_3.90",8,1
"2024-11-06","Indonesia","com.psafe.msuite.ultra_12mo_59.90",7,1
"2024-11-06","Philippines","com.psafe.msuite.ultra_1mo_16.90",7,1
"2024-11-06","United States","com.psafe.msuite.ultra_1mo_16.90",2,1
"2024-11-06","Brazil","com.psafe.msuite.adsfree_lto_12mo",1,1
"2024-11-06","Brazil","com.psafe.msuite.ultra_1mo_16.90",1,1
"2024-11-07","Brazil","com.psafe.msuite.ads_free_12mo_13.90",61,7
"2024-11-07","Brazil","com.psafe.msuite.ultra_12mo_59.90",20,1
"2024-11-07","Brazil","com.psafe.msuite.adsfree_lto_12mo",15,2
"2024-11-07","Bangladesh","com.psafe.msuite.ultra_12mo_59.90",13,1
"2024-11-07","Brazil","com.psafe.msuite.pro_lto_12mo_39.90",11,3
"2024-11-07","Türkiye","com.psafe.msuite.ultra_12mo_59.90",8,1
"2024-11-07","Egypt","com.psafe.msuite.pro_3day_trial_12mo49.9",3,1
"2024-11-07","Brazil","com.psafe.msuite.ultra_1mo_16.90",2,1
"2024-11-07","United States","com.psafe.msuite.ads_free_12mo_13.90",1,1
"2024-11-08","Brazil","com.psafe.msuite.ads_free_12mo_13.90",308,7
"2024-11-08","Brazil","com.psafe.msuite.ultra_12mo_59.90",18,2
"2024-11-08","Brazil","com.psafe.msuite.pro_lto_12mo_39.90",7,1
"2024-11-08","Bangladesh","com.psafe.msuite.ultra_12mo",1,1
"2024-11-08","Nigeria","com.psafe.msuite.ultra_12mo_59.90",1,1
"2024-11-08","United States","com.psafe.msuite.ads_free_12mo_13.90",1,1
"2024-11-09","United States","com.psafe.msuite.adsfree_lto_12mo",150,1
"2024-11-09","United States","com.psafe.msuite.pro_lto_12mo_39.90",111,1
"2024-11-09","Brazil","com.psafe.msuite.ultra_12mo_59.90",52,10
"2024-11-09","Brazil","com.psafe.msuite.ads_free_12mo_13.90",18,8
"2024-11-09","Morocco","com.psafe.msuite.pro_1mo_3.90",10,1
"2024-11-09","United States","com.psafe.msuite.ultra_12mo_59.90",6,1
"2024-11-09","Brazil","com.psafe.msuite.pro_lto_12mo_39.90",3,1
"2024-11-09","Brazil","com.psafe.msuite.ultra_1mo_16.90",3,2
"2024-11-09","Brazil","com.psafe.msuite.pro_3day_trial_12mo49.9",2,1
"2024-11-10","Brazil","com.psafe.msuite.ads_free_12mo_13.90",161,6
"2024-11-10","Brazil","com.psafe.msuite.ultra_12mo_59.90",80,11
"2024-11-10","Mexico","com.psafe.msuite.ultra_12mo_59.90",6,1
"2024-11-10","Angola","com.psafe.msuite.ads_free_12mo_13.90",3,1
"2024-11-10","Yemen","com.psafe.msuite.ads_free_12mo_13.90",2,1
"2024-11-10","France","com.psafe.msuite.ads_free_12mo_13.90",1,1
"2024-11-11","Brazil","com.psafe.msuite.ultra_12mo_59.90",78,11
"2024-11-11","Brazil","com.psafe.msuite.ads_free_12mo_13.90",52,4
"2024-11-11","United States","com.psafe.msuite.ultra_12mo_59.90",29,1
"2024-11-11","Brazil","com.psafe.msuite.pro_lto_12mo_39.90",12,2
"2024-11-11","Brazil","com.psafe.msuite.ultra_1mo_16.90",12,2
"2024-11-11","Brazil","com.psafe.msuite.adsfree_lto_12mo",7,1
"2024-11-11","Brazil","com.psafe.msuite.pro_3day_trial_12mo49.9",5,1
"2024-11-11","Egypt","com.psafe.msuite.ultra_12mo_59.90",5,1
"2024-11-11","Angola","com.psafe.msuite.ads_free_12mo_13.90",1,1
"2024-11-11","Egypt","com.psafe.msuite.ads_free_12mo_13.90",1,1
"2024-11-12","Brazil","(not set)",77,1
"2024-11-12","Brazil","com.psafe.msuite.ads_free_12mo_13.90",62,9
"2024-11-12","Brazil","com.psafe.msuite.ultra_12mo_59.90",24,3
"2024-11-12","Egypt","com.psafe.msuite.ultra_12mo_59.90",2,1
"2024-11-13","Brazil","com.psafe.msuite.ads_free_12mo_13.90",100,3
"2024-11-13","Brazil","com.psafe.msuite.ultra_12mo_59.90",41,9
"2024-11-13","Brazil","com.psafe.msuite.pro_lto_12mo_39.90",6,1
"2024-11-14","Brazil","com.psafe.msuite.ultra_12mo_59.90",47,11
"2024-11-14","Brazil","com.psafe.msuite.pro_lto_12mo_39.90",13,3
"2024-11-14","Egypt","com.psafe.msuite.ultra_1mo_16.90",13,1
"2024-11-14","Saudi Arabia","com.psafe.msuite.ultra_12mo_59.90",7,1
"2024-11-14","Brazil","com.psafe.msuite.adsfree_lto_12mo",6,1
"2024-11-14","Brazil","com.psafe.msuite.ads_free_12mo_13.90",2,2
"2024-11-14","Nigeria","com.psafe.msuite.ultra_12mo_59.90",2,1
"2024-11-15","Brazil","com.psafe.msuite.ads_free_12mo_13.90",68,12
"2024-11-15","Brazil","com.psafe.msuite.ultra_12mo_59.90",61,9
"2024-11-15","Bangladesh","com.psafe.msuite.ultra_12mo_59.90",6,1
"2024-11-15","Indonesia","com.psafe.msuite.ultra_12mo_59.90",6,1
"2024-11-15","Brazil","com.psafe.msuite.pro_lto_12mo_39.90",2,1
"2024-11-15","Mexico","com.psafe.msuite.ads_free_12mo_13.90",1,1
"2024-11-16","Brazil","com.psafe.msuite.pro_lto_12mo_39.90",110,5
"2024-11-16","Brazil","com.psafe.msuite.ultra_12mo_59.90",29,6
"2024-11-16","Brazil","com.psafe.msuite.ads_free_12mo_13.90",24,5
"2024-11-16","Brazil","com.psafe.msuite.ultra_1mo_16.90",8,2
"2024-11-16","Bangladesh","com.psafe.msuite.ultra_12mo_59.90",7,1
"2024-11-16","Iran","com.psafe.msuite.pro_1mo_3.90",7,1
"2024-11-16","Brazil","com.psafe.msuite.pro_3day_trial_12mo49.9",3,1
"2024-11-17","Brazil","com.psafe.msuite.ads_free_12mo_13.90",51,5
"2024-11-17","Brazil","com.psafe.msuite.ultra_12mo_59.90",29,8
"2024-11-17","Brazil","com.psafe.msuite.pro_12mo_49.90",10,1
"2024-11-17","Brazil","com.psafe.msuite.pro_lto_12mo_39.90",6,1
"2024-11-18","Brazil","com.psafe.msuite.ads_free_12mo_13.90",39,5
"2024-11-18","Brazil","com.psafe.msuite.ultra_12mo_59.90",28,6
"2024-11-19","Brazil","com.psafe.msuite.ultra_12mo_59.90",32,4
"2024-11-19","Brazil","com.psafe.msuite.pro_lto_12mo_39.90",13,1
"2024-11-19","Brazil","com.psafe.msuite.ads_free_12mo_13.90",10,6
"2024-11-19","Saudi Arabia","com.psafe.msuite.ultra_12mo_59.90",10,1
"2024-11-19","Bangladesh","com.psafe.msuite.ultra_1mo_16.90",2,1
"2024-11-19","Brazil","com.psafe.msuite.adsfree_lto_12mo",2,1
"2024-11-20","Brazil","com.psafe.msuite.pro_lto_12mo_39.90",44,2
"2024-11-20","Brazil","com.psafe.msuite.ultra_12mo_59.90",23,6
"2024-11-20","Brazil","com.psafe.msuite.ads_free_12mo_13.90",19,4
"2024-11-20","Morocco","com.psafe.msuite.ultra_12mo_59.90",7,1
"2024-11-20","Iran","com.psafe.msuite.ads_free_12mo",6,1
"2024-11-20","Brazil","com.psafe.msuite.pro_3day_trial_12mo49.9",2,1
"2024-11-21","Brazil","com.psafe.msuite.ultra_12mo_59.90",49,9
"2024-11-21","Brazil","com.psafe.msuite.pro_lto_12mo_39.90",23,2
"2024-11-21","Brazil","com.psafe.msuite.ads_free_12mo_13.90",15,4
"2024-11-21","United States","com.psafe.msuite.pro_12mo_49.90",3,1
"2024-11-21","Algeria","com.psafe.msuite.ultra_12mo_59.90",2,1
"2024-11-21","Brazil","com.psafe.msuite.ultra_1mo_16.90",1,1
"2024-11-21","Luxembourg","com.psafe.msuite.ads_free_12mo_13.90",1,1
"2024-11-22","Brazil","com.psafe.msuite.pro_lto_12mo_39.90",36,4
"2024-11-22","Brazil","com.psafe.msuite.ultra_12mo_59.90",32,5
"2024-11-22","United States","com.psafe.msuite.pro_lto_12mo_39.90",23,1
"2024-11-22","Brazil","com.psafe.msuite.adsfree_lto_12mo",8,1
"2024-11-22","Brazil","com.psafe.msuite.ads_free_12mo_13.90",6,1
"2024-11-22","United States","com.psafe.msuite.ads_free_12mo_13.90",1,1
"2024-11-23","Brazil","com.psafe.msuite.ultra_12mo_59.90",56,10
"2024-11-23","Brazil","com.psafe.msuite.ads_free_12mo_13.90",34,6
"2024-11-23","United States","com.psafe.msuite.ultra_12mo_59.90",16,1
"2024-11-23","Germany","com.psafe.msuite.ultra_12mo_59.90",9,1
"2024-11-23","Netherlands","com.psafe.msuite.ultra_12mo_59.90",6,1
"2024-11-23","Brazil","com.psafe.msuite.adsfree_lto_12mo",2,1
"2024-11-23","Brazil","com.psafe.msuite.ultra_1mo_16.90",2,1
"2024-11-23","United States","com.psafe.msuite.pro_lto_12mo_39.90",2,1
"2024-11-24","Brazil","com.psafe.msuite.ultra_12mo_59.90",50,7
"2024-11-24","Brazil","com.psafe.msuite.pro_lto_12mo_39.90",41,6
"2024-11-24","Brazil","com.psafe.msuite.ads_free_12mo_13.90",37,6
"2024-11-25","Brazil","com.psafe.msuite.ultra_12mo_59.90",114,16
"2024-11-25","Brazil","com.psafe.msuite.ultra_1mo_16.90",21,4
"2024-11-25","Brazil","com.psafe.msuite.ads_free_12mo_13.90",17,5
"2024-11-25","Brazil","com.psafe.msuite.adsfree_lto_12mo",12,2
"2024-11-25","Brazil","com.psafe.msuite.pro_3day_trial_12mo49.9",8,1
"2024-11-25","Brazil","com.psafe.msuite.pro_lto_12mo_39.90",3,2
"2024-11-25","Brazil","com.psafe.msuite.pro_1mo_3.90",2,1
"2024-11-25","Iran","com.psafe.msuite.pro_lto_12mo_39.90",2,1
"2024-11-26","Brazil","com.psafe.msuite.pro_lto_12mo_39.90",47,7
"2024-11-26","Brazil","com.psafe.msuite.ultra_12mo_59.90",40,12
"2024-11-26","Brazil","com.psafe.msuite.ads_free_12mo_13.90",38,4
"2024-11-26","Iran","com.psafe.msuite.ultra_12mo_59.90",14,1
"2024-11-26","Brazil","com.psafe.msuite.adsfree_lto_12mo",7,1
"2024-11-26","Brazil","com.psafe.msuite.ultra_1mo_16.90",2,2
"2024-11-26","Morocco","com.psafe.msuite.ultra_12mo_59.90",1,1
"2024-11-27","Brazil","com.psafe.msuite.ultra_12mo_59.90",65,9
"2024-11-27","Brazil","com.psafe.msuite.pro_lto_12mo_39.90",24,3
"2024-11-27","Brazil","com.psafe.msuite.ads_free_12mo_13.90",20,7
"2024-11-27","Brazil","com.psafe.msuite.pro_3day_trial_12mo49.9",17,3
"2024-11-27","Brazil","com.psafe.msuite.pro_1mo_3.90",9,1
"2024-11-27","Bangladesh","com.psafe.msuite.ultra_12mo_59.90",7,1
"2024-11-27","Yemen","com.psafe.msuite.ads_free_12mo_13.90",3,1
"2024-11-27","Brazil","com.psafe.msuite.ultra_1mo_16.90",1,1
"2024-11-28","Brazil","com.psafe.msuite.ultra_12mo_59.90",34,5
"2024-11-28","Brazil","com.psafe.msuite.ultra_1mo_16.90",18,1
"2024-11-28","Brazil","com.psafe.msuite.ads_free_12mo_13.90",13,4
"2024-11-28","Brazil","com.psafe.msuite.pro_lto_12mo_39.90",4,2
"2024-11-28","Brazil","com.psafe.msuite.adsfree_lto_12mo",1,1
"2024-11-28","United States","com.psafe.msuite.ads_free_12mo_13.90",1,1
"2024-11-29","Brazil","com.psafe.msuite.ads_free_12mo_13.90",26,7
"2024-11-29","Brazil","com.psafe.msuite.ultra_12mo_59.90",19,4
"2024-11-29","Brazil","com.psafe.msuite.pro_lto_12mo_39.90",16,1
"2024-11-29","United States","com.psafe.msuite.ultra_12mo_59.90",12,1
"2024-11-29","Bangladesh","com.psafe.msuite.ultra_12mo_59.90",2,1
"2024-11-29","Brazil","com.psafe.msuite.adsfree_lto_12mo",2,1
"2024-11-29","United States","com.psafe.msuite.ultra_1mo_16.90",2,1
"2024-11-29","Zimbabwe","com.psafe.msuite.ads_free_12mo_13.90",1,1
"2024-11-30","Brazil","com.psafe.msuite.ultra_12mo_59.90",81,14
"2024-11-30","Brazil","com.psafe.msuite.ads_free_12mo_13.90",35,11
"2024-11-30","Brazil","com.psafe.msuite.pro_lto_12mo_39.90",13,4
"2024-11-30","United States","com.psafe.msuite.ads_free_12mo_13.90",12,1
"2024-11-30","Brazil","com.psafe.msuite.ultra_1mo_16.90",9,1
"2024-11-30","Brazil","com.psafe.msuite.adsfree_lto_12mo",7,1
"2024-11-30","Mexico","com.psafe.msuite.pro_1mo_3.90",7,1
"2024-11-30","Iran","com.psafe.msuite.ads_free_12mo",1,1
"2024-12-01","Brazil","com.psafe.msuite.ultra_12mo_59.90",50,9
"2024-12-01","Brazil","com.psafe.msuite.ads_free_12mo_13.90",35,5
"2024-12-01","Brazil","com.psafe.msuite.pro_lto_12mo_39.90",14,2
"2024-12-01","United Arab Emirates","com.psafe.msuite.ultra_12mo_59.90",14,1
"2024-12-01","Germany","com.psafe.msuite.ultra_12mo_59.90",10,1
"2024-12-01","United States","com.psafe.msuite.ultra_12mo_59.90",9,1
"2024-12-01","Brazil","com.psafe.msuite.ultra_1mo_16.90",5,1
"2024-12-02","Brazil","com.psafe.msuite.ads_free_12mo_13.90",25,8
"2024-12-02","Brazil","com.psafe.msuite.pro_lto_12mo_39.90",24,2
"2024-12-02","Brazil","com.psafe.msuite.ultra_12mo_59.90",21,5
"2024-12-02","United States","com.psafe.msuite.ultra_12mo_59.90",3,1
"2024-12-02","Indonesia","com.psafe.msuite.pro_lto_12mo_39.90",2,1
"2024-12-02","Brazil","com.psafe.msuite.ultra_1mo_16.90",1,1
"2024-12-02","United States","com.psafe.msuite.ads_free_12mo_13.90",1,1
"2024-12-03","Brazil","com.psafe.msuite.ultra_12mo_59.90",30,4
"2024-12-03","United States","com.psafe.msuite.ads_free_12mo_13.90",13,2
"2024-12-03","United States","com.psafe.msuite.ultra_12mo_59.90",13,1
"2024-12-03","Brazil","com.psafe.msuite.ads_free_12mo_13.90",12,2
"2024-12-03","Brazil","com.psafe.msuite.pro_lto_12mo_39.90",10,2
"2024-12-03","Algeria","com.psafe.msuite.ultra_12mo_59.90",7,1
"2024-12-03","Kuwait","com.psafe.msuite.ultra_12mo_59.90",7,1
"2024-12-03","United States","com.psafe.msuite.pro_lto_12mo_39.90",6,1
"2024-12-03","Brazil","com.psafe.msuite.ultra_1mo_16.90",1,1
"2024-12-04","Brazil","com.psafe.msuite.ultra_12mo_59.90",57,12
"2024-12-04","Brazil","com.psafe.msuite.ads_free_12mo_13.90",28,5
"2024-12-04","Brazil","com.psafe.msuite.pro_lto_12mo_39.90",20,2
"2024-12-04","Brazil","com.psafe.msuite.ultra_1mo_16.90",16,1
"2024-12-04","Brazil","com.psafe.msuite.adsfree_lto_12mo",14,1
"2024-12-04","Bangladesh","com.psafe.msuite.ultra_12mo_59.90",5,1
"2024-12-05","Brazil","com.psafe.msuite.ultra_12mo_59.90",48,8
"2024-12-05","Brazil","com.psafe.msuite.pro_3day_trial_12mo49.9",9,1
"2024-12-05","Brazil","com.psafe.msuite.ads_free_12mo_13.90",8,2
"2024-12-05","Brazil","com.psafe.msuite.ultra_1mo_16.90",7,1
"2024-12-05","Bangladesh","com.psafe.msuite.ultra_1mo_16.90",2,1
"2024-12-05","Egypt","com.psafe.msuite.ultra_1mo_16.90",2,1
"2024-12-05","Mexico","com.psafe.msuite.ads_free_12mo_13.90",2,1
"2024-12-05","Brazil","com.psafe.msuite.adsfree_lto_12mo",1,1
"2024-12-05","United States","com.psafe.msuite.ads_free_12mo_13.90",1,1
"2024-12-05","United States","com.psafe.msuite.ultra_12mo_59.90",1,1
"2024-12-06","Brazil","com.psafe.msuite.ultra_12mo_59.90",63,8
"2024-12-06","United States","com.psafe.msuite.adsfree_lto_12mo",14,1
"2024-12-06","Brazil","com.psafe.msuite.ultra_1mo_16.90",12,2
"2024-12-06","Bangladesh","com.psafe.msuite.ultra_12mo_59.90",10,1
"2024-12-06","Brazil","com.psafe.msuite.ads_free_12mo_13.90",8,2
"2024-12-06","Iran","com.psafe.msuite.ultra_12mo_59.90",7,1
"2024-12-06","Brazil","com.psafe.msuite.pro_12mo_49.90",2,1
"2024-12-06","United States","com.psafe.msuite.ultra_12mo_59.90",2,1
"2024-12-07","Brazil","com.psafe.msuite.ultra_12mo_59.90",97,16
"2024-12-07","Brazil","com.psafe.msuite.ads_free_12mo_13.90",13,2
"2024-12-07","Iran","com.psafe.msuite.ads_free_12mo",13,1
"2024-12-07","Brazil","com.psafe.msuite.ultra_1mo_16.90",11,3
"2024-12-07","Brazil","com.psafe.msuite.pro_1mo_3.90",10,1
"2024-12-07","Libya","com.psafe.msuite.ultra_12mo_59.90",2,1
"2024-12-07","Saudi Arabia","com.psafe.msuite.ads_free_12mo_13.90",2,1
"2024-12-07","United States","com.psafe.msuite.ultra_12mo_59.90",2,1
"2024-12-07","United States","com.psafe.msuite.ultra_1mo_16.90",1,1
"2024-12-08","Brazil","com.psafe.msuite.ultra_12mo_59.90",110,16
"2024-12-08","Brazil","com.psafe.msuite.pro_3day_trial_12mo49.9",22,2
"2024-12-08","Bangladesh","com.psafe.msuite.ultra_12mo_59.90",8,1
"2024-12-08","Brazil","com.psafe.msuite.pro_1mo_3.90",8,1
"2024-12-08","United States","com.psafe.msuite.ultra_12mo_59.90",8,1
"2024-12-08","Brazil","com.psafe.msuite.ads_free_12mo_13.90",6,3
"2024-12-08","Brazil","com.psafe.msuite.ultra_1mo_16.90",6,2
"2024-12-09","Brazil","com.psafe.msuite.ads_free_12mo_13.90",22,7
"2024-12-09","Brazil","com.psafe.msuite.ultra_12mo_59.90",20,6
"2024-12-09","Brazil","com.psafe.msuite.pro_lto_12mo_39.90",11,1
"2024-12-09","Brazil","com.psafe.msuite.adsfree_lto_12mo",7,1
"2024-12-09","Brazil","com.psafe.msuite.pro_3day_trial_12mo49.9",1,1
"2024-12-09","Brazil","com.psafe.msuite.ultra_1mo_16.90",1,1
"2024-12-10","Brazil","com.psafe.msuite.pro_lto_12mo_39.90",74,1
"2024-12-10","Brazil","com.psafe.msuite.ultra_12mo_59.90",65,11
"2024-12-10","India","com.psafe.msuite.ultra_12mo_59.90",8,1
"2024-12-10","Brazil","com.psafe.msuite.pro_1mo_3.90",7,1
"2024-12-10","Brazil","com.psafe.msuite.ads_free_12mo_13.90",6,3
"2024-12-11","Brazil","com.psafe.msuite.ultra_12mo_59.90",75,10
"2024-12-11","Brazil","com.psafe.msuite.ads_free_12mo_13.90",22,3
"2024-12-11","Iran","com.psafe.msuite.ultra_12mo_59.90",16,1
"2024-12-11","Brazil","com.psafe.msuite.ultra_1mo_16.90",6,1
"2024-12-12","Brazil","com.psafe.msuite.ultra_12mo_59.90",52,7
"2024-12-12","Brazil","com.psafe.msuite.pro_lto_12mo_39.90",16,4
"2024-12-12","United States","com.psafe.msuite.pro_3day_trial_12mo49.9",14,1
"2024-12-12","Brazil","com.psafe.msuite.ads_free_12mo_13.90",11,3
"2024-12-12","Brazil","com.psafe.msuite.ultra_1mo_16.90",6,1
"2024-12-12","Bangladesh","com.psafe.msuite.ultra_12mo_59.90",2,1
"2024-12-12","United States","com.psafe.msuite.ads_free_12mo_13.90",2,1
"2024-12-12","United States","com.psafe.msuite.ultra_12mo_59.90",1,1
"2024-12-13","Brazil","com.psafe.msuite.ads_free_12mo_13.90",178,7
"2024-12-13","Brazil","com.psafe.msuite.ultra_12mo_59.90",80,11
"2024-12-13","United Kingdom","com.psafe.msuite.ultra_12mo_59.90",8,1
"2024-12-13","Argentina","com.psafe.msuite.ultra_12mo_59.90",7,1
"2024-12-13","Iran","com.psafe.msuite.ultra_12mo_59.90",3,1
"2024-12-13","Brazil","com.psafe.msuite.ultra_1mo_16.90",2,2
"2024-12-14","Brazil","com.psafe.msuite.ultra_12mo_59.90",84,12
"2024-12-14","Brazil","com.psafe.msuite.ads_free_12mo_13.90",27,3
"2024-12-14","United States","com.psafe.msuite.ultra_12mo_59.90",12,1
"2024-12-14","Iran","com.psafe.msuite.ultra_12mo_59.90",11,1
"2024-12-14","Brazil","com.psafe.msuite.pro_lto_12mo_39.90",10,2
"2024-12-14","United States","com.psafe.msuite.pro_3day_trial_12mo49.9",8,1
"2024-12-14","Egypt","com.psafe.msuite.ultra_12mo_59.90",7,1
"2024-12-14","Brazil","com.psafe.msuite.adsfree_lto_12mo",3,1
"2024-12-15","Brazil","com.psafe.msuite.ultra_12mo_59.90",60,9
"2024-12-15","Brazil","com.psafe.msuite.ads_free_12mo_13.90",7,4
"2024-12-15","Senegal","com.psafe.msuite.ads_free_12mo_13.90",7,1
"2024-12-15","Bangladesh","com.psafe.msuite.ultra_12mo_59.90",6,1
"2024-12-15","Brazil","com.psafe.msuite.adsfree_lto_12mo",6,1
"2024-12-15","Egypt","com.psafe.msuite.ultra_12mo_59.90",4,1
"2024-12-15","Brazil","com.psafe.msuite.ultra_1mo_16.90",1,1
"2024-12-16","Brazil","com.psafe.msuite.ultra_12mo_59.90",27,5
"2024-12-16","Brazil","com.psafe.msuite.ads_free_12mo_13.90",15,2
"2024-12-16","Brazil","com.psafe.msuite.ultra_1mo_16.90",8,1
"2024-12-16","Brazil","com.psafe.msuite.pro_lto_12mo_39.90",6,1
"2024-12-16","Mexico","com.psafe.msuite.ultra_12mo_59.90",3,1
"2024-12-16","Brazil","com.psafe.msuite.adsfree_lto_12mo",1,1
"2024-12-16","Sudan","com.psafe.msuite.ultra_12mo_59.90",1,1
"2024-12-17","Brazil","com.psafe.msuite.ultra_12mo_59.90",46,8
"2024-12-17","Brazil","com.psafe.msuite.ads_free_12mo_13.90",24,10
"2024-12-17","United States","com.psafe.msuite.pro_1mo_3.90",9,1
"2024-12-17","Brazil","com.psafe.msuite.ultra_1mo_16.90",7,1
"2024-12-17","Brazil","com.psafe.msuite.pro_lto_12mo_39.90",6,1
"2024-12-17","Brazil","com.psafe.msuite.adsfree_lto_12mo",1,1
"2024-12-17","United States","com.psafe.msuite.ads_free_12mo_13.90",1,1
"2024-12-18","Brazil","com.psafe.msuite.ultra_12mo_59.90",59,10
"2024-12-18","Brazil","com.psafe.msuite.ads_free_12mo_13.90",53,6
"2024-12-18","Brazil","com.psafe.msuite.ultra_1mo_16.90",14,1
"2024-12-18","Brazil","com.psafe.msuite.pro_lto_12mo_39.90",11,2
"2024-12-18","Brazil","com.psafe.msuite.pro_12mo_49.90",8,1
"2024-12-18","Brazil","com.psafe.msuite.adsfree_lto_12mo",7,1
"2024-12-19","Brazil","com.psafe.msuite.ultra_12mo_59.90",55,12
"2024-12-19","Brazil","com.psafe.msuite.adsfree_lto_12mo",45,2
"2024-12-19","Brazil","com.psafe.msuite.pro_3day_trial_12mo49.9",33,1
"2024-12-19","Brazil","com.psafe.msuite.ads_free_12mo_13.90",19,4
"2024-12-19","Brazil","com.psafe.msuite.pro_1mo_3.90",15,2
"2024-12-19","Brazil","com.psafe.msuite.pro_lto_12mo_39.90",9,1
"2024-12-19","Brazil","com.psafe.msuite.ultra_1mo_16.90",7,2
"2024-12-19","United States","com.psafe.msuite.ultra_12mo_59.90",6,1
"2024-12-19","United States","com.psafe.msuite.adsfree_lto_12mo",2,1
"2024-12-20","Brazil","com.psafe.msuite.ads_free_12mo_13.90",68,6
"2024-12-20","Brazil","com.psafe.msuite.ultra_12mo_59.90",51,9
"2024-12-20","Philippines","com.psafe.msuite.ultra_12mo_59.90",27,1
"2024-12-20","Brazil","com.psafe.msuite.adsfree_lto_12mo",7,1
"2024-12-20","United States","com.psafe.msuite.ultra_12mo_59.90",7,1
"2024-12-20","Brazil","com.psafe.msuite.pro_3day_trial_12mo49.9",2,1
"2024-12-20","Iran","com.psafe.msuite.ads_free_12mo",1,1
"2024-12-21","Brazil","com.psafe.msuite.ultra_12mo_59.90",78,11
"2024-12-21","Brazil","com.psafe.msuite.ads_free_12mo_13.90",38,6
"2024-12-21","Brazil","com.psafe.msuite.pro_lto_12mo_39.90",15,1
"2024-12-21","Brazil","com.psafe.msuite.ultra_1mo_16.90",3,1
"2024-12-21","United States","com.psafe.msuite.ads_free_12mo_13.90",3,1
"2024-12-22","Brazil","com.psafe.msuite.ads_free_12mo_13.90",38,3
"2024-12-22","Brazil","com.psafe.msuite.ultra_12mo_59.90",26,5
"2024-12-22","Brazil","com.psafe.msuite.adsfree_lto_12mo",7,1
"2024-12-23","Brazil","com.psafe.msuite.ads_free_12mo_13.90",156,5
"2024-12-23","Brazil","com.psafe.msuite.ultra_12mo_59.90",43,8
"2024-12-23","United Kingdom","com.psafe.msuite.ultra_12mo_59.90",9,1
"2024-12-23","Brazil","com.psafe.msuite.ultra_1mo_16.90",3,2
"2024-12-23","Brazil","com.psafe.msuite.pro_lto_12mo_39.90",2,1
"2024-12-23","United States","com.psafe.msuite.ads_free_12mo_13.90",2,1
"2024-12-23","United States","com.psafe.msuite.ultra_12mo_59.90",2,1
"2024-12-23","Brazil","com.psafe.msuite.pro_1mo_3.90",1,1
"2024-12-24","Brazil","com.psafe.msuite.ultra_12mo_59.90",26,8
"2024-12-24","Brazil","com.psafe.msuite.ads_free_12mo_13.90",23,2
"2024-12-24","Brazil","com.psafe.msuite.pro_lto_12mo_39.90",15,1
"2024-12-24","Brazil","com.psafe.msuite.pro_3day_trial_12mo49.9",10,2
"2024-12-24","Mozambique","com.psafe.msuite.ultra_12mo_59.90",4,1
"2024-12-24","Bangladesh","com.psafe.msuite.ultra_12mo_59.90",1,1
"2024-12-24","Bangladesh","com.psafe.msuite.ultra_1mo_16.90",1,1
"2024-12-24","Brazil","com.psafe.msuite.pro_1mo_3.90",1,1
"2024-12-25","Brazil","com.psafe.msuite.ultra_12mo_59.90",42,11
"2024-12-25","Mexico","com.psafe.msuite.pro_3day_trial_12mo49.9",35,1
"2024-12-25","Brazil","com.psafe.msuite.ads_free_12mo_13.90",10,2
"2024-12-25","Malaysia","com.psafe.msuite.ultra_12mo_59.90",3,1
"2024-12-25","Brazil","com.psafe.msuite.pro_1mo_3.90",2,1
"2024-12-25","United States","com.psafe.msuite.ultra_12mo_59.90",2,1
"2024-12-26","Brazil","com.psafe.msuite.ultra_12mo_59.90",49,11
"2024-12-26","Brazil","com.psafe.msuite.ads_free_12mo_13.90",34,12
"2024-12-26","United States","com.psafe.msuite.ultra_1mo_16.90",6,1
"2024-12-26","Brazil","com.psafe.msuite.ultra_1mo_16.90",5,1
"2024-12-26","Brazil","com.psafe.msuite.pro_lto_12mo_39.90",2,1
"2024-12-27","Brazil","com.psafe.msuite.ultra_12mo_59.90",53,13
"2024-12-27","Brazil","com.psafe.msuite.adsfree_lto_12mo",37,1
"2024-12-27","Brazil","com.psafe.msuite.pro_3day_trial_12mo49.9",31,3
"2024-12-27","Sweden","com.psafe.msuite.pro_1mo_3.90",24,1
"2024-12-27","Bangladesh","com.psafe.msuite.ultra_12mo_59.90",6,1
"2024-12-27","Brazil","com.psafe.msuite.ads_free_12mo_13.90",6,4
"2024-12-27","Brazil","com.psafe.msuite.ultra_1mo_16.90",2,1
"2024-12-27","United States","com.psafe.msuite.ads_free_12mo_13.90",2,1
"2024-12-27","United States","com.psafe.msuite.ultra_12mo_59.90",1,1
"2024-12-28","Brazil","com.psafe.msuite.ultra_12mo_59.90",159,15
"2024-12-28","Brazil","com.psafe.msuite.ads_free_12mo_13.90",46,11
"2024-12-28","Brazil","com.psafe.msuite.pro_lto_12mo_39.90",8,1
"2024-12-28","Brazil","com.psafe.msuite.pro_3day_trial_12mo49.9",4,1
"2024-12-28","Brazil","com.psafe.msuite.ultra_1mo_16.90",4,2
"2024-12-28","Brazil","com.psafe.msuite.adsfree_lto_12mo",2,1
"2024-12-29","Brazil","com.psafe.msuite.ultra_12mo_59.90",56,7
"2024-12-29","Brazil","com.psafe.msuite.pro_lto_12mo_39.90",16,2
"2024-12-29","Egypt","com.psafe.msuite.ultra_12mo_59.90",10,2
"2024-12-29","Brazil","com.psafe.msuite.ads_free_12mo_13.90",9,3
"2024-12-29","Papua New Guinea","com.psafe.msuite.ads_free_12mo_13.90",1,1
"2024-12-30","Brazil","com.psafe.msuite.pro_lto_12mo_39.90",67,2
"2024-12-30","Brazil","com.psafe.msuite.ultra_12mo_59.90",44,8
"2024-12-30","Brazil","com.psafe.msuite.ads_free_12mo_13.90",37,9
"2024-12-30","United States","com.psafe.msuite.adsfree_lto_12mo",11,1
"2024-12-30","Bangladesh","com.psafe.msuite.ultra_12mo_59.90",6,1
"2024-12-30","Brazil","com.psafe.msuite.ultra_1mo_16.90",2,1
"2024-12-31","Brazil","com.psafe.msuite.ultra_12mo_59.90",33,6
"2024-12-31","Brazil","com.psafe.msuite.pro_lto_12mo_39.90",8,1
"2024-12-31","Brazil","com.psafe.msuite.ultra_1mo_16.90",7,1
"2024-12-31","Saudi Arabia","com.psafe.msuite.ultra_12mo_59.90",2,1
"2024-12-31","Brazil","com.psafe.msuite.ads_free_12mo_13.90",1,1
"2024-12-31","Mozambique","com.psafe.msuite.ads_free_12mo_13.90",1,1
"2025-01-01","Brazil","com.psafe.msuite.ultra_12mo_59.90",22,5
"2025-01-01","Brazil","com.psafe.msuite.ads_free_12mo_13.90",14,4
"2025-01-01","Egypt","com.psafe.msuite.ultra_12mo_59.90",6,1
"2025-01-01","Bangladesh","com.psafe.msuite.ultra_12mo_59.90",3,1
"2025-01-01","Bangladesh","com.psafe.msuite.ultra_1mo_16.90",2,1
"2025-01-01","Papua New Guinea","com.psafe.msuite.pro_1mo_3.90",2,1
"2025-01-01","Papua New Guinea","com.psafe.msuite.ultra_12mo_59.90",2,1
"2025-01-01","United States","com.psafe.msuite.ultra_12mo_59.90",2,1
"2025-01-01","Brazil","com.psafe.msuite.pro_lto_12mo_39.90",1,1
"2025-01-02","Brazil","com.psafe.msuite.ultra_12mo_59.90",33,7
"2025-01-02","Brazil","com.psafe.msuite.ultra_1mo_16.90",15,2
"2025-01-02","Brazil","com.psafe.msuite.ads_free_12mo_13.90",12,6
"2025-01-02","Pakistan","com.psafe.msuite.ultra_12mo_59.90",10,1
"2025-01-02","Brazil","com.psafe.msuite.adsfree_lto_12mo",8,1
"2025-01-03","Brazil","com.psafe.msuite.ultra_12mo_59.90",56,5
"2025-01-03","Brazil","com.psafe.msuite.ads_free_12mo_13.90",22,6
"2025-01-03","Brazil","com.psafe.msuite.pro_lto_12mo_39.90",10,1
"2025-01-03","Bangladesh","com.psafe.msuite.ultra_12mo_59.90",9,1
"2025-01-03","Brazil","com.psafe.msuite.ultra_1mo_16.90",1,1
"2025-01-03","United States","com.psafe.msuite.ultra_12mo_59.90",1,1
"2025-01-04","Brazil","com.psafe.msuite.ultra_12mo_59.90",59,11
"2025-01-04","Brazil","com.psafe.msuite.pro_lto_12mo_39.90",21,2
"2025-01-04","Brazil","com.psafe.msuite.ads_free_12mo_13.90",6,2
"2025-01-04","United States","com.psafe.msuite.pro_1mo_3.90",3,1
"2025-01-04","United States","com.psafe.msuite.pro_3day_trial_12mo49.9",3,1
"2025-01-04","Bangladesh","com.psafe.msuite.ultra_12mo_59.90",2,1
"2025-01-04","Jordan","com.psafe.msuite.ultra_12mo_59.90",2,1
"2025-01-04","Jordan","com.psafe.msuite.ads_free_12mo_13.90",1,1
"2025-01-04","Mexico","com.psafe.msuite.ads_free_12mo_13.90",1,1
"2025-01-05","Brazil","com.psafe.msuite.ultra_12mo_59.90",206,15
"2025-01-05","Brazil","com.psafe.msuite.ultra_1mo_16.90",106,2
"2025-01-05","Bangladesh","com.psafe.msuite.ultra_12mo_59.90",18,2
"2025-01-05","Brazil","com.psafe.msuite.ads_free_12mo_13.90",10,6
"2025-01-05","Brazil","com.psafe.msuite.pro_3day_trial_12mo49.9",7,1
"2025-01-05","United States","com.psafe.msuite.ultra_12mo_59.90",2,1
"2025-01-06","Brazil","com.psafe.msuite.ultra_12mo_59.90",53,6
"2025-01-06","Brazil","com.psafe.msuite.ads_free_12mo_13.90",37,5
"2025-01-06","Egypt","com.psafe.msuite.ultra_12mo_59.90",8,1
"2025-01-06","Brazil","com.psafe.msuite.ultra_1mo_16.90",7,1
"2025-01-06","Bangladesh","com.psafe.msuite.ultra_12mo_59.90",2,1
"2025-01-07","Brazil","com.psafe.msuite.ultra_12mo_59.90",96,15
"2025-01-07","Brazil","com.psafe.msuite.ads_free_12mo_13.90",59,5
"2025-01-07","Morocco","com.psafe.msuite.ultra_12mo_59.90",14,1
"2025-01-07","United States","com.psafe.msuite.ultra_12mo_59.90",9,1
"2025-01-07","Brazil","com.psafe.msuite.pro_1mo_3.90",7,1
"2025-01-07","Brazil","com.psafe.msuite.pro_lto_12mo_39.90",2,1
"2025-01-07","France","com.psafe.msuite.ads_free_12mo_13.90",1,1
"2025-01-08","Brazil","com.psafe.msuite.ultra_12mo_59.90",65,9
"2025-01-08","Brazil","com.psafe.msuite.ultra_1mo_16.90",13,2
"2025-01-08","Bangladesh","com.psafe.msuite.ultra_12mo_59.90",6,1
"2025-01-08","Brazil","(not set)",2,1
"2025-01-08","Brazil","com.psafe.msuite.ads_free_12mo_13.90",2,1
"2025-01-08","Iran","com.psafe.msuite.pro_3day_trial_12mo49.9",2,1
"2025-01-09","Brazil","com.psafe.msuite.ultra_12mo_59.90",68,13
"2025-01-09","Brazil","com.psafe.msuite.pro_lto_12mo_39.90",56,3
"2025-01-09","Brazil","com.psafe.msuite.ads_free_12mo_13.90",32,4
"2025-01-09","Indonesia","com.psafe.msuite.ultra_12mo_59.90",11,1
"2025-01-09","Brazil","com.psafe.msuite.ultra_1mo_16.90",8,3
"2025-01-09","Indonesia","com.psafe.msuite.pro_1mo_3.90",1,1
"2025-01-10","Brazil","com.psafe.msuite.ultra_12mo_59.90",70,10
"2025-01-10","Brazil","com.psafe.msuite.ads_free_12mo_13.90",15,6
"2025-01-10","Bangladesh","com.psafe.msuite.ultra_12mo_59.90",9,1
"2025-01-10","Brazil","com.psafe.msuite.ultra_1mo_16.90",6,2
"2025-01-10","Brazil","com.psafe.msuite.pro_3day_trial_12mo49.9",5,1
"2025-01-10","Brazil","com.psafe.msuite.pro_1mo_3.90",2,1
"2025-01-10","United States","com.psafe.msuite.ads_free_12mo_13.90",1,1
"2025-01-11","Brazil","com.psafe.msuite.ultra_12mo_59.90",60,12
"2025-01-11","United States","com.psafe.msuite.ultra_12mo_59.90",13,1
"2025-01-11","Brazil","com.psafe.msuite.ultra_1mo_16.90",9,2
"2025-01-11","Egypt","com.psafe.msuite.ultra_12mo_59.90",7,1
"2025-01-11","Brazil","com.psafe.msuite.ads_free_12mo_13.90",6,3
"2025-01-11","Netherlands","com.psafe.msuite.ads_free_12mo_13.90",6,1
"2025-01-12","Brazil","com.psafe.msuite.ultra_12mo_59.90",184,17
"2025-01-12","Brazil","com.psafe.msuite.ads_free_12mo_13.90",44,9
"2025-01-12","Brazil","com.psafe.msuite.ultra_1mo_16.90",26,3
"2025-01-12","Iran","com.psafe.msuite.ultra_12mo",14,1
"2025-01-12","Chile","com.psafe.msuite.ultra_12mo_59.90",7,1
"2025-01-12","Brazil","com.psafe.msuite.pro_lto_12mo_39.90",6,1
"2025-01-12","Iran","com.psafe.msuite.ultra_12mo_59.90",5,1
"2025-01-12","Niger","com.psafe.msuite.pro_12mo_49.90",3,1
"2025-01-12","Iran","com.psafe.msuite.ads_free_12mo_13.90",2,1
"2025-01-12","Niger","com.psafe.msuite.ads_free_12mo_13.90",2,1
"2025-01-13","Brazil","com.psafe.msuite.ultra_12mo_59.90",39,11
"2025-01-13","Brazil","com.psafe.msuite.ads_free_12mo_13.90",29,9
"2025-01-13","France","com.psafe.msuite.ultra_12mo_59.90",8,1
"2025-01-13","Israel","com.psafe.msuite.ultra_12mo_59.90",5,1
"2025-01-13","Germany","com.psafe.msuite.ultra_12mo_59.90",2,1
"2025-01-13","Israel","com.psafe.msuite.ads_free_12mo_13.90",1,1
"2025-01-14","Brazil","com.psafe.msuite.ultra_12mo_59.90",37,6
"2025-01-14","Brazil","com.psafe.msuite.ads_free_12mo_13.90",26,7
"2025-01-14","Brazil","com.psafe.msuite.pro_lto_12mo_39.90",11,1
"2025-01-14","Türkiye","com.psafe.msuite.ultra_12mo_59.90",7,1
"2025-01-14","Bangladesh","com.psafe.msuite.ultra_12mo_59.90",2,1
"2025-01-14","Brazil","com.psafe.msuite.ultra_1mo_16.90",2,1
"2025-01-15","Brazil","com.psafe.msuite.ads_free_12mo_13.90",90,7
"2025-01-15","Brazil","com.psafe.msuite.ultra_12mo_59.90",52,7
"2025-01-15","Brazil","com.psafe.msuite.adsfree_lto_12mo",7,1
"2025-01-15","Brazil","com.psafe.msuite.ultra_1mo_16.90",1,1
"2025-01-16","Brazil","com.psafe.msuite.ultra_12mo_59.90",79,13
"2025-01-16","Brazil","com.psafe.msuite.ads_free_12mo_13.90",49,4
"2025-01-16","Brazil","(not set)",9,1
"2025-01-16","Brazil","com.psafe.msuite.pro_lto_12mo_39.90",2,2
"2025-01-16","Philippines","com.psafe.msuite.ads_free_12mo",2,1
"2025-01-16","Philippines","com.psafe.msuite.ads_free_12mo_13.90",1,1
"2025-01-17","Brazil","com.psafe.msuite.ads_free_12mo_13.90",42,9
"2025-01-17","Brazil","com.psafe.msuite.ultra_12mo_59.90",31,8
"2025-01-17","United Arab Emirates","com.psafe.msuite.ultra_12mo_59.90",8,1
"2025-01-17","Iran","com.psafe.msuite.ultra_12mo_59.90",6,1
"2025-01-17","United States","com.psafe.msuite.pro_12mo_49.90",6,1
"2025-01-17","Egypt","com.psafe.msuite.ultra_12mo",2,1
"2025-01-17","Brazil","com.psafe.msuite.ultra_1mo_16.90",1,1
"2025-01-18","Brazil","com.psafe.msuite.ultra_12mo_59.90",59,11
"2025-01-18","Brazil","com.psafe.msuite.ads_free_12mo_13.90",37,6
"2025-01-18","Bangladesh","com.psafe.msuite.ultra_12mo_59.90",11,2
"2025-01-18","Brazil","com.psafe.msuite.ultra_1mo_16.90",8,1
"2025-01-18","Brazil","com.psafe.msuite.pro_lto_12mo_39.90",7,1
"2025-01-18","Brazil","com.psafe.msuite.pro_3day_trial_12mo49.9",6,1
"2025-01-19","Brazil","com.psafe.msuite.ultra_12mo_59.90",80,11
"2025-01-19","Brazil","com.psafe.msuite.ads_free_12mo_13.90",31,4
"2025-01-19","Hungary","com.psafe.msuite.ultra_12mo_59.90",20,1
"2025-01-19","Iran","com.psafe.msuite.ultra_12mo_59.90",10,1
"2025-01-19","Syria","com.psafe.msuite.ultra_12mo",10,1
"2025-01-19","United States","com.psafe.msuite.ultra_12mo_59.90",6,2
"2025-01-19","Bangladesh","com.psafe.msuite.ultra_12mo_59.90",4,1
"2025-01-19","Brazil","com.psafe.msuite.pro_lto_12mo_39.90",3,1
"2025-01-19","Egypt","com.psafe.msuite.ultra_12mo",2,1
"2025-01-20","Brazil","com.psafe.msuite.ultra_12mo_59.90",28,7
"2025-01-20","Brazil","com.psafe.msuite.ads_free_12mo_13.90",16,2
"2025-01-20","United States","com.psafe.msuite.ultra_12mo_59.90",15,2
"2025-01-20","Egypt","com.psafe.msuite.ultra_12mo_59.90",10,1
"2025-01-20","United States","com.psafe.msuite.ultra_1mo_16.90",10,1
"2025-01-20","Libya","com.psafe.msuite.ultra_12mo_59.90",2,1
"2025-01-21","Brazil","com.psafe.msuite.ultra_12mo_59.90",128,15
"2025-01-21","Brazil","com.psafe.msuite.ads_free_12mo_13.90",81,6
"2025-01-21","Brazil","com.psafe.msuite.pro_lto_12mo_39.90",38,4
"2025-01-21","Bangladesh","com.psafe.msuite.ultra_12mo_59.90",13,2
"2025-01-21","Bangladesh","com.psafe.msuite.ads_free_12mo",8,1
"2025-01-22","Brazil","com.psafe.msuite.pro_lto_12mo_39.90",89,2
"2025-01-22","Brazil","com.psafe.msuite.ultra_12mo_59.90",47,10
"2025-01-22","Brazil","com.psafe.msuite.pro_12mo_49.90",18,1
"2025-01-22","Saudi Arabia","com.psafe.msuite.ultra_12mo_59.90",8,1
"2025-01-22","Brazil","com.psafe.msuite.ads_free_12mo_13.90",7,4
"2025-01-23","Brazil","com.psafe.msuite.ultra_12mo_59.90",56,10
"2025-01-23","Brazil","com.psafe.msuite.pro_lto_12mo_39.90",15,3
"2025-01-23","Brazil","com.psafe.msuite.ads_free_12mo_13.90",14,6
"2025-01-23","Brazil","com.psafe.msuite.ultra_1mo_16.90",11,2
"2025-01-23","Brazil","com.psafe.msuite.adsfree_lto_12mo",8,1
"2025-01-23","United States","com.psafe.msuite.ultra_12mo_59.90",8,1
"2025-01-23","Morocco","com.psafe.msuite.ads_free_12mo_13.90",1,1
"2025-01-24","Brazil","com.psafe.msuite.ultra_12mo_59.90",111,3
"2025-01-24","Brazil","com.psafe.msuite.ads_free_12mo_13.90",30,4
"2025-01-24","Thailand","com.psafe.msuite.ultra_12mo_59.90",10,1
"2025-01-24","United Kingdom","com.psafe.msuite.ultra_12mo_59.90",7,1
"2025-01-24","United States","com.psafe.msuite.pro_3day_trial_12mo49.9",7,1
"2025-01-25","Brazil","com.psafe.msuite.ultra_12mo_59.90",35,8
"2025-01-25","Brazil","com.psafe.msuite.adsfree_lto_12mo",34,2
"2025-01-25","Brazil","com.psafe.msuite.ultra_1mo_16.90",19,3
"2025-01-25","Brazil","com.psafe.msuite.ads_free_12mo_13.90",14,6
"2025-01-25","Brazil","com.psafe.msuite.pro_12mo_49.90",9,1
"2025-01-25","Egypt","com.psafe.msuite.ultra_12mo_59.90",9,2
"2025-01-25","Saudi Arabia","com.psafe.msuite.ultra_12mo_59.90",9,1
"2025-01-25","Brazil","com.psafe.msuite.pro_lto_12mo_39.90",7,1
"2025-01-25","Germany","com.psafe.msuite.pro_3day_trial_12mo49.9",7,1
"2025-01-25","Brazil","com.psafe.msuite.pro_3day_trial_12mo49.9",6,1
"2025-01-25","Bangladesh","com.psafe.msuite.ads_free_12mo_13.90",2,1
"2025-01-25","Indonesia","com.psafe.msuite.ads_free_12mo_13.90",2,1
"2025-01-25","Iran","com.psafe.msuite.ultra_12mo_59.90",2,1
"2025-01-26","Brazil","com.psafe.msuite.ultra_12mo_59.90",87,16
"2025-01-26","Brazil","com.psafe.msuite.ads_free_12mo_13.90",44,12
"2025-01-26","Brazil","com.psafe.msuite.ultra_1mo_16.90",7,1
"2025-01-26","Morocco","com.psafe.msuite.ultra_12mo_59.90",6,1
"2025-01-26","Brazil","com.psafe.msuite.adsfree_lto_12mo",2,1
"2025-01-26","Brazil","com.psafe.msuite.pro_3day_trial_12mo49.9",1,1
"2025-01-27","Brazil","com.psafe.msuite.ads_free_12mo_13.90",57,10
"2025-01-27","Brazil","com.psafe.msuite.ultra_12mo_59.90",32,6
"2025-01-27","Brazil","com.psafe.msuite.pro_lto_12mo_39.90",9,2
"2025-01-27","Iran","com.psafe.msuite.ads_free_12mo",2,1
"2025-01-28","Brazil","com.psafe.msuite.ultra_12mo_59.90",57,9
"2025-01-28","Brazil","com.psafe.msuite.ads_free_12mo_13.90",23,6
"2025-01-28","Bangladesh","com.psafe.msuite.ultra_12mo_59.90",14,1
"2025-01-28","Iran","com.psafe.msuite.ads_free_12mo",6,1
"2025-01-28","Finland","com.psafe.msuite.ultra_12mo_59.90",2,1
"2025-01-28","United States","com.psafe.msuite.ultra_12mo_59.90",2,1
"2025-01-28","Brazil","com.psafe.msuite.ultra_1mo_16.90",1,1
"2025-01-29","Brazil","com.psafe.msuite.ultra_12mo_59.90",53,12
"2025-01-29","Brazil","com.psafe.msuite.ads_free_12mo_13.90",33,9
"2025-01-29","Brazil","com.psafe.msuite.ultra_1mo_16.90",31,1
"2025-01-29","Papua New Guinea","com.psafe.msuite.ads_free_12mo_13.90",2,1
"2025-01-30","Brazil","com.psafe.msuite.ultra_12mo_59.90",77,13
"2025-01-30","Portugal","com.psafe.msuite.ultra_12mo_59.90",52,1
"2025-01-30","Brazil","com.psafe.msuite.ads_free_12mo_13.90",20,6
"2025-01-30","Bangladesh","com.psafe.msuite.ultra_12mo_59.90",10,1
"2025-01-30","Brazil","com.psafe.msuite.pro_12mo_49.90",6,1
"2025-01-30","Brazil","com.psafe.msuite.pro_lto_12mo_39.90",3,2
"2025-01-30","Colombia","com.psafe.msuite.ads_free_12mo_13.90",2,1
"2025-01-31","Brazil","com.psafe.msuite.ultra_12mo_59.90",96,10
"2025-01-31","Brazil","com.psafe.msuite.pro_3day_trial_12mo49.9",30,1
"2025-01-31","Brazil","com.psafe.msuite.ads_free_12mo_13.90",24,5
"2025-01-31","United States","com.psafe.msuite.ultra_12mo_59.90",10,1
"2025-01-31","Bangladesh","com.psafe.msuite.ultra_12mo_59.90",7,1
"2025-01-31","Brazil","com.psafe.msuite.pro_lto_12mo_39.90",1,1
"2025-01-31","Egypt","com.psafe.msuite.ads_free_12mo_13.90",1,1
"2025-02-01","Brazil","com.psafe.msuite.ultra_12mo_59.90",41,8
"2025-02-01","Brazil","com.psafe.msuite.pro_lto_12mo_39.90",24,1
"2025-02-01","Brazil","com.psafe.msuite.ads_free_12mo_13.90",13,5
"2025-02-01","Brazil","com.psafe.msuite.adsfree_lto_12mo",8,2
"2025-02-01","Iran","com.psafe.msuite.ads_free_12mo_13.90",8,1
"2025-02-01","Algeria","com.psafe.msuite.ultra_12mo_59.90",6,1
"2025-02-01","Brazil","com.psafe.msuite.pro_12mo_49.90",6,1
"2025-02-01","Malaysia","com.psafe.msuite.ultra_12mo_59.90",5,1
"2025-02-02","Brazil","com.psafe.msuite.ultra_12mo_59.90",130,12
"2025-02-02","Brazil","com.psafe.msuite.pro_3day_trial_12mo49.9",125,2
"2025-02-02","Brazil","com.psafe.msuite.pro_1mo_3.90",30,2
"2025-02-02","Brazil","com.psafe.msuite.ads_free_12mo_13.90",8,4
"2025-02-02","Brazil","com.psafe.msuite.pro_lto_12mo_39.90",6,1
"2025-02-02","Egypt","com.psafe.msuite.ultra_12mo_59.90",5,1
"2025-02-02","Libya","com.psafe.msuite.ultra_12mo_59.90",5,1
"2025-02-02","Bangladesh","com.psafe.msuite.ultra_12mo_59.90",2,1
"2025-02-02","Brazil","com.psafe.msuite.adsfree_lto_12mo",2,1
"2025-02-02","Côte d’Ivoire","com.psafe.msuite.ads_free_12mo_13.90",2,1
"2025-02-02","Tunisia","com.psafe.msuite.ultra_12mo_59.90",2,1
"2025-02-02","United States","com.psafe.msuite.ultra_1mo_16.90",2,1
"2025-02-02","Iran","com.psafe.msuite.ads_free_12mo_13.90",1,1
"2025-02-03","Brazil","com.psafe.msuite.ultra_12mo_59.90",27,5
"2025-02-03","Brazil","com.psafe.msuite.ads_free_12mo_13.90",16,6
"2025-02-03","Brazil","com.psafe.msuite.pro_lto_12mo_39.90",7,1
"2025-02-03","Iran","com.psafe.msuite.ultra_12mo_59.90",2,1
"2025-02-03","Yemen","com.psafe.msuite.ads_free_12mo_13.90",2,1
"2025-02-03","Colombia","com.psafe.msuite.ads_free_12mo_13.90",1,1
"2025-02-03","Iran","com.psafe.msuite.pro_1mo_3.90",1,1
"2025-02-04","Brazil","com.psafe.msuite.ultra_12mo_59.90",55,9
"2025-02-04","Brazil","com.psafe.msuite.pro_lto_12mo_39.90",26,1
"2025-02-04","Brazil","com.psafe.msuite.ultra_1mo_16.90",20,2
"2025-02-04","Brazil","com.psafe.msuite.ads_free_12mo_13.90",13,3
"2025-02-04","Bangladesh","com.psafe.msuite.ultra_12mo_59.90",7,1
"2025-02-05","Brazil","com.psafe.msuite.pro_lto_12mo_39.90",42,5
"2025-02-05","Brazil","com.psafe.msuite.ultra_12mo_59.90",42,12
"2025-02-05","Brazil","com.psafe.msuite.ads_free_12mo_13.90",20,10
"2025-02-05","Bangladesh","com.psafe.msuite.ultra_12mo_59.90",6,1
"2025-02-05","India","com.psafe.msuite.ultra_12mo_59.90",6,1
"2025-02-06","Brazil","com.psafe.msuite.ultra_12mo_59.90",91,10
"2025-02-06","Brazil","com.psafe.msuite.ads_free_12mo_13.90",20,6
"2025-02-06","Brazil","com.psafe.msuite.pro_lto_12mo_39.90",7,2
"2025-02-06","Mexico","com.psafe.msuite.adsfree_lto_12mo",3,1
"2025-02-06","Bangladesh","com.psafe.msuite.ads_free_12mo_13.90",2,1
"2025-02-06","Egypt","com.psafe.msuite.ultra_12mo_59.90",1,1
"2025-02-06","Guatemala","com.psafe.msuite.pro_3day_trial_12mo49.9",1,1
"2025-02-07","Brazil","com.psafe.msuite.ads_free_12mo_13.90",71,6
"2025-02-07","Iran","com.psafe.msuite.pro_lto_12mo_39.90",20,1
"2025-02-07","Brazil","com.psafe.msuite.ultra_12mo_59.90",14,4
"2025-02-07","Brazil","com.psafe.msuite.pro_lto_12mo_39.90",3,1
"2025-02-08","Brazil","com.psafe.msuite.ultra_12mo_59.90",43,7
"2025-02-08","Brazil","com.psafe.msuite.ads_free_12mo_13.90",41,8
"2025-02-08","Egypt","com.psafe.msuite.ultra_12mo_59.90",6,1
"2025-02-08","Türkiye","com.psafe.msuite.ultra_12mo_59.90",6,1
"2025-02-08","United States","com.psafe.msuite.ultra_12mo_59.90",6,1
"2025-02-08","Brazil","com.psafe.msuite.pro_lto_12mo_39.90",2,1
"2025-02-09","Brazil","com.psafe.msuite.ultra_12mo_59.90",40,8
"2025-02-09","United States","com.psafe.msuite.ultra_12mo_59.90",6,1
"2025-02-09","Brazil","com.psafe.msuite.ads_free_12mo_13.90",3,1
"2025-02-09","Brazil","com.psafe.msuite.ultra_1mo_16.90",3,2
"2025-02-09","Brazil","com.psafe.msuite.pro_lto_12mo_39.90",1,1
"2025-02-10","Brazil","com.psafe.msuite.ultra_12mo_59.90",51,6
"2025-02-10","Brazil","com.psafe.msuite.ads_free_12mo_13.90",22,5
"2025-02-10","Brazil","com.psafe.msuite.adsfree_lto_12mo",18,3
"2025-02-10","Nigeria","com.psafe.msuite.pro_3day_trial_12mo49.9",8,1
"2025-02-10","Brazil","com.psafe.msuite.pro_1mo_3.90",3,1
"2025-02-10","Brazil","com.psafe.msuite.pro_3day_trial_12mo49.9",3,1
"2025-02-10","Brazil","com.psafe.msuite.pro_lto_12mo_39.90",2,1
"2025-02-10","Brazil","com.psafe.msuite.ultra_1mo_16.90",2,1
"2025-02-10","Saudi Arabia","com.psafe.msuite.ultra_12mo_59.90",2,1
"2025-02-11","Brazil","com.psafe.msuite.pro_lto_12mo_39.90",18,2
"2025-02-11","Brazil","com.psafe.msuite.ultra_12mo_59.90",8,2
"2025-02-11","Brazil","com.psafe.msuite.ads_free_12mo_13.90",5,3
"2025-02-11","Nigeria","com.psafe.msuite.ultra_12mo_59.90",5,1
"2025-02-11","Nigeria","com.psafe.msuite.ultra_1mo_16.90",1,1
"2025-02-12","Brazil","com.psafe.msuite.ultra_12mo_59.90",92,12
"2025-02-12","Brazil","com.psafe.msuite.ultra_1mo_16.90",60,1
"2025-02-12","Brazil","com.psafe.msuite.ads_free_12mo_13.90",49,6
"2025-02-12","Brazil","com.psafe.msuite.adsfree_lto_12mo",17,3
"2025-02-12","Saudi Arabia","com.psafe.msuite.ultra_12mo_59.90",7,1
"2025-02-12","United States","com.psafe.msuite.ads_free_12mo_13.90",1,1
"2025-02-13","Brazil","com.psafe.msuite.adsfree_lto_12mo",74,3
"2025-02-13","Brazil","com.psafe.msuite.ultra_12mo_59.90",71,13
"2025-02-13","Brazil","com.psafe.msuite.ads_free_12mo_13.90",10,4
"2025-02-13","Brazil","com.psafe.msuite.pro_lto_12mo_39.90",8,2
"2025-02-13","Mozambique","com.psafe.msuite.pro_12mo_49.90",3,1
"2025-02-13","Brazil","com.psafe.msuite.ultra_1mo_16.90",1,1
"2025-02-13","United States","com.psafe.msuite.ads_free_12mo_13.90",1,1
"2025-02-14","Brazil","com.psafe.msuite.ultra_12mo_59.90",57,9
"2025-02-14","Saudi Arabia","com.psafe.msuite.ultra_12mo_59.90",27,1
"2025-02-14","Brazil","com.psafe.msuite.ultra_1mo_16.90",19,1
"2025-02-14","Mexico","com.psafe.msuite.ultra_12mo_59.90",6,1
"2025-02-14","Saudi Arabia","com.psafe.msuite.ultra_1mo_16.90",6,1
"2025-02-14","Brazil","com.psafe.msuite.ads_free_12mo_13.90",2,1
"2025-02-14","Brazil","com.psafe.msuite.pro_1mo_3.90",2,1
"2025-02-14","Brazil","com.psafe.msuite.pro_3day_trial_12mo49.9",2,1
"2025-02-15","Brazil","com.psafe.msuite.pro_lto_12mo_39.90",24,3
"2025-02-15","Brazil","com.psafe.msuite.ultra_12mo_59.90",15,2
"2025-02-15","Brazil","com.psafe.msuite.ads_free_12mo_13.90",14,5
"2025-02-15","United States","com.psafe.msuite.ultra_12mo_59.90",11,2
"2025-02-15","India","com.psafe.msuite.ultra_1mo_16.90",9,1
"2025-02-15","Brazil","com.psafe.msuite.pro_3day_trial_12mo49.9",6,1
"2025-02-16","Brazil","com.psafe.msuite.ultra_12mo_59.90",62,12
"2025-02-16","Brazil","com.psafe.msuite.ultra_1mo_16.90",17,5
"2025-02-16","Saudi Arabia","com.psafe.msuite.ultra_12mo_59.90",17,1
"2025-02-16","Brazil","com.psafe.msuite.ads_free_12mo_13.90",15,5
"2025-02-16","Brazil","com.psafe.msuite.pro_lto_12mo_39.90",14,2
"2025-02-16","Nigeria","com.psafe.msuite.ultra_12mo_59.90",10,1
"2025-02-16","Bangladesh","com.psafe.msuite.ultra_12mo_59.90",8,1
"2025-02-16","Brazil","com.psafe.msuite.ultra_12mo",5,1
"2025-02-17","Brazil","com.psafe.msuite.ultra_12mo_59.90",69,7
"2025-02-17","Brazil","com.psafe.msuite.ads_free_12mo_13.90",41,8
"2025-02-17","Brazil","com.psafe.msuite.pro_3day_trial_12mo49.9",16,1
"2025-02-17","Jordan","com.psafe.msuite.ultra_12mo_59.90",13,1
"2025-02-17","Brazil","com.psafe.msuite.pro_lto_12mo_39.90",5,2
"2025-02-17","Nigeria","com.psafe.msuite.ads_free_12mo_13.90",1,1
"2025-02-18","Brazil","com.psafe.msuite.ultra_12mo_59.90",44,8
"2025-02-18","India","com.psafe.msuite.ultra_12mo_59.90",20,2
"2025-02-18","Brazil","com.psafe.msuite.ads_free_12mo_13.90",14,5
"2025-02-18","India","com.psafe.msuite.ads_free_12mo_13.90",6,1
"2025-02-18","United States","com.psafe.msuite.ultra_12mo_59.90",6,1
"2025-02-18","Brazil","com.psafe.msuite.pro_lto_12mo_39.90",5,3
"2025-02-18","Bangladesh","com.psafe.msuite.ultra_12mo_59.90",2,1
"2025-02-18","United States","com.psafe.msuite.ads_free_12mo_13.90",2,1
"2025-02-19","Brazil","com.psafe.msuite.ultra_12mo_59.90",42,6
"2025-02-19","Brazil","com.psafe.msuite.ultra_12mo",7,1
"2025-02-19","Brazil","com.psafe.msuite.ads_free_12mo_13.90",4,3
"2025-02-19","United States","com.psafe.msuite.ultra_12mo_59.90",3,1
"2025-02-20","Brazil","com.psafe.msuite.ultra_12mo_59.90",36,6
"2025-02-20","Iran","com.psafe.msuite.ads_free_12mo",27,1
"2025-02-20","Brazil","com.psafe.msuite.pro_lto_12mo_39.90",26,2
"2025-02-20","Brazil","com.psafe.msuite.ads_free_12mo_13.90",24,4
"2025-02-20","Egypt","com.psafe.msuite.ultra_12mo_59.90",6,1
"2025-02-20","Pakistan","com.psafe.msuite.pro_3day_trial_12mo49.9",2,1
"2025-02-20","Algeria","com.psafe.msuite.ultra_12mo_59.90",1,1
"2025-02-21","Brazil","com.psafe.msuite.ultra_12mo_59.90",52,9
"2025-02-21","Israel","com.psafe.msuite.ultra_12mo_59.90",7,1
"2025-02-21","Brazil","com.psafe.msuite.pro_lto_12mo_39.90",6,1
"2025-02-21","Brazil","com.psafe.msuite.ads_free_12mo_13.90",3,3
"2025-02-21","Iran","com.psafe.msuite.ads_free_12mo_13.90",3,1
"2025-02-21","Jordan","com.psafe.msuite.ultra_12mo_59.90",2,1
"2025-02-21","Bangladesh","com.psafe.msuite.ultra_1mo_16.90",1,1
"2025-02-22","Brazil","com.psafe.msuite.ultra_12mo_59.90",58,12
"2025-02-22","Brazil","com.psafe.msuite.ads_free_12mo_13.90",10,3
"2025-02-22","Brazil","com.psafe.msuite.ultra_1mo_16.90",8,1
"2025-02-22","Algeria","com.psafe.msuite.ultra_12mo_59.90",7,1
"2025-02-22","Iran","com.psafe.msuite.ads_free_12mo",7,1
"2025-02-22","United States","com.psafe.msuite.ads_free_12mo_13.90",7,1
"2025-02-23","Brazil","com.psafe.msuite.ultra_12mo_59.90",62,8
"2025-02-23","Brazil","com.psafe.msuite.ads_free_12mo_13.90",10,3
"2025-02-23","Brazil","com.psafe.msuite.ultra_1mo_16.90",7,1
"2025-02-23","Saudi Arabia","com.psafe.msuite.ultra_12mo_59.90",3,1
"2025-02-23","Angola","com.psafe.msuite.ultra_12mo_59.90",1,1
"2025-02-24","Brazil","com.psafe.msuite.ultra_12mo_59.90",47,7
"2025-02-24","Brazil","com.psafe.msuite.ads_free_12mo_13.90",23,4
"2025-02-24","United States","com.psafe.msuite.pro_1mo_3.90",7,1
"2025-02-24","Brazil","com.psafe.msuite.ultra_1mo_16.90",6,1
"2025-02-24","Morocco","com.psafe.msuite.ultra_12mo_59.90",6,1
"2025-02-24","Türkiye","com.psafe.msuite.ultra_12mo_59.90",6,1
"2025-02-25","Brazil","com.psafe.msuite.ultra_12mo_59.90",42,9
"2025-02-25","Brazil","com.psafe.msuite.ads_free_12mo_13.90",19,6
"2025-02-25","Brazil","com.psafe.msuite.ultra_1mo_16.90",8,1
"2025-02-25","Brazil","com.psafe.msuite.pro_lto_12mo_39.90",1,1
"2025-02-26","Brazil","com.psafe.msuite.ultra_12mo_59.90",40,7
"2025-02-26","Brazil","com.psafe.msuite.ads_free_12mo_13.90",17,4
"2025-02-26","Brazil","com.psafe.msuite.pro_lto_12mo_39.90",14,1
"2025-02-26","United States","com.psafe.msuite.ultra_12mo",6,1
"2025-02-26","Bangladesh","com.psafe.msuite.ultra_12mo_59.90",2,1
"2025-02-26","Brazil","com.psafe.msuite.ultra_1mo_16.90",2,2
"2025-02-26","Colombia","com.psafe.msuite.ads_free_12mo_13.90",2,1
"2025-02-26","United States","com.psafe.msuite.ads_free_12mo_13.90",1,1
"2025-02-27","Brazil","com.psafe.msuite.ultra_12mo_59.90",89,7
"2025-02-27","Brazil","com.psafe.msuite.ads_free_12mo_13.90",22,6
"2025-02-27","India","com.psafe.msuite.ads_free_12mo_13.90",3,1
"2025-02-28","Brazil","com.psafe.msuite.ultra_12mo_59.90",55,8
"2025-02-28","Brazil","com.psafe.msuite.ads_free_12mo_13.90",46,7
"2025-02-28","Brazil","com.psafe.msuite.pro_lto_12mo_39.90",37,1
"2025-02-28","United States","com.psafe.msuite.ultra_12mo_59.90",14,2
"2025-02-28","China","com.psafe.msuite.ultra_12mo_59.90",7,1
"2025-02-28","Malaysia","com.psafe.msuite.pro_1mo_3.90",3,1
"2025-02-28","Malaysia","com.psafe.msuite.pro_12mo_49.90",2,1
"2025-02-28","Brazil","com.psafe.msuite.ultra_1mo_16.90",1,1
"2025-02-28","Togo","com.psafe.msuite.ads_free_12mo",1,1
"2025-03-01","Brazil","com.psafe.msuite.ultra_12mo_59.90",93,14
"2025-03-01","Brazil","com.psafe.msuite.ads_free_12mo_13.90",41,8
"2025-03-01","Israel","com.psafe.msuite.pro_3day_trial_12mo49.9",10,1
"2025-03-01","Brazil","com.psafe.msuite.adsfree_lto_12mo",6,1
"2025-03-01","Brazil","com.psafe.msuite.ultra_1mo_16.90",6,1
"2025-03-01","United Arab Emirates","com.psafe.msuite.ultra_12mo_59.90",6,1
"2025-03-01","Egypt","com.psafe.msuite.ultra_12mo_59.90",5,1
"2025-03-01","Indonesia","com.psafe.msuite.ads_free_12mo_13.90",2,1
"2025-03-01","Iran","com.psafe.msuite.pro_lto_12mo_39.90",2,1
"2025-03-01","Iran","com.psafe.msuite.ultra_12mo_59.90",2,1
"2025-03-01","United States","com.psafe.msuite.ads_free_12mo_13.90",1,1
"2025-03-02","Brazil","com.psafe.msuite.ads_free_12mo_13.90",35,7
"2025-03-02","Brazil","com.psafe.msuite.ultra_12mo_59.90",31,4
"2025-03-02","Brazil","com.psafe.msuite.pro_lto_12mo_39.90",9,1
"2025-03-02","Iran","com.psafe.msuite.pro_3day_trial_12mo49.9",7,1
"2025-03-02","Kuwait","com.psafe.msuite.ultra_12mo_59.90",6,1
"2025-03-02","Brazil","com.psafe.msuite.adsfree_lto_12mo",5,1
"2025-03-02","Canada","com.psafe.msuite.ultra_12mo_59.90",5,1
"2025-03-03","Brazil","com.psafe.msuite.ultra_12mo_59.90",42,11
"2025-03-03","Brazil","com.psafe.msuite.pro_12mo_49.90",18,1
"2025-03-03","Brazil","com.psafe.msuite.ads_free_12mo_13.90",9,6
"2025-03-03","Mexico","com.psafe.msuite.ultra_12mo_59.90",8,1
"2025-03-03","Brazil","com.psafe.msuite.ultra_12mo",6,1
"2025-03-03","El Salvador","com.psafe.msuite.ads_free_12mo_13.90",3,1
"2025-03-04","Brazil","com.psafe.msuite.ultra_12mo_59.90",78,13
"2025-03-04","Brazil","com.psafe.msuite.ads_free_12mo_13.90",23,3
"2025-03-04","Iran","com.psafe.msuite.pro_1mo_3.90",21,1
"2025-03-04","Philippines","com.psafe.msuite.ultra_12mo_59.90",8,1
"2025-03-04","Brazil","com.psafe.msuite.adsfree_lto_12mo",6,2
"2025-03-04","Brazil","com.psafe.msuite.pro_lto_12mo_39.90",6,1
"2025-03-04","Ethiopia","com.psafe.msuite.ads_free_12mo_13.90",2,1
"2025-03-04","Brazil","com.psafe.msuite.ultra_12mo",1,1
"2025-03-05","Brazil","com.psafe.msuite.ultra_12mo_59.90",94,14
"2025-03-05","Brazil","com.psafe.msuite.ads_free_12mo_13.90",34,5
"2025-03-05","United States","com.psafe.msuite.ultra_12mo_59.90",9,2
"2025-03-05","Bangladesh","com.psafe.msuite.ultra_12mo_59.90",7,1
"2025-03-05","Brazil","com.psafe.msuite.ultra_1mo_16.90",7,2
"2025-03-05","Brazil","com.psafe.msuite.pro_lto_12mo_39.90",3,2
"2025-03-05","Brazil","com.psafe.msuite.pro_3day_trial_12mo49.9",2,1
"2025-03-06","Brazil","com.psafe.msuite.ultra_12mo_59.90",61,11
"2025-03-06","United States","com.psafe.msuite.ultra_12mo_59.90",20,3
"2025-03-06","United States","com.psafe.msuite.pro_lto_12mo_39.90",16,2
"2025-03-06","Brazil","com.psafe.msuite.ads_free_12mo_13.90",14,2
"2025-03-06","United States","com.psafe.msuite.ads_free_12mo_13.90",12,1
"2025-03-06","United Arab Emirates","com.psafe.msuite.ultra_12mo_59.90",7,1
"2025-03-06","Bangladesh","com.psafe.msuite.ultra_12mo_59.90",6,1
"2025-03-06","Brazil","com.psafe.msuite.pro_lto_12mo_39.90",5,2
"2025-03-06","Ethiopia","com.psafe.msuite.ads_free_12mo_13.90",2,1
"2025-03-07","Brazil","com.psafe.msuite.pro_lto_12mo_39.90",18,1
"2025-03-07","Brazil","com.psafe.msuite.ads_free_12mo_13.90",17,3
"2025-03-07","Brazil","com.psafe.msuite.ultra_12mo_59.90",13,3
"2025-03-07","Brazil","com.psafe.msuite.ultra_1mo_16.90",7,1
"2025-03-07","United States","com.psafe.msuite.ultra_12mo_59.90",7,1
"2025-03-07","United States","com.psafe.msuite.pro_1mo_3.90",6,1
"2025-03-07","Saudi Arabia","com.psafe.msuite.ultra_12mo_59.90",2,1
"2025-03-08","Brazil","com.psafe.msuite.ads_free_12mo_13.90",31,4
"2025-03-08","Brazil","com.psafe.msuite.ultra_12mo_59.90",6,1
"2025-03-08","Vietnam","com.psafe.msuite.ultra_12mo_59.90",5,1
"2025-03-08","Angola","com.psafe.msuite.ads_free_12mo_13.90",3,1
"2025-03-08","India","com.psafe.msuite.ultra_12mo_59.90",2,1
"2025-03-08","Brazil","com.psafe.msuite.ultra_12mo",1,1
"2025-03-08","Brazil","com.psafe.msuite.ultra_1mo",1,1
"2025-03-08","United States","com.psafe.msuite.ultra_12mo_59.90",1,1
"2025-03-09","Brazil","com.psafe.msuite.ultra_12mo_59.90",36,7
"2025-03-09","United States","com.psafe.msuite.ultra_12mo_59.90",29,2
"2025-03-09","Vietnam","com.psafe.msuite.ultra_12mo_59.90",24,1
"2025-03-09","Brazil","com.psafe.msuite.ads_free_12mo_13.90",10,3
"2025-03-10","Brazil","com.psafe.msuite.ads_free_12mo_13.90",36,4
"2025-03-10","Brazil","com.psafe.msuite.pro_lto_12mo_39.90",20,2
"2025-03-10","Brazil","com.psafe.msuite.ultra_12mo_59.90",15,3
"2025-03-10","Brazil","com.psafe.msuite.pro_3day_trial_12mo49.9",8,1
"2025-03-10","Brazil","com.psafe.msuite.adsfree_lto_12mo",7,1
"2025-03-10","Brazil","com.psafe.msuite.pro_1mo_3.90",5,2
"2025-03-10","Brazil","com.psafe.msuite.ultra_1mo_16.90",1,1
"2025-03-11","Brazil","com.psafe.msuite.pro_lto_12mo_39.90",27,1
"2025-03-11","Brazil","com.psafe.msuite.ultra_12mo_59.90",26,5
"2025-03-11","Brazil","com.psafe.msuite.ads_free_12mo_13.90",25,4
"2025-03-11","Guinea-Bissau","com.psafe.msuite.ultra_12mo_59.90",3,1
"2025-03-11","Brazil","com.psafe.msuite.ultra_1mo_16.90",2,1
"2025-03-11","Brazil","com.psafe.msuite.ads_free_12mo",1,1
"2025-03-11","Iran","com.psafe.msuite.pro_1mo_3.90",1,1
"2025-03-11","Pakistan","com.psafe.msuite.ultra_12mo_59.90",1,1
"2025-03-12","Brazil","com.psafe.msuite.ultra_1mo_16.90",13,1
"2025-03-12","Brazil","com.psafe.msuite.ultra_12mo_59.90",5,2
"2025-03-12","Brazil","com.psafe.msuite.ads_free_12mo_13.90",4,2
"2025-03-12","Brazil","com.psafe.msuite.pro_lto_12mo_39.90",3,1
"2025-03-12","United States","com.psafe.msuite.ultra_12mo_59.90",2,1
"2025-03-12","Brazil","com.psafe.msuite.ads_free_12mo",1,1
"2025-03-13","Brazil","com.psafe.msuite.pro_lto_12mo_39.90",30,4
"2025-03-13","Brazil","com.psafe.msuite.ultra_12mo_59.90",26,8
"2025-03-13","Brazil","com.psafe.msuite.ads_free_12mo_13.90",17,7
"2025-03-13","Brazil","com.psafe.msuite.ultra_1mo_16.90",4,2
"2025-03-13","Angola","com.psafe.msuite.ads_free_12mo_13.90",2,1
"2025-03-14","Brazil","com.psafe.msuite.ultra_12mo_59.90",32,6
"2025-03-14","Brazil","com.psafe.msuite.ads_free_12mo_13.90",18,4
"2025-03-14","Brazil","com.psafe.msuite.ultra_1mo_16.90",11,1
"2025-03-15","Brazil","com.psafe.msuite.ads_free_12mo_13.90",44,7
"2025-03-15","Brazil","com.psafe.msuite.ultra_12mo_59.90",11,2
"2025-03-15","Brazil","com.psafe.msuite.adsfree_lto_12mo",8,2
"2025-03-15","Iran","com.psafe.msuite.ultra_12mo_59.90",7,1
"2025-03-16","Brazil","com.psafe.msuite.ultra_12mo_59.90",46,8
"2025-03-16","Brazil","(not set)",12,1
"2025-03-16","Brazil","com.psafe.msuite.ads_free_12mo_13.90",10,3
"2025-03-16","Brazil","com.psafe.msuite.adsfree_lto_12mo",8,1
"2025-03-16","Brazil","com.psafe.msuite.pro_lto_12mo_39.90",2,1
"2025-03-16","Brazil","com.psafe.msuite.ultra_1mo_16.90",2,1
"2025-03-17","Brazil","com.psafe.msuite.ads_free_12mo_13.90",132,2
"2025-03-17","Brazil","com.psafe.msuite.ultra_12mo_59.90",25,3
"2025-03-17","Canada","com.psafe.msuite.ultra_12mo_59.90",6,1
"2025-03-17","Mexico","com.psafe.msuite.ultra_12mo_59.90",3,1
"2025-03-17","Brazil","com.psafe.msuite.pro_3day_trial_12mo49.9",2,1
"2025-03-18","Brazil","com.psafe.msuite.ads_free_12mo_13.90",23,5
"2025-03-18","Egypt","com.psafe.msuite.ultra_12mo_59.90",7,1
"2025-03-18","Brazil","com.psafe.msuite.ultra_12mo_59.90",3,1
"2025-03-18","Brazil","com.psafe.msuite.pro_3day_trial_12mo49.9",2,1
"2025-03-18","Pakistan","com.psafe.msuite.ultra_12mo_59.90",2,1
"2025-03-18","Brazil","com.psafe.msuite.pro_lto_12mo_39.90",1,1
"2025-03-19","Brazil","com.psafe.msuite.ultra_12mo_59.90",68,8
"2025-03-19","Brazil","com.psafe.msuite.adsfree_lto_12mo",19,1
"2025-03-19","Malaysia","com.psafe.msuite.ads_free_12mo_13.90",16,2
"2025-03-19","Malaysia","com.psafe.msuite.ultra_12mo_59.90",13,1
"2025-03-19","Brazil","com.psafe.msuite.pro_3day_trial_12mo49.9",12,1
"2025-03-19","Algeria","com.psafe.msuite.ultra_12mo_59.90",10,1
"2025-03-19","United States","com.psafe.msuite.ultra_12mo_59.90",8,1
"2025-03-19","Pakistan","com.psafe.msuite.pro_1mo_3.90",3,1
"2025-03-19","Pakistan","com.psafe.msuite.pro_3day_trial_12mo49.9",3,1
"2025-03-19","Brazil","com.psafe.msuite.ads_free_12mo_13.90",2,2
"2025-03-20","Brazil","com.psafe.msuite.ads_free_12mo_13.90",52,8
"2025-03-20","Brazil","com.psafe.msuite.ultra_12mo_59.90",14,3
"2025-03-20","United States","com.psafe.msuite.ultra_12mo_59.90",6,1
"2025-03-20","Brazil","com.psafe.msuite.pro_lto_12mo_39.90",2,1
"2025-03-21","Brazil","com.psafe.msuite.ultra_12mo_59.90",26,4
"2025-03-21","Brazil","com.psafe.msuite.ultra_1mo_16.90",8,1
"2025-03-21","Brazil","com.psafe.msuite.ads_free_12mo_13.90",7,2
"2025-03-21","United States","com.psafe.msuite.ultra_12mo_59.90",7,1
"2025-03-21","Brazil","com.psafe.msuite.pro_lto_12mo_39.90",6,1
"2025-03-21","Iran","com.psafe.msuite.ads_free_12mo",3,1
"2025-03-21","Malaysia","com.psafe.msuite.ads_free_12mo_13.90",2,1
"2025-03-21","Mozambique","com.psafe.msuite.ads_free_12mo_13.90",2,1
"2025-03-22","Brazil","com.psafe.msuite.ultra_12mo_59.90",26,8
"2025-03-22","Brazil","com.psafe.msuite.pro_lto_12mo_39.90",18,3
"2025-03-22","Brazil","com.psafe.msuite.ads_free_12mo_13.90",2,1
"2025-03-22","Brazil","com.psafe.msuite.adsfree_lto_12mo",2,1
"2025-03-22","Brazil","com.psafe.msuite.pro_3day_trial_12mo49.9",2,1
"2025-03-22","Iran","com.psafe.msuite.ultra_1mo_16.90",2,1
"2025-03-22","Ireland","com.psafe.msuite.ads_free_12mo_13.90",2,1
"2025-03-22","Brazil","com.psafe.msuite.pro_1mo_3.90",1,1
"2025-03-23","Brazil","com.psafe.msuite.ultra_12mo_59.90",10,3
"2025-03-23","Germany","com.psafe.msuite.ultra_12mo_59.90",2,1
"2025-03-23","Madagascar","com.psafe.msuite.ads_free_12mo",2,1
"2025-03-24","Brazil","com.psafe.msuite.ads_free_12mo_13.90",79,6
"2025-03-24","Brazil","com.psafe.msuite.pro_12mo_49.90",23,1
"2025-03-24","Brazil","com.psafe.msuite.ultra_12mo_59.90",21,4
"2025-03-24","Brazil","com.psafe.msuite.pro_3day_trial_12mo49.9",11,2
"2025-03-24","Brazil","com.psafe.msuite.pro_1mo_3.90",8,1
"2025-03-24","Brazil","com.psafe.msuite.ultra_1mo_16.90",6,1
"2025-03-24","Bangladesh","com.psafe.msuite.ultra_12mo_59.90",2,1
"2025-03-24","Malaysia","com.psafe.msuite.ads_free_12mo_13.90",2,1
"2025-03-25","Brazil","com.psafe.msuite.ads_free_12mo_13.90",70,8
"2025-03-25","Brazil","com.psafe.msuite.ultra_12mo_59.90",15,2
"2025-03-25","Brazil","com.psafe.msuite.pro_lto_12mo_39.90",10,2
"2025-03-25","United States","com.psafe.msuite.ultra_1mo_16.90",3,1
"2025-03-25","Brazil","com.psafe.msuite.ultra_1mo_16.90",2,1
"2025-03-25","Bangladesh","com.psafe.msuite.pro_3day_trial_12mo49.9",1,1
"2025-03-25","Japan","com.psafe.msuite.ads_free_12mo_13.90",1,1
"2025-03-25","Mexico","com.psafe.msuite.ads_free_12mo_13.90",1,1
"2025-03-25","United States","com.psafe.msuite.pro_3day_trial_12mo49.9",1,1
"2025-03-25","United States","com.psafe.msuite.ultra_12mo_59.90",1,1
"2025-03-26","Brazil","com.psafe.msuite.adsfree_lto_12mo",25,1
"2025-03-26","Brazil","com.psafe.msuite.ultra_12mo_59.90",19,3
"2025-03-26","Brazil","com.psafe.msuite.ads_free_12mo_13.90",14,4
"2025-03-26","Brazil","com.psafe.msuite.pro_lto_12mo_39.90",7,1
"2025-03-26","Bangladesh","com.psafe.msuite.ultra_12mo_59.90",4,1
"2025-03-27","Brazil","com.psafe.msuite.ultra_12mo_59.90",40,6
"2025-03-27","Brazil","com.psafe.msuite.ads_free_12mo_13.90",31,5
"2025-03-27","Brazil","com.psafe.msuite.adsfree_lto_12mo",14,2
"2025-03-27","Bangladesh","com.psafe.msuite.ultra_12mo_59.90",8,1
"2025-03-27","Brazil","com.psafe.msuite.ultra_1mo_16.90",7,1
"2025-03-27","Malaysia","com.psafe.msuite.ads_free_12mo_13.90",6,1
"2025-03-27","United States","com.psafe.msuite.ultra_12mo_59.90",6,1
"2025-03-28","Brazil","com.psafe.msuite.ads_free_12mo_13.90",14,2
"2025-03-28","Egypt","com.psafe.msuite.ultra_1mo_16.90",7,1
"2025-03-28","Iran","com.psafe.msuite.ultra_12mo_59.90",6,1
"2025-03-28","Brazil","com.psafe.msuite.ultra_12mo_59.90",3,2
"2025-03-29","Brazil","com.psafe.msuite.ads_free_12mo_13.90",61,6
"2025-03-29","Brazil","com.psafe.msuite.ultra_12mo_59.90",44,5
"2025-03-29","United States","com.psafe.msuite.ultra_12mo_59.90",8,2
"2025-03-29","Brazil","com.psafe.msuite.pro_12mo_49.90",3,1
"2025-03-29","Brazil","com.psafe.msuite.pro_lto_12mo_39.90",2,1
"2025-03-29","Saudi Arabia","com.psafe.msuite.ads_free_12mo_13.90",2,1
"2025-03-30","Brazil","com.psafe.msuite.pro_lto_12mo_39.90",8,1
"2025-03-30","Brazil","com.psafe.msuite.ads_free_12mo_13.90",6,2
"2025-03-30","Yemen","com.psafe.msuite.pro_12mo_49.90",3,1
"2025-03-30","Brazil","com.psafe.msuite.ultra_12mo_59.90",2,1
"2025-03-30","Yemen","com.psafe.msuite.pro_3day_trial_12mo49.9",2,1
"2025-03-30","Yemen","com.psafe.msuite.ultra_12mo_59.90",2,1
"2025-03-30","Egypt","com.psafe.msuite.ultra_12mo_59.90",1,1
"2025-03-31","Brazil","com.psafe.msuite.ads_free_12mo_13.90",67,5
"2025-03-31","Brazil","com.psafe.msuite.adsfree_lto_12mo",43,2
"2025-03-31","Brazil","com.psafe.msuite.ultra_12mo_59.90",21,3
"2025-03-31","Brazil","com.psafe.msuite.ultra_1mo_16.90",5,1
"2025-03-31","United States","com.psafe.msuite.pro_3day_trial_12mo49.9",2,1
"2025-03-31","Egypt","com.psafe.msuite.ads_free_12mo_13.90",1,1
"2025-04-01","Brazil","com.psafe.msuite.ads_free_12mo_13.90",42,9
"2025-04-01","Brazil","com.psafe.msuite.pro_lto_12mo_39.90",17,2
"2025-04-01","Brazil","com.psafe.msuite.ultra_12mo_59.90",16,5
"2025-04-01","United States","com.psafe.msuite.ultra_12mo_59.90",9,1
"2025-04-01","Saudi Arabia","com.psafe.msuite.ultra_12mo_59.90",8,1
"2025-04-02","Brazil","com.psafe.msuite.ads_free_12mo_13.90",58,5
"2025-04-02","Brazil","com.psafe.msuite.ultra_1mo_16.90",26,1
"2025-04-02","Brazil","com.psafe.msuite.pro_lto_12mo_39.90",22,1
"2025-04-02","Brazil","com.psafe.msuite.ultra_12mo_59.90",7,2
"2025-04-02","Jordan","com.psafe.msuite.ads_free_12mo_13.90",2,1
"2025-04-02","Yemen","com.psafe.msuite.ads_free_12mo",1,1
"2025-04-03","Brazil","com.psafe.msuite.ads_free_12mo_13.90",79,4
"2025-04-03","Egypt","com.psafe.msuite.ultra_12mo_59.90",22,1
"2025-04-03","Brazil","com.psafe.msuite.adsfree_lto_12mo",11,1
"2025-04-03","Brazil","com.psafe.msuite.ultra_12mo_59.90",7,1
"2025-04-03","Brazil","com.psafe.msuite.pro_12mo_49.90",2,1
"2025-04-03","Indonesia","com.psafe.msuite.ads_free_12mo_13.90",1,1
"2025-04-04","Brazil","com.psafe.msuite.ads_free_12mo_13.90",67,10
"2025-04-04","Brazil","com.psafe.msuite.pro_lto_12mo_39.90",25,3
"2025-04-04","United States","com.psafe.msuite.ultra_12mo_59.90",8,1
"2025-04-04","Brazil","com.psafe.msuite.ultra_12mo_59.90",5,2
"2025-04-04","Algeria","com.psafe.msuite.ultra_12mo_59.90",2,1
"2025-04-05","Brazil","com.psafe.msuite.ultra_12mo_59.90",32,4
"2025-04-05","Brazil","com.psafe.msuite.adsfree_lto_12mo",21,1
"2025-04-05","Brazil","com.psafe.msuite.ads_free_12mo_13.90",8,4
"2025-04-05","Brazil","com.psafe.msuite.pro_lto_12mo_39.90",7,1
"2025-04-05","Brazil","com.psafe.msuite.ultra_1mo_16.90",1,1
"2025-04-06","Brazil","com.psafe.msuite.ads_free_12mo_13.90",5,2
"2025-04-06","Bangladesh","com.psafe.msuite.ads_free_12mo_13.90",2,1
"2025-04-06","Brazil","com.psafe.msuite.adsfree_lto_12mo",2,1
"2025-04-06","Brazil","com.psafe.msuite.ultra_12mo_59.90",2,1
"2025-04-07","Brazil","com.psafe.msuite.ads_free_12mo_13.90",40,8
"2025-04-07","Brazil","com.psafe.msuite.ultra_12mo_59.90",30,4
"2025-04-07","Brazil","com.psafe.msuite.adsfree_lto_12mo",18,2
"2025-04-07","Brazil","com.psafe.msuite.ultra_1mo_16.90",6,1
"2025-04-07","Brazil","com.psafe.msuite.pro_lto_12mo_39.90",1,1
"2025-04-08","Brazil","com.psafe.msuite.pro_lto_12mo_39.90",95,4
"2025-04-08","Brazil","com.psafe.msuite.ads_free_12mo_13.90",14,4
"2025-04-08","Egypt","com.psafe.msuite.ultra_12mo_59.90",9,1
"2025-04-08","Brazil","com.psafe.msuite.ads_free_12mo",4,1
"2025-04-08","Brazil","com.psafe.msuite.ultra_12mo_59.90",4,2
"2025-04-08","Egypt","com.psafe.msuite.ads_free_12mo_13.90",2,1
"2025-04-08","Nepal","com.psafe.msuite.ads_free_12mo_13.90",1,1
"2025-04-08","Türkiye","com.psafe.msuite.ultra_12mo_59.90",1,1
"2025-04-09","Brazil","com.psafe.msuite.ads_free_12mo_13.90",44,6
"2025-04-09","Morocco","com.psafe.msuite.ultra_12mo_59.90",20,1
"2025-04-09","Brazil","com.psafe.msuite.adsfree_lto_12mo",11,1
"2025-04-09","United States","com.psafe.msuite.adsfree_lto_12mo",9,1
"2025-04-09","Bangladesh","com.psafe.msuite.ultra_12mo_59.90",8,1
"2025-04-09","Brazil","com.psafe.msuite.pro_lto_12mo_39.90",6,1
"2025-04-09","Brazil","com.psafe.msuite.ultra_12mo_59.90",6,1
"2025-04-09","United States","com.psafe.msuite.ultra_12mo_59.90",6,1
"2025-04-09","United States","com.psafe.msuite.ultra_1mo_16.90",6,1
"2025-04-09","Brazil","com.psafe.msuite.pro_3day_trial_12mo49.9",2,1
"2025-04-09","Brazil","com.psafe.msuite.pro_1mo_3.90",1,1
"2025-04-09","Iran","com.psafe.msuite.ads_free_12mo_13.90",1,1
"2025-04-10","Brazil","com.psafe.msuite.pro_lto_12mo_39.90",42,3
"2025-04-10","Syria","com.psafe.msuite.ultra_12mo",11,1
"2025-04-10","United States","com.psafe.msuite.ultra_12mo_59.90",8,1
"2025-04-10","Brazil","com.psafe.msuite.ads_free_12mo_13.90",3,1
"2025-04-10","India","com.psafe.msuite.ultra_12mo_59.90",3,1
"2025-04-10","Bangladesh","com.psafe.msuite.ultra_12mo_59.90",2,1
"2025-04-10","India","com.psafe.msuite.ads_free_12mo_13.90",2,1
"2025-04-10","Iran","com.psafe.msuite.ultra_12mo_59.90",2,1
"2025-04-11","Brazil","com.psafe.msuite.ultra_12mo_59.90",41,3
"2025-04-11","Brazil","com.psafe.msuite.ads_free_12mo_13.90",37,8
"2025-04-11","Brazil","com.psafe.msuite.adsfree_lto_12mo",34,2
"2025-04-11","Brazil","com.psafe.msuite.pro_lto_12mo_39.90",12,3
"2025-04-11","Brazil","com.psafe.msuite.pro_3day_trial_12mo49.9",8,1
"2025-04-12","Brazil","com.psafe.msuite.ads_free_12mo_13.90",48,10
"2025-04-12","Brazil","com.psafe.msuite.ultra_12mo_59.90",10,1
"2025-04-12","Indonesia","com.psafe.msuite.ultra_12mo_59.90",8,3
"2025-04-12","Malaysia","com.psafe.msuite.ultra_12mo_59.90",5,1
"2025-04-12","Philippines","com.psafe.msuite.ads_free_12mo_13.90",2,1
"2025-04-12","United States","com.psafe.msuite.ads_free_12mo_13.90",2,1
"2025-04-12","Brazil","com.psafe.msuite.pro_3day_trial_12mo49.9",1,1
"2025-04-12","Brazil","com.psafe.msuite.pro_lto_12mo_39.90",1,1
"2025-04-13","Brazil","com.psafe.msuite.ads_free_12mo_13.90",77,3
"2025-04-13","Brazil","com.psafe.msuite.pro_lto_12mo_39.90",40,3
"2025-04-13","Brazil","com.psafe.msuite.ultra_12mo_59.90",16,3
"2025-04-13","Malaysia","com.psafe.msuite.ultra_12mo_59.90",10,1
"2025-04-13","Philippines","com.psafe.msuite.ultra_12mo_59.90",5,1
"2025-04-13","Angola","com.psafe.msuite.ultra_12mo_59.90",3,1
"2025-04-13","Brazil","com.psafe.msuite.ultra_1mo_16.90",1,1
"2025-04-14","Brazil","com.psafe.msuite.ads_free_12mo_13.90",25,5
"2025-04-14","Brazil","com.psafe.msuite.ultra_12mo_59.90",12,2
"2025-04-14","India","com.psafe.msuite.ads_free_12mo_13.90",6,1
"2025-04-14","Brazil","com.psafe.msuite.ultra_1mo_16.90",1,1
"2025-04-15","Brazil","com.psafe.msuite.ultra_12mo_59.90",22,2
"2025-04-15","Brazil","com.psafe.msuite.ultra_1mo_16.90",17,1
"2025-04-15","Brazil","com.psafe.msuite.pro_lto_12mo_39.90",15,3
"2025-04-15","Brazil","com.psafe.msuite.ads_free_12mo_13.90",13,4
"2025-04-15","Egypt","com.psafe.msuite.ads_free_12mo_13.90",2,1
"2025-04-15","Mexico","com.psafe.msuite.ads_free_12mo_13.90",1,1
"2025-04-16","Brazil","com.psafe.msuite.ads_free_12mo_13.90",36,6
"2025-04-16","Saudi Arabia","com.psafe.msuite.ultra_12mo_59.90",13,1
"2025-04-16","Algeria","com.psafe.msuite.ultra_12mo_59.90",9,1
"2025-04-16","Brazil","com.psafe.msuite.ultra_12mo_59.90",6,1
"2025-04-16","Iran","com.psafe.msuite.ultra_12mo_59.90",5,1
"2025-04-16","Philippines","com.psafe.msuite.ultra_12mo_59.90",4,1
"2025-04-16","Iran","com.psafe.msuite.ads_free_12mo",3,1
"2025-04-16","Madagascar","com.psafe.msuite.ads_free_12mo_13.90",3,1
"2025-04-16","Nepal","com.psafe.msuite.ultra_12mo_59.90",3,1
"2025-04-16","Iran","com.psafe.msuite.ads_free_12mo_13.90",2,1
"2025-04-17","Brazil","com.psafe.msuite.ads_free_12mo_13.90",28,8
"2025-04-17","Brazil","com.psafe.msuite.ultra_12mo_59.90",16,3
"2025-04-17","Brazil","com.psafe.msuite.pro_3day_trial_12mo49.9",6,1
"2025-04-17","Indonesia","com.psafe.msuite.ads_free_12mo_13.90",1,1
"2025-04-18","Brazil","com.psafe.msuite.ads_free_12mo_13.90",34,8
"2025-04-18","Brazil","com.psafe.msuite.pro_lto_12mo_39.90",18,1
"2025-04-19","Brazil","com.psafe.msuite.ads_free_12mo_13.90",24,6
"2025-04-19","Brazil","com.psafe.msuite.pro_lto_12mo_39.90",9,3
"2025-04-19","Brazil","com.psafe.msuite.ultra_12mo_59.90",9,3
"2025-04-19","United States","com.psafe.msuite.ultra_12mo_59.90",5,1
"2025-04-19","Brazil","com.psafe.msuite.pro_1mo_3.90",3,2
"2025-04-19","Brazil","com.psafe.msuite.adsfree_lto_12mo",2,1
"2025-04-19","Brazil","com.psafe.msuite.pro_3day_trial_12mo49.9",1,1
"2025-04-19","Yemen","com.psafe.msuite.ads_free_12mo_13.90",1,1
"2025-04-20","Brazil","com.psafe.msuite.ads_free_12mo_13.90",14,6
"2025-04-20","Brazil","com.psafe.msuite.pro_lto_12mo_39.90",7,1
"2025-04-20","Brazil","com.psafe.msuite.adsfree_lto_12mo",3,1
"2025-04-21","Brazil","com.psafe.msuite.ads_free_12mo_13.90",46,7
"2025-04-21","Brazil","com.psafe.msuite.pro_lto_12mo_39.90",12,1
"2025-04-21","Brazil","com.psafe.msuite.ultra_12mo_59.90",8,1
"2025-04-21","Indonesia","com.psafe.msuite.ads_free_12mo_13.90",1,1
"2025-04-22","Brazil","com.psafe.msuite.ads_free_12mo_13.90",10,3
"2025-04-22","Brazil","com.psafe.msuite.ultra_12mo_59.90",10,2
"2025-04-22","United States","com.psafe.msuite.pro_lto_12mo_39.90",9,1
"2025-04-22","Brazil","com.psafe.msuite.pro_3day_trial_12mo49.9",4,1
"2025-04-22","Brazil","com.psafe.msuite.pro_12mo_49.90",1,1
"2025-04-22","Brazil","com.psafe.msuite.pro_lto_12mo_39.90",1,1
"2025-04-22","Brazil","com.psafe.msuite.ultra_1mo_16.90",1,1
"2025-04-23","Brazil","com.psafe.msuite.ads_free_12mo_13.90",32,7
"2025-04-23","Brazil","com.psafe.msuite.ultra_12mo_59.90",10,2
"2025-04-23","Brazil","com.psafe.msuite.adsfree_lto_12mo",6,1
"2025-04-23","Egypt","com.psafe.msuite.ultra_12mo_59.90",5,1
"2025-04-23","Bangladesh","com.psafe.msuite.ads_free_12mo",3,1
"2025-04-23","Ethiopia","com.psafe.msuite.ads_free_12mo_13.90",2,1
"2025-04-24","Brazil","com.psafe.msuite.ads_free_12mo_13.90",16,3
"2025-04-24","Brazil","com.psafe.msuite.ultra_12mo_59.90",7,2
"2025-04-24","Dominican Republic","com.psafe.msuite.ultra_12mo_59.90",7,1
"2025-04-24","Brazil","com.psafe.msuite.pro_lto_12mo_39.90",6,1
"2025-04-24","Egypt","com.psafe.msuite.ads_free_12mo_13.90",2,1
"2025-04-24","Brazil","com.psafe.msuite.pro_3day_trial_12mo49.9",1,1
"2025-04-25","Brazil","com.psafe.msuite.ads_free_12mo_13.90",57,7
"2025-04-25","United States","com.psafe.msuite.ads_free_12mo_13.90",22,1
"2025-04-25","Brazil","com.psafe.msuite.ultra_12mo_59.90",21,4
"2025-04-25","Brazil","com.psafe.msuite.pro_3day_trial_12mo49.9",1,1
"2025-04-25","India","com.psafe.msuite.ultra_12mo",1,1
"2025-04-26","Brazil","com.psafe.msuite.ads_free_12mo_13.90",40,4
"2025-04-26","Brazil","com.psafe.msuite.ultra_12mo_59.90",19,4
"2025-04-26","Paraguay","com.psafe.msuite.adsfree_lto_12mo",7,1
"2025-04-26","United States","com.psafe.msuite.ultra_12mo_59.90",7,1
"2025-04-26","Puerto Rico","com.psafe.msuite.ads_free_12mo_13.90",2,1
"2025-04-26","Brazil","com.psafe.msuite.pro_lto_12mo_39.90",1,1
"2025-04-27","Brazil","com.psafe.msuite.pro_lto_12mo_39.90",86,2
"2025-04-27","Brazil","com.psafe.msuite.ultra_12mo_59.90",14,3
"2025-04-27","Brazil","com.psafe.msuite.ads_free_12mo_13.90",13,4
"2025-04-27","Brazil","com.psafe.msuite.adsfree_lto_12mo",9,1
"2025-04-27","Mexico","com.psafe.msuite.ultra_12mo_59.90",8,1
"2025-04-27","Brazil","com.psafe.msuite.ultra_1mo_16.90",5,1
"2025-04-27","Bangladesh","com.psafe.msuite.pro_12mo_49.90",1,1
"2025-04-27","Brazil","com.psafe.msuite.pro_3day_trial_12mo49.9",1,1
"2025-04-27","United States","com.psafe.msuite.adsfree_lto_12mo",1,1
"2025-04-27","United States","com.psafe.msuite.ultra_12mo_59.90",1,1
"2025-04-28","Brazil","com.psafe.msuite.ads_free_12mo_13.90",19,8
"2025-04-28","Brazil","com.psafe.msuite.pro_lto_12mo_39.90",16,1
"2025-04-28","Brazil","com.psafe.msuite.ultra_12mo_59.90",2,1
"2025-04-29","Brazil","com.psafe.msuite.ads_free_12mo_13.90",33,3
"2025-04-29","Brazil","com.psafe.msuite.ultra_12mo_59.90",18,3
"2025-04-29","Brazil","com.psafe.msuite.pro_lto_12mo_39.90",10,1
"2025-04-29","Brazil","com.psafe.msuite.pro_3day_trial_12mo49.9",2,1
"2025-04-30","Brazil","com.psafe.msuite.ads_free_12mo_13.90",23,3
"2025-04-30","Brazil","com.psafe.msuite.ultra_12mo_59.90",23,5
"2025-04-30","Brazil","com.psafe.msuite.pro_lto_12mo_39.90",18,3
"2025-04-30","Spain","com.psafe.msuite.ads_free_12mo_13.90",6,1
"2025-05-01","Brazil","com.psafe.msuite.ultra_12mo_59.90",17,3
"2025-05-01","Brazil","com.psafe.msuite.ads_free_12mo_13.90",11,5
"2025-05-01","Pakistan","com.psafe.msuite.pro_3day_trial_12mo49.9",10,1
"2025-05-01","United States","com.psafe.msuite.pro_lto_12mo_39.90",10,1
"2025-05-01","United States","com.psafe.msuite.ultra_12mo_59.90",7,1
"2025-05-01","Bangladesh","com.psafe.msuite.ultra_12mo_59.90",5,1
"2025-05-02","Brazil","com.psafe.msuite.ultra_12mo_59.90",24,4
"2025-05-02","Brazil","com.psafe.msuite.ads_free_12mo_13.90",22,6
"2025-05-02","Brazil","com.psafe.msuite.ultra_1mo_16.90",11,2
"2025-05-02","Algeria","com.psafe.msuite.ultra_12mo_59.90",8,1
"2025-05-02","Bangladesh","com.psafe.msuite.pro_3day_trial_12mo49.9",3,1
"2025-05-03","Brazil","com.psafe.msuite.ads_free_12mo_13.90",102,9
"2025-05-03","Brazil","com.psafe.msuite.ultra_12mo_59.90",38,5
"2025-05-03","Brazil","com.psafe.msuite.pro_lto_12mo_39.90",12,2
"2025-05-03","Brazil","com.psafe.msuite.pro_3day_trial_12mo49.9",9,1
"2025-05-03","Iran","com.psafe.msuite.ads_free_12mo_13.90",9,1
"2025-05-03","Brazil","com.psafe.msuite.pro_1mo_3.90",6,1
"2025-05-03","United States","com.psafe.msuite.ultra_12mo_59.90",6,1
"2025-05-03","Brazil","com.psafe.msuite.ultra_1mo_16.90",5,1
"2025-05-04","Brazil","com.psafe.msuite.ads_free_12mo_13.90",62,8
"2025-05-04","United States","com.psafe.msuite.pro_lto_12mo_39.90",7,1
"2025-05-04","Brazil","com.psafe.msuite.adsfree_lto_12mo",5,1
"2025-05-04","Brazil","com.psafe.msuite.ultra_12mo_59.90",4,1
"2025-05-04","United States","com.psafe.msuite.ultra_12mo_59.90",2,1
"2025-05-04","Mexico","com.psafe.msuite.adsfree_lto_12mo",1,1
"2025-05-04","United States","com.psafe.msuite.ads_free_12mo_13.90",1,1
"2025-05-05","Brazil","com.psafe.msuite.pro_3day_trial_12mo49.9",14,1
"2025-05-05","Brazil","com.psafe.msuite.ultra_1mo_16.90",13,1
"2025-05-05","Brazil","com.psafe.msuite.ultra_12mo_59.90",11,4
"2025-05-05","Brazil","com.psafe.msuite.ads_free_12mo_13.90",10,4
"2025-05-05","Brazil","com.psafe.msuite.adsfree_lto_12mo",7,1
"2025-05-05","Iran","com.psafe.msuite.ultra_12mo_59.90",3,1
"2025-05-05","Dominican Republic","com.psafe.msuite.ads_free_12mo_13.90",2,1
"2025-05-06","Brazil","com.psafe.msuite.ultra_12mo_59.90",27,7
"2025-05-06","Pakistan","com.psafe.msuite.ultra_12mo_59.90",7,1
"2025-05-06","Brazil","com.psafe.msuite.ads_free_12mo_13.90",1,1
"2025-05-07","Brazil","com.psafe.msuite.ads_free_12mo_13.90",24,2
"2025-05-07","Brazil","com.psafe.msuite.pro_lto_12mo_39.90",20,2
"2025-05-07","Brazil","com.psafe.msuite.ultra_12mo_59.90",14,3
"2025-05-08","Brazil","com.psafe.msuite.ads_free_12mo_13.90",31,6
"2025-05-08","Brazil","com.psafe.msuite.ultra_12mo_59.90",16,4
"2025-05-08","Brazil","com.psafe.msuite.pro_lto_12mo_39.90",10,1
"2025-05-08","United States","com.psafe.msuite.ads_free_12mo_13.90",5,1
"2025-05-08","Brazil","com.psafe.msuite.adsfree_lto_12mo",2,2
"2025-05-08","United States","com.psafe.msuite.pro_lto_12mo_39.90",1,1
"2025-05-09","El Salvador","com.psafe.msuite.pro_3day_trial_12mo49.9",8,1
"2025-05-09","Brazil","com.psafe.msuite.ads_free_12mo_13.90",4,2
"2025-05-09","Brazil","com.psafe.msuite.ultra_12mo_59.90",2,2
"2025-05-09","Nigeria","com.psafe.msuite.ads_free_12mo_13.90",2,1
"2025-05-10","Brazil","com.psafe.msuite.ads_free_12mo_13.90",31,4
"2025-05-10","Brazil","com.psafe.msuite.ultra_12mo_59.90",16,4
"2025-05-10","India","com.psafe.msuite.ultra_12mo_59.90",13,1
"2025-05-10","United Kingdom","com.psafe.msuite.ultra_12mo_59.90",12,1
"2025-05-10","Brazil","com.psafe.msuite.pro_lto_12mo_39.90",2,2
"2025-05-11","Brazil","com.psafe.msuite.ultra_12mo_59.90",60,6
"2025-05-11","Brazil","com.psafe.msuite.ads_free_12mo_13.90",56,5
"2025-05-11","Brazil","com.psafe.msuite.pro_12mo_49.90",14,1
"2025-05-11","United States","com.psafe.msuite.ultra_12mo_59.90",4,1
"2025-05-11","Colombia","com.psafe.msuite.ads_free_12mo_13.90",2,1
"2025-05-11","Mexico","com.psafe.msuite.ultra_12mo_59.90",2,1
"2025-05-11","Indonesia","com.psafe.msuite.ads_free_12mo_13.90",1,1
"2025-05-12","Brazil","com.psafe.msuite.ultra_12mo_59.90",25,5
"2025-05-12","Brazil","com.psafe.msuite.pro_lto_12mo_39.90",15,2
"2025-05-12","United Kingdom","com.psafe.msuite.ultra_12mo_59.90",5,1
"2025-05-12","Brazil","com.psafe.msuite.ads_free_12mo_13.90",1,1
"2025-05-13","Brazil","com.psafe.msuite.ultra_12mo_59.90",24,7
"2025-05-13","United States","(not set)",6,1
"2025-05-13","Brazil","com.psafe.msuite.ads_free_12mo_13.90",5,3
"2025-05-13","Brazil","com.psafe.msuite.pro_lto_12mo_39.90",2,1
"2025-05-14","Brazil","com.psafe.msuite.ads_free_12mo_13.90",19,7
"2025-05-14","Brazil","com.psafe.msuite.ultra_12mo_59.90",16,4
"2025-05-14","Brazil","com.psafe.msuite.pro_lto_12mo_39.90",6,1
"2025-05-15","Brazil","com.psafe.msuite.ultra_12mo_59.90",19,2
"2025-05-15","Brazil","com.psafe.msuite.adsfree_lto_12mo",17,1
"2025-05-15","United Kingdom","com.psafe.msuite.ultra_12mo_59.90",12,1
"2025-05-15","Brazil","com.psafe.msuite.pro_lto_12mo_39.90",8,2
"2025-05-15","Brazil","com.psafe.msuite.ads_free_12mo_13.90",5,4
"2025-05-15","Thailand","com.psafe.msuite.ads_free_12mo_13.90",5,1
"2025-05-15","Iran","com.psafe.msuite.ads_free_12mo_13.90",2,1
"2025-05-15","Argentina","com.psafe.msuite.ads_free_12mo_13.90",1,1
"2025-05-16","Brazil","com.psafe.msuite.ads_free_12mo_13.90",31,6
"2025-05-16","Brazil","com.psafe.msuite.ultra_12mo_59.90",13,4
"2025-05-16","United States","com.psafe.msuite.ultra_12mo_59.90",6,1
"2025-05-16","Brazil","com.psafe.msuite.pro_lto_12mo_39.90",5,2
"2025-05-16","Brazil","com.psafe.msuite.ultra_1mo_16.90",2,2
"2025-05-16","Algeria","com.psafe.msuite.pro_12mo_49.90",1,1
"2025-05-17","Brazil","com.psafe.msuite.ultra_12mo_59.90",28,5
"2025-05-17","Brazil","com.psafe.msuite.ads_free_12mo_13.90",20,4
"2025-05-17","Iran","com.psafe.msuite.ultra_12mo_59.90",16,1
"2025-05-17","Brazil","com.psafe.msuite.pro_lto_12mo_39.90",15,2
"2025-05-18","Brazil","com.psafe.msuite.ads_free_12mo_13.90",52,8
"2025-05-18","Brazil","com.psafe.msuite.ultra_12mo_59.90",20,7
"2025-05-18","Brazil","com.psafe.msuite.ultra_1mo_16.90",6,1
"2025-05-19","Brazil","com.psafe.msuite.ads_free_12mo_13.90",17,7
"2025-05-19","Brazil","com.psafe.msuite.ultra_12mo_59.90",16,3
"2025-05-19","United States","com.psafe.msuite.ultra_1mo_16.90",7,2
"2025-05-19","Malaysia","com.psafe.msuite.ultra_12mo_59.90",6,1
"2025-05-19","Myanmar (Burma)","com.psafe.msuite.pro_12mo_49.90",3,1
"2025-05-19","United States","com.psafe.msuite.ultra_12mo_59.90",3,1
"2025-05-19","Brazil","com.psafe.msuite.pro_3day_trial_12mo49.9",1,1
"2025-05-19","United States","com.psafe.msuite.ads_free_12mo_13.90",1,1
"2025-05-19","United States","com.psafe.msuite.pro_1mo_3.90",1,1
"2025-05-20","Brazil","com.psafe.msuite.ultra_12mo_59.90",14,4
"2025-05-20","Brazil","com.psafe.msuite.pro_lto_12mo_39.90",9,1
"2025-05-20","India","com.psafe.msuite.ads_free_12mo_13.90",7,1
"2025-05-20","United States","com.psafe.msuite.ultra_12mo_59.90",4,1
"2025-05-20","Brazil","com.psafe.msuite.ads_free_12mo_13.90",2,1
"2025-05-20","Myanmar (Burma)","com.psafe.msuite.ads_free_12mo_13.90",2,1
"2025-05-20","Philippines","com.psafe.msuite.ads_free_12mo_13.90",2,1
"2025-05-20","Nepal","com.psafe.msuite.ultra_12mo_59.90",1,1
"2025-05-21","Brazil","com.psafe.msuite.ultra_12mo_59.90",63,6
"2025-05-21","Brazil","com.psafe.msuite.ads_free_12mo_13.90",21,5
"2025-05-21","Vietnam","com.psafe.msuite.ultra_12mo_59.90",6,1
"2025-05-21","Brazil","com.psafe.msuite.ultra_1mo_16.90",3,1
"2025-05-21","Colombia","com.psafe.msuite.ultra_12mo_59.90",1,1
"2025-05-22","Brazil","com.psafe.msuite.ads_free_12mo_13.90",9,2
"2025-05-22","Brazil","com.psafe.msuite.pro_lto_12mo_39.90",8,2
"2025-05-22","Vietnam","com.psafe.msuite.ultra_12mo_59.90",7,1
"2025-05-22","United States","com.psafe.msuite.pro_lto_12mo_39.90",6,1
"2025-05-22","United States","com.psafe.msuite.ultra_12mo_59.90",6,1
"2025-05-22","Brazil","com.psafe.msuite.ultra_12mo_59.90",2,2
"2025-05-22","Brazil","com.psafe.msuite.ultra_1mo_16.90",1,1
"2025-05-23","Brazil","com.psafe.msuite.ultra_12mo_59.90",41,2
"2025-05-23","Brazil","com.psafe.msuite.ads_free_12mo_13.90",33,10
"2025-05-23","Brazil","com.psafe.msuite.adsfree_lto_12mo",16,3
"2025-05-23","Brazil","com.psafe.msuite.pro_lto_12mo_39.90",3,1
"2025-05-23","Jordan","com.psafe.msuite.ultra_12mo_59.90",3,1
"2025-05-23","Jordan","com.psafe.msuite.pro_3day_trial_12mo49.9",1,1
"2025-05-24","Brazil","com.psafe.msuite.ads_free_12mo_13.90",25,9
"2025-05-24","Brazil","com.psafe.msuite.ultra_12mo_59.90",8,2
"2025-05-24","United States","com.psafe.msuite.ultra_12mo_59.90",6,1
"2025-05-25","Brazil","com.psafe.msuite.ads_free_12mo_13.90",179,7
"2025-05-25","Brazil","com.psafe.msuite.ultra_12mo_59.90",35,5
"2025-05-25","United States","com.psafe.msuite.ads_free_12mo_13.90",2,1
"2025-05-25","Brazil","com.psafe.msuite.adsfree_lto_12mo",1,1
"2025-05-26","Brazil","com.psafe.msuite.ultra_12mo_59.90",23,5
"2025-05-26","Brazil","com.psafe.msuite.ads_free_12mo_13.90",15,3
"2025-05-26","Brazil","com.psafe.msuite.ultra_1mo_16.90",13,3
"2025-05-26","India","com.psafe.msuite.ultra_12mo_59.90",11,1
"2025-05-26","Brazil","com.psafe.msuite.pro_lto_12mo_39.90",7,1
"2025-05-26","India","com.psafe.msuite.ads_free_12mo_13.90",6,1
"2025-05-26","Yemen","com.psafe.msuite.ultra_12mo_59.90",2,1
"2025-05-26","Brazil","com.psafe.msuite.pro_3day_trial_12mo49.9",1,1
"2025-05-26","Yemen","com.psafe.msuite.pro_12mo_49.90",1,1
"2025-05-27","Brazil","com.psafe.msuite.ads_free_12mo_13.90",13,3
"2025-05-27","Brazil","com.psafe.msuite.ultra_12mo_59.90",11,4
"2025-05-27","United States","com.psafe.msuite.pro_lto_12mo_39.90",8,1
"2025-05-27","Brazil","com.psafe.msuite.pro_3day_trial_12mo49.9",7,1
"2025-05-27","United States","com.psafe.msuite.ultra_12mo_59.90",1,1
"2025-05-28","Brazil","com.psafe.msuite.ads_free_12mo_13.90",55,9
"2025-05-28","Brazil","com.psafe.msuite.ultra_12mo_59.90",17,4
"2025-05-28","Brazil","com.psafe.msuite.pro_lto_12mo_39.90",8,1
"2025-05-28","Brazil","com.psafe.msuite.adsfree_lto_12mo",6,1
"2025-05-29","Brazil","com.psafe.msuite.ads_free_12mo_13.90",34,5
"2025-05-29","Brazil","com.psafe.msuite.ultra_12mo_59.90",32,8
"2025-05-29","Brazil","com.psafe.msuite.ultra_1mo_16.90",14,2
"2025-05-29","Brazil","(not set)",5,1
"2025-05-29","Brazil","com.psafe.msuite.pro_lto_12mo_39.90",1,1
"2025-05-30","Brazil","com.psafe.msuite.ultra_12mo_59.90",29,3
"2025-05-30","Brazil","com.psafe.msuite.ads_free_12mo_13.90",16,5
"2025-05-30","Brazil","com.psafe.msuite.ultra_1mo_16.90",2,1
"2025-05-31","Brazil","com.psafe.msuite.ads_free_12mo_13.90",24,5
"2025-05-31","Brazil","com.psafe.msuite.ultra_12mo_59.90",23,2
"2025-05-31","Canada","com.psafe.msuite.ads_free_12mo_13.90",1,1
"2025-05-31","Indonesia","com.psafe.msuite.ultra_12mo_59.90",1,1
"2025-06-01","United States","com.psafe.msuite.ads_free_12mo_13.90",15,1
"2025-06-01","Iran","com.psafe.msuite.ads_free_12mo",7,1
"2025-06-01","Brazil","com.psafe.msuite.ultra_12mo_59.90",6,3
"2025-06-01","Brazil","com.psafe.msuite.ads_free_12mo_13.90",4,4
"2025-06-01","Tunisia","com.psafe.msuite.ads_free_12mo_13.90",3,1
"2025-06-01","United States","com.psafe.msuite.ultra_12mo_59.90",2,1
"2025-06-02","Brazil","com.psafe.msuite.ultra_12mo_59.90",27,6
"2025-06-02","Brazil","com.psafe.msuite.ads_free_12mo_13.90",10,3
"2025-06-02","Mozambique","com.psafe.msuite.ultra_12mo_59.90",4,1
"2025-06-03","Brazil","com.psafe.msuite.ads_free_12mo_13.90",50,5
"2025-06-03","Brazil","com.psafe.msuite.ultra_12mo_59.90",10,2
"2025-06-03","Brazil","com.psafe.msuite.pro_12mo_49.90",8,1
"2025-06-03","Brazil","com.psafe.msuite.pro_lto_12mo_39.90",8,2
"2025-06-03","Iran","com.psafe.msuite.ads_free_12mo",8,1
"2025-06-03","Brazil","com.psafe.msuite.pro_1mo_3.90",7,1
"2025-06-03","Brazil","com.psafe.msuite.ultra_1mo_16.90",7,1
"2025-06-03","Myanmar (Burma)","com.psafe.msuite.ads_free_12mo_13.90",5,1
"2025-06-03","Morocco","com.psafe.msuite.ultra_12mo_59.90",3,1
"2025-06-04","Brazil","com.psafe.msuite.ultra_12mo_59.90",46,2
"2025-06-04","Brazil","com.psafe.msuite.ads_free_12mo_13.90",13,3
"2025-06-04","Brazil","com.psafe.msuite.ultra_1mo_16.90",13,1
"2025-06-04","Brazil","com.psafe.msuite.pro_lto_12mo_39.90",8,1
"2025-06-04","Algeria","com.psafe.msuite.ultra_12mo_59.90",6,1
"2025-06-04","Brazil","com.psafe.msuite.pro_3day_trial_12mo49.9",5,1
"2025-06-04","Nigeria","com.psafe.msuite.pro_12mo_49.90",2,1
"2025-06-04","Tunisia","com.psafe.msuite.ads_free_12mo_13.90",2,1
"2025-06-04","Brazil","com.psafe.msuite.pro_1mo_3.90",1,1
"2025-06-04","Mexico","com.psafe.msuite.ads_free_12mo_13.90",1,1
"2025-06-05","Brazil","com.psafe.msuite.ultra_12mo_59.90",26,4
"2025-06-05","Brazil","com.psafe.msuite.pro_lto_12mo_39.90",14,2
"2025-06-05","Brazil","com.psafe.msuite.ultra_1mo_16.90",10,2
"2025-06-05","Brazil","com.psafe.msuite.ads_free_12mo_13.90",4,3
"2025-06-05","United States","com.psafe.msuite.ultra_12mo_59.90",4,1
"2025-06-05","United States","com.psafe.msuite.ultra_1mo_16.90",3,1
"2025-06-05","Tunisia","com.psafe.msuite.ads_free_12mo_13.90",2,1
"2025-06-05","Brazil","com.psafe.msuite.pro_1mo_3.90",1,1
"2025-06-06","Brazil","com.psafe.msuite.ultra_12mo_59.90",23,1
"2025-06-06","Brazil","com.psafe.msuite.ultra_1mo_16.90",7,1
"2025-06-06","Brazil","com.psafe.msuite.ads_free_12mo_13.90",3,2
"2025-06-06","Brazil","(not set)",2,1
"2025-06-06","Brazil","com.psafe.msuite.pro_lto_12mo_39.90",2,1
"2025-06-06","Egypt","com.psafe.msuite.ads_free_12mo_13.90",1,1
"2025-06-07","Brazil","com.psafe.msuite.ultra_12mo_59.90",36,3
"2025-06-07","Brazil","com.psafe.msuite.pro_lto_12mo_39.90",11,1
"2025-06-07","France","com.psafe.msuite.ultra_12mo_59.90",6,1
"2025-06-07","Brazil","com.psafe.msuite.ads_free_12mo_13.90",2,1
"2025-06-07","Brazil","com.psafe.msuite.ultra_1mo_16.90",2,1
"2025-06-07","Brazil","com.psafe.msuite.adsfree_lto_12mo",1,1
"2025-06-08","Brazil","com.psafe.msuite.ultra_12mo_59.90",41,10
"2025-06-08","Brazil","com.psafe.msuite.ads_free_12mo_13.90",21,7
"2025-06-08","Brazil","com.psafe.msuite.ultra_1mo_16.90",5,1
"2025-06-08","Egypt","com.psafe.msuite.ultra_12mo_59.90",2,1
"2025-06-08","Iran","com.psafe.msuite.ads_free_12mo",1,1
"2025-06-09","Brazil","com.psafe.msuite.pro_lto_12mo_39.90",27,4
"2025-06-09","Brazil","com.psafe.msuite.ads_free_12mo_13.90",20,2
"2025-06-09","Brazil","com.psafe.msuite.ultra_12mo_59.90",10,5
"2025-06-09","Iran","com.psafe.msuite.ultra_1mo_16.90",8,1
"2025-06-09","United States","com.psafe.msuite.pro_3day_trial_12mo49.9",7,1
"2025-06-09","Brazil","com.psafe.msuite.ultra_1mo_16.90",3,1
"2025-06-09","Bangladesh","com.psafe.msuite.ultra_12mo_59.90",2,1
"2025-06-09","Brazil","com.psafe.msuite.adsfree_lto_12mo",2,1
"2025-06-09","Brazil","com.psafe.msuite.pro_1mo_3.90",2,1
"2025-06-09","Brazil","com.psafe.msuite.pro_3day_trial_12mo49.9",2,1
"2025-06-09","Iran","com.psafe.msuite.ads_free_12mo",2,1
"2025-06-10","Brazil","com.psafe.msuite.adsfree_lto_12mo",10,1
"2025-06-10","Brazil","com.psafe.msuite.pro_12mo_49.90",7,1
"2025-06-10","Brazil","com.psafe.msuite.pro_3day_trial_12mo49.9",6,1
"2025-06-10","Brazil","com.psafe.msuite.pro_lto_12mo_39.90",6,1
"2025-06-10","United States","com.psafe.msuite.ultra_12mo_59.90",2,1
"2025-06-10","Brazil","com.psafe.msuite.ads_free_12mo_13.90",1,1
"2025-06-11","Brazil","com.psafe.msuite.ultra_12mo_59.90",12,2
"2025-06-11","Brazil","com.psafe.msuite.pro_lto_12mo_39.90",11,2
"2025-06-11","United States","com.psafe.msuite.ultra_12mo_59.90",9,1
"2025-06-11","United States","com.psafe.msuite.adsfree_lto_12mo",6,1
"2025-06-11","United States","com.psafe.msuite.pro_lto_12mo_39.90",6,1
"2025-06-11","Brazil","com.psafe.msuite.ads_free_12mo_13.90",5,1
"2025-06-11","Iran","com.psafe.msuite.ultra_12mo",3,1
"2025-06-11","Bangladesh","com.psafe.msuite.ads_free_12mo_13.90",2,1
"2025-06-11","United Kingdom","com.psafe.msuite.ultra_12mo_59.90",2,1
"2025-06-12","Brazil","com.psafe.msuite.ads_free_12mo_13.90",6,3
"2025-06-12","Brazil","com.psafe.msuite.adsfree_lto_12mo",1,1
"2025-06-13","Brazil","com.psafe.msuite.ads_free_12mo_13.90",14,3
"2025-06-13","Brazil","com.psafe.msuite.pro_lto_12mo_39.90",8,1
"2025-06-13","Brazil","com.psafe.msuite.ultra_12mo_59.90",7,2
"2025-06-13","Iran","com.psafe.msuite.ultra_12mo",2,1
"2025-06-13","United States","com.psafe.msuite.ads_free_12mo_13.90",1,1
"2025-06-14","Brazil","com.psafe.msuite.ultra_12mo_59.90",63,5
"2025-06-14","United States","com.psafe.msuite.ultra_12mo_59.90",6,1
"2025-06-14","Brazil","com.psafe.msuite.ultra_1mo_16.90",5,1
"2025-06-14","Brazil","com.psafe.msuite.ads_free_12mo_13.90",2,2
"2025-06-14","India","com.psafe.msuite.ultra_12mo_59.90",2,1
"2025-06-14","Mexico","com.psafe.msuite.ads_free_12mo_13.90",2,1
"2025-06-15","Brazil","com.psafe.msuite.ultra_12mo_59.90",18,5
"2025-06-15","Kazakhstan","com.psafe.msuite.ultra_12mo_59.90",13,1
"2025-06-15","Brazil","com.psafe.msuite.ads_free_12mo_13.90",10,3
"2025-06-15","Bangladesh","com.psafe.msuite.ultra_12mo_59.90",9,1
"2025-06-15","Iran","com.psafe.msuite.pro_lto_12mo_39.90",8,1
"2025-06-15","United States","com.psafe.msuite.ultra_12mo_59.90",8,1
"2025-06-15","Brazil","com.psafe.msuite.ultra_1mo_16.90",6,2
"2025-06-15","Brazil","com.psafe.msuite.pro_lto_12mo_39.90",5,1
"2025-06-15","United Kingdom","com.psafe.msuite.ads_free_12mo",3,1
"2025-06-16","Brazil","com.psafe.msuite.ads_free_12mo_13.90",44,6
"2025-06-16","Bangladesh","com.psafe.msuite.ultra_12mo_59.90",14,1
"2025-06-16","Brazil","com.psafe.msuite.ultra_12mo_59.90",10,4
"2025-06-16","United Kingdom","com.psafe.msuite.ultra_12mo_59.90",6,1
"2025-06-16","United States","com.psafe.msuite.pro_lto_12mo_39.90",6,1
"2025-06-16","Brazil","com.psafe.msuite.adsfree_lto_12mo",2,1
"2025-06-16","Brazil","com.psafe.msuite.pro_lto_12mo_39.90",2,1
"2025-06-16","Brazil","com.psafe.msuite.ultra_1mo_16.90",2,1
"2025-06-16","Iran","com.psafe.msuite.ultra_12mo_59.90",2,1
"2025-06-17","Brazil","com.psafe.msuite.ultra_12mo_59.90",10,3
"2025-06-17","Jordan","com.psafe.msuite.ultra_12mo_59.90",8,1
"2025-06-17","South Korea","com.psafe.msuite.ultra_12mo_59.90",6,1
"2025-06-17","United Kingdom","com.psafe.msuite.ultra_12mo_59.90",6,1
"2025-06-17","Madagascar","com.psafe.msuite.ads_free_12mo_13.90",4,1
"2025-06-17","Brazil","com.psafe.msuite.ads_free_12mo_13.90",3,2
"2025-06-17","Iran","com.psafe.msuite.ads_free_12mo",2,1
"2025-06-18","Brazil","com.psafe.msuite.pro_lto_12mo_39.90",11,1
"2025-06-18","Brazil","com.psafe.msuite.ultra_12mo_59.90",11,3
"2025-06-18","Brazil","com.psafe.msuite.ultra_1mo_16.90",8,2
"2025-06-18","Brazil","com.psafe.msuite.adsfree_lto_12mo",5,1
"2025-06-18","Brazil","com.psafe.msuite.ads_free_12mo_13.90",2,1
"2025-06-18","Dominican Republic","com.psafe.msuite.ads_free_12mo_13.90",2,1
"2025-06-18","United Kingdom","com.psafe.msuite.ultra_12mo_59.90",2,1
"2025-06-19","India","com.psafe.msuite.ultra_12mo_59.90",19,1
"2025-06-19","Morocco","com.psafe.msuite.ultra_12mo_59.90",17,1
"2025-06-19","Brazil","com.psafe.msuite.ultra_12mo_59.90",12,3
"2025-06-19","Brazil","com.psafe.msuite.ads_free_12mo_13.90",11,2
"2025-06-19","Dominican Republic","com.psafe.msuite.ultra_12mo_59.90",5,1
"2025-06-19","Ukraine","com.psafe.msuite.ads_free_12mo_13.90",2,1
"2025-06-19","United States","com.psafe.msuite.ultra_12mo_59.90",2,1
"2025-06-19","Brazil","com.psafe.msuite.pro_3day_trial_12mo49.9",1,1
"2025-06-19","Iran","com.psafe.msuite.ads_free_12mo_13.90",1,1
"2025-06-20","Brazil","com.psafe.msuite.ultra_12mo_59.90",19,4
"2025-06-20","Brazil","com.psafe.msuite.ads_free_12mo_13.90",12,3
"2025-06-20","Martinique","com.psafe.msuite.pro_3day_trial_12mo49.9",7,1
"2025-06-20","United States","com.psafe.msuite.ultra_12mo_59.90",5,2
"2025-06-20","Austria","com.psafe.msuite.ads_free_12mo",2,1
"2025-06-20","Brazil","com.psafe.msuite.pro_3day_trial_12mo49.9",2,1
"2025-06-20","Indonesia","com.psafe.msuite.ads_free_12mo_13.90",1,1
"2025-06-20","United States","com.psafe.msuite.ultra_1mo_16.90",1,1
"2025-06-21","Brazil","com.psafe.msuite.ultra_12mo_59.90",27,4
"2025-06-21","Brazil","com.psafe.msuite.adsfree_lto_12mo",23,1
"2025-06-21","Dominican Republic","com.psafe.msuite.ultra_12mo_59.90",6,1
"2025-06-21","United States","com.psafe.msuite.pro_lto_12mo_39.90",6,1
"2025-06-21","Brazil","com.psafe.msuite.ads_free_12mo_13.90",2,2
"2025-06-21","Brazil","com.psafe.msuite.pro_lto_12mo_39.90",2,2
"2025-06-22","United States","com.psafe.msuite.ads_free_12mo_13.90",26,1
"2025-06-22","Brazil","com.psafe.msuite.ultra_12mo_59.90",16,3
"2025-06-22","Brazil","com.psafe.msuite.ads_free_12mo_13.90",5,1
"2025-06-22","Dominican Republic","com.psafe.msuite.ads_free_12mo_13.90",3,1
"2025-06-22","Iran","com.psafe.msuite.ultra_12mo_59.90",2,1
"2025-06-22","Morocco","com.psafe.msuite.ultra_12mo_59.90",2,1
"2025-06-22","Mexico","com.psafe.msuite.ads_free_12mo_13.90",1,1
"2025-06-23","Brazil","com.psafe.msuite.ultra_12mo_59.90",25,5
"2025-06-23","Brazil","com.psafe.msuite.ads_free_12mo_13.90",16,4
"2025-06-23","Martinique","com.psafe.msuite.ultra_12mo_59.90",6,1
"2025-06-23","Iran","com.psafe.msuite.ads_free_12mo",3,2
"2025-06-23","Brazil","com.psafe.msuite.ultra_1mo_16.90",1,1
"2025-06-23","Iran","com.psafe.msuite.ads_free_12mo_13.90",1,1
"2025-06-24","Saudi Arabia","com.psafe.msuite.ultra_12mo_59.90",9,1
"2025-06-24","Brazil","com.psafe.msuite.pro_1mo_3.90",7,1
"2025-06-24","Bangladesh","com.psafe.msuite.ultra_12mo_59.90",6,1
"2025-06-24","Egypt","com.psafe.msuite.ads_free_12mo_13.90",6,1
"2025-06-24","Türkiye","com.psafe.msuite.ultra_12mo_59.90",6,1
"2025-06-24","Iran","com.psafe.msuite.ads_free_12mo",5,2
"2025-06-24","Brazil","com.psafe.msuite.ultra_12mo_59.90",3,1
"2025-06-24","India","com.psafe.msuite.ads_free_12mo_13.90",3,1
"2025-06-24","Iran","com.psafe.msuite.ads_free_12mo_13.90",3,1
"2025-06-24","Brazil","com.psafe.msuite.ultra_1mo_16.90",2,1
"2025-06-24","Egypt","com.psafe.msuite.ultra_1mo_16.90",2,1
"2025-06-24","United States","com.psafe.msuite.ads_free_12mo_13.90",2,1
"2025-06-24","United States","com.psafe.msuite.pro_3day_trial_12mo49.9",2,1
"2025-06-24","Brazil","com.psafe.msuite.ads_free_12mo_13.90",1,1
"2025-06-24","Brazil","com.psafe.msuite.adsfree_lto_12mo",1,1
"2025-06-25","Brazil","com.psafe.msuite.ultra_12mo_59.90",27,6
"2025-06-25","Philippines","com.psafe.msuite.ultra_12mo_59.90",7,1
"2025-06-25","United States","com.psafe.msuite.ultra_12mo_59.90",6,1
"2025-06-25","Dominican Republic","com.psafe.msuite.ultra_12mo_59.90",5,1
"2025-06-25","Brazil","com.psafe.msuite.ads_free_12mo_13.90",4,2
"2025-06-26","Brazil","com.psafe.msuite.ultra_12mo_59.90",12,5
"2025-06-26","Iran","com.psafe.msuite.ultra_12mo_59.90",8,1
"2025-06-26","Brazil","com.psafe.msuite.ads_free_12mo_13.90",3,2
"2025-06-26","Brazil","com.psafe.msuite.pro_1mo_3.90",3,1
"2025-06-27","Brazil","com.psafe.msuite.ads_free_12mo_13.90",17,5
"2025-06-27","Brazil","com.psafe.msuite.ultra_12mo_59.90",9,4
"2025-06-27","Brazil","com.psafe.msuite.ultra_1mo_16.90",6,1
"2025-06-28","Brazil","com.psafe.msuite.ultra_12mo_59.90",27,5
"2025-06-28","Bermuda","com.psafe.msuite.ultra_12mo_59.90",6,1
"2025-06-28","Colombia","com.psafe.msuite.ultra_12mo_59.90",5,1
"2025-06-28","Brazil","com.psafe.msuite.ads_free_12mo_13.90",4,3
"2025-06-28","United States","com.psafe.msuite.pro_3day_trial_12mo49.9",2,1
"2025-06-29","Brazil","com.psafe.msuite.ultra_1mo_16.90",8,1
"2025-06-29","Brazil","com.psafe.msuite.pro_lto_12mo_39.90",6,2
"2025-06-29","Brazil","com.psafe.msuite.ultra_12mo_59.90",5,1
"2025-06-29","Brazil","com.psafe.msuite.ads_free_12mo_13.90",3,1
"2025-06-29","Iran","com.psafe.msuite.ultra_12mo",3,1
"2025-06-29","Argentina","com.psafe.msuite.ultra_12mo_59.90",2,1
"2025-06-30","Brazil","com.psafe.msuite.ultra_12mo_59.90",9,2
"2025-06-30","Brazil","com.psafe.msuite.pro_1mo_3.90",8,1
"2025-06-30","Brazil","com.psafe.msuite.ads_free_12mo_13.90",7,2
"2025-06-30","Brazil","com.psafe.msuite.ultra_1mo_16.90",7,1
"2025-06-30","Albania","com.psafe.msuite.ultra_12mo_59.90",1,1
"2025-06-30","Argentina","com.psafe.msuite.ads_free_12mo_13.90",1,1
"2025-07-01","Brazil","com.psafe.msuite.ultra_12mo_59.90",26,8
"2025-07-01","Brazil","com.psafe.msuite.ultra_1mo_16.90",16,3
"2025-07-01","United States","com.psafe.msuite.pro_lto_12mo_39.90",9,1
"2025-07-01","United States","com.psafe.msuite.ultra_12mo_59.90",9,2
"2025-07-01","United States","com.psafe.msuite.ultra_1mo_16.90",1,1
"2025-07-02","United States","com.psafe.msuite.pro_1mo_3.90",7,1
"2025-07-02","Brazil","com.psafe.msuite.adsfree_lto_12mo",6,1
"2025-07-02","Brazil","com.psafe.msuite.ultra_1mo_16.90",6,1
"2025-07-02","Brazil","com.psafe.msuite.ultra_12mo_59.90",5,2
"2025-07-02","India","com.psafe.msuite.ultra_12mo_59.90",3,1
"2025-07-02","Brazil","com.psafe.msuite.ads_free_12mo_13.90",1,1
"2025-07-03","United States","com.psafe.msuite.ultra_12mo_59.90",10,1
"2025-07-03","United States","com.psafe.msuite.pro_lto_12mo_39.90",8,1
"2025-07-03","India","com.psafe.msuite.ultra_12mo_59.90",7,1
"2025-07-03","Brazil","com.psafe.msuite.ultra_1mo_16.90",6,1
"2025-07-03","Brazil","com.psafe.msuite.adsfree_lto_12mo",5,1
"2025-07-03","Brazil","com.psafe.msuite.ultra_12mo_59.90",5,3
"2025-07-03","Iran","com.psafe.msuite.ultra_12mo_59.90",3,1
"2025-07-04","Brazil","com.psafe.msuite.ultra_12mo_59.90",43,7
"2025-07-04","Brazil","com.psafe.msuite.ads_free_12mo_13.90",38,1
"2025-07-04","Syria","com.psafe.msuite.ultra_12mo_59.90",6,1
"2025-07-04","Bangladesh","com.psafe.msuite.ultra_12mo_59.90",1,1
"2025-07-05","Brazil","com.psafe.msuite.ultra_12mo_59.90",17,4
"2025-07-05","Iran","com.psafe.msuite.ultra_12mo",2,1
"2025-07-05","Iran","com.psafe.msuite.ultra_12mo_59.90",1,1
"2025-07-06","Brazil","com.psafe.msuite.ads_free_12mo_13.90",20,2
"2025-07-06","Brazil","com.psafe.msuite.ultra_12mo_59.90",14,4
"2025-07-06","United States","com.psafe.msuite.ultra_12mo_59.90",10,1
"2025-07-06","Pakistan","com.psafe.msuite.pro_3day_trial_12mo49.9",6,1
"2025-07-06","Brazil","com.psafe.msuite.ultra_1mo_16.90",5,1
"2025-07-06","Yemen","com.psafe.msuite.pro_3day_trial_12mo49.9",3,1
"2025-07-06","Brazil","com.psafe.msuite.pro_lto_12mo_39.90",2,1
"2025-07-06","Iran","com.psafe.msuite.ads_free_12mo",1,1
"2025-07-07","Brazil","com.psafe.msuite.pro_lto_12mo_39.90",7,1
"2025-07-07","Egypt","com.psafe.msuite.ultra_12mo_59.90",7,1
"2025-07-07","Iran","com.psafe.msuite.ultra_12mo",6,1
"2025-07-07","Marshall Islands","com.psafe.msuite.pro_3day_trial_12mo49.9",3,1
"2025-07-07","Marshall Islands","com.psafe.msuite.pro_1mo_3.90",2,1
"2025-07-07","Brazil","com.psafe.msuite.ultra_12mo_59.90",1,1
"2025-07-08","Brazil","com.psafe.msuite.ultra_12mo_59.90",20,6
"2025-07-08","Brazil","com.psafe.msuite.ads_free_12mo_13.90",10,1
"2025-07-08","Egypt","com.psafe.msuite.ultra_12mo_59.90",2,1
"2025-07-09","Brazil","com.psafe.msuite.ultra_12mo_59.90",36,5
"2025-07-09","Iran","com.psafe.msuite.ultra_12mo",7,1
"2025-07-09","Brazil","com.psafe.msuite.ads_free_12mo_13.90",3,2
"2025-07-10","Brazil","com.psafe.msuite.ultra_12mo_59.90",30,4
"2025-07-10","Brazil","com.psafe.msuite.ads_free_12mo_13.90",10,1
"2025-07-10","Brazil","com.psafe.msuite.pro_3day_trial_12mo49.9",5,1
"2025-07-10","United States","com.psafe.msuite.ultra_12mo_59.90",3,1
"2025-07-11","Brazil","com.psafe.msuite.ads_free_12mo_13.90",31,2
"2025-07-11","Brazil","com.psafe.msuite.ultra_12mo_59.90",20,4
"2025-07-12","Brazil","com.psafe.msuite.ultra_12mo_59.90",23,5
"2025-07-12","Brazil","com.psafe.msuite.ads_free_12mo_13.90",2,1
"2025-07-12","Brazil","com.psafe.msuite.adsfree_lto_12mo",2,1
"2025-07-13","Brazil","com.psafe.msuite.adsfree_lto_12mo",384,1
"2025-07-13","Brazil","com.psafe.msuite.ultra_1mo_16.90",5,1
"2025-07-13","Brazil","com.psafe.msuite.ultra_12mo_59.90",3,2
"2025-07-13","Brazil","com.psafe.msuite.ads_free_12mo_13.90",1,1
"2025-07-14","Brazil","com.psafe.msuite.ultra_12mo_59.90",11,3
"2025-07-14","Brazil","com.psafe.msuite.ads_free_12mo_13.90",1,1
"2025-07-14","Brazil","com.psafe.msuite.pro_lto_12mo_39.90",1,1
"2025-07-15","United States","com.psafe.msuite.ultra_12mo_59.90",9,2
"2025-07-15","Brazil","com.psafe.msuite.ultra_12mo_59.90",5,3
"2025-07-15","Nigeria","com.psafe.msuite.pro_3day_trial_12mo49.9",3,1
"2025-07-16","Brazil","com.psafe.msuite.adsfree_lto_12mo",8,1
"2025-07-16","Brazil","com.psafe.msuite.ultra_12mo_59.90",5,3
"2025-07-16","Brazil","com.psafe.msuite.ads_free_12mo_13.90",3,2
"2025-07-16","United States","com.psafe.msuite.pro_lto_12mo_39.90",2,1
"2025-07-16","United States","com.psafe.msuite.ultra_12mo_59.90",2,1
"2025-07-17","Brazil","com.psafe.msuite.ultra_12mo_59.90",38,7
"2025-07-17","Brazil","com.psafe.msuite.ads_free_12mo_13.90",27,2
"2025-07-17","Brazil","com.psafe.msuite.ultra_1mo_16.90",8,1
"2025-07-17","Iran","com.psafe.msuite.ultra_12mo",5,1
"2025-07-17","United States","com.psafe.msuite.ultra_12mo_59.90",5,1
"2025-07-17","Brazil","com.psafe.msuite.pro_lto_12mo_39.90",3,1
"2025-07-17","Brazil","com.psafe.msuite.pro_1mo_3.90",2,1
"2025-07-18","Brazil","com.psafe.msuite.ads_free_12mo_13.90",28,3
"2025-07-18","Brazil","com.psafe.msuite.ultra_12mo_59.90",19,3
"2025-07-18","Brazil","com.psafe.msuite.pro_lto_12mo_39.90",2,1
"2025-07-19","Brazil","com.psafe.msuite.ultra_12mo_59.90",31,9
"2025-07-19","Pakistan","com.psafe.msuite.ultra_12mo_59.90",25,1
"2025-07-19","Brazil","com.psafe.msuite.ads_free_12mo_13.90",10,2
"2025-07-19","Singapore","com.psafe.msuite.ultra_12mo_59.90",6,1
"2025-07-19","Brazil","com.psafe.msuite.pro_lto_12mo_39.90",5,1
"2025-07-20","Pakistan","com.psafe.msuite.ultra_12mo_59.90",32,1
"2025-07-20","Brazil","com.psafe.msuite.ultra_12mo_59.90",24,6
"2025-07-20","Brazil","com.psafe.msuite.pro_1mo_3.90",10,1
"2025-07-20","United States","com.psafe.msuite.ultra_12mo_59.90",10,2
"2025-07-20","Brazil","com.psafe.msuite.pro_lto_12mo_39.90",9,1
"2025-07-20","Sudan","com.psafe.msuite.ultra_12mo_59.90",3,1
"2025-07-20","Philippines","com.psafe.msuite.ultra_12mo_59.90",1,1
"2025-07-21","Brazil","com.psafe.msuite.ultra_12mo_59.90",35,7
"2025-07-21","Brazil","com.psafe.msuite.ads_free_12mo_13.90",17,2
"2025-07-21","Brazil","com.psafe.msuite.pro_lto_12mo_39.90",8,2
"2025-07-21","Egypt","com.psafe.msuite.ads_free_12mo_13.90",5,1
"2025-07-22","Brazil","com.psafe.msuite.ultra_12mo_59.90",26,4
"2025-07-22","Brazil","com.psafe.msuite.ultra_1mo_16.90",11,2
"2025-07-22","Brazil","com.psafe.msuite.ads_free_12mo_13.90",9,2
"2025-07-22","Brazil","com.psafe.msuite.pro_lto_12mo_39.90",6,1
"2025-07-22","Turkmenistan","com.psafe.msuite.pro_lto_12mo_39.90",1,1
"2025-07-23","Brazil","com.psafe.msuite.ads_free_12mo_13.90",81,2
"2025-07-23","Brazil","com.psafe.msuite.ultra_12mo_59.90",39,7
"2025-07-23","Brazil","com.psafe.msuite.pro_lto_12mo_39.90",6,1
"2025-07-23","United States","com.psafe.msuite.ultra_12mo_59.90",1,1
"2025-07-24","Brazil","com.psafe.msuite.ultra_1mo_16.90",26,2
"2025-07-24","Brazil","com.psafe.msuite.ultra_12mo_59.90",12,3
"2025-07-24","Brazil","com.psafe.msuite.pro_1mo_3.90",5,1
"2025-07-24","Brazil","com.psafe.msuite.ads_free_12mo_13.90",3,2
"2025-07-25","Brazil","com.psafe.msuite.ultra_12mo_59.90",30,7
"2025-07-25","Mexico","com.psafe.msuite.ads_free_12mo_13.90",3,1
"2025-07-25","Brazil","com.psafe.msuite.ads_free_12mo_13.90",2,1
"2025-07-25","Netherlands","com.psafe.msuite.ultra_12mo_59.90",2,1
"2025-07-25","United States","com.psafe.msuite.ultra_12mo_59.90",2,1
"2025-07-25","Brazil","com.psafe.msuite.ultra_1mo_16.90",1,1
"2025-07-26","Brazil","com.psafe.msuite.ultra_12mo_59.90",20,6
"2025-07-26","Bangladesh","com.psafe.msuite.ultra_12mo_59.90",6,1
"2025-07-26","Brazil","com.psafe.msuite.ads_free_12mo_13.90",1,1
"2025-07-27","Brazil","com.psafe.msuite.ultra_12mo_59.90",23,5
"2025-07-27","Brazil","com.psafe.msuite.ads_free_12mo_13.90",16,2
"2025-07-27","Brazil","(not set)",5,1
"2025-07-27","Burkina Faso","com.psafe.msuite.ads_free_12mo_13.90",2,1
"2025-07-28","Brazil","com.psafe.msuite.ultra_12mo_59.90",41,7
"2025-07-28","United States","com.psafe.msuite.ultra_12mo_59.90",19,2
"2025-07-28","Brazil","com.psafe.msuite.ads_free_12mo_13.90",13,3
"2025-07-28","Jordan","com.psafe.msuite.ultra_12mo_59.90",5,1
"2025-07-28","Morocco","com.psafe.msuite.ultra_12mo_59.90",5,1
"2025-07-29","Brazil","com.psafe.msuite.ultra_12mo_59.90",12,3
"2025-07-29","Brazil","com.psafe.msuite.pro_lto_12mo_39.90",9,1
"2025-07-29","United States","com.psafe.msuite.ultra_12mo_59.90",8,1
"2025-07-29","Brazil","com.psafe.msuite.ads_free_12mo_13.90",7,2
"2025-07-29","Brazil","com.psafe.msuite.ultra_1mo_16.90",3,2
"2025-07-30","Brazil","com.psafe.msuite.ultra_12mo_59.90",17,4
"2025-07-30","Brazil","com.psafe.msuite.pro_lto_12mo_39.90",16,3
"2025-07-30","Brazil","com.psafe.msuite.ultra_1mo_16.90",4,1
"2025-07-30","Brazil","com.psafe.msuite.ads_free_12mo_13.90",2,1
"2025-07-31","Brazil","com.psafe.msuite.pro_lto_12mo_39.90",6,1
"2025-07-31","United States","com.psafe.msuite.pro_3day_trial_12mo49.9",5,1
"2025-07-31","Brazil","com.psafe.msuite.ads_free_12mo_13.90",3,1
"2025-07-31","Brazil","com.psafe.msuite.ultra_12mo_59.90",3,3
"2025-07-31","Mexico","com.psafe.msuite.ultra_12mo",2,1
"2025-08-01","Brazil","com.psafe.msuite.ultra_12mo_59.90",16,4
"2025-08-01","Brazil","com.psafe.msuite.ads_free_12mo_13.90",13,3
"2025-08-01","Mexico","com.psafe.msuite.ultra_12mo_59.90",13,1
"2025-08-01","Brazil","com.psafe.msuite.ultra_1mo_16.90",6,1
"2025-08-01","United States","com.psafe.msuite.pro_12mo_49.90",2,1
"2025-08-01","Malaysia","com.psafe.msuite.ultra_1mo_16.90",1,1
"2025-08-02","Brazil","com.psafe.msuite.ultra_12mo_59.90",23,6
"2025-08-02","Algeria","com.psafe.msuite.ultra_12mo_59.90",5,1
"2025-08-02","United States","com.psafe.msuite.ads_free_12mo_13.90",4,1
"2025-08-02","Brazil","com.psafe.msuite.ultra_1mo_16.90",1,1
"2025-08-03","United States","com.psafe.msuite.ultra_12mo_59.90",13,1
"2025-08-03","Brazil","com.psafe.msuite.pro_lto_12mo_39.90",11,2
"2025-08-03","Brazil","com.psafe.msuite.ultra_12mo_59.90",7,3
"2025-08-03","United States","com.psafe.msuite.pro_3day_trial_12mo49.9",7,1
"2025-08-03","Zimbabwe","com.psafe.msuite.ads_free_12mo_13.90",2,1
"2025-08-04","Brazil","com.psafe.msuite.ultra_12mo_59.90",22,5
"2025-08-04","United States","com.psafe.msuite.ultra_12mo_59.90",13,2
"2025-08-04","Iran","com.psafe.msuite.ultra_12mo_59.90",11,1
"2025-08-04","Brazil","com.psafe.msuite.ads_free_12mo_13.90",3,2
"2025-08-04","Bangladesh","com.psafe.msuite.ultra_12mo_59.90",2,1
"2025-08-04","Brazil","com.psafe.msuite.pro_lto_12mo_39.90",1,1
"2025-08-05","Brazil","com.psafe.msuite.ultra_12mo_59.90",20,5
"2025-08-05","Brazil","com.psafe.msuite.pro_lto_12mo_39.90",2,1
"2025-08-05","Brazil","com.psafe.msuite.ads_free_12mo_13.90",1,1
"2025-08-05","Brazil","com.psafe.msuite.adsfree_lto_12mo",1,1
"2025-08-06","Brazil","com.psafe.msuite.ultra_12mo_59.90",21,3
"2025-08-06","Brazil","com.psafe.msuite.ultra_1mo_16.90",13,1
"2025-08-06","Brazil","com.psafe.msuite.ads_free_12mo_13.90",4,2
"2025-08-07","Brazil","com.psafe.msuite.ultra_12mo_59.90",8,2
"2025-08-07","Brazil","com.psafe.msuite.pro_lto_12mo_39.90",5,1
"2025-08-07","Angola","com.psafe.msuite.ads_free_12mo_13.90",2,1
"2025-08-07","India","com.psafe.msuite.pro_12mo_49.90",1,1
"2025-08-08","Brazil","com.psafe.msuite.ultra_12mo_59.90",31,5
"2025-08-08","Brazil","com.psafe.msuite.ads_free_12mo_13.90",28,3
"2025-08-08","Bangladesh","com.psafe.msuite.ultra_12mo_59.90",6,1
"2025-08-08","United States","com.psafe.msuite.ultra_12mo_59.90",6,1
"2025-08-08","Syria","com.psafe.msuite.ultra_12mo_59.90",5,1
"2025-08-08","Mexico","com.psafe.msuite.ads_free_12mo_13.90",2,1
"2025-08-09","Brazil","com.psafe.msuite.ultra_12mo_59.90",32,6
"2025-08-09","Brazil","com.psafe.msuite.ads_free_12mo_13.90",8,2
"2025-08-09","Brazil","com.psafe.msuite.pro_lto_12mo_39.90",8,1
"2025-08-09","United States","com.psafe.msuite.ultra_12mo_59.90",5,1
"2025-08-09","Brazil","com.psafe.msuite.adsfree_lto_12mo",4,1
"2025-08-10","Brazil","com.psafe.msuite.ultra_12mo_59.90",25,5
"2025-08-10","Brazil","com.psafe.msuite.ads_free_12mo_13.90",14,3
"2025-08-10","United States","com.psafe.msuite.ultra_12mo_59.90",11,2
"2025-08-10","Brazil","com.psafe.msuite.pro_3day_trial_12mo",5,1
"2025-08-11","Brazil","com.psafe.msuite.ultra_12mo_59.90",30,5
"2025-08-11","Brazil","com.psafe.msuite.pro_3day_trial_12mo49.9",13,2
"2025-08-11","Brazil","com.psafe.msuite.ads_free_12mo_13.90",11,3
"2025-08-11","Brazil","com.psafe.msuite.pro_lto_12mo_39.90",10,2
"2025-08-11","Mexico","com.psafe.msuite.ads_free_12mo_13.90",1,1
"2025-08-12","Brazil","com.psafe.msuite.ultra_12mo_59.90",18,5
"2025-08-12","Brazil","com.psafe.msuite.pro_lto_12mo_39.90",8,1
"2025-08-12","Pakistan","com.psafe.msuite.ultra_12mo_59.90",7,1
"2025-08-12","Brazil","com.psafe.msuite.adsfree_lto_12mo",5,1
"2025-08-12","Brazil","com.psafe.msuite.pro_3day_trial_12mo49.9",5,1
"2025-08-12","Italy","com.psafe.msuite.ultra_12mo_59.90",2,1
"2025-08-12","Zimbabwe","com.psafe.msuite.ads_free_12mo_13.90",2,1
"2025-08-13","Brazil","com.psafe.msuite.ultra_12mo_59.90",20,5
"2025-08-13","Brazil","com.psafe.msuite.pro_lto_12mo_39.90",8,1
"2025-08-13","Brazil","com.psafe.msuite.ads_free_12mo_13.90",2,1
"2025-08-13","Brazil","com.psafe.msuite.ultra_1mo_16.90",1,1
"2025-08-14","Brazil","com.psafe.msuite.ultra_12mo_59.90",36,5
"2025-08-14","Brazil","com.psafe.msuite.ultra_1mo_16.90",5,1
"2025-08-14","Brazil","com.psafe.msuite.ads_free_12mo_13.90",3,1
"2025-08-15","Brazil","com.psafe.msuite.ultra_12mo_59.90",21,4
"2025-08-15","Brazil","com.psafe.msuite.ads_free_12mo_13.90",9,2
"2025-08-15","Brazil","com.psafe.msuite.pro_lto_12mo_39.90",4,2
"2025-08-16","Brazil","com.psafe.msuite.pro_lto_12mo_39.90",22,2
"2025-08-16","Brazil","com.psafe.msuite.adsfree_lto_12mo",17,3
"2025-08-16","Egypt","com.psafe.msuite.ultra_12mo_59.90",15,2
"2025-08-16","Brazil","com.psafe.msuite.ultra_12mo_59.90",13,3
"2025-08-16","Brazil","com.psafe.msuite.ads_free_12mo_13.90",8,2
"2025-08-17","Brazil","com.psafe.msuite.ads_free_12mo_13.90",22,2
"2025-08-17","Brazil","com.psafe.msuite.ultra_12mo_59.90",16,6
"2025-08-17","Iran","com.psafe.msuite.ultra_12mo",11,1
"2025-08-17","United States","com.psafe.msuite.ultra_12mo_59.90",1,1
"2025-08-18","Brazil","com.psafe.msuite.pro_lto_12mo_39.90",36,5
"2025-08-18","Brazil","com.psafe.msuite.ultra_12mo_59.90",16,6
"2025-08-18","Brazil","com.psafe.msuite.ads_free_12mo_13.90",14,1
"2025-08-18","Brazil","com.psafe.msuite.adsfree_lto_12mo",12,1
"2025-08-19","Brazil","com.psafe.msuite.ultra_12mo_59.90",21,4
"2025-08-19","Brazil","com.psafe.msuite.adsfree_lto_12mo",19,3
"2025-08-19","Brazil","com.psafe.msuite.ads_free_12mo_13.90",7,1
"2025-08-19","Brazil","com.psafe.msuite.ultra_1mo_16.90",2,1
"2025-08-20","Brazil","com.psafe.msuite.ultra_12mo_59.90",21,5
"2025-08-20","Brazil","com.psafe.msuite.pro_lto_12mo_39.90",7,1
"2025-08-20","Brazil","com.psafe.msuite.ads_free_12mo_13.90",2,1
"2025-08-20","United States","com.psafe.msuite.ultra_12mo_59.90",2,1
"2025-08-21","Brazil","com.psafe.msuite.ultra_12mo_59.90",19,4
"2025-08-21","Brazil","com.psafe.msuite.ads_free_12mo_13.90",3,2
"2025-08-21","Indonesia","com.psafe.msuite.ultra_12mo_59.90",2,1
"2025-08-22","Brazil","com.psafe.msuite.ultra_12mo_59.90",32,8
"2025-08-22","Brazil","com.psafe.msuite.ultra_1mo_16.90",3,2
"2025-08-22","Egypt","com.psafe.msuite.ultra_12mo_59.90",3,1
"2025-08-22","Brazil","(not set)",2,1
"2025-08-22","Brazil","com.psafe.msuite.ads_free_12mo_13.90",2,1
"2025-08-22","Brazil","com.psafe.msuite.pro_lto_12mo_39.90",2,1
"2025-08-22","Egypt","com.psafe.msuite.pro_3day_trial_12mo49.9",1,1
"2025-08-22","Iran","com.psafe.msuite.pro_lto_12mo_39.90",1,1
"2025-08-23","Brazil","com.psafe.msuite.ultra_12mo_59.90",69,6
"2025-08-23","Iran","com.psafe.msuite.ultra_12mo_59.90",9,2
"2025-08-23","Brazil","com.psafe.msuite.ads_free_12mo_13.90",7,3
"2025-08-23","Brazil","com.psafe.msuite.pro_lto_12mo_39.90",7,1
"2025-08-23","France","com.psafe.msuite.ultra_1mo_16.90",6,1
"2025-08-23","Angola","com.psafe.msuite.ads_free_12mo_13.90",4,1
"2025-08-23","United States","com.psafe.msuite.pro_lto_12mo_39.90",4,1
"2025-08-23","Angola","com.psafe.msuite.pro_12mo_49.90",2,1
"2025-08-23","Angola","com.psafe.msuite.pro_3day_trial_12mo49.9",1,1
"2025-08-23","Brazil","com.psafe.msuite.ultra_12mo",1,1
"2025-08-24","Brazil","com.psafe.msuite.ads_free_12mo_13.90",27,2
"2025-08-24","Brazil","com.psafe.msuite.ultra_12mo_59.90",13,4
"2025-08-24","Bangladesh","com.psafe.msuite.ultra_12mo_59.90",7,1
"2025-08-24","Brazil","com.psafe.msuite.ultra_1mo_16.90",7,1
"2025-08-24","Brazil","com.psafe.msuite.pro_lto_12mo_39.90",4,1
"2025-08-24","Brazil","com.psafe.msuite.pro_3day_trial_12mo49.9",2,1
"2025-08-25","Brazil","com.psafe.msuite.adsfree_lto_12mo",65,2
"2025-08-25","Brazil","com.psafe.msuite.ultra_12mo_59.90",25,5
"2025-08-25","Algeria","com.psafe.msuite.ultra_12mo_59.90",7,1
"2025-08-25","Brazil","com.psafe.msuite.ads_free_12mo_13.90",7,1
"2025-08-25","Brazil","com.psafe.msuite.ultra_1mo_16.90",5,1
"2025-08-25","United States","com.psafe.msuite.ultra_12mo_59.90",5,1
"2025-08-26","Brazil","com.psafe.msuite.pro_lto_12mo_39.90",75,1
"2025-08-26","Brazil","com.psafe.msuite.ads_free_12mo_13.90",61,4
"2025-08-26","Brazil","com.psafe.msuite.ultra_12mo_59.90",21,5
"2025-08-26","Egypt","com.psafe.msuite.ultra_12mo_59.90",8,1
"2025-08-26","Brazil","com.psafe.msuite.adsfree_lto_12mo",7,1
"2025-08-26","Bangladesh","com.psafe.msuite.ultra_12mo_59.90",6,1
"2025-08-27","Brazil","com.psafe.msuite.ultra_12mo_59.90",18,4
"2025-08-27","Ireland","com.psafe.msuite.ultra_12mo_59.90",4,1
"2025-08-27","Egypt","com.psafe.msuite.ultra_12mo_59.90",2,1
"2025-08-28","Brazil","com.psafe.msuite.ultra_12mo_59.90",78,14
"2025-08-28","Egypt","com.psafe.msuite.ultra_12mo_59.90",13,1
"2025-08-28","Thailand","com.psafe.msuite.ultra_12mo_59.90",6,1
"2025-08-28","Brazil","com.psafe.msuite.ultra_1mo_16.90",3,2
"2025-08-28","Brazil","com.psafe.msuite.pro_3day_trial_12mo49.9",2,1
"2025-08-28","Brazil","com.psafe.msuite.pro_lto_12mo_39.90",1,1
"2025-08-29","Brazil","com.psafe.msuite.ultra_12mo_59.90",44,9
"2025-08-29","Brazil","com.psafe.msuite.ads_free_12mo_13.90",11,3
"2025-08-29","United States","com.psafe.msuite.ultra_12mo_59.90",10,2
"2025-08-29","Brazil","com.psafe.msuite.pro_lto_12mo_39.90",1,1
"2025-08-29","Spain","com.psafe.msuite.ads_free_12mo_13.90",1,1
"2025-08-30","Brazil","com.psafe.msuite.ultra_12mo_59.90",69,9
"2025-08-30","Brazil","com.psafe.msuite.ads_free_12mo_13.90",6,1
"2025-08-30","Iran","com.psafe.msuite.ultra_1mo_16.90",2,1
"2025-08-30","Brazil","com.psafe.msuite.pro_lto_12mo_39.90",1,1
"2025-08-31","Brazil","com.psafe.msuite.ultra_12mo_59.90",39,6
"2025-08-31","Brazil","com.psafe.msuite.ads_free_12mo_13.90",17,3
"2025-08-31","Brazil","com.psafe.msuite.adsfree_lto_12mo",15,1
"2025-08-31","United States","com.psafe.msuite.ultra_12mo_59.90",6,1
"2025-08-31","Brazil","com.psafe.msuite.pro_12mo_49.90",4,1
"2025-08-31","Brazil","com.psafe.msuite.ultra_1mo_16.90",4,1
"2025-09-01","Brazil","com.psafe.msuite.pro_lto_12mo_39.90",34,1
"2025-09-01","Brazil","com.psafe.msuite.ultra_12mo_59.90",21,6
"2025-09-01","Brazil","com.psafe.msuite.ultra_1mo_16.90",14,3
"2025-09-01","Brazil","com.psafe.msuite.ads_free_12mo_13.90",5,1
"2025-09-01","Morocco","com.psafe.msuite.ultra_12mo_59.90",5,1
"2025-09-01","United States","com.psafe.msuite.ultra_12mo_59.90",4,1
"2025-09-01","Brazil","com.psafe.msuite.adsfree_lto_12mo",1,1
"2025-09-01","Yemen","com.psafe.msuite.ultra_12mo_59.90",1,1
"2025-09-02","Brazil","com.psafe.msuite.ultra_12mo_59.90",23,6
"2025-09-02","Iran","com.psafe.msuite.ultra_12mo_59.90",5,1
"2025-09-02","Brazil","com.psafe.msuite.adsfree_lto_12mo",4,1
"2025-09-02","United States","com.psafe.msuite.ultra_12mo_59.90",2,1
"2025-09-02","Egypt","com.psafe.msuite.ultra_12mo_59.90",1,1
"2025-09-03","Brazil","com.psafe.msuite.ads_free_12mo_13.90",30,4
"2025-09-03","Brazil","com.psafe.msuite.ultra_12mo_59.90",30,7
"2025-09-04","Brazil","com.psafe.msuite.ultra_1mo_16.90",11,1
"2025-09-04","Brazil","com.psafe.msuite.ultra_12mo_59.90",9,2
"2025-09-04","Egypt","com.psafe.msuite.ultra_12mo_59.90",9,1
"2025-09-04","Brazil","com.psafe.msuite.adsfree_lto_12mo",7,1
"2025-09-04","France","com.psafe.msuite.ultra_12mo_59.90",2,1
"2025-09-04","Brazil","com.psafe.msuite.ads_free_12mo_13.90",1,1
"2025-09-04","Brazil","com.psafe.msuite.ultra_1mo",1,1
"2025-09-05","Brazil","com.psafe.msuite.ultra_12mo_59.90",55,5
"2025-09-05","United States","com.psafe.msuite.pro_lto_12mo_39.90",11,1
"2025-09-05","Brazil","com.psafe.msuite.ads_free_12mo_13.90",10,2
"2025-09-05","Brazil","com.psafe.msuite.pro_lto_12mo_39.90",3,2
"2025-09-05","Brazil","com.psafe.msuite.ultra_1mo_16.90",1,1
"2025-09-06","Brazil","com.psafe.msuite.ultra_12mo_59.90",19,5
"2025-09-06","Brazil","com.psafe.msuite.ads_free_12mo_13.90",14,2
"2025-09-06","Brazil","com.psafe.msuite.pro_lto_12mo_39.90",8,2
"2025-09-06","Iran","com.psafe.msuite.ultra_12mo_59.90",6,1
"2025-09-07","Brazil","com.psafe.msuite.ultra_12mo_59.90",77,7
"2025-09-07","Brazil","com.psafe.msuite.pro_lto_12mo_39.90",5,2
"2025-09-07","Brazil","com.psafe.msuite.ultra_1mo_16.90",5,1
"2025-09-07","Brazil","com.psafe.msuite.ads_free_12mo_13.90",2,1
"2025-09-07","United States","com.psafe.msuite.adsfree_lto_12mo",1,1
"2025-09-08","Brazil","com.psafe.msuite.ultra_12mo_59.90",31,6
"2025-09-08","Angola","com.psafe.msuite.ultra_12mo_59.90",5,1
"2025-09-08","Brazil","com.psafe.msuite.ads_free_12mo_13.90",2,1
"2025-09-09","Brazil","com.psafe.msuite.pro_lto_12mo_39.90",22,3
"2025-09-09","Brazil","com.psafe.msuite.ultra_12mo_59.90",15,3
"2025-09-09","Brazil","com.psafe.msuite.ads_free_12mo_13.90",9,1
"2025-09-09","Brazil","com.psafe.msuite.adsfree_lto_12mo",4,1
"2025-09-10","Brazil","com.psafe.msuite.ultra_12mo_59.90",34,9
"2025-09-10","Brazil","com.psafe.msuite.ads_free_12mo_13.90",16,2
"2025-09-10","Honduras","com.psafe.msuite.ultra_12mo_59.90",6,1
"2025-09-10","United States","com.psafe.msuite.pro_lto_12mo_39.90",6,1
"2025-09-10","United States","com.psafe.msuite.ultra_12mo_59.90",6,1
"2025-09-10","Brazil","com.psafe.msuite.adsfree_lto_12mo",5,1
"2025-09-10","Brazil","com.psafe.msuite.pro_3day_trial_12mo49.9",5,1
"2025-09-10","Brazil","com.psafe.msuite.pro_lto_12mo_39.90",1,1
"2025-09-11","Brazil","com.psafe.msuite.ultra_12mo_59.90",41,6
"2025-09-11","Brazil","com.psafe.msuite.pro_lto_12mo_39.90",6,1
"2025-09-11","Mexico","com.psafe.msuite.ultra_12mo_59.90",5,1
"2025-09-11","Algeria","com.psafe.msuite.ads_free_12mo_13.90",2,1
"2025-09-11","Uzbekistan","com.psafe.msuite.ultra_12mo_59.90",2,1
"2025-09-11","Algeria","com.psafe.msuite.ultra_1mo_16.90",1,1
"2025-09-12","Brazil","com.psafe.msuite.ultra_12mo_59.90",27,5
"2025-09-12","Brazil","com.psafe.msuite.ultra_1mo_16.90",12,1
"2025-09-12","United States","com.psafe.msuite.adsfree_lto_12mo",12,2
"2025-09-12","Bangladesh","com.psafe.msuite.ultra_12mo_59.90",10,1
"2025-09-12","Brazil","com.psafe.msuite.pro_lto_12mo_39.90",7,1
"2025-09-12","Brazil","com.psafe.msuite.ads_free_12mo_13.90",5,2
"2025-09-13","Brazil","com.psafe.msuite.ultra_12mo_59.90",49,10
"2025-09-13","Brazil","com.psafe.msuite.pro_lto_12mo_39.90",14,3
"2025-09-13","India","com.psafe.msuite.ultra_12mo_59.90",10,1
"2025-09-13","United Kingdom","com.psafe.msuite.ultra_12mo_59.90",2,1
"2025-09-13","Brazil","com.psafe.msuite.ads_free_12mo_13.90",1,1
"2025-09-14","Brazil","com.psafe.msuite.ultra_12mo_59.90",52,9
"2025-09-14","Brazil","com.psafe.msuite.pro_lto_12mo_39.90",8,2
"2025-09-14","Brazil","com.psafe.msuite.ultra_1mo_16.90",4,1
"2025-09-15","Brazil","com.psafe.msuite.pro_lto_12mo_39.90",40,2
"2025-09-15","Brazil","com.psafe.msuite.ultra_12mo_59.90",11,3
"2025-09-15","Algeria","com.psafe.msuite.ultra_12mo_59.90",3,1
"2025-09-16","Brazil","com.psafe.msuite.ads_free_12mo_13.90",18,3
"2025-09-16","Brazil","com.psafe.msuite.ultra_12mo_59.90",7,1
"2025-09-16","United States","com.psafe.msuite.ultra_12mo_59.90",7,1
"2025-09-16","Iraq","com.psafe.msuite.ultra_12mo_59.90",6,1
"2025-09-16","Brazil","com.psafe.msuite.pro_lto_12mo_39.90",5,1
"2025-09-16","Cuba","com.psafe.msuite.ultra_12mo_99.99",1,1
"2025-09-17","Brazil","com.psafe.msuite.pro_lto_12mo_39.90",22,1
"2025-09-17","United States","com.psafe.msuite.ultra_12mo_59.90",20,2
"2025-09-17","Brazil","com.psafe.msuite.ultra_12mo_59.90",10,2
"2025-09-17","Brazil","com.psafe.msuite.ads_free_12mo_13.90",6,1
"2025-09-17","Brazil","com.psafe.msuite.ultra_1mo_16.90",1,1
"2025-09-18","Brazil","com.psafe.msuite.ultra_12mo_59.90",24,6
"2025-09-18","Brazil","com.psafe.msuite.ads_free_12mo_13.90",22,4
"2025-09-18","Brazil","com.psafe.msuite.ultra_1mo_16.90",1,1
"2025-09-19","Brazil","com.psafe.msuite.ultra_12mo_59.90",45,6
"2025-09-19","Brazil","com.psafe.msuite.ads_free_12mo_13.90",14,2
"2025-09-19","Bangladesh","com.psafe.msuite.ultra_12mo_59.90",9,1
"2025-09-19","Brazil","com.psafe.msuite.ultra_1mo_16.90",6,1
"2025-09-19","Brazil","com.psafe.msuite.pro_1mo_3.90",5,1
"2025-09-19","Togo","com.psafe.msuite.ads_free_12mo",4,1
"2025-09-19","Cuba","com.psafe.msuite.ads_free_12mo",1,1
"2025-09-20","United States","com.psafe.msuite.pro_lto_12mo_39.90",36,1
"2025-09-20","Brazil","com.psafe.msuite.ads_free_12mo_13.90",30,6
"2025-09-20","Brazil","com.psafe.msuite.ultra_12mo_59.90",16,6
"2025-09-20","Brazil","com.psafe.msuite.pro_lto_12mo_39.90",10,2
"2025-09-20","Ethiopia","com.psafe.msuite.ads_free_12mo_13.90",4,1
"2025-09-21","Brazil","com.psafe.msuite.ultra_12mo_59.90",23,5
"2025-09-21","Brazil","com.psafe.msuite.ads_free_12mo_13.90",22,2
"2025-09-21","Brazil","com.psafe.msuite.pro_12mo_49.90",12,2
"2025-09-21","Brazil","com.psafe.msuite.pro_lto_12mo_39.90",7,1
"2025-09-21","Brazil","com.psafe.msuite.pro_1mo_3.90",4,1
"2025-09-21","Brazil","com.psafe.msuite.ultra_1mo_16.90",3,2
"2025-09-21","Bangladesh","com.psafe.msuite.ultra_12mo_59.90",2,1
"2025-09-21","Brazil","com.psafe.msuite.pro_3day_trial_12mo49.9",2,1
"2025-09-22","Brazil","com.psafe.msuite.ultra_12mo_59.90",27,4
"2025-09-22","Brazil","com.psafe.msuite.ultra_1mo_16.90",11,2
"2025-09-22","Brazil","com.psafe.msuite.ads_free_12mo_13.90",5,1
"2025-09-22","India","com.psafe.msuite.ultra_12mo_59.90",5,1
"2025-09-23","Brazil","com.psafe.msuite.ultra_12mo_59.90",52,5
"2025-09-23","Brazil","com.psafe.msuite.pro_lto_12mo_39.90",14,2
"2025-09-23","Brazil","com.psafe.msuite.ads_free_12mo_13.90",4,1
"2025-09-24","Brazil","com.psafe.msuite.ultra_12mo_59.90",31,5
"2025-09-24","Brazil","com.psafe.msuite.adsfree_lto_12mo",5,1
"2025-09-24","Bangladesh","com.psafe.msuite.ultra_12mo_59.90",4,1
"2025-09-24","United States","com.psafe.msuite.ultra_12mo_59.90",1,1
"2025-09-25","Brazil","com.psafe.msuite.ultra_12mo_59.90",40,9
"2025-09-25","Brazil","com.psafe.msuite.ads_free_12mo_13.90",23,6
"2025-09-25","Brazil","com.psafe.msuite.pro_lto_12mo_39.90",11,2
"2025-09-25","Indonesia","com.psafe.msuite.ultra_12mo_59.90",2,1
"2025-09-25","Iraq","com.psafe.msuite.ultra_12mo_59.90",1,1
"2025-09-26","Brazil","com.psafe.msuite.ultra_12mo_59.90",18,5
"2025-09-26","Brazil","com.psafe.msuite.pro_lto_12mo_39.90",17,2
"2025-09-26","United States","com.psafe.msuite.ultra_12mo_59.90",14,1
"2025-09-26","Brazil","com.psafe.msuite.pro_1mo_3.90",5,1
"2025-09-26","Haiti","com.psafe.msuite.pro_1mo_3.90",4,1
"2025-09-27","Brazil","com.psafe.msuite.ultra_12mo_59.90",14,5
"2025-09-27","Brazil","com.psafe.msuite.ads_free_12mo_13.90",7,1
"2025-09-27","Brazil","com.psafe.msuite.ultra_1mo_16.90",6,1
"2025-09-27","Brazil","com.psafe.msuite.pro_lto_12mo_39.90",3,2
"2025-09-28","Brazil","com.psafe.msuite.ads_free_12mo_13.90",20,4
"2025-09-28","Brazil","com.psafe.msuite.ultra_12mo_59.90",18,7
"2025-09-28","United States","com.psafe.msuite.ultra_12mo_59.90",13,1
"2025-09-28","Netherlands","com.psafe.msuite.ultra_12mo_59.90",7,1
"2025-09-28","Brazil","com.psafe.msuite.pro_1mo_3.90",4,1
"2025-09-28","Brazil","com.psafe.msuite.pro_3day_trial_12mo49.9",4,1
"2025-09-28","Brazil","com.psafe.msuite.ultra_1mo_16.90",4,1
"2025-09-29","Brazil","com.psafe.msuite.ultra_12mo_59.90",40,8
"2025-09-29","Brazil","com.psafe.msuite.ads_free_12mo_13.90",16,2
"2025-09-29","Brazil","com.psafe.msuite.pro_12mo_49.90",8,1
"2025-09-29","Algeria","com.psafe.msuite.ultra_12mo_59.90",6,1
"2025-09-29","Brazil","com.psafe.msuite.pro_lto_12mo_39.90",5,1
"2025-09-29","Brazil","com.psafe.msuite.ultra_1mo_16.90",5,1
"2025-09-29","Angola","com.psafe.msuite.ultra_12mo_59.90",1,1
"2025-09-30","Brazil","com.psafe.msuite.ultra_12mo_59.90",18,4
"2025-09-30","United States","com.psafe.msuite.ultra_12mo_59.90",1,1
"2025-10-01","Brazil","com.psafe.msuite.ultra_12mo_59.90",37,5
"2025-10-01","United States","com.psafe.msuite.ultra_12mo_59.90",9,1
"2025-10-01","Brazil","com.psafe.msuite.pro_lto_12mo_39.90",5,1
"2025-10-02","Brazil","com.psafe.msuite.ultra_1mo_16.90",23,2
"2025-10-02","Brazil","com.psafe.msuite.ultra_12mo_59.90",22,6
"2025-10-02","Brazil","com.psafe.msuite.pro_lto_12mo_39.90",15,3
"2025-10-02","United States","com.psafe.msuite.ultra_12mo_59.90",5,1
"2025-10-02","Bangladesh","com.psafe.msuite.ultra_12mo_59.90",4,1
"2025-10-03","Brazil","com.psafe.msuite.ads_free_12mo_13.90",126,2
"2025-10-03","Egypt","com.psafe.msuite.ultra_12mo_59.90",11,1
"2025-10-03","Thailand","com.psafe.msuite.ultra_12mo_59.90",6,1
"2025-10-03","United States","com.psafe.msuite.pro_1mo_3.90",6,1
"2025-10-03","Brazil","com.psafe.msuite.ultra_12mo_59.90",5,2
"2025-10-03","Brazil","com.psafe.msuite.ultra_1mo_16.90",5,1
"2025-10-03","Brazil","com.psafe.msuite.adsfree_lto_12mo",3,1
"2025-10-03","Brazil","com.psafe.msuite.ultra_12mo",2,1
"2025-10-03","Iran","com.psafe.msuite.ultra_12mo_59.90",2,1
"2025-10-03","Ecuador","com.psafe.msuite.ultra_12mo_59.90",1,1
"2025-10-04","Brazil","com.psafe.msuite.ultra_12mo_59.90",58,10
"2025-10-04","Brazil","com.psafe.msuite.ads_free_12mo_13.90",20,3
"2025-10-04","United States","com.psafe.msuite.ultra_12mo_59.90",13,2
"2025-10-04","Thailand","com.psafe.msuite.ultra_1mo_16.90",5,1
"2025-10-04","Bangladesh","com.psafe.msuite.ultra_12mo_59.90",4,1
"2025-10-05","Brazil","com.psafe.msuite.ultra_12mo_59.90",19,6
"2025-10-05","Brazil","com.psafe.msuite.ultra_1mo_16.90",4,1
"2025-10-05","Brazil","com.psafe.msuite.pro_3day_trial_12mo49.9",3,1
"2025-10-05","Mexico","com.psafe.msuite.ads_free_12mo_13.90",1,1
"2025-10-05","United States","com.psafe.msuite.ultra_12mo_59.90",1,1
"2025-10-06","Brazil","com.psafe.msuite.ultra_12mo_59.90",45,4
"2025-10-06","Brazil","com.psafe.msuite.ultra_1mo_16.90",6,2
"2025-10-06","United States","com.psafe.msuite.ultra_12mo_59.90",6,2
"2025-10-06","Thailand","com.psafe.msuite.ultra_12mo_59.90",3,1
"2025-10-06","France","com.psafe.msuite.ultra_12mo_59.90",2,1
"2025-10-07","Brazil","com.psafe.msuite.ultra_12mo_59.90",24,1
"2025-10-07","Brazil","com.psafe.msuite.ads_free_12mo_13.90",16,2
"2025-10-07","Brazil","com.psafe.msuite.ultra_1mo_16.90",7,1
"2025-10-08","Brazil","com.psafe.msuite.ultra_12mo_59.90",66,3
"2025-10-08","Brazil","com.psafe.msuite.ads_free_12mo_13.90",13,2
"2025-10-08","United States","com.psafe.msuite.ultra_12mo_59.90",12,3
"2025-10-08","Syria","com.psafe.msuite.ultra_12mo_59.90",8,1
"2025-10-08","Bangladesh","com.psafe.msuite.ultra_12mo_59.90",5,1
"2025-10-08","France","com.psafe.msuite.ultra_12mo_59.90",5,1
"2025-10-08","Netherlands","com.psafe.msuite.ultra_12mo_59.90",5,1
"2025-10-09","Brazil","com.psafe.msuite.ultra_12mo_59.90",50,10
"2025-10-09","Thailand","com.psafe.msuite.ultra_1mo_16.90",16,1
"2025-10-09","France","com.psafe.msuite.ultra_12mo_59.90",10,1
"2025-10-09","United States","com.psafe.msuite.ultra_12mo_59.90",9,1
"2025-10-09","Bangladesh","com.psafe.msuite.ultra_12mo_59.90",8,1
"2025-10-09","United Arab Emirates","com.psafe.msuite.ultra_12mo_59.90",4,1
"2025-10-09","Brazil","com.psafe.msuite.ads_free_12mo_13.90",2,1
"2025-10-10","Brazil","com.psafe.msuite.ads_free_12mo_13.90",34,3
"2025-10-10","Thailand","com.psafe.msuite.ultra_12mo_59.90",13,1
"2025-10-10","Philippines","com.psafe.msuite.ultra_12mo_59.90",7,1
"2025-10-10","Saudi Arabia","com.psafe.msuite.ultra_12mo_59.90",5,1
"2025-10-10","Brazil","com.psafe.msuite.ultra_12mo_59.90",4,1
"2025-10-10","Philippines","com.psafe.msuite.ads_free_12mo_13.90",2,1
"2025-10-11","Brazil","com.psafe.msuite.ultra_12mo_59.90",46,6
"2025-10-11","Brazil","com.psafe.msuite.ads_free_12mo_13.90",32,3
"2025-10-11","Syria","com.psafe.msuite.ultra_12mo_59.90",9,1
"2025-10-11","Bangladesh","com.psafe.msuite.ultra_12mo_59.90",6,1
"2025-10-11","Bangladesh","com.psafe.msuite.ultra_1mo_16.90",5,1
"2025-10-11","Brazil","com.psafe.msuite.ultra_1mo_16.90",4,1
"2025-10-12","Brazil","com.psafe.msuite.ultra_12mo_59.90",19,6
"2025-10-12","Brazil","com.psafe.msuite.ads_free_12mo_13.90",13,2
"2025-10-12","Brazil","com.psafe.msuite.ultra_1mo_16.90",11,2
"2025-10-12","Bangladesh","com.psafe.msuite.ultra_12mo_59.90",6,1
"2025-10-12","Bangladesh","com.psafe.msuite.ultra_1mo_16.90",4,1
"2025-10-13","Brazil","com.psafe.msuite.ultra_12mo_59.90",80,4
"2025-10-13","Thailand","com.psafe.msuite.ads_free_12mo_13.90",10,2
"2025-10-13","Thailand","com.psafe.msuite.ultra_1mo_16.90",3,1
"2025-10-13","Brazil","com.psafe.msuite.pro_12mo_49.90",2,1
"2025-10-14","Brazil","com.psafe.msuite.ultra_12mo_59.90",25,8
"2025-10-14","Brazil","com.psafe.msuite.ads_free_12mo_13.90",10,3
"2025-10-15","Brazil","com.psafe.msuite.ultra_12mo_59.90",56,9
"2025-10-15","Bangladesh","com.psafe.msuite.ultra_12mo_59.90",5,1
"2025-10-15","Bhutan","com.psafe.msuite.ultra_12mo_59.90",5,1
"2025-10-15","Brazil","com.psafe.msuite.ads_free_12mo_13.90",4,2
"2025-10-16","Brazil","com.psafe.msuite.ultra_12mo_59.90",19,5
"2025-10-16","Brazil","com.psafe.msuite.ultra_1mo_16.90",8,2
"2025-10-16","Brazil","com.psafe.msuite.ads_free_12mo_13.90",7,1
"2025-10-16","India","com.psafe.msuite.ultra_1mo_16.90",5,1
"2025-10-16","United States","com.psafe.msuite.ultra_12mo_59.90",1,1
"2025-10-17","Brazil","com.psafe.msuite.ultra_12mo_59.90",8,1
"2025-10-17","Bangladesh","com.psafe.msuite.ultra_12mo",6,1
"2025-10-17","United States","com.psafe.msuite.ultra_12mo_59.90",5,1
"2025-10-17","Brazil","com.psafe.msuite.ads_free_12mo_13.90",3,2
"2025-10-17","Myanmar (Burma)","com.psafe.msuite.ads_free_12mo",3,1
"2025-10-17","Brazil","com.psafe.msuite.ultra_1mo_16.90",2,1
"2025-10-18","Brazil","com.psafe.msuite.ultra_12mo_59.90",64,14
"2025-10-18","Brazil","com.psafe.msuite.ads_free_12mo_13.90",14,2
"2025-10-18","Brazil","com.psafe.msuite.pro_lto_12mo_39.90",1,1
"2025-10-19","Brazil","com.psafe.msuite.ultra_12mo_59.90",36,4
"2025-10-19","Brazil","com.psafe.msuite.ads_free_12mo_13.90",10,1
"2025-10-19","Brazil","com.psafe.msuite.pro_3day_trial_12mo49.9",5,1
"2025-10-19","Algeria","com.psafe.msuite.ultra_12mo",1,1
"2025-10-19","Brazil","com.psafe.msuite.ultra_1mo_16.90",1,1
"2025-10-20","Brazil","com.psafe.msuite.ultra_12mo_59.90",35,4
"2025-10-20","Brazil","com.psafe.msuite.ads_free_12mo_13.90",8,2
"2025-10-20","Algeria","com.psafe.msuite.ultra_12mo_59.90",6,1
"2025-10-20","Brazil","com.psafe.msuite.adsfree_lto_12mo",5,1
"2025-10-20","Brazil","com.psafe.msuite.ultra_1mo_16.90",5,2
"2025-10-21","Iran","com.psafe.msuite.ultra_12mo_59.90",57,1
"2025-10-21","Brazil","com.psafe.msuite.ads_free_12mo_13.90",35,3
"2025-10-21","United States","com.psafe.msuite.ultra_12mo_59.90",17,1
"2025-10-21","Brazil","com.psafe.msuite.ultra_12mo_59.90",12,4
"2025-10-21","Iran","com.psafe.msuite.ads_free_12mo_13.90",6,1
"2025-10-21","Portugal","com.psafe.msuite.ultra_12mo_59.90",6,1
"2025-10-22","Brazil","com.psafe.msuite.ultra_12mo_59.90",39,9
"2025-10-22","Brazil","com.psafe.msuite.ads_free_12mo_13.90",7,2
"2025-10-22","Brazil","com.psafe.msuite.pro_3day_trial_12mo49.9",5,1
"2025-10-22","Thailand","com.psafe.msuite.ads_free_12mo_13.90",2,1
"2025-10-23","Brazil","com.psafe.msuite.ultra_12mo_59.90",12,4
"2025-10-23","Brazil","com.psafe.msuite.ads_free_12mo_13.90",7,2
"2025-10-23","Egypt","com.psafe.msuite.ultra_12mo_59.90",7,2
"2025-10-23","United Kingdom","com.psafe.msuite.ultra_12mo_59.90",7,1
"2025-10-23","United States","com.psafe.msuite.ultra_12mo_59.90",5,1
"2025-10-24","Brazil","com.psafe.msuite.ultra_12mo_59.90",63,10
"2025-10-24","Brazil","com.psafe.msuite.ultra_1mo_16.90",6,2
"2025-10-24","Germany","com.psafe.msuite.ultra_12mo_59.90",4,1
"2025-10-24","Madagascar","com.psafe.msuite.ads_free_12mo_13.90",2,1
"2025-10-25","Brazil","com.psafe.msuite.ultra_12mo_59.90",28,8
"2025-10-25","Bangladesh","com.psafe.msuite.ultra_12mo_59.90",10,2
"2025-10-25","Brazil","com.psafe.msuite.ads_free_12mo_13.90",9,2
"2025-10-25","Iran","com.psafe.msuite.ultra_12mo_59.90",4,1
"2025-10-25","Nigeria","com.psafe.msuite.ultra_12mo_59.90",4,1
"2025-10-25","United States","com.psafe.msuite.ultra_12mo_59.90",1,1
"2025-10-25","United States","com.psafe.msuite.ultra_1mo_16.90",1,1
"2025-10-26","Brazil","com.psafe.msuite.ultra_12mo_59.90",62,7
"2025-10-26","Brazil","com.psafe.msuite.ads_free_12mo_13.90",11,1
"2025-10-26","Bangladesh","com.psafe.msuite.ultra_12mo_59.90",4,1
"2025-10-26","Brazil","com.psafe.msuite.pro_3day_trial_12mo49.9",4,1
"2025-10-26","Brazil","com.psafe.msuite.ultra_1mo_16.90",2,1
"2025-10-26","United States","com.psafe.msuite.ultra_12mo_59.90",2,1
"2025-10-27","Brazil","com.psafe.msuite.ads_free_12mo_13.90",94,3
"2025-10-27","Bangladesh","com.psafe.msuite.ads_free_12mo_13.90",5,1
"2025-10-27","Bangladesh","com.psafe.msuite.pro_3day_trial_12mo49.9",5,1
"2025-10-27","United States","com.psafe.msuite.ultra_12mo_59.90",5,1
"2025-10-27","Bangladesh","com.psafe.msuite.ultra_12mo_59.90",3,1
"2025-10-27","Brazil","com.psafe.msuite.ultra_12mo_59.90",3,2
"2025-10-27","Peru","com.psafe.msuite.pro_1mo_3.90",3,1
"2025-10-27","India","com.psafe.msuite.ultra_12mo",2,1
"2025-10-27","Peru","com.psafe.msuite.ads_free_12mo_13.90",2,1
"2025-10-27","China","com.psafe.msuite.ultra_12mo_59.90",1,1
"2025-10-27","Mozambique","com.psafe.msuite.ads_free_12mo_13.90",1,1
"2025-10-28","Brazil","com.psafe.msuite.ultra_12mo_59.90",9,5
"2025-10-28","United States","com.psafe.msuite.ultra_12mo_59.90",9,1
"2025-10-28","Egypt","com.psafe.msuite.ultra_12mo_59.90",7,1
"2025-10-28","Brazil","com.psafe.msuite.pro_lto_12mo_39.90",5,1
"2025-10-28","Syria","com.psafe.msuite.ultra_12mo",2,1
"2025-10-28","Brazil","com.psafe.msuite.ads_free_12mo_13.90",1,1
"2025-10-29","Saudi Arabia","com.psafe.msuite.ultra_12mo_59.90",8,1
"2025-10-29","Brazil","com.psafe.msuite.ultra_12mo_59.90",6,4
"2025-10-29","Brazil","com.psafe.msuite.ads_free_12mo_13.90",4,1
"2025-10-30","Brazil","com.psafe.msuite.ultra_12mo_59.90",19,5
"2025-10-30","Brazil","com.psafe.msuite.ads_free_12mo_13.90",11,5
"2025-10-30","Iran","com.psafe.msuite.ultra_12mo",2,1
"2025-10-31","Brazil","com.psafe.msuite.ultra_12mo_59.90",24,5
"2025-10-31","Brazil","com.psafe.msuite.ads_free_12mo_13.90",9,2
"2025-10-31","Singapore","com.psafe.msuite.ultra_12mo_59.90",6,1
"2025-10-31","Egypt","com.psafe.msuite.ultra_12mo_59.90",3,1
"2025-10-31","Romania","com.psafe.msuite.ultra_12mo_59.90",2,1
"2025-10-31","Brazil","com.psafe.msuite.ultra_1mo_16.90",1,1
"2025-10-31","Russia","com.psafe.msuite.ultra_12mo_59.90",1,1
"2025-11-01","Brazil","com.psafe.msuite.ultra_12mo_59.90",31,6
"2025-11-01","United States","com.psafe.msuite.ultra_12mo_59.90",7,1
"2025-11-01","Botswana","com.psafe.msuite.ads_free_12mo_13.90",1,1
"2025-11-01","Brazil","com.psafe.msuite.adsfree_lto_12mo",1,1
"2025-11-01","Brazil","com.psafe.msuite.ultra_1mo_16.90",1,1
"2025-11-02","Brazil","com.psafe.msuite.ultra_12mo_59.90",55,8
"2025-11-02","Brazil","com.psafe.msuite.ads_free_12mo_13.90",12,2
"2025-11-02","United States","com.psafe.msuite.ultra_12mo_59.90",12,2
"2025-11-02","Niger","com.psafe.msuite.ads_free_12mo_13.90",4,1
"2025-11-02","Algeria","com.psafe.msuite.ultra_12mo_59.90",2,1
"2025-11-02","Brazil","com.psafe.msuite.ultra_1mo_16.90",2,1
"2025-11-02","Vietnam","com.psafe.msuite.pro_3day_trial_12mo49.9",2,1
"2025-11-02","Vietnam","com.psafe.msuite.pro_1mo_3.90",1,1
"2025-11-03","Brazil","com.psafe.msuite.ultra_12mo_59.90",5,1
"2025-11-03","Brazil","com.psafe.msuite.ads_free_12mo_13.90",2,1
"2025-11-04","Brazil","com.psafe.msuite.ultra_12mo_59.90",33,7
"2025-11-04","Brazil","com.psafe.msuite.pro_3day_trial_12mo49.9",21,1
"2025-11-04","Brazil","com.psafe.msuite.ads_free_12mo_13.90",13,4
"2025-11-04","United States","com.psafe.msuite.ultra_12mo_59.90",13,3
"2025-11-04","Brazil","com.psafe.msuite.ultra_1mo_16.90",11,2
"2025-11-04","Iran","com.psafe.msuite.ultra_12mo",1,1
"2025-11-05","Brazil","com.psafe.msuite.ultra_12mo_59.90",43,10
"2025-11-05","Brazil","com.psafe.msuite.ultra_1mo_16.90",19,1
"2025-11-05","United States","com.psafe.msuite.ultra_12mo_59.90",18,2
"2025-11-05","Pakistan","com.psafe.msuite.ultra_12mo_59.90",8,1
"2025-11-06","Brazil","com.psafe.msuite.ultra_12mo_59.90",36,8
"2025-11-06","Brazil","com.psafe.msuite.ultra_1mo_16.90",25,3
"2025-11-06","Brazil","com.psafe.msuite.ads_free_12mo_13.90",12,1
"2025-11-06","South Korea","com.psafe.msuite.ultra_12mo_59.90",8,1
"2025-11-06","Brazil","com.psafe.msuite.pro_1mo_3.90",7,1
"2025-11-06","Brazil","com.psafe.msuite.pro_lto_12mo_39.90",7,2
"2025-11-06","Egypt","com.psafe.msuite.ultra_12mo_59.90",7,1
"2025-11-06","United States","com.psafe.msuite.pro_lto_12mo_39.90",5,1
"2025-11-06","Philippines","com.psafe.msuite.ultra_1mo_16.90",2,1
"2025-11-07","Brazil","com.psafe.msuite.ultra_12mo_59.90",26,5
"2025-11-07","Brazil","com.psafe.msuite.pro_lto_12mo_39.90",10,1
"2025-11-07","Bangladesh","com.psafe.msuite.pro_3day_trial_12mo49.9",6,1
"2025-11-07","Jordan","com.psafe.msuite.ultra_12mo_59.90",5,1
"2025-11-07","Bangladesh","com.psafe.msuite.pro_1mo_3.90",4,1
"2025-11-07","Bangladesh","com.psafe.msuite.ultra_12mo_59.90",3,1
"2025-11-08","Brazil","com.psafe.msuite.ads_free_12mo_13.90",54,3
"2025-11-08","United States","com.psafe.msuite.ultra_12mo_59.90",13,2
"2025-11-08","Brazil","com.psafe.msuite.ultra_12mo_59.90",11,3
"2025-11-08","Mexico","com.psafe.msuite.ultra_12mo_59.90",6,1
"2025-11-08","Brazil","com.psafe.msuite.pro_lto_12mo_39.90",5,1
"2025-11-09","Brazil","com.psafe.msuite.ultra_12mo_59.90",32,3
"2025-11-09","Brazil","com.psafe.msuite.pro_lto_12mo_39.90",6,2
"2025-11-09","Egypt","com.psafe.msuite.ultra_12mo_59.90",4,1
"2025-11-09","Brazil","com.psafe.msuite.ads_free_12mo_13.90",1,1
"2025-11-09","United States","com.psafe.msuite.pro_lto_12mo_39.90",1,1
"2025-11-10","Brazil","com.psafe.msuite.pro_lto_12mo_39.90",14,4
"2025-11-10","Brazil","com.psafe.msuite.ultra_12mo_59.90",8,2
"2025-11-10","United States","com.psafe.msuite.ultra_12mo_59.90",7,1
"2025-11-10","Brazil","com.psafe.msuite.ultra_1mo_16.90",6,1
"2025-11-10","Brazil","com.psafe.msuite.ads_free_12mo_13.90",4,1
"2025-11-10","Saudi Arabia","com.psafe.msuite.ultra_12mo_59.90",4,1
"2025-11-10","South Korea","com.psafe.msuite.ultra_12mo_59.90",3,1
"2025-11-10","Mexico","com.psafe.msuite.pro_1mo_3.90",1,1
"2025-11-10","United States","com.psafe.msuite.pro_lto_12mo_39.90",1,1
"2025-11-11","Brazil","com.psafe.msuite.ultra_12mo_59.90",44,7
"2025-11-11","Brazil","(not set)",22,1
"2025-11-11","Brazil","com.psafe.msuite.pro_12mo_49.90",12,1
"2025-11-11","Brazil","com.psafe.msuite.pro_3day_trial_12mo49.9",10,1
"2025-11-11","Brazil","com.psafe.msuite.ads_free_12mo_13.90",8,2
"2025-11-11","Algeria","com.psafe.msuite.ultra_12mo_59.90",5,1
"2025-11-11","Brazil","com.psafe.msuite.pro_1mo_3.90",3,1
"2025-11-11","Brazil","com.psafe.msuite.pro_lto_12mo_39.90",2,1
"2025-11-12","Brazil","com.psafe.msuite.ultra_12mo_59.90",17,5
"2025-11-13","Brazil","com.psafe.msuite.ads_free_12mo_13.90",18,2
"2025-11-13","Brazil","com.psafe.msuite.ultra_12mo_59.90",13,5
"2025-11-13","United States","com.psafe.msuite.ultra_1mo_16.90",9,1
"2025-11-13","United States","com.psafe.msuite.ultra_12mo_59.90",6,1
"2025-11-13","Brazil","com.psafe.msuite.pro_lto_12mo_39.90",4,1
"2025-11-14","Brazil","com.psafe.msuite.ultra_12mo_59.90",29,5
"2025-11-14","Brazil","com.psafe.msuite.ads_free_12mo_13.90",8,2
"2025-11-14","Brazil","com.psafe.msuite.ultra_1mo_16.90",5,2
"2025-11-14","Algeria","com.psafe.msuite.ultra_12mo_59.90",4,1
"2025-11-14","Syria","com.psafe.msuite.ultra_12mo",2,1
"2025-11-14","United States","com.psafe.msuite.ultra_12mo_59.90",1,1
"2025-11-15","Brazil","com.psafe.msuite.pro_lto_12mo_39.90",70,2
"2025-11-15","Brazil","com.psafe.msuite.ultra_12mo_59.90",35,7
"2025-11-15","Brazil","com.psafe.msuite.ads_free_12mo_13.90",10,2
"2025-11-15","United States","com.psafe.msuite.ultra_12mo_59.90",6,1
"2025-11-15","Brazil","com.psafe.msuite.ultra_1mo_16.90",4,1
"2025-11-15","Iran","com.psafe.msuite.pro_3day_trial_12mo49.9",2,1
"2025-11-16","Brazil","com.psafe.msuite.ultra_12mo_59.90",27,6
"2025-11-16","United States","com.psafe.msuite.pro_lto_12mo_39.90",10,1
"2025-11-16","Brazil","com.psafe.msuite.ads_free_12mo_13.90",9,2
"2025-11-16","Iran","com.psafe.msuite.ultra_12mo",5,1
"2025-11-16","Bangladesh","com.psafe.msuite.ultra_12mo_59.90",4,1
"2025-11-16","Thailand","com.psafe.msuite.ultra_12mo_59.90",4,1
"2025-11-16","United States","com.psafe.msuite.ultra_12mo_59.90",4,1
"2025-11-16","Brazil","com.psafe.msuite.ultra_1mo_16.90",2,1
"2025-11-17","Brazil","com.psafe.msuite.ultra_12mo_59.90",25,8
"2025-11-17","Brazil","com.psafe.msuite.ads_free_12mo_13.90",7,3
"2025-11-17","Iran","com.psafe.msuite.ultra_12mo_59.90",7,1
"2025-11-17","Brazil","com.psafe.msuite.pro_lto_12mo_39.90",4,3
"2025-11-17","Guatemala","com.psafe.msuite.ultra_12mo_59.90",4,1
"2025-11-17","United States","com.psafe.msuite.ads_free_12mo_13.90",2,1
"2025-11-18","Brazil","com.psafe.msuite.ultra_12mo_59.90",102,11
"2025-11-18","United States","com.psafe.msuite.ultra_12mo_59.90",13,2
"2025-11-18","Brazil","com.psafe.msuite.pro_lto_12mo_39.90",9,2
"2025-11-18","Iran","com.psafe.msuite.ultra_12mo",3,1
"2025-11-18","India","com.psafe.msuite.ultra_12mo_59.90",1,1
"2025-11-18","Jamaica","com.psafe.msuite.ultra_12mo_59.90",1,1
"2025-11-18","United States","com.psafe.msuite.ads_free_12mo_13.90",1,1
"2025-11-19","Brazil","com.psafe.msuite.ultra_12mo_59.90",48,7
"2025-11-19","Brazil","com.psafe.msuite.ads_free_12mo_13.90",28,2
"2025-11-19","Brazil","com.psafe.msuite.ultra_1mo_16.90",8,2
"2025-11-19","Brazil","com.psafe.msuite.pro_3day_trial_12mo49.9",5,1
"2025-11-19","Mexico","com.psafe.msuite.ads_free_12mo_13.90",5,1
"2025-11-19","Bangladesh","com.psafe.msuite.ultra_12mo_59.90",4,1
"2025-11-19","Iran","com.psafe.msuite.ultra_12mo",1,1
"2025-11-20","Brazil","com.psafe.msuite.ultra_12mo_59.90",20,5
"2025-11-20","Brazil","com.psafe.msuite.ads_free_12mo_13.90",9,2
"2025-11-20","Brazil","com.psafe.msuite.pro_lto_12mo_39.90",4,1
"2025-11-20","India","com.psafe.msuite.ultra_12mo_59.90",4,1
"2025-11-20","Netherlands","com.psafe.msuite.ultra_12mo_59.90",4,1
"2025-11-20","Samoa","com.psafe.msuite.pro_12mo_49.90",4,1
"2025-11-21","Brazil","com.psafe.msuite.ultra_12mo_59.90",20,5
"2025-11-21","Brazil","com.psafe.msuite.pro_lto_12mo_39.90",13,3
"2025-11-21","Brazil","com.psafe.msuite.ads_free_12mo_13.90",7,2
"2025-11-21","Egypt","com.psafe.msuite.ultra_12mo_59.90",6,1
"2025-11-21","Iran","com.psafe.msuite.ultra_12mo",2,1
"2025-11-22","Brazil","com.psafe.msuite.ads_free_12mo_13.90",18,2
"2025-11-22","Brazil","com.psafe.msuite.ultra_12mo_59.90",17,5
"2025-11-22","Brazil","com.psafe.msuite.pro_1mo_3.90",4,1
"2025-11-22","Brazil","com.psafe.msuite.pro_3day_trial_12mo49.9",4,1
"2025-11-23","Brazil","com.psafe.msuite.ultra_12mo_59.90",21,7
"2025-11-23","United States","com.psafe.msuite.ultra_12mo_59.90",7,2
"2025-11-23","Brazil","com.psafe.msuite.pro_lto_12mo_39.90",5,1
"2025-11-24","Pakistan","com.psafe.msuite.ultra_12mo_59.90",23,1
"2025-11-24","Brazil","com.psafe.msuite.ads_free_12mo_13.90",17,2
"2025-11-24","Brazil","com.psafe.msuite.ultra_12mo_59.90",15,3
"2025-11-24","Bangladesh","com.psafe.msuite.ultra_12mo_59.90",2,1
"2025-11-24","Egypt","com.psafe.msuite.ultra_12mo_59.90",2,1
"2025-11-24","Brazil","com.psafe.msuite.pro_lto_12mo_39.90",1,1
"2025-11-25","Brazil","com.psafe.msuite.ultra_12mo_59.90",23,4
"2025-11-25","United States","com.psafe.msuite.ultra_12mo_59.90",5,1
"2025-11-25","Brazil","com.psafe.msuite.ads_free_12mo_13.90",2,1
"2025-11-25","Kiribati","com.psafe.msuite.ads_free_12mo_13.90",2,1
"2025-11-25","Lithuania","com.psafe.msuite.ultra_12mo_59.90",2,1
"2025-11-26","Brazil","com.psafe.msuite.ultra_12mo_59.90",41,8
"2025-11-26","Brazil","com.psafe.msuite.ads_free_12mo_13.90",27,4
"2025-11-26","Chile","com.psafe.msuite.pro_lto_12mo_39.90",9,1
"2025-11-26","Brazil","com.psafe.msuite.pro_lto_12mo_39.90",6,1
"2025-11-27","Brazil","com.psafe.msuite.ultra_12mo_59.90",21,4
"2025-11-27","Brazil","com.psafe.msuite.ads_free_12mo_13.90",9,3
"2025-11-27","Brazil","com.psafe.msuite.pro_lto_12mo_39.90",6,2
"2025-11-27","Brazil","com.psafe.msuite.ultra_12mo",2,1
"2025-11-28","Brazil","com.psafe.msuite.ultra_12mo_59.90",24,7
"2025-11-28","Brazil","com.psafe.msuite.pro_1mo_3.90",6,1
"2025-11-28","Brazil","com.psafe.msuite.ads_free_12mo_13.90",5,2
"2025-11-28","Brazil","com.psafe.msuite.pro_3day_trial_12mo49.9",5,1
"2025-11-29","Brazil","com.psafe.msuite.ultra_12mo_59.90",20,4
"2025-11-29","Brazil","com.psafe.msuite.ads_free_12mo_13.90",9,3
"2025-11-29","Bangladesh","com.psafe.msuite.ultra_12mo_59.90",5,1
"2025-11-29","India","com.psafe.msuite.ultra_12mo_59.90",5,1
"2025-11-29","Brazil","com.psafe.msuite.pro_3day_trial_12mo49.9",2,1
"2025-11-29","Dominican Republic","com.psafe.msuite.ultra_12mo_59.90",2,1
"2025-11-29","Dominican Republic","com.psafe.msuite.ads_free_12mo_13.90",1,1
"2025-11-30","Brazil","com.psafe.msuite.ads_free_12mo_13.90",19,2
"2025-11-30","Brazil","com.psafe.msuite.ultra_12mo_59.90",14,6
"2025-11-30","Iran","com.psafe.msuite.ultra_12mo",7,1
"2025-11-30","Thailand","com.psafe.msuite.ultra_1mo_16.90",7,1
"2025-11-30","Egypt","com.psafe.msuite.ultra_12mo_59.90",4,1
"2025-11-30","Netherlands","com.psafe.msuite.ultra_12mo_59.90",4,1
"2025-11-30","Iran","com.psafe.msuite.ultra_12mo_59.90",1,1
"2025-12-01","Brazil","com.psafe.msuite.ads_free_12mo_13.90",11,2
"2025-12-01","Brazil","com.psafe.msuite.ultra_12mo_59.90",7,2
"2025-12-01","United States","com.psafe.msuite.ultra_12mo_59.90",1,1
"2025-12-02","Brazil","com.psafe.msuite.ultra_1mo_16.90",207,3
"2025-12-02","Brazil","com.psafe.msuite.ultra_12mo_59.90",31,8
"2025-12-02","Peru","com.psafe.msuite.ultra_1mo_16.90",6,1
"2025-12-02","Brazil","com.psafe.msuite.ads_free_12mo_13.90",4,1
"2025-12-03","Brazil","com.psafe.msuite.ultra_12mo_59.90",198,4
"2025-12-03","Brazil","com.psafe.msuite.ads_free_12mo_13.90",24,3
"2025-12-03","Bangladesh","com.psafe.msuite.pro_1mo_3.90",2,1
"2025-12-04","Brazil","com.psafe.msuite.ads_free_12mo_13.90",27,3
"2025-12-04","Brazil","com.psafe.msuite.ultra_12mo_59.90",27,8
"2025-12-04","Kuwait","com.psafe.msuite.ultra_12mo_59.90",5,1
"2025-12-04","United States","com.psafe.msuite.ultra_12mo_59.90",5,1
"2025-12-04","Egypt","com.psafe.msuite.ultra_12mo_59.90",4,1
"2025-12-04","Egypt","com.psafe.msuite.pro_1mo_3.90",1,1
"2025-12-04","France","com.psafe.msuite.ads_free_12mo_13.90",1,1
"2025-12-05","Brazil","com.psafe.msuite.ultra_12mo_59.90",32,7
"2025-12-05","Brazil","com.psafe.msuite.ads_free_12mo_13.90",14,1
"2025-12-05","Brazil","com.psafe.msuite.ultra_1mo_16.90",13,1
"2025-12-05","Brazil","com.psafe.msuite.pro_1mo_3.90",11,2
"2025-12-05","Algeria","com.psafe.msuite.ultra_12mo_59.90",6,1
"2025-12-05","United States","com.psafe.msuite.ultra_12mo_59.90",5,1
"2025-12-05","Brazil","com.psafe.msuite.pro_3day_trial_12mo49.9",4,1
"2025-12-05","Afghanistan","com.psafe.msuite.ads_free_12mo_13.90",1,1
"2025-12-06","Brazil","com.psafe.msuite.ultra_12mo_59.90",30,8
"2025-12-06","Brazil","com.psafe.msuite.ads_free_12mo_13.90",19,2
"2025-12-06","Brazil","com.psafe.msuite.ultra_1mo_16.90",7,1
"2025-12-06","Brazil","com.psafe.msuite.pro_1mo_3.90",4,1
"2025-12-06","Brazil","com.psafe.msuite.pro_lto_12mo_39.90",4,1
"2025-12-06","Saudi Arabia","com.psafe.msuite.ultra_12mo_59.90",4,1
"2025-12-06","Tunisia","com.psafe.msuite.ultra_12mo_59.90",3,1
"2025-12-07","Tunisia","com.psafe.msuite.ultra_12mo_59.90",6,1
"2025-12-07","Brazil","com.psafe.msuite.ultra_12mo_59.90",5,2
"2025-12-07","Egypt","com.psafe.msuite.ultra_12mo_59.90",4,1
"2025-12-07","Iran","com.psafe.msuite.ultra_12mo_59.90",4,1
"2025-12-07","Philippines","com.psafe.msuite.pro_3day_trial_12mo49.9",4,1
"2025-12-07","Brazil","com.psafe.msuite.ads_free_12mo_13.90",2,1
"2025-12-07","Dominican Republic","com.psafe.msuite.ads_free_12mo_13.90",2,1
"2025-12-08","Brazil","com.psafe.msuite.ultra_12mo_59.90",27,8
"2025-12-08","Egypt","com.psafe.msuite.ultra_12mo_59.90",11,2
"2025-12-08","Brazil","com.psafe.msuite.pro_3day_trial_12mo49.9",6,1
"2025-12-09","Brazil","com.psafe.msuite.ultra_12mo_59.90",22,6
"2025-12-09","Brazil","com.psafe.msuite.ultra_1mo_16.90",8,2
"2025-12-09","United States","com.psafe.msuite.ads_free_12mo_13.90",3,1
"2025-12-09","United States","com.psafe.msuite.ultra_1mo_16.90",2,1
"2025-12-09","United States","com.psafe.msuite.ultra_12mo_59.90",1,1
"2025-12-10","Brazil","com.psafe.msuite.ultra_1mo_16.90",51,1
"2025-12-10","Brazil","com.psafe.msuite.ultra_12mo_59.90",36,9
"2025-12-10","India","com.psafe.msuite.ultra_12mo_59.90",15,2
"2025-12-10","Brazil","com.psafe.msuite.ads_free_12mo_13.90",8,2
"2025-12-10","Brazil","com.psafe.msuite.pro_3day_trial_12mo49.9",7,1
"2025-12-10","Sudan","com.psafe.msuite.ultra_12mo_59.90",3,1
"2025-12-10","Iran","com.psafe.msuite.ultra_12mo",2,1
"2025-12-10","United States","com.psafe.msuite.adsfree_lto_12mo",1,1
"2025-12-11","Brazil","com.psafe.msuite.ultra_12mo_59.90",40,6
"2025-12-11","Brazil","com.psafe.msuite.ads_free_12mo_13.90",11,1
"2025-12-11","United States","com.psafe.msuite.ultra_12mo_59.90",5,2
"2025-12-11","Brazil","com.psafe.msuite.ultra_1mo_16.90",4,1
"2025-12-12","Brazil","com.psafe.msuite.ultra_12mo_59.90",12,5
"2025-12-12","Egypt","com.psafe.msuite.ultra_12mo_59.90",7,1
"2025-12-12","Brazil","com.psafe.msuite.ads_free_12mo_13.90",6,2
"2025-12-12","Brazil","com.psafe.msuite.ultra_1mo_16.90",3,2
"2025-12-13","Brazil","com.psafe.msuite.ultra_12mo_59.90",34,8
"2025-12-13","United States","com.psafe.msuite.ultra_12mo_59.90",8,2
"2025-12-13","Brazil","com.psafe.msuite.pro_3day_trial_12mo49.9",6,1
"2025-12-14","Brazil","com.psafe.msuite.ultra_12mo_59.90",26,7
"2025-12-14","United States","com.psafe.msuite.ultra_12mo_59.90",10,2
"2025-12-14","Brazil","com.psafe.msuite.pro_1mo_3.90",7,1
"2025-12-14","Brazil","com.psafe.msuite.ultra_1mo_16.90",5,1
"2025-12-15","United States","com.psafe.msuite.pro_1mo_3.90",1913,1
"2025-12-15","Brazil","com.psafe.msuite.ads_free_12mo_13.90",15,4
"2025-12-15","Brazil","com.psafe.msuite.ultra_12mo_59.90",10,3
"2025-12-15","Brazil","com.psafe.msuite.pro_1mo_3.90",5,1
"2025-12-15","Djibouti","com.psafe.msuite.ads_free_12mo_13.90",2,1
"2025-12-15","Brazil","com.psafe.msuite.ultra_1mo_16.90",1,1
"2025-12-15","United States","com.psafe.msuite.ads_free_12mo_13.90",1,1
"2025-12-16","Brazil","com.psafe.msuite.ultra_12mo_59.90",46,6
"2025-12-16","Brazil","com.psafe.msuite.ads_free_12mo_13.90",5,1
"2025-12-16","Brazil","com.psafe.msuite.ultra_1mo_16.90",4,1
"2025-12-16","Bangladesh","com.psafe.msuite.ultra_12mo_59.90",2,1
"2025-12-16","United States","com.psafe.msuite.ultra_12mo_59.90",1,1
"2025-12-17","Brazil","com.psafe.msuite.ultra_12mo_59.90",24,6
"2025-12-17","Brazil","com.psafe.msuite.ads_free_12mo_13.90",11,2
"2025-12-17","Madagascar","com.psafe.msuite.ads_free_12mo",2,1
"2025-12-17","Egypt","com.psafe.msuite.ultra_12mo_59.90",1,1
"2025-12-18","Brazil","com.psafe.msuite.ultra_12mo_59.90",37,8
"2025-12-18","Brazil","pro_yearly",7,1
"2025-12-18","Brazil","pro_bimonthly",5,1
"2025-12-18","Brazil","ultra_yearly_1",5,1
"2025-12-18","Egypt","com.psafe.msuite.ultra_12mo_59.90",4,1
"2025-12-18","Brazil","com.psafe.msuite.ads_free_12mo_13.90",2,1
"2025-12-18","India","com.psafe.msuite.ultra_12mo_59.90",2,1
"2025-12-19","Brazil","com.psafe.msuite.ultra_12mo_59.90",19,6
"2025-12-19","Bangladesh","com.psafe.msuite.ultra_12mo_59.90",6,1
"2025-12-19","Egypt","com.psafe.msuite.ultra_12mo_59.90",5,1
"2025-12-19","Sweden","com.psafe.msuite.ultra_12mo_59.90",4,1
"2025-12-19","Brazil","com.psafe.msuite.ads_free_12mo_13.90",2,1
"2025-12-19","Sudan","com.psafe.msuite.ultra_12mo_59.90",2,1
"2025-12-20","Brazil","com.psafe.msuite.ultra_12mo_59.90",31,8
"2025-12-20","Brazil","com.psafe.msuite.ads_free_12mo_13.90",18,4
"2025-12-20","Italy","com.psafe.msuite.pro_1mo_3.90",5,1
"2025-12-20","United States","com.psafe.msuite.ultra_12mo_59.90",1,1
"2025-12-21","Brazil","com.psafe.msuite.ultra_12mo_59.90",35,8
"2025-12-21","Egypt","com.psafe.msuite.ultra_12mo_59.90",17,2
"2025-12-21","Iran","com.psafe.msuite.pro_3day_trial_12mo49.9",16,1
"2025-12-21","Brazil","com.psafe.msuite.ads_free_12mo_13.90",2,1
"2025-12-21","Brazil","com.psafe.msuite.ultra_1mo_16.90",2,1
"2025-12-22","Brazil","com.psafe.msuite.ultra_12mo_59.90",17,1
"2025-12-22","Brazil","com.psafe.msuite.ads_free_12mo_13.90",16,3
"2025-12-22","Brazil","test_pro:yearly:default",10,1
"2025-12-22","Bangladesh","com.psafe.msuite.ultra_12mo_59.90",7,1
"2025-12-22","Brazil","test_adsfree:monthly:default",5,1
"2025-12-22","India","com.psafe.msuite.pro_3day_trial_12mo49.9",5,1
"2025-12-22","India","com.psafe.msuite.ultra_12mo_59.90",5,1
"2025-12-22","Egypt","com.psafe.msuite.ultra_12mo_59.90",4,1
"2025-12-22","Egypt","com.psafe.msuite.pro_3day_trial_12mo49.9",3,1
"2025-12-23","Brazil","com.psafe.msuite.ultra_12mo_59.90",395,176
"2025-12-23","United States","com.psafe.msuite.ultra_12mo_59.90",88,88
"2025-12-24","Brazil","com.psafe.msuite.ultra_12mo_59.90",436,305
"2025-12-24","United States","com.psafe.msuite.ultra_12mo_59.90",131,87
"2025-12-24","Iran","com.psafe.msuite.ultra_12mo_59.90",87,44
"2025-12-25","Brazil","com.psafe.msuite.ultra_12mo_59.90",462,294
"2025-12-25","Jordan","com.psafe.msuite.ultra_12mo_59.90",126,42
"2025-12-25","Brazil","com.psafe.msuite.pro_3day_trial_12mo49.9",42,42
"2025-12-26","Brazil","com.psafe.msuite.ads_free_12mo_13.90",344,86
"2025-12-26","Brazil","com.psafe.msuite.ultra_12mo_59.90",215,215
"2025-12-26","United States","com.psafe.msuite.ultra_12mo_59.90",86,86
"2025-12-27","Brazil","com.psafe.msuite.ultra_12mo_59.90",555,342
"2025-12-27","Bangladesh","com.psafe.msuite.ultra_12mo_59.90",85,43
"2025-12-27","Brazil","com.psafe.msuite.ads_free_12mo_13.90",85,85
"2025-12-27","Brazil","com.psafe.msuite.ultra_1mo_16.90",85,85
"2025-12-28","Brazil","com.psafe.msuite.ultra_12mo_59.90",713,378
"2025-12-29","Brazil","com.psafe.msuite.ultra_12mo_59.90",345,345
"2025-12-29","Mozambique","com.psafe.msuite.ultra_12mo_59.90",259,43
"2025-12-29","Mozambique","com.psafe.msuite.ads_free_12mo_13.90",86,43
"2025-12-29","Mozambique","com.psafe.msuite.ultra_1mo_16.90",43,43
"2025-12-29","Spain","com.psafe.msuite.pro_3day_trial_12mo49.9",43,43
"2025-12-29","United States","com.psafe.msuite.ultra_12mo_59.90",43,43
"2025-12-30","Brazil","com.psafe.msuite.ultra_12mo_59.90",303,216
"2025-12-30","Yemen","com.psafe.msuite.ultra_12mo_59.90",87,43
"2025-12-30","Brazil","com.psafe.msuite.ads_free_12mo_13.90",43,43
"2025-12-30","United States","com.psafe.msuite.pro_3day_trial_12mo49.9",43,43
"2025-12-30","United States","com.psafe.msuite.ultra_12mo_59.90",43,43
"2025-12-31","Brazil","com.psafe.msuite.ultra_12mo_59.90",130,130
"2025-12-31","Bangladesh","com.psafe.msuite.ultra_12mo_59.90",43,43
"2025-12-31","Spain","com.psafe.msuite.ultra_12mo_59.90",43,43
"2026-01-01","Brazil","com.psafe.msuite.ultra_12mo_59.90",546,252
"2026-01-01","Brazil","com.psafe.msuite.ads_free_12mo_13.90",42,42
"2026-01-01","Brazil","com.psafe.msuite.ultra_1mo_16.90",42,42
"2026-01-02","Brazil","com.psafe.msuite.ultra_12mo_59.90",340,297
"2026-01-02","Brazil","com.psafe.msuite.pro_1mo_3.90",42,42
"2026-01-03","Brazil","com.psafe.msuite.ads_free_12mo_13.90",382,85
"2026-01-03","Brazil","com.psafe.msuite.ultra_12mo_59.90",382,339
"2026-01-03","United States","com.psafe.msuite.pro_3day_trial_12mo49.9",42,42
"2026-01-03","United States","com.psafe.msuite.ultra_12mo_59.90",42,42
"2026-01-04","Brazil","com.psafe.msuite.ultra_12mo_59.90",126,84
"2026-01-04","Brazil","com.psafe.msuite.ads_free_12mo_13.90",42,42
"2026-01-04","United States","com.psafe.msuite.adsfree_lto_12mo",42,42
"2026-01-04","United States","com.psafe.msuite.ultra_12mo_59.90",42,42
"2026-01-05","Brazil","com.psafe.msuite.ultra_12mo_59.90",305,261
"2026-01-05","United States","com.psafe.msuite.ultra_12mo_59.90",87,44
"2026-01-05","India","com.psafe.msuite.ultra_12mo_59.90",44,44
"2026-01-05","Iran","com.psafe.msuite.pro_3day_trial_12mo49.9",44,44
"2026-01-06","Brazil","com.psafe.msuite.ultra_12mo_59.90",343,171
"2026-01-06","Brazil","com.psafe.msuite.ads_free_12mo",43,43
"2026-01-06","Brazil","com.psafe.msuite.ads_free_12mo_13.90",43,43
"2026-01-06","Brazil","com.psafe.msuite.ultra_1mo_16.90",43,43
"2026-01-07","Brazil","com.psafe.msuite.ultra_12mo_59.90",589,337
"2026-01-07","Brazil","com.psafe.msuite.ads_free_12mo_13.90",42,42
"2026-01-07","Brazil","com.psafe.msuite.pro_3day_trial_12mo49.9",42,42
"2026-01-07","United States","com.psafe.msuite.ultra_12mo_59.90",42,42
"2026-01-08","Brazil","com.psafe.msuite.ultra_12mo_59.90",628,419
"2026-01-08","United States","com.psafe.msuite.ultra_12mo_59.90",84,84
"2026-01-08","Brazil","com.psafe.msuite.ultra_1mo_16.90",42,42
"2026-01-09","Brazil","com.psafe.msuite.ultra_12mo_59.90",463,231
"2026-01-09","Guatemala","com.psafe.msuite.ultra_12mo_59.90",324,46
"2026-01-09","Portugal","com.psafe.msuite.ultra_12mo_59.90",231,46
"2026-01-09","United States","com.psafe.msuite.ultra_12mo_59.90",139,46
"2026-01-09","American Samoa","com.psafe.msuite.pro_3day_trial_12mo49.9",46,46
"2026-01-09","Brazil","com.psafe.msuite.ultra_1mo_16.90",46,46
"2026-01-09","Guatemala","com.psafe.msuite.ads_free_12mo_13.90",46,46
"2026-01-09","Saudi Arabia","com.psafe.msuite.ultra_12mo_59.90",46,46
"2026-01-09","United States","com.psafe.msuite.ads_free_12mo_13.90",46,46
"2026-01-09","United States","com.psafe.msuite.pro_3day_trial_12mo49.9",46,46
"2026-01-09","United States","com.psafe.msuite.pro_lto_12mo_39.90",46,46
"2026-01-10","Brazil","com.psafe.msuite.ultra_12mo_59.90",311,178
"2026-01-10","Myanmar (Burma)","com.psafe.msuite.ultra_12mo_59.90",178,44
"2026-01-10","Brazil","com.psafe.msuite.ads_free_12mo_13.90",133,133
"2026-01-10","United States","com.psafe.msuite.ultra_12mo_59.90",89,89
"2026-01-10","Brazil","com.psafe.msuite.pro_lto_12mo_39.90",44,44
"2026-01-10","United States","com.psafe.msuite.ultra_1mo_16.90",44,44
"2026-01-11","Brazil","com.psafe.msuite.ultra_12mo_59.90",514,300
"2026-01-11","Brazil","com.psafe.msuite.ultra_1mo_16.90",43,43
"2026-01-12","Brazil","com.psafe.msuite.ultra_12mo_59.90",1585,352
"2026-01-12","Brazil","com.psafe.msuite.ultra_1mo_16.90",88,88
"2026-01-12","Canada","com.psafe.msuite.ultra_12mo_59.90",44,44
"2026-01-13","Brazil","com.psafe.msuite.ultra_12mo_59.90",392,261
"2026-01-13","Brazil","com.psafe.msuite.ads_free_12mo_13.90",174,87
"2026-01-13","Brazil","com.psafe.msuite.adsfree_lto_12mo",44,44
"2026-01-13","Brazil","com.psafe.msuite.pro_3day_trial_12mo49.9",44,44
"2026-01-13","United States","com.psafe.msuite.ultra_12mo_59.90",44,44
"2026-01-14","Brazil","com.psafe.msuite.ultra_12mo_59.90",511,298
"2026-01-14","United States","com.psafe.msuite.ultra_12mo_59.90",128,85
"2026-01-14","Brazil","com.psafe.msuite.ads_free_12mo_13.90",43,43
"2026-01-14","Iran","com.psafe.msuite.ultra_12mo_59.90",43,43
"2026-01-15","Brazil","com.psafe.msuite.ultra_12mo_59.90",380,380
"2026-01-15","Brazil","com.psafe.msuite.ads_free_12mo_13.90",42,42
"2026-01-15","Egypt","com.psafe.msuite.ultra_12mo_59.90",42,42
"2026-01-16","Brazil","com.psafe.msuite.ultra_12mo_59.90",210,126
"2026-01-16","Brazil","com.psafe.msuite.ads_free_12mo_13.90",126,84
"2026-01-16","United States","com.psafe.msuite.ultra_12mo_59.90",126,42
"2026-01-16","United States","com.psafe.msuite.ads_free_12mo_13.90",42,42
"2026-01-17","Brazil","com.psafe.msuite.ultra_12mo_59.90",330,248
"2026-01-17","Brazil","com.psafe.msuite.ads_free_12mo_13.90",41,41
"2026-01-17","Brazil","com.psafe.msuite.adsfree_lto_12mo",41,41
"2026-01-17","India","com.psafe.msuite.ultra_12mo_59.90",41,41
"2026-01-18","Brazil","com.psafe.msuite.ultra_12mo_59.90",245,245
"2026-01-18","Brazil","com.psafe.msuite.ads_free_12mo_13.90",41,41
"2026-01-19","Brazil","com.psafe.msuite.ultra_12mo_59.90",212,170
"2026-01-19","United States","com.psafe.msuite.ultra_12mo_59.90",85,85
"2026-01-19","Brazil","com.psafe.msuite.adsfree_lto_12mo",42,42
"2026-01-20","Brazil","com.psafe.msuite.ultra_12mo_59.90",215,172
"2026-01-20","Bolivia","com.psafe.msuite.ultra_12mo_59.90",43,43
"2026-01-21","Brazil","com.psafe.msuite.ultra_12mo_59.90",257,171
"2026-01-21","Brazil","com.psafe.msuite.ads_free_12mo_13.90",43,43
"2026-01-21","United States","com.psafe.msuite.ultra_12mo_59.90",43,43
"2026-01-22","Brazil","com.psafe.msuite.ultra_12mo_59.90",127,127
"2026-01-22","Brazil","com.psafe.msuite.ads_free_12mo_13.90",42,42
"2026-01-22","Syria","com.psafe.msuite.pro_3day_trial_12mo49.9",42,42
"2026-01-22","United States","com.psafe.msuite.ultra_12mo_59.90",42,42
"2026-01-23","Brazil","com.psafe.msuite.ultra_12mo_59.90",379,295
"2026-01-23","United States","com.psafe.msuite.ultra_12mo_59.90",84,84
"2026-01-23","Brazil","com.psafe.msuite.ultra_1mo_16.90",42,42
"2026-01-23","Morocco","com.psafe.msuite.ultra_12mo_59.90",42,42
"2026-01-24","Brazil","com.psafe.msuite.ultra_12mo_59.90",208,166
"2026-01-24","Brazil","com.psafe.msuite.ultra_1mo_16.90",42,42
"2026-01-24","United States","com.psafe.msuite.ultra_12mo_59.90",42,42
"2026-01-25","Brazil","com.psafe.msuite.ultra_12mo_59.90",410,246
"2026-01-25","Brazil","com.psafe.msuite.ads_free_12mo_13.90",41,41
"2026-01-25","United States","com.psafe.msuite.adsfree_lto_12mo",41,41
"2026-01-25","United States","com.psafe.msuite.ultra_12mo_59.90",41,41
"2026-01-26","Brazil","com.psafe.msuite.ultra_12mo_59.90",514,214
"2026-01-26","Brazil","com.psafe.msuite.ultra_1mo_16.90",86,86
"2026-01-26","Brazil","com.psafe.msuite.ads_free_12mo_13.90",43,43
"2026-01-26","Brazil","com.psafe.msuite.adsfree_lto_12mo",43,43
"2026-01-26","India","com.psafe.msuite.ultra_12mo_59.90",43,43
"2026-01-26","Iran","com.psafe.msuite.ultra_12mo",43,43
"2026-01-26","United States","com.psafe.msuite.ultra_12mo_59.90",43,43
"2026-01-27","Brazil","com.psafe.msuite.ultra_12mo_59.90",515,258
"2026-01-27","United States","com.psafe.msuite.ultra_12mo_59.90",129,43
"2026-01-27","Brazil","com.psafe.msuite.ultra_1mo_16.90",86,86
"2026-01-28","Brazil","com.psafe.msuite.ultra_12mo_59.90",298,213
"2026-01-28","Brazil","com.psafe.msuite.adsfree_lto_12mo",170,128
"2026-01-28","United States","com.psafe.msuite.ultra_12mo_59.90",43,43
"2026-01-29","Brazil","com.psafe.msuite.ultra_12mo_59.90",423,296
"2026-01-29","Brazil","com.psafe.msuite.adsfree_lto_12mo",42,42
"2026-01-30","Brazil","com.psafe.msuite.ultra_12mo_59.90",338,127
"2026-01-30","Brazil","com.psafe.msuite.ultra_1mo_16.90",169,127
"2026-01-31","Brazil","com.psafe.msuite.ultra_12mo_59.90",745,207
"2026-01-31","Brazil","com.psafe.msuite.ads_free_12mo_13.90",41,41
"2026-01-31","Brazil","com.psafe.msuite.pro_3day_trial_12mo49.9",41,41
"2026-01-31","United States","com.psafe.msuite.pro_3day_trial_12mo49.9",41,41
"2026-01-31","United States","com.psafe.msuite.ultra_12mo_59.90",41,41
"2026-02-01","Brazil","com.psafe.msuite.ultra_12mo_59.90",452,329
"2026-02-01","Morocco","com.psafe.msuite.ultra_12mo_59.90",123,41
"2026-02-01","Brazil","com.psafe.msuite.ultra_1mo_16.90",82,41
"2026-02-01","Brazil","com.psafe.msuite.ads_free_12mo_13.90",41,41
"2026-02-01","Brazil","com.psafe.msuite.adsfree_lto_12mo",41,41
"2026-02-01","United States","com.psafe.msuite.ultra_12mo_59.90",41,41
"2026-02-02","Brazil","com.psafe.msuite.ultra_12mo_59.90",684,256
"2026-02-02","Brazil","com.psafe.msuite.adsfree_lto_12mo",85,43
"2026-02-02","Saudi Arabia","com.psafe.msuite.ultra_12mo_59.90",85,43
"2026-02-03","Brazil","com.psafe.msuite.ultra_12mo_59.90",173,173
"2026-02-03","Brazil","com.psafe.msuite.ads_free_12mo_13.90",43,43
"2026-02-03","Mexico","com.psafe.msuite.ultra_12mo_59.90",43,43
"2026-02-04","Brazil","com.psafe.msuite.ultra_12mo_59.90",130,130
"2026-02-04","Brazil","com.psafe.msuite.adsfree_lto_12mo",87,43
"2026-02-04","United States","com.psafe.msuite.ultra_12mo_59.90",87,87
"2026-02-04","Brazil","com.psafe.msuite.pro_12mo_49.90",43,43
"2026-02-05","Brazil","com.psafe.msuite.ultra_12mo_59.90",435,261
"2026-02-06","Brazil","com.psafe.msuite.ultra_12mo_59.90",93,93
"2026-02-06","Brazil","com.psafe.msuite.ads_free_12mo_13.90",47,47
"2026-02-06","Brazil","com.psafe.msuite.adsfree_lto_12mo",47,47
"2026-02-06","Brazil","com.psafe.msuite.ultra_1mo_16.90",47,47
"2026-02-07","Brazil","com.psafe.msuite.ultra_12mo_59.90",325,93
"2026-02-07","Brazil","com.psafe.msuite.adsfree_lto_12mo",139,93
"2026-02-07","Brazil","com.psafe.msuite.ads_free_12mo_13.90",46,46
"2026-02-07","Brazil","com.psafe.msuite.ultra_1mo_16.90",46,46
"2026-02-08","Brazil","com.psafe.msuite.ultra_12mo_59.90",223,178
"2026-02-08","Brazil","com.psafe.msuite.ads_free_12mo_13.90",89,89
"2026-02-08","Pakistan","com.psafe.msuite.ultra_12mo_59.90",45,45
"2026-02-09","Brazil","com.psafe.msuite.ultra_12mo_59.90",229,92
"2026-02-09","Brazil","com.psafe.msuite.ultra_1mo_16.90",229,137
"2026-02-09","United States","com.psafe.msuite.ultra_12mo_59.90",92,46
"2026-02-10","Brazil","com.psafe.msuite.ultra_12mo_59.90",92,92
"2026-02-10","United States","com.psafe.msuite.ultra_12mo_59.90",92,46
"2026-02-10","Brazil","com.psafe.msuite.ads_free_12mo_13.90",46,46
"2026-02-10","Brazil","com.psafe.msuite.ultra_1mo_16.90",46,46
"2026-02-11","Brazil","com.psafe.msuite.ultra_12mo_59.90",228,182
"2026-02-11","Egypt","com.psafe.msuite.ultra_12mo_59.90",91,91
"2026-02-11","Nigeria","com.psafe.msuite.ultra_12mo_59.90",46,46
"2026-02-11","United States","com.psafe.msuite.ultra_12mo_59.90",46,46
"2026-02-12","Brazil","com.psafe.msuite.ultra_12mo_59.90",408,272
"2026-02-12","Egypt","com.psafe.msuite.ultra_12mo_59.90",91,45
