Data,Pais,Tela,ContagemDeEventos,TotalDeUsuarios
"2024-10-01","Brazil","(not set)",3645,847
"2024-10-01","United States","(not set)",519,126
"2024-10-01","Italy","(not set)",63,1
"2024-10-01","Pakistan","(not set)",21,2
"2024-10-01","Mexico","(not set)",14,10
"2024-10-01","Cuba","(not set)",12,2
"2024-10-01","Iran","(not set)",11,6
"2024-10-01","Puerto Rico","(not set)",10,1
"2024-10-01","Nigeria","(not set)",9,5
"2024-10-01","Sweden","(not set)",9,1
"2024-10-01","Zimbabwe","(not set)",8,1
"2024-10-01","Hungary","(not set)",7,1
"2024-10-01","Ghana","(not set)",4,2
"2024-10-01","Afghanistan","(not set)",3,1
"2024-10-01","Kenya","(not set)",3,2
"2024-10-01","Mozambique","(not set)",3,1
"2024-10-01","Ecuador","(not set)",2,1
"2024-10-01","Ethiopia","(not set)",2,1
"2024-10-01","France","(not set)",2,1
"2024-10-01","India","(not set)",2,2
"2024-10-01","Madagascar","(not set)",2,1
"2024-10-01","United Kingdom","(not set)",2,1
"2024-10-01","Venezuela","(not set)",2,1
"2024-10-01","Algeria","(not set)",1,1
"2024-10-01","Canada","(not set)",1,1
"2024-10-01","Indonesia","(not set)",1,1
"2024-10-02","Brazil","(not set)",3307,809
"2024-10-02","United States","(not set)",467,108
"2024-10-02","Italy","(not set)",125,1
"2024-10-02","Mexico","(not set)",22,5
"2024-10-02","Israel","(not set)",15,2
"2024-10-02","Japan","(not set)",13,1
"2024-10-02","Canada","(not set)",12,3
"2024-10-02","Yemen","(not set)",10,1
"2024-10-02","Colombia","(not set)",8,2
"2024-10-02","Egypt","(not set)",7,1
"2024-10-02","United Kingdom","(not set)",6,2
"2024-10-02","Netherlands","(not set)",5,2
"2024-10-02","Philippines","(not set)",5,3
"2024-10-02","Puerto Rico","(not set)",5,2
"2024-10-02","Bangladesh","(not set)",3,1
"2024-10-02","Cuba","(not set)",3,2
"2024-10-02","Ethiopia","(not set)",3,1
"2024-10-02","Guatemala","(not set)",3,1
"2024-10-02","Nigeria","(not set)",3,2
"2024-10-02","South Africa","(not set)",3,2
"2024-10-02","Belgium","(not set)",2,1
"2024-10-02","Germany","(not set)",2,1
"2024-10-02","Iran","(not set)",2,2
"2024-10-02","Luxembourg","(not set)",2,1
"2024-10-02","Paraguay","(not set)",2,1
"2024-10-02","Dominican Republic","(not set)",1,1
"2024-10-02","Indonesia","(not set)",1,1
"2024-10-02","Pakistan","(not set)",1,1
"2024-10-02","Peru","(not set)",1,1
"2024-10-02","Portugal","(not set)",1,1
"2024-10-03","Brazil","(not set)",3619,796
"2024-10-03","United States","(not set)",447,94
"2024-10-03","Italy","(not set)",78,1
"2024-10-03","India","(not set)",20,2
"2024-10-03","Nigeria","(not set)",18,5
"2024-10-03","Mexico","(not set)",12,6
"2024-10-03","China","(not set)",11,4
"2024-10-03","Puerto Rico","(not set)",11,2
"2024-10-03","Canada","(not set)",10,2
"2024-10-03","Indonesia","(not set)",10,3
"2024-10-03","Germany","(not set)",8,1
"2024-10-03","Iran","(not set)",8,7
"2024-10-03","Niger","(not set)",7,1
"2024-10-03","Equatorial Guinea","(not set)",3,1
"2024-10-03","Angola","(not set)",2,1
"2024-10-03","Bangladesh","(not set)",2,1
"2024-10-03","Bolivia","(not set)",2,1
"2024-10-03","Cuba","(not set)",2,1
"2024-10-03","Kenya","(not set)",2,1
"2024-10-03","Nepal","(not set)",2,1
"2024-10-03","Algeria","(not set)",1,1
"2024-10-03","Colombia","(not set)",1,1
"2024-10-03","Egypt","(not set)",1,1
"2024-10-03","Honduras","(not set)",1,1
"2024-10-03","Pakistan","(not set)",1,1
"2024-10-03","Philippines","(not set)",1,1
"2024-10-04","Brazil","(not set)",3753,845
"2024-10-04","United States","(not set)",525,105
"2024-10-04","Italy","(not set)",129,1
"2024-10-04","Peru","(not set)",26,2
"2024-10-04","Egypt","(not set)",17,2
"2024-10-04","Nigeria","(not set)",16,5
"2024-10-04","Dominican Republic","(not set)",11,1
"2024-10-04","Mexico","(not set)",11,7
"2024-10-04","Cuba","(not set)",10,2
"2024-10-04","Indonesia","(not set)",10,4
"2024-10-04","Puerto Rico","(not set)",10,3
"2024-10-04","China","(not set)",8,1
"2024-10-04","Tunisia","(not set)",5,2
"2024-10-04","Pakistan","(not set)",4,3
"2024-10-04","Saudi Arabia","(not set)",4,2
"2024-10-04","France","(not set)",3,2
"2024-10-04","Philippines","(not set)",3,1
"2024-10-04","Afghanistan","(not set)",2,2
"2024-10-04","Colombia","(not set)",2,1
"2024-10-04","Iran","(not set)",2,2
"2024-10-04","Venezuela","(not set)",2,1
"2024-10-04","Angola","(not set)",1,1
"2024-10-04","Canada","(not set)",1,1
"2024-10-04","Germany","(not set)",1,1
"2024-10-04","Tanzania","(not set)",1,1
"2024-10-04","Uganda","(not set)",1,1
"2024-10-05","Brazil","(not set)",3870,835
"2024-10-05","United States","(not set)",538,109
"2024-10-05","Italy","(not set)",102,1
"2024-10-05","Egypt","(not set)",31,3
"2024-10-05","Indonesia","(not set)",30,3
"2024-10-05","Mexico","(not set)",27,9
"2024-10-05","India","(not set)",20,2
"2024-10-05","Iran","(not set)",13,4
"2024-10-05","Nigeria","(not set)",13,2
"2024-10-05","Colombia","(not set)",11,2
"2024-10-05","Cuba","(not set)",11,3
"2024-10-05","Philippines","(not set)",10,1
"2024-10-05","Canada","(not set)",8,2
"2024-10-05","Venezuela","(not set)",7,1
"2024-10-05","Ecuador","(not set)",6,1
"2024-10-05","Iraq","(not set)",6,1
"2024-10-05","Morocco","(not set)",6,1
"2024-10-05","Puerto Rico","(not set)",6,2
"2024-10-05","Angola","(not set)",3,2
"2024-10-05","Honduras","(not set)",3,2
"2024-10-05","Malaysia","(not set)",3,1
"2024-10-05","Bangladesh","(not set)",2,1
"2024-10-05","France","(not set)",2,1
"2024-10-05","United Kingdom","(not set)",2,1
"2024-10-05","Zimbabwe","(not set)",2,1
"2024-10-05","Ethiopia","(not set)",1,1
"2024-10-05","Finland","(not set)",1,1
"2024-10-05","Germany","(not set)",1,1
"2024-10-05","Kenya","(not set)",1,1
"2024-10-05","Netherlands","(not set)",1,1
"2024-10-05","Saudi Arabia","(not set)",1,1
"2024-10-05","Yemen","(not set)",1,1
"2024-10-06","Brazil","(not set)",4704,855
"2024-10-06","United States","(not set)",483,108
"2024-10-06","Italy","(not set)",65,1
"2024-10-06","Philippines","(not set)",28,2
"2024-10-06","Ethiopia","(not set)",27,2
"2024-10-06","Yemen","(not set)",27,1
"2024-10-06","Egypt","(not set)",18,4
"2024-10-06","Peru","(not set)",15,2
"2024-10-06","Canada","(not set)",14,1
"2024-10-06","Algeria","(not set)",11,1
"2024-10-06","Spain","(not set)",11,1
"2024-10-06","Mexico","(not set)",10,8
"2024-10-06","Oman","(not set)",10,1
"2024-10-06","India","(not set)",9,2
"2024-10-06","United Kingdom","(not set)",8,1
"2024-10-06","Indonesia","(not set)",6,4
"2024-10-06","Iran","(not set)",5,5
"2024-10-06","Nigeria","(not set)",5,3
"2024-10-06","Chile","(not set)",4,2
"2024-10-06","Puerto Rico","(not set)",4,2
"2024-10-06","Bangladesh","(not set)",3,2
"2024-10-06","Germany","(not set)",3,2
"2024-10-06","Afghanistan","(not set)",2,2
"2024-10-06","Andorra","(not set)",1,1
"2024-10-06","Angola","(not set)",1,1
"2024-10-06","China","(not set)",1,1
"2024-10-06","Hungary","(not set)",1,1
"2024-10-06","Pakistan","(not set)",1,1
"2024-10-06","Saudi Arabia","(not set)",1,1
"2024-10-07","Brazil","(not set)",3837,921
"2024-10-07","United States","(not set)",581,129
"2024-10-07","Italy","(not set)",56,1
"2024-10-07","Mexico","(not set)",24,8
"2024-10-07","Vietnam","(not set)",21,2
"2024-10-07","Algeria","(not set)",14,1
"2024-10-07","Hungary","(not set)",10,1
"2024-10-07","Iran","(not set)",10,5
"2024-10-07","Argentina","(not set)",9,1
"2024-10-07","Peru","(not set)",9,2
"2024-10-07","Philippines","(not set)",8,2
"2024-10-07","Cayman Islands","(not set)",7,1
"2024-10-07","Pakistan","(not set)",5,2
"2024-10-07","Guatemala","(not set)",4,3
"2024-10-07","Nigeria","(not set)",4,2
"2024-10-07","Portugal","(not set)",4,2
"2024-10-07","Ghana","(not set)",3,1
"2024-10-07","Spain","(not set)",3,1
"2024-10-07","Chile","(not set)",2,1
"2024-10-07","Egypt","(not set)",2,1
"2024-10-07","India","(not set)",2,1
"2024-10-07","Netherlands","(not set)",2,1
"2024-10-07","Afghanistan","(not set)",1,1
"2024-10-07","Australia","(not set)",1,1
"2024-10-07","Bangladesh","(not set)",1,1
"2024-10-07","France","(not set)",1,1
"2024-10-07","Puerto Rico","(not set)",1,1
"2024-10-07","Uganda","(not set)",1,1
"2024-10-07","United Kingdom","(not set)",1,1
"2024-10-07","Yemen","(not set)",1,1
"2024-10-08","Brazil","(not set)",3451,839
"2024-10-08","United States","(not set)",424,104
"2024-10-08","Italy","(not set)",46,3
"2024-10-08","India","(not set)",40,4
"2024-10-08","Iran","(not set)",16,8
"2024-10-08","Argentina","(not set)",7,1
"2024-10-08","Mexico","(not set)",7,6
"2024-10-08","Cuba","(not set)",4,3
"2024-10-08","Ecuador","(not set)",4,2
"2024-10-08","Puerto Rico","(not set)",4,2
"2024-10-08","Guyana","(not set)",3,1
"2024-10-08","Vietnam","(not set)",3,1
"2024-10-08","Bangladesh","(not set)",2,1
"2024-10-08","Canada","(not set)",2,1
"2024-10-08","Colombia","(not set)",2,1
"2024-10-08","Equatorial Guinea","(not set)",2,1
"2024-10-08","Indonesia","(not set)",2,1
"2024-10-08","Israel","(not set)",2,1
"2024-10-08","Morocco","(not set)",2,1
"2024-10-08","Nigeria","(not set)",2,1
"2024-10-08","Pakistan","(not set)",2,2
"2024-10-08","Philippines","(not set)",2,2
"2024-10-08","Senegal","(not set)",2,1
"2024-10-08","Venezuela","(not set)",2,1
"2024-10-08","Chile","(not set)",1,1
"2024-10-08","Germany","(not set)",1,1
"2024-10-08","Guatemala","(not set)",1,1
"2024-10-08","Haiti","(not set)",1,1
"2024-10-08","Kenya","(not set)",1,1
"2024-10-08","Saudi Arabia","(not set)",1,1
"2024-10-09","Brazil","(not set)",3699,852
"2024-10-09","United States","(not set)",447,114
"2024-10-09","Italy","(not set)",114,1
"2024-10-09","Iran","(not set)",40,8
"2024-10-09","Mexico","(not set)",29,10
"2024-10-09","Australia","(not set)",21,1
"2024-10-09","India","(not set)",17,2
"2024-10-09","Angola","(not set)",11,2
"2024-10-09","Portugal","(not set)",11,2
"2024-10-09","Bangladesh","(not set)",10,2
"2024-10-09","Egypt","(not set)",8,1
"2024-10-09","Jordan","(not set)",8,1
"2024-10-09","Cuba","(not set)",6,1
"2024-10-09","Türkiye","(not set)",6,1
"2024-10-09","Pakistan","(not set)",5,5
"2024-10-09","Argentina","(not set)",4,2
"2024-10-09","Azerbaijan","(not set)",3,1
"2024-10-09","Norway","(not set)",3,1
"2024-10-09","Puerto Rico","(not set)",3,1
"2024-10-09","United Kingdom","(not set)",3,2
"2024-10-09","Colombia","(not set)",2,1
"2024-10-09","Kenya","(not set)",1,1
"2024-10-09","Philippines","(not set)",1,1
"2024-10-09","Rwanda","(not set)",1,1
"2024-10-10","Brazil","(not set)",3955,850
"2024-10-10","United States","(not set)",470,107
"2024-10-10","Italy","(not set)",52,1
"2024-10-10","Hungary","(not set)",21,3
"2024-10-10","India","(not set)",19,3
"2024-10-10","Hong Kong","(not set)",18,1
"2024-10-10","Pakistan","(not set)",14,2
"2024-10-10","France","(not set)",13,2
"2024-10-10","Chile","(not set)",11,2
"2024-10-10","Mexico","(not set)",11,8
"2024-10-10","Puerto Rico","(not set)",9,1
"2024-10-10","Cuba","(not set)",7,4
"2024-10-10","Indonesia","(not set)",7,4
"2024-10-10","Canada","(not set)",6,2
"2024-10-10","Iran","(not set)",4,4
"2024-10-10","United Kingdom","(not set)",4,1
"2024-10-10","Germany","(not set)",3,1
"2024-10-10","Peru","(not set)",3,2
"2024-10-10","Kenya","(not set)",2,2
"2024-10-10","Nigeria","(not set)",2,1
"2024-10-10","Philippines","(not set)",2,1
"2024-10-10","Belgium","(not set)",1,1
"2024-10-10","Bolivia","(not set)",1,1
"2024-10-10","Colombia","(not set)",1,1
"2024-10-10","Ethiopia","(not set)",1,1
"2024-10-10","Guatemala","(not set)",1,1
"2024-10-10","Portugal","(not set)",1,1
"2024-10-10","Türkiye","(not set)",1,1
"2024-10-11","Brazil","(not set)",3794,931
"2024-10-11","United States","(not set)",523,97
"2024-10-11","Italy","(not set)",94,1
"2024-10-11","Mexico","(not set)",24,9
"2024-10-11","Indonesia","(not set)",19,1
"2024-10-11","France","(not set)",16,1
"2024-10-11","Iran","(not set)",13,4
"2024-10-11","Cuba","(not set)",12,1
"2024-10-11","India","(not set)",11,1
"2024-10-11","Nigeria","(not set)",10,1
"2024-10-11","United Kingdom","(not set)",9,2
"2024-10-11","Puerto Rico","(not set)",8,1
"2024-10-11","Pakistan","(not set)",6,3
"2024-10-11","Afghanistan","(not set)",2,2
"2024-10-11","Argentina","(not set)",2,1
"2024-10-11","Denmark","(not set)",2,1
"2024-10-11","Egypt","(not set)",2,1
"2024-10-11","Israel","(not set)",2,1
"2024-10-11","Libya","(not set)",2,1
"2024-10-11","Syria","(not set)",2,1
"2024-10-11","Tanzania","(not set)",2,1
"2024-10-11","Angola","(not set)",1,1
"2024-10-11","China","(not set)",1,1
"2024-10-11","Netherlands","(not set)",1,1
"2024-10-11","Peru","(not set)",1,1
"2024-10-11","Romania","(not set)",1,1
"2024-10-11","Zimbabwe","(not set)",1,1
"2024-10-12","Brazil","(not set)",4199,974
"2024-10-12","United States","(not set)",461,110
"2024-10-12","Italy","(not set)",106,1
"2024-10-12","Iran","(not set)",36,9
"2024-10-12","Nigeria","(not set)",25,6
"2024-10-12","India","(not set)",18,3
"2024-10-12","Mexico","(not set)",13,9
"2024-10-12","Spain","(not set)",11,1
"2024-10-12","Australia","(not set)",10,2
"2024-10-12","Germany","(not set)",10,1
"2024-10-12","Bangladesh","(not set)",7,1
"2024-10-12","Peru","(not set)",4,2
"2024-10-12","Puerto Rico","(not set)",4,2
"2024-10-12","Cuba","(not set)",2,2
"2024-10-12","Egypt","(not set)",2,1
"2024-10-12","Indonesia","(not set)",2,1
"2024-10-12","Mozambique","(not set)",2,1
"2024-10-12","Nepal","(not set)",2,1
"2024-10-12","Canada","(not set)",1,1
"2024-10-12","Ethiopia","(not set)",1,1
"2024-10-12","Finland","(not set)",1,1
"2024-10-12","Philippines","(not set)",1,1
"2024-10-12","Tanzania","(not set)",1,1
"2024-10-13","Brazil","(not set)",4243,940
"2024-10-13","United States","(not set)",596,115
"2024-10-13","Mexico","(not set)",188,10
"2024-10-13","Italy","(not set)",62,1
"2024-10-13","Indonesia","(not set)",17,1
"2024-10-13","Nigeria","(not set)",16,6
"2024-10-13","Iran","(not set)",12,4
"2024-10-13","India","(not set)",9,1
"2024-10-13","Portugal","(not set)",9,1
"2024-10-13","Cuba","(not set)",7,5
"2024-10-13","France","(not set)",7,1
"2024-10-13","Germany","(not set)",7,1
"2024-10-13","Egypt","(not set)",6,1
"2024-10-13","Pakistan","(not set)",6,3
"2024-10-13","Puerto Rico","(not set)",5,3
"2024-10-13","Chile","(not set)",3,2
"2024-10-13","Netherlands","(not set)",2,1
"2024-10-13","Tunisia","(not set)",2,1
"2024-10-13","Argentina","(not set)",1,1
"2024-10-13","Canada","(not set)",1,1
"2024-10-13","Ethiopia","(not set)",1,1
"2024-10-13","Guatemala","(not set)",1,1
"2024-10-13","Honduras","(not set)",1,1
"2024-10-13","Norway","(not set)",1,1
"2024-10-13","Philippines","(not set)",1,1
"2024-10-14","Brazil","(not set)",3925,899
"2024-10-14","United States","(not set)",523,112
"2024-10-14","Italy","(not set)",72,2
"2024-10-14","Iran","(not set)",45,6
"2024-10-14","Mexico","(not set)",22,8
"2024-10-14","Germany","(not set)",17,3
"2024-10-14","Argentina","(not set)",11,1
"2024-10-14","Haiti","(not set)",9,1
"2024-10-14","Egypt","(not set)",8,4
"2024-10-14","France","(not set)",8,1
"2024-10-14","Ethiopia","(not set)",7,1
"2024-10-14","India","(not set)",7,1
"2024-10-14","Portugal","(not set)",7,2
"2024-10-14","Cuba","(not set)",6,3
"2024-10-14","Nigeria","(not set)",5,3
"2024-10-14","Puerto Rico","(not set)",5,2
"2024-10-14","Saudi Arabia","(not set)",4,2
"2024-10-14","Indonesia","(not set)",3,3
"2024-10-14","Zambia","(not set)",3,1
"2024-10-14","Belarus","(not set)",2,1
"2024-10-14","Morocco","(not set)",2,2
"2024-10-14","United Kingdom","(not set)",2,1
"2024-10-14","Angola","(not set)",1,1
"2024-10-14","Japan","(not set)",1,1
"2024-10-14","Philippines","(not set)",1,1
"2024-10-14","Syria","(not set)",1,1
"2024-10-15","Brazil","(not set)",4361,950
"2024-10-15","United States","(not set)",394,105
"2024-10-15","Italy","(not set)",27,1
"2024-10-15","Mexico","(not set)",27,8
"2024-10-15","Iran","(not set)",23,8
"2024-10-15","United Kingdom","(not set)",10,1
"2024-10-15","Yemen","(not set)",10,2
"2024-10-15","India","(not set)",9,2
"2024-10-15","Zambia","(not set)",8,1
"2024-10-15","Peru","(not set)",7,1
"2024-10-15","Kenya","(not set)",4,2
"2024-10-15","Netherlands","(not set)",4,1
"2024-10-15","Angola","(not set)",3,1
"2024-10-15","Argentina","(not set)",3,2
"2024-10-15","Cuba","(not set)",3,2
"2024-10-15","Pakistan","(not set)",3,2
"2024-10-15","Bolivia","(not set)",2,1
"2024-10-15","Ethiopia","(not set)",2,1
"2024-10-15","Nigeria","(not set)",2,2
"2024-10-15","Puerto Rico","(not set)",2,1
"2024-10-15","Singapore","(not set)",2,1
"2024-10-15","Egypt","(not set)",1,1
"2024-10-15","France","(not set)",1,1
"2024-10-15","Germany","(not set)",1,1
"2024-10-15","Malaysia","(not set)",1,1
"2024-10-15","Qatar","(not set)",1,1
"2024-10-15","Rwanda","(not set)",1,1
"2024-10-15","Switzerland","(not set)",1,1
"2024-10-16","Brazil","(not set)",5025,922
"2024-10-16","United States","(not set)",429,100
"2024-10-16","Italy","(not set)",97,1
"2024-10-16","South Korea","(not set)",14,1
"2024-10-16","Mexico","(not set)",12,7
"2024-10-16","Iran","(not set)",11,5
"2024-10-16","Colombia","(not set)",9,1
"2024-10-16","United Kingdom","(not set)",6,2
"2024-10-16","Indonesia","(not set)",5,5
"2024-10-16","Nigeria","(not set)",5,2
"2024-10-16","Egypt","(not set)",3,2
"2024-10-16","Ethiopia","(not set)",3,1
"2024-10-16","Bangladesh","(not set)",2,2
"2024-10-16","Kenya","(not set)",2,1
"2024-10-16","Netherlands","(not set)",2,2
"2024-10-16","Pakistan","(not set)",2,1
"2024-10-16","Philippines","(not set)",2,1
"2024-10-16","Argentina","(not set)",1,1
"2024-10-16","Canada","(not set)",1,1
"2024-10-16","Chile","(not set)",1,1
"2024-10-16","Haiti","(not set)",1,1
"2024-10-16","Laos","(not set)",1,1
"2024-10-16","Tunisia","(not set)",1,1
"2024-10-17","Brazil","(not set)",3988,855
"2024-10-17","United States","(not set)",472,89
"2024-10-17","Italy","(not set)",51,2
"2024-10-17","Mexico","(not set)",24,14
"2024-10-17","Iran","(not set)",13,8
"2024-10-17","India","(not set)",12,3
"2024-10-17","Indonesia","(not set)",12,3
"2024-10-17","Morocco","(not set)",12,1
"2024-10-17","Nigeria","(not set)",7,2
"2024-10-17","Bangladesh","(not set)",6,2
"2024-10-17","Puerto Rico","(not set)",5,2
"2024-10-17","Netherlands","(not set)",4,1
"2024-10-17","United Kingdom","(not set)",4,2
"2024-10-17","Pakistan","(not set)",3,2
"2024-10-17","Cuba","(not set)",2,2
"2024-10-17","Kenya","(not set)",2,1
"2024-10-17","Mauritius","(not set)",2,1
"2024-10-17","Papua New Guinea","(not set)",2,1
"2024-10-17","Saudi Arabia","(not set)",2,1
"2024-10-17","Spain","(not set)",2,1
"2024-10-17","Sudan","(not set)",2,1
"2024-10-17","Argentina","(not set)",1,1
"2024-10-17","Equatorial Guinea","(not set)",1,1
"2024-10-17","Finland","(not set)",1,1
"2024-10-17","Honduras","(not set)",1,1
"2024-10-17","Philippines","(not set)",1,1
"2024-10-17","Portugal","(not set)",1,1
"2024-10-17","Yemen","(not set)",1,1
"2024-10-18","Brazil","(not set)",4193,893
"2024-10-18","United States","(not set)",852,83
"2024-10-18","Italy","(not set)",59,1
"2024-10-18","Iran","(not set)",23,8
"2024-10-18","Bangladesh","(not set)",21,4
"2024-10-18","Puerto Rico","(not set)",11,3
"2024-10-18","Nigeria","(not set)",10,7
"2024-10-18","Sudan","(not set)",10,1
"2024-10-18","Mexico","(not set)",9,8
"2024-10-18","Mauritius","(not set)",8,1
"2024-10-18","Belgium","(not set)",7,1
"2024-10-18","France","(not set)",7,2
"2024-10-18","Angola","(not set)",5,1
"2024-10-18","Indonesia","(not set)",4,2
"2024-10-18","Romania","(not set)",3,2
"2024-10-18","Colombia","(not set)",2,1
"2024-10-18","Nepal","(not set)",2,1
"2024-10-18","United Kingdom","(not set)",2,1
"2024-10-18","Afghanistan","(not set)",1,1
"2024-10-18","Algeria","(not set)",1,1
"2024-10-18","Ecuador","(not set)",1,1
"2024-10-18","India","(not set)",1,1
"2024-10-18","Laos","(not set)",1,1
"2024-10-18","Malawi","(not set)",1,1
"2024-10-18","Yemen","(not set)",1,1
"2024-10-19","Brazil","(not set)",3913,916
"2024-10-19","United States","(not set)",645,107
"2024-10-19","Italy","(not set)",113,1
"2024-10-19","Nigeria","(not set)",29,1
"2024-10-19","India","(not set)",13,2
"2024-10-19","Indonesia","(not set)",11,3
"2024-10-19","Pakistan","(not set)",11,3
"2024-10-19","Portugal","(not set)",7,1
"2024-10-19","Sudan","(not set)",7,1
"2024-10-19","Iran","(not set)",6,4
"2024-10-19","Mexico","(not set)",5,4
"2024-10-19","Bangladesh","(not set)",4,3
"2024-10-19","Cuba","(not set)",4,4
"2024-10-19","Saudi Arabia","(not set)",3,1
"2024-10-19","Bolivia","(not set)",2,1
"2024-10-19","Ireland","(not set)",2,1
"2024-10-19","Morocco","(not set)",2,1
"2024-10-19","Peru","(not set)",2,1
"2024-10-19","Philippines","(not set)",2,2
"2024-10-19","Algeria","(not set)",1,1
"2024-10-19","Equatorial Guinea","(not set)",1,1
"2024-10-19","Gabon","(not set)",1,1
"2024-10-19","Zambia","(not set)",1,1
"2024-10-20","Brazil","(not set)",4174,933
"2024-10-20","United States","(not set)",938,118
"2024-10-20","Italy","(not set)",74,1
"2024-10-20","Mexico","(not set)",52,10
"2024-10-20","Indonesia","(not set)",30,5
"2024-10-20","Cuba","(not set)",18,4
"2024-10-20","Egypt","(not set)",15,3
"2024-10-20","Sudan","(not set)",10,1
"2024-10-20","Honduras","(not set)",9,1
"2024-10-20","India","(not set)",9,4
"2024-10-20","Iran","(not set)",7,4
"2024-10-20","Japan","(not set)",7,1
"2024-10-20","Morocco","(not set)",7,1
"2024-10-20","Bangladesh","(not set)",6,4
"2024-10-20","Pakistan","(not set)",6,3
"2024-10-20","Nigeria","(not set)",5,4
"2024-10-20","Kenya","(not set)",4,1
"2024-10-20","United Kingdom","(not set)",4,1
"2024-10-20","Uzbekistan","(not set)",3,1
"2024-10-20","Yemen","(not set)",3,1
"2024-10-20","Belgium","(not set)",2,1
"2024-10-20","Argentina","(not set)",1,1
"2024-10-20","Bolivia","(not set)",1,1
"2024-10-20","Canada","(not set)",1,1
"2024-10-20","Nepal","(not set)",1,1
"2024-10-20","Poland","(not set)",1,1
"2024-10-20","Zambia","(not set)",1,1
"2024-10-21","Brazil","(not set)",4481,956
"2024-10-21","United States","(not set)",469,102
"2024-10-21","Italy","(not set)",53,2
"2024-10-21","Mexico","(not set)",36,16
"2024-10-21","Puerto Rico","(not set)",28,2
"2024-10-21","South Africa","(not set)",15,1
"2024-10-21","United Kingdom","(not set)",9,2
"2024-10-21","Iran","(not set)",8,2
"2024-10-21","Egypt","(not set)",7,1
"2024-10-21","Ethiopia","(not set)",7,2
"2024-10-21","Bangladesh","(not set)",4,2
"2024-10-21","Bolivia","(not set)",4,1
"2024-10-21","Cuba","(not set)",4,2
"2024-10-21","India","(not set)",4,3
"2024-10-21","Pakistan","(not set)",4,3
"2024-10-21","Hungary","(not set)",3,1
"2024-10-21","Afghanistan","(not set)",2,2
"2024-10-21","France","(not set)",2,1
"2024-10-21","Venezuela","(not set)",2,1
"2024-10-21","Germany","(not set)",1,1
"2024-10-21","Indonesia","(not set)",1,1
"2024-10-21","Laos","(not set)",1,1
"2024-10-21","Malaysia","(not set)",1,1
"2024-10-21","Portugal","(not set)",1,1
"2024-10-21","Rwanda","(not set)",1,1
"2024-10-22","Brazil","(not set)",4272,986
"2024-10-22","United States","(not set)",520,108
"2024-10-22","Italy","(not set)",66,2
"2024-10-22","Puerto Rico","(not set)",34,1
"2024-10-22","Algeria","(not set)",30,1
"2024-10-22","Indonesia","(not set)",29,4
"2024-10-22","Portugal","(not set)",18,2
"2024-10-22","Netherlands","(not set)",17,1
"2024-10-22","Mexico","(not set)",16,6
"2024-10-22","India","(not set)",15,7
"2024-10-22","United Kingdom","(not set)",15,2
"2024-10-22","Germany","(not set)",13,3
"2024-10-22","France","(not set)",11,1
"2024-10-22","Kenya","(not set)",11,2
"2024-10-22","Bangladesh","(not set)",10,3
"2024-10-22","Iran","(not set)",7,2
"2024-10-22","Peru","(not set)",7,1
"2024-10-22","Cuba","(not set)",5,3
"2024-10-22","Ethiopia","(not set)",4,1
"2024-10-22","Sudan","(not set)",4,1
"2024-10-22","Nigeria","(not set)",3,2
"2024-10-22","Philippines","(not set)",3,2
"2024-10-22","Egypt","(not set)",2,1
"2024-10-22","Pakistan","(not set)",2,2
"2024-10-22","Argentina","(not set)",1,1
"2024-10-22","Cameroon","(not set)",1,1
"2024-10-22","Canada","(not set)",1,1
"2024-10-22","Colombia","(not set)",1,1
"2024-10-22","Ecuador","(not set)",1,1
"2024-10-22","Lesotho","(not set)",1,1
"2024-10-22","Tanzania","(not set)",1,1
"2024-10-23","Brazil","(not set)",3682,867
"2024-10-23","United States","(not set)",614,121
"2024-10-23","Philippines","(not set)",24,2
"2024-10-23","Puerto Rico","(not set)",24,1
"2024-10-23","Italy","(not set)",20,1
"2024-10-23","Mexico","(not set)",19,7
"2024-10-23","Portugal","(not set)",19,3
"2024-10-23","Bolivia","(not set)",17,1
"2024-10-23","Peru","(not set)",13,2
"2024-10-23","Japan","(not set)",12,1
"2024-10-23","Iran","(not set)",10,3
"2024-10-23","Netherlands","(not set)",10,2
"2024-10-23","Bangladesh","(not set)",7,1
"2024-10-23","India","(not set)",7,3
"2024-10-23","Saudi Arabia","(not set)",7,1
"2024-10-23","South Africa","(not set)",7,1
"2024-10-23","Indonesia","(not set)",4,4
"2024-10-23","Pakistan","(not set)",3,3
"2024-10-23","Congo - Kinshasa","(not set)",2,1
"2024-10-23","Guatemala","(not set)",2,2
"2024-10-23","Honduras","(not set)",2,1
"2024-10-23","Nigeria","(not set)",2,1
"2024-10-23","Paraguay","(not set)",2,1
"2024-10-23","Sweden","(not set)",2,1
"2024-10-23","Switzerland","(not set)",2,1
"2024-10-23","Chile","(not set)",1,1
"2024-10-23","Egypt","(not set)",1,1
"2024-10-23","Germany","(not set)",1,1
"2024-10-23","Luxembourg","(not set)",1,1
"2024-10-23","Venezuela","(not set)",1,1
"2024-10-24","Brazil","(not set)",3848,911
"2024-10-24","United States","(not set)",449,104
"2024-10-24","Italy","(not set)",71,1
"2024-10-24","Puerto Rico","(not set)",62,5
"2024-10-24","Iran","(not set)",22,7
"2024-10-24","Bangladesh","(not set)",20,3
"2024-10-24","Indonesia","(not set)",17,2
"2024-10-24","Mexico","(not set)",10,6
"2024-10-24","Egypt","(not set)",9,1
"2024-10-24","United Kingdom","(not set)",8,1
"2024-10-24","Netherlands","(not set)",7,1
"2024-10-24","Cuba","(not set)",5,2
"2024-10-24","Afghanistan","(not set)",4,2
"2024-10-24","Argentina","(not set)",4,1
"2024-10-24","Yemen","(not set)",3,2
"2024-10-24","Australia","(not set)",2,1
"2024-10-24","Germany","(not set)",2,1
"2024-10-24","Guatemala","(not set)",2,1
"2024-10-24","Philippines","(not set)",2,1
"2024-10-24","Chile","(not set)",1,1
"2024-10-24","India","(not set)",1,1
"2024-10-24","Japan","(not set)",1,1
"2024-10-24","Nigeria","(not set)",1,1
"2024-10-24","Pakistan","(not set)",1,1
"2024-10-24","Portugal","(not set)",1,1
"2024-10-24","Singapore","(not set)",1,1
"2024-10-24","Sweden","(not set)",1,1
"2024-10-25","Brazil","(not set)",4002,827
"2024-10-25","United States","(not set)",522,109
"2024-10-25","Mexico","(not set)",29,6
"2024-10-25","Italy","(not set)",21,1
"2024-10-25","Ukraine","(not set)",17,1
"2024-10-25","Bangladesh","(not set)",11,1
"2024-10-25","India","(not set)",11,3
"2024-10-25","Niger","(not set)",9,1
"2024-10-25","Iran","(not set)",8,6
"2024-10-25","Nigeria","(not set)",8,4
"2024-10-25","Peru","(not set)",8,1
"2024-10-25","Egypt","(not set)",4,2
"2024-10-25","Ethiopia","(not set)",4,1
"2024-10-25","Spain","(not set)",4,1
"2024-10-25","United Kingdom","(not set)",3,2
"2024-10-25","France","(not set)",2,1
"2024-10-25","Indonesia","(not set)",2,1
"2024-10-25","Sri Lanka","(not set)",2,1
"2024-10-25","Venezuela","(not set)",2,1
"2024-10-25","Afghanistan","(not set)",1,1
"2024-10-25","Algeria","(not set)",1,1
"2024-10-25","Ecuador","(not set)",1,1
"2024-10-25","Pakistan","(not set)",1,1
"2024-10-25","Philippines","(not set)",1,1
"2024-10-25","Saudi Arabia","(not set)",1,1
"2024-10-26","Brazil","(not set)",3895,849
"2024-10-26","United States","(not set)",712,114
"2024-10-26","Italy","(not set)",75,1
"2024-10-26","France","(not set)",23,3
"2024-10-26","Mexico","(not set)",18,7
"2024-10-26","Colombia","(not set)",14,2
"2024-10-26","Syria","(not set)",13,2
"2024-10-26","Nigeria","(not set)",10,4
"2024-10-26","Iran","(not set)",9,3
"2024-10-26","Yemen","(not set)",8,3
"2024-10-26","Hungary","(not set)",7,1
"2024-10-26","India","(not set)",7,5
"2024-10-26","Peru","(not set)",7,1
"2024-10-26","Cuba","(not set)",5,2
"2024-10-26","Argentina","(not set)",4,2
"2024-10-26","Philippines","(not set)",4,3
"2024-10-26","Canada","(not set)",3,1
"2024-10-26","Venezuela","(not set)",3,1
"2024-10-26","Ghana","(not set)",2,1
"2024-10-26","Myanmar (Burma)","(not set)",2,1
"2024-10-26","Paraguay","(not set)",2,1
"2024-10-26","Guatemala","(not set)",1,1
"2024-10-26","Honduras","(not set)",1,1
"2024-10-26","Iraq","(not set)",1,1
"2024-10-26","Laos","(not set)",1,1
"2024-10-26","Netherlands","(not set)",1,1
"2024-10-26","Portugal","(not set)",1,1
"2024-10-26","Puerto Rico","(not set)",1,1
"2024-10-26","Saudi Arabia","(not set)",1,1
"2024-10-26","South Africa","(not set)",1,1
"2024-10-26","Uruguay","(not set)",1,1
"2024-10-27","Brazil","(not set)",4877,977
"2024-10-27","United States","(not set)",445,102
"2024-10-27","Italy","(not set)",25,1
"2024-10-27","Puerto Rico","(not set)",21,4
"2024-10-27","Iran","(not set)",18,5
"2024-10-27","Mexico","(not set)",16,7
"2024-10-27","Angola","(not set)",7,1
"2024-10-27","Argentina","(not set)",7,1
"2024-10-27","Cuba","(not set)",7,2
"2024-10-27","Peru","(not set)",6,1
"2024-10-27","Congo - Brazzaville","(not set)",5,1
"2024-10-27","Indonesia","(not set)",5,3
"2024-10-27","Venezuela","(not set)",3,1
"2024-10-27","Germany","(not set)",2,1
"2024-10-27","Hungary","(not set)",2,1
"2024-10-27","South Sudan","(not set)",2,1
"2024-10-27","Yemen","(not set)",2,2
"2024-10-27","Bolivia","(not set)",1,1
"2024-10-27","Bulgaria","(not set)",1,1
"2024-10-27","Colombia","(not set)",1,1
"2024-10-27","Ghana","(not set)",1,1
"2024-10-27","India","(not set)",1,1
"2024-10-27","Pakistan","(not set)",1,1
"2024-10-28","Brazil","(not set)",4032,925
"2024-10-28","United States","(not set)",487,107
"2024-10-28","Italy","(not set)",68,2
"2024-10-28","Mexico","(not set)",22,9
"2024-10-28","Puerto Rico","(not set)",22,6
"2024-10-28","Iran","(not set)",17,7
"2024-10-28","Indonesia","(not set)",14,4
"2024-10-28","Bangladesh","(not set)",9,2
"2024-10-28","Guatemala","(not set)",9,1
"2024-10-28","Yemen","(not set)",8,1
"2024-10-28","India","(not set)",7,2
"2024-10-28","New Zealand","(not set)",7,1
"2024-10-28","Cuba","(not set)",3,1
"2024-10-28","Egypt","(not set)",3,1
"2024-10-28","Germany","(not set)",3,1
"2024-10-28","Venezuela","(not set)",3,1
"2024-10-28","Algeria","(not set)",2,1
"2024-10-28","Australia","(not set)",2,1
"2024-10-28","Nigeria","(not set)",2,1
"2024-10-28","Portugal","(not set)",2,1
"2024-10-28","Colombia","(not set)",1,1
"2024-10-28","Equatorial Guinea","(not set)",1,1
"2024-10-28","Japan","(not set)",1,1
"2024-10-28","Laos","(not set)",1,1
"2024-10-28","Malawi","(not set)",1,1
"2024-10-28","Malaysia","(not set)",1,1
"2024-10-28","Nepal","(not set)",1,1
"2024-10-28","Pakistan","(not set)",1,1
"2024-10-28","Spain","(not set)",1,1
"2024-10-28","United Arab Emirates","(not set)",1,1
"2024-10-29","Brazil","(not set)",4522,968
"2024-10-29","United States","(not set)",390,106
"2024-10-29","Iran","(not set)",70,9
"2024-10-29","Italy","(not set)",37,1
"2024-10-29","Egypt","(not set)",27,1
"2024-10-29","Cuba","(not set)",20,2
"2024-10-29","France","(not set)",18,2
"2024-10-29","United Kingdom","(not set)",18,2
"2024-10-29","Indonesia","(not set)",17,3
"2024-10-29","India","(not set)",12,3
"2024-10-29","Niger","(not set)",11,1
"2024-10-29","Mexico","(not set)",9,4
"2024-10-29","Ecuador","(not set)",7,1
"2024-10-29","Colombia","(not set)",4,3
"2024-10-29","Netherlands","(not set)",4,1
"2024-10-29","Ethiopia","(not set)",3,2
"2024-10-29","Papua New Guinea","(not set)",3,1
"2024-10-29","Argentina","(not set)",2,1
"2024-10-29","Cape Verde","(not set)",2,1
"2024-10-29","Puerto Rico","(not set)",2,1
"2024-10-29","Equatorial Guinea","(not set)",1,1
"2024-10-29","Malaysia","(not set)",1,1
"2024-10-29","Morocco","(not set)",1,1
"2024-10-29","Nigeria","(not set)",1,1
"2024-10-29","United Arab Emirates","(not set)",1,1
"2024-10-29","Zambia","(not set)",1,1
"2024-10-30","Brazil","(not set)",4908,1260
"2024-10-30","United States","(not set)",529,106
"2024-10-30","Italy","(not set)",83,1
"2024-10-30","Iran","(not set)",48,7
"2024-10-30","United Kingdom","(not set)",24,3
"2024-10-30","Mexico","(not set)",23,7
"2024-10-30","India","(not set)",8,2
"2024-10-30","Niger","(not set)",7,1
"2024-10-30","Chile","(not set)",5,1
"2024-10-30","Indonesia","(not set)",5,3
"2024-10-30","Honduras","(not set)",4,1
"2024-10-30","Nigeria","(not set)",4,3
"2024-10-30","Afghanistan","(not set)",3,2
"2024-10-30","Ethiopia","(not set)",3,2
"2024-10-30","Puerto Rico","(not set)",3,2
"2024-10-30","Algeria","(not set)",2,1
"2024-10-30","Colombia","(not set)",2,1
"2024-10-30","Cuba","(not set)",2,1
"2024-10-30","Mozambique","(not set)",2,1
"2024-10-30","Netherlands","(not set)",2,1
"2024-10-30","Singapore","(not set)",2,1
"2024-10-30","Uganda","(not set)",2,1
"2024-10-30","Bangladesh","(not set)",1,1
"2024-10-30","Egypt","(not set)",1,1
"2024-10-30","Jamaica","(not set)",1,1
"2024-10-30","Japan","(not set)",1,1
"2024-10-30","Philippines","(not set)",1,1
"2024-10-30","South Sudan","(not set)",1,1
"2024-10-31","Brazil","(not set)",4466,851
"2024-10-31","United States","(not set)",602,104
"2024-10-31","Italy","(not set)",86,1
"2024-10-31","Iran","(not set)",32,7
"2024-10-31","India","(not set)",22,3
"2024-10-31","Mexico","(not set)",22,9
"2024-10-31","Indonesia","(not set)",21,3
"2024-10-31","Bangladesh","(not set)",14,3
"2024-10-31","Cuba","(not set)",13,1
"2024-10-31","Angola","(not set)",11,1
"2024-10-31","Poland","(not set)",7,1
"2024-10-31","China","(not set)",6,2
"2024-10-31","Philippines","(not set)",5,2
"2024-10-31","Mozambique","(not set)",3,2
"2024-10-31","Nigeria","(not set)",3,3
"2024-10-31","Puerto Rico","(not set)",3,2
"2024-10-31","Cape Verde","(not set)",2,1
"2024-10-31","Netherlands","(not set)",2,1
"2024-10-31","Peru","(not set)",2,1
"2024-10-31","Singapore","(not set)",2,1
"2024-10-31","Zambia","(not set)",2,1
"2024-10-31","Canada","(not set)",1,1
"2024-10-31","Chile","(not set)",1,1
"2024-10-31","Ghana","(not set)",1,1
"2024-10-31","Guinea-Bissau","(not set)",1,1
"2024-10-31","Honduras","(not set)",1,1
"2024-10-31","Kenya","(not set)",1,1
"2024-10-31","Pakistan","(not set)",1,1
"2024-10-31","Tanzania","(not set)",1,1
"2024-11-01","Brazil","(not set)",4280,922
"2024-11-01","United States","(not set)",577,119
"2024-11-01","Italy","(not set)",51,1
"2024-11-01","India","(not set)",46,7
"2024-11-01","Mexico","(not set)",36,5
"2024-11-01","Iran","(not set)",34,9
"2024-11-01","China","(not set)",22,3
"2024-11-01","Cuba","(not set)",22,3
"2024-11-01","Canada","(not set)",20,3
"2024-11-01","Yemen","(not set)",16,1
"2024-11-01","Bangladesh","(not set)",9,2
"2024-11-01","Colombia","(not set)",7,1
"2024-11-01","Puerto Rico","(not set)",7,4
"2024-11-01","Türkiye","(not set)",7,1
"2024-11-01","Nigeria","(not set)",6,1
"2024-11-01","Indonesia","(not set)",4,2
"2024-11-01","Portugal","(not set)",4,3
"2024-11-01","Egypt","(not set)",3,3
"2024-11-01","El Salvador","(not set)",3,1
"2024-11-01","Pakistan","(not set)",3,2
"2024-11-01","Peru","(not set)",3,1
"2024-11-01","Saudi Arabia","(not set)",3,1
"2024-11-01","Germany","(not set)",2,1
"2024-11-01","Malaysia","(not set)",2,1
"2024-11-01","Angola","(not set)",1,1
"2024-11-01","Bolivia","(not set)",1,1
"2024-11-01","Honduras","(not set)",1,1
"2024-11-01","Jamaica","(not set)",1,1
"2024-11-01","Malawi","(not set)",1,1
"2024-11-01","Morocco","(not set)",1,1
"2024-11-01","Tunisia","(not set)",1,1
"2024-11-01","United Kingdom","(not set)",1,1
"2024-11-02","Brazil","(not set)",4891,1057
"2024-11-02","United States","(not set)",681,131
"2024-11-02","Iran","(not set)",46,6
"2024-11-02","Cuba","(not set)",39,2
"2024-11-02","Italy","(not set)",35,1
"2024-11-02","Mexico","(not set)",32,9
"2024-11-02","Bangladesh","(not set)",15,3
"2024-11-02","United Kingdom","(not set)",14,3
"2024-11-02","Ecuador","(not set)",13,1
"2024-11-02","Singapore","(not set)",11,1
"2024-11-02","Portugal","(not set)",10,2
"2024-11-02","India","(not set)",8,2
"2024-11-02","Argentina","(not set)",7,2
"2024-11-02","Netherlands","(not set)",7,1
"2024-11-02","Mozambique","(not set)",6,3
"2024-11-02","Nigeria","(not set)",5,3
"2024-11-02","Philippines","(not set)",4,3
"2024-11-02","Algeria","(not set)",3,1
"2024-11-02","Egypt","(not set)",3,2
"2024-11-02","Japan","(not set)",3,1
"2024-11-02","Tanzania","(not set)",3,2
"2024-11-02","Indonesia","(not set)",2,2
"2024-11-02","Saudi Arabia","(not set)",2,1
"2024-11-02","Colombia","(not set)",1,1
"2024-11-02","Dominican Republic","(not set)",1,1
"2024-11-02","Ethiopia","(not set)",1,1
"2024-11-02","France","(not set)",1,1
"2024-11-02","Liberia","(not set)",1,1
"2024-11-02","Malaysia","(not set)",1,1
"2024-11-02","Pakistan","(not set)",1,1
"2024-11-02","Peru","(not set)",1,1
"2024-11-02","Puerto Rico","(not set)",1,1
"2024-11-02","Syria","(not set)",1,1
"2024-11-03","Brazil","(not set)",6406,1247
"2024-11-03","United States","(not set)",667,121
"2024-11-03","Italy","(not set)",36,3
"2024-11-03","Iran","(not set)",34,6
"2024-11-03","Mexico","(not set)",19,11
"2024-11-03","Romania","(not set)",14,1
"2024-11-03","France","(not set)",11,3
"2024-11-03","India","(not set)",10,3
"2024-11-03","Nigeria","(not set)",9,4
"2024-11-03","Japan","(not set)",7,1
"2024-11-03","Thailand","(not set)",7,1
"2024-11-03","China","(not set)",6,1
"2024-11-03","Kenya","(not set)",6,1
"2024-11-03","Puerto Rico","(not set)",4,3
"2024-11-03","Saudi Arabia","(not set)",4,1
"2024-11-03","Madagascar","(not set)",3,1
"2024-11-03","Netherlands","(not set)",3,3
"2024-11-03","Angola","(not set)",2,1
"2024-11-03","Canada","(not set)",2,1
"2024-11-03","Cape Verde","(not set)",2,1
"2024-11-03","Dominican Republic","(not set)",2,1
"2024-11-03","United Kingdom","(not set)",2,1
"2024-11-03","Algeria","(not set)",1,1
"2024-11-03","Bangladesh","(not set)",1,1
"2024-11-03","Botswana","(not set)",1,1
"2024-11-03","Chile","(not set)",1,1
"2024-11-03","Cuba","(not set)",1,1
"2024-11-03","Indonesia","(not set)",1,1
"2024-11-03","Laos","(not set)",1,1
"2024-11-03","Mozambique","(not set)",1,1
"2024-11-03","Myanmar (Burma)","(not set)",1,1
"2024-11-03","Pakistan","(not set)",1,1
"2024-11-03","Peru","(not set)",1,1
"2024-11-03","South Sudan","(not set)",1,1
"2024-11-03","Sudan","(not set)",1,1
"2024-11-03","Venezuela","(not set)",1,1
"2024-11-04","Brazil","(not set)",5069,1010
"2024-11-04","United States","(not set)",681,124
"2024-11-04","Chile","(not set)",66,2
"2024-11-04","Egypt","(not set)",59,4
"2024-11-04","Italy","(not set)",58,1
"2024-11-04","Mexico","(not set)",33,9
"2024-11-04","Mozambique","(not set)",26,1
"2024-11-04","Russia","(not set)",24,1
"2024-11-04","Madagascar","(not set)",21,1
"2024-11-04","India","(not set)",16,3
"2024-11-04","Iran","(not set)",16,5
"2024-11-04","Indonesia","(not set)",14,3
"2024-11-04","Peru","(not set)",9,2
"2024-11-04","Romania","(not set)",8,1
"2024-11-04","Thailand","(not set)",8,1
"2024-11-04","Portugal","(not set)",7,1
"2024-11-04","United Kingdom","(not set)",5,3
"2024-11-04","Bangladesh","(not set)",4,3
"2024-11-04","Nigeria","(not set)",3,2
"2024-11-04","Canada","(not set)",2,1
"2024-11-04","Japan","(not set)",2,1
"2024-11-04","Pakistan","(not set)",2,2
"2024-11-04","Puerto Rico","(not set)",2,1
"2024-11-04","Yemen","(not set)",2,2
"2024-11-04","Afghanistan","(not set)",1,1
"2024-11-04","Algeria","(not set)",1,1
"2024-11-04","Ethiopia","(not set)",1,1
"2024-11-04","Honduras","(not set)",1,1
"2024-11-04","Malaysia","(not set)",1,1
"2024-11-04","Paraguay","(not set)",1,1
"2024-11-04","Philippines","(not set)",1,1
"2024-11-04","Saudi Arabia","(not set)",1,1
"2024-11-04","Sudan","(not set)",1,1
"2024-11-04","Syria","(not set)",1,1
"2024-11-05","Brazil","(not set)",4497,947
"2024-11-05","United States","(not set)",466,94
"2024-11-05","Italy","(not set)",50,1
"2024-11-05","Mexico","(not set)",44,12
"2024-11-05","France","(not set)",43,3
"2024-11-05","Canada","(not set)",30,1
"2024-11-05","China","(not set)",22,2
"2024-11-05","India","(not set)",12,2
"2024-11-05","Indonesia","(not set)",9,7
"2024-11-05","Kenya","(not set)",9,1
"2024-11-05","Colombia","(not set)",8,1
"2024-11-05","Cuba","(not set)",8,2
"2024-11-05","Vietnam","(not set)",8,1
"2024-11-05","Bangladesh","(not set)",5,1
"2024-11-05","Iran","(not set)",5,3
"2024-11-05","Puerto Rico","(not set)",5,3
"2024-11-05","Pakistan","(not set)",4,3
"2024-11-05","Papua New Guinea","(not set)",3,1
"2024-11-05","Honduras","(not set)",2,1
"2024-11-05","Hungary","(not set)",2,1
"2024-11-05","Thailand","(not set)",2,1
"2024-11-05","Argentina","(not set)",1,1
"2024-11-05","Mozambique","(not set)",1,1
"2024-11-05","Nigeria","(not set)",1,1
"2024-11-05","Singapore","(not set)",1,1
"2024-11-06","Brazil","(not set)",4724,970
"2024-11-06","United States","(not set)",556,106
"2024-11-06","Italy","(not set)",79,1
"2024-11-06","Iran","(not set)",28,5
"2024-11-06","Poland","(not set)",24,1
"2024-11-06","Germany","(not set)",14,2
"2024-11-06","Mexico","(not set)",14,8
"2024-11-06","Algeria","(not set)",12,1
"2024-11-06","Cuba","(not set)",12,4
"2024-11-06","United Arab Emirates","(not set)",8,1
"2024-11-06","Zimbabwe","(not set)",7,1
"2024-11-06","Nigeria","(not set)",5,1
"2024-11-06","Pakistan","(not set)",5,4
"2024-11-06","Chile","(not set)",4,2
"2024-11-06","Afghanistan","(not set)",3,2
"2024-11-06","Egypt","(not set)",3,1
"2024-11-06","Puerto Rico","(not set)",3,2
"2024-11-06","India","(not set)",2,2
"2024-11-06","Mozambique","(not set)",2,2
"2024-11-06","Türkiye","(not set)",2,1
"2024-11-06","Canada","(not set)",1,1
"2024-11-06","Colombia","(not set)",1,1
"2024-11-06","Peru","(not set)",1,1
"2024-11-06","Portugal","(not set)",1,1
"2024-11-06","Romania","(not set)",1,1
"2024-11-06","Zambia","(not set)",1,1
"2024-11-07","Brazil","(not set)",4546,904
"2024-11-07","United States","(not set)",517,102
"2024-11-07","Italy","(not set)",103,1
"2024-11-07","Mexico","(not set)",46,11
"2024-11-07","Iran","(not set)",22,7
"2024-11-07","Portugal","(not set)",22,4
"2024-11-07","India","(not set)",19,2
"2024-11-07","Bangladesh","(not set)",16,2
"2024-11-07","Egypt","(not set)",16,2
"2024-11-07","Ecuador","(not set)",7,1
"2024-11-07","Pakistan","(not set)",7,1
"2024-11-07","Argentina","(not set)",5,2
"2024-11-07","Mozambique","(not set)",4,1
"2024-11-07","Nigeria","(not set)",3,2
"2024-11-07","Bolivia","(not set)",2,1
"2024-11-07","Cuba","(not set)",2,2
"2024-11-07","Germany","(not set)",2,1
"2024-11-07","Indonesia","(not set)",2,1
"2024-11-07","Kenya","(not set)",2,1
"2024-11-07","Nepal","(not set)",2,1
"2024-11-07","Algeria","(not set)",1,1
"2024-11-07","Botswana","(not set)",1,1
"2024-11-07","Estonia","(not set)",1,1
"2024-11-07","Morocco","(not set)",1,1
"2024-11-07","Philippines","(not set)",1,1
"2024-11-07","Thailand","(not set)",1,1
"2024-11-08","Brazil","(not set)",4333,932
"2024-11-08","United States","(not set)",354,94
"2024-11-08","Italy","(not set)",33,1
"2024-11-08","Mexico","(not set)",30,11
"2024-11-08","Iran","(not set)",24,8
"2024-11-08","United Kingdom","(not set)",22,2
"2024-11-08","Thailand","(not set)",17,1
"2024-11-08","Colombia","(not set)",14,2
"2024-11-08","Nigeria","(not set)",10,3
"2024-11-08","Venezuela","(not set)",10,1
"2024-11-08","India","(not set)",6,3
"2024-11-08","Pakistan","(not set)",3,2
"2024-11-08","Chile","(not set)",2,1
"2024-11-08","Curaçao","(not set)",2,1
"2024-11-08","Guatemala","(not set)",2,1
"2024-11-08","Indonesia","(not set)",2,2
"2024-11-08","Portugal","(not set)",2,1
"2024-11-08","Syria","(not set)",2,1
"2024-11-08","Bangladesh","(not set)",1,1
"2024-11-08","Bolivia","(not set)",1,1
"2024-11-08","Germany","(not set)",1,1
"2024-11-08","Japan","(not set)",1,1
"2024-11-08","Nicaragua","(not set)",1,1
"2024-11-08","Puerto Rico","(not set)",1,1
"2024-11-08","Saudi Arabia","(not set)",1,1
"2024-11-08","Zambia","(not set)",1,1
"2024-11-09","Brazil","(not set)",4984,1006
"2024-11-09","United States","(not set)",595,117
"2024-11-09","Italy","(not set)",64,2
"2024-11-09","Mexico","(not set)",32,13
"2024-11-09","China","(not set)",30,3
"2024-11-09","Venezuela","(not set)",21,1
"2024-11-09","Poland","(not set)",15,1
"2024-11-09","Iran","(not set)",13,7
"2024-11-09","Nigeria","(not set)",13,3
"2024-11-09","Puerto Rico","(not set)",13,3
"2024-11-09","Indonesia","(not set)",9,2
"2024-11-09","Portugal","(not set)",9,1
"2024-11-09","United Kingdom","(not set)",9,2
"2024-11-09","Egypt","(not set)",7,1
"2024-11-09","Cuba","(not set)",3,2
"2024-11-09","Afghanistan","(not set)",2,1
"2024-11-09","Colombia","(not set)",2,2
"2024-11-09","Morocco","(not set)",2,1
"2024-11-09","Netherlands","(not set)",2,1
"2024-11-09","Philippines","(not set)",2,2
"2024-11-09","Sri Lanka","(not set)",2,1
"2024-11-09","Canada","(not set)",1,1
"2024-11-09","Germany","(not set)",1,1
"2024-11-09","Guatemala","(not set)",1,1
"2024-11-09","Haiti","(not set)",1,1
"2024-11-09","India","(not set)",1,1
"2024-11-09","Israel","(not set)",1,1
"2024-11-09","Malaysia","(not set)",1,1
"2024-11-09","Mozambique","(not set)",1,1
"2024-11-09","Syria","(not set)",1,1
"2024-11-09","Yemen","(not set)",1,1
"2024-11-10","Brazil","(not set)",5394,1017
"2024-11-10","United States","(not set)",618,123
"2024-11-10","Italy","(not set)",85,2
"2024-11-10","Mexico","(not set)",26,5
"2024-11-10","Iran","(not set)",23,9
"2024-11-10","Bangladesh","(not set)",18,2
"2024-11-10","Colombia","(not set)",15,2
"2024-11-10","United Kingdom","(not set)",14,3
"2024-11-10","Venezuela","(not set)",12,1
"2024-11-10","Angola","(not set)",11,1
"2024-11-10","Puerto Rico","(not set)",11,3
"2024-11-10","France","(not set)",7,1
"2024-11-10","Spain","(not set)",7,1
"2024-11-10","Egypt","(not set)",6,1
"2024-11-10","Saudi Arabia","(not set)",6,1
"2024-11-10","Cuba","(not set)",3,2
"2024-11-10","South Africa","(not set)",3,1
"2024-11-10","Zambia","(not set)",3,1
"2024-11-10","India","(not set)",2,2
"2024-11-10","Indonesia","(not set)",2,2
"2024-11-10","Laos","(not set)",2,1
"2024-11-10","Nigeria","(not set)",2,2
"2024-11-10","Trinidad & Tobago","(not set)",2,1
"2024-11-10","Afghanistan","(not set)",1,1
"2024-11-10","Honduras","(not set)",1,1
"2024-11-10","Rwanda","(not set)",1,1
"2024-11-10","Yemen","(not set)",1,1
"2024-11-11","Brazil","(not set)",4102,906
"2024-11-11","United States","(not set)",363,90
"2024-11-11","Italy","(not set)",89,1
"2024-11-11","Iran","(not set)",23,9
"2024-11-11","Mexico","(not set)",22,9
"2024-11-11","Algeria","(not set)",20,3
"2024-11-11","Peru","(not set)",18,2
"2024-11-11","Nigeria","(not set)",17,2
"2024-11-11","India","(not set)",10,3
"2024-11-11","Egypt","(not set)",9,2
"2024-11-11","Thailand","(not set)",8,1
"2024-11-11","Venezuela","(not set)",8,1
"2024-11-11","Panama","(not set)",7,1
"2024-11-11","Portugal","(not set)",7,1
"2024-11-11","Angola","(not set)",5,1
"2024-11-11","Nepal","(not set)",4,1
"2024-11-11","Guinea-Bissau","(not set)",3,1
"2024-11-11","Puerto Rico","(not set)",3,2
"2024-11-11","Guyana","(not set)",2,2
"2024-11-11","Indonesia","(not set)",2,1
"2024-11-11","Saudi Arabia","(not set)",2,2
"2024-11-11","Yemen","(not set)",2,1
"2024-11-11","Afghanistan","(not set)",1,1
"2024-11-11","Bangladesh","(not set)",1,1
"2024-11-11","Cuba","(not set)",1,1
"2024-11-11","El Salvador","(not set)",1,1
"2024-11-11","Pakistan","(not set)",1,1
"2024-11-11","South Africa","(not set)",1,1
"2024-11-12","Brazil","(not set)",5065,1027
"2024-11-12","United States","(not set)",676,121
"2024-11-12","Italy","(not set)",61,1
"2024-11-12","Cuba","(not set)",30,4
"2024-11-12","Mexico","(not set)",19,7
"2024-11-12","Indonesia","(not set)",17,6
"2024-11-12","Iran","(not set)",17,5
"2024-11-12","United Arab Emirates","(not set)",17,1
"2024-11-12","Bangladesh","(not set)",9,1
"2024-11-12","Canada","(not set)",9,2
"2024-11-12","Gabon","(not set)",8,1
"2024-11-12","Portugal","(not set)",6,1
"2024-11-12","Germany","(not set)",5,2
"2024-11-12","Bolivia","(not set)",4,2
"2024-11-12","India","(not set)",3,3
"2024-11-12","Puerto Rico","(not set)",3,1
"2024-11-12","Dominican Republic","(not set)",2,1
"2024-11-12","Myanmar (Burma)","(not set)",2,1
"2024-11-12","Peru","(not set)",2,1
"2024-11-12","Algeria","(not set)",1,1
"2024-11-12","Angola","(not set)",1,1
"2024-11-12","Argentina","(not set)",1,1
"2024-11-12","Egypt","(not set)",1,1
"2024-11-12","Malaysia","(not set)",1,1
"2024-11-12","Netherlands","(not set)",1,1
"2024-11-12","United Kingdom","(not set)",1,1
"2024-11-13","Brazil","(not set)",5079,976
"2024-11-13","United States","(not set)",541,114
"2024-11-13","Italy","(not set)",75,1
"2024-11-13","Puerto Rico","(not set)",27,5
"2024-11-13","Mexico","(not set)",23,7
"2024-11-13","India","(not set)",22,4
"2024-11-13","Hungary","(not set)",18,1
"2024-11-13","Iran","(not set)",16,4
"2024-11-13","Niger","(not set)",14,1
"2024-11-13","Indonesia","(not set)",9,3
"2024-11-13","Bangladesh","(not set)",8,2
"2024-11-13","Venezuela","(not set)",8,1
"2024-11-13","Argentina","(not set)",6,3
"2024-11-13","Chile","(not set)",6,1
"2024-11-13","Egypt","(not set)",6,1
"2024-11-13","Nigeria","(not set)",6,4
"2024-11-13","United Kingdom","(not set)",5,1
"2024-11-13","Algeria","(not set)",3,1
"2024-11-13","Israel","(not set)",2,1
"2024-11-13","Angola","(not set)",1,1
"2024-11-13","Colombia","(not set)",1,1
"2024-11-13","Honduras","(not set)",1,1
"2024-11-13","Mozambique","(not set)",1,1
"2024-11-13","Pakistan","(not set)",1,1
"2024-11-13","Papua New Guinea","(not set)",1,1
"2024-11-13","Syria","(not set)",1,1
"2024-11-13","Tanzania","(not set)",1,1
"2024-11-13","Yemen","(not set)",1,1
"2024-11-14","Brazil","(not set)",4910,992
"2024-11-14","United States","(not set)",494,99
"2024-11-14","Italy","(not set)",27,1
"2024-11-14","Indonesia","(not set)",14,3
"2024-11-14","India","(not set)",12,5
"2024-11-14","Mexico","(not set)",12,5
"2024-11-14","Colombia","(not set)",10,3
"2024-11-14","Nigeria","(not set)",10,4
"2024-11-14","Iran","(not set)",7,4
"2024-11-14","Peru","(not set)",7,1
"2024-11-14","Saudi Arabia","(not set)",7,1
"2024-11-14","Egypt","(not set)",6,1
"2024-11-14","Germany","(not set)",6,1
"2024-11-14","Puerto Rico","(not set)",6,3
"2024-11-14","Cuba","(not set)",5,2
"2024-11-14","Mozambique","(not set)",4,1
"2024-11-14","Bangladesh","(not set)",3,2
"2024-11-14","Afghanistan","(not set)",1,1
"2024-11-14","Laos","(not set)",1,1
"2024-11-14","Philippines","(not set)",1,1
"2024-11-14","Portugal","(not set)",1,1
"2024-11-15","Brazil","(not set)",5561,1074
"2024-11-15","United States","(not set)",506,103
"2024-11-15","Italy","(not set)",48,2
"2024-11-15","Mexico","(not set)",27,7
"2024-11-15","Portugal","(not set)",23,2
"2024-11-15","Bangladesh","(not set)",17,2
"2024-11-15","Egypt","(not set)",13,1
"2024-11-15","Spain","(not set)",11,2
"2024-11-15","India","(not set)",8,2
"2024-11-15","Chile","(not set)",7,1
"2024-11-15","Iran","(not set)",7,2
"2024-11-15","Nigeria","(not set)",5,3
"2024-11-15","Argentina","(not set)",4,3
"2024-11-15","Indonesia","(not set)",4,3
"2024-11-15","Bolivia","(not set)",3,1
"2024-11-15","Estonia","(not set)",3,1
"2024-11-15","Puerto Rico","(not set)",3,2
"2024-11-15","Saudi Arabia","(not set)",3,1
"2024-11-15","Colombia","(not set)",2,1
"2024-11-15","Jamaica","(not set)",2,1
"2024-11-15","Panama","(not set)",2,1
"2024-11-15","Switzerland","(not set)",2,1
"2024-11-15","Cuba","(not set)",1,1
"2024-11-15","Dominican Republic","(not set)",1,1
"2024-11-15","Fiji","(not set)",1,1
"2024-11-15","Hungary","(not set)",1,1
"2024-11-15","Laos","(not set)",1,1
"2024-11-15","Nepal","(not set)",1,1
"2024-11-16","Brazil","(not set)",5564,1070
"2024-11-16","United States","(not set)",538,113
"2024-11-16","Italy","(not set)",96,1
"2024-11-16","Iran","(not set)",87,11
"2024-11-16","Mexico","(not set)",38,13
"2024-11-16","Cuba","(not set)",24,6
"2024-11-16","Indonesia","(not set)",15,5
"2024-11-16","Canada","(not set)",10,1
"2024-11-16","Chile","(not set)",8,2
"2024-11-16","Egypt","(not set)",6,1
"2024-11-16","India","(not set)",6,1
"2024-11-16","Saudi Arabia","(not set)",6,1
"2024-11-16","Western Sahara","(not set)",6,1
"2024-11-16","Peru","(not set)",4,1
"2024-11-16","Romania","(not set)",4,1
"2024-11-16","Malawi","(not set)",3,1
"2024-11-16","Mozambique","(not set)",2,1
"2024-11-16","Nigeria","(not set)",2,1
"2024-11-16","Angola","(not set)",1,1
"2024-11-16","China","(not set)",1,1
"2024-11-16","Colombia","(not set)",1,1
"2024-11-16","Pakistan","(not set)",1,1
"2024-11-16","Philippines","(not set)",1,1
"2024-11-16","Türkiye","(not set)",1,1
"2024-11-17","Brazil","(not set)",5978,1157
"2024-11-17","United States","(not set)",760,121
"2024-11-17","Italy","(not set)",61,1
"2024-11-17","Mexico","(not set)",48,11
"2024-11-17","India","(not set)",17,4
"2024-11-17","Nigeria","(not set)",12,9
"2024-11-17","Cuba","(not set)",10,4
"2024-11-17","Finland","(not set)",6,1
"2024-11-17","Indonesia","(not set)",6,4
"2024-11-17","Kenya","(not set)",6,1
"2024-11-17","Iran","(not set)",4,3
"2024-11-17","United Kingdom","(not set)",3,1
"2024-11-17","Bangladesh","(not set)",2,2
"2024-11-17","Honduras","(not set)",2,1
"2024-11-17","Luxembourg","(not set)",2,1
"2024-11-17","Puerto Rico","(not set)",2,2
"2024-11-17","Qatar","(not set)",2,1
"2024-11-17","France","(not set)",1,1
"2024-11-17","Netherlands","(not set)",1,1
"2024-11-17","Pakistan","(not set)",1,1
"2024-11-17","Spain","(not set)",1,1
"2024-11-17","Türkiye","(not set)",1,1
"2024-11-18","Brazil","(not set)",5297,1002
"2024-11-18","United States","(not set)",533,108
"2024-11-18","Italy","(not set)",53,1
"2024-11-18","China","(not set)",31,3
"2024-11-18","Iran","(not set)",30,8
"2024-11-18","Indonesia","(not set)",29,4
"2024-11-18","Canada","(not set)",17,1
"2024-11-18","Mexico","(not set)",12,9
"2024-11-18","Argentina","(not set)",10,2
"2024-11-18","Niger","(not set)",10,1
"2024-11-18","Nigeria","(not set)",10,3
"2024-11-18","Egypt","(not set)",7,1
"2024-11-18","Qatar","(not set)",7,1
"2024-11-18","Bangladesh","(not set)",6,2
"2024-11-18","Puerto Rico","(not set)",6,1
"2024-11-18","United Kingdom","(not set)",6,1
"2024-11-18","Israel","(not set)",5,2
"2024-11-18","Papua New Guinea","(not set)",5,1
"2024-11-18","Germany","(not set)",3,1
"2024-11-18","Portugal","(not set)",3,1
"2024-11-18","Mozambique","(not set)",2,1
"2024-11-18","Angola","(not set)",1,1
"2024-11-18","Bolivia","(not set)",1,1
"2024-11-18","Cuba","(not set)",1,1
"2024-11-18","Honduras","(not set)",1,1
"2024-11-19","Brazil","(not set)",4680,1039
"2024-11-19","United States","(not set)",466,85
"2024-11-19","Italy","(not set)",67,1
"2024-11-19","Mexico","(not set)",38,13
"2024-11-19","Iran","(not set)",14,5
"2024-11-19","Canada","(not set)",9,1
"2024-11-19","Cuba","(not set)",5,2
"2024-11-19","France","(not set)",4,1
"2024-11-19","Guatemala","(not set)",4,2
"2024-11-19","Colombia","(not set)",3,3
"2024-11-19","Indonesia","(not set)",3,2
"2024-11-19","Puerto Rico","(not set)",3,2
"2024-11-19","Chile","(not set)",2,1
"2024-11-19","Honduras","(not set)",2,1
"2024-11-19","Kenya","(not set)",2,1
"2024-11-19","Nigeria","(not set)",2,1
"2024-11-19","Türkiye","(not set)",2,1
"2024-11-19","Algeria","(not set)",1,1
"2024-11-19","Bangladesh","(not set)",1,1
"2024-11-19","Cameroon","(not set)",1,1
"2024-11-19","Ethiopia","(not set)",1,1
"2024-11-19","Ghana","(not set)",1,1
"2024-11-19","Haiti","(not set)",1,1
"2024-11-19","Liberia","(not set)",1,1
"2024-11-19","Sri Lanka","(not set)",1,1
"2024-11-20","Brazil","(not set)",5550,1083
"2024-11-20","United States","(not set)",599,118
"2024-11-20","Italy","(not set)",69,1
"2024-11-20","Iran","(not set)",41,5
"2024-11-20","Mexico","(not set)",35,9
"2024-11-20","Ethiopia","(not set)",13,1
"2024-11-20","India","(not set)",11,2
"2024-11-20","United Kingdom","(not set)",11,2
"2024-11-20","Saudi Arabia","(not set)",10,2
"2024-11-20","Qatar","(not set)",8,1
"2024-11-20","Canada","(not set)",7,1
"2024-11-20","Indonesia","(not set)",6,4
"2024-11-20","Malaysia","(not set)",6,1
"2024-11-20","Nigeria","(not set)",6,1
"2024-11-20","Puerto Rico","(not set)",6,2
"2024-11-20","France","(not set)",4,1
"2024-11-20","Bangladesh","(not set)",3,2
"2024-11-20","Argentina","(not set)",2,1
"2024-11-20","Egypt","(not set)",2,1
"2024-11-20","Venezuela","(not set)",2,1
"2024-11-20","Colombia","(not set)",1,1
"2024-11-20","Cuba","(not set)",1,1
"2024-11-20","Guatemala","(not set)",1,1
"2024-11-20","Haiti","(not set)",1,1
"2024-11-20","Malawi","(not set)",1,1
"2024-11-20","Netherlands","(not set)",1,1
"2024-11-20","Pakistan","(not set)",1,1
"2024-11-20","Philippines","(not set)",1,1
"2024-11-21","Brazil","(not set)",4901,999
"2024-11-21","United States","(not set)",444,98
"2024-11-21","Italy","(not set)",64,1
"2024-11-21","Mexico","(not set)",33,10
"2024-11-21","Indonesia","(not set)",30,3
"2024-11-21","France","(not set)",27,1
"2024-11-21","Egypt","(not set)",13,2
"2024-11-21","Hungary","(not set)",12,2
"2024-11-21","India","(not set)",10,5
"2024-11-21","Qatar","(not set)",10,1
"2024-11-21","Argentina","(not set)",4,2
"2024-11-21","Guatemala","(not set)",3,2
"2024-11-21","Venezuela","(not set)",3,1
"2024-11-21","Algeria","(not set)",2,1
"2024-11-21","Angola","(not set)",2,1
"2024-11-21","Cuba","(not set)",2,2
"2024-11-21","Luxembourg","(not set)",2,1
"2024-11-21","Mozambique","(not set)",2,1
"2024-11-21","Nigeria","(not set)",2,1
"2024-11-21","Norway","(not set)",2,1
"2024-11-21","Puerto Rico","(not set)",2,2
"2024-11-21","Colombia","(not set)",1,1
"2024-11-21","Honduras","(not set)",1,1
"2024-11-21","Iran","(not set)",1,1
"2024-11-21","Kenya","(not set)",1,1
"2024-11-21","Libya","(not set)",1,1
"2024-11-21","Pakistan","(not set)",1,1
"2024-11-21","Saudi Arabia","(not set)",1,1
"2024-11-21","Türkiye","(not set)",1,1
"2024-11-21","Uganda","(not set)",1,1
"2024-11-21","Zimbabwe","(not set)",1,1
"2024-11-22","Brazil","(not set)",4616,953
"2024-11-22","United States","(not set)",521,97
"2024-11-22","Italy","(not set)",52,1
"2024-11-22","Germany","(not set)",29,2
"2024-11-22","Mexico","(not set)",20,4
"2024-11-22","Malaysia","(not set)",15,2
"2024-11-22","Peru","(not set)",13,1
"2024-11-22","Iran","(not set)",10,4
"2024-11-22","Puerto Rico","(not set)",8,3
"2024-11-22","Guatemala","(not set)",6,1
"2024-11-22","Japan","(not set)",6,1
"2024-11-22","Algeria","(not set)",4,2
"2024-11-22","Pakistan","(not set)",4,3
"2024-11-22","Zimbabwe","(not set)",4,1
"2024-11-22","India","(not set)",3,1
"2024-11-22","Indonesia","(not set)",3,2
"2024-11-22","Nigeria","(not set)",3,2
"2024-11-22","United Kingdom","(not set)",3,1
"2024-11-22","Cape Verde","(not set)",2,1
"2024-11-22","Costa Rica","(not set)",2,1
"2024-11-22","Papua New Guinea","(not set)",2,1
"2024-11-22","Paraguay","(not set)",2,1
"2024-11-22","Argentina","(not set)",1,1
"2024-11-22","Chile","(not set)",1,1
"2024-11-22","Colombia","(not set)",1,1
"2024-11-22","Cuba","(not set)",1,1
"2024-11-22","Honduras","(not set)",1,1
"2024-11-22","Hungary","(not set)",1,1
"2024-11-22","Luxembourg","(not set)",1,1
"2024-11-22","Nepal","(not set)",1,1
"2024-11-22","Sudan","(not set)",1,1
"2024-11-22","Uganda","(not set)",1,1
"2024-11-23","Brazil","(not set)",5086,1053
"2024-11-23","United States","(not set)",529,106
"2024-11-23","Italy","(not set)",86,1
"2024-11-23","Mexico","(not set)",35,8
"2024-11-23","Germany","(not set)",33,3
"2024-11-23","Iran","(not set)",25,4
"2024-11-23","Indonesia","(not set)",14,2
"2024-11-23","Egypt","(not set)",13,3
"2024-11-23","Honduras","(not set)",10,2
"2024-11-23","Bangladesh","(not set)",9,2
"2024-11-23","India","(not set)",8,1
"2024-11-23","Canada","(not set)",7,2
"2024-11-23","Malaysia","(not set)",6,1
"2024-11-23","South Africa","(not set)",6,1
"2024-11-23","Guatemala","(not set)",3,1
"2024-11-23","Nigeria","(not set)",2,1
"2024-11-23","Oman","(not set)",2,1
"2024-11-23","Philippines","(not set)",2,2
"2024-11-23","Portugal","(not set)",2,1
"2024-11-23","Puerto Rico","(not set)",2,1
"2024-11-23","Türkiye","(not set)",2,1
"2024-11-23","Angola","(not set)",1,1
"2024-11-23","Argentina","(not set)",1,1
"2024-11-23","Ghana","(not set)",1,1
"2024-11-23","Jamaica","(not set)",1,1
"2024-11-23","Laos","(not set)",1,1
"2024-11-23","Pakistan","(not set)",1,1
"2024-11-23","Peru","(not set)",1,1
"2024-11-23","Yemen","(not set)",1,1
"2024-11-24","Brazil","(not set)",4903,1005
"2024-11-24","United States","(not set)",630,106
"2024-11-24","Italy","(not set)",57,1
"2024-11-24","Mexico","(not set)",44,11
"2024-11-24","Algeria","(not set)",34,2
"2024-11-24","Iran","(not set)",30,5
"2024-11-24","Portugal","(not set)",10,1
"2024-11-24","Saudi Arabia","(not set)",9,1
"2024-11-24","Cuba","(not set)",8,3
"2024-11-24","Honduras","(not set)",6,1
"2024-11-24","India","(not set)",6,1
"2024-11-24","Indonesia","(not set)",6,2
"2024-11-24","China","(not set)",4,1
"2024-11-24","Puerto Rico","(not set)",4,2
"2024-11-24","Türkiye","(not set)",4,1
"2024-11-24","Egypt","(not set)",2,1
"2024-11-24","Mozambique","(not set)",2,1
"2024-11-24","United Kingdom","(not set)",2,1
"2024-11-24","Argentina","(not set)",1,1
"2024-11-24","Bangladesh","(not set)",1,1
"2024-11-24","Germany","(not set)",1,1
"2024-11-24","Ghana","(not set)",1,1
"2024-11-24","Guatemala","(not set)",1,1
"2024-11-24","Nigeria","(not set)",1,1
"2024-11-24","Pakistan","(not set)",1,1
"2024-11-24","Philippines","(not set)",1,1
"2024-11-24","Venezuela","(not set)",1,1
"2024-11-25","Brazil","(not set)",4542,969
"2024-11-25","United States","(not set)",483,110
"2024-11-25","Mexico","(not set)",63,11
"2024-11-25","Italy","(not set)",58,1
"2024-11-25","Iran","(not set)",48,7
"2024-11-25","Indonesia","(not set)",25,6
"2024-11-25","Fiji","(not set)",17,1
"2024-11-25","Egypt","(not set)",9,1
"2024-11-25","Netherlands","(not set)",9,1
"2024-11-25","United Kingdom","(not set)",9,2
"2024-11-25","Portugal","(not set)",8,1
"2024-11-25","Yemen","(not set)",8,1
"2024-11-25","United Arab Emirates","(not set)",7,1
"2024-11-25","Ecuador","(not set)",6,1
"2024-11-25","Puerto Rico","(not set)",6,1
"2024-11-25","Cuba","(not set)",5,3
"2024-11-25","Pakistan","(not set)",4,1
"2024-11-25","Venezuela","(not set)",4,1
"2024-11-25","Germany","(not set)",3,1
"2024-11-25","Kenya","(not set)",3,2
"2024-11-25","Nigeria","(not set)",3,2
"2024-11-25","Bangladesh","(not set)",2,1
"2024-11-25","Albania","(not set)",1,1
"2024-11-25","Angola","(not set)",1,1
"2024-11-25","Ghana","(not set)",1,1
"2024-11-25","Honduras","(not set)",1,1
"2024-11-25","Hungary","(not set)",1,1
"2024-11-25","Laos","(not set)",1,1
"2024-11-25","Philippines","(not set)",1,1
"2024-11-25","Zimbabwe","(not set)",1,1
"2024-11-26","Brazil","(not set)",5460,1362
"2024-11-26","United States","(not set)",394,81
"2024-11-26","Italy","(not set)",83,1
"2024-11-26","Mexico","(not set)",48,11
"2024-11-26","Puerto Rico","(not set)",25,5
"2024-11-26","Iran","(not set)",19,4
"2024-11-26","Colombia","(not set)",10,1
"2024-11-26","Argentina","(not set)",9,1
"2024-11-26","Bangladesh","(not set)",9,1
"2024-11-26","India","(not set)",9,2
"2024-11-26","Egypt","(not set)",8,1
"2024-11-26","Hungary","(not set)",6,1
"2024-11-26","Saudi Arabia","(not set)",6,1
"2024-11-26","Indonesia","(not set)",5,3
"2024-11-26","Yemen","(not set)",5,1
"2024-11-26","Ethiopia","(not set)",4,1
"2024-11-26","United Kingdom","(not set)",4,1
"2024-11-26","Portugal","(not set)",3,1
"2024-11-26","Germany","(not set)",2,1
"2024-11-26","Venezuela","(not set)",2,1
"2024-11-26","Cameroon","(not set)",1,1
"2024-11-26","Pakistan","(not set)",1,1
"2024-11-26","Thailand","(not set)",1,1
"2024-11-26","Uganda","(not set)",1,1
"2024-11-27","Brazil","(not set)",4407,953
"2024-11-27","United States","(not set)",508,104
"2024-11-27","Italy","(not set)",83,1
"2024-11-27","Iran","(not set)",38,8
"2024-11-27","Yemen","(not set)",24,1
"2024-11-27","Mexico","(not set)",21,6
"2024-11-27","Nigeria","(not set)",10,1
"2024-11-27","Lebanon","(not set)",8,1
"2024-11-27","Jordan","(not set)",7,1
"2024-11-27","Fiji","(not set)",4,1
"2024-11-27","Puerto Rico","(not set)",4,1
"2024-11-27","Algeria","(not set)",2,2
"2024-11-27","Germany","(not set)",2,1
"2024-11-27","Honduras","(not set)",2,1
"2024-11-27","Hungary","(not set)",2,1
"2024-11-27","Malawi","(not set)",2,1
"2024-11-27","Portugal","(not set)",2,1
"2024-11-27","Venezuela","(not set)",2,1
"2024-11-27","Angola","(not set)",1,1
"2024-11-27","Bolivia","(not set)",1,1
"2024-11-27","Chile","(not set)",1,1
"2024-11-27","Cuba","(not set)",1,1
"2024-11-27","Egypt","(not set)",1,1
"2024-11-27","India","(not set)",1,1
"2024-11-27","Indonesia","(not set)",1,1
"2024-11-27","Kenya","(not set)",1,1
"2024-11-27","Norway","(not set)",1,1
"2024-11-27","South Africa","(not set)",1,1
"2024-11-27","Tanzania","(not set)",1,1
"2024-11-28","Brazil","(not set)",4278,1002
"2024-11-28","United States","(not set)",379,106
"2024-11-28","Italy","(not set)",46,1
"2024-11-28","Iran","(not set)",40,6
"2024-11-28","Mexico","(not set)",36,8
"2024-11-28","Puerto Rico","(not set)",21,4
"2024-11-28","United Kingdom","(not set)",12,2
"2024-11-28","Bangladesh","(not set)",11,4
"2024-11-28","India","(not set)",11,2
"2024-11-28","Egypt","(not set)",8,1
"2024-11-28","Fiji","(not set)",7,1
"2024-11-28","Morocco","(not set)",6,1
"2024-11-28","Peru","(not set)",5,1
"2024-11-28","Germany","(not set)",4,3
"2024-11-28","Indonesia","(not set)",4,2
"2024-11-28","Nigeria","(not set)",4,2
"2024-11-28","Cuba","(not set)",3,1
"2024-11-28","Yemen","(not set)",3,1
"2024-11-28","Mozambique","(not set)",2,1
"2024-11-28","Canada","(not set)",1,1
"2024-11-28","Ethiopia","(not set)",1,1
"2024-11-28","Honduras","(not set)",1,1
"2024-11-28","Kenya","(not set)",1,1
"2024-11-28","Malaysia","(not set)",1,1
"2024-11-28","Pakistan","(not set)",1,1
"2024-11-28","Portugal","(not set)",1,1
"2024-11-28","South Africa","(not set)",1,1
"2024-11-29","Brazil","(not set)",4058,915
"2024-11-29","United States","(not set)",436,90
"2024-11-29","Italy","(not set)",104,1
"2024-11-29","Egypt","(not set)",41,4
"2024-11-29","Mexico","(not set)",32,8
"2024-11-29","Indonesia","(not set)",19,4
"2024-11-29","Angola","(not set)",16,3
"2024-11-29","United Kingdom","(not set)",16,3
"2024-11-29","Nigeria","(not set)",13,2
"2024-11-29","Puerto Rico","(not set)",12,2
"2024-11-29","Zimbabwe","(not set)",11,1
"2024-11-29","Argentina","(not set)",8,1
"2024-11-29","Yemen","(not set)",8,2
"2024-11-29","Bangladesh","(not set)",7,3
"2024-11-29","Iran","(not set)",7,6
"2024-11-29","Kenya","(not set)",3,2
"2024-11-29","Pakistan","(not set)",3,2
"2024-11-29","El Salvador","(not set)",2,1
"2024-11-29","Peru","(not set)",2,1
"2024-11-29","Venezuela","(not set)",2,1
"2024-11-29","Germany","(not set)",1,1
"2024-11-29","Liberia","(not set)",1,1
"2024-11-29","Libya","(not set)",1,1
"2024-11-30","Brazil","(not set)",4564,967
"2024-11-30","United States","(not set)",468,97
"2024-11-30","India","(not set)",91,5
"2024-11-30","Italy","(not set)",64,1
"2024-11-30","Iran","(not set)",38,7
"2024-11-30","Mexico","(not set)",24,8
"2024-11-30","Puerto Rico","(not set)",17,4
"2024-11-30","United Kingdom","(not set)",13,2
"2024-11-30","Indonesia","(not set)",10,4
"2024-11-30","France","(not set)",7,2
"2024-11-30","South Korea","(not set)",7,1
"2024-11-30","Angola","(not set)",5,2
"2024-11-30","Egypt","(not set)",4,3
"2024-11-30","Ghana","(not set)",3,1
"2024-11-30","Bangladesh","(not set)",2,1
"2024-11-30","Hungary","(not set)",2,1
"2024-11-30","Uganda","(not set)",2,1
"2024-11-30","Vietnam","(not set)",2,1
"2024-11-30","Argentina","(not set)",1,1
"2024-11-30","Bolivia","(not set)",1,1
"2024-11-30","Cameroon","(not set)",1,1
"2024-11-30","Canada","(not set)",1,1
"2024-11-30","Guatemala","(not set)",1,1
"2024-11-30","Laos","(not set)",1,1
"2024-11-30","Mozambique","(not set)",1,1
"2024-11-30","Nigeria","(not set)",1,1
"2024-12-01","Brazil","(not set)",5485,1161
"2024-12-01","United States","(not set)",514,111
"2024-12-01","Iran","(not set)",113,9
"2024-12-01","Italy","(not set)",95,1
"2024-12-01","Mexico","(not set)",29,7
"2024-12-01","Puerto Rico","(not set)",13,2
"2024-12-01","Indonesia","(not set)",11,3
"2024-12-01","Cuba","(not set)",10,3
"2024-12-01","Hungary","(not set)",8,1
"2024-12-01","Fiji","(not set)",7,1
"2024-12-01","Myanmar (Burma)","(not set)",6,1
"2024-12-01","Spain","(not set)",6,1
"2024-12-01","Yemen","(not set)",6,1
"2024-12-01","Portugal","(not set)",3,2
"2024-12-01","Bangladesh","(not set)",2,2
"2024-12-01","Egypt","(not set)",2,1
"2024-12-01","India","(not set)",2,2
"2024-12-01","Netherlands","(not set)",2,1
"2024-12-01","Pakistan","(not set)",2,2
"2024-12-01","Peru","(not set)",2,1
"2024-12-01","United Kingdom","(not set)",2,1
"2024-12-01","Zambia","(not set)",2,1
"2024-12-01","Argentina","(not set)",1,1
"2024-12-01","Liberia","(not set)",1,1
"2024-12-01","Nigeria","(not set)",1,1
"2024-12-01","Papua New Guinea","(not set)",1,1
"2024-12-01","Thailand","(not set)",1,1
"2024-12-01","Venezuela","(not set)",1,1
"2024-12-02","Brazil","(not set)",4728,1013
"2024-12-02","United States","(not set)",438,96
"2024-12-02","Mexico","(not set)",51,8
"2024-12-02","Italy","(not set)",35,1
"2024-12-02","Iran","(not set)",20,4
"2024-12-02","India","(not set)",15,1
"2024-12-02","Puerto Rico","(not set)",11,1
"2024-12-02","Canada","(not set)",9,2
"2024-12-02","Nigeria","(not set)",9,4
"2024-12-02","Angola","(not set)",8,1
"2024-12-02","Netherlands","(not set)",8,1
"2024-12-02","Egypt","(not set)",7,1
"2024-12-02","Kenya","(not set)",4,2
"2024-12-02","United Kingdom","(not set)",4,1
"2024-12-02","Venezuela","(not set)",4,1
"2024-12-02","Ghana","(not set)",3,1
"2024-12-02","Guatemala","(not set)",3,1
"2024-12-02","Liberia","(not set)",3,1
"2024-12-02","Pakistan","(not set)",3,1
"2024-12-02","Cuba","(not set)",2,1
"2024-12-02","Thailand","(not set)",2,1
"2024-12-02","Bangladesh","(not set)",1,1
"2024-12-02","Chile","(not set)",1,1
"2024-12-02","Honduras","(not set)",1,1
"2024-12-02","Laos","(not set)",1,1
"2024-12-03","Brazil","(not set)",5188,1091
"2024-12-03","United States","(not set)",549,109
"2024-12-03","Italy","(not set)",92,1
"2024-12-03","India","(not set)",28,5
"2024-12-03","Iran","(not set)",11,7
"2024-12-03","Cuba","(not set)",8,3
"2024-12-03","Fiji","(not set)",8,1
"2024-12-03","Mexico","(not set)",8,5
"2024-12-03","Argentina","(not set)",7,1
"2024-12-03","Kuwait","(not set)",7,1
"2024-12-03","Nigeria","(not set)",7,4
"2024-12-03","Ethiopia","(not set)",6,2
"2024-12-03","Germany","(not set)",6,1
"2024-12-03","Bangladesh","(not set)",4,2
"2024-12-03","Indonesia","(not set)",4,2
"2024-12-03","Puerto Rico","(not set)",4,1
"2024-12-03","Venezuela","(not set)",4,1
"2024-12-03","United Arab Emirates","(not set)",3,1
"2024-12-03","United Kingdom","(not set)",3,2
"2024-12-03","Honduras","(not set)",2,1
"2024-12-03","Malaysia","(not set)",2,1
"2024-12-03","Angola","(not set)",1,1
"2024-12-03","Belarus","(not set)",1,1
"2024-12-03","Canada","(not set)",1,1
"2024-12-03","Guatemala","(not set)",1,1
"2024-12-03","Haiti","(not set)",1,1
"2024-12-03","Liberia","(not set)",1,1
"2024-12-03","Pakistan","(not set)",1,1
"2024-12-03","Tonga","(not set)",1,1
"2024-12-04","Brazil","(not set)",13478,1570
"2024-12-04","United States","(not set)",1998,192
"2024-12-04","Mexico","(not set)",54,8
"2024-12-04","Indonesia","(not set)",42,6
"2024-12-04","Vietnam","(not set)",27,1
"2024-12-04","Nigeria","(not set)",26,2
"2024-12-04","South Korea","(not set)",26,1
"2024-12-04","Argentina","(not set)",25,2
"2024-12-04","Portugal","(not set)",25,2
"2024-12-04","Puerto Rico","(not set)",18,2
"2024-12-04","Iran","(not set)",16,2
"2024-12-04","Italy","(not set)",14,1
"2024-12-04","Hungary","(not set)",12,1
"2024-12-04","Venezuela","(not set)",11,3
"2024-12-04","South Africa","(not set)",9,1
"2024-12-04","Netherlands","(not set)",8,1
"2024-12-04","India","(not set)",7,1
"2024-12-04","Philippines","(not set)",6,1
"2024-12-04","Egypt","(not set)",5,2
"2024-12-04","Colombia","(not set)",4,1
"2024-12-04","Cuba","(not set)",3,2
"2024-12-04","United Arab Emirates","(not set)",3,2
"2024-12-04","Angola","(not set)",2,1
"2024-12-04","Honduras","(not set)",2,1
"2024-12-04","U.S. Virgin Islands","(not set)",2,1
"2024-12-04","United Kingdom","(not set)",2,1
"2024-12-04","Zimbabwe","(not set)",2,1
"2024-12-04","Bangladesh","(not set)",1,1
"2024-12-04","Fiji","(not set)",1,1
"2024-12-04","Germany","(not set)",1,1
"2024-12-04","Guatemala","(not set)",1,1
"2024-12-04","Kenya","(not set)",1,1
"2024-12-05","Brazil","(not set)",8823,1352
"2024-12-05","United States","(not set)",1242,132
"2024-12-05","Mexico","(not set)",67,14
"2024-12-05","Italy","(not set)",55,1
"2024-12-05","Portugal","(not set)",24,1
"2024-12-05","Puerto Rico","(not set)",22,3
"2024-12-05","Philippines","(not set)",15,2
"2024-12-05","Vietnam","(not set)",10,1
"2024-12-05","Chad","(not set)",8,1
"2024-12-05","Germany","(not set)",8,2
"2024-12-05","Nigeria","(not set)",8,2
"2024-12-05","Iran","(not set)",7,2
"2024-12-05","Afghanistan","(not set)",5,3
"2024-12-05","Argentina","(not set)",4,3
"2024-12-05","Papua New Guinea","(not set)",4,2
"2024-12-05","Zambia","(not set)",4,1
"2024-12-05","Colombia","(not set)",3,2
"2024-12-05","Indonesia","(not set)",3,2
"2024-12-05","Oman","(not set)",3,1
"2024-12-05","Angola","(not set)",2,1
"2024-12-05","Fiji","(not set)",2,1
"2024-12-05","Peru","(not set)",2,1
"2024-12-05","United Arab Emirates","(not set)",2,1
"2024-12-05","Venezuela","(not set)",2,1
"2024-12-05","Australia","(not set)",1,1
"2024-12-05","Cameroon","(not set)",1,1
"2024-12-05","Egypt","(not set)",1,1
"2024-12-05","France","(not set)",1,1
"2024-12-05","Guatemala","(not set)",1,1
"2024-12-05","India","(not set)",1,1
"2024-12-05","Pakistan","(not set)",1,1
"2024-12-05","Yemen","(not set)",1,1
"2024-12-06","Brazil","(not set)",7122,1123
"2024-12-06","United States","(not set)",785,119
"2024-12-06","Iran","(not set)",98,7
"2024-12-06","Italy","(not set)",44,1
"2024-12-06","Portugal","(not set)",23,2
"2024-12-06","Mexico","(not set)",18,5
"2024-12-06","Bangladesh","(not set)",17,3
"2024-12-06","India","(not set)",12,4
"2024-12-06","Morocco","(not set)",9,1
"2024-12-06","United Kingdom","(not set)",9,2
"2024-12-06","Puerto Rico","(not set)",8,2
"2024-12-06","Germany","(not set)",7,2
"2024-12-06","Romania","(not set)",7,1
"2024-12-06","Spain","(not set)",7,1
"2024-12-06","Nigeria","(not set)",6,1
"2024-12-06","Venezuela","(not set)",6,1
"2024-12-06","Argentina","(not set)",5,2
"2024-12-06","Indonesia","(not set)",3,2
"2024-12-06","Cuba","(not set)",2,1
"2024-12-06","Netherlands","(not set)",2,1
"2024-12-06","Afghanistan","(not set)",1,1
"2024-12-06","Canada","(not set)",1,1
"2024-12-06","Egypt","(not set)",1,1
"2024-12-06","Hungary","(not set)",1,1
"2024-12-06","Saudi Arabia","(not set)",1,1
"2024-12-06","Zambia","(not set)",1,1
"2024-12-07","Brazil","(not set)",7005,1238
"2024-12-07","United States","(not set)",827,121
"2024-12-07","Italy","(not set)",68,1
"2024-12-07","Iran","(not set)",61,13
"2024-12-07","Mexico","(not set)",28,9
"2024-12-07","New Zealand","(not set)",19,1
"2024-12-07","Myanmar (Burma)","(not set)",14,1
"2024-12-07","Indonesia","(not set)",12,4
"2024-12-07","Portugal","(not set)",9,2
"2024-12-07","Egypt","(not set)",8,2
"2024-12-07","Puerto Rico","(not set)",7,4
"2024-12-07","Germany","(not set)",6,1
"2024-12-07","Libya","(not set)",6,1
"2024-12-07","Nigeria","(not set)",6,5
"2024-12-07","United Kingdom","(not set)",6,1
"2024-12-07","Argentina","(not set)",5,2
"2024-12-07","Pakistan","(not set)",5,4
"2024-12-07","Peru","(not set)",5,1
"2024-12-07","Bangladesh","(not set)",2,1
"2024-12-07","Guatemala","(not set)",2,1
"2024-12-07","India","(not set)",2,1
"2024-12-07","Spain","(not set)",2,1
"2024-12-07","United Arab Emirates","(not set)",2,1
"2024-12-07","Venezuela","(not set)",2,1
"2024-12-07","Afghanistan","(not set)",1,1
"2024-12-07","Angola","(not set)",1,1
"2024-12-07","Colombia","(not set)",1,1
"2024-12-07","Kuwait","(not set)",1,1
"2024-12-07","Norway","(not set)",1,1
"2024-12-07","Paraguay","(not set)",1,1
"2024-12-07","Zambia","(not set)",1,1
"2024-12-08","Brazil","(not set)",6734,1251
"2024-12-08","United States","(not set)",782,122
"2024-12-08","Italy","(not set)",116,1
"2024-12-08","Mexico","(not set)",37,4
"2024-12-08","Iran","(not set)",15,4
"2024-12-08","Puerto Rico","(not set)",15,2
"2024-12-08","Chile","(not set)",13,2
"2024-12-08","Germany","(not set)",12,2
"2024-12-08","Canada","(not set)",11,2
"2024-12-08","Colombia","(not set)",11,3
"2024-12-08","India","(not set)",11,4
"2024-12-08","Egypt","(not set)",8,1
"2024-12-08","Paraguay","(not set)",8,1
"2024-12-08","Peru","(not set)",8,1
"2024-12-08","Angola","(not set)",5,1
"2024-12-08","Japan","(not set)",4,1
"2024-12-08","Luxembourg","(not set)",4,1
"2024-12-08","Pakistan","(not set)",4,1
"2024-12-08","Zambia","(not set)",4,1
"2024-12-08","Zimbabwe","(not set)",4,1
"2024-12-08","Cuba","(not set)",3,2
"2024-12-08","Philippines","(not set)",3,2
"2024-12-08","Portugal","(not set)",3,2
"2024-12-08","Venezuela","(not set)",3,1
"2024-12-08","Argentina","(not set)",2,1
"2024-12-08","Saudi Arabia","(not set)",2,1
"2024-12-08","Guatemala","(not set)",1,1
"2024-12-08","Indonesia","(not set)",1,1
"2024-12-08","Jamaica","(not set)",1,1
"2024-12-08","Morocco","(not set)",1,1
"2024-12-08","Syria","(not set)",1,1
"2024-12-08","Uruguay","(not set)",1,1
"2024-12-09","Brazil","(not set)",5227,1021
"2024-12-09","United States","(not set)",496,106
"2024-12-09","Italy","(not set)",45,1
"2024-12-09","Egypt","(not set)",13,2
"2024-12-09","United Arab Emirates","(not set)",12,1
"2024-12-09","India","(not set)",10,2
"2024-12-09","Russia","(not set)",7,1
"2024-12-09","Iraq","(not set)",6,1
"2024-12-09","Malaysia","(not set)",6,1
"2024-12-09","Mexico","(not set)",6,5
"2024-12-09","Iran","(not set)",5,4
"2024-12-09","Argentina","(not set)",3,2
"2024-12-09","Indonesia","(not set)",3,2
"2024-12-09","Puerto Rico","(not set)",3,2
"2024-12-09","Angola","(not set)",2,1
"2024-12-09","Bangladesh","(not set)",2,2
"2024-12-09","Estonia","(not set)",2,1
"2024-12-09","Germany","(not set)",2,1
"2024-12-09","Jamaica","(not set)",2,1
"2024-12-09","Venezuela","(not set)",2,1
"2024-12-09","Colombia","(not set)",1,1
"2024-12-09","Mozambique","(not set)",1,1
"2024-12-09","Netherlands","(not set)",1,1
"2024-12-09","Nigeria","(not set)",1,1
"2024-12-09","Pakistan","(not set)",1,1
"2024-12-10","Brazil","(not set)",5053,990
"2024-12-10","United States","(not set)",757,136
"2024-12-10","Italy","(not set)",82,2
"2024-12-10","Mexico","(not set)",53,9
"2024-12-10","Germany","(not set)",23,2
"2024-12-10","China","(not set)",19,2
"2024-12-10","India","(not set)",17,3
"2024-12-10","Iran","(not set)",13,6
"2024-12-10","Guatemala","(not set)",12,3
"2024-12-10","Indonesia","(not set)",12,5
"2024-12-10","Puerto Rico","(not set)",12,1
"2024-12-10","Colombia","(not set)",11,2
"2024-12-10","Angola","(not set)",8,1
"2024-12-10","Pakistan","(not set)",8,2
"2024-12-10","Portugal","(not set)",8,2
"2024-12-10","Niger","(not set)",6,1
"2024-12-10","South Korea","(not set)",6,1
"2024-12-10","United Kingdom","(not set)",3,1
"2024-12-10","Argentina","(not set)",2,1
"2024-12-10","Canada","(not set)",2,1
"2024-12-10","Cuba","(not set)",2,2
"2024-12-10","Malaysia","(not set)",2,1
"2024-12-10","Netherlands","(not set)",2,1
"2024-12-10","Papua New Guinea","(not set)",2,1
"2024-12-10","Venezuela","(not set)",2,1
"2024-12-10","Bangladesh","(not set)",1,1
"2024-12-10","Dominican Republic","(not set)",1,1
"2024-12-10","Ecuador","(not set)",1,1
"2024-12-10","France","(not set)",1,1
"2024-12-10","Jamaica","(not set)",1,1
"2024-12-10","Philippines","(not set)",1,1
"2024-12-10","Tanzania","(not set)",1,1
"2024-12-11","Brazil","(not set)",5483,1065
"2024-12-11","United States","(not set)",550,123
"2024-12-11","Italy","(not set)",48,1
"2024-12-11","Mexico","(not set)",26,5
"2024-12-11","Venezuela","(not set)",21,1
"2024-12-11","Iran","(not set)",18,5
"2024-12-11","Portugal","(not set)",13,2
"2024-12-11","Germany","(not set)",12,1
"2024-12-11","South Korea","(not set)",12,2
"2024-12-11","Niger","(not set)",10,1
"2024-12-11","India","(not set)",9,2
"2024-12-11","United Arab Emirates","(not set)",9,2
"2024-12-11","Papua New Guinea","(not set)",8,1
"2024-12-11","Egypt","(not set)",7,1
"2024-12-11","Nigeria","(not set)",7,2
"2024-12-11","Yemen","(not set)",7,1
"2024-12-11","Algeria","(not set)",6,1
"2024-12-11","Colombia","(not set)",6,1
"2024-12-11","Iraq","(not set)",6,1
"2024-12-11","Puerto Rico","(not set)",5,1
"2024-12-11","Saudi Arabia","(not set)",4,1
"2024-12-11","Indonesia","(not set)",3,2
"2024-12-11","Kenya","(not set)",3,2
"2024-12-11","Malaysia","(not set)",3,2
"2024-12-11","Pakistan","(not set)",3,1
"2024-12-11","Argentina","(not set)",2,2
"2024-12-11","Philippines","(not set)",2,2
"2024-12-11","Cuba","(not set)",1,1
"2024-12-11","France","(not set)",1,1
"2024-12-11","Honduras","(not set)",1,1
"2024-12-11","Mozambique","(not set)",1,1
"2024-12-11","Uganda","(not set)",1,1
"2024-12-11","Zimbabwe","(not set)",1,1
"2024-12-12","Brazil","(not set)",4600,941
"2024-12-12","United States","(not set)",527,101
"2024-12-12","Italy","(not set)",84,1
"2024-12-12","Indonesia","(not set)",44,4
"2024-12-12","Mexico","(not set)",31,7
"2024-12-12","Puerto Rico","(not set)",24,3
"2024-12-12","Algeria","(not set)",16,2
"2024-12-12","Iran","(not set)",16,6
"2024-12-12","Honduras","(not set)",12,2
"2024-12-12","Peru","(not set)",11,1
"2024-12-12","Hungary","(not set)",9,1
"2024-12-12","Guinea-Bissau","(not set)",6,1
"2024-12-12","Japan","(not set)",6,1
"2024-12-12","Serbia","(not set)",6,1
"2024-12-12","Venezuela","(not set)",6,1
"2024-12-12","India","(not set)",4,4
"2024-12-12","Guatemala","(not set)",3,2
"2024-12-12","Nigeria","(not set)",3,2
"2024-12-12","Angola","(not set)",2,1
"2024-12-12","Pakistan","(not set)",2,1
"2024-12-12","Philippines","(not set)",2,2
"2024-12-12","United Kingdom","(not set)",2,1
"2024-12-12","Afghanistan","(not set)",1,1
"2024-12-12","Liberia","(not set)",1,1
"2024-12-12","Mali","(not set)",1,1
"2024-12-12","Morocco","(not set)",1,1
"2024-12-12","Portugal","(not set)",1,1
"2024-12-12","Romania","(not set)",1,1
"2024-12-13","Brazil","(not set)",4476,995
"2024-12-13","United States","(not set)",542,104
"2024-12-13","Italy","(not set)",99,1
"2024-12-13","Mexico","(not set)",49,10
"2024-12-13","Iran","(not set)",23,8
"2024-12-13","China","(not set)",20,3
"2024-12-13","Portugal","(not set)",14,1
"2024-12-13","Puerto Rico","(not set)",11,5
"2024-12-13","Philippines","(not set)",9,3
"2024-12-13","Saudi Arabia","(not set)",8,1
"2024-12-13","Peru","(not set)",7,2
"2024-12-13","Bangladesh","(not set)",6,3
"2024-12-13","Indonesia","(not set)",6,1
"2024-12-13","Egypt","(not set)",4,2
"2024-12-13","Cuba","(not set)",3,1
"2024-12-13","Nigeria","(not set)",3,2
"2024-12-13","Pakistan","(not set)",3,1
"2024-12-13","Angola","(not set)",2,1
"2024-12-13","Colombia","(not set)",2,1
"2024-12-13","Estonia","(not set)",2,1
"2024-12-13","India","(not set)",2,2
"2024-12-13","Kenya","(not set)",2,1
"2024-12-13","Liberia","(not set)",2,1
"2024-12-13","Papua New Guinea","(not set)",2,2
"2024-12-13","United Kingdom","(not set)",2,1
"2024-12-13","Argentina","(not set)",1,1
"2024-12-13","Chile","(not set)",1,1
"2024-12-13","Morocco","(not set)",1,1
"2024-12-13","Mozambique","(not set)",1,1
"2024-12-13","Netherlands","(not set)",1,1
"2024-12-14","Brazil","(not set)",5165,1064
"2024-12-14","United States","(not set)",719,111
"2024-12-14","Italy","(not set)",57,1
"2024-12-14","Mexico","(not set)",35,10
"2024-12-14","India","(not set)",31,6
"2024-12-14","Canada","(not set)",15,2
"2024-12-14","Portugal","(not set)",13,1
"2024-12-14","Nigeria","(not set)",11,1
"2024-12-14","United Kingdom","(not set)",11,1
"2024-12-14","Egypt","(not set)",9,1
"2024-12-14","Iran","(not set)",9,5
"2024-12-14","Argentina","(not set)",8,2
"2024-12-14","Indonesia","(not set)",7,2
"2024-12-14","Bangladesh","(not set)",6,1
"2024-12-14","Malaysia","(not set)",6,1
"2024-12-14","Netherlands","(not set)",6,1
"2024-12-14","South Korea","(not set)",6,1
"2024-12-14","Bolivia","(not set)",5,2
"2024-12-14","Guatemala","(not set)",3,1
"2024-12-14","Puerto Rico","(not set)",3,1
"2024-12-14","Papua New Guinea","(not set)",2,1
"2024-12-14","Singapore","(not set)",2,1
"2024-12-14","Zambia","(not set)",2,1
"2024-12-14","Pakistan","(not set)",1,1
"2024-12-14","Philippines","(not set)",1,1
"2024-12-14","Sri Lanka","(not set)",1,1
"2024-12-14","Uganda","(not set)",1,1
"2024-12-14","Venezuela","(not set)",1,1
"2024-12-14","Yemen","(not set)",1,1
"2024-12-15","Brazil","(not set)",5100,1042
"2024-12-15","United States","(not set)",660,114
"2024-12-15","Italy","(not set)",60,2
"2024-12-15","Mexico","(not set)",50,9
"2024-12-15","Iran","(not set)",40,8
"2024-12-15","Nigeria","(not set)",34,6
"2024-12-15","Puerto Rico","(not set)",14,3
"2024-12-15","Bangladesh","(not set)",12,2
"2024-12-15","Germany","(not set)",11,3
"2024-12-15","Pakistan","(not set)",10,2
"2024-12-15","Papua New Guinea","(not set)",10,1
"2024-12-15","Egypt","(not set)",9,2
"2024-12-15","Cuba","(not set)",8,2
"2024-12-15","Fiji","(not set)",7,1
"2024-12-15","Saudi Arabia","(not set)",7,2
"2024-12-15","Portugal","(not set)",6,1
"2024-12-15","Syria","(not set)",6,1
"2024-12-15","United Kingdom","(not set)",6,1
"2024-12-15","Iceland","(not set)",5,1
"2024-12-15","Venezuela","(not set)",4,1
"2024-12-15","Zimbabwe","(not set)",4,1
"2024-12-15","Angola","(not set)",3,1
"2024-12-15","Spain","(not set)",3,1
"2024-12-15","Belgium","(not set)",2,1
"2024-12-15","Bolivia","(not set)",2,1
"2024-12-15","Indonesia","(not set)",2,2
"2024-12-15","Colombia","(not set)",1,1
"2024-12-15","France","(not set)",1,1
"2024-12-15","Guatemala","(not set)",1,1
"2024-12-15","Honduras","(not set)",1,1
"2024-12-15","India","(not set)",1,1
"2024-12-15","Liberia","(not set)",1,1
"2024-12-15","Oman","(not set)",1,1
"2024-12-15","Peru","(not set)",1,1
"2024-12-15","Singapore","(not set)",1,1
"2024-12-16","Brazil","(not set)",4653,1037
"2024-12-16","United States","(not set)",656,136
"2024-12-16","Italy","(not set)",58,1
"2024-12-16","Mexico","(not set)",24,8
"2024-12-16","Indonesia","(not set)",23,7
"2024-12-16","Egypt","(not set)",19,2
"2024-12-16","Puerto Rico","(not set)",16,4
"2024-12-16","Iran","(not set)",14,2
"2024-12-16","Netherlands","(not set)",12,1
"2024-12-16","Madagascar","(not set)",9,1
"2024-12-16","Philippines","(not set)",9,3
"2024-12-16","Hungary","(not set)",8,1
"2024-12-16","Portugal","(not set)",8,1
"2024-12-16","American Samoa","(not set)",7,2
"2024-12-16","South Korea","(not set)",7,1
"2024-12-16","Nigeria","(not set)",6,2
"2024-12-16","Colombia","(not set)",3,1
"2024-12-16","Cuba","(not set)",3,1
"2024-12-16","Pakistan","(not set)",3,2
"2024-12-16","Sudan","(not set)",3,1
"2024-12-16","Germany","(not set)",2,1
"2024-12-16","Kenya","(not set)",2,1
"2024-12-16","United Kingdom","(not set)",2,1
"2024-12-16","Dominican Republic","(not set)",1,1
"2024-12-16","Morocco","(not set)",1,1
"2024-12-16","Venezuela","(not set)",1,1
"2024-12-16","Yemen","(not set)",1,1
"2024-12-17","Brazil","(not set)",4807,1034
"2024-12-17","United States","(not set)",567,105
"2024-12-17","Portugal","(not set)",50,2
"2024-12-17","Mexico","(not set)",37,7
"2024-12-17","India","(not set)",20,4
"2024-12-17","Italy","(not set)",20,1
"2024-12-17","Indonesia","(not set)",17,5
"2024-12-17","Argentina","(not set)",13,2
"2024-12-17","Germany","(not set)",12,4
"2024-12-17","Iran","(not set)",9,3
"2024-12-17","Bangladesh","(not set)",7,2
"2024-12-17","South Korea","(not set)",6,1
"2024-12-17","Nigeria","(not set)",5,2
"2024-12-17","Zimbabwe","(not set)",5,1
"2024-12-17","Papua New Guinea","(not set)",4,1
"2024-12-17","United Kingdom","(not set)",4,1
"2024-12-17","Venezuela","(not set)",4,2
"2024-12-17","Cuba","(not set)",2,1
"2024-12-17","Fiji","(not set)",2,1
"2024-12-17","Ghana","(not set)",2,1
"2024-12-17","Saudi Arabia","(not set)",2,1
"2024-12-17","Ethiopia","(not set)",1,1
"2024-12-17","Mozambique","(not set)",1,1
"2024-12-17","Philippines","(not set)",1,1
"2024-12-17","United Arab Emirates","(not set)",1,1
"2024-12-18","Brazil","(not set)",4968,1115
"2024-12-18","United States","(not set)",630,150
"2024-12-18","Italy","(not set)",71,1
"2024-12-18","Algeria","(not set)",16,2
"2024-12-18","South Korea","(not set)",14,2
"2024-12-18","Puerto Rico","(not set)",13,3
"2024-12-18","Indonesia","(not set)",12,2
"2024-12-18","Mexico","(not set)",10,6
"2024-12-18","Egypt","(not set)",9,1
"2024-12-18","Zimbabwe","(not set)",8,1
"2024-12-18","Canada","(not set)",7,1
"2024-12-18","Fiji","(not set)",7,1
"2024-12-18","Iran","(not set)",7,3
"2024-12-18","United Kingdom","(not set)",7,1
"2024-12-18","Ecuador","(not set)",6,1
"2024-12-18","Ghana","(not set)",6,1
"2024-12-18","Hungary","(not set)",6,1
"2024-12-18","Cuba","(not set)",5,2
"2024-12-18","Tanzania","(not set)",5,1
"2024-12-18","Mozambique","(not set)",4,2
"2024-12-18","Pakistan","(not set)",4,1
"2024-12-18","Barbados","(not set)",3,1
"2024-12-18","Nigeria","(not set)",3,2
"2024-12-18","Kenya","(not set)",2,1
"2024-12-18","Papua New Guinea","(not set)",2,1
"2024-12-18","South Africa","(not set)",2,1
"2024-12-18","Thailand","(not set)",2,1
"2024-12-18","Afghanistan","(not set)",1,1
"2024-12-18","Angola","(not set)",1,1
"2024-12-18","Chile","(not set)",1,1
"2024-12-18","India","(not set)",1,1
"2024-12-18","Portugal","(not set)",1,1
"2024-12-18","Syria","(not set)",1,1
"2024-12-18","Uruguay","(not set)",1,1
"2024-12-19","Brazil","(not set)",4716,1030
"2024-12-19","United States","(not set)",534,116
"2024-12-19","Mexico","(not set)",52,6
"2024-12-19","Italy","(not set)",23,1
"2024-12-19","United Kingdom","(not set)",14,2
"2024-12-19","Zimbabwe","(not set)",14,1
"2024-12-19","Indonesia","(not set)",9,6
"2024-12-19","Belgium","(not set)",7,1
"2024-12-19","Egypt","(not set)",7,1
"2024-12-19","Angola","(not set)",4,2
"2024-12-19","Kenya","(not set)",4,1
"2024-12-19","Nigeria","(not set)",4,3
"2024-12-19","Bangladesh","(not set)",3,2
"2024-12-19","Cuba","(not set)",3,1
"2024-12-19","Mozambique","(not set)",3,2
"2024-12-19","Germany","(not set)",2,1
"2024-12-19","Guatemala","(not set)",2,1
"2024-12-19","Hungary","(not set)",2,1
"2024-12-19","India","(not set)",2,1
"2024-12-19","Jamaica","(not set)",2,1
"2024-12-19","United Arab Emirates","(not set)",2,1
"2024-12-19","Afghanistan","(not set)",1,1
"2024-12-19","Honduras","(not set)",1,1
"2024-12-19","Morocco","(not set)",1,1
"2024-12-19","Pakistan","(not set)",1,1
"2024-12-19","Yemen","(not set)",1,1
"2024-12-19","Zambia","(not set)",1,1
"2024-12-20","Brazil","(not set)",4616,986
"2024-12-20","United States","(not set)",565,100
"2024-12-20","China","(not set)",93,1
"2024-12-20","Italy","(not set)",46,1
"2024-12-20","Iran","(not set)",36,6
"2024-12-20","India","(not set)",19,3
"2024-12-20","Zimbabwe","(not set)",10,1
"2024-12-20","Fiji","(not set)",9,1
"2024-12-20","Peru","(not set)",9,2
"2024-12-20","Egypt","(not set)",7,1
"2024-12-20","Hungary","(not set)",6,2
"2024-12-20","Kenya","(not set)",6,2
"2024-12-20","Nigeria","(not set)",6,1
"2024-12-20","Germany","(not set)",5,2
"2024-12-20","Indonesia","(not set)",5,3
"2024-12-20","Jamaica","(not set)",5,1
"2024-12-20","United Arab Emirates","(not set)",5,1
"2024-12-20","Dominican Republic","(not set)",4,1
"2024-12-20","Puerto Rico","(not set)",4,2
"2024-12-20","Ghana","(not set)",3,1
"2024-12-20","Mexico","(not set)",3,2
"2024-12-20","Afghanistan","(not set)",2,2
"2024-12-20","Bangladesh","(not set)",2,1
"2024-12-20","Canada","(not set)",2,1
"2024-12-20","Mozambique","(not set)",2,1
"2024-12-20","New Zealand","(not set)",2,1
"2024-12-20","United Kingdom","(not set)",2,1
"2024-12-20","Cuba","(not set)",1,1
"2024-12-20","Haiti","(not set)",1,1
"2024-12-20","Iraq","(not set)",1,1
"2024-12-20","Lesotho","(not set)",1,1
"2024-12-20","Malaysia","(not set)",1,1
"2024-12-20","Philippines","(not set)",1,1
"2024-12-20","Saudi Arabia","(not set)",1,1
"2024-12-20","Sudan","(not set)",1,1
"2024-12-20","Syria","(not set)",1,1
"2024-12-21","Brazil","(not set)",4821,1057
"2024-12-21","United States","(not set)",701,140
"2024-12-21","China","(not set)",116,1
"2024-12-21","Venezuela","(not set)",86,1
"2024-12-21","Italy","(not set)",48,1
"2024-12-21","Portugal","(not set)",33,1
"2024-12-21","Mexico","(not set)",23,7
"2024-12-21","Indonesia","(not set)",20,5
"2024-12-21","Colombia","(not set)",10,1
"2024-12-21","France","(not set)",8,2
"2024-12-21","Mozambique","(not set)",8,2
"2024-12-21","Egypt","(not set)",7,2
"2024-12-21","Fiji","(not set)",7,1
"2024-12-21","Niger","(not set)",7,1
"2024-12-21","Bangladesh","(not set)",6,4
"2024-12-21","India","(not set)",6,1
"2024-12-21","Peru","(not set)",6,1
"2024-12-21","Cuba","(not set)",5,4
"2024-12-21","Saudi Arabia","(not set)",5,1
"2024-12-21","Papua New Guinea","(not set)",4,2
"2024-12-21","Puerto Rico","(not set)",4,2
"2024-12-21","Angola","(not set)",3,2
"2024-12-21","Iran","(not set)",3,3
"2024-12-21","Zimbabwe","(not set)",3,1
"2024-12-21","Guatemala","(not set)",2,1
"2024-12-21","Philippines","(not set)",2,2
"2024-12-21","Jamaica","(not set)",1,1
"2024-12-21","Malawi","(not set)",1,1
"2024-12-21","Nigeria","(not set)",1,1
"2024-12-21","Pakistan","(not set)",1,1
"2024-12-21","Serbia","(not set)",1,1
"2024-12-22","Brazil","(not set)",5803,1177
"2024-12-22","United States","(not set)",583,123
"2024-12-22","China","(not set)",142,1
"2024-12-22","Italy","(not set)",38,1
"2024-12-22","Iran","(not set)",36,4
"2024-12-22","Mexico","(not set)",35,7
"2024-12-22","Thailand","(not set)",14,2
"2024-12-22","Mozambique","(not set)",11,1
"2024-12-22","Puerto Rico","(not set)",9,3
"2024-12-22","Ghana","(not set)",8,1
"2024-12-22","Egypt","(not set)",7,1
"2024-12-22","India","(not set)",7,2
"2024-12-22","Nigeria","(not set)",6,4
"2024-12-22","Portugal","(not set)",6,1
"2024-12-22","Angola","(not set)",5,2
"2024-12-22","Bangladesh","(not set)",5,3
"2024-12-22","Colombia","(not set)",5,1
"2024-12-22","Hungary","(not set)",4,2
"2024-12-22","Philippines","(not set)",4,2
"2024-12-22","Saudi Arabia","(not set)",3,2
"2024-12-22","United Kingdom","(not set)",3,2
"2024-12-22","Canada","(not set)",2,1
"2024-12-22","Indonesia","(not set)",2,1
"2024-12-22","Pakistan","(not set)",2,1
"2024-12-22","Cuba","(not set)",1,1
"2024-12-22","Dominican Republic","(not set)",1,1
"2024-12-22","Guatemala","(not set)",1,1
"2024-12-22","Honduras","(not set)",1,1
"2024-12-22","Liberia","(not set)",1,1
"2024-12-22","Malawi","(not set)",1,1
"2024-12-22","Peru","(not set)",1,1
"2024-12-22","Poland","(not set)",1,1
"2024-12-22","Sudan","(not set)",1,1
"2024-12-22","Tanzania","(not set)",1,1
"2024-12-22","Tonga","(not set)",1,1
"2024-12-22","Uganda","(not set)",1,1
"2024-12-22","Venezuela","(not set)",1,1
"2024-12-23","Brazil","(not set)",4259,951
"2024-12-23","United States","(not set)",524,99
"2024-12-23","China","(not set)",142,1
"2024-12-23","Italy","(not set)",28,1
"2024-12-23","United Arab Emirates","(not set)",16,1
"2024-12-23","Argentina","(not set)",12,2
"2024-12-23","India","(not set)",12,2
"2024-12-23","Indonesia","(not set)",12,3
"2024-12-23","Iran","(not set)",10,4
"2024-12-23","South Africa","(not set)",9,1
"2024-12-23","Yemen","(not set)",8,2
"2024-12-23","South Korea","(not set)",7,1
"2024-12-23","Spain","(not set)",7,1
"2024-12-23","Mexico","(not set)",5,4
"2024-12-23","Angola","(not set)",4,1
"2024-12-23","Saudi Arabia","(not set)",4,1
"2024-12-23","Bangladesh","(not set)",3,3
"2024-12-23","Mozambique","(not set)",3,2
"2024-12-23","Puerto Rico","(not set)",3,2
"2024-12-23","Colombia","(not set)",2,1
"2024-12-23","Guatemala","(not set)",2,1
"2024-12-23","Mali","(not set)",2,1
"2024-12-23","Papua New Guinea","(not set)",2,1
"2024-12-23","Portugal","(not set)",2,1
"2024-12-23","Uganda","(not set)",2,1
"2024-12-23","Zimbabwe","(not set)",2,1
"2024-12-23","Cuba","(not set)",1,1
"2024-12-23","Ghana","(not set)",1,1
"2024-12-23","Japan","(not set)",1,1
"2024-12-23","Kenya","(not set)",1,1
"2024-12-23","Nigeria","(not set)",1,1
"2024-12-23","Syria","(not set)",1,1
"2024-12-24","Brazil","(not set)",3759,895
"2024-12-24","United States","(not set)",688,108
"2024-12-24","China","(not set)",51,1
"2024-12-24","Italy","(not set)",34,1
"2024-12-24","South Korea","(not set)",24,3
"2024-12-24","Thailand","(not set)",21,1
"2024-12-24","Indonesia","(not set)",12,4
"2024-12-24","India","(not set)",10,2
"2024-12-24","Egypt","(not set)",9,1
"2024-12-24","Portugal","(not set)",8,1
"2024-12-24","Argentina","(not set)",6,1
"2024-12-24","Germany","(not set)",6,1
"2024-12-24","Iran","(not set)",6,5
"2024-12-24","Philippines","(not set)",5,2
"2024-12-24","Venezuela","(not set)",5,1
"2024-12-24","Tunisia","(not set)",4,1
"2024-12-24","Colombia","(not set)",3,1
"2024-12-24","Mexico","(not set)",3,1
"2024-12-24","Puerto Rico","(not set)",3,2
"2024-12-24","Saudi Arabia","(not set)",3,1
"2024-12-24","Cuba","(not set)",2,1
"2024-12-24","Dominican Republic","(not set)",2,1
"2024-12-24","Mozambique","(not set)",2,2
"2024-12-24","Pakistan","(not set)",2,2
"2024-12-24","Peru","(not set)",2,1
"2024-12-24","United Kingdom","(not set)",2,1
"2024-12-24","Zimbabwe","(not set)",2,1
"2024-12-24","Bangladesh","(not set)",1,1
"2024-12-24","Bulgaria","(not set)",1,1
"2024-12-24","Ethiopia","(not set)",1,1
"2024-12-24","France","(not set)",1,1
"2024-12-24","Ghana","(not set)",1,1
"2024-12-24","Guatemala","(not set)",1,1
"2024-12-24","Honduras","(not set)",1,1
"2024-12-24","Jamaica","(not set)",1,1
"2024-12-24","Japan","(not set)",1,1
"2024-12-24","Nepal","(not set)",1,1
"2024-12-24","Sweden","(not set)",1,1
"2024-12-24","Uruguay","(not set)",1,1
"2024-12-25","Brazil","(not set)",5413,1151
"2024-12-25","United States","(not set)",630,118
"2024-12-25","Italy","(not set)",65,1
"2024-12-25","Mexico","(not set)",44,7
"2024-12-25","Iran","(not set)",34,7
"2024-12-25","South Africa","(not set)",13,2
"2024-12-25","Venezuela","(not set)",13,3
"2024-12-25","India","(not set)",12,5
"2024-12-25","Indonesia","(not set)",8,2
"2024-12-25","Saudi Arabia","(not set)",8,3
"2024-12-25","Argentina","(not set)",7,2
"2024-12-25","Uzbekistan","(not set)",7,1
"2024-12-25","Algeria","(not set)",6,1
"2024-12-25","Colombia","(not set)",6,1
"2024-12-25","South Korea","(not set)",6,1
"2024-12-25","Malaysia","(not set)",5,2
"2024-12-25","Cuba","(not set)",4,2
"2024-12-25","Peru","(not set)",4,1
"2024-12-25","Canada","(not set)",3,2
"2024-12-25","Guatemala","(not set)",3,1
"2024-12-25","Kenya","(not set)",2,1
"2024-12-25","Liberia","(not set)",2,1
"2024-12-25","Mozambique","(not set)",2,2
"2024-12-25","Nigeria","(not set)",2,2
"2024-12-25","Philippines","(not set)",2,2
"2024-12-25","Ecuador","(not set)",1,1
"2024-12-25","Papua New Guinea","(not set)",1,1
"2024-12-25","Russia","(not set)",1,1
"2024-12-25","Spain","(not set)",1,1
"2024-12-25","United Kingdom","(not set)",1,1
"2024-12-25","Uruguay","(not set)",1,1
"2024-12-26","Brazil","(not set)",6073,1184
"2024-12-26","United States","(not set)",663,123
"2024-12-26","Mexico","(not set)",52,11
"2024-12-26","Italy","(not set)",47,1
"2024-12-26","Saudi Arabia","(not set)",16,1
"2024-12-26","Iran","(not set)",13,4
"2024-12-26","Nigeria","(not set)",11,2
"2024-12-26","Puerto Rico","(not set)",11,3
"2024-12-26","India","(not set)",8,1
"2024-12-26","Cuba","(not set)",7,2
"2024-12-26","Jordan","(not set)",7,1
"2024-12-26","South Korea","(not set)",7,1
"2024-12-26","Bangladesh","(not set)",4,3
"2024-12-26","South Africa","(not set)",3,2
"2024-12-26","Zambia","(not set)",3,1
"2024-12-26","Jamaica","(not set)",2,1
"2024-12-26","Morocco","(not set)",2,2
"2024-12-26","Netherlands","(not set)",2,1
"2024-12-26","Pakistan","(not set)",2,2
"2024-12-26","United Arab Emirates","(not set)",2,1
"2024-12-26","Venezuela","(not set)",2,1
"2024-12-26","Zimbabwe","(not set)",2,1
"2024-12-26","Afghanistan","(not set)",1,1
"2024-12-26","Angola","(not set)",1,1
"2024-12-26","Argentina","(not set)",1,1
"2024-12-26","Chile","(not set)",1,1
"2024-12-26","France","(not set)",1,1
"2024-12-26","Honduras","(not set)",1,1
"2024-12-26","Indonesia","(not set)",1,1
"2024-12-26","Tanzania","(not set)",1,1
"2024-12-27","Brazil","(not set)",5305,1109
"2024-12-27","United States","(not set)",479,104
"2024-12-27","Italy","(not set)",48,1
"2024-12-27","Mexico","(not set)",39,5
"2024-12-27","Indonesia","(not set)",26,9
"2024-12-27","India","(not set)",24,3
"2024-12-27","Nigeria","(not set)",21,4
"2024-12-27","South Korea","(not set)",20,3
"2024-12-27","Argentina","(not set)",19,3
"2024-12-27","Philippines","(not set)",17,3
"2024-12-27","Puerto Rico","(not set)",6,1
"2024-12-27","Mozambique","(not set)",5,1
"2024-12-27","United Kingdom","(not set)",4,1
"2024-12-27","South Africa","(not set)",3,1
"2024-12-27","Iran","(not set)",2,2
"2024-12-27","Ireland","(not set)",2,1
"2024-12-27","Japan","(not set)",2,1
"2024-12-27","United Arab Emirates","(not set)",2,1
"2024-12-27","Canada","(not set)",1,1
"2024-12-27","Colombia","(not set)",1,1
"2024-12-27","Cuba","(not set)",1,1
"2024-12-27","Ethiopia","(not set)",1,1
"2024-12-27","French Guiana","(not set)",1,1
"2024-12-27","Haiti","(not set)",1,1
"2024-12-27","Hungary","(not set)",1,1
"2024-12-27","Kenya","(not set)",1,1
"2024-12-27","Netherlands","(not set)",1,1
"2024-12-27","Pakistan","(not set)",1,1
"2024-12-27","Saudi Arabia","(not set)",1,1
"2024-12-27","Yemen","(not set)",1,1
"2024-12-28","Brazil","(not set)",4960,1161
"2024-12-28","United States","(not set)",750,117
"2024-12-28","Mexico","(not set)",104,11
"2024-12-28","Indonesia","(not set)",37,4
"2024-12-28","Italy","(not set)",34,1
"2024-12-28","India","(not set)",26,5
"2024-12-28","Iran","(not set)",22,2
"2024-12-28","Portugal","(not set)",22,2
"2024-12-28","Nigeria","(not set)",14,3
"2024-12-28","Germany","(not set)",6,1
"2024-12-28","Puerto Rico","(not set)",6,1
"2024-12-28","Venezuela","(not set)",6,1
"2024-12-28","Cuba","(not set)",5,2
"2024-12-28","American Samoa","(not set)",3,1
"2024-12-28","Argentina","(not set)",2,1
"2024-12-28","Bangladesh","(not set)",2,1
"2024-12-28","Fiji","(not set)",2,1
"2024-12-28","Guatemala","(not set)",2,1
"2024-12-28","Botswana","(not set)",1,1
"2024-12-28","Egypt","(not set)",1,1
"2024-12-28","Jamaica","(not set)",1,1
"2024-12-28","Malawi","(not set)",1,1
"2024-12-28","Pakistan","(not set)",1,1
"2024-12-28","Peru","(not set)",1,1
"2024-12-28","Philippines","(not set)",1,1
"2024-12-28","Zimbabwe","(not set)",1,1
"2024-12-29","Brazil","(not set)",5864,1239
"2024-12-29","United States","(not set)",572,118
"2024-12-29","Italy","(not set)",73,1
"2024-12-29","Iran","(not set)",42,5
"2024-12-29","Mexico","(not set)",40,11
"2024-12-29","Saudi Arabia","(not set)",16,2
"2024-12-29","Niger","(not set)",12,1
"2024-12-29","Egypt","(not set)",11,4
"2024-12-29","Nigeria","(not set)",11,3
"2024-12-29","Bangladesh","(not set)",10,3
"2024-12-29","India","(not set)",9,1
"2024-12-29","Netherlands","(not set)",9,2
"2024-12-29","Indonesia","(not set)",8,2
"2024-12-29","Argentina","(not set)",7,1
"2024-12-29","Cuba","(not set)",6,1
"2024-12-29","Germany","(not set)",6,1
"2024-12-29","Papua New Guinea","(not set)",6,1
"2024-12-29","Peru","(not set)",5,1
"2024-12-29","Mozambique","(not set)",4,1
"2024-12-29","Guatemala","(not set)",2,2
"2024-12-29","Pakistan","(not set)",2,2
"2024-12-29","Puerto Rico","(not set)",2,1
"2024-12-29","Venezuela","(not set)",2,1
"2024-12-29","Algeria","(not set)",1,1
"2024-12-29","Angola","(not set)",1,1
"2024-12-29","Australia","(not set)",1,1
"2024-12-29","Burkina Faso","(not set)",1,1
"2024-12-29","Cameroon","(not set)",1,1
"2024-12-29","El Salvador","(not set)",1,1
"2024-12-29","Ethiopia","(not set)",1,1
"2024-12-29","Haiti","(not set)",1,1
"2024-12-29","Laos","(not set)",1,1
"2024-12-29","Malaysia","(not set)",1,1
"2024-12-29","United Kingdom","(not set)",1,1
"2024-12-29","Uruguay","(not set)",1,1
"2024-12-30","Brazil","(not set)",5225,1139
"2024-12-30","United States","(not set)",576,111
"2024-12-30","Portugal","(not set)",35,1
"2024-12-30","Guatemala","(not set)",28,1
"2024-12-30","Italy","(not set)",28,1
"2024-12-30","Indonesia","(not set)",18,3
"2024-12-30","Egypt","(not set)",16,2
"2024-12-30","Mexico","(not set)",16,10
"2024-12-30","Puerto Rico","(not set)",10,2
"2024-12-30","Guinea-Bissau","(not set)",9,1
"2024-12-30","Zimbabwe","(not set)",8,1
"2024-12-30","New Zealand","(not set)",7,1
"2024-12-30","South Korea","(not set)",6,1
"2024-12-30","Venezuela","(not set)",4,1
"2024-12-30","Benin","(not set)",3,1
"2024-12-30","Nigeria","(not set)",3,2
"2024-12-30","United Kingdom","(not set)",3,1
"2024-12-30","Cuba","(not set)",2,1
"2024-12-30","Ethiopia","(not set)",2,1
"2024-12-30","Malaysia","(not set)",2,1
"2024-12-30","Papua New Guinea","(not set)",2,1
"2024-12-30","Algeria","(not set)",1,1
"2024-12-30","Bangladesh","(not set)",1,1
"2024-12-30","Germany","(not set)",1,1
"2024-12-30","India","(not set)",1,1
"2024-12-30","Iran","(not set)",1,1
"2024-12-30","Macao","(not set)",1,1
"2024-12-30","Morocco","(not set)",1,1
"2024-12-30","Oman","(not set)",1,1
"2024-12-30","Saudi Arabia","(not set)",1,1
"2024-12-31","Brazil","(not set)",4089,873
"2024-12-31","United States","(not set)",382,94
"2024-12-31","Bangladesh","(not set)",73,5
"2024-12-31","Mexico","(not set)",41,5
"2024-12-31","Italy","(not set)",33,2
"2024-12-31","Portugal","(not set)",27,1
"2024-12-31","India","(not set)",20,3
"2024-12-31","Indonesia","(not set)",16,3
"2024-12-31","Iran","(not set)",13,3
"2024-12-31","Nigeria","(not set)",13,2
"2024-12-31","Mozambique","(not set)",10,2
"2024-12-31","Egypt","(not set)",7,1
"2024-12-31","Pakistan","(not set)",7,1
"2024-12-31","Papua New Guinea","(not set)",7,2
"2024-12-31","Sweden","(not set)",7,1
"2024-12-31","Cuba","(not set)",4,3
"2024-12-31","Germany","(not set)",3,2
"2024-12-31","Colombia","(not set)",2,1
"2024-12-31","Hungary","(not set)",2,1
"2024-12-31","Saudi Arabia","(not set)",2,1
"2024-12-31","Tunisia","(not set)",2,1
"2024-12-31","United Kingdom","(not set)",2,1
"2024-12-31","Canada","(not set)",1,1
"2024-12-31","Jordan","(not set)",1,1
"2024-12-31","Kenya","(not set)",1,1
"2024-12-31","Malaysia","(not set)",1,1
"2024-12-31","Mali","(not set)",1,1
"2024-12-31","Oman","(not set)",1,1
"2025-01-01","Brazil","(not set)",5529,1169
"2025-01-01","United States","(not set)",587,126
"2025-01-01","Mexico","(not set)",37,8
"2025-01-01","Italy","(not set)",36,1
"2025-01-01","Iran","(not set)",27,5
"2025-01-01","Venezuela","(not set)",18,2
"2025-01-01","Nigeria","(not set)",11,1
"2025-01-01","Indonesia","(not set)",10,3
"2025-01-01","Netherlands","(not set)",9,1
"2025-01-01","Argentina","(not set)",8,2
"2025-01-01","Lebanon","(not set)",8,1
"2025-01-01","Pakistan","(not set)",6,3
"2025-01-01","Portugal","(not set)",6,1
"2025-01-01","Bangladesh","(not set)",5,3
"2025-01-01","France","(not set)",5,1
"2025-01-01","Paraguay","(not set)",5,1
"2025-01-01","Germany","(not set)",4,2
"2025-01-01","Mozambique","(not set)",3,2
"2025-01-01","American Samoa","(not set)",2,1
"2025-01-01","Ethiopia","(not set)",2,1
"2025-01-01","Fiji","(not set)",2,1
"2025-01-01","Jamaica","(not set)",2,1
"2025-01-01","Yemen","(not set)",2,2
"2025-01-01","Zambia","(not set)",2,1
"2025-01-01","Zimbabwe","(not set)",2,1
"2025-01-01","Algeria","(not set)",1,1
"2025-01-01","Côte d’Ivoire","(not set)",1,1
"2025-01-01","Kenya","(not set)",1,1
"2025-01-01","Nepal","(not set)",1,1
"2025-01-01","Papua New Guinea","(not set)",1,1
"2025-01-01","South Africa","(not set)",1,1
"2025-01-02","Brazil","(not set)",5454,1127
"2025-01-02","United States","(not set)",462,102
"2025-01-02","Italy","(not set)",99,1
"2025-01-02","Mexico","(not set)",32,8
"2025-01-02","South Korea","(not set)",23,3
"2025-01-02","Nigeria","(not set)",15,3
"2025-01-02","Hungary","(not set)",14,2
"2025-01-02","Iran","(not set)",14,5
"2025-01-02","United Kingdom","(not set)",11,3
"2025-01-02","India","(not set)",10,2
"2025-01-02","Germany","(not set)",9,3
"2025-01-02","Chile","(not set)",7,1
"2025-01-02","Egypt","(not set)",7,1
"2025-01-02","Indonesia","(not set)",7,3
"2025-01-02","Cuba","(not set)",3,2
"2025-01-02","Zambia","(not set)",3,1
"2025-01-02","Argentina","(not set)",2,1
"2025-01-02","Jordan","(not set)",2,1
"2025-01-02","Papua New Guinea","(not set)",2,1
"2025-01-02","Philippines","(not set)",2,1
"2025-01-02","Rwanda","(not set)",2,1
"2025-01-02","Syria","(not set)",2,1
"2025-01-02","Venezuela","(not set)",2,2
"2025-01-02","Algeria","(not set)",1,1
"2025-01-02","Ecuador","(not set)",1,1
"2025-01-02","Estonia","(not set)",1,1
"2025-01-02","France","(not set)",1,1
"2025-01-02","Kenya","(not set)",1,1
"2025-01-02","Mozambique","(not set)",1,1
"2025-01-02","Oman","(not set)",1,1
"2025-01-02","Puerto Rico","(not set)",1,1
"2025-01-02","South Africa","(not set)",1,1
"2025-01-03","Brazil","(not set)",4765,1088
"2025-01-03","United States","(not set)",543,108
"2025-01-03","Mexico","(not set)",57,10
"2025-01-03","Italy","(not set)",47,1
"2025-01-03","Indonesia","(not set)",20,3
"2025-01-03","Iran","(not set)",14,3
"2025-01-03","South Korea","(not set)",14,2
"2025-01-03","India","(not set)",10,1
"2025-01-03","Bolivia","(not set)",9,2
"2025-01-03","Egypt","(not set)",9,2
"2025-01-03","Pakistan","(not set)",9,2
"2025-01-03","Puerto Rico","(not set)",7,1
"2025-01-03","Australia","(not set)",6,1
"2025-01-03","Nigeria","(not set)",5,2
"2025-01-03","Bangladesh","(not set)",4,1
"2025-01-03","Ethiopia","(not set)",4,1
"2025-01-03","Cuba","(not set)",2,1
"2025-01-03","Hungary","(not set)",2,2
"2025-01-03","Mozambique","(not set)",2,1
"2025-01-03","Netherlands","(not set)",2,1
"2025-01-03","Nicaragua","(not set)",2,1
"2025-01-03","Venezuela","(not set)",2,1
"2025-01-03","Afghanistan","(not set)",1,1
"2025-01-03","Algeria","(not set)",1,1
"2025-01-03","Argentina","(not set)",1,1
"2025-01-03","Canada","(not set)",1,1
"2025-01-03","Honduras","(not set)",1,1
"2025-01-03","Ireland","(not set)",1,1
"2025-01-03","Jamaica","(not set)",1,1
"2025-01-04","Brazil","(not set)",5725,1257
"2025-01-04","United States","(not set)",582,116
"2025-01-04","Italy","(not set)",65,1
"2025-01-04","Mexico","(not set)",39,8
"2025-01-04","Saudi Arabia","(not set)",16,2
"2025-01-04","Indonesia","(not set)",11,4
"2025-01-04","France","(not set)",10,1
"2025-01-04","Nigeria","(not set)",10,1
"2025-01-04","Portugal","(not set)",10,4
"2025-01-04","Bangladesh","(not set)",8,1
"2025-01-04","Hungary","(not set)",8,1
"2025-01-04","Panama","(not set)",8,1
"2025-01-04","South Africa","(not set)",8,1
"2025-01-04","Canada","(not set)",6,1
"2025-01-04","Cuba","(not set)",6,1
"2025-01-04","Libya","(not set)",6,1
"2025-01-04","Jordan","(not set)",4,1
"2025-01-04","United Kingdom","(not set)",3,2
"2025-01-04","Afghanistan","(not set)",2,1
"2025-01-04","Argentina","(not set)",2,1
"2025-01-04","Colombia","(not set)",2,1
"2025-01-04","Egypt","(not set)",2,1
"2025-01-04","Ethiopia","(not set)",2,1
"2025-01-04","Pakistan","(not set)",2,1
"2025-01-04","Puerto Rico","(not set)",2,2
"2025-01-04","Australia","(not set)",1,1
"2025-01-04","Germany","(not set)",1,1
"2025-01-04","Iran","(not set)",1,1
"2025-01-05","Brazil","(not set)",6122,1275
"2025-01-05","United States","(not set)",593,121
"2025-01-05","Italy","(not set)",39,2
"2025-01-05","Cuba","(not set)",31,2
"2025-01-05","Nigeria","(not set)",22,4
"2025-01-05","Indonesia","(not set)",13,3
"2025-01-05","Iran","(not set)",13,4
"2025-01-05","Mexico","(not set)",11,3
"2025-01-05","Morocco","(not set)",9,1
"2025-01-05","South Africa","(not set)",8,2
"2025-01-05","Guinea-Bissau","(not set)",6,1
"2025-01-05","Panama","(not set)",5,1
"2025-01-05","India","(not set)",4,3
"2025-01-05","Japan","(not set)",3,2
"2025-01-05","Puerto Rico","(not set)",3,2
"2025-01-05","Egypt","(not set)",2,1
"2025-01-05","France","(not set)",2,1
"2025-01-05","Pakistan","(not set)",2,2
"2025-01-05","Portugal","(not set)",2,1
"2025-01-05","Saudi Arabia","(not set)",2,1
"2025-01-05","United Kingdom","(not set)",2,1
"2025-01-05","Canada","(not set)",1,1
"2025-01-05","Kenya","(not set)",1,1
"2025-01-05","Kuwait","(not set)",1,1
"2025-01-05","Malaysia","(not set)",1,1
"2025-01-06","Brazil","(not set)",4333,1044
"2025-01-06","United States","(not set)",588,112
"2025-01-06","Italy","(not set)",139,1
"2025-01-06","Mexico","(not set)",48,8
"2025-01-06","Iran","(not set)",15,5
"2025-01-06","Panama","(not set)",15,1
"2025-01-06","Morocco","(not set)",14,1
"2025-01-06","Bahrain","(not set)",12,1
"2025-01-06","Puerto Rico","(not set)",10,2
"2025-01-06","Indonesia","(not set)",5,3
"2025-01-06","Venezuela","(not set)",5,1
"2025-01-06","Nigeria","(not set)",4,1
"2025-01-06","India","(not set)",3,2
"2025-01-06","Algeria","(not set)",2,1
"2025-01-06","Egypt","(not set)",2,1
"2025-01-06","Papua New Guinea","(not set)",2,1
"2025-01-06","Sweden","(not set)",2,1
"2025-01-06","United Arab Emirates","(not set)",2,1
"2025-01-06","Argentina","(not set)",1,1
"2025-01-06","Pakistan","(not set)",1,1
"2025-01-06","United Kingdom","(not set)",1,1
"2025-01-07","Brazil","(not set)",6038,1174
"2025-01-07","United States","(not set)",421,94
"2025-01-07","Italy","(not set)",50,1
"2025-01-07","Mexico","(not set)",31,7
"2025-01-07","Puerto Rico","(not set)",25,2
"2025-01-07","Iran","(not set)",22,5
"2025-01-07","Algeria","(not set)",16,1
"2025-01-07","Nigeria","(not set)",15,3
"2025-01-07","Indonesia","(not set)",12,1
"2025-01-07","India","(not set)",11,2
"2025-01-07","Argentina","(not set)",9,2
"2025-01-07","Papua New Guinea","(not set)",8,1
"2025-01-07","Chile","(not set)",7,1
"2025-01-07","Germany","(not set)",7,1
"2025-01-07","Israel","(not set)",6,1
"2025-01-07","Bangladesh","(not set)",3,2
"2025-01-07","Jamaica","(not set)",3,1
"2025-01-07","United Kingdom","(not set)",3,2
"2025-01-07","Angola","(not set)",2,1
"2025-01-07","Ethiopia","(not set)",2,1
"2025-01-07","Peru","(not set)",2,1
"2025-01-07","South Africa","(not set)",2,1
"2025-01-07","Venezuela","(not set)",2,1
"2025-01-07","Zambia","(not set)",2,1
"2025-01-07","Bolivia","(not set)",1,1
"2025-01-07","Cuba","(not set)",1,1
"2025-01-07","France","(not set)",1,1
"2025-01-07","Pakistan","(not set)",1,1
"2025-01-07","Philippines","(not set)",1,1
"2025-01-07","Syria","(not set)",1,1
"2025-01-07","Thailand","(not set)",1,1
"2025-01-08","Brazil","(not set)",5968,1218
"2025-01-08","United States","(not set)",592,122
"2025-01-08","Italy","(not set)",54,2
"2025-01-08","Mexico","(not set)",26,8
"2025-01-08","Iran","(not set)",19,7
"2025-01-08","Nigeria","(not set)",13,3
"2025-01-08","India","(not set)",10,2
"2025-01-08","Ecuador","(not set)",9,1
"2025-01-08","United Kingdom","(not set)",9,1
"2025-01-08","Saudi Arabia","(not set)",8,2
"2025-01-08","Spain","(not set)",8,2
"2025-01-08","Argentina","(not set)",7,1
"2025-01-08","Puerto Rico","(not set)",7,1
"2025-01-08","South Korea","(not set)",7,1
"2025-01-08","United Arab Emirates","(not set)",6,1
"2025-01-08","Bangladesh","(not set)",4,1
"2025-01-08","Indonesia","(not set)",4,2
"2025-01-08","Zambia","(not set)",3,1
"2025-01-08","Angola","(not set)",2,1
"2025-01-08","Malawi","(not set)",2,1
"2025-01-08","Peru","(not set)",2,1
"2025-01-08","Thailand","(not set)",2,1
"2025-01-08","Afghanistan","(not set)",1,1
"2025-01-08","Canada","(not set)",1,1
"2025-01-08","Finland","(not set)",1,1
"2025-01-08","Netherlands","(not set)",1,1
"2025-01-08","Pakistan","(not set)",1,1
"2025-01-08","Venezuela","(not set)",1,1
"2025-01-08","Yemen","(not set)",1,1
"2025-01-09","Brazil","(not set)",5604,1175
"2025-01-09","United States","(not set)",570,100
"2025-01-09","Italy","(not set)",82,1
"2025-01-09","Mexico","(not set)",60,10
"2025-01-09","Indonesia","(not set)",33,4
"2025-01-09","South Korea","(not set)",30,3
"2025-01-09","Nigeria","(not set)",20,3
"2025-01-09","India","(not set)",19,1
"2025-01-09","Egypt","(not set)",14,3
"2025-01-09","Iran","(not set)",14,6
"2025-01-09","South Africa","(not set)",13,1
"2025-01-09","Thailand","(not set)",10,1
"2025-01-09","Bolivia","(not set)",9,1
"2025-01-09","Venezuela","(not set)",9,3
"2025-01-09","Puerto Rico","(not set)",8,2
"2025-01-09","Kenya","(not set)",5,1
"2025-01-09","Peru","(not set)",5,2
"2025-01-09","Japan","(not set)",4,2
"2025-01-09","Ethiopia","(not set)",3,1
"2025-01-09","United Kingdom","(not set)",3,1
"2025-01-09","Argentina","(not set)",2,2
"2025-01-09","Cuba","(not set)",2,1
"2025-01-09","Guatemala","(not set)",2,2
"2025-01-09","Haiti","(not set)",2,1
"2025-01-09","United Arab Emirates","(not set)",2,1
"2025-01-09","Bangladesh","(not set)",1,1
"2025-01-09","Canada","(not set)",1,1
"2025-01-09","Hungary","(not set)",1,1
"2025-01-09","Myanmar (Burma)","(not set)",1,1
"2025-01-09","Pakistan","(not set)",1,1
"2025-01-09","Papua New Guinea","(not set)",1,1
"2025-01-09","Spain","(not set)",1,1
"2025-01-09","Tanzania","(not set)",1,1
"2025-01-10","Brazil","(not set)",5665,1133
"2025-01-10","United States","(not set)",633,111
"2025-01-10","Italy","(not set)",159,2
"2025-01-10","Mexico","(not set)",22,8
"2025-01-10","Nigeria","(not set)",22,3
"2025-01-10","France","(not set)",15,2
"2025-01-10","Pakistan","(not set)",11,2
"2025-01-10","Egypt","(not set)",8,3
"2025-01-10","Iran","(not set)",4,4
"2025-01-10","Portugal","(not set)",4,1
"2025-01-10","Venezuela","(not set)",4,1
"2025-01-10","Afghanistan","(not set)",3,1
"2025-01-10","Canada","(not set)",3,1
"2025-01-10","Ethiopia","(not set)",3,2
"2025-01-10","Cuba","(not set)",2,2
"2025-01-10","Indonesia","(not set)",2,1
"2025-01-10","Kenya","(not set)",2,1
"2025-01-10","Bolivia","(not set)",1,1
"2025-01-10","Germany","(not set)",1,1
"2025-01-10","Honduras","(not set)",1,1
"2025-01-10","India","(not set)",1,1
"2025-01-10","Japan","(not set)",1,1
"2025-01-10","Papua New Guinea","(not set)",1,1
"2025-01-11","Brazil","(not set)",6399,1166
"2025-01-11","United States","(not set)",575,114
"2025-01-11","Italy","(not set)",95,1
"2025-01-11","Mexico","(not set)",32,12
"2025-01-11","Indonesia","(not set)",25,2
"2025-01-11","Bangladesh","(not set)",12,2
"2025-01-11","India","(not set)",11,3
"2025-01-11","Venezuela","(not set)",11,2
"2025-01-11","Argentina","(not set)",9,1
"2025-01-11","Syria","(not set)",8,1
"2025-01-11","Malaysia","(not set)",7,1
"2025-01-11","Spain","(not set)",6,1
"2025-01-11","Egypt","(not set)",4,1
"2025-01-11","Ethiopia","(not set)",4,1
"2025-01-11","Puerto Rico","(not set)",4,3
"2025-01-11","Dominican Republic","(not set)",3,1
"2025-01-11","Papua New Guinea","(not set)",3,1
"2025-01-11","Canada","(not set)",2,1
"2025-01-11","Morocco","(not set)",2,1
"2025-01-11","Nigeria","(not set)",2,1
"2025-01-11","Afghanistan","(not set)",1,1
"2025-01-11","Bolivia","(not set)",1,1
"2025-01-11","Cuba","(not set)",1,1
"2025-01-11","Guatemala","(not set)",1,1
"2025-01-11","Iran","(not set)",1,1
"2025-01-11","South Africa","(not set)",1,1
"2025-01-11","Uganda","(not set)",1,1
"2025-01-12","Brazil","(not set)",6494,1376
"2025-01-12","United States","(not set)",722,127
"2025-01-12","Italy","(not set)",87,1
"2025-01-12","Mexico","(not set)",41,7
"2025-01-12","Iran","(not set)",30,8
"2025-01-12","Indonesia","(not set)",22,5
"2025-01-12","India","(not set)",8,3
"2025-01-12","Algeria","(not set)",6,1
"2025-01-12","France","(not set)",6,1
"2025-01-12","Pakistan","(not set)",6,1
"2025-01-12","Argentina","(not set)",3,2
"2025-01-12","Cuba","(not set)",3,3
"2025-01-12","Puerto Rico","(not set)",3,2
"2025-01-12","Canada","(not set)",2,1
"2025-01-12","Egypt","(not set)",2,1
"2025-01-12","Honduras","(not set)",2,1
"2025-01-12","Kenya","(not set)",2,2
"2025-01-12","Nigeria","(not set)",2,1
"2025-01-12","United Kingdom","(not set)",2,1
"2025-01-12","Bolivia","(not set)",1,1
"2025-01-12","Ethiopia","(not set)",1,1
"2025-01-12","Guatemala","(not set)",1,1
"2025-01-12","Jamaica","(not set)",1,1
"2025-01-12","Netherlands","(not set)",1,1
"2025-01-12","Papua New Guinea","(not set)",1,1
"2025-01-12","Philippines","(not set)",1,1
"2025-01-12","Venezuela","(not set)",1,1
"2025-01-12","Yemen","(not set)",1,1
"2025-01-13","Brazil","(not set)",4927,1069
"2025-01-13","United States","(not set)",310,76
"2025-01-13","Italy","(not set)",175,1
"2025-01-13","India","(not set)",21,3
"2025-01-13","Mexico","(not set)",16,7
"2025-01-13","Israel","(not set)",15,2
"2025-01-13","Netherlands","(not set)",14,2
"2025-01-13","Saudi Arabia","(not set)",13,2
"2025-01-13","Uganda","(not set)",12,1
"2025-01-13","Philippines","(not set)",11,1
"2025-01-13","Iran","(not set)",10,4
"2025-01-13","South Korea","(not set)",10,1
"2025-01-13","Egypt","(not set)",9,2
"2025-01-13","Indonesia","(not set)",9,1
"2025-01-13","Puerto Rico","(not set)",7,1
"2025-01-13","Argentina","(not set)",6,1
"2025-01-13","Ethiopia","(not set)",5,1
"2025-01-13","Nigeria","(not set)",5,1
"2025-01-13","Cuba","(not set)",3,2
"2025-01-13","Germany","(not set)",3,2
"2025-01-13","Mali","(not set)",3,1
"2025-01-13","Denmark","(not set)",2,1
"2025-01-13","Guatemala","(not set)",2,2
"2025-01-13","Mozambique","(not set)",2,1
"2025-01-13","Papua New Guinea","(not set)",2,1
"2025-01-13","Syria","(not set)",2,1
"2025-01-13","United Kingdom","(not set)",2,2
"2025-01-13","Venezuela","(not set)",2,1
"2025-01-13","Bolivia","(not set)",1,1
"2025-01-13","Jamaica","(not set)",1,1
"2025-01-13","Pakistan","(not set)",1,1
"2025-01-13","Peru","(not set)",1,1
"2025-01-13","Tanzania","(not set)",1,1
"2025-01-13","Thailand","(not set)",1,1
"2025-01-14","Brazil","(not set)",5493,1174
"2025-01-14","United States","(not set)",514,109
"2025-01-14","Italy","(not set)",133,1
"2025-01-14","Mexico","(not set)",33,11
"2025-01-14","India","(not set)",14,2
"2025-01-14","Indonesia","(not set)",14,2
"2025-01-14","Nigeria","(not set)",13,5
"2025-01-14","Ireland","(not set)",12,1
"2025-01-14","Türkiye","(not set)",12,1
"2025-01-14","Argentina","(not set)",7,1
"2025-01-14","Hungary","(not set)",7,1
"2025-01-14","Switzerland","(not set)",6,1
"2025-01-14","Cuba","(not set)",4,3
"2025-01-14","Venezuela","(not set)",4,1
"2025-01-14","Bangladesh","(not set)",3,1
"2025-01-14","Germany","(not set)",3,1
"2025-01-14","Iran","(not set)",3,2
"2025-01-14","Mozambique","(not set)",3,1
"2025-01-14","Puerto Rico","(not set)",3,2
"2025-01-14","Cape Verde","(not set)",2,1
"2025-01-14","Congo - Kinshasa","(not set)",2,1
"2025-01-14","United Kingdom","(not set)",2,1
"2025-01-14","Algeria","(not set)",1,1
"2025-01-14","Colombia","(not set)",1,1
"2025-01-14","Egypt","(not set)",1,1
"2025-01-14","Israel","(not set)",1,1
"2025-01-14","Japan","(not set)",1,1
"2025-01-14","Pakistan","(not set)",1,1
"2025-01-14","Portugal","(not set)",1,1
"2025-01-14","South Africa","(not set)",1,1
"2025-01-14","United Arab Emirates","(not set)",1,1
"2025-01-14","Yemen","(not set)",1,1
"2025-01-15","Brazil","(not set)",5734,1153
"2025-01-15","United States","(not set)",579,119
"2025-01-15","Italy","(not set)",113,1
"2025-01-15","Iran","(not set)",25,7
"2025-01-15","Mexico","(not set)",23,8
"2025-01-15","Cuba","(not set)",16,2
"2025-01-15","India","(not set)",12,3
"2025-01-15","Venezuela","(not set)",11,2
"2025-01-15","Egypt","(not set)",10,2
"2025-01-15","South Korea","(not set)",9,1
"2025-01-15","Ecuador","(not set)",8,1
"2025-01-15","Saudi Arabia","(not set)",7,3
"2025-01-15","El Salvador","(not set)",6,1
"2025-01-15","Cyprus","(not set)",3,1
"2025-01-15","Israel","(not set)",3,1
"2025-01-15","Niger","(not set)",3,1
"2025-01-15","Pakistan","(not set)",3,1
"2025-01-15","Algeria","(not set)",2,1
"2025-01-15","Ethiopia","(not set)",2,1
"2025-01-15","Hungary","(not set)",2,1
"2025-01-15","Jamaica","(not set)",2,1
"2025-01-15","Puerto Rico","(not set)",2,2
"2025-01-15","Afghanistan","(not set)",1,1
"2025-01-15","Bangladesh","(not set)",1,1
"2025-01-15","Guatemala","(not set)",1,1
"2025-01-15","Haiti","(not set)",1,1
"2025-01-15","Indonesia","(not set)",1,1
"2025-01-15","Liberia","(not set)",1,1
"2025-01-15","Mali","(not set)",1,1
"2025-01-15","Nigeria","(not set)",1,1
"2025-01-15","Portugal","(not set)",1,1
"2025-01-16","Brazil","(not set)",5195,1121
"2025-01-16","United States","(not set)",689,121
"2025-01-16","Mexico","(not set)",68,10
"2025-01-16","Italy","(not set)",67,1
"2025-01-16","Philippines","(not set)",26,3
"2025-01-16","Indonesia","(not set)",9,2
"2025-01-16","Netherlands","(not set)",7,1
"2025-01-16","Colombia","(not set)",4,2
"2025-01-16","Dominican Republic","(not set)",4,1
"2025-01-16","Iran","(not set)",4,3
"2025-01-16","Afghanistan","(not set)",3,1
"2025-01-16","Cuba","(not set)",3,2
"2025-01-16","Kenya","(not set)",3,1
"2025-01-16","Nigeria","(not set)",3,2
"2025-01-16","Antigua & Barbuda","(not set)",2,1
"2025-01-16","Argentina","(not set)",2,1
"2025-01-16","India","(not set)",2,2
"2025-01-16","Venezuela","(not set)",2,1
"2025-01-16","Laos","(not set)",1,1
"2025-01-16","Libya","(not set)",1,1
"2025-01-16","Pakistan","(not set)",1,1
"2025-01-16","Portugal","(not set)",1,1
"2025-01-16","Puerto Rico","(not set)",1,1
"2025-01-17","Brazil","(not set)",5761,1180
"2025-01-17","United States","(not set)",548,105
"2025-01-17","Italy","(not set)",235,1
"2025-01-17","Mexico","(not set)",35,6
"2025-01-17","Tunisia","(not set)",21,3
"2025-01-17","Netherlands","(not set)",14,1
"2025-01-17","Nigeria","(not set)",12,2
"2025-01-17","India","(not set)",9,2
"2025-01-17","Argentina","(not set)",8,2
"2025-01-17","Iran","(not set)",8,3
"2025-01-17","Indonesia","(not set)",7,1
"2025-01-17","Syria","(not set)",7,1
"2025-01-17","Puerto Rico","(not set)",5,3
"2025-01-17","Jamaica","(not set)",4,1
"2025-01-17","Bangladesh","(not set)",3,1
"2025-01-17","Canada","(not set)",3,1
"2025-01-17","Cuba","(not set)",3,2
"2025-01-17","Yemen","(not set)",3,1
"2025-01-17","Ethiopia","(not set)",2,1
"2025-01-17","Hungary","(not set)",2,1
"2025-01-17","Libya","(not set)",2,1
"2025-01-17","Philippines","(not set)",2,2
"2025-01-17","Qatar","(not set)",2,1
"2025-01-17","Thailand","(not set)",2,1
"2025-01-17","Venezuela","(not set)",2,1
"2025-01-17","Czechia","(not set)",1,1
"2025-01-18","Brazil","(not set)",5662,1166
"2025-01-18","United States","(not set)",626,128
"2025-01-18","Italy","(not set)",249,1
"2025-01-18","Egypt","(not set)",29,1
"2025-01-18","Iran","(not set)",26,4
"2025-01-18","Puerto Rico","(not set)",22,3
"2025-01-18","Mexico","(not set)",16,6
"2025-01-18","Nigeria","(not set)",13,2
"2025-01-18","Saudi Arabia","(not set)",9,1
"2025-01-18","United Kingdom","(not set)",8,1
"2025-01-18","Mozambique","(not set)",7,1
"2025-01-18","Argentina","(not set)",6,2
"2025-01-18","Uganda","(not set)",6,1
"2025-01-18","India","(not set)",5,3
"2025-01-18","Pakistan","(not set)",5,2
"2025-01-18","Hungary","(not set)",4,3
"2025-01-18","Portugal","(not set)",4,2
"2025-01-18","Angola","(not set)",3,2
"2025-01-18","Venezuela","(not set)",3,2
"2025-01-18","Cuba","(not set)",2,2
"2025-01-18","Cyprus","(not set)",2,1
"2025-01-18","Guatemala","(not set)",2,1
"2025-01-18","Chile","(not set)",1,1
"2025-01-18","Honduras","(not set)",1,1
"2025-01-18","Kenya","(not set)",1,1
"2025-01-18","Singapore","(not set)",1,1
"2025-01-19","Brazil","(not set)",6209,1259
"2025-01-19","United States","(not set)",502,117
"2025-01-19","Italy","(not set)",217,1
"2025-01-19","Mexico","(not set)",47,9
"2025-01-19","Indonesia","(not set)",13,3
"2025-01-19","Jordan","(not set)",13,2
"2025-01-19","Iran","(not set)",12,6
"2025-01-19","Cape Verde","(not set)",11,1
"2025-01-19","Malaysia","(not set)",11,2
"2025-01-19","Syria","(not set)",11,1
"2025-01-19","Cayman Islands","(not set)",10,1
"2025-01-19","Argentina","(not set)",8,2
"2025-01-19","Cuba","(not set)",8,4
"2025-01-19","Hungary","(not set)",8,1
"2025-01-19","Cameroon","(not set)",7,1
"2025-01-19","Niger","(not set)",7,1
"2025-01-19","Venezuela","(not set)",7,2
"2025-01-19","Bangladesh","(not set)",6,1
"2025-01-19","Germany","(not set)",6,1
"2025-01-19","Kuwait","(not set)",6,1
"2025-01-19","Portugal","(not set)",6,1
"2025-01-19","South Korea","(not set)",6,1
"2025-01-19","Paraguay","(not set)",5,1
"2025-01-19","Puerto Rico","(not set)",4,3
"2025-01-19","Egypt","(not set)",2,1
"2025-01-19","Jamaica","(not set)",2,1
"2025-01-19","Kenya","(not set)",2,2
"2025-01-19","United Kingdom","(not set)",2,1
"2025-01-19","Zimbabwe","(not set)",2,1
"2025-01-19","Guatemala","(not set)",1,1
"2025-01-19","India","(not set)",1,1
"2025-01-19","Morocco","(not set)",1,1
"2025-01-19","Mozambique","(not set)",1,1
"2025-01-19","Nepal","(not set)",1,1
"2025-01-19","Philippines","(not set)",1,1
"2025-01-19","Tanzania","(not set)",1,1
"2025-01-19","Uruguay","(not set)",1,1
"2025-01-20","Brazil","(not set)",5852,1164
"2025-01-20","United States","(not set)",522,110
"2025-01-20","Italy","(not set)",122,1
"2025-01-20","Mexico","(not set)",14,3
"2025-01-20","India","(not set)",12,6
"2025-01-20","Jordan","(not set)",12,1
"2025-01-20","Egypt","(not set)",10,2
"2025-01-20","Syria","(not set)",10,1
"2025-01-20","Bangladesh","(not set)",9,2
"2025-01-20","Colombia","(not set)",8,1
"2025-01-20","Iran","(not set)",7,4
"2025-01-20","South Africa","(not set)",7,1
"2025-01-20","Ethiopia","(not set)",4,1
"2025-01-20","Indonesia","(not set)",4,2
"2025-01-20","Venezuela","(not set)",4,1
"2025-01-20","Cape Verde","(not set)",2,1
"2025-01-20","Guatemala","(not set)",2,2
"2025-01-20","Jamaica","(not set)",2,1
"2025-01-20","Libya","(not set)",2,1
"2025-01-20","Nigeria","(not set)",2,2
"2025-01-20","Puerto Rico","(not set)",2,1
"2025-01-20","Russia","(not set)",2,1
"2025-01-20","(not set)","(not set)",1,1
"2025-01-20","Afghanistan","(not set)",1,1
"2025-01-20","Argentina","(not set)",1,1
"2025-01-20","Cuba","(not set)",1,1
"2025-01-20","Faroe Islands","(not set)",1,1
"2025-01-20","Hungary","(not set)",1,1
"2025-01-20","Liberia","(not set)",1,1
"2025-01-20","Nepal","(not set)",1,1
"2025-01-20","Yemen","(not set)",1,1
"2025-01-21","Brazil","(not set)",5938,1213
"2025-01-21","United States","(not set)",474,116
"2025-01-21","Italy","(not set)",74,1
"2025-01-21","Mexico","(not set)",46,15
"2025-01-21","Türkiye","(not set)",14,1
"2025-01-21","Syria","(not set)",12,1
"2025-01-21","Kenya","(not set)",11,2
"2025-01-21","Malaysia","(not set)",11,1
"2025-01-21","Romania","(not set)",10,1
"2025-01-21","South Africa","(not set)",10,1
"2025-01-21","Indonesia","(not set)",9,1
"2025-01-21","Cuba","(not set)",8,2
"2025-01-21","Peru","(not set)",8,1
"2025-01-21","Bangladesh","(not set)",7,1
"2025-01-21","Egypt","(not set)",7,1
"2025-01-21","Haiti","(not set)",3,1
"2025-01-21","Spain","(not set)",3,1
"2025-01-21","Burkina Faso","(not set)",2,1
"2025-01-21","Iran","(not set)",2,2
"2025-01-21","Iraq","(not set)",2,1
"2025-01-21","Nigeria","(not set)",2,2
"2025-01-21","Saudi Arabia","(not set)",2,1
"2025-01-21","Venezuela","(not set)",2,1
"2025-01-21","Zambia","(not set)",2,1
"2025-01-21","Bolivia","(not set)",1,1
"2025-01-21","Ecuador","(not set)",1,1
"2025-01-21","Hungary","(not set)",1,1
"2025-01-21","Laos","(not set)",1,1
"2025-01-21","Nicaragua","(not set)",1,1
"2025-01-21","Pakistan","(not set)",1,1
"2025-01-21","Philippines","(not set)",1,1
"2025-01-21","Russia","(not set)",1,1
"2025-01-22","Brazil","(not set)",4905,1140
"2025-01-22","United States","(not set)",726,133
"2025-01-22","Italy","(not set)",220,1
"2025-01-22","Iran","(not set)",31,4
"2025-01-22","Morocco","(not set)",11,1
"2025-01-22","Mexico","(not set)",10,4
"2025-01-22","Indonesia","(not set)",9,2
"2025-01-22","Argentina","(not set)",8,1
"2025-01-22","Israel","(not set)",8,1
"2025-01-22","India","(not set)",7,6
"2025-01-22","Portugal","(not set)",7,1
"2025-01-22","Colombia","(not set)",6,3
"2025-01-22","Peru","(not set)",6,2
"2025-01-22","Czechia","(not set)",5,1
"2025-01-22","Venezuela","(not set)",4,1
"2025-01-22","Zimbabwe","(not set)",3,1
"2025-01-22","Ghana","(not set)",2,1
"2025-01-22","Panama","(not set)",2,1
"2025-01-22","Philippines","(not set)",2,1
"2025-01-22","United Kingdom","(not set)",2,1
"2025-01-22","Afghanistan","(not set)",1,1
"2025-01-22","Bangladesh","(not set)",1,1
"2025-01-22","Chile","(not set)",1,1
"2025-01-22","Cuba","(not set)",1,1
"2025-01-22","Honduras","(not set)",1,1
"2025-01-22","Netherlands","(not set)",1,1
"2025-01-22","Pakistan","(not set)",1,1
"2025-01-22","Spain","(not set)",1,1
"2025-01-22","Yemen","(not set)",1,1
"2025-01-23","Brazil","(not set)",5102,1022
"2025-01-23","United States","(not set)",590,117
"2025-01-23","Italy","(not set)",137,2
"2025-01-23","Indonesia","(not set)",17,3
"2025-01-23","Peru","(not set)",14,1
"2025-01-23","Venezuela","(not set)",14,2
"2025-01-23","Mexico","(not set)",13,3
"2025-01-23","Puerto Rico","(not set)",12,2
"2025-01-23","Iran","(not set)",11,6
"2025-01-23","Honduras","(not set)",10,2
"2025-01-23","Nigeria","(not set)",5,2
"2025-01-23","Bolivia","(not set)",4,1
"2025-01-23","India","(not set)",4,2
"2025-01-23","Argentina","(not set)",2,1
"2025-01-23","Kenya","(not set)",2,1
"2025-01-23","Philippines","(not set)",2,2
"2025-01-23","Uganda","(not set)",2,2
"2025-01-23","(not set)","(not set)",1,1
"2025-01-23","Burkina Faso","(not set)",1,1
"2025-01-23","Cuba","(not set)",1,1
"2025-01-23","El Salvador","(not set)",1,1
"2025-01-23","Guinea-Bissau","(not set)",1,1
"2025-01-23","Malaysia","(not set)",1,1
"2025-01-23","Morocco","(not set)",1,1
"2025-01-23","Mozambique","(not set)",1,1
"2025-01-23","Pakistan","(not set)",1,1
"2025-01-24","Brazil","(not set)",4639,988
"2025-01-24","United States","(not set)",438,88
"2025-01-24","Italy","(not set)",226,2
"2025-01-24","Mexico","(not set)",38,8
"2025-01-24","Thailand","(not set)",37,1
"2025-01-24","Poland","(not set)",12,1
"2025-01-24","Cuba","(not set)",11,2
"2025-01-24","India","(not set)",10,2
"2025-01-24","Argentina","(not set)",9,3
"2025-01-24","France","(not set)",8,1
"2025-01-24","Nigeria","(not set)",8,3
"2025-01-24","Chile","(not set)",7,1
"2025-01-24","Philippines","(not set)",6,1
"2025-01-24","Iran","(not set)",5,4
"2025-01-24","Venezuela","(not set)",5,2
"2025-01-24","Puerto Rico","(not set)",4,1
"2025-01-24","Bolivia","(not set)",2,1
"2025-01-24","Paraguay","(not set)",2,1
"2025-01-24","Bangladesh","(not set)",1,1
"2025-01-24","Cameroon","(not set)",1,1
"2025-01-24","Egypt","(not set)",1,1
"2025-01-24","Indonesia","(not set)",1,1
"2025-01-24","Portugal","(not set)",1,1
"2025-01-24","South Sudan","(not set)",1,1
"2025-01-25","Brazil","(not set)",5706,1145
"2025-01-25","United States","(not set)",530,110
"2025-01-25","Italy","(not set)",191,1
"2025-01-25","Egypt","(not set)",27,4
"2025-01-25","Indonesia","(not set)",22,5
"2025-01-25","Iran","(not set)",17,6
"2025-01-25","Mexico","(not set)",15,6
"2025-01-25","Pakistan","(not set)",15,2
"2025-01-25","India","(not set)",11,4
"2025-01-25","Netherlands","(not set)",9,1
"2025-01-25","Qatar","(not set)",9,1
"2025-01-25","Bangladesh","(not set)",7,1
"2025-01-25","Portugal","(not set)",6,1
"2025-01-25","Venezuela","(not set)",4,1
"2025-01-25","Saudi Arabia","(not set)",3,1
"2025-01-25","Bolivia","(not set)",2,1
"2025-01-25","Cuba","(not set)",2,2
"2025-01-25","Japan","(not set)",2,1
"2025-01-25","Mozambique","(not set)",2,1
"2025-01-25","Nigeria","(not set)",2,1
"2025-01-25","South Africa","(not set)",2,1
"2025-01-25","Argentina","(not set)",1,1
"2025-01-25","France","(not set)",1,1
"2025-01-25","Macao","(not set)",1,1
"2025-01-25","Panama","(not set)",1,1
"2025-01-25","Philippines","(not set)",1,1
"2025-01-25","Puerto Rico","(not set)",1,1
"2025-01-26","Brazil","(not set)",6735,1356
"2025-01-26","United States","(not set)",569,135
"2025-01-26","Italy","(not set)",188,1
"2025-01-26","Mexico","(not set)",53,11
"2025-01-26","Egypt","(not set)",18,3
"2025-01-26","Jordan","(not set)",14,2
"2025-01-26","Indonesia","(not set)",13,4
"2025-01-26","Venezuela","(not set)",11,1
"2025-01-26","Iran","(not set)",10,3
"2025-01-26","Sri Lanka","(not set)",8,1
"2025-01-26","Puerto Rico","(not set)",6,1
"2025-01-26","United Kingdom","(not set)",6,1
"2025-01-26","Uruguay","(not set)",6,1
"2025-01-26","Argentina","(not set)",4,2
"2025-01-26","Guatemala","(not set)",4,1
"2025-01-26","Morocco","(not set)",3,1
"2025-01-26","Algeria","(not set)",2,1
"2025-01-26","Belize","(not set)",2,1
"2025-01-26","Burkina Faso","(not set)",2,1
"2025-01-26","France","(not set)",2,1
"2025-01-26","Kenya","(not set)",2,1
"2025-01-26","Laos","(not set)",2,1
"2025-01-26","Norway","(not set)",2,1
"2025-01-26","Pakistan","(not set)",2,2
"2025-01-26","Philippines","(not set)",2,1
"2025-01-26","Saudi Arabia","(not set)",2,1
"2025-01-26","Spain","(not set)",2,1
"2025-01-26","Canada","(not set)",1,1
"2025-01-26","Dominican Republic","(not set)",1,1
"2025-01-26","Germany","(not set)",1,1
"2025-01-26","Honduras","(not set)",1,1
"2025-01-26","India","(not set)",1,1
"2025-01-26","Paraguay","(not set)",1,1
"2025-01-27","Brazil","(not set)",5261,1113
"2025-01-27","United States","(not set)",377,82
"2025-01-27","Italy","(not set)",145,1
"2025-01-27","Venezuela","(not set)",97,2
"2025-01-27","Mexico","(not set)",17,8
"2025-01-27","Slovakia","(not set)",11,1
"2025-01-27","Türkiye","(not set)",8,1
"2025-01-27","Bangladesh","(not set)",7,2
"2025-01-27","Colombia","(not set)",7,1
"2025-01-27","Iran","(not set)",7,3
"2025-01-27","Jamaica","(not set)",7,1
"2025-01-27","Peru","(not set)",5,1
"2025-01-27","Puerto Rico","(not set)",5,1
"2025-01-27","Sweden","(not set)",4,1
"2025-01-27","Cuba","(not set)",3,2
"2025-01-27","Uruguay","(not set)",3,1
"2025-01-27","Mozambique","(not set)",2,1
"2025-01-27","Papua New Guinea","(not set)",2,2
"2025-01-27","Portugal","(not set)",2,2
"2025-01-27","South Africa","(not set)",2,1
"2025-01-27","Uganda","(not set)",2,1
"2025-01-27","Algeria","(not set)",1,1
"2025-01-27","Argentina","(not set)",1,1
"2025-01-27","Bolivia","(not set)",1,1
"2025-01-27","Canada","(not set)",1,1
"2025-01-27","Dominican Republic","(not set)",1,1
"2025-01-27","Indonesia","(not set)",1,1
"2025-01-27","Pakistan","(not set)",1,1
"2025-01-28","Brazil","(not set)",6101,1187
"2025-01-28","United States","(not set)",602,107
"2025-01-28","Italy","(not set)",99,1
"2025-01-28","South Africa","(not set)",33,3
"2025-01-28","Mexico","(not set)",31,11
"2025-01-28","Peru","(not set)",26,3
"2025-01-28","Iran","(not set)",20,6
"2025-01-28","Venezuela","(not set)",20,3
"2025-01-28","France","(not set)",19,1
"2025-01-28","Morocco","(not set)",15,1
"2025-01-28","India","(not set)",13,3
"2025-01-28","Cuba","(not set)",10,4
"2025-01-28","Iraq","(not set)",10,1
"2025-01-28","Ecuador","(not set)",8,1
"2025-01-28","Finland","(not set)",3,1
"2025-01-28","Oman","(not set)",3,1
"2025-01-28","Puerto Rico","(not set)",3,2
"2025-01-28","Uruguay","(not set)",3,1
"2025-01-28","Indonesia","(not set)",2,1
"2025-01-28","Pakistan","(not set)",2,2
"2025-01-28","Bolivia","(not set)",1,1
"2025-01-28","Hungary","(not set)",1,1
"2025-01-28","Jamaica","(not set)",1,1
"2025-01-28","Mozambique","(not set)",1,1
"2025-01-28","Philippines","(not set)",1,1
"2025-01-28","Russia","(not set)",1,1
"2025-01-29","Brazil","(not set)",5113,1107
"2025-01-29","United States","(not set)",477,105
"2025-01-29","Italy","(not set)",217,1
"2025-01-29","Indonesia","(not set)",25,3
"2025-01-29","France","(not set)",16,2
"2025-01-29","Portugal","(not set)",12,2
"2025-01-29","Peru","(not set)",8,2
"2025-01-29","Japan","(not set)",7,1
"2025-01-29","Iran","(not set)",6,3
"2025-01-29","Mexico","(not set)",6,5
"2025-01-29","Pakistan","(not set)",4,2
"2025-01-29","Chile","(not set)",3,1
"2025-01-29","Cuba","(not set)",3,1
"2025-01-29","Argentina","(not set)",2,1
"2025-01-29","French Guiana","(not set)",2,1
"2025-01-29","Mozambique","(not set)",2,1
"2025-01-29","Australia","(not set)",1,1
"2025-01-29","Bangladesh","(not set)",1,1
"2025-01-29","Chad","(not set)",1,1
"2025-01-29","Egypt","(not set)",1,1
"2025-01-29","El Salvador","(not set)",1,1
"2025-01-29","Ghana","(not set)",1,1
"2025-01-29","Guatemala","(not set)",1,1
"2025-01-29","India","(not set)",1,1
"2025-01-29","Paraguay","(not set)",1,1
"2025-01-29","Philippines","(not set)",1,1
"2025-01-29","South Africa","(not set)",1,1
"2025-01-30","Brazil","(not set)",5736,1179
"2025-01-30","United States","(not set)",682,143
"2025-01-30","Italy","(not set)",169,1
"2025-01-30","Mexico","(not set)",62,11
"2025-01-30","India","(not set)",28,3
"2025-01-30","Iran","(not set)",18,6
"2025-01-30","Nigeria","(not set)",7,3
"2025-01-30","Palestine","(not set)",7,1
"2025-01-30","Puerto Rico","(not set)",7,1
"2025-01-30","Russia","(not set)",7,1
"2025-01-30","Argentina","(not set)",6,3
"2025-01-30","United Kingdom","(not set)",6,1
"2025-01-30","Bangladesh","(not set)",4,3
"2025-01-30","Indonesia","(not set)",4,2
"2025-01-30","Colombia","(not set)",3,1
"2025-01-30","Cuba","(not set)",3,2
"2025-01-30","Morocco","(not set)",2,1
"2025-01-30","Angola","(not set)",1,1
"2025-01-30","Australia","(not set)",1,1
"2025-01-30","Canada","(not set)",1,1
"2025-01-30","Guatemala","(not set)",1,1
"2025-01-30","Philippines","(not set)",1,1
"2025-01-31","Brazil","(not set)",5717,1098
"2025-01-31","United States","(not set)",505,107
"2025-01-31","Italy","(not set)",207,1
"2025-01-31","Mexico","(not set)",82,13
"2025-01-31","Iran","(not set)",19,4
"2025-01-31","India","(not set)",15,1
"2025-01-31","Argentina","(not set)",11,2
"2025-01-31","Honduras","(not set)",7,2
"2025-01-31","United Arab Emirates","(not set)",7,1
"2025-01-31","Canada","(not set)",6,1
"2025-01-31","Venezuela","(not set)",6,1
"2025-01-31","Colombia","(not set)",5,1
"2025-01-31","Egypt","(not set)",4,2
"2025-01-31","Cuba","(not set)",3,2
"2025-01-31","Mali","(not set)",3,1
"2025-01-31","Nigeria","(not set)",3,2
"2025-01-31","Bangladesh","(not set)",2,2
"2025-01-31","Chile","(not set)",2,1
"2025-01-31","Guatemala","(not set)",2,2
"2025-01-31","Haiti","(not set)",2,1
"2025-01-31","Philippines","(not set)",2,1
"2025-01-31","Portugal","(not set)",2,2
"2025-01-31","Saudi Arabia","(not set)",2,1
"2025-01-31","Zambia","(not set)",2,1
"2025-01-31","Belgium","(not set)",1,1
"2025-01-31","Cape Verde","(not set)",1,1
"2025-01-31","Ethiopia","(not set)",1,1
"2025-01-31","New Zealand","(not set)",1,1
"2025-01-31","Pakistan","(not set)",1,1
"2025-01-31","Papua New Guinea","(not set)",1,1
"2025-01-31","Puerto Rico","(not set)",1,1
"2025-01-31","Yemen","(not set)",1,1
"2025-02-01","Brazil","(not set)",5799,1168
"2025-02-01","United States","(not set)",580,124
"2025-02-01","Italy","(not set)",97,1
"2025-02-01","Nigeria","(not set)",27,2
"2025-02-01","Egypt","(not set)",23,4
"2025-02-01","Mexico","(not set)",22,9
"2025-02-01","Thailand","(not set)",15,1
"2025-02-01","India","(not set)",12,2
"2025-02-01","Cape Verde","(not set)",11,1
"2025-02-01","Cuba","(not set)",8,1
"2025-02-01","Ecuador","(not set)",8,2
"2025-02-01","South Africa","(not set)",8,2
"2025-02-01","Indonesia","(not set)",7,1
"2025-02-01","Guatemala","(not set)",6,1
"2025-02-01","Iran","(not set)",6,3
"2025-02-01","Türkiye","(not set)",6,1
"2025-02-01","Algeria","(not set)",5,1
"2025-02-01","Malaysia","(not set)",5,1
"2025-02-01","Ethiopia","(not set)",4,1
"2025-02-01","Yemen","(not set)",4,1
"2025-02-01","Uganda","(not set)",3,2
"2025-02-01","Netherlands","(not set)",2,1
"2025-02-01","Papua New Guinea","(not set)",2,1
"2025-02-01","Philippines","(not set)",2,2
"2025-02-01","Puerto Rico","(not set)",2,2
"2025-02-01","Bangladesh","(not set)",1,1
"2025-02-01","Honduras","(not set)",1,1
"2025-02-01","Hungary","(not set)",1,1
"2025-02-01","Mozambique","(not set)",1,1
"2025-02-01","Pakistan","(not set)",1,1
"2025-02-01","Paraguay","(not set)",1,1
"2025-02-02","Brazil","(not set)",6466,1287
"2025-02-02","United States","(not set)",712,135
"2025-02-02","Italy","(not set)",327,1
"2025-02-02","Thailand","(not set)",38,1
"2025-02-02","Mexico","(not set)",33,10
"2025-02-02","Egypt","(not set)",27,4
"2025-02-02","Iran","(not set)",24,7
"2025-02-02","Bahrain","(not set)",12,1
"2025-02-02","Yemen","(not set)",8,1
"2025-02-02","Cameroon","(not set)",7,1
"2025-02-02","Peru","(not set)",6,1
"2025-02-02","Argentina","(not set)",5,1
"2025-02-02","Cuba","(not set)",5,3
"2025-02-02","Côte d’Ivoire","(not set)",5,1
"2025-02-02","Kenya","(not set)",4,1
"2025-02-02","Mozambique","(not set)",4,1
"2025-02-02","Nigeria","(not set)",4,2
"2025-02-02","Tunisia","(not set)",4,1
"2025-02-02","Guatemala","(not set)",3,2
"2025-02-02","Philippines","(not set)",3,1
"2025-02-02","Costa Rica","(not set)",2,1
"2025-02-02","Haiti","(not set)",2,2
"2025-02-02","Indonesia","(not set)",2,1
"2025-02-02","Japan","(not set)",2,1
"2025-02-02","Oman","(not set)",2,1
"2025-02-02","Portugal","(not set)",2,1
"2025-02-02","Puerto Rico","(not set)",2,1
"2025-02-02","South Africa","(not set)",2,1
"2025-02-02","South Sudan","(not set)",2,1
"2025-02-02","Sudan","(not set)",2,2
"2025-02-02","Bangladesh","(not set)",1,1
"2025-02-02","Germany","(not set)",1,1
"2025-02-02","Netherlands","(not set)",1,1
"2025-02-02","Papua New Guinea","(not set)",1,1
"2025-02-02","United Arab Emirates","(not set)",1,1
"2025-02-03","Brazil","(not set)",4701,1043
"2025-02-03","United States","(not set)",377,102
"2025-02-03","Italy","(not set)",279,1
"2025-02-03","Iran","(not set)",39,8
"2025-02-03","Mexico","(not set)",27,7
"2025-02-03","India","(not set)",22,2
"2025-02-03","Mozambique","(not set)",12,1
"2025-02-03","Puerto Rico","(not set)",10,2
"2025-02-03","Bangladesh","(not set)",8,1
"2025-02-03","Colombia","(not set)",5,1
"2025-02-03","Japan","(not set)",5,2
"2025-02-03","Yemen","(not set)",5,1
"2025-02-03","Egypt","(not set)",3,2
"2025-02-03","Laos","(not set)",3,1
"2025-02-03","Philippines","(not set)",3,1
"2025-02-03","Bolivia","(not set)",2,1
"2025-02-03","Mali","(not set)",2,1
"2025-02-03","Angola","(not set)",1,1
"2025-02-03","Côte d’Ivoire","(not set)",1,1
"2025-02-03","Jamaica","(not set)",1,1
"2025-02-03","Myanmar (Burma)","(not set)",1,1
"2025-02-03","Netherlands","(not set)",1,1
"2025-02-03","Nigeria","(not set)",1,1
"2025-02-03","Papua New Guinea","(not set)",1,1
"2025-02-03","Peru","(not set)",1,1
"2025-02-03","Portugal","(not set)",1,1
"2025-02-03","Sudan","(not set)",1,1
"2025-02-03","United Kingdom","(not set)",1,1
"2025-02-04","Brazil","(not set)",4484,1070
"2025-02-04","United States","(not set)",420,96
"2025-02-04","Italy","(not set)",249,1
"2025-02-04","Mexico","(not set)",26,7
"2025-02-04","Egypt","(not set)",16,2
"2025-02-04","Indonesia","(not set)",16,2
"2025-02-04","Argentina","(not set)",11,3
"2025-02-04","Algeria","(not set)",10,3
"2025-02-04","United Kingdom","(not set)",10,2
"2025-02-04","India","(not set)",9,1
"2025-02-04","Iran","(not set)",9,3
"2025-02-04","Morocco","(not set)",8,1
"2025-02-04","Cuba","(not set)",4,3
"2025-02-04","Puerto Rico","(not set)",3,2
"2025-02-04","Russia","(not set)",3,1
"2025-02-04","Tunisia","(not set)",3,1
"2025-02-04","Chile","(not set)",2,1
"2025-02-04","Ethiopia","(not set)",2,1
"2025-02-04","Guatemala","(not set)",2,1
"2025-02-04","Nigeria","(not set)",2,1
"2025-02-04","Pakistan","(not set)",2,2
"2025-02-04","Afghanistan","(not set)",1,1
"2025-02-04","Canada","(not set)",1,1
"2025-02-04","China","(not set)",1,1
"2025-02-04","Kenya","(not set)",1,1
"2025-02-04","Portugal","(not set)",1,1
"2025-02-04","South Africa","(not set)",1,1
"2025-02-05","Brazil","(not set)",6106,1509
"2025-02-05","United States","(not set)",571,101
"2025-02-05","Italy","(not set)",510,2
"2025-02-05","Mexico","(not set)",54,14
"2025-02-05","Iran","(not set)",16,5
"2025-02-05","Puerto Rico","(not set)",11,1
"2025-02-05","Cuba","(not set)",7,2
"2025-02-05","Peru","(not set)",7,1
"2025-02-05","Yemen","(not set)",7,1
"2025-02-05","Paraguay","(not set)",4,1
"2025-02-05","Philippines","(not set)",4,1
"2025-02-05","Canada","(not set)",3,2
"2025-02-05","Egypt","(not set)",3,2
"2025-02-05","Bangladesh","(not set)",2,1
"2025-02-05","United Kingdom","(not set)",2,1
"2025-02-05","India","(not set)",1,1
"2025-02-05","Netherlands","(not set)",1,1
"2025-02-05","Nigeria","(not set)",1,1
"2025-02-05","Saudi Arabia","(not set)",1,1
"2025-02-06","Brazil","(not set)",4976,1119
"2025-02-06","United States","(not set)",576,113
"2025-02-06","Italy","(not set)",68,1
"2025-02-06","Iran","(not set)",54,6
"2025-02-06","Mexico","(not set)",50,9
"2025-02-06","India","(not set)",24,2
"2025-02-06","Nigeria","(not set)",15,2
"2025-02-06","Puerto Rico","(not set)",14,2
"2025-02-06","Guatemala","(not set)",9,1
"2025-02-06","Bangladesh","(not set)",8,2
"2025-02-06","Mali","(not set)",8,1
"2025-02-06","Netherlands","(not set)",8,1
"2025-02-06","Argentina","(not set)",7,1
"2025-02-06","Indonesia","(not set)",7,1
"2025-02-06","Jordan","(not set)",7,1
"2025-02-06","Jamaica","(not set)",4,1
"2025-02-06","Algeria","(not set)",3,1
"2025-02-06","Portugal","(not set)",3,2
"2025-02-06","Pakistan","(not set)",2,1
"2025-02-06","Paraguay","(not set)",2,1
"2025-02-06","Cuba","(not set)",1,1
"2025-02-06","Egypt","(not set)",1,1
"2025-02-06","Germany","(not set)",1,1
"2025-02-06","Nepal","(not set)",1,1
"2025-02-06","Panama","(not set)",1,1
"2025-02-06","Russia","(not set)",1,1
"2025-02-06","Türkiye","(not set)",1,1
"2025-02-06","United Kingdom","(not set)",1,1
"2025-02-07","Brazil","(not set)",4697,1018
"2025-02-07","United States","(not set)",561,125
"2025-02-07","Italy","(not set)",47,1
"2025-02-07","Mexico","(not set)",33,9
"2025-02-07","Iran","(not set)",23,8
"2025-02-07","India","(not set)",16,5
"2025-02-07","Canada","(not set)",14,1
"2025-02-07","South Korea","(not set)",13,2
"2025-02-07","Cuba","(not set)",8,2
"2025-02-07","New Zealand","(not set)",8,2
"2025-02-07","Puerto Rico","(not set)",8,1
"2025-02-07","United Kingdom","(not set)",8,2
"2025-02-07","Morocco","(not set)",7,1
"2025-02-07","Yemen","(not set)",5,1
"2025-02-07","Nigeria","(not set)",4,2
"2025-02-07","South Africa","(not set)",3,1
"2025-02-07","Egypt","(not set)",2,1
"2025-02-07","Nepal","(not set)",2,1
"2025-02-07","Tanzania","(not set)",2,1
"2025-02-07","Ghana","(not set)",1,1
"2025-02-07","Guatemala","(not set)",1,1
"2025-02-07","Mali","(not set)",1,1
"2025-02-07","Pakistan","(not set)",1,1
"2025-02-07","Philippines","(not set)",1,1
"2025-02-07","Singapore","(not set)",1,1
"2025-02-08","Brazil","(not set)",4952,980
"2025-02-08","United States","(not set)",678,131
"2025-02-08","Italy","(not set)",255,1
"2025-02-08","Mexico","(not set)",56,10
"2025-02-08","India","(not set)",23,5
"2025-02-08","Iran","(not set)",10,3
"2025-02-08","Niger","(not set)",8,1
"2025-02-08","Portugal","(not set)",8,2
"2025-02-08","Puerto Rico","(not set)",8,3
"2025-02-08","United Kingdom","(not set)",8,2
"2025-02-08","Indonesia","(not set)",6,3
"2025-02-08","Peru","(not set)",6,2
"2025-02-08","Egypt","(not set)",4,2
"2025-02-08","Honduras","(not set)",3,2
"2025-02-08","Colombia","(not set)",2,1
"2025-02-08","Philippines","(not set)",2,1
"2025-02-08","Afghanistan","(not set)",1,1
"2025-02-08","Laos","(not set)",1,1
"2025-02-08","Malaysia","(not set)",1,1
"2025-02-08","Mozambique","(not set)",1,1
"2025-02-08","Pakistan","(not set)",1,1
"2025-02-08","United Arab Emirates","(not set)",1,1
"2025-02-08","Zambia","(not set)",1,1
"2025-02-09","Brazil","(not set)",5228,1107
"2025-02-09","United States","(not set)",659,121
"2025-02-09","Italy","(not set)",157,1
"2025-02-09","India","(not set)",41,4
"2025-02-09","Mexico","(not set)",34,11
"2025-02-09","Nigeria","(not set)",16,5
"2025-02-09","Cambodia","(not set)",13,1
"2025-02-09","Morocco","(not set)",13,2
"2025-02-09","Portugal","(not set)",13,2
"2025-02-09","Iran","(not set)",10,6
"2025-02-09","Cuba","(not set)",9,3
"2025-02-09","Puerto Rico","(not set)",9,2
"2025-02-09","Colombia","(not set)",8,2
"2025-02-09","Germany","(not set)",7,2
"2025-02-09","Argentina","(not set)",4,2
"2025-02-09","United Kingdom","(not set)",3,2
"2025-02-09","Guatemala","(not set)",2,1
"2025-02-09","Jamaica","(not set)",2,1
"2025-02-09","Mozambique","(not set)",2,2
"2025-02-09","Canada","(not set)",1,1
"2025-02-09","Honduras","(not set)",1,1
"2025-02-09","Indonesia","(not set)",1,1
"2025-02-09","Japan","(not set)",1,1
"2025-02-09","Jordan","(not set)",1,1
"2025-02-09","Malaysia","(not set)",1,1
"2025-02-09","Pakistan","(not set)",1,1
"2025-02-09","Tanzania","(not set)",1,1
"2025-02-09","Zimbabwe","(not set)",1,1
"2025-02-10","Brazil","(not set)",3913,919
"2025-02-10","United States","(not set)",443,93
"2025-02-10","Italy","(not set)",206,1
"2025-02-10","Iran","(not set)",39,5
"2025-02-10","Mexico","(not set)",37,10
"2025-02-10","Pakistan","(not set)",13,4
"2025-02-10","India","(not set)",9,3
"2025-02-10","Philippines","(not set)",8,4
"2025-02-10","South Africa","(not set)",7,1
"2025-02-10","Guatemala","(not set)",6,2
"2025-02-10","Argentina","(not set)",4,2
"2025-02-10","Yemen","(not set)",4,2
"2025-02-10","Afghanistan","(not set)",2,1
"2025-02-10","Chile","(not set)",2,2
"2025-02-10","Egypt","(not set)",2,1
"2025-02-10","Ethiopia","(not set)",2,1
"2025-02-10","Honduras","(not set)",2,1
"2025-02-10","Papua New Guinea","(not set)",2,1
"2025-02-10","Portugal","(not set)",2,1
"2025-02-10","Saudi Arabia","(not set)",2,1
"2025-02-10","Bolivia","(not set)",1,1
"2025-02-10","Chad","(not set)",1,1
"2025-02-10","Hungary","(not set)",1,1
"2025-02-10","Jamaica","(not set)",1,1
"2025-02-10","Mali","(not set)",1,1
"2025-02-10","Nigeria","(not set)",1,1
"2025-02-10","Singapore","(not set)",1,1
"2025-02-10","Sudan","(not set)",1,1
"2025-02-11","Brazil","(not set)",4024,865
"2025-02-11","United States","(not set)",452,103
"2025-02-11","Italy","(not set)",169,1
"2025-02-11","Mexico","(not set)",50,7
"2025-02-11","Iran","(not set)",21,5
"2025-02-11","Nigeria","(not set)",13,5
"2025-02-11","Colombia","(not set)",9,2
"2025-02-11","India","(not set)",8,2
"2025-02-11","Poland","(not set)",8,1
"2025-02-11","South Korea","(not set)",7,1
"2025-02-11","Indonesia","(not set)",6,3
"2025-02-11","Egypt","(not set)",5,1
"2025-02-11","Ireland","(not set)",5,1
"2025-02-11","Burkina Faso","(not set)",4,1
"2025-02-11","Bangladesh","(not set)",3,2
"2025-02-11","Laos","(not set)",3,1
"2025-02-11","Netherlands","(not set)",3,1
"2025-02-11","Argentina","(not set)",2,1
"2025-02-11","Jamaica","(not set)",2,1
"2025-02-11","Algeria","(not set)",1,1
"2025-02-11","Belize","(not set)",1,1
"2025-02-11","Bolivia","(not set)",1,1
"2025-02-11","Cuba","(not set)",1,1
"2025-02-11","Japan","(not set)",1,1
"2025-02-11","Malaysia","(not set)",1,1
"2025-02-11","New Zealand","(not set)",1,1
"2025-02-11","Pakistan","(not set)",1,1
"2025-02-11","Paraguay","(not set)",1,1
"2025-02-11","Puerto Rico","(not set)",1,1
"2025-02-11","Tanzania","(not set)",1,1
"2025-02-12","Brazil","(not set)",5087,1092
"2025-02-12","United States","(not set)",498,116
"2025-02-12","Italy","(not set)",166,1
"2025-02-12","Iran","(not set)",44,4
"2025-02-12","Mexico","(not set)",30,11
"2025-02-12","Pakistan","(not set)",27,2
"2025-02-12","Egypt","(not set)",23,1
"2025-02-12","Ukraine","(not set)",12,1
"2025-02-12","India","(not set)",9,2
"2025-02-12","Tunisia","(not set)",8,1
"2025-02-12","Spain","(not set)",7,2
"2025-02-12","Venezuela","(not set)",6,1
"2025-02-12","Nigeria","(not set)",5,3
"2025-02-12","Argentina","(not set)",2,2
"2025-02-12","Belgium","(not set)",2,1
"2025-02-12","Cuba","(not set)",2,2
"2025-02-12","Ireland","(not set)",2,1
"2025-02-12","Kenya","(not set)",2,1
"2025-02-12","Philippines","(not set)",2,1
"2025-02-12","Puerto Rico","(not set)",2,1
"2025-02-12","Bangladesh","(not set)",1,1
"2025-02-12","Ecuador","(not set)",1,1
"2025-02-12","Honduras","(not set)",1,1
"2025-02-12","Paraguay","(not set)",1,1
"2025-02-12","Zambia","(not set)",1,1
"2025-02-13","Brazil","(not set)",5409,1097
"2025-02-13","United States","(not set)",642,114
"2025-02-13","Italy","(not set)",216,2
"2025-02-13","Mexico","(not set)",54,9
"2025-02-13","Indonesia","(not set)",26,2
"2025-02-13","Pakistan","(not set)",26,4
"2025-02-13","Colombia","(not set)",11,2
"2025-02-13","India","(not set)",11,2
"2025-02-13","Iran","(not set)",11,5
"2025-02-13","United Kingdom","(not set)",8,2
"2025-02-13","Puerto Rico","(not set)",7,1
"2025-02-13","South Korea","(not set)",7,1
"2025-02-13","Switzerland","(not set)",7,1
"2025-02-13","Japan","(not set)",6,1
"2025-02-13","Cuba","(not set)",4,2
"2025-02-13","Nigeria","(not set)",4,2
"2025-02-13","Ghana","(not set)",3,2
"2025-02-13","Honduras","(not set)",3,1
"2025-02-13","Panama","(not set)",3,1
"2025-02-13","Venezuela","(not set)",3,1
"2025-02-13","Argentina","(not set)",2,1
"2025-02-13","Mozambique","(not set)",2,2
"2025-02-13","Papua New Guinea","(not set)",2,1
"2025-02-13","Angola","(not set)",1,1
"2025-02-13","Egypt","(not set)",1,1
"2025-02-13","Malaysia","(not set)",1,1
"2025-02-13","Peru","(not set)",1,1
"2025-02-13","Syria","(not set)",1,1
"2025-02-13","Uganda","(not set)",1,1
"2025-02-14","Brazil","(not set)",4935,969
"2025-02-14","United States","(not set)",578,117
"2025-02-14","Italy","(not set)",140,1
"2025-02-14","Saudi Arabia","(not set)",55,4
"2025-02-14","Mexico","(not set)",36,8
"2025-02-14","Pakistan","(not set)",28,4
"2025-02-14","India","(not set)",18,5
"2025-02-14","Iran","(not set)",15,4
"2025-02-14","Jordan","(not set)",11,2
"2025-02-14","Nigeria","(not set)",10,4
"2025-02-14","Indonesia","(not set)",9,3
"2025-02-14","Venezuela","(not set)",9,1
"2025-02-14","United Arab Emirates","(not set)",7,1
"2025-02-14","South Korea","(not set)",6,1
"2025-02-14","Tunisia","(not set)",6,1
"2025-02-14","Honduras","(not set)",4,2
"2025-02-14","Bangladesh","(not set)",3,1
"2025-02-14","Japan","(not set)",3,1
"2025-02-14","Panama","(not set)",2,1
"2025-02-14","Papua New Guinea","(not set)",2,2
"2025-02-14","Togo","(not set)",2,1
"2025-02-14","United Kingdom","(not set)",2,1
"2025-02-14","Canada","(not set)",1,1
"2025-02-14","Macao","(not set)",1,1
"2025-02-14","Morocco","(not set)",1,1
"2025-02-14","Puerto Rico","(not set)",1,1
"2025-02-14","Sierra Leone","(not set)",1,1
"2025-02-14","Sudan","(not set)",1,1
"2025-02-15","Brazil","(not set)",5134,1052
"2025-02-15","United States","(not set)",579,122
"2025-02-15","Italy","(not set)",146,2
"2025-02-15","Mexico","(not set)",73,10
"2025-02-15","Iran","(not set)",23,5
"2025-02-15","Pakistan","(not set)",23,5
"2025-02-15","Nigeria","(not set)",15,4
"2025-02-15","Papua New Guinea","(not set)",13,2
"2025-02-15","Egypt","(not set)",11,2
"2025-02-15","Colombia","(not set)",9,3
"2025-02-15","Bolivia","(not set)",7,1
"2025-02-15","Mozambique","(not set)",6,1
"2025-02-15","Puerto Rico","(not set)",6,2
"2025-02-15","Philippines","(not set)",5,5
"2025-02-15","Cuba","(not set)",2,1
"2025-02-15","Jamaica","(not set)",2,1
"2025-02-15","Madagascar","(not set)",2,1
"2025-02-15","New Zealand","(not set)",2,1
"2025-02-15","Peru","(not set)",2,1
"2025-02-15","Spain","(not set)",2,1
"2025-02-15","Argentina","(not set)",1,1
"2025-02-15","Canada","(not set)",1,1
"2025-02-15","Germany","(not set)",1,1
"2025-02-15","Honduras","(not set)",1,1
"2025-02-15","Morocco","(not set)",1,1
"2025-02-15","Portugal","(not set)",1,1
"2025-02-15","Qatar","(not set)",1,1
"2025-02-15","United Kingdom","(not set)",1,1
"2025-02-16","Brazil","(not set)",6102,1185
"2025-02-16","United States","(not set)",732,139
"2025-02-16","Italy","(not set)",96,1
"2025-02-16","Bangladesh","(not set)",14,1
"2025-02-16","India","(not set)",13,4
"2025-02-16","Puerto Rico","(not set)",11,1
"2025-02-16","Argentina","(not set)",8,2
"2025-02-16","Canada","(not set)",8,2
"2025-02-16","Iran","(not set)",8,4
"2025-02-16","United Kingdom","(not set)",8,3
"2025-02-16","Japan","(not set)",6,2
"2025-02-16","Indonesia","(not set)",5,1
"2025-02-16","Jordan","(not set)",5,1
"2025-02-16","Peru","(not set)",5,1
"2025-02-16","Portugal","(not set)",5,1
"2025-02-16","Colombia","(not set)",4,2
"2025-02-16","Kenya","(not set)",4,2
"2025-02-16","Mexico","(not set)",4,3
"2025-02-16","Cuba","(not set)",3,2
"2025-02-16","Chile","(not set)",2,1
"2025-02-16","Philippines","(not set)",2,1
"2025-02-16","Angola","(not set)",1,1
"2025-02-16","Germany","(not set)",1,1
"2025-02-16","Qatar","(not set)",1,1
"2025-02-16","South Africa","(not set)",1,1
"2025-02-16","Thailand","(not set)",1,1
"2025-02-16","Venezuela","(not set)",1,1
"2025-02-17","Brazil","(not set)",5139,1148
"2025-02-17","United States","(not set)",566,131
"2025-02-17","Mexico","(not set)",87,15
"2025-02-17","Italy","(not set)",82,1
"2025-02-17","Nigeria","(not set)",22,4
"2025-02-17","Indonesia","(not set)",21,3
"2025-02-17","India","(not set)",20,5
"2025-02-17","Pakistan","(not set)",17,2
"2025-02-17","Yemen","(not set)",17,2
"2025-02-17","Iran","(not set)",12,7
"2025-02-17","Colombia","(not set)",11,2
"2025-02-17","Jordan","(not set)",9,1
"2025-02-17","Cameroon","(not set)",7,1
"2025-02-17","Philippines","(not set)",7,3
"2025-02-17","Portugal","(not set)",5,1
"2025-02-17","Germany","(not set)",4,1
"2025-02-17","Puerto Rico","(not set)",4,1
"2025-02-17","Canada","(not set)",3,1
"2025-02-17","Turkmenistan","(not set)",3,2
"2025-02-17","New Zealand","(not set)",2,1
"2025-02-17","Panama","(not set)",2,1
"2025-02-17","Afghanistan","(not set)",1,1
"2025-02-17","Angola","(not set)",1,1
"2025-02-17","Bangladesh","(not set)",1,1
"2025-02-17","Burkina Faso","(not set)",1,1
"2025-02-17","Cuba","(not set)",1,1
"2025-02-17","Honduras","(not set)",1,1
"2025-02-17","Saudi Arabia","(not set)",1,1
"2025-02-17","South Africa","(not set)",1,1
"2025-02-18","Brazil","(not set)",4715,1082
"2025-02-18","United States","(not set)",652,131
"2025-02-18","India","(not set)",59,4
"2025-02-18","Italy","(not set)",52,1
"2025-02-18","Mexico","(not set)",47,7
"2025-02-18","Pakistan","(not set)",34,1
"2025-02-18","Indonesia","(not set)",22,3
"2025-02-18","Türkiye","(not set)",15,2
"2025-02-18","Nigeria","(not set)",14,3
"2025-02-18","Egypt","(not set)",13,2
"2025-02-18","Jordan","(not set)",9,1
"2025-02-18","Israel","(not set)",7,1
"2025-02-18","South Africa","(not set)",6,1
"2025-02-18","United Arab Emirates","(not set)",6,1
"2025-02-18","Philippines","(not set)",3,2
"2025-02-18","United Kingdom","(not set)",3,2
"2025-02-18","Colombia","(not set)",2,1
"2025-02-18","Morocco","(not set)",2,1
"2025-02-18","Yemen","(not set)",2,1
"2025-02-18","Algeria","(not set)",1,1
"2025-02-18","New Zealand","(not set)",1,1
"2025-02-18","Puerto Rico","(not set)",1,1
"2025-02-18","Saudi Arabia","(not set)",1,1
"2025-02-18","Spain","(not set)",1,1
"2025-02-18","Tanzania","(not set)",1,1
"2025-02-18","Venezuela","(not set)",1,1
"2025-02-19","Brazil","(not set)",4520,1022
"2025-02-19","United States","(not set)",492,114
"2025-02-19","Italy","(not set)",86,1
"2025-02-19","Mexico","(not set)",24,9
"2025-02-19","Russia","(not set)",22,1
"2025-02-19","United Kingdom","(not set)",22,5
"2025-02-19","Iran","(not set)",15,3
"2025-02-19","India","(not set)",11,1
"2025-02-19","Venezuela","(not set)",10,3
"2025-02-19","Nigeria","(not set)",9,2
"2025-02-19","Indonesia","(not set)",7,4
"2025-02-19","Thailand","(not set)",7,1
"2025-02-19","Colombia","(not set)",6,1
"2025-02-19","Palestine","(not set)",6,1
"2025-02-19","South Korea","(not set)",6,1
"2025-02-19","Germany","(not set)",4,1
"2025-02-19","Egypt","(not set)",2,1
"2025-02-19","Honduras","(not set)",2,1
"2025-02-19","Pakistan","(not set)",2,1
"2025-02-19","Portugal","(not set)",2,1
"2025-02-19","Bangladesh","(not set)",1,1
"2025-02-19","Burkina Faso","(not set)",1,1
"2025-02-19","Cuba","(not set)",1,1
"2025-02-19","Ghana","(not set)",1,1
"2025-02-19","Mozambique","(not set)",1,1
"2025-02-19","Puerto Rico","(not set)",1,1
"2025-02-20","Brazil","(not set)",4712,1027
"2025-02-20","United States","(not set)",620,133
"2025-02-20","Italy","(not set)",104,1
"2025-02-20","Mexico","(not set)",59,9
"2025-02-20","Pakistan","(not set)",32,3
"2025-02-20","Netherlands","(not set)",20,1
"2025-02-20","Indonesia","(not set)",16,2
"2025-02-20","Spain","(not set)",12,1
"2025-02-20","Laos","(not set)",10,1
"2025-02-20","Argentina","(not set)",8,2
"2025-02-20","Peru","(not set)",8,2
"2025-02-20","United Kingdom","(not set)",7,2
"2025-02-20","South Korea","(not set)",6,1
"2025-02-20","Cuba","(not set)",4,2
"2025-02-20","Iran","(not set)",4,4
"2025-02-20","Thailand","(not set)",4,1
"2025-02-20","Algeria","(not set)",3,1
"2025-02-20","Colombia","(not set)",3,2
"2025-02-20","Kenya","(not set)",3,1
"2025-02-20","South Africa","(not set)",3,1
"2025-02-20","Zimbabwe","(not set)",3,2
"2025-02-20","Canada","(not set)",2,1
"2025-02-20","Japan","(not set)",2,1
"2025-02-20","Nigeria","(not set)",2,1
"2025-02-20","Egypt","(not set)",1,1
"2025-02-20","India","(not set)",1,1
"2025-02-20","Jamaica","(not set)",1,1
"2025-02-20","Philippines","(not set)",1,1
"2025-02-21","Brazil","(not set)",4749,998
"2025-02-21","United States","(not set)",533,98
"2025-02-21","Italy","(not set)",93,1
"2025-02-21","Mexico","(not set)",67,10
"2025-02-21","Thailand","(not set)",48,1
"2025-02-21","Iran","(not set)",27,5
"2025-02-21","Poland","(not set)",25,1
"2025-02-21","Japan","(not set)",17,1
"2025-02-21","Pakistan","(not set)",16,2
"2025-02-21","Nigeria","(not set)",14,1
"2025-02-21","Morocco","(not set)",10,1
"2025-02-21","Bangladesh","(not set)",7,2
"2025-02-21","Cuba","(not set)",6,3
"2025-02-21","Egypt","(not set)",6,1
"2025-02-21","Israel","(not set)",6,1
"2025-02-21","South Africa","(not set)",6,1
"2025-02-21","South Korea","(not set)",6,1
"2025-02-21","Guatemala","(not set)",3,1
"2025-02-21","Philippines","(not set)",3,2
"2025-02-21","Puerto Rico","(not set)",3,2
"2025-02-21","Indonesia","(not set)",2,1
"2025-02-21","Jordan","(not set)",2,2
"2025-02-21","New Zealand","(not set)",2,1
"2025-02-21","United Kingdom","(not set)",2,1
"2025-02-21","Zambia","(not set)",2,1
"2025-02-21","Algeria","(not set)",1,1
"2025-02-21","Belgium","(not set)",1,1
"2025-02-21","Canada","(not set)",1,1
"2025-02-21","Colombia","(not set)",1,1
"2025-02-21","Guinea-Bissau","(not set)",1,1
"2025-02-21","India","(not set)",1,1
"2025-02-21","Peru","(not set)",1,1
"2025-02-21","Venezuela","(not set)",1,1
"2025-02-22","Brazil","(not set)",4780,1087
"2025-02-22","United States","(not set)",688,134
"2025-02-22","Italy","(not set)",64,1
"2025-02-22","Indonesia","(not set)",55,4
"2025-02-22","Pakistan","(not set)",36,3
"2025-02-22","Mexico","(not set)",35,9
"2025-02-22","Nigeria","(not set)",22,6
"2025-02-22","India","(not set)",12,1
"2025-02-22","Colombia","(not set)",11,1
"2025-02-22","Egypt","(not set)",11,2
"2025-02-22","Canada","(not set)",10,3
"2025-02-22","Saudi Arabia","(not set)",8,1
"2025-02-22","United Kingdom","(not set)",7,2
"2025-02-22","Iran","(not set)",6,6
"2025-02-22","South Korea","(not set)",6,1
"2025-02-22","Mozambique","(not set)",5,1
"2025-02-22","Bangladesh","(not set)",3,2
"2025-02-22","Zambia","(not set)",3,2
"2025-02-22","Cuba","(not set)",2,1
"2025-02-22","Ghana","(not set)",2,1
"2025-02-22","Kenya","(not set)",2,1
"2025-02-22","Angola","(not set)",1,1
"2025-02-22","Argentina","(not set)",1,1
"2025-02-22","Germany","(not set)",1,1
"2025-02-22","Portugal","(not set)",1,1
"2025-02-22","Puerto Rico","(not set)",1,1
"2025-02-23","Brazil","(not set)",5418,1187
"2025-02-23","United States","(not set)",876,162
"2025-02-23","Mexico","(not set)",63,10
"2025-02-23","Iran","(not set)",36,8
"2025-02-23","Canada","(not set)",28,4
"2025-02-23","Italy","(not set)",22,1
"2025-02-23","Algeria","(not set)",15,2
"2025-02-23","Argentina","(not set)",15,1
"2025-02-23","Bangladesh","(not set)",13,4
"2025-02-23","Pakistan","(not set)",12,1
"2025-02-23","Nigeria","(not set)",11,3
"2025-02-23","Indonesia","(not set)",10,2
"2025-02-23","Jordan","(not set)",9,1
"2025-02-23","Egypt","(not set)",8,3
"2025-02-23","Cuba","(not set)",7,3
"2025-02-23","Morocco","(not set)",6,1
"2025-02-23","Puerto Rico","(not set)",6,2
"2025-02-23","Ethiopia","(not set)",5,1
"2025-02-23","Philippines","(not set)",5,3
"2025-02-23","Colombia","(not set)",4,2
"2025-02-23","United Kingdom","(not set)",4,1
"2025-02-23","Ghana","(not set)",3,1
"2025-02-23","Japan","(not set)",3,2
"2025-02-23","Saudi Arabia","(not set)",3,1
"2025-02-23","Panama","(not set)",2,1
"2025-02-23","Russia","(not set)",1,1
"2025-02-23","Singapore","(not set)",1,1
"2025-02-24","Brazil","(not set)",4635,955
"2025-02-24","United States","(not set)",595,122
"2025-02-24","Mexico","(not set)",39,7
"2025-02-24","United Arab Emirates","(not set)",18,2
"2025-02-24","Türkiye","(not set)",14,1
"2025-02-24","New Zealand","(not set)",9,1
"2025-02-24","Egypt","(not set)",7,2
"2025-02-24","Morocco","(not set)",7,2
"2025-02-24","Peru","(not set)",7,1
"2025-02-24","South Korea","(not set)",7,1
"2025-02-24","Colombia","(not set)",6,1
"2025-02-24","Bangladesh","(not set)",4,2
"2025-02-24","China","(not set)",4,1
"2025-02-24","Iran","(not set)",4,3
"2025-02-24","Pakistan","(not set)",4,1
"2025-02-24","Ethiopia","(not set)",3,1
"2025-02-24","Puerto Rico","(not set)",3,2
"2025-02-24","Bolivia","(not set)",2,1
"2025-02-24","India","(not set)",2,2
"2025-02-24","Philippines","(not set)",2,1
"2025-02-24","Afghanistan","(not set)",1,1
"2025-02-24","Indonesia","(not set)",1,1
"2025-02-24","Nigeria","(not set)",1,1
"2025-02-24","Yemen","(not set)",1,1
"2025-02-25","Brazil","(not set)",5001,1071
"2025-02-25","United States","(not set)",695,127
"2025-02-25","Cuba","(not set)",39,4
"2025-02-25","India","(not set)",32,6
"2025-02-25","Iran","(not set)",18,5
"2025-02-25","Mexico","(not set)",17,2
"2025-02-25","Jordan","(not set)",9,1
"2025-02-25","Pakistan","(not set)",8,2
"2025-02-25","Spain","(not set)",8,3
"2025-02-25","Syria","(not set)",8,1
"2025-02-25","Indonesia","(not set)",7,2
"2025-02-25","Puerto Rico","(not set)",7,1
"2025-02-25","South Korea","(not set)",6,1
"2025-02-25","Thailand","(not set)",6,1
"2025-02-25","Nigeria","(not set)",4,2
"2025-02-25","Panama","(not set)",4,1
"2025-02-25","Australia","(not set)",3,1
"2025-02-25","Chile","(not set)",3,2
"2025-02-25","Colombia","(not set)",3,1
"2025-02-25","Algeria","(not set)",2,1
"2025-02-25","Bangladesh","(not set)",2,2
"2025-02-25","Nepal","(not set)",2,1
"2025-02-25","Philippines","(not set)",2,1
"2025-02-25","Canada","(not set)",1,1
"2025-02-25","Egypt","(not set)",1,1
"2025-02-25","Tanzania","(not set)",1,1
"2025-02-25","United Kingdom","(not set)",1,1
"2025-02-26","Brazil","(not set)",5576,1047
"2025-02-26","United States","(not set)",604,126
"2025-02-26","Mexico","(not set)",44,9
"2025-02-26","South Korea","(not set)",21,2
"2025-02-26","Cuba","(not set)",19,2
"2025-02-26","Egypt","(not set)",18,4
"2025-02-26","Morocco","(not set)",15,2
"2025-02-26","Poland","(not set)",15,1
"2025-02-26","India","(not set)",8,1
"2025-02-26","Iran","(not set)",8,2
"2025-02-26","Philippines","(not set)",8,3
"2025-02-26","Kuwait","(not set)",7,1
"2025-02-26","Afghanistan","(not set)",4,1
"2025-02-26","Argentina","(not set)",4,1
"2025-02-26","Puerto Rico","(not set)",4,2
"2025-02-26","United Kingdom","(not set)",3,2
"2025-02-26","Yemen","(not set)",3,1
"2025-02-26","Colombia","(not set)",2,2
"2025-02-26","Indonesia","(not set)",2,2
"2025-02-26","Nigeria","(not set)",2,2
"2025-02-26","Pakistan","(not set)",2,2
"2025-02-26","Syria","(not set)",2,1
"2025-02-26","United Arab Emirates","(not set)",2,1
"2025-02-26","Congo - Brazzaville","(not set)",1,1
"2025-02-26","Germany","(not set)",1,1
"2025-02-26","Kenya","(not set)",1,1
"2025-02-26","Netherlands","(not set)",1,1
"2025-02-26","Singapore","(not set)",1,1
"2025-02-26","South Africa","(not set)",1,1
"2025-02-27","Brazil","(not set)",4267,903
"2025-02-27","United States","(not set)",583,117
"2025-02-27","Mexico","(not set)",33,9
"2025-02-27","Iran","(not set)",15,6
"2025-02-27","Cuba","(not set)",13,4
"2025-02-27","Pakistan","(not set)",12,3
"2025-02-27","Indonesia","(not set)",9,2
"2025-02-27","Philippines","(not set)",9,3
"2025-02-27","Egypt","(not set)",7,1
"2025-02-27","Bangladesh","(not set)",6,1
"2025-02-27","India","(not set)",6,4
"2025-02-27","Peru","(not set)",6,1
"2025-02-27","Nigeria","(not set)",5,4
"2025-02-27","United Kingdom","(not set)",3,1
"2025-02-27","Algeria","(not set)",2,2
"2025-02-27","Canada","(not set)",2,1
"2025-02-27","Colombia","(not set)",2,1
"2025-02-27","Fiji","(not set)",2,1
"2025-02-27","Jordan","(not set)",2,1
"2025-02-27","Panama","(not set)",2,1
"2025-02-27","Portugal","(not set)",2,1
"2025-02-27","Angola","(not set)",1,1
"2025-02-27","Ethiopia","(not set)",1,1
"2025-02-27","Macao","(not set)",1,1
"2025-02-27","Syria","(not set)",1,1
"2025-02-27","Türkiye","(not set)",1,1
"2025-02-27","Zambia","(not set)",1,1
"2025-02-28","Brazil","(not set)",4654,951
"2025-02-28","United States","(not set)",654,118
"2025-02-28","South Korea","(not set)",23,2
"2025-02-28","Mexico","(not set)",18,8
"2025-02-28","Iran","(not set)",17,5
"2025-02-28","Togo","(not set)",17,1
"2025-02-28","Netherlands","(not set)",11,1
"2025-02-28","Indonesia","(not set)",8,2
"2025-02-28","China","(not set)",7,1
"2025-02-28","India","(not set)",6,1
"2025-02-28","Peru","(not set)",6,1
"2025-02-28","Portugal","(not set)",6,1
"2025-02-28","Syria","(not set)",6,1
"2025-02-28","Cuba","(not set)",4,3
"2025-02-28","Nigeria","(not set)",4,3
"2025-02-28","Pakistan","(not set)",4,3
"2025-02-28","Egypt","(not set)",3,1
"2025-02-28","Malaysia","(not set)",3,1
"2025-02-28","Algeria","(not set)",2,2
"2025-02-28","Guatemala","(not set)",2,1
"2025-02-28","Philippines","(not set)",2,1
"2025-02-28","Bangladesh","(not set)",1,1
"2025-02-28","Guinea-Bissau","(not set)",1,1
"2025-02-28","Madagascar","(not set)",1,1
"2025-03-01","Brazil","(not set)",5124,1124
"2025-03-01","United States","(not set)",764,137
"2025-03-01","Mexico","(not set)",58,9
"2025-03-01","Morocco","(not set)",32,1
"2025-03-01","India","(not set)",24,2
"2025-03-01","Bangladesh","(not set)",13,3
"2025-03-01","South Korea","(not set)",12,2
"2025-03-01","French Guiana","(not set)",11,1
"2025-03-01","Puerto Rico","(not set)",11,1
"2025-03-01","United Arab Emirates","(not set)",11,1
"2025-03-01","Egypt","(not set)",10,3
"2025-03-01","Mozambique","(not set)",10,1
"2025-03-01","Japan","(not set)",9,2
"2025-03-01","Germany","(not set)",7,1
"2025-03-01","Saudi Arabia","(not set)",6,1
"2025-03-01","Cuba","(not set)",5,4
"2025-03-01","Malaysia","(not set)",5,1
"2025-03-01","Pakistan","(not set)",4,1
"2025-03-01","Togo","(not set)",4,1
"2025-03-01","Iran","(not set)",3,3
"2025-03-01","Kenya","(not set)",3,1
"2025-03-01","Nigeria","(not set)",3,2
"2025-03-01","Peru","(not set)",2,1
"2025-03-01","Angola","(not set)",1,1
"2025-03-01","Cambodia","(not set)",1,1
"2025-03-01","Colombia","(not set)",1,1
"2025-03-01","El Salvador","(not set)",1,1
"2025-03-01","Honduras","(not set)",1,1
"2025-03-01","Indonesia","(not set)",1,1
"2025-03-01","Laos","(not set)",1,1
"2025-03-01","Philippines","(not set)",1,1
"2025-03-02","Brazil","(not set)",5347,1154
"2025-03-02","United States","(not set)",673,142
"2025-03-02","Iran","(not set)",24,4
"2025-03-02","Mexico","(not set)",23,9
"2025-03-02","French Guiana","(not set)",20,1
"2025-03-02","New Zealand","(not set)",8,1
"2025-03-02","Philippines","(not set)",6,1
"2025-03-02","Argentina","(not set)",5,1
"2025-03-02","Puerto Rico","(not set)",5,1
"2025-03-02","Pakistan","(not set)",4,3
"2025-03-02","Mozambique","(not set)",2,1
"2025-03-02","Afghanistan","(not set)",1,1
"2025-03-02","Bangladesh","(not set)",1,1
"2025-03-02","Ghana","(not set)",1,1
"2025-03-02","Iraq","(not set)",1,1
"2025-03-02","Kenya","(not set)",1,1
"2025-03-02","Nigeria","(not set)",1,1
"2025-03-03","Brazil","(not set)",5063,1099
"2025-03-03","United States","(not set)",796,140
"2025-03-03","India","(not set)",31,5
"2025-03-03","Mexico","(not set)",18,5
"2025-03-03","Vietnam","(not set)",14,1
"2025-03-03","China","(not set)",13,2
"2025-03-03","Colombia","(not set)",11,3
"2025-03-03","Iran","(not set)",11,4
"2025-03-03","Argentina","(not set)",8,2
"2025-03-03","Egypt","(not set)",7,1
"2025-03-03","South Korea","(not set)",7,1
"2025-03-03","Ghana","(not set)",6,1
"2025-03-03","Puerto Rico","(not set)",6,1
"2025-03-03","Nigeria","(not set)",4,2
"2025-03-03","Venezuela","(not set)",4,1
"2025-03-03","El Salvador","(not set)",3,1
"2025-03-03","Qatar","(not set)",3,2
"2025-03-03","Yemen","(not set)",3,1
"2025-03-03","Philippines","(not set)",2,1
"2025-03-03","Bangladesh","(not set)",1,1
"2025-03-03","Ethiopia","(not set)",1,1
"2025-03-03","Haiti","(not set)",1,1
"2025-03-03","Laos","(not set)",1,1
"2025-03-03","Liberia","(not set)",1,1
"2025-03-03","Malaysia","(not set)",1,1
"2025-03-03","Papua New Guinea","(not set)",1,1
"2025-03-03","Portugal","(not set)",1,1
"2025-03-04","Brazil","(not set)",5980,1165
"2025-03-04","United States","(not set)",626,125
"2025-03-04","Mexico","(not set)",49,8
"2025-03-04","Iran","(not set)",31,6
"2025-03-04","Argentina","(not set)",20,2
"2025-03-04","Ethiopia","(not set)",13,1
"2025-03-04","India","(not set)",13,3
"2025-03-04","United Arab Emirates","(not set)",11,1
"2025-03-04","Pakistan","(not set)",9,3
"2025-03-04","Jordan","(not set)",7,1
"2025-03-04","Egypt","(not set)",6,2
"2025-03-04","Morocco","(not set)",6,1
"2025-03-04","Venezuela","(not set)",6,2
"2025-03-04","Algeria","(not set)",5,1
"2025-03-04","Bolivia","(not set)",5,1
"2025-03-04","Canada","(not set)",4,2
"2025-03-04","Guatemala","(not set)",3,1
"2025-03-04","Mali","(not set)",3,1
"2025-03-04","Puerto Rico","(not set)",3,1
"2025-03-04","Chile","(not set)",2,1
"2025-03-04","Colombia","(not set)",2,1
"2025-03-04","United Kingdom","(not set)",2,1
"2025-03-04","Bangladesh","(not set)",1,1
"2025-03-04","Cuba","(not set)",1,1
"2025-03-04","Germany","(not set)",1,1
"2025-03-04","Kenya","(not set)",1,1
"2025-03-04","Malawi","(not set)",1,1
"2025-03-04","South Africa","(not set)",1,1
"2025-03-04","Thailand","(not set)",1,1
"2025-03-04","Zambia","(not set)",1,1
"2025-03-05","Brazil","(not set)",5524,1107
"2025-03-05","United States","(not set)",485,118
"2025-03-05","Mexico","(not set)",59,13
"2025-03-05","Indonesia","(not set)",16,3
"2025-03-05","Puerto Rico","(not set)",14,2
"2025-03-05","Colombia","(not set)",9,2
"2025-03-05","Algeria","(not set)",8,2
"2025-03-05","Canada","(not set)",8,2
"2025-03-05","India","(not set)",7,2
"2025-03-05","Pakistan","(not set)",7,5
"2025-03-05","Australia","(not set)",6,1
"2025-03-05","Bolivia","(not set)",6,1
"2025-03-05","Iran","(not set)",6,3
"2025-03-05","Nigeria","(not set)",4,2
"2025-03-05","Cuba","(not set)",3,3
"2025-03-05","Thailand","(not set)",3,1
"2025-03-05","Argentina","(not set)",2,2
"2025-03-05","Kenya","(not set)",2,2
"2025-03-05","Tanzania","(not set)",2,1
"2025-03-05","United Kingdom","(not set)",2,1
"2025-03-05","Angola","(not set)",1,1
"2025-03-05","Burkina Faso","(not set)",1,1
"2025-03-05","Guatemala","(not set)",1,1
"2025-03-05","Jordan","(not set)",1,1
"2025-03-05","Papua New Guinea","(not set)",1,1
"2025-03-05","Philippines","(not set)",1,1
"2025-03-05","Sudan","(not set)",1,1
"2025-03-05","Taiwan","(not set)",1,1
"2025-03-05","Yemen","(not set)",1,1
"2025-03-06","Brazil","(not set)",5292,1009
"2025-03-06","United States","(not set)",595,108
"2025-03-06","Mexico","(not set)",30,9
"2025-03-06","India","(not set)",23,3
"2025-03-06","Indonesia","(not set)",19,5
"2025-03-06","Iran","(not set)",18,5
"2025-03-06","South Korea","(not set)",18,3
"2025-03-06","Egypt","(not set)",15,1
"2025-03-06","Bolivia","(not set)",8,1
"2025-03-06","Netherlands","(not set)",8,1
"2025-03-06","Jordan","(not set)",7,1
"2025-03-06","Nigeria","(not set)",7,3
"2025-03-06","Cuba","(not set)",6,4
"2025-03-06","Ethiopia","(not set)",6,3
"2025-03-06","Peru","(not set)",6,3
"2025-03-06","Puerto Rico","(not set)",6,1
"2025-03-06","United Kingdom","(not set)",6,1
"2025-03-06","Bangladesh","(not set)",4,2
"2025-03-06","Kenya","(not set)",3,1
"2025-03-06","Portugal","(not set)",3,1
"2025-03-06","Angola","(not set)",2,1
"2025-03-06","Guatemala","(not set)",2,1
"2025-03-06","Honduras","(not set)",1,1
"2025-03-06","Philippines","(not set)",1,1
"2025-03-07","Brazil","(not set)",4782,971
"2025-03-07","United States","(not set)",581,119
"2025-03-07","Algeria","(not set)",25,3
"2025-03-07","Mexico","(not set)",24,8
"2025-03-07","Nigeria","(not set)",18,4
"2025-03-07","Iran","(not set)",12,6
"2025-03-07","India","(not set)",10,1
"2025-03-07","Venezuela","(not set)",10,1
"2025-03-07","Ethiopia","(not set)",8,4
"2025-03-07","Saudi Arabia","(not set)",8,3
"2025-03-07","Egypt","(not set)",7,1
"2025-03-07","South Korea","(not set)",6,1
"2025-03-07","Pakistan","(not set)",5,4
"2025-03-07","Colombia","(not set)",4,2
"2025-03-07","Guatemala","(not set)",3,1
"2025-03-07","Argentina","(not set)",2,1
"2025-03-07","United Kingdom","(not set)",2,1
"2025-03-07","Angola","(not set)",1,1
"2025-03-07","Bangladesh","(not set)",1,1
"2025-03-07","Canada","(not set)",1,1
"2025-03-07","Cuba","(not set)",1,1
"2025-03-07","Sri Lanka","(not set)",1,1
"2025-03-07","Syria","(not set)",1,1
"2025-03-08","Brazil","(not set)",3916,914
"2025-03-08","United States","(not set)",594,124
"2025-03-08","Mexico","(not set)",95,15
"2025-03-08","India","(not set)",34,5
"2025-03-08","Argentina","(not set)",21,5
"2025-03-08","Iran","(not set)",11,6
"2025-03-08","Algeria","(not set)",8,1
"2025-03-08","Mozambique","(not set)",7,2
"2025-03-08","Yemen","(not set)",7,1
"2025-03-08","Canada","(not set)",6,1
"2025-03-08","Puerto Rico","(not set)",6,1
"2025-03-08","Tunisia","(not set)",6,1
"2025-03-08","Bolivia","(not set)",5,1
"2025-03-08","Philippines","(not set)",5,1
"2025-03-08","Vietnam","(not set)",5,1
"2025-03-08","Cuba","(not set)",4,3
"2025-03-08","Timor-Leste","(not set)",3,1
"2025-03-08","Angola","(not set)",2,2
"2025-03-08","Fiji","(not set)",2,1
"2025-03-08","Honduras","(not set)",2,1
"2025-03-08","Nigeria","(not set)",2,2
"2025-03-08","Pakistan","(not set)",2,2
"2025-03-08","Saudi Arabia","(not set)",2,1
"2025-03-08","Ethiopia","(not set)",1,1
"2025-03-08","Germany","(not set)",1,1
"2025-03-08","Ghana","(not set)",1,1
"2025-03-08","Malaysia","(not set)",1,1
"2025-03-08","Singapore","(not set)",1,1
"2025-03-08","United Arab Emirates","(not set)",1,1
"2025-03-08","Zambia","(not set)",1,1
"2025-03-09","Brazil","(not set)",5594,1055
"2025-03-09","United States","(not set)",674,116
"2025-03-09","Mexico","(not set)",72,7
"2025-03-09","Vietnam","(not set)",64,1
"2025-03-09","Colombia","(not set)",27,3
"2025-03-09","India","(not set)",27,4
"2025-03-09","Puerto Rico","(not set)",13,3
"2025-03-09","Morocco","(not set)",12,2
"2025-03-09","Saudi Arabia","(not set)",10,2
"2025-03-09","Bangladesh","(not set)",8,3
"2025-03-09","United Arab Emirates","(not set)",8,2
"2025-03-09","Egypt","(not set)",7,1
"2025-03-09","Nigeria","(not set)",7,3
"2025-03-09","Peru","(not set)",7,3
"2025-03-09","Tunisia","(not set)",6,1
"2025-03-09","Türkiye","(not set)",6,1
"2025-03-09","Canada","(not set)",5,1
"2025-03-09","Indonesia","(not set)",5,3
"2025-03-09","Australia","(not set)",3,1
"2025-03-09","Iran","(not set)",3,3
"2025-03-09","Bermuda","(not set)",2,1
"2025-03-09","Kenya","(not set)",2,1
"2025-03-09","Mozambique","(not set)",2,1
"2025-03-09","Portugal","(not set)",2,2
"2025-03-09","Uganda","(not set)",2,1
"2025-03-09","Cameroon","(not set)",1,1
"2025-03-09","Cuba","(not set)",1,1
"2025-03-09","Ethiopia","(not set)",1,1
"2025-03-09","Jamaica","(not set)",1,1
"2025-03-09","Japan","(not set)",1,1
"2025-03-09","Qatar","(not set)",1,1
"2025-03-10","Brazil","(not set)",4815,960
"2025-03-10","United States","(not set)",528,109
"2025-03-10","Mexico","(not set)",51,7
"2025-03-10","Iran","(not set)",26,5
"2025-03-10","Vietnam","(not set)",19,1
"2025-03-10","Nigeria","(not set)",16,3
"2025-03-10","India","(not set)",14,2
"2025-03-10","Canada","(not set)",12,2
"2025-03-10","Egypt","(not set)",12,2
"2025-03-10","Afghanistan","(not set)",7,1
"2025-03-10","Indonesia","(not set)",7,3
"2025-03-10","Portugal","(not set)",7,1
"2025-03-10","Saudi Arabia","(not set)",4,1
"2025-03-10","Malaysia","(not set)",2,1
"2025-03-10","Philippines","(not set)",2,1
"2025-03-10","Spain","(not set)",2,1
"2025-03-10","Argentina","(not set)",1,1
"2025-03-10","Puerto Rico","(not set)",1,1
"2025-03-10","St. Kitts & Nevis","(not set)",1,1
"2025-03-10","Sudan","(not set)",1,1
"2025-03-10","United Kingdom","(not set)",1,1
"2025-03-10","Yemen","(not set)",1,1
"2025-03-11","Brazil","(not set)",4754,1015
"2025-03-11","United States","(not set)",361,100
"2025-03-11","Mexico","(not set)",32,9
"2025-03-11","Iran","(not set)",21,8
"2025-03-11","Nigeria","(not set)",18,7
"2025-03-11","India","(not set)",17,2
"2025-03-11","Pakistan","(not set)",14,2
"2025-03-11","Canada","(not set)",10,1
"2025-03-11","Peru","(not set)",10,1
"2025-03-11","Jamaica","(not set)",9,1
"2025-03-11","Indonesia","(not set)",7,2
"2025-03-11","Argentina","(not set)",5,2
"2025-03-11","Japan","(not set)",5,1
"2025-03-11","Netherlands","(not set)",4,1
"2025-03-11","Bangladesh","(not set)",2,1
"2025-03-11","Bolivia","(not set)",2,1
"2025-03-11","Guinea-Bissau","(not set)",2,1
"2025-03-11","Laos","(not set)",2,1
"2025-03-11","Philippines","(not set)",2,1
"2025-03-11","Afghanistan","(not set)",1,1
"2025-03-11","Algeria","(not set)",1,1
"2025-03-11","Chile","(not set)",1,1
"2025-03-11","Cuba","(not set)",1,1
"2025-03-11","Portugal","(not set)",1,1
"2025-03-12","Brazil","(not set)",4801,1015
"2025-03-12","United States","(not set)",503,106
"2025-03-12","Iran","(not set)",17,8
"2025-03-12","Mexico","(not set)",17,3
"2025-03-12","Peru","(not set)",16,4
"2025-03-12","Morocco","(not set)",13,1
"2025-03-12","United Kingdom","(not set)",12,2
"2025-03-12","Honduras","(not set)",10,2
"2025-03-12","Algeria","(not set)",9,1
"2025-03-12","Zambia","(not set)",9,1
"2025-03-12","Egypt","(not set)",8,1
"2025-03-12","Canada","(not set)",7,1
"2025-03-12","India","(not set)",7,2
"2025-03-12","Jordan","(not set)",7,1
"2025-03-12","Nigeria","(not set)",7,2
"2025-03-12","Puerto Rico","(not set)",7,1
"2025-03-12","Portugal","(not set)",6,1
"2025-03-12","Pakistan","(not set)",4,3
"2025-03-12","Germany","(not set)",2,2
"2025-03-12","Indonesia","(not set)",2,2
"2025-03-12","Netherlands","(not set)",2,1
"2025-03-12","Philippines","(not set)",2,2
"2025-03-12","Bangladesh","(not set)",1,1
"2025-03-12","El Salvador","(not set)",1,1
"2025-03-12","Ghana","(not set)",1,1
"2025-03-12","Kenya","(not set)",1,1
"2025-03-12","Lebanon","(not set)",1,1
"2025-03-12","Madagascar","(not set)",1,1
"2025-03-12","Saudi Arabia","(not set)",1,1
"2025-03-12","Zimbabwe","(not set)",1,1
"2025-03-13","Brazil","(not set)",5585,1074
"2025-03-13","United States","(not set)",737,139
"2025-03-13","Mexico","(not set)",40,8
"2025-03-13","Iran","(not set)",17,6
"2025-03-13","Egypt","(not set)",16,1
"2025-03-13","South Korea","(not set)",16,2
"2025-03-13","Algeria","(not set)",13,2
"2025-03-13","Bangladesh","(not set)",10,3
"2025-03-13","Colombia","(not set)",9,1
"2025-03-13","Morocco","(not set)",8,1
"2025-03-13","Nigeria","(not set)",8,4
"2025-03-13","Syria","(not set)",8,2
"2025-03-13","Malaysia","(not set)",6,2
"2025-03-13","Qatar","(not set)",6,1
"2025-03-13","Guatemala","(not set)",5,1
"2025-03-13","Yemen","(not set)",5,2
"2025-03-13","Pakistan","(not set)",3,2
"2025-03-13","Philippines","(not set)",2,2
"2025-03-13","Uganda","(not set)",2,1
"2025-03-13","United Kingdom","(not set)",2,1
"2025-03-13","Venezuela","(not set)",2,1
"2025-03-13","Bolivia","(not set)",1,1
"2025-03-13","Indonesia","(not set)",1,1
"2025-03-13","Panama","(not set)",1,1
"2025-03-13","Poland","(not set)",1,1
"2025-03-13","Saudi Arabia","(not set)",1,1
"2025-03-14","Brazil","(not set)",5333,1027
"2025-03-14","United States","(not set)",575,103
"2025-03-14","Mexico","(not set)",46,12
"2025-03-14","India","(not set)",42,5
"2025-03-14","Peru","(not set)",17,3
"2025-03-14","South Africa","(not set)",12,1
"2025-03-14","Algeria","(not set)",11,2
"2025-03-14","United Kingdom","(not set)",10,3
"2025-03-14","Nigeria","(not set)",9,4
"2025-03-14","Saudi Arabia","(not set)",8,1
"2025-03-14","Argentina","(not set)",6,1
"2025-03-14","Pakistan","(not set)",6,3
"2025-03-14","Poland","(not set)",6,1
"2025-03-14","Portugal","(not set)",6,3
"2025-03-14","Ethiopia","(not set)",5,1
"2025-03-14","Indonesia","(not set)",5,2
"2025-03-14","Colombia","(not set)",4,1
"2025-03-14","Norway","(not set)",3,1
"2025-03-14","Syria","(not set)",3,2
"2025-03-14","Bolivia","(not set)",2,1
"2025-03-14","Cuba","(not set)",2,2
"2025-03-14","Iran","(not set)",2,2
"2025-03-14","Mozambique","(not set)",2,1
"2025-03-14","Antigua & Barbuda","(not set)",1,1
"2025-03-14","Belgium","(not set)",1,1
"2025-03-15","Brazil","(not set)",5893,1110
"2025-03-15","United States","(not set)",566,105
"2025-03-15","Iran","(not set)",35,4
"2025-03-15","Mexico","(not set)",31,7
"2025-03-15","Egypt","(not set)",19,4
"2025-03-15","Argentina","(not set)",14,2
"2025-03-15","Colombia","(not set)",14,1
"2025-03-15","Nigeria","(not set)",14,4
"2025-03-15","Puerto Rico","(not set)",12,3
"2025-03-15","Morocco","(not set)",9,2
"2025-03-15","Australia","(not set)",8,1
"2025-03-15","Bahrain","(not set)",8,1
"2025-03-15","Germany","(not set)",8,2
"2025-03-15","Hungary","(not set)",8,1
"2025-03-15","Philippines","(not set)",8,2
"2025-03-15","India","(not set)",7,1
"2025-03-15","Uruguay","(not set)",7,1
"2025-03-15","Kuwait","(not set)",6,1
"2025-03-15","South Korea","(not set)",6,1
"2025-03-15","Pakistan","(not set)",5,2
"2025-03-15","Syria","(not set)",5,1
"2025-03-15","Cuba","(not set)",4,2
"2025-03-15","Peru","(not set)",2,1
"2025-03-15","Portugal","(not set)",2,1
"2025-03-15","Spain","(not set)",2,1
"2025-03-15","Angola","(not set)",1,1
"2025-03-15","Austria","(not set)",1,1
"2025-03-15","Macao","(not set)",1,1
"2025-03-15","Mozambique","(not set)",1,1
"2025-03-15","Norway","(not set)",1,1
"2025-03-15","United Arab Emirates","(not set)",1,1
"2025-03-16","Brazil","(not set)",6399,1247
"2025-03-16","United States","(not set)",642,134
"2025-03-16","Iran","(not set)",65,6
"2025-03-16","Mexico","(not set)",61,8
"2025-03-16","Bolivia","(not set)",26,1
"2025-03-16","India","(not set)",7,3
"2025-03-16","Peru","(not set)",7,1
"2025-03-16","Saudi Arabia","(not set)",7,1
"2025-03-16","Syria","(not set)",7,1
"2025-03-16","Panama","(not set)",6,1
"2025-03-16","Nigeria","(not set)",5,2
"2025-03-16","South Africa","(not set)",5,2
"2025-03-16","Laos","(not set)",4,1
"2025-03-16","Colombia","(not set)",3,1
"2025-03-16","Egypt","(not set)",3,1
"2025-03-16","Mozambique","(not set)",3,1
"2025-03-16","Philippines","(not set)",3,1
"2025-03-16","Yemen","(not set)",3,2
"2025-03-16","Ethiopia","(not set)",2,2
"2025-03-16","Paraguay","(not set)",2,1
"2025-03-16","Thailand","(not set)",2,1
"2025-03-16","Angola","(not set)",1,1
"2025-03-16","Bangladesh","(not set)",1,1
"2025-03-16","Canada","(not set)",1,1
"2025-03-16","Chile","(not set)",1,1
"2025-03-16","Honduras","(not set)",1,1
"2025-03-16","Japan","(not set)",1,1
"2025-03-16","Oman","(not set)",1,1
"2025-03-16","Pakistan","(not set)",1,1
"2025-03-17","Brazil","(not set)",6000,1093
"2025-03-17","United States","(not set)",628,121
"2025-03-17","Mexico","(not set)",73,11
"2025-03-17","Egypt","(not set)",29,4
"2025-03-17","India","(not set)",18,5
"2025-03-17","Nigeria","(not set)",16,2
"2025-03-17","Canada","(not set)",14,2
"2025-03-17","Iran","(not set)",13,6
"2025-03-17","Jordan","(not set)",12,2
"2025-03-17","Israel","(not set)",7,1
"2025-03-17","Portugal","(not set)",7,2
"2025-03-17","South Korea","(not set)",7,1
"2025-03-17","Vietnam","(not set)",7,1
"2025-03-17","Bolivia","(not set)",6,1
"2025-03-17","Indonesia","(not set)",6,1
"2025-03-17","Iraq","(not set)",6,1
"2025-03-17","Laos","(not set)",6,1
"2025-03-17","Peru","(not set)",6,1
"2025-03-17","Syria","(not set)",6,1
"2025-03-17","Cuba","(not set)",5,3
"2025-03-17","Luxembourg","(not set)",5,1
"2025-03-17","South Africa","(not set)",4,2
"2025-03-17","Argentina","(not set)",3,2
"2025-03-17","Germany","(not set)",3,2
"2025-03-17","Guinea-Bissau","(not set)",3,1
"2025-03-17","Puerto Rico","(not set)",3,1
"2025-03-17","United Arab Emirates","(not set)",3,2
"2025-03-17","Colombia","(not set)",2,1
"2025-03-17","Ethiopia","(not set)",2,1
"2025-03-17","Honduras","(not set)",2,1
"2025-03-17","Afghanistan","(not set)",1,1
"2025-03-17","Mozambique","(not set)",1,1
"2025-03-17","Philippines","(not set)",1,1
"2025-03-17","Thailand","(not set)",1,1
"2025-03-18","Brazil","(not set)",5298,1034
"2025-03-18","United States","(not set)",457,108
"2025-03-18","Mexico","(not set)",52,10
"2025-03-18","Iran","(not set)",17,5
"2025-03-18","Peru","(not set)",15,2
"2025-03-18","Indonesia","(not set)",12,2
"2025-03-18","India","(not set)",11,1
"2025-03-18","Spain","(not set)",11,1
"2025-03-18","Bangladesh","(not set)",9,1
"2025-03-18","Canada","(not set)",8,1
"2025-03-18","United Kingdom","(not set)",8,2
"2025-03-18","Tunisia","(not set)",7,1
"2025-03-18","Uruguay","(not set)",7,1
"2025-03-18","Algeria","(not set)",6,1
"2025-03-18","Germany","(not set)",6,1
"2025-03-18","Morocco","(not set)",6,1
"2025-03-18","Puerto Rico","(not set)",6,1
"2025-03-18","New Zealand","(not set)",4,1
"2025-03-18","Philippines","(not set)",4,1
"2025-03-18","Iraq","(not set)",3,1
"2025-03-18","Nigeria","(not set)",3,2
"2025-03-18","Chile","(not set)",2,1
"2025-03-18","Ghana","(not set)",2,1
"2025-03-18","Greece","(not set)",2,1
"2025-03-18","Pakistan","(not set)",2,2
"2025-03-18","Angola","(not set)",1,1
"2025-03-18","Côte d’Ivoire","(not set)",1,1
"2025-03-18","Egypt","(not set)",1,1
"2025-03-18","Ethiopia","(not set)",1,1
"2025-03-18","France","(not set)",1,1
"2025-03-18","Saudi Arabia","(not set)",1,1
"2025-03-18","Sudan","(not set)",1,1
"2025-03-19","Brazil","(not set)",5777,1104
"2025-03-19","United States","(not set)",536,120
"2025-03-19","Mexico","(not set)",30,10
"2025-03-19","Netherlands","(not set)",23,2
"2025-03-19","Ecuador","(not set)",20,1
"2025-03-19","Egypt","(not set)",20,2
"2025-03-19","South Korea","(not set)",20,3
"2025-03-19","Sierra Leone","(not set)",12,1
"2025-03-19","Malaysia","(not set)",11,2
"2025-03-19","United Kingdom","(not set)",11,2
"2025-03-19","Chile","(not set)",10,1
"2025-03-19","Angola","(not set)",8,2
"2025-03-19","Iran","(not set)",8,3
"2025-03-19","Peru","(not set)",7,1
"2025-03-19","Venezuela","(not set)",7,1
"2025-03-19","Algeria","(not set)",6,1
"2025-03-19","Bolivia","(not set)",6,1
"2025-03-19","Cuba","(not set)",6,2
"2025-03-19","South Africa","(not set)",6,1
"2025-03-19","Russia","(not set)",4,1
"2025-03-19","Bangladesh","(not set)",3,1
"2025-03-19","India","(not set)",3,2
"2025-03-19","Indonesia","(not set)",3,1
"2025-03-19","Philippines","(not set)",3,3
"2025-03-19","Tunisia","(not set)",3,1
"2025-03-19","Fiji","(not set)",2,1
"2025-03-19","Pakistan","(not set)",2,2
"2025-03-19","Syria","(not set)",2,1
"2025-03-19","Ethiopia","(not set)",1,1
"2025-03-19","Guatemala","(not set)",1,1
"2025-03-19","Haiti","(not set)",1,1
"2025-03-19","Jamaica","(not set)",1,1
"2025-03-19","Nigeria","(not set)",1,1
"2025-03-20","Brazil","(not set)",4827,998
"2025-03-20","United States","(not set)",603,118
"2025-03-20","Tunisia","(not set)",41,3
"2025-03-20","Bolivia","(not set)",29,1
"2025-03-20","Iran","(not set)",29,4
"2025-03-20","Mexico","(not set)",27,8
"2025-03-20","India","(not set)",20,3
"2025-03-20","Yemen","(not set)",14,1
"2025-03-20","Netherlands","(not set)",13,1
"2025-03-20","Canada","(not set)",8,2
"2025-03-20","French Guiana","(not set)",7,1
"2025-03-20","Colombia","(not set)",6,1
"2025-03-20","Iraq","(not set)",6,1
"2025-03-20","South Korea","(not set)",6,1
"2025-03-20","United Arab Emirates","(not set)",6,1
"2025-03-20","Pakistan","(not set)",5,3
"2025-03-20","Indonesia","(not set)",3,2
"2025-03-20","Puerto Rico","(not set)",2,2
"2025-03-20","Syria","(not set)",2,1
"2025-03-20","Algeria","(not set)",1,1
"2025-03-20","Egypt","(not set)",1,1
"2025-03-20","Guatemala","(not set)",1,1
"2025-03-20","Haiti","(not set)",1,1
"2025-03-20","Kenya","(not set)",1,1
"2025-03-20","Nicaragua","(not set)",1,1
"2025-03-20","Nigeria","(not set)",1,1
"2025-03-20","Spain","(not set)",1,1
"2025-03-20","United Kingdom","(not set)",1,1
"2025-03-21","Brazil","(not set)",4856,980
"2025-03-21","United States","(not set)",661,127
"2025-03-21","India","(not set)",147,5
"2025-03-21","Bolivia","(not set)",12,1
"2025-03-21","Mexico","(not set)",9,6
"2025-03-21","Myanmar (Burma)","(not set)",9,1
"2025-03-21","Bangladesh","(not set)",8,2
"2025-03-21","Ethiopia","(not set)",8,2
"2025-03-21","French Guiana","(not set)",8,1
"2025-03-21","Egypt","(not set)",7,2
"2025-03-21","Canada","(not set)",6,1
"2025-03-21","Portugal","(not set)",6,1
"2025-03-21","Algeria","(not set)",5,2
"2025-03-21","Cuba","(not set)",3,2
"2025-03-21","Iran","(not set)",3,3
"2025-03-21","Mozambique","(not set)",3,1
"2025-03-21","Paraguay","(not set)",3,1
"2025-03-21","Indonesia","(not set)",2,1
"2025-03-21","Nigeria","(not set)",2,2
"2025-03-21","Pakistan","(not set)",2,2
"2025-03-21","Syria","(not set)",2,1
"2025-03-21","Philippines","(not set)",1,1
"2025-03-21","Puerto Rico","(not set)",1,1
"2025-03-21","United Kingdom","(not set)",1,1
"2025-03-22","Brazil","(not set)",5735,1135
"2025-03-22","United States","(not set)",678,112
"2025-03-22","South Africa","(not set)",32,1
"2025-03-22","India","(not set)",29,5
"2025-03-22","Mexico","(not set)",21,3
"2025-03-22","Peru","(not set)",21,2
"2025-03-22","Egypt","(not set)",20,2
"2025-03-22","Iran","(not set)",15,6
"2025-03-22","Portugal","(not set)",14,2
"2025-03-22","Algeria","(not set)",13,3
"2025-03-22","Cuba","(not set)",10,2
"2025-03-22","Nigeria","(not set)",10,5
"2025-03-22","Argentina","(not set)",6,2
"2025-03-22","Bolivia","(not set)",6,1
"2025-03-22","Canada","(not set)",6,1
"2025-03-22","Indonesia","(not set)",6,1
"2025-03-22","Thailand","(not set)",6,1
"2025-03-22","Guatemala","(not set)",5,1
"2025-03-22","Dominican Republic","(not set)",3,1
"2025-03-22","Mali","(not set)",3,1
"2025-03-22","Bangladesh","(not set)",2,1
"2025-03-22","Pakistan","(not set)",2,2
"2025-03-22","Angola","(not set)",1,1
"2025-03-22","Chile","(not set)",1,1
"2025-03-22","Ecuador","(not set)",1,1
"2025-03-22","El Salvador","(not set)",1,1
"2025-03-22","France","(not set)",1,1
"2025-03-22","Ireland","(not set)",1,1
"2025-03-22","Mozambique","(not set)",1,1
"2025-03-22","Philippines","(not set)",1,1
"2025-03-22","Puerto Rico","(not set)",1,1
"2025-03-22","Spain","(not set)",1,1
"2025-03-22","Tonga","(not set)",1,1
"2025-03-22","Uganda","(not set)",1,1
"2025-03-23","Brazil","(not set)",6838,1304
"2025-03-23","United States","(not set)",659,131
"2025-03-23","Mexico","(not set)",44,10
"2025-03-23","China","(not set)",32,4
"2025-03-23","Iran","(not set)",30,10
"2025-03-23","Portugal","(not set)",30,3
"2025-03-23","South Korea","(not set)",30,5
"2025-03-23","Madagascar","(not set)",21,1
"2025-03-23","Algeria","(not set)",16,2
"2025-03-23","Peru","(not set)",16,2
"2025-03-23","Puerto Rico","(not set)",14,2
"2025-03-23","Netherlands","(not set)",13,1
"2025-03-23","India","(not set)",7,3
"2025-03-23","Cuba","(not set)",6,2
"2025-03-23","Germany","(not set)",6,1
"2025-03-23","Pakistan","(not set)",5,3
"2025-03-23","Nigeria","(not set)",4,2
"2025-03-23","Egypt","(not set)",3,1
"2025-03-23","Philippines","(not set)",3,1
"2025-03-23","Cameroon","(not set)",2,1
"2025-03-23","Ethiopia","(not set)",2,1
"2025-03-23","France","(not set)",2,1
"2025-03-23","South Africa","(not set)",2,1
"2025-03-23","United Kingdom","(not set)",2,1
"2025-03-23","Angola","(not set)",1,1
"2025-03-23","Argentina","(not set)",1,1
"2025-03-23","Canada","(not set)",1,1
"2025-03-23","French Guiana","(not set)",1,1
"2025-03-23","Paraguay","(not set)",1,1
"2025-03-23","Spain","(not set)",1,1
"2025-03-24","Brazil","(not set)",5523,1074
"2025-03-24","United States","(not set)",558,122
"2025-03-24","Mexico","(not set)",47,8
"2025-03-24","Belgium","(not set)",34,1
"2025-03-24","Egypt","(not set)",25,2
"2025-03-24","Saudi Arabia","(not set)",15,1
"2025-03-24","Türkiye","(not set)",14,1
"2025-03-24","South Africa","(not set)",12,1
"2025-03-24","Argentina","(not set)",8,2
"2025-03-24","India","(not set)",8,2
"2025-03-24","Nigeria","(not set)",8,5
"2025-03-24","Bangladesh","(not set)",7,2
"2025-03-24","Morocco","(not set)",5,1
"2025-03-24","Iran","(not set)",3,1
"2025-03-24","Afghanistan","(not set)",2,1
"2025-03-24","Madagascar","(not set)",2,1
"2025-03-24","Malaysia","(not set)",2,1
"2025-03-24","Nicaragua","(not set)",2,1
"2025-03-24","Oman","(not set)",2,1
"2025-03-24","Puerto Rico","(not set)",2,2
"2025-03-24","Angola","(not set)",1,1
"2025-03-24","Colombia","(not set)",1,1
"2025-03-24","Cuba","(not set)",1,1
"2025-03-24","Dominican Republic","(not set)",1,1
"2025-03-24","France","(not set)",1,1
"2025-03-24","Germany","(not set)",1,1
"2025-03-24","Paraguay","(not set)",1,1
"2025-03-24","Philippines","(not set)",1,1
"2025-03-24","Romania","(not set)",1,1
"2025-03-25","Brazil","(not set)",4757,1005
"2025-03-25","United States","(not set)",621,108
"2025-03-25","Egypt","(not set)",31,5
"2025-03-25","Mexico","(not set)",28,10
"2025-03-25","Peru","(not set)",28,1
"2025-03-25","Bangladesh","(not set)",15,2
"2025-03-25","Iran","(not set)",12,5
"2025-03-25","Mozambique","(not set)",6,1
"2025-03-25","South Korea","(not set)",6,1
"2025-03-25","Venezuela","(not set)",6,1
"2025-03-25","Indonesia","(not set)",5,1
"2025-03-25","Nigeria","(not set)",5,3
"2025-03-25","Cuba","(not set)",4,2
"2025-03-25","Laos","(not set)",4,1
"2025-03-25","India","(not set)",3,2
"2025-03-25","Philippines","(not set)",3,2
"2025-03-25","Ghana","(not set)",2,1
"2025-03-25","Italy","(not set)",2,1
"2025-03-25","Japan","(not set)",2,1
"2025-03-25","Pakistan","(not set)",2,2
"2025-03-25","Papua New Guinea","(not set)",2,1
"2025-03-25","Portugal","(not set)",2,1
"2025-03-25","Türkiye","(not set)",2,1
"2025-03-25","Uganda","(not set)",2,1
"2025-03-25","Colombia","(not set)",1,1
"2025-03-25","Costa Rica","(not set)",1,1
"2025-03-25","Ethiopia","(not set)",1,1
"2025-03-25","Mali","(not set)",1,1
"2025-03-25","Saudi Arabia","(not set)",1,1
"2025-03-26","Brazil","(not set)",4823,999
"2025-03-26","United States","(not set)",619,133
"2025-03-26","South Korea","(not set)",432,27
"2025-03-26","Bangladesh","(not set)",21,3
"2025-03-26","Mexico","(not set)",21,10
"2025-03-26","Egypt","(not set)",20,3
"2025-03-26","India","(not set)",16,3
"2025-03-26","French Guiana","(not set)",9,1
"2025-03-26","Puerto Rico","(not set)",8,1
"2025-03-26","Saudi Arabia","(not set)",8,1
"2025-03-26","Algeria","(not set)",7,1
"2025-03-26","Spain","(not set)",7,1
"2025-03-26","Venezuela","(not set)",7,1
"2025-03-26","Chile","(not set)",6,1
"2025-03-26","Costa Rica","(not set)",6,1
"2025-03-26","Hungary","(not set)",6,1
"2025-03-26","Iran","(not set)",6,4
"2025-03-26","Morocco","(not set)",6,1
"2025-03-26","United Arab Emirates","(not set)",6,1
"2025-03-26","Mali","(not set)",3,1
"2025-03-26","Argentina","(not set)",2,1
"2025-03-26","Fiji","(not set)",2,1
"2025-03-26","Philippines","(not set)",2,1
"2025-03-26","Portugal","(not set)",2,1
"2025-03-26","Senegal","(not set)",2,1
"2025-03-26","Bolivia","(not set)",1,1
"2025-03-26","Guatemala","(not set)",1,1
"2025-03-26","Indonesia","(not set)",1,1
"2025-03-26","Kenya","(not set)",1,1
"2025-03-26","Nigeria","(not set)",1,1
"2025-03-26","Syria","(not set)",1,1
"2025-03-26","Zimbabwe","(not set)",1,1
"2025-03-27","Brazil","(not set)",5218,994
"2025-03-27","United States","(not set)",481,103
"2025-03-27","Mexico","(not set)",24,11
"2025-03-27","Russia","(not set)",19,1
"2025-03-27","Egypt","(not set)",17,5
"2025-03-27","Iran","(not set)",17,8
"2025-03-27","South Korea","(not set)",17,2
"2025-03-27","Bangladesh","(not set)",14,4
"2025-03-27","Portugal","(not set)",8,2
"2025-03-27","Algeria","(not set)",7,1
"2025-03-27","Colombia","(not set)",7,1
"2025-03-27","Canada","(not set)",6,1
"2025-03-27","France","(not set)",6,1
"2025-03-27","Nigeria","(not set)",5,2
"2025-03-27","Ethiopia","(not set)",3,1
"2025-03-27","India","(not set)",3,2
"2025-03-27","Cuba","(not set)",2,1
"2025-03-27","Indonesia","(not set)",2,2
"2025-03-27","Malaysia","(not set)",2,1
"2025-03-27","Botswana","(not set)",1,1
"2025-03-27","Chile","(not set)",1,1
"2025-03-27","Côte d’Ivoire","(not set)",1,1
"2025-03-27","Guatemala","(not set)",1,1
"2025-03-27","Haiti","(not set)",1,1
"2025-03-27","Mozambique","(not set)",1,1
"2025-03-27","Saudi Arabia","(not set)",1,1
"2025-03-27","Venezuela","(not set)",1,1
"2025-03-28","Brazil","(not set)",5150,1002
"2025-03-28","United States","(not set)",530,94
"2025-03-28","Mexico","(not set)",63,8
"2025-03-28","New Zealand","(not set)",41,1
"2025-03-28","Peru","(not set)",39,1
"2025-03-28","South Africa","(not set)",39,2
"2025-03-28","Iran","(not set)",25,6
"2025-03-28","Saudi Arabia","(not set)",18,3
"2025-03-28","Egypt","(not set)",17,2
"2025-03-28","Nigeria","(not set)",13,5
"2025-03-28","Bangladesh","(not set)",12,3
"2025-03-28","Indonesia","(not set)",7,3
"2025-03-28","Argentina","(not set)",6,1
"2025-03-28","Canada","(not set)",6,1
"2025-03-28","Tunisia","(not set)",6,1
"2025-03-28","Suriname","(not set)",5,1
"2025-03-28","Fiji","(not set)",4,1
"2025-03-28","India","(not set)",3,2
"2025-03-28","Colombia","(not set)",2,1
"2025-03-28","Cuba","(not set)",2,2
"2025-03-28","United Kingdom","(not set)",2,1
"2025-03-28","Yemen","(not set)",2,1
"2025-03-28","Angola","(not set)",1,1
"2025-03-28","Haiti","(not set)",1,1
"2025-03-28","Mali","(not set)",1,1
"2025-03-28","Myanmar (Burma)","(not set)",1,1
"2025-03-28","Pakistan","(not set)",1,1
"2025-03-28","Puerto Rico","(not set)",1,1
"2025-03-28","Qatar","(not set)",1,1
"2025-03-29","Brazil","(not set)",5970,1119
"2025-03-29","United States","(not set)",571,115
"2025-03-29","Mexico","(not set)",44,13
"2025-03-29","Peru","(not set)",35,1
"2025-03-29","Canada","(not set)",14,2
"2025-03-29","Iran","(not set)",12,5
"2025-03-29","India","(not set)",11,1
"2025-03-29","Egypt","(not set)",10,2
"2025-03-29","Saudi Arabia","(not set)",9,2
"2025-03-29","Portugal","(not set)",6,1
"2025-03-29","Colombia","(not set)",5,1
"2025-03-29","South Korea","(not set)",5,1
"2025-03-29","Nigeria","(not set)",4,2
"2025-03-29","Fiji","(not set)",3,1
"2025-03-29","United Kingdom","(not set)",3,1
"2025-03-29","Algeria","(not set)",2,2
"2025-03-29","Germany","(not set)",2,1
"2025-03-29","Malaysia","(not set)",2,1
"2025-03-29","Philippines","(not set)",2,1
"2025-03-29","Yemen","(not set)",2,1
"2025-03-29","Argentina","(not set)",1,1
"2025-03-29","Bangladesh","(not set)",1,1
"2025-03-29","Cuba","(not set)",1,1
"2025-03-29","Ethiopia","(not set)",1,1
"2025-03-29","French Guiana","(not set)",1,1
"2025-03-29","Guatemala","(not set)",1,1
"2025-03-29","Kenya","(not set)",1,1
"2025-03-29","Pakistan","(not set)",1,1
"2025-03-29","Puerto Rico","(not set)",1,1
"2025-03-29","Sudan","(not set)",1,1
"2025-03-29","Thailand","(not set)",1,1
"2025-03-29","Uganda","(not set)",1,1
"2025-03-29","Uruguay","(not set)",1,1
"2025-03-29","Venezuela","(not set)",1,1
"2025-03-30","Brazil","(not set)",6657,1282
"2025-03-30","United States","(not set)",698,118
"2025-03-30","Mexico","(not set)",28,10
"2025-03-30","Tunisia","(not set)",21,1
"2025-03-30","Egypt","(not set)",8,2
"2025-03-30","Pakistan","(not set)",8,2
"2025-03-30","India","(not set)",7,3
"2025-03-30","South Korea","(not set)",6,1
"2025-03-30","Fiji","(not set)",5,1
"2025-03-30","Israel","(not set)",5,1
"2025-03-30","Laos","(not set)",5,1
"2025-03-30","Nigeria","(not set)",5,3
"2025-03-30","Türkiye","(not set)",5,1
"2025-03-30","Spain","(not set)",3,1
"2025-03-30","Germany","(not set)",2,1
"2025-03-30","Iran","(not set)",2,1
"2025-03-30","Morocco","(not set)",2,1
"2025-03-30","Papua New Guinea","(not set)",2,1
"2025-03-30","Saudi Arabia","(not set)",2,1
"2025-03-30","United Kingdom","(not set)",2,1
"2025-03-30","Yemen","(not set)",2,1
"2025-03-30","Cameroon","(not set)",1,1
"2025-03-30","Ecuador","(not set)",1,1
"2025-03-30","Ethiopia","(not set)",1,1
"2025-03-30","Puerto Rico","(not set)",1,1
"2025-03-30","Venezuela","(not set)",1,1
"2025-03-31","Brazil","(not set)",5993,1185
"2025-03-31","United States","(not set)",793,170
"2025-03-31","Mexico","(not set)",58,8
"2025-03-31","Yemen","(not set)",28,3
"2025-03-31","Egypt","(not set)",21,3
"2025-03-31","Iran","(not set)",14,4
"2025-03-31","South Korea","(not set)",13,2
"2025-03-31","Nigeria","(not set)",11,5
"2025-03-31","Argentina","(not set)",10,2
"2025-03-31","Algeria","(not set)",7,1
"2025-03-31","Portugal","(not set)",7,1
"2025-03-31","Saudi Arabia","(not set)",7,1
"2025-03-31","Israel","(not set)",6,1
"2025-03-31","Cuba","(not set)",5,2
"2025-03-31","Bolivia","(not set)",3,1
"2025-03-31","Philippines","(not set)",3,3
"2025-03-31","Afghanistan","(not set)",2,1
"2025-03-31","Canada","(not set)",2,1
"2025-03-31","Indonesia","(not set)",2,1
"2025-03-31","Laos","(not set)",2,1
"2025-03-31","Pakistan","(not set)",2,2
"2025-03-31","Puerto Rico","(not set)",2,1
"2025-03-31","Tunisia","(not set)",2,1
"2025-03-31","United Kingdom","(not set)",2,1
"2025-03-31","Guam","(not set)",1,1
"2025-03-31","India","(not set)",1,1
"2025-03-31","Venezuela","(not set)",1,1
"2025-03-31","Zimbabwe","(not set)",1,1
"2025-04-01","Brazil","(not set)",5811,1144
"2025-04-01","United States","(not set)",628,117
"2025-04-01","Mexico","(not set)",33,9
"2025-04-01","Egypt","(not set)",25,3
"2025-04-01","India","(not set)",17,2
"2025-04-01","Suriname","(not set)",12,1
"2025-04-01","Colombia","(not set)",11,1
"2025-04-01","Thailand","(not set)",11,1
"2025-04-01","Chile","(not set)",10,1
"2025-04-01","South Africa","(not set)",8,2
"2025-04-01","Algeria","(not set)",6,1
"2025-04-01","Australia","(not set)",6,1
"2025-04-01","Cuba","(not set)",6,3
"2025-04-01","Saudi Arabia","(not set)",6,1
"2025-04-01","Yemen","(not set)",6,1
"2025-04-01","Indonesia","(not set)",5,2
"2025-04-01","Germany","(not set)",4,2
"2025-04-01","Nigeria","(not set)",4,2
"2025-04-01","Spain","(not set)",4,1
"2025-04-01","Iran","(not set)",2,2
"2025-04-01","Kenya","(not set)",2,1
"2025-04-01","Puerto Rico","(not set)",2,1
"2025-04-01","Afghanistan","(not set)",1,1
"2025-04-01","Bolivia","(not set)",1,1
"2025-04-01","Haiti","(not set)",1,1
"2025-04-01","Malaysia","(not set)",1,1
"2025-04-01","Papua New Guinea","(not set)",1,1
"2025-04-01","Portugal","(not set)",1,1
"2025-04-01","Syria","(not set)",1,1
"2025-04-02","Brazil","(not set)",5631,1080
"2025-04-02","United States","(not set)",585,123
"2025-04-02","Mexico","(not set)",60,10
"2025-04-02","Egypt","(not set)",30,3
"2025-04-02","Ghana","(not set)",28,2
"2025-04-02","India","(not set)",13,2
"2025-04-02","Indonesia","(not set)",9,2
"2025-04-02","Iran","(not set)",8,4
"2025-04-02","Pakistan","(not set)",8,1
"2025-04-02","South Korea","(not set)",8,1
"2025-04-02","Mozambique","(not set)",7,1
"2025-04-02","South Africa","(not set)",7,2
"2025-04-02","Spain","(not set)",7,1
"2025-04-02","Guinea-Bissau","(not set)",6,1
"2025-04-02","Nigeria","(not set)",6,2
"2025-04-02","Philippines","(not set)",6,1
"2025-04-02","Belgium","(not set)",5,1
"2025-04-02","Yemen","(not set)",5,1
"2025-04-02","Papua New Guinea","(not set)",4,1
"2025-04-02","Argentina","(not set)",2,1
"2025-04-02","Cuba","(not set)",2,2
"2025-04-02","Kenya","(not set)",2,1
"2025-04-02","Laos","(not set)",2,1
"2025-04-02","Algeria","(not set)",1,1
"2025-04-02","Angola","(not set)",1,1
"2025-04-02","Bolivia","(not set)",1,1
"2025-04-02","Botswana","(not set)",1,1
"2025-04-02","Syria","(not set)",1,1
"2025-04-02","Ukraine","(not set)",1,1
"2025-04-03","Brazil","(not set)",5668,1084
"2025-04-03","United States","(not set)",465,111
"2025-04-03","Mexico","(not set)",49,9
"2025-04-03","Egypt","(not set)",40,4
"2025-04-03","Iran","(not set)",13,2
"2025-04-03","Bangladesh","(not set)",12,4
"2025-04-03","Canada","(not set)",8,2
"2025-04-03","Argentina","(not set)",6,1
"2025-04-03","Ecuador","(not set)",6,1
"2025-04-03","Jordan","(not set)",6,1
"2025-04-03","Portugal","(not set)",6,1
"2025-04-03","Indonesia","(not set)",5,3
"2025-04-03","India","(not set)",4,2
"2025-04-03","Cuba","(not set)",3,2
"2025-04-03","Angola","(not set)",2,1
"2025-04-03","Hungary","(not set)",2,1
"2025-04-03","Ireland","(not set)",2,1
"2025-04-03","Yemen","(not set)",2,1
"2025-04-03","Guatemala","(not set)",1,1
"2025-04-04","Brazil","(not set)",5511,1027
"2025-04-04","United States","(not set)",563,109
"2025-04-04","Egypt","(not set)",33,5
"2025-04-04","Iran","(not set)",29,7
"2025-04-04","Mexico","(not set)",26,6
"2025-04-04","Indonesia","(not set)",15,2
"2025-04-04","Cuba","(not set)",12,3
"2025-04-04","Vietnam","(not set)",9,1
"2025-04-04","Uruguay","(not set)",7,1
"2025-04-04","Algeria","(not set)",6,1
"2025-04-04","Argentina","(not set)",6,1
"2025-04-04","Pakistan","(not set)",6,4
"2025-04-04","South Africa","(not set)",6,1
"2025-04-04","South Korea","(not set)",6,1
"2025-04-04","Yemen","(not set)",6,1
"2025-04-04","El Salvador","(not set)",5,1
"2025-04-04","Chile","(not set)",3,2
"2025-04-04","Guatemala","(not set)",3,1
"2025-04-04","India","(not set)",3,3
"2025-04-04","Bangladesh","(not set)",2,1
"2025-04-04","Colombia","(not set)",2,2
"2025-04-04","Ethiopia","(not set)",2,1
"2025-04-04","Kenya","(not set)",2,1
"2025-04-04","Papua New Guinea","(not set)",2,1
"2025-04-04","Philippines","(not set)",2,1
"2025-04-04","Rwanda","(not set)",2,1
"2025-04-04","Afghanistan","(not set)",1,1
"2025-04-04","Angola","(not set)",1,1
"2025-04-04","Canada","(not set)",1,1
"2025-04-04","Germany","(not set)",1,1
"2025-04-04","Liberia","(not set)",1,1
"2025-04-04","Macao","(not set)",1,1
"2025-04-04","Morocco","(not set)",1,1
"2025-04-04","Nigeria","(not set)",1,1
"2025-04-04","Portugal","(not set)",1,1
"2025-04-04","Puerto Rico","(not set)",1,1
"2025-04-05","Brazil","(not set)",5749,1120
"2025-04-05","United States","(not set)",565,123
"2025-04-05","Iran","(not set)",34,3
"2025-04-05","Mexico","(not set)",31,10
"2025-04-05","Egypt","(not set)",19,1
"2025-04-05","South Korea","(not set)",13,2
"2025-04-05","Algeria","(not set)",12,2
"2025-04-05","Syria","(not set)",8,1
"2025-04-05","United Kingdom","(not set)",8,1
"2025-04-05","Bangladesh","(not set)",7,1
"2025-04-05","India","(not set)",7,1
"2025-04-05","Portugal","(not set)",7,2
"2025-04-05","Colombia","(not set)",6,1
"2025-04-05","Ecuador","(not set)",6,1
"2025-04-05","Indonesia","(not set)",4,1
"2025-04-05","Nigeria","(not set)",4,2
"2025-04-05","Zambia","(not set)",4,1
"2025-04-05","Argentina","(not set)",3,1
"2025-04-05","Saudi Arabia","(not set)",3,2
"2025-04-05","Cuba","(not set)",2,2
"2025-04-05","Germany","(not set)",2,2
"2025-04-05","Philippines","(not set)",2,2
"2025-04-05","Puerto Rico","(not set)",2,2
"2025-04-05","Botswana","(not set)",1,1
"2025-04-05","Chile","(not set)",1,1
"2025-04-05","Haiti","(not set)",1,1
"2025-04-05","Italy","(not set)",1,1
"2025-04-05","Paraguay","(not set)",1,1
"2025-04-05","Switzerland","(not set)",1,1
"2025-04-06","Brazil","(not set)",6072,1182
"2025-04-06","United States","(not set)",805,151
"2025-04-06","Mexico","(not set)",56,12
"2025-04-06","Bangladesh","(not set)",54,1
"2025-04-06","Egypt","(not set)",33,5
"2025-04-06","Saudi Arabia","(not set)",30,1
"2025-04-06","United Kingdom","(not set)",22,4
"2025-04-06","Algeria","(not set)",10,2
"2025-04-06","Thailand","(not set)",10,1
"2025-04-06","Argentina","(not set)",8,1
"2025-04-06","Iran","(not set)",8,3
"2025-04-06","Cuba","(not set)",7,1
"2025-04-06","Venezuela","(not set)",7,2
"2025-04-06","Germany","(not set)",6,2
"2025-04-06","Rwanda","(not set)",6,1
"2025-04-06","Trinidad & Tobago","(not set)",6,1
"2025-04-06","Türkiye","(not set)",6,2
"2025-04-06","India","(not set)",5,1
"2025-04-06","Iraq","(not set)",5,1
"2025-04-06","South Korea","(not set)",5,1
"2025-04-06","Indonesia","(not set)",2,1
"2025-04-06","Kenya","(not set)",2,1
"2025-04-06","Mali","(not set)",2,1
"2025-04-06","Morocco","(not set)",2,1
"2025-04-06","Mozambique","(not set)",2,1
"2025-04-06","El Salvador","(not set)",1,1
"2025-04-06","Haiti","(not set)",1,1
"2025-04-06","Nepal","(not set)",1,1
"2025-04-06","Nigeria","(not set)",1,1
"2025-04-06","Pakistan","(not set)",1,1
"2025-04-06","Philippines","(not set)",1,1
"2025-04-06","Uruguay","(not set)",1,1
"2025-04-06","Yemen","(not set)",1,1
"2025-04-07","Brazil","(not set)",6069,1091
"2025-04-07","United States","(not set)",479,98
"2025-04-07","Egypt","(not set)",45,2
"2025-04-07","Belgium","(not set)",31,1
"2025-04-07","Mexico","(not set)",25,6
"2025-04-07","Algeria","(not set)",15,2
"2025-04-07","United Kingdom","(not set)",14,1
"2025-04-07","South Africa","(not set)",11,1
"2025-04-07","India","(not set)",9,1
"2025-04-07","Argentina","(not set)",7,1
"2025-04-07","Bangladesh","(not set)",7,4
"2025-04-07","Angola","(not set)",6,1
"2025-04-07","Iran","(not set)",5,4
"2025-04-07","Nigeria","(not set)",5,4
"2025-04-07","Cuba","(not set)",3,2
"2025-04-07","Jamaica","(not set)",3,2
"2025-04-07","Norway","(not set)",2,1
"2025-04-07","Philippines","(not set)",2,1
"2025-04-07","Spain","(not set)",2,1
"2025-04-07","Thailand","(not set)",2,1
"2025-04-07","Venezuela","(not set)",2,1
"2025-04-07","Honduras","(not set)",1,1
"2025-04-07","Sudan","(not set)",1,1
"2025-04-08","Brazil","(not set)",5239,1059
"2025-04-08","United States","(not set)",543,111
"2025-04-08","Egypt","(not set)",27,5
"2025-04-08","Mexico","(not set)",24,10
"2025-04-08","India","(not set)",19,2
"2025-04-08","Iran","(not set)",15,7
"2025-04-08","Türkiye","(not set)",13,1
"2025-04-08","Argentina","(not set)",12,1
"2025-04-08","Belgium","(not set)",7,1
"2025-04-08","Sierra Leone","(not set)",7,1
"2025-04-08","Puerto Rico","(not set)",6,1
"2025-04-08","Saudi Arabia","(not set)",6,1
"2025-04-08","Nigeria","(not set)",3,3
"2025-04-08","Cuba","(not set)",2,1
"2025-04-08","Guatemala","(not set)",2,1
"2025-04-08","Kenya","(not set)",2,1
"2025-04-08","Afghanistan","(not set)",1,1
"2025-04-08","Fiji","(not set)",1,1
"2025-04-08","French Guiana","(not set)",1,1
"2025-04-08","Japan","(not set)",1,1
"2025-04-08","Nepal","(not set)",1,1
"2025-04-08","Philippines","(not set)",1,1
"2025-04-09","Brazil","(not set)",5802,1120
"2025-04-09","United States","(not set)",543,107
"2025-04-09","Egypt","(not set)",47,4
"2025-04-09","Mexico","(not set)",37,11
"2025-04-09","Nigeria","(not set)",17,6
"2025-04-09","Argentina","(not set)",16,4
"2025-04-09","Morocco","(not set)",14,1
"2025-04-09","Yemen","(not set)",14,1
"2025-04-09","Bangladesh","(not set)",7,1
"2025-04-09","Kenya","(not set)",7,2
"2025-04-09","Mozambique","(not set)",7,1
"2025-04-09","Puerto Rico","(not set)",7,2
"2025-04-09","Iran","(not set)",6,4
"2025-04-09","South Korea","(not set)",6,1
"2025-04-09","India","(not set)",3,1
"2025-04-09","Afghanistan","(not set)",2,1
"2025-04-09","Cuba","(not set)",2,1
"2025-04-09","Guam","(not set)",2,1
"2025-04-09","Indonesia","(not set)",2,2
"2025-04-09","Philippines","(not set)",2,1
"2025-04-09","Zimbabwe","(not set)",2,1
"2025-04-09","Canada","(not set)",1,1
"2025-04-09","El Salvador","(not set)",1,1
"2025-04-09","Germany","(not set)",1,1
"2025-04-09","Haiti","(not set)",1,1
"2025-04-09","Pakistan","(not set)",1,1
"2025-04-09","Paraguay","(not set)",1,1
"2025-04-10","Brazil","(not set)",5023,921
"2025-04-10","United States","(not set)",576,92
"2025-04-10","Egypt","(not set)",21,4
"2025-04-10","Puerto Rico","(not set)",16,2
"2025-04-10","India","(not set)",15,2
"2025-04-10","Mexico","(not set)",15,7
"2025-04-10","Israel","(not set)",14,1
"2025-04-10","Iran","(not set)",11,2
"2025-04-10","Nigeria","(not set)",10,3
"2025-04-10","Bolivia","(not set)",9,2
"2025-04-10","Ireland","(not set)",8,1
"2025-04-10","Argentina","(not set)",5,2
"2025-04-10","Syria","(not set)",5,1
"2025-04-10","Bangladesh","(not set)",3,2
"2025-04-10","Pakistan","(not set)",3,2
"2025-04-10","Papua New Guinea","(not set)",3,1
"2025-04-10","Spain","(not set)",2,1
"2025-04-10","Tanzania","(not set)",2,1
"2025-04-10","Algeria","(not set)",1,1
"2025-04-10","Cameroon","(not set)",1,1
"2025-04-10","Cuba","(not set)",1,1
"2025-04-10","Guatemala","(not set)",1,1
"2025-04-10","Qatar","(not set)",1,1
"2025-04-10","Vietnam","(not set)",1,1
"2025-04-11","Brazil","(not set)",5092,990
"2025-04-11","United States","(not set)",597,82
"2025-04-11","India","(not set)",18,3
"2025-04-11","Netherlands","(not set)",15,1
"2025-04-11","Nigeria","(not set)",15,2
"2025-04-11","Mexico","(not set)",10,7
"2025-04-11","Chile","(not set)",9,1
"2025-04-11","Egypt","(not set)",9,2
"2025-04-11","Morocco","(not set)",9,1
"2025-04-11","Canada","(not set)",8,1
"2025-04-11","Iran","(not set)",8,6
"2025-04-11","Puerto Rico","(not set)",8,4
"2025-04-11","Peru","(not set)",7,1
"2025-04-11","Türkiye","(not set)",7,1
"2025-04-11","United Kingdom","(not set)",7,3
"2025-04-11","South Africa","(not set)",6,1
"2025-04-11","South Korea","(not set)",6,1
"2025-04-11","Ethiopia","(not set)",4,2
"2025-04-11","Pakistan","(not set)",4,1
"2025-04-11","Fiji","(not set)",3,1
"2025-04-11","Papua New Guinea","(not set)",2,1
"2025-04-11","Philippines","(not set)",2,2
"2025-04-11","(not set)","(not set)",1,1
"2025-04-11","Colombia","(not set)",1,1
"2025-04-11","Congo - Brazzaville","(not set)",1,1
"2025-04-11","Spain","(not set)",1,1
"2025-04-11","Yemen","(not set)",1,1
"2025-04-12","Brazil","(not set)",5979,1169
"2025-04-12","United States","(not set)",886,132
"2025-04-12","Indonesia","(not set)",57,27
"2025-04-12","Mexico","(not set)",32,10
"2025-04-12","Philippines","(not set)",28,11
"2025-04-12","Argentina","(not set)",21,3
"2025-04-12","Egypt","(not set)",16,3
"2025-04-12","Vietnam","(not set)",13,2
"2025-04-12","Algeria","(not set)",12,2
"2025-04-12","Poland","(not set)",12,2
"2025-04-12","India","(not set)",10,1
"2025-04-12","Puerto Rico","(not set)",10,2
"2025-04-12","Iran","(not set)",9,3
"2025-04-12","United Kingdom","(not set)",8,1
"2025-04-12","South Korea","(not set)",6,1
"2025-04-12","Jamaica","(not set)",4,1
"2025-04-12","Cuba","(not set)",3,1
"2025-04-12","Romania","(not set)",3,1
"2025-04-12","Bangladesh","(not set)",2,2
"2025-04-12","Colombia","(not set)",2,1
"2025-04-12","Nigeria","(not set)",2,2
"2025-04-12","Saudi Arabia","(not set)",2,1
"2025-04-12","Kenya","(not set)",1,1
"2025-04-12","Peru","(not set)",1,1
"2025-04-12","Venezuela","(not set)",1,1
"2025-04-13","Brazil","(not set)",6991,1312
"2025-04-13","United States","(not set)",848,113
"2025-04-13","Indonesia","(not set)",141,21
"2025-04-13","Philippines","(not set)",64,14
"2025-04-13","India","(not set)",25,6
"2025-04-13","Canada","(not set)",22,1
"2025-04-13","Mexico","(not set)",20,6
"2025-04-13","Portugal","(not set)",13,3
"2025-04-13","Iran","(not set)",11,3
"2025-04-13","Vietnam","(not set)",11,2
"2025-04-13","France","(not set)",9,1
"2025-04-13","United Kingdom","(not set)",9,3
"2025-04-13","Malaysia","(not set)",8,3
"2025-04-13","Venezuela","(not set)",8,1
"2025-04-13","Angola","(not set)",6,1
"2025-04-13","South Korea","(not set)",6,2
"2025-04-13","Switzerland","(not set)",6,1
"2025-04-13","Bangladesh","(not set)",5,1
"2025-04-13","Netherlands","(not set)",5,1
"2025-04-13","Panama","(not set)",5,1
"2025-04-13","Cuba","(not set)",4,2
"2025-04-13","Colombia","(not set)",3,1
"2025-04-13","Egypt","(not set)",3,1
"2025-04-13","Germany","(not set)",3,1
"2025-04-13","Nigeria","(not set)",3,1
"2025-04-13","Puerto Rico","(not set)",3,2
"2025-04-13","Spain","(not set)",2,1
"2025-04-13","Guatemala","(not set)",1,1
"2025-04-13","Mozambique","(not set)",1,1
"2025-04-13","Romania","(not set)",1,1
"2025-04-13","Yemen","(not set)",1,1
"2025-04-14","Brazil","(not set)",5957,1111
"2025-04-14","United States","(not set)",859,110
"2025-04-14","India","(not set)",81,3
"2025-04-14","Mexico","(not set)",29,10
"2025-04-14","Philippines","(not set)",20,4
"2025-04-14","Egypt","(not set)",15,3
"2025-04-14","Gambia","(not set)",15,1
"2025-04-14","Indonesia","(not set)",13,6
"2025-04-14","Netherlands","(not set)",13,2
"2025-04-14","Yemen","(not set)",10,2
"2025-04-14","South Korea","(not set)",8,1
"2025-04-14","Algeria","(not set)",7,1
"2025-04-14","Canada","(not set)",7,2
"2025-04-14","Nigeria","(not set)",7,3
"2025-04-14","Iran","(not set)",6,4
"2025-04-14","Chile","(not set)",3,1
"2025-04-14","United Kingdom","(not set)",3,1
"2025-04-14","Mozambique","(not set)",2,1
"2025-04-14","Equatorial Guinea","(not set)",1,1
"2025-04-14","France","(not set)",1,1
"2025-04-14","Germany","(not set)",1,1
"2025-04-14","Ghana","(not set)",1,1
"2025-04-14","Guatemala","(not set)",1,1
"2025-04-14","Haiti","(not set)",1,1
"2025-04-14","Russia","(not set)",1,1
"2025-04-14","Tanzania","(not set)",1,1
"2025-04-14","Zimbabwe","(not set)",1,1
"2025-04-15","Brazil","(not set)",6420,1179
"2025-04-15","United States","(not set)",918,131
"2025-04-15","South Korea","(not set)",351,32
"2025-04-15","India","(not set)",38,2
"2025-04-15","Mexico","(not set)",36,12
"2025-04-15","Indonesia","(not set)",19,9
"2025-04-15","Egypt","(not set)",17,3
"2025-04-15","Yemen","(not set)",16,2
"2025-04-15","Algeria","(not set)",10,1
"2025-04-15","Philippines","(not set)",10,5
"2025-04-15","Iran","(not set)",9,3
"2025-04-15","New Zealand","(not set)",8,2
"2025-04-15","Canada","(not set)",7,2
"2025-04-15","Morocco","(not set)",7,1
"2025-04-15","Saudi Arabia","(not set)",7,1
"2025-04-15","Ecuador","(not set)",5,1
"2025-04-15","Nigeria","(not set)",5,3
"2025-04-15","Angola","(not set)",3,1
"2025-04-15","Costa Rica","(not set)",3,2
"2025-04-15","Cuba","(not set)",3,2
"2025-04-15","Switzerland","(not set)",3,1
"2025-04-15","Afghanistan","(not set)",2,1
"2025-04-15","Pakistan","(not set)",2,1
"2025-04-15","United Kingdom","(not set)",2,1
"2025-04-15","Nicaragua","(not set)",1,1
"2025-04-15","Peru","(not set)",1,1
"2025-04-15","South Africa","(not set)",1,1
"2025-04-15","Spain","(not set)",1,1
"2025-04-16","Brazil","(not set)",6497,1154
"2025-04-16","United States","(not set)",1100,137
"2025-04-16","India","(not set)",40,6
"2025-04-16","Philippines","(not set)",21,7
"2025-04-16","Iran","(not set)",18,4
"2025-04-16","Bolivia","(not set)",12,2
"2025-04-16","Indonesia","(not set)",12,4
"2025-04-16","Madagascar","(not set)",11,1
"2025-04-16","Bangladesh","(not set)",10,3
"2025-04-16","Nigeria","(not set)",10,2
"2025-04-16","Spain","(not set)",10,2
"2025-04-16","Germany","(not set)",9,1
"2025-04-16","Yemen","(not set)",9,1
"2025-04-16","Puerto Rico","(not set)",8,5
"2025-04-16","United Kingdom","(not set)",7,2
"2025-04-16","Angola","(not set)",6,1
"2025-04-16","Colombia","(not set)",6,1
"2025-04-16","Kenya","(not set)",6,3
"2025-04-16","Mexico","(not set)",6,4
"2025-04-16","Mali","(not set)",3,1
"2025-04-16","Saudi Arabia","(not set)",3,1
"2025-04-16","Pakistan","(not set)",2,1
"2025-04-16","Singapore","(not set)",2,1
"2025-04-16","Switzerland","(not set)",2,1
"2025-04-16","Argentina","(not set)",1,1
"2025-04-16","Cuba","(not set)",1,1
"2025-04-16","Egypt","(not set)",1,1
"2025-04-16","Laos","(not set)",1,1
"2025-04-16","Netherlands","(not set)",1,1
"2025-04-17","Brazil","(not set)",6352,1131
"2025-04-17","United States","(not set)",937,129
"2025-04-17","India","(not set)",55,5
"2025-04-17","Indonesia","(not set)",28,6
"2025-04-17","Philippines","(not set)",21,6
"2025-04-17","Cuba","(not set)",16,2
"2025-04-17","Mexico","(not set)",16,7
"2025-04-17","Iran","(not set)",13,4
"2025-04-17","Argentina","(not set)",10,2
"2025-04-17","Egypt","(not set)",10,2
"2025-04-17","Ethiopia","(not set)",9,2
"2025-04-17","Algeria","(not set)",8,1
"2025-04-17","Chile","(not set)",6,1
"2025-04-17","Saudi Arabia","(not set)",6,1
"2025-04-17","Pakistan","(not set)",4,1
"2025-04-17","Angola","(not set)",3,1
"2025-04-17","Germany","(not set)",3,2
"2025-04-17","Yemen","(not set)",3,1
"2025-04-17","Costa Rica","(not set)",2,1
"2025-04-17","Mali","(not set)",2,1
"2025-04-17","New Zealand","(not set)",2,1
"2025-04-17","United Kingdom","(not set)",2,1
"2025-04-17","Bolivia","(not set)",1,1
"2025-04-17","Ghana","(not set)",1,1
"2025-04-17","Liberia","(not set)",1,1
"2025-04-17","Nepal","(not set)",1,1
"2025-04-17","Peru","(not set)",1,1
"2025-04-17","Puerto Rico","(not set)",1,1
"2025-04-18","Brazil","(not set)",7827,1363
"2025-04-18","United States","(not set)",1255,130
"2025-04-18","India","(not set)",47,5
"2025-04-18","Puerto Rico","(not set)",25,3
"2025-04-18","Iraq","(not set)",19,1
"2025-04-18","Mexico","(not set)",19,5
"2025-04-18","Armenia","(not set)",18,1
"2025-04-18","Netherlands","(not set)",15,1
"2025-04-18","Germany","(not set)",14,1
"2025-04-18","Algeria","(not set)",12,2
"2025-04-18","Indonesia","(not set)",11,4
"2025-04-18","Argentina","(not set)",9,4
"2025-04-18","Angola","(not set)",8,2
"2025-04-18","Venezuela","(not set)",8,1
"2025-04-18","Bolivia","(not set)",7,1
"2025-04-18","Iran","(not set)",7,3
"2025-04-18","Egypt","(not set)",6,2
"2025-04-18","Jamaica","(not set)",6,1
"2025-04-18","Japan","(not set)",6,1
"2025-04-18","Yemen","(not set)",6,1
"2025-04-18","Colombia","(not set)",5,1
"2025-04-18","Nigeria","(not set)",3,2
"2025-04-18","Vietnam","(not set)",3,1
"2025-04-18","United Arab Emirates","(not set)",2,1
"2025-04-18","Canada","(not set)",1,1
"2025-04-18","Chile","(not set)",1,1
"2025-04-18","Libya","(not set)",1,1
"2025-04-18","Myanmar (Burma)","(not set)",1,1
"2025-04-18","Pakistan","(not set)",1,1
"2025-04-18","Portugal","(not set)",1,1
"2025-04-18","Spain","(not set)",1,1
"2025-04-19","Brazil","(not set)",7607,1315
"2025-04-19","United States","(not set)",1402,121
"2025-04-19","India","(not set)",46,5
"2025-04-19","Netherlands","(not set)",34,1
"2025-04-19","Iran","(not set)",26,5
"2025-04-19","Egypt","(not set)",23,4
"2025-04-19","Mexico","(not set)",21,8
"2025-04-19","Algeria","(not set)",17,2
"2025-04-19","United Kingdom","(not set)",17,2
"2025-04-19","France","(not set)",9,1
"2025-04-19","Bangladesh","(not set)",8,3
"2025-04-19","Germany","(not set)",8,2
"2025-04-19","Nigeria","(not set)",8,4
"2025-04-19","Saudi Arabia","(not set)",8,1
"2025-04-19","South Africa","(not set)",8,1
"2025-04-19","Indonesia","(not set)",7,2
"2025-04-19","Panama","(not set)",6,1
"2025-04-19","Tunisia","(not set)",6,1
"2025-04-19","Yemen","(not set)",5,2
"2025-04-19","Pakistan","(not set)",3,2
"2025-04-19","Philippines","(not set)",3,1
"2025-04-19","Cuba","(not set)",2,1
"2025-04-19","Guatemala","(not set)",2,1
"2025-04-19","Mozambique","(not set)",2,1
"2025-04-19","Paraguay","(not set)",2,1
"2025-04-19","Puerto Rico","(not set)",2,1
"2025-04-19","United Arab Emirates","(not set)",2,2
"2025-04-19","Argentina","(not set)",1,1
"2025-04-19","Bolivia","(not set)",1,1
"2025-04-19","Jamaica","(not set)",1,1
"2025-04-19","Madagascar","(not set)",1,1
"2025-04-19","Malaysia","(not set)",1,1
"2025-04-20","Brazil","(not set)",7937,1386
"2025-04-20","United States","(not set)",917,145
"2025-04-20","Mexico","(not set)",38,5
"2025-04-20","Indonesia","(not set)",27,7
"2025-04-20","India","(not set)",21,5
"2025-04-20","Egypt","(not set)",12,4
"2025-04-20","Nigeria","(not set)",10,2
"2025-04-20","Cuba","(not set)",9,5
"2025-04-20","Iran","(not set)",8,3
"2025-04-20","United Arab Emirates","(not set)",7,1
"2025-04-20","Algeria","(not set)",6,2
"2025-04-20","Israel","(not set)",6,1
"2025-04-20","Puerto Rico","(not set)",6,1
"2025-04-20","Fiji","(not set)",5,1
"2025-04-20","Jamaica","(not set)",5,1
"2025-04-20","Malawi","(not set)",5,1
"2025-04-20","Philippines","(not set)",5,3
"2025-04-20","Congo - Brazzaville","(not set)",4,1
"2025-04-20","Ecuador","(not set)",2,1
"2025-04-20","Kenya","(not set)",2,1
"2025-04-20","Madagascar","(not set)",2,1
"2025-04-20","Malaysia","(not set)",2,1
"2025-04-20","Spain","(not set)",2,1
"2025-04-20","Venezuela","(not set)",2,2
"2025-04-20","Argentina","(not set)",1,1
"2025-04-20","Bangladesh","(not set)",1,1
"2025-04-20","Japan","(not set)",1,1
"2025-04-20","Pakistan","(not set)",1,1
"2025-04-20","Thailand","(not set)",1,1
"2025-04-20","Uganda","(not set)",1,1
"2025-04-20","United Kingdom","(not set)",1,1
"2025-04-20","Uruguay","(not set)",1,1
"2025-04-21","Brazil","(not set)",8010,1390
"2025-04-21","United States","(not set)",894,139
"2025-04-21","Mexico","(not set)",91,18
"2025-04-21","India","(not set)",38,3
"2025-04-21","Puerto Rico","(not set)",27,6
"2025-04-21","Nigeria","(not set)",13,2
"2025-04-21","Yemen","(not set)",12,1
"2025-04-21","Ethiopia","(not set)",8,2
"2025-04-21","Germany","(not set)",8,1
"2025-04-21","Pakistan","(not set)",8,1
"2025-04-21","Saudi Arabia","(not set)",8,1
"2025-04-21","Bangladesh","(not set)",7,2
"2025-04-21","Indonesia","(not set)",7,4
"2025-04-21","Egypt","(not set)",6,2
"2025-04-21","United Kingdom","(not set)",5,1
"2025-04-21","Albania","(not set)",2,2
"2025-04-21","Honduras","(not set)",2,1
"2025-04-21","Kenya","(not set)",2,1
"2025-04-21","Malaysia","(not set)",2,1
"2025-04-21","Peru","(not set)",2,1
"2025-04-21","United Arab Emirates","(not set)",2,1
"2025-04-21","Argentina","(not set)",1,1
"2025-04-21","Congo - Brazzaville","(not set)",1,1
"2025-04-21","Cuba","(not set)",1,1
"2025-04-21","Iran","(not set)",1,1
"2025-04-21","Jordan","(not set)",1,1
"2025-04-21","Philippines","(not set)",1,1
"2025-04-21","Tanzania","(not set)",1,1
"2025-04-21","Uganda","(not set)",1,1
"2025-04-21","Vietnam","(not set)",1,1
"2025-04-22","Brazil","(not set)",6397,1153
"2025-04-22","United States","(not set)",591,115
"2025-04-22","Mexico","(not set)",130,11
"2025-04-22","Peru","(not set)",26,2
"2025-04-22","Philippines","(not set)",23,6
"2025-04-22","Iran","(not set)",17,5
"2025-04-22","Colombia","(not set)",10,1
"2025-04-22","United Kingdom","(not set)",8,1
"2025-04-22","Vietnam","(not set)",8,2
"2025-04-22","Indonesia","(not set)",7,3
"2025-04-22","United Arab Emirates","(not set)",7,1
"2025-04-22","Egypt","(not set)",6,1
"2025-04-22","Portugal","(not set)",6,1
"2025-04-22","Saudi Arabia","(not set)",6,1
"2025-04-22","Angola","(not set)",4,1
"2025-04-22","Ethiopia","(not set)",4,2
"2025-04-22","Cuba","(not set)",2,1
"2025-04-22","India","(not set)",2,1
"2025-04-22","Yemen","(not set)",2,1
"2025-04-22","Algeria","(not set)",1,1
"2025-04-22","Bangladesh","(not set)",1,1
"2025-04-22","Canada","(not set)",1,1
"2025-04-22","Chile","(not set)",1,1
"2025-04-22","Hungary","(not set)",1,1
"2025-04-22","Malaysia","(not set)",1,1
"2025-04-23","Brazil","(not set)",7007,1229
"2025-04-23","United States","(not set)",765,140
"2025-04-23","South Korea","(not set)",409,30
"2025-04-23","Mexico","(not set)",61,13
"2025-04-23","Egypt","(not set)",22,4
"2025-04-23","Singapore","(not set)",18,1
"2025-04-23","Indonesia","(not set)",17,7
"2025-04-23","Colombia","(not set)",13,2
"2025-04-23","Yemen","(not set)",11,3
"2025-04-23","India","(not set)",8,2
"2025-04-23","Philippines","(not set)",8,5
"2025-04-23","Madagascar","(not set)",7,2
"2025-04-23","Bangladesh","(not set)",6,2
"2025-04-23","Pakistan","(not set)",4,2
"2025-04-23","United Kingdom","(not set)",4,2
"2025-04-23","Bolivia","(not set)",3,1
"2025-04-23","Cuba","(not set)",3,2
"2025-04-23","Canada","(not set)",2,1
"2025-04-23","Haiti","(not set)",2,1
"2025-04-23","Libya","(not set)",2,1
"2025-04-23","Nigeria","(not set)",2,1
"2025-04-23","Portugal","(not set)",2,1
"2025-04-23","Puerto Rico","(not set)",2,1
"2025-04-23","Angola","(not set)",1,1
"2025-04-23","Ethiopia","(not set)",1,1
"2025-04-23","Honduras","(not set)",1,1
"2025-04-23","Iran","(not set)",1,1
"2025-04-23","Japan","(not set)",1,1
"2025-04-23","Kenya","(not set)",1,1
"2025-04-23","Nicaragua","(not set)",1,1
"2025-04-23","Peru","(not set)",1,1
"2025-04-23","South Africa","(not set)",1,1
"2025-04-24","Brazil","(not set)",7044,1208
"2025-04-24","United States","(not set)",769,126
"2025-04-24","Mexico","(not set)",61,15
"2025-04-24","Iran","(not set)",48,8
"2025-04-24","India","(not set)",27,3
"2025-04-24","Paraguay","(not set)",26,4
"2025-04-24","Dominican Republic","(not set)",24,1
"2025-04-24","Indonesia","(not set)",23,8
"2025-04-24","United Kingdom","(not set)",18,2
"2025-04-24","Yemen","(not set)",15,1
"2025-04-24","Philippines","(not set)",12,2
"2025-04-24","Bangladesh","(not set)",11,2
"2025-04-24","Puerto Rico","(not set)",11,4
"2025-04-24","Egypt","(not set)",8,3
"2025-04-24","Fiji","(not set)",7,1
"2025-04-24","Saudi Arabia","(not set)",7,2
"2025-04-24","Syria","(not set)",7,1
"2025-04-24","Colombia","(not set)",6,1
"2025-04-24","Nigeria","(not set)",4,2
"2025-04-24","Jamaica","(not set)",3,1
"2025-04-24","Mozambique","(not set)",3,2
"2025-04-24","Cuba","(not set)",2,2
"2025-04-24","Madagascar","(not set)",2,1
"2025-04-24","Angola","(not set)",1,1
"2025-04-24","Ethiopia","(not set)",1,1
"2025-04-24","Myanmar (Burma)","(not set)",1,1
"2025-04-24","Pakistan","(not set)",1,1
"2025-04-25","Brazil","(not set)",6764,1186
"2025-04-25","United States","(not set)",714,98
"2025-04-25","Mexico","(not set)",23,6
"2025-04-25","Bolivia","(not set)",20,2
"2025-04-25","Egypt","(not set)",16,3
"2025-04-25","Iran","(not set)",16,6
"2025-04-25","Jamaica","(not set)",11,2
"2025-04-25","United Kingdom","(not set)",10,1
"2025-04-25","Indonesia","(not set)",9,2
"2025-04-25","Japan","(not set)",9,1
"2025-04-25","India","(not set)",8,2
"2025-04-25","Cuba","(not set)",7,2
"2025-04-25","Dominican Republic","(not set)",7,1
"2025-04-25","Niger","(not set)",7,1
"2025-04-25","Nigeria","(not set)",7,1
"2025-04-25","Chile","(not set)",6,1
"2025-04-25","Netherlands","(not set)",6,1
"2025-04-25","Bangladesh","(not set)",4,2
"2025-04-25","Colombia","(not set)",3,2
"2025-04-25","Puerto Rico","(not set)",3,2
"2025-04-25","Argentina","(not set)",2,2
"2025-04-25","Philippines","(not set)",2,1
"2025-04-25","Canada","(not set)",1,1
"2025-04-25","Haiti","(not set)",1,1
"2025-04-25","Honduras","(not set)",1,1
"2025-04-25","Papua New Guinea","(not set)",1,1
"2025-04-25","Peru","(not set)",1,1
"2025-04-25","Saudi Arabia","(not set)",1,1
"2025-04-25","Thailand","(not set)",1,1
"2025-04-25","Venezuela","(not set)",1,1
"2025-04-26","Brazil","(not set)",7535,1302
"2025-04-26","United States","(not set)",896,123
"2025-04-26","Mexico","(not set)",44,9
"2025-04-26","India","(not set)",18,5
"2025-04-26","Indonesia","(not set)",18,7
"2025-04-26","Bolivia","(not set)",13,1
"2025-04-26","Ecuador","(not set)",7,2
"2025-04-26","Egypt","(not set)",7,2
"2025-04-26","Guatemala","(not set)",7,1
"2025-04-26","Papua New Guinea","(not set)",7,1
"2025-04-26","Iran","(not set)",6,5
"2025-04-26","Mozambique","(not set)",6,1
"2025-04-26","Zambia","(not set)",6,1
"2025-04-26","Argentina","(not set)",4,2
"2025-04-26","Kenya","(not set)",4,2
"2025-04-26","Madagascar","(not set)",4,2
"2025-04-26","Pakistan","(not set)",4,3
"2025-04-26","Bangladesh","(not set)",2,1
"2025-04-26","Ethiopia","(not set)",2,1
"2025-04-26","Honduras","(not set)",2,2
"2025-04-26","Nepal","(not set)",2,1
"2025-04-26","Nigeria","(not set)",2,1
"2025-04-26","Philippines","(not set)",2,1
"2025-04-26","Singapore","(not set)",2,1
"2025-04-26","Spain","(not set)",2,1
"2025-04-26","Yemen","(not set)",2,1
"2025-04-26","Cuba","(not set)",1,1
"2025-04-26","Netherlands","(not set)",1,1
"2025-04-26","United Kingdom","(not set)",1,1
"2025-04-27","Brazil","(not set)",8943,1509
"2025-04-27","United States","(not set)",797,156
"2025-04-27","Mexico","(not set)",50,9
"2025-04-27","Chile","(not set)",42,1
"2025-04-27","Australia","(not set)",17,1
"2025-04-27","Egypt","(not set)",15,2
"2025-04-27","Argentina","(not set)",13,2
"2025-04-27","Canada","(not set)",12,2
"2025-04-27","Pakistan","(not set)",12,2
"2025-04-27","India","(not set)",11,3
"2025-04-27","Malaysia","(not set)",11,1
"2025-04-27","Ireland","(not set)",8,1
"2025-04-27","Spain","(not set)",7,2
"2025-04-27","Bolivia","(not set)",6,1
"2025-04-27","Saudi Arabia","(not set)",6,1
"2025-04-27","Bangladesh","(not set)",5,4
"2025-04-27","Iran","(not set)",5,4
"2025-04-27","Portugal","(not set)",5,1
"2025-04-27","Zambia","(not set)",5,1
"2025-04-27","Panama","(not set)",4,1
"2025-04-27","Liberia","(not set)",3,1
"2025-04-27","Yemen","(not set)",3,2
"2025-04-27","Indonesia","(not set)",2,2
"2025-04-27","Myanmar (Burma)","(not set)",2,1
"2025-04-27","Nigeria","(not set)",2,1
"2025-04-27","Singapore","(not set)",2,1
"2025-04-27","Fiji","(not set)",1,1
"2025-04-27","Madagascar","(not set)",1,1
"2025-04-27","Paraguay","(not set)",1,1
"2025-04-27","Philippines","(not set)",1,1
"2025-04-27","Puerto Rico","(not set)",1,1
"2025-04-27","Qatar","(not set)",1,1
"2025-04-27","Vietnam","(not set)",1,1
"2025-04-28","Brazil","(not set)",6472,1132
"2025-04-28","United States","(not set)",595,111
"2025-04-28","Egypt","(not set)",33,4
"2025-04-28","Mexico","(not set)",23,9
"2025-04-28","Colombia","(not set)",17,2
"2025-04-28","Japan","(not set)",17,3
"2025-04-28","Germany","(not set)",16,2
"2025-04-28","Yemen","(not set)",16,1
"2025-04-28","Pakistan","(not set)",13,2
"2025-04-28","Indonesia","(not set)",12,4
"2025-04-28","India","(not set)",10,1
"2025-04-28","Canada","(not set)",9,2
"2025-04-28","Panama","(not set)",9,1
"2025-04-28","Zambia","(not set)",8,1
"2025-04-28","Iran","(not set)",6,4
"2025-04-28","Nigeria","(not set)",6,4
"2025-04-28","Philippines","(not set)",6,5
"2025-04-28","Myanmar (Burma)","(not set)",5,1
"2025-04-28","Bangladesh","(not set)",4,3
"2025-04-28","Peru","(not set)",4,1
"2025-04-28","Argentina","(not set)",3,2
"2025-04-28","Spain","(not set)",3,2
"2025-04-28","Bolivia","(not set)",2,1
"2025-04-28","Haiti","(not set)",2,1
"2025-04-28","Laos","(not set)",2,1
"2025-04-28","Mozambique","(not set)",2,1
"2025-04-28","Sudan","(not set)",2,1
"2025-04-28","Angola","(not set)",1,1
"2025-04-28","Cuba","(not set)",1,1
"2025-04-28","Malaysia","(not set)",1,1
"2025-04-28","Singapore","(not set)",1,1
"2025-04-28","Türkiye","(not set)",1,1
"2025-04-29","Brazil","(not set)",5937,1025
"2025-04-29","United States","(not set)",473,111
"2025-04-29","Mexico","(not set)",41,6
"2025-04-29","Iran","(not set)",17,4
"2025-04-29","Philippines","(not set)",16,4
"2025-04-29","Yemen","(not set)",13,1
"2025-04-29","Malaysia","(not set)",10,1
"2025-04-29","Portugal","(not set)",9,2
"2025-04-29","Argentina","(not set)",7,1
"2025-04-29","United Kingdom","(not set)",7,1
"2025-04-29","Indonesia","(not set)",6,4
"2025-04-29","Papua New Guinea","(not set)",5,1
"2025-04-29","Egypt","(not set)",4,2
"2025-04-29","Ghana","(not set)",4,1
"2025-04-29","India","(not set)",4,2
"2025-04-29","Puerto Rico","(not set)",3,3
"2025-04-29","Colombia","(not set)",2,1
"2025-04-29","Bangladesh","(not set)",1,1
"2025-04-29","Guatemala","(not set)",1,1
"2025-04-29","Madagascar","(not set)",1,1
"2025-04-29","Mozambique","(not set)",1,1
"2025-04-29","New Zealand","(not set)",1,1
"2025-04-29","Saudi Arabia","(not set)",1,1
"2025-04-29","South Africa","(not set)",1,1
"2025-04-29","U.S. Virgin Islands","(not set)",1,1
"2025-04-30","Brazil","(not set)",6783,1145
"2025-04-30","United States","(not set)",604,115
"2025-04-30","Mexico","(not set)",43,8
"2025-04-30","Saudi Arabia","(not set)",20,1
"2025-04-30","Netherlands","(not set)",17,1
"2025-04-30","Argentina","(not set)",14,2
"2025-04-30","Egypt","(not set)",14,3
"2025-04-30","Paraguay","(not set)",10,1
"2025-04-30","Colombia","(not set)",9,1
"2025-04-30","Yemen","(not set)",8,2
"2025-04-30","Bangladesh","(not set)",7,1
"2025-04-30","Iran","(not set)",7,3
"2025-04-30","Uruguay","(not set)",7,1
"2025-04-30","Spain","(not set)",6,1
"2025-04-30","Thailand","(not set)",6,1
"2025-04-30","United Kingdom","(not set)",6,1
"2025-04-30","Indonesia","(not set)",5,3
"2025-04-30","Cameroon","(not set)",4,1
"2025-04-30","Cuba","(not set)",4,2
"2025-04-30","India","(not set)",4,2
"2025-04-30","Puerto Rico","(not set)",4,3
"2025-04-30","Philippines","(not set)",3,2
"2025-04-30","Ethiopia","(not set)",1,1
"2025-04-30","Kenya","(not set)",1,1
"2025-05-01","Brazil","(not set)",8429,1370
"2025-05-01","United States","(not set)",674,131
"2025-05-01","Mexico","(not set)",46,15
"2025-05-01","Egypt","(not set)",37,5
"2025-05-01","Netherlands","(not set)",37,1
"2025-05-01","Portugal","(not set)",18,2
"2025-05-01","British Virgin Islands","(not set)",12,4
"2025-05-01","India","(not set)",10,2
"2025-05-01","Iran","(not set)",9,1
"2025-05-01","United Kingdom","(not set)",8,1
"2025-05-01","Philippines","(not set)",7,2
"2025-05-01","Argentina","(not set)",6,2
"2025-05-01","Colombia","(not set)",6,1
"2025-05-01","Cameroon","(not set)",5,1
"2025-05-01","Cuba","(not set)",4,3
"2025-05-01","Nigeria","(not set)",4,2
"2025-05-01","Angola","(not set)",2,1
"2025-05-01","Nicaragua","(not set)",2,1
"2025-05-01","Venezuela","(not set)",2,1
"2025-05-01","Afghanistan","(not set)",1,1
"2025-05-01","France","(not set)",1,1
"2025-05-01","Ghana","(not set)",1,1
"2025-05-01","Greece","(not set)",1,1
"2025-05-01","Guatemala","(not set)",1,1
"2025-05-01","Haiti","(not set)",1,1
"2025-05-01","Indonesia","(not set)",1,1
"2025-05-01","Mozambique","(not set)",1,1
"2025-05-01","Pakistan","(not set)",1,1
"2025-05-01","Poland","(not set)",1,1
"2025-05-02","Brazil","(not set)",7032,1248
"2025-05-02","United States","(not set)",655,132
"2025-05-02","Mexico","(not set)",75,15
"2025-05-02","Türkiye","(not set)",44,1
"2025-05-02","Nigeria","(not set)",15,5
"2025-05-02","Yemen","(not set)",11,2
"2025-05-02","Argentina","(not set)",10,2
"2025-05-02","Iran","(not set)",10,5
"2025-05-02","Pakistan","(not set)",8,1
"2025-05-02","Egypt","(not set)",7,2
"2025-05-02","Kyrgyzstan","(not set)",7,1
"2025-05-02","Syria","(not set)",7,1
"2025-05-02","(not set)","(not set)",6,1
"2025-05-02","Finland","(not set)",6,1
"2025-05-02","Peru","(not set)",6,1
"2025-05-02","United Kingdom","(not set)",6,1
"2025-05-02","Afghanistan","(not set)",4,1
"2025-05-02","Algeria","(not set)",3,1
"2025-05-02","Cuba","(not set)",3,2
"2025-05-02","Puerto Rico","(not set)",3,2
"2025-05-02","Bangladesh","(not set)",2,1
"2025-05-02","Colombia","(not set)",2,1
"2025-05-02","Chad","(not set)",1,1
"2025-05-02","India","(not set)",1,1
"2025-05-02","Indonesia","(not set)",1,1
"2025-05-02","Netherlands","(not set)",1,1
"2025-05-02","Philippines","(not set)",1,1
"2025-05-02","Portugal","(not set)",1,1
"2025-05-02","Vietnam","(not set)",1,1
"2025-05-03","Brazil","(not set)",7346,1264
"2025-05-03","United States","(not set)",771,137
"2025-05-03","China","(not set)",68,1
"2025-05-03","Mexico","(not set)",37,7
"2025-05-03","Peru","(not set)",24,3
"2025-05-03","Iran","(not set)",18,5
"2025-05-03","Philippines","(not set)",13,5
"2025-05-03","Puerto Rico","(not set)",12,2
"2025-05-03","Indonesia","(not set)",11,1
"2025-05-03","Spain","(not set)",11,1
"2025-05-03","Afghanistan","(not set)",9,1
"2025-05-03","Canada","(not set)",7,1
"2025-05-03","Saudi Arabia","(not set)",7,1
"2025-05-03","Colombia","(not set)",6,1
"2025-05-03","Malaysia","(not set)",6,1
"2025-05-03","Morocco","(not set)",5,1
"2025-05-03","South Korea","(not set)",5,1
"2025-05-03","Switzerland","(not set)",5,1
"2025-05-03","India","(not set)",4,1
"2025-05-03","Cuba","(not set)",2,1
"2025-05-03","Guatemala","(not set)",2,1
"2025-05-03","Kenya","(not set)",2,1
"2025-05-03","United Kingdom","(not set)",2,1
"2025-05-03","Ecuador","(not set)",1,1
"2025-05-03","Ethiopia","(not set)",1,1
"2025-05-03","Hungary","(not set)",1,1
"2025-05-03","Jamaica","(not set)",1,1
"2025-05-03","South Africa","(not set)",1,1
"2025-05-03","Yemen","(not set)",1,1
"2025-05-04","Brazil","(not set)",8278,1354
"2025-05-04","United States","(not set)",701,133
"2025-05-04","China","(not set)",119,1
"2025-05-04","Russia","(not set)",46,3
"2025-05-04","Mexico","(not set)",45,14
"2025-05-04","India","(not set)",19,5
"2025-05-04","United Kingdom","(not set)",15,3
"2025-05-04","Jordan","(not set)",14,1
"2025-05-04","Argentina","(not set)",13,3
"2025-05-04","Peru","(not set)",10,1
"2025-05-04","Puerto Rico","(not set)",10,3
"2025-05-04","Egypt","(not set)",9,3
"2025-05-04","Fiji","(not set)",8,1
"2025-05-04","Afghanistan","(not set)",7,2
"2025-05-04","Belgium","(not set)",6,1
"2025-05-04","Canada","(not set)",6,1
"2025-05-04","Iran","(not set)",6,3
"2025-05-04","Nigeria","(not set)",6,3
"2025-05-04","Algeria","(not set)",5,1
"2025-05-04","Indonesia","(not set)",4,4
"2025-05-04","Czechia","(not set)",3,1
"2025-05-04","Philippines","(not set)",3,2
"2025-05-04","Curaçao","(not set)",2,1
"2025-05-04","Cuba","(not set)",1,1
"2025-05-04","Ecuador","(not set)",1,1
"2025-05-04","Germany","(not set)",1,1
"2025-05-04","Portugal","(not set)",1,1
"2025-05-05","Brazil","(not set)",6705,1219
"2025-05-05","United States","(not set)",647,118
"2025-05-05","China","(not set)",57,1
"2025-05-05","Mexico","(not set)",39,13
"2025-05-05","India","(not set)",29,3
"2025-05-05","Iran","(not set)",22,6
"2025-05-05","Egypt","(not set)",16,4
"2025-05-05","United Kingdom","(not set)",13,2
"2025-05-05","Nigeria","(not set)",9,2
"2025-05-05","Singapore","(not set)",8,1
"2025-05-05","Bolivia","(not set)",7,1
"2025-05-05","Algeria","(not set)",6,1
"2025-05-05","Peru","(not set)",6,1
"2025-05-05","Argentina","(not set)",3,1
"2025-05-05","Cuba","(not set)",2,2
"2025-05-05","Dominican Republic","(not set)",2,1
"2025-05-05","El Salvador","(not set)",2,1
"2025-05-05","Puerto Rico","(not set)",2,2
"2025-05-05","Afghanistan","(not set)",1,1
"2025-05-05","Guatemala","(not set)",1,1
"2025-05-05","Honduras","(not set)",1,1
"2025-05-05","Philippines","(not set)",1,1
"2025-05-05","Portugal","(not set)",1,1
"2025-05-05","Venezuela","(not set)",1,1
"2025-05-06","Brazil","(not set)",5285,1079
"2025-05-06","United States","(not set)",593,105
"2025-05-06","Mexico","(not set)",47,12
"2025-05-06","China","(not set)",40,1
"2025-05-06","Yemen","(not set)",19,1
"2025-05-06","Iran","(not set)",15,8
"2025-05-06","Egypt","(not set)",9,1
"2025-05-06","Libya","(not set)",9,1
"2025-05-06","Nigeria","(not set)",9,4
"2025-05-06","Netherlands","(not set)",8,1
"2025-05-06","Argentina","(not set)",7,1
"2025-05-06","India","(not set)",7,2
"2025-05-06","Indonesia","(not set)",7,3
"2025-05-06","Bangladesh","(not set)",3,2
"2025-05-06","Afghanistan","(not set)",2,1
"2025-05-06","Colombia","(not set)",2,1
"2025-05-06","Cuba","(not set)",2,2
"2025-05-06","Papua New Guinea","(not set)",2,1
"2025-05-06","Puerto Rico","(not set)",2,1
"2025-05-06","Venezuela","(not set)",2,1
"2025-05-06","Cameroon","(not set)",1,1
"2025-05-06","Mozambique","(not set)",1,1
"2025-05-06","Pakistan","(not set)",1,1
"2025-05-06","Philippines","(not set)",1,1
"2025-05-06","Portugal","(not set)",1,1
"2025-05-06","United Kingdom","(not set)",1,1
"2025-05-07","Brazil","(not set)",6421,1113
"2025-05-07","United States","(not set)",533,113
"2025-05-07","Mexico","(not set)",58,10
"2025-05-07","India","(not set)",20,5
"2025-05-07","Colombia","(not set)",13,3
"2025-05-07","Egypt","(not set)",9,1
"2025-05-07","China","(not set)",7,1
"2025-05-07","Indonesia","(not set)",7,3
"2025-05-07","Canada","(not set)",6,1
"2025-05-07","Ethiopia","(not set)",6,2
"2025-05-07","Kenya","(not set)",6,1
"2025-05-07","Puerto Rico","(not set)",6,2
"2025-05-07","Syria","(not set)",6,1
"2025-05-07","Cuba","(not set)",5,4
"2025-05-07","Iran","(not set)",4,2
"2025-05-07","Nigeria","(not set)",4,2
"2025-05-07","Philippines","(not set)",4,3
"2025-05-07","Malaysia","(not set)",3,1
"2025-05-07","Yemen","(not set)",3,1
"2025-05-07","Guatemala","(not set)",2,2
"2025-05-07","El Salvador","(not set)",1,1
"2025-05-07","Papua New Guinea","(not set)",1,1
"2025-05-07","Qatar","(not set)",1,1
"2025-05-07","Spain","(not set)",1,1
"2025-05-08","Brazil","(not set)",7022,1188
"2025-05-08","United States","(not set)",624,130
"2025-05-08","Mexico","(not set)",64,11
"2025-05-08","Syria","(not set)",12,2
"2025-05-08","Argentina","(not set)",11,2
"2025-05-08","Indonesia","(not set)",11,2
"2025-05-08","Egypt","(not set)",10,2
"2025-05-08","Jordan","(not set)",7,1
"2025-05-08","Pakistan","(not set)",7,2
"2025-05-08","Israel","(not set)",6,1
"2025-05-08","Peru","(not set)",6,1
"2025-05-08","Iran","(not set)",5,2
"2025-05-08","Yemen","(not set)",5,1
"2025-05-08","Malaysia","(not set)",4,1
"2025-05-08","Nigeria","(not set)",3,1
"2025-05-08","Afghanistan","(not set)",2,1
"2025-05-08","Cuba","(not set)",2,2
"2025-05-08","El Salvador","(not set)",2,1
"2025-05-08","India","(not set)",2,2
"2025-05-08","Mali","(not set)",2,1
"2025-05-08","Portugal","(not set)",2,2
"2025-05-08","Puerto Rico","(not set)",2,1
"2025-05-08","Saudi Arabia","(not set)",2,1
"2025-05-08","Australia","(not set)",1,1
"2025-05-08","Bangladesh","(not set)",1,1
"2025-05-08","French Guiana","(not set)",1,1
"2025-05-08","Guatemala","(not set)",1,1
"2025-05-08","Mozambique","(not set)",1,1
"2025-05-08","Papua New Guinea","(not set)",1,1
"2025-05-08","Zimbabwe","(not set)",1,1
"2025-05-09","Brazil","(not set)",6290,1144
"2025-05-09","United States","(not set)",585,111
"2025-05-09","Mexico","(not set)",34,13
"2025-05-09","India","(not set)",24,5
"2025-05-09","Argentina","(not set)",14,2
"2025-05-09","Puerto Rico","(not set)",11,4
"2025-05-09","Egypt","(not set)",9,1
"2025-05-09","Canada","(not set)",8,1
"2025-05-09","Bolivia","(not set)",6,1
"2025-05-09","Morocco","(not set)",6,1
"2025-05-09","Saudi Arabia","(not set)",6,1
"2025-05-09","Ecuador","(not set)",5,2
"2025-05-09","Iran","(not set)",5,5
"2025-05-09","El Salvador","(not set)",4,1
"2025-05-09","Colombia","(not set)",3,1
"2025-05-09","Cuba","(not set)",3,2
"2025-05-09","Zimbabwe","(not set)",3,1
"2025-05-09","Algeria","(not set)",2,1
"2025-05-09","Dominican Republic","(not set)",2,1
"2025-05-09","France","(not set)",2,1
"2025-05-09","Ghana","(not set)",2,1
"2025-05-09","Indonesia","(not set)",2,2
"2025-05-09","Laos","(not set)",2,1
"2025-05-09","Nigeria","(not set)",2,1
"2025-05-09","Paraguay","(not set)",2,1
"2025-05-09","Philippines","(not set)",2,2
"2025-05-09","Portugal","(not set)",2,1
"2025-05-09","Fiji","(not set)",1,1
"2025-05-09","Malaysia","(not set)",1,1
"2025-05-09","Thailand","(not set)",1,1
"2025-05-09","United Kingdom","(not set)",1,1
"2025-05-10","Brazil","(not set)",6372,1178
"2025-05-10","United States","(not set)",582,124
"2025-05-10","Mexico","(not set)",58,17
"2025-05-10","India","(not set)",27,3
"2025-05-10","Argentina","(not set)",19,2
"2025-05-10","Yemen","(not set)",15,1
"2025-05-10","Cuba","(not set)",11,4
"2025-05-10","Iran","(not set)",10,5
"2025-05-10","Kuwait","(not set)",8,1
"2025-05-10","Ecuador","(not set)",7,1
"2025-05-10","Bangladesh","(not set)",6,1
"2025-05-10","Peru","(not set)",6,1
"2025-05-10","Spain","(not set)",6,1
"2025-05-10","Colombia","(not set)",5,1
"2025-05-10","Indonesia","(not set)",3,2
"2025-05-10","Kenya","(not set)",3,1
"2025-05-10","Laos","(not set)",3,2
"2025-05-10","Philippines","(not set)",3,2
"2025-05-10","Pakistan","(not set)",2,1
"2025-05-10","Puerto Rico","(not set)",2,1
"2025-05-10","Germany","(not set)",1,1
"2025-05-10","Honduras","(not set)",1,1
"2025-05-10","Nepal","(not set)",1,1
"2025-05-10","Papua New Guinea","(not set)",1,1
"2025-05-10","Singapore","(not set)",1,1
"2025-05-10","Venezuela","(not set)",1,1
"2025-05-11","Brazil","(not set)",7726,1330
"2025-05-11","United States","(not set)",907,154
"2025-05-11","Mexico","(not set)",41,9
"2025-05-11","Iran","(not set)",24,7
"2025-05-11","Colombia","(not set)",18,2
"2025-05-11","United Kingdom","(not set)",15,2
"2025-05-11","Uruguay","(not set)",13,1
"2025-05-11","Yemen","(not set)",13,2
"2025-05-11","Myanmar (Burma)","(not set)",9,1
"2025-05-11","Philippines","(not set)",9,2
"2025-05-11","Indonesia","(not set)",8,1
"2025-05-11","Puerto Rico","(not set)",8,1
"2025-05-11","Algeria","(not set)",7,1
"2025-05-11","Canada","(not set)",7,2
"2025-05-11","Nigeria","(not set)",6,3
"2025-05-11","Congo - Kinshasa","(not set)",3,1
"2025-05-11","India","(not set)",3,2
"2025-05-11","Angola","(not set)",2,1
"2025-05-11","Argentina","(not set)",2,1
"2025-05-11","Ethiopia","(not set)",2,1
"2025-05-11","Fiji","(not set)",2,1
"2025-05-11","Japan","(not set)",2,1
"2025-05-11","Vietnam","(not set)",2,1
"2025-05-11","Honduras","(not set)",1,1
"2025-05-11","Kenya","(not set)",1,1
"2025-05-11","Norway","(not set)",1,1
"2025-05-11","Portugal","(not set)",1,1
"2025-05-11","United Arab Emirates","(not set)",1,1
"2025-05-12","Brazil","(not set)",7001,1256
"2025-05-12","United States","(not set)",648,129
"2025-05-12","Mexico","(not set)",110,11
"2025-05-12","Colombia","(not set)",26,3
"2025-05-12","India","(not set)",22,1
"2025-05-12","Iran","(not set)",15,4
"2025-05-12","Indonesia","(not set)",12,2
"2025-05-12","Nigeria","(not set)",9,3
"2025-05-12","Jordan","(not set)",8,1
"2025-05-12","Paraguay","(not set)",8,1
"2025-05-12","Bangladesh","(not set)",7,1
"2025-05-12","Niger","(not set)",7,1
"2025-05-12","Spain","(not set)",7,1
"2025-05-12","United Kingdom","(not set)",7,2
"2025-05-12","Venezuela","(not set)",7,1
"2025-05-12","Bolivia","(not set)",6,1
"2025-05-12","Germany","(not set)",3,2
"2025-05-12","Myanmar (Burma)","(not set)",3,1
"2025-05-12","Argentina","(not set)",2,1
"2025-05-12","Laos","(not set)",2,1
"2025-05-12","Afghanistan","(not set)",1,1
"2025-05-12","Belgium","(not set)",1,1
"2025-05-12","Cuba","(not set)",1,1
"2025-05-12","Egypt","(not set)",1,1
"2025-05-12","Mozambique","(not set)",1,1
"2025-05-12","Nepal","(not set)",1,1
"2025-05-12","Norway","(not set)",1,1
"2025-05-12","Pakistan","(not set)",1,1
"2025-05-12","Philippines","(not set)",1,1
"2025-05-12","Qatar","(not set)",1,1
"2025-05-12","South Africa","(not set)",1,1
"2025-05-12","Vietnam","(not set)",1,1
"2025-05-12","Zimbabwe","(not set)",1,1
"2025-05-13","Brazil","(not set)",9141,1890
"2025-05-13","United States","(not set)",656,129
"2025-05-13","Mexico","(not set)",41,7
"2025-05-13","Egypt","(not set)",14,2
"2025-05-13","India","(not set)",13,3
"2025-05-13","Iran","(not set)",10,3
"2025-05-13","Colombia","(not set)",9,2
"2025-05-13","Fiji","(not set)",8,1
"2025-05-13","Nigeria","(not set)",8,4
"2025-05-13","Cuba","(not set)",7,3
"2025-05-13","(not set)","(not set)",6,1
"2025-05-13","Indonesia","(not set)",6,1
"2025-05-13","Türkiye","(not set)",6,1
"2025-05-13","Philippines","(not set)",5,2
"2025-05-13","Puerto Rico","(not set)",5,2
"2025-05-13","Argentina","(not set)",3,1
"2025-05-13","Bangladesh","(not set)",3,2
"2025-05-13","Sudan","(not set)",3,2
"2025-05-13","Chile","(not set)",2,1
"2025-05-13","Yemen","(not set)",2,1
"2025-05-13","Vietnam","(not set)",1,1
"2025-05-14","Brazil","(not set)",6903,1162
"2025-05-14","United States","(not set)",678,130
"2025-05-14","India","(not set)",49,3
"2025-05-14","Mexico","(not set)",41,8
"2025-05-14","Indonesia","(not set)",18,3
"2025-05-14","Algeria","(not set)",14,2
"2025-05-14","Philippines","(not set)",12,3
"2025-05-14","Yemen","(not set)",12,2
"2025-05-14","Iran","(not set)",9,3
"2025-05-14","Nigeria","(not set)",9,3
"2025-05-14","United Kingdom","(not set)",7,1
"2025-05-14","Bangladesh","(not set)",6,2
"2025-05-14","Malaysia","(not set)",6,1
"2025-05-14","Morocco","(not set)",6,1
"2025-05-14","Cuba","(not set)",2,2
"2025-05-14","Ethiopia","(not set)",2,1
"2025-05-14","Puerto Rico","(not set)",2,1
"2025-05-14","Afghanistan","(not set)",1,1
"2025-05-14","Egypt","(not set)",1,1
"2025-05-14","France","(not set)",1,1
"2025-05-14","Germany","(not set)",1,1
"2025-05-14","Kenya","(not set)",1,1
"2025-05-14","Myanmar (Burma)","(not set)",1,1
"2025-05-14","Norway","(not set)",1,1
"2025-05-14","Pakistan","(not set)",1,1
"2025-05-14","Papua New Guinea","(not set)",1,1
"2025-05-14","Spain","(not set)",1,1
"2025-05-15","Brazil","(not set)",6693,1152
"2025-05-15","United States","(not set)",619,108
"2025-05-15","Mexico","(not set)",34,10
"2025-05-15","India","(not set)",17,4
"2025-05-15","Egypt","(not set)",16,3
"2025-05-15","Bangladesh","(not set)",15,2
"2025-05-15","Algeria","(not set)",13,1
"2025-05-15","Argentina","(not set)",11,2
"2025-05-15","Iran","(not set)",10,5
"2025-05-15","Indonesia","(not set)",7,5
"2025-05-15","Nigeria","(not set)",6,4
"2025-05-15","Bolivia","(not set)",4,1
"2025-05-15","Cuba","(not set)",4,2
"2025-05-15","Ethiopia","(not set)",2,1
"2025-05-15","Philippines","(not set)",2,1
"2025-05-15","Sudan","(not set)",2,1
"2025-05-15","Afghanistan","(not set)",1,1
"2025-05-15","France","(not set)",1,1
"2025-05-15","Germany","(not set)",1,1
"2025-05-15","Laos","(not set)",1,1
"2025-05-15","Norway","(not set)",1,1
"2025-05-16","Brazil","(not set)",6288,1078
"2025-05-16","United States","(not set)",474,111
"2025-05-16","Canada","(not set)",30,1
"2025-05-16","Mexico","(not set)",30,7
"2025-05-16","Argentina","(not set)",21,2
"2025-05-16","India","(not set)",10,2
"2025-05-16","Japan","(not set)",7,1
"2025-05-16","Iran","(not set)",5,4
"2025-05-16","Indonesia","(not set)",4,4
"2025-05-16","Nigeria","(not set)",3,2
"2025-05-16","Puerto Rico","(not set)",3,2
"2025-05-16","Colombia","(not set)",2,1
"2025-05-16","Venezuela","(not set)",2,1
"2025-05-16","Yemen","(not set)",2,1
"2025-05-16","Algeria","(not set)",1,1
"2025-05-16","Bangladesh","(not set)",1,1
"2025-05-16","Bolivia","(not set)",1,1
"2025-05-16","Congo - Kinshasa","(not set)",1,1
"2025-05-16","Cuba","(not set)",1,1
"2025-05-16","Germany","(not set)",1,1
"2025-05-16","Malaysia","(not set)",1,1
"2025-05-16","Nicaragua","(not set)",1,1
"2025-05-16","Pakistan","(not set)",1,1
"2025-05-16","Philippines","(not set)",1,1
"2025-05-16","Sudan","(not set)",1,1
"2025-05-16","Vietnam","(not set)",1,1
"2025-05-17","Brazil","(not set)",7962,1290
"2025-05-17","United States","(not set)",620,129
"2025-05-17","South Korea","(not set)",344,20
"2025-05-17","Indonesia","(not set)",27,5
"2025-05-17","Iran","(not set)",25,5
"2025-05-17","India","(not set)",23,3
"2025-05-17","Mexico","(not set)",23,7
"2025-05-17","Egypt","(not set)",9,2
"2025-05-17","Portugal","(not set)",9,1
"2025-05-17","Argentina","(not set)",7,2
"2025-05-17","Canada","(not set)",7,2
"2025-05-17","Costa Rica","(not set)",6,1
"2025-05-17","Germany","(not set)",6,1
"2025-05-17","Puerto Rico","(not set)",6,1
"2025-05-17","Romania","(not set)",6,1
"2025-05-17","Syria","(not set)",6,1
"2025-05-17","Morocco","(not set)",5,1
"2025-05-17","Papua New Guinea","(not set)",4,1
"2025-05-17","Cuba","(not set)",3,1
"2025-05-17","Mozambique","(not set)",3,1
"2025-05-17","Nigeria","(not set)",3,1
"2025-05-17","Philippines","(not set)",3,3
"2025-05-17","Kenya","(not set)",2,1
"2025-05-17","Singapore","(not set)",2,1
"2025-05-17","U.S. Virgin Islands","(not set)",2,1
"2025-05-17","Venezuela","(not set)",2,1
"2025-05-17","Bangladesh","(not set)",1,1
"2025-05-17","Grenada","(not set)",1,1
"2025-05-17","Haiti","(not set)",1,1
"2025-05-17","Pakistan","(not set)",1,1
"2025-05-17","Paraguay","(not set)",1,1
"2025-05-17","Poland","(not set)",1,1
"2025-05-18","Brazil","(not set)",9000,1474
"2025-05-18","United States","(not set)",751,136
"2025-05-18","Mexico","(not set)",46,12
"2025-05-18","Puerto Rico","(not set)",31,2
"2025-05-18","Egypt","(not set)",20,3
"2025-05-18","Netherlands","(not set)",18,1
"2025-05-18","Afghanistan","(not set)",15,1
"2025-05-18","Canada","(not set)",12,2
"2025-05-18","Cuba","(not set)",12,4
"2025-05-18","Portugal","(not set)",11,2
"2025-05-18","South Korea","(not set)",11,2
"2025-05-18","Ethiopia","(not set)",5,1
"2025-05-18","Fiji","(not set)",5,1
"2025-05-18","India","(not set)",5,1
"2025-05-18","Jamaica","(not set)",5,1
"2025-05-18","Switzerland","(not set)",5,1
"2025-05-18","Yemen","(not set)",5,1
"2025-05-18","Saudi Arabia","(not set)",4,1
"2025-05-18","Nigeria","(not set)",3,2
"2025-05-18","Indonesia","(not set)",2,2
"2025-05-18","Philippines","(not set)",2,2
"2025-05-18","Angola","(not set)",1,1
"2025-05-18","France","(not set)",1,1
"2025-05-18","Honduras","(not set)",1,1
"2025-05-18","Iran","(not set)",1,1
"2025-05-18","Mozambique","(not set)",1,1
"2025-05-18","Myanmar (Burma)","(not set)",1,1
"2025-05-18","Pakistan","(not set)",1,1
"2025-05-18","Tunisia","(not set)",1,1
"2025-05-18","Vietnam","(not set)",1,1
"2025-05-19","Brazil","(not set)",6822,1188
"2025-05-19","United States","(not set)",512,99
"2025-05-19","Mexico","(not set)",39,8
"2025-05-19","India","(not set)",30,3
"2025-05-19","Germany","(not set)",18,1
"2025-05-19","Algeria","(not set)",16,3
"2025-05-19","Iran","(not set)",12,5
"2025-05-19","Indonesia","(not set)",10,5
"2025-05-19","Argentina","(not set)",8,2
"2025-05-19","South Korea","(not set)",7,1
"2025-05-19","Puerto Rico","(not set)",6,1
"2025-05-19","United Kingdom","(not set)",6,1
"2025-05-19","Nigeria","(not set)",3,2
"2025-05-19","Angola","(not set)",2,1
"2025-05-19","Bangladesh","(not set)",2,1
"2025-05-19","Ethiopia","(not set)",2,1
"2025-05-19","Myanmar (Burma)","(not set)",2,1
"2025-05-19","United Arab Emirates","(not set)",2,1
"2025-05-19","Canada","(not set)",1,1
"2025-05-19","Congo - Kinshasa","(not set)",1,1
"2025-05-19","France","(not set)",1,1
"2025-05-19","Honduras","(not set)",1,1
"2025-05-19","Mozambique","(not set)",1,1
"2025-05-19","Pakistan","(not set)",1,1
"2025-05-19","Philippines","(not set)",1,1
"2025-05-19","Uganda","(not set)",1,1
"2025-05-19","Yemen","(not set)",1,1
"2025-05-19","Zambia","(not set)",1,1
"2025-05-20","Brazil","(not set)",7377,1285
"2025-05-20","United States","(not set)",572,112
"2025-05-20","Indonesia","(not set)",37,4
"2025-05-20","Mexico","(not set)",33,8
"2025-05-20","India","(not set)",25,4
"2025-05-20","Congo - Kinshasa","(not set)",22,1
"2025-05-20","Iran","(not set)",19,4
"2025-05-20","Saudi Arabia","(not set)",18,2
"2025-05-20","Jordan","(not set)",17,1
"2025-05-20","Algeria","(not set)",12,1
"2025-05-20","Fiji","(not set)",10,1
"2025-05-20","Puerto Rico","(not set)",9,1
"2025-05-20","Bolivia","(not set)",6,1
"2025-05-20","Canada","(not set)",6,1
"2025-05-20","Angola","(not set)",4,1
"2025-05-20","Egypt","(not set)",4,2
"2025-05-20","Jamaica","(not set)",3,1
"2025-05-20","Venezuela","(not set)",3,2
"2025-05-20","Cuba","(not set)",2,2
"2025-05-20","Curaçao","(not set)",2,1
"2025-05-20","Nepal","(not set)",2,1
"2025-05-20","Philippines","(not set)",2,2
"2025-05-20","United Kingdom","(not set)",2,1
"2025-05-20","Afghanistan","(not set)",1,1
"2025-05-20","Barbados","(not set)",1,1
"2025-05-20","Myanmar (Burma)","(not set)",1,1
"2025-05-20","Nigeria","(not set)",1,1
"2025-05-21","Brazil","(not set)",8067,1404
"2025-05-21","United States","(not set)",634,132
"2025-05-21","India","(not set)",45,4
"2025-05-21","Mexico","(not set)",32,10
"2025-05-21","Indonesia","(not set)",27,3
"2025-05-21","Italy","(not set)",20,1
"2025-05-21","Nigeria","(not set)",17,3
"2025-05-21","Algeria","(not set)",15,1
"2025-05-21","Netherlands","(not set)",15,2
"2025-05-21","Puerto Rico","(not set)",14,3
"2025-05-21","Japan","(not set)",9,1
"2025-05-21","Egypt","(not set)",7,1
"2025-05-21","Jordan","(not set)",7,1
"2025-05-21","Philippines","(not set)",7,5
"2025-05-21","Portugal","(not set)",6,1
"2025-05-21","Iran","(not set)",4,3
"2025-05-21","Argentina","(not set)",3,2
"2025-05-21","Bangladesh","(not set)",3,1
"2025-05-21","Colombia","(not set)",3,1
"2025-05-21","Vietnam","(not set)",3,1
"2025-05-21","Kenya","(not set)",2,1
"2025-05-21","Pakistan","(not set)",2,2
"2025-05-21","Canada","(not set)",1,1
"2025-05-21","Costa Rica","(not set)",1,1
"2025-05-21","Morocco","(not set)",1,1
"2025-05-21","Singapore","(not set)",1,1
"2025-05-21","Türkiye","(not set)",1,1
"2025-05-21","Uganda","(not set)",1,1
"2025-05-22","Brazil","(not set)",7548,1262
"2025-05-22","United States","(not set)",601,122
"2025-05-22","India","(not set)",93,3
"2025-05-22","Mexico","(not set)",53,8
"2025-05-22","Pakistan","(not set)",29,3
"2025-05-22","Egypt","(not set)",25,4
"2025-05-22","China","(not set)",15,2
"2025-05-22","Iran","(not set)",12,3
"2025-05-22","Japan","(not set)",11,1
"2025-05-22","French Guiana","(not set)",10,1
"2025-05-22","Puerto Rico","(not set)",10,2
"2025-05-22","Chile","(not set)",9,1
"2025-05-22","Zambia","(not set)",9,1
"2025-05-22","Paraguay","(not set)",7,1
"2025-05-22","Portugal","(not set)",7,1
"2025-05-22","Cuba","(not set)",5,3
"2025-05-22","Canada","(not set)",4,3
"2025-05-22","Indonesia","(not set)",3,2
"2025-05-22","Uruguay","(not set)",3,1
"2025-05-22","Colombia","(not set)",2,1
"2025-05-22","Guatemala","(not set)",2,1
"2025-05-22","Mozambique","(not set)",2,1
"2025-05-22","Philippines","(not set)",2,2
"2025-05-22","Ethiopia","(not set)",1,1
"2025-05-22","Tanzania","(not set)",1,1
"2025-05-22","United Kingdom","(not set)",1,1
"2025-05-22","Vietnam","(not set)",1,1
"2025-05-23","Brazil","(not set)",7853,1229
"2025-05-23","United States","(not set)",585,119
"2025-05-23","Indonesia","(not set)",89,2
"2025-05-23","Mexico","(not set)",57,10
"2025-05-23","Bangladesh","(not set)",28,2
"2025-05-23","Chile","(not set)",22,2
"2025-05-23","Jordan","(not set)",16,1
"2025-05-23","Puerto Rico","(not set)",15,2
"2025-05-23","Germany","(not set)",8,1
"2025-05-23","Laos","(not set)",8,1
"2025-05-23","Guatemala","(not set)",6,1
"2025-05-23","Myanmar (Burma)","(not set)",6,1
"2025-05-23","India","(not set)",5,2
"2025-05-23","Papua New Guinea","(not set)",4,1
"2025-05-23","Philippines","(not set)",4,2
"2025-05-23","Angola","(not set)",3,1
"2025-05-23","Honduras","(not set)",3,1
"2025-05-23","Saudi Arabia","(not set)",3,1
"2025-05-23","Ghana","(not set)",2,1
"2025-05-23","Iran","(not set)",2,2
"2025-05-23","Portugal","(not set)",2,1
"2025-05-23","Romania","(not set)",2,1
"2025-05-23","Cuba","(not set)",1,1
"2025-05-23","Denmark","(not set)",1,1
"2025-05-23","Egypt","(not set)",1,1
"2025-05-23","Kenya","(not set)",1,1
"2025-05-23","Malawi","(not set)",1,1
"2025-05-23","New Zealand","(not set)",1,1
"2025-05-23","Nigeria","(not set)",1,1
"2025-05-23","Norway","(not set)",1,1
"2025-05-23","Pakistan","(not set)",1,1
"2025-05-23","South Africa","(not set)",1,1
"2025-05-23","Sudan","(not set)",1,1
"2025-05-23","Venezuela","(not set)",1,1
"2025-05-24","Brazil","(not set)",8360,1413
"2025-05-24","United States","(not set)",649,127
"2025-05-24","India","(not set)",35,5
"2025-05-24","Mexico","(not set)",30,11
"2025-05-24","Canada","(not set)",16,2
"2025-05-24","Puerto Rico","(not set)",14,1
"2025-05-24","Iran","(not set)",12,4
"2025-05-24","Egypt","(not set)",10,3
"2025-05-24","Indonesia","(not set)",10,2
"2025-05-24","Zambia","(not set)",7,1
"2025-05-24","Jamaica","(not set)",6,2
"2025-05-24","Portugal","(not set)",6,2
"2025-05-24","Colombia","(not set)",5,2
"2025-05-24","Cyprus","(not set)",5,1
"2025-05-24","Philippines","(not set)",5,4
"2025-05-24","Spain","(not set)",5,1
"2025-05-24","United Kingdom","(not set)",5,1
"2025-05-24","Ecuador","(not set)",3,2
"2025-05-24","Saudi Arabia","(not set)",3,2
"2025-05-24","U.S. Virgin Islands","(not set)",3,1
"2025-05-24","Cuba","(not set)",2,1
"2025-05-24","Netherlands","(not set)",2,1
"2025-05-24","Nigeria","(not set)",2,2
"2025-05-24","Pakistan","(not set)",2,1
"2025-05-24","South Africa","(not set)",2,2
"2025-05-24","Uruguay","(not set)",2,1
"2025-05-24","Vietnam","(not set)",1,1
"2025-05-25","Brazil","(not set)",9448,1616
"2025-05-25","United States","(not set)",687,135
"2025-05-25","Iran","(not set)",39,6
"2025-05-25","Puerto Rico","(not set)",26,5
"2025-05-25","Mexico","(not set)",25,6
"2025-05-25","United Kingdom","(not set)",24,3
"2025-05-25","South Korea","(not set)",18,3
"2025-05-25","Pakistan","(not set)",16,2
"2025-05-25","Peru","(not set)",12,1
"2025-05-25","Netherlands","(not set)",11,1
"2025-05-25","Egypt","(not set)",7,1
"2025-05-25","United Arab Emirates","(not set)",7,1
"2025-05-25","Algeria","(not set)",6,1
"2025-05-25","Canada","(not set)",6,1
"2025-05-25","Oman","(not set)",6,1
"2025-05-25","Portugal","(not set)",6,1
"2025-05-25","Switzerland","(not set)",6,1
"2025-05-25","Ethiopia","(not set)",5,1
"2025-05-25","Nigeria","(not set)",2,2
"2025-05-25","Zimbabwe","(not set)",2,1
"2025-05-25","Ecuador","(not set)",1,1
"2025-05-25","Ghana","(not set)",1,1
"2025-05-25","Honduras","(not set)",1,1
"2025-05-25","India","(not set)",1,1
"2025-05-25","Indonesia","(not set)",1,1
"2025-05-25","Japan","(not set)",1,1
"2025-05-25","Libya","(not set)",1,1
"2025-05-26","Brazil","(not set)",8593,1424
"2025-05-26","United States","(not set)",524,116
"2025-05-26","Mexico","(not set)",44,7
"2025-05-26","Canada","(not set)",34,2
"2025-05-26","Netherlands","(not set)",27,1
"2025-05-26","Colombia","(not set)",11,1
"2025-05-26","Iran","(not set)",10,4
"2025-05-26","Egypt","(not set)",9,3
"2025-05-26","Yemen","(not set)",9,2
"2025-05-26","India","(not set)",8,2
"2025-05-26","Norway","(not set)",8,1
"2025-05-26","Pakistan","(not set)",7,2
"2025-05-26","Peru","(not set)",6,1
"2025-05-26","Bangladesh","(not set)",4,1
"2025-05-26","Indonesia","(not set)",4,1
"2025-05-26","Ethiopia","(not set)",3,1
"2025-05-26","Puerto Rico","(not set)",3,2
"2025-05-26","Paraguay","(not set)",2,1
"2025-05-26","Thailand","(not set)",2,1
"2025-05-26","Argentina","(not set)",1,1
"2025-05-26","Chile","(not set)",1,1
"2025-05-26","Guatemala","(not set)",1,1
"2025-05-26","Spain","(not set)",1,1
"2025-05-27","Brazil","(not set)",8187,1338
"2025-05-27","United States","(not set)",466,107
"2025-05-27","Egypt","(not set)",39,4
"2025-05-27","Mexico","(not set)",21,9
"2025-05-27","Iran","(not set)",18,6
"2025-05-27","Puerto Rico","(not set)",16,4
"2025-05-27","Argentina","(not set)",13,4
"2025-05-27","India","(not set)",10,1
"2025-05-27","Canada","(not set)",9,1
"2025-05-27","Indonesia","(not set)",8,2
"2025-05-27","Jordan","(not set)",7,1
"2025-05-27","Ghana","(not set)",6,1
"2025-05-27","Peru","(not set)",6,1
"2025-05-27","Germany","(not set)",5,2
"2025-05-27","Jamaica","(not set)",5,1
"2025-05-27","Colombia","(not set)",2,1
"2025-05-27","France","(not set)",2,1
"2025-05-27","Kenya","(not set)",2,1
"2025-05-27","Nigeria","(not set)",2,2
"2025-05-27","Papua New Guinea","(not set)",2,1
"2025-05-27","Philippines","(not set)",2,2
"2025-05-27","Bangladesh","(not set)",1,1
"2025-05-27","Cuba","(not set)",1,1
"2025-05-27","Fiji","(not set)",1,1
"2025-05-27","Honduras","(not set)",1,1
"2025-05-27","Micronesia","(not set)",1,1
"2025-05-27","Morocco","(not set)",1,1
"2025-05-27","Portugal","(not set)",1,1
"2025-05-27","Singapore","(not set)",1,1
"2025-05-27","Spain","(not set)",1,1
"2025-05-27","United Kingdom","(not set)",1,1
"2025-05-28","Brazil","(not set)",7845,1277
"2025-05-28","United States","(not set)",510,106
"2025-05-28","Mexico","(not set)",43,6
"2025-05-28","Bangladesh","(not set)",42,2
"2025-05-28","Netherlands","(not set)",31,1
"2025-05-28","Iran","(not set)",22,5
"2025-05-28","Portugal","(not set)",22,1
"2025-05-28","India","(not set)",17,4
"2025-05-28","Egypt","(not set)",16,3
"2025-05-28","Germany","(not set)",12,3
"2025-05-28","Nigeria","(not set)",8,3
"2025-05-28","Algeria","(not set)",7,2
"2025-05-28","Chile","(not set)",6,1
"2025-05-28","Serbia","(not set)",6,1
"2025-05-28","Tunisia","(not set)",6,1
"2025-05-28","Venezuela","(not set)",6,1
"2025-05-28","Indonesia","(not set)",4,3
"2025-05-28","Angola","(not set)",3,1
"2025-05-28","Cuba","(not set)",2,2
"2025-05-28","Guatemala","(not set)",2,1
"2025-05-28","Pakistan","(not set)",2,2
"2025-05-28","Paraguay","(not set)",2,1
"2025-05-28","United Kingdom","(not set)",2,2
"2025-05-28","Argentina","(not set)",1,1
"2025-05-28","France","(not set)",1,1
"2025-05-28","Honduras","(not set)",1,1
"2025-05-28","Nepal","(not set)",1,1
"2025-05-28","Norway","(not set)",1,1
"2025-05-28","Uruguay","(not set)",1,1
"2025-05-28","Vietnam","(not set)",1,1
"2025-05-29","Brazil","(not set)",8268,1315
"2025-05-29","United States","(not set)",685,139
"2025-05-29","Mexico","(not set)",34,7
"2025-05-29","Iran","(not set)",25,6
"2025-05-29","India","(not set)",18,2
"2025-05-29","Egypt","(not set)",15,4
"2025-05-29","Portugal","(not set)",10,2
"2025-05-29","Switzerland","(not set)",8,1
"2025-05-29","Indonesia","(not set)",7,2
"2025-05-29","Bangladesh","(not set)",6,4
"2025-05-29","Israel","(not set)",6,1
"2025-05-29","Laos","(not set)",6,1
"2025-05-29","Jamaica","(not set)",5,1
"2025-05-29","Algeria","(not set)",3,1
"2025-05-29","Philippines","(not set)",3,2
"2025-05-29","Netherlands","(not set)",2,1
"2025-05-29","Uganda","(not set)",2,1
"2025-05-29","Afghanistan","(not set)",1,1
"2025-05-29","Colombia","(not set)",1,1
"2025-05-29","Cuba","(not set)",1,1
"2025-05-29","Dominican Republic","(not set)",1,1
"2025-05-29","Ethiopia","(not set)",1,1
"2025-05-29","Haiti","(not set)",1,1
"2025-05-29","Nigeria","(not set)",1,1
"2025-05-29","Peru","(not set)",1,1
"2025-05-29","Poland","(not set)",1,1
"2025-05-29","Sudan","(not set)",1,1
"2025-05-29","Thailand","(not set)",1,1
"2025-05-29","Vietnam","(not set)",1,1
"2025-05-30","Brazil","(not set)",7955,1172
"2025-05-30","United States","(not set)",576,120
"2025-05-30","Iran","(not set)",54,7
"2025-05-30","Mexico","(not set)",49,8
"2025-05-30","Egypt","(not set)",29,5
"2025-05-30","India","(not set)",27,3
"2025-05-30","Tunisia","(not set)",16,1
"2025-05-30","Jordan","(not set)",10,1
"2025-05-30","Indonesia","(not set)",8,6
"2025-05-30","Laos","(not set)",8,1
"2025-05-30","Colombia","(not set)",6,1
"2025-05-30","Peru","(not set)",6,1
"2025-05-30","Saudi Arabia","(not set)",6,1
"2025-05-30","U.S. Virgin Islands","(not set)",4,1
"2025-05-30","Canada","(not set)",3,1
"2025-05-30","Italy","(not set)",3,1
"2025-05-30","Pakistan","(not set)",3,2
"2025-05-30","Morocco","(not set)",2,2
"2025-05-30","Paraguay","(not set)",2,1
"2025-05-30","Venezuela","(not set)",2,1
"2025-05-30","Argentina","(not set)",1,1
"2025-05-30","Chile","(not set)",1,1
"2025-05-30","Mozambique","(not set)",1,1
"2025-05-30","Puerto Rico","(not set)",1,1
"2025-05-31","Brazil","(not set)",8594,1406
"2025-05-31","United States","(not set)",658,130
"2025-05-31","Mexico","(not set)",80,13
"2025-05-31","Egypt","(not set)",38,6
"2025-05-31","Saudi Arabia","(not set)",35,3
"2025-05-31","Angola","(not set)",18,2
"2025-05-31","Netherlands","(not set)",16,2
"2025-05-31","India","(not set)",14,4
"2025-05-31","Colombia","(not set)",12,1
"2025-05-31","Iran","(not set)",12,2
"2025-05-31","Nigeria","(not set)",9,2
"2025-05-31","Tunisia","(not set)",9,1
"2025-05-31","Portugal","(not set)",8,2
"2025-05-31","United Kingdom","(not set)",8,1
"2025-05-31","Germany","(not set)",7,1
"2025-05-31","Guatemala","(not set)",7,1
"2025-05-31","Spain","(not set)",7,1
"2025-05-31","United Arab Emirates","(not set)",6,1
"2025-05-31","Zambia","(not set)",6,1
"2025-05-31","Algeria","(not set)",4,2
"2025-05-31","Puerto Rico","(not set)",4,2
"2025-05-31","Haiti","(not set)",3,2
"2025-05-31","Morocco","(not set)",3,2
"2025-05-31","Pakistan","(not set)",3,1
"2025-05-31","Yemen","(not set)",3,2
"2025-05-31","Bangladesh","(not set)",2,1
"2025-05-31","Canada","(not set)",2,1
"2025-05-31","Philippines","(not set)",2,2
"2025-05-31","Indonesia","(not set)",1,1
"2025-06-01","Brazil","(not set)",9790,1542
"2025-06-01","United States","(not set)",675,140
"2025-06-01","Mexico","(not set)",88,14
"2025-06-01","Iran","(not set)",56,5
"2025-06-01","Canada","(not set)",25,4
"2025-06-01","Indonesia","(not set)",24,5
"2025-06-01","Netherlands","(not set)",19,1
"2025-06-01","Egypt","(not set)",17,2
"2025-06-01","Peru","(not set)",17,1
"2025-06-01","New Zealand","(not set)",15,2
"2025-06-01","Paraguay","(not set)",15,1
"2025-06-01","Algeria","(not set)",12,2
"2025-06-01","Argentina","(not set)",12,3
"2025-06-01","St. Kitts & Nevis","(not set)",9,1
"2025-06-01","Portugal","(not set)",8,1
"2025-06-01","Colombia","(not set)",7,2
"2025-06-01","Saudi Arabia","(not set)",7,1
"2025-06-01","Australia","(not set)",6,1
"2025-06-01","United Arab Emirates","(not set)",5,1
"2025-06-01","Bangladesh","(not set)",3,2
"2025-06-01","Pakistan","(not set)",3,1
"2025-06-01","Tunisia","(not set)",3,1
"2025-06-01","Cuba","(not set)",2,1
"2025-06-01","Laos","(not set)",2,1
"2025-06-01","Malaysia","(not set)",2,2
"2025-06-01","Türkiye","(not set)",2,1
"2025-06-01","Angola","(not set)",1,1
"2025-06-01","Honduras","(not set)",1,1
"2025-06-01","India","(not set)",1,1
"2025-06-01","Jamaica","(not set)",1,1
"2025-06-01","Morocco","(not set)",1,1
"2025-06-01","Nigeria","(not set)",1,1
"2025-06-01","Philippines","(not set)",1,1
"2025-06-01","United Kingdom","(not set)",1,1
"2025-06-01","Yemen","(not set)",1,1
"2025-06-02","Brazil","(not set)",8287,1339
"2025-06-02","United States","(not set)",582,121
"2025-06-02","Mexico","(not set)",40,5
"2025-06-02","Iran","(not set)",29,6
"2025-06-02","Portugal","(not set)",26,1
"2025-06-02","India","(not set)",24,5
"2025-06-02","Egypt","(not set)",22,3
"2025-06-02","Pakistan","(not set)",11,2
"2025-06-02","Mozambique","(not set)",9,1
"2025-06-02","Argentina","(not set)",7,1
"2025-06-02","Guatemala","(not set)",7,1
"2025-06-02","Bangladesh","(not set)",6,2
"2025-06-02","Germany","(not set)",6,1
"2025-06-02","Türkiye","(not set)",3,1
"2025-06-02","Ethiopia","(not set)",2,1
"2025-06-02","Indonesia","(not set)",1,1
"2025-06-02","Iraq","(not set)",1,1
"2025-06-02","Kenya","(not set)",1,1
"2025-06-02","Nepal","(not set)",1,1
"2025-06-02","Nigeria","(not set)",1,1
"2025-06-02","Poland","(not set)",1,1
"2025-06-02","Puerto Rico","(not set)",1,1
"2025-06-02","Syria","(not set)",1,1
"2025-06-02","Venezuela","(not set)",1,1
"2025-06-03","Brazil","(not set)",7133,1309
"2025-06-03","United States","(not set)",476,129
"2025-06-03","Mexico","(not set)",41,11
"2025-06-03","Türkiye","(not set)",41,2
"2025-06-03","Egypt","(not set)",13,2
"2025-06-03","Iran","(not set)",12,6
"2025-06-03","Poland","(not set)",12,1
"2025-06-03","Portugal","(not set)",9,1
"2025-06-03","Morocco","(not set)",8,1
"2025-06-03","Indonesia","(not set)",7,4
"2025-06-03","Puerto Rico","(not set)",6,1
"2025-06-03","Saudi Arabia","(not set)",6,1
"2025-06-03","Myanmar (Burma)","(not set)",5,2
"2025-06-03","Pakistan","(not set)",4,1
"2025-06-03","Bolivia","(not set)",3,2
"2025-06-03","India","(not set)",3,2
"2025-06-03","Canada","(not set)",2,1
"2025-06-03","Colombia","(not set)",2,1
"2025-06-03","Nigeria","(not set)",2,1
"2025-06-03","Philippines","(not set)",2,2
"2025-06-03","Afghanistan","(not set)",1,1
"2025-06-03","Bangladesh","(not set)",1,1
"2025-06-03","Ethiopia","(not set)",1,1
"2025-06-03","Syria","(not set)",1,1
"2025-06-04","Brazil","(not set)",7346,1254
"2025-06-04","United States","(not set)",478,109
"2025-06-04","Egypt","(not set)",11,2
"2025-06-04","Portugal","(not set)",9,1
"2025-06-04","Bangladesh","(not set)",8,2
"2025-06-04","Luxembourg","(not set)",8,1
"2025-06-04","United Kingdom","(not set)",8,2
"2025-06-04","Argentina","(not set)",7,1
"2025-06-04","India","(not set)",7,1
"2025-06-04","Mexico","(not set)",7,4
"2025-06-04","Iran","(not set)",5,5
"2025-06-04","South Africa","(not set)",5,1
"2025-06-04","Indonesia","(not set)",4,2
"2025-06-04","Philippines","(not set)",4,3
"2025-06-04","Australia","(not set)",3,1
"2025-06-04","Netherlands","(not set)",3,1
"2025-06-04","Ghana","(not set)",2,1
"2025-06-04","Paraguay","(not set)",2,1
"2025-06-04","Syria","(not set)",2,1
"2025-06-04","Tunisia","(not set)",2,1
"2025-06-04","Venezuela","(not set)",2,1
"2025-06-04","Cuba","(not set)",1,1
"2025-06-04","Morocco","(not set)",1,1
"2025-06-04","Sudan","(not set)",1,1
"2025-06-05","Brazil","(not set)",6599,1123
"2025-06-05","United States","(not set)",440,93
"2025-06-05","Mexico","(not set)",12,6
"2025-06-05","Algeria","(not set)",10,3
"2025-06-05","India","(not set)",10,1
"2025-06-05","Iran","(not set)",10,4
"2025-06-05","Peru","(not set)",10,2
"2025-06-05","Puerto Rico","(not set)",10,1
"2025-06-05","Spain","(not set)",8,2
"2025-06-05","Morocco","(not set)",7,1
"2025-06-05","Fiji","(not set)",6,1
"2025-06-05","Tunisia","(not set)",4,1
"2025-06-05","Zimbabwe","(not set)",4,1
"2025-06-05","Guatemala","(not set)",3,1
"2025-06-05","Indonesia","(not set)",3,2
"2025-06-05","Japan","(not set)",2,1
"2025-06-05","Kenya","(not set)",2,2
"2025-06-05","Malaysia","(not set)",2,2
"2025-06-05","Nigeria","(not set)",2,1
"2025-06-05","Yemen","(not set)",2,1
"2025-06-05","Bangladesh","(not set)",1,1
"2025-06-05","Bermuda","(not set)",1,1
"2025-06-05","Colombia","(not set)",1,1
"2025-06-05","Cuba","(not set)",1,1
"2025-06-05","Ecuador","(not set)",1,1
"2025-06-05","Hungary","(not set)",1,1
"2025-06-05","Libya","(not set)",1,1
"2025-06-05","Norway","(not set)",1,1
"2025-06-05","Philippines","(not set)",1,1
"2025-06-05","Senegal","(not set)",1,1
"2025-06-05","South Africa","(not set)",1,1
"2025-06-05","Thailand","(not set)",1,1
"2025-06-06","Brazil","(not set)",6163,1128
"2025-06-06","United States","(not set)",580,106
"2025-06-06","Egypt","(not set)",32,4
"2025-06-06","Mexico","(not set)",25,9
"2025-06-06","Kenya","(not set)",17,1
"2025-06-06","India","(not set)",16,4
"2025-06-06","Puerto Rico","(not set)",16,2
"2025-06-06","Iran","(not set)",15,4
"2025-06-06","United Kingdom","(not set)",9,1
"2025-06-06","Germany","(not set)",8,1
"2025-06-06","South Korea","(not set)",7,1
"2025-06-06","Argentina","(not set)",6,1
"2025-06-06","Bangladesh","(not set)",6,2
"2025-06-06","Malaysia","(not set)",6,1
"2025-06-06","Indonesia","(not set)",4,3
"2025-06-06","South Africa","(not set)",3,1
"2025-06-06","Morocco","(not set)",2,1
"2025-06-06","Cuba","(not set)",1,1
"2025-06-06","Ethiopia","(not set)",1,1
"2025-06-06","Guatemala","(not set)",1,1
"2025-06-06","Honduras","(not set)",1,1
"2025-06-06","United Arab Emirates","(not set)",1,1
"2025-06-07","Brazil","(not set)",7050,1326
"2025-06-07","United States","(not set)",696,120
"2025-06-07","Iran","(not set)",42,6
"2025-06-07","Ethiopia","(not set)",32,2
"2025-06-07","Puerto Rico","(not set)",25,2
"2025-06-07","Indonesia","(not set)",23,1
"2025-06-07","Mexico","(not set)",13,4
"2025-06-07","Malaysia","(not set)",11,3
"2025-06-07","Egypt","(not set)",9,4
"2025-06-07","Tunisia","(not set)",9,1
"2025-06-07","United Kingdom","(not set)",9,1
"2025-06-07","Colombia","(not set)",8,1
"2025-06-07","France","(not set)",8,1
"2025-06-07","Panama","(not set)",8,1
"2025-06-07","Bolivia","(not set)",7,1
"2025-06-07","Guatemala","(not set)",7,1
"2025-06-07","Jordan","(not set)",7,1
"2025-06-07","South Korea","(not set)",7,1
"2025-06-07","Spain","(not set)",7,1
"2025-06-07","Ecuador","(not set)",6,1
"2025-06-07","Cuba","(not set)",3,1
"2025-06-07","Philippines","(not set)",3,3
"2025-06-07","Poland","(not set)",3,1
"2025-06-07","Algeria","(not set)",2,1
"2025-06-07","Chile","(not set)",2,1
"2025-06-07","Malta","(not set)",2,1
"2025-06-07","Nigeria","(not set)",2,1
"2025-06-07","Yemen","(not set)",2,1
"2025-06-07","India","(not set)",1,1
"2025-06-07","Mozambique","(not set)",1,1
"2025-06-07","Pakistan","(not set)",1,1
"2025-06-08","Brazil","(not set)",7892,1389
"2025-06-08","United States","(not set)",979,168
"2025-06-08","Iran","(not set)",53,8
"2025-06-08","Puerto Rico","(not set)",41,1
"2025-06-08","Mexico","(not set)",40,11
"2025-06-08","Bangladesh","(not set)",14,3
"2025-06-08","Philippines","(not set)",11,5
"2025-06-08","India","(not set)",10,2
"2025-06-08","Colombia","(not set)",8,1
"2025-06-08","Japan","(not set)",8,1
"2025-06-08","Argentina","(not set)",7,1
"2025-06-08","Cuba","(not set)",7,3
"2025-06-08","Dominican Republic","(not set)",7,3
"2025-06-08","Mozambique","(not set)",7,1
"2025-06-08","Egypt","(not set)",6,1
"2025-06-08","Israel","(not set)",6,1
"2025-06-08","Syria","(not set)",6,1
"2025-06-08","Nigeria","(not set)",5,3
"2025-06-08","Saudi Arabia","(not set)",5,1
"2025-06-08","South Korea","(not set)",5,1
"2025-06-08","Sweden","(not set)",5,1
"2025-06-08","Indonesia","(not set)",4,2
"2025-06-08","Fiji","(not set)",3,2
"2025-06-08","Kenya","(not set)",3,1
"2025-06-08","Tunisia","(not set)",3,1
"2025-06-08","Bolivia","(not set)",2,2
"2025-06-08","Curaçao","(not set)",2,1
"2025-06-08","Azerbaijan","(not set)",1,1
"2025-06-08","Canada","(not set)",1,1
"2025-06-08","Chile","(not set)",1,1
"2025-06-08","El Salvador","(not set)",1,1
"2025-06-08","Guyana","(not set)",1,1
"2025-06-08","Liberia","(not set)",1,1
"2025-06-08","Pakistan","(not set)",1,1
"2025-06-08","Papua New Guinea","(not set)",1,1
"2025-06-08","Singapore","(not set)",1,1
"2025-06-08","South Africa","(not set)",1,1
"2025-06-08","Yemen","(not set)",1,1
"2025-06-09","Brazil","(not set)",6457,1114
"2025-06-09","United States","(not set)",697,125
"2025-06-09","Paraguay","(not set)",49,1
"2025-06-09","Iran","(not set)",30,4
"2025-06-09","Indonesia","(not set)",18,4
"2025-06-09","Philippines","(not set)",12,2
"2025-06-09","Tunisia","(not set)",10,1
"2025-06-09","Egypt","(not set)",8,1
"2025-06-09","Japan","(not set)",8,2
"2025-06-09","Mexico","(not set)",8,2
"2025-06-09","Chile","(not set)",6,1
"2025-06-09","Fiji","(not set)",6,1
"2025-06-09","United Kingdom","(not set)",6,1
"2025-06-09","Pakistan","(not set)",4,2
"2025-06-09","South Africa","(not set)",4,1
"2025-06-09","Ethiopia","(not set)",3,1
"2025-06-09","Argentina","(not set)",2,1
"2025-06-09","Bangladesh","(not set)",2,1
"2025-06-09","Algeria","(not set)",1,1
"2025-06-09","Cuba","(not set)",1,1
"2025-06-09","Germany","(not set)",1,1
"2025-06-09","Haiti","(not set)",1,1
"2025-06-09","Honduras","(not set)",1,1
"2025-06-09","India","(not set)",1,1
"2025-06-09","Peru","(not set)",1,1
"2025-06-09","Poland","(not set)",1,1
"2025-06-09","Puerto Rico","(not set)",1,1
"2025-06-09","Russia","(not set)",1,1
"2025-06-09","U.S. Virgin Islands","(not set)",1,1
"2025-06-10","Brazil","(not set)",5750,979
"2025-06-10","United States","(not set)",695,120
"2025-06-10","Egypt","(not set)",33,4
"2025-06-10","Mexico","(not set)",27,9
"2025-06-10","Iran","(not set)",25,5
"2025-06-10","Uruguay","(not set)",9,1
"2025-06-10","Colombia","(not set)",8,1
"2025-06-10","France","(not set)",8,1
"2025-06-10","Argentina","(not set)",7,1
"2025-06-10","Jamaica","(not set)",6,1
"2025-06-10","Puerto Rico","(not set)",6,1
"2025-06-10","Yemen","(not set)",6,1
"2025-06-10","Guatemala","(not set)",5,3
"2025-06-10","Bangladesh","(not set)",3,2
"2025-06-10","Japan","(not set)",3,2
"2025-06-10","Nigeria","(not set)",3,1
"2025-06-10","Philippines","(not set)",3,3
"2025-06-10","Cuba","(not set)",2,1
"2025-06-10","Indonesia","(not set)",2,1
"2025-06-10","Spain","(not set)",1,1
"2025-06-10","Åland Islands","(not set)",1,1
"2025-06-11","Brazil","(not set)",6639,1072
"2025-06-11","United States","(not set)",614,119
"2025-06-11","Mexico","(not set)",43,11
"2025-06-11","Iran","(not set)",39,9
"2025-06-11","India","(not set)",16,5
"2025-06-11","South Africa","(not set)",14,1
"2025-06-11","Nigeria","(not set)",6,3
"2025-06-11","South Korea","(not set)",5,1
"2025-06-11","Cuba","(not set)",4,3
"2025-06-11","Netherlands","(not set)",4,3
"2025-06-11","Pakistan","(not set)",4,2
"2025-06-11","Bangladesh","(not set)",3,2
"2025-06-11","Argentina","(not set)",2,1
"2025-06-11","Egypt","(not set)",2,1
"2025-06-11","Ethiopia","(not set)",2,1
"2025-06-11","Paraguay","(not set)",2,1
"2025-06-11","United Kingdom","(not set)",2,1
"2025-06-11","Algeria","(not set)",1,1
"2025-06-11","Bolivia","(not set)",1,1
"2025-06-11","Haiti","(not set)",1,1
"2025-06-11","Indonesia","(not set)",1,1
"2025-06-11","Papua New Guinea","(not set)",1,1
"2025-06-11","Philippines","(not set)",1,1
"2025-06-11","Portugal","(not set)",1,1
"2025-06-11","Türkiye","(not set)",1,1
"2025-06-12","Brazil","(not set)",6176,1098
"2025-06-12","United States","(not set)",727,115
"2025-06-12","Iran","(not set)",38,4
"2025-06-12","Mexico","(not set)",37,12
"2025-06-12","India","(not set)",15,3
"2025-06-12","Germany","(not set)",10,4
"2025-06-12","Egypt","(not set)",9,2
"2025-06-12","Jordan","(not set)",6,1
"2025-06-12","Peru","(not set)",6,1
"2025-06-12","Indonesia","(not set)",5,3
"2025-06-12","Nigeria","(not set)",5,3
"2025-06-12","Puerto Rico","(not set)",5,1
"2025-06-12","Bangladesh","(not set)",4,1
"2025-06-12","Ethiopia","(not set)",3,1
"2025-06-12","Ghana","(not set)",2,1
"2025-06-12","Hungary","(not set)",2,1
"2025-06-12","Kenya","(not set)",2,1
"2025-06-12","Myanmar (Burma)","(not set)",2,1
"2025-06-12","Philippines","(not set)",2,2
"2025-06-12","Portugal","(not set)",2,1
"2025-06-12","Canada","(not set)",1,1
"2025-06-12","United Kingdom","(not set)",1,1
"2025-06-13","Brazil","(not set)",6849,1148
"2025-06-13","United States","(not set)",707,125
"2025-06-13","Indonesia","(not set)",647,4
"2025-06-13","China","(not set)",41,6
"2025-06-13","Iran","(not set)",41,8
"2025-06-13","Mexico","(not set)",32,11
"2025-06-13","Jordan","(not set)",13,1
"2025-06-13","Netherlands","(not set)",11,1
"2025-06-13","United Kingdom","(not set)",11,2
"2025-06-13","Nigeria","(not set)",9,2
"2025-06-13","Portugal","(not set)",9,1
"2025-06-13","Chile","(not set)",8,2
"2025-06-13","Israel","(not set)",8,1
"2025-06-13","Argentina","(not set)",7,1
"2025-06-13","Canada","(not set)",7,1
"2025-06-13","Peru","(not set)",6,1
"2025-06-13","South Korea","(not set)",6,1
"2025-06-13","Uganda","(not set)",6,1
"2025-06-13","Philippines","(not set)",4,3
"2025-06-13","Venezuela","(not set)",3,2
"2025-06-13","Zimbabwe","(not set)",3,1
"2025-06-13","Ethiopia","(not set)",2,1
"2025-06-13","Germany","(not set)",2,1
"2025-06-13","Kenya","(not set)",2,1
"2025-06-13","Puerto Rico","(not set)",2,2
"2025-06-13","Spain","(not set)",2,1
"2025-06-13","Sweden","(not set)",2,1
"2025-06-13","Zambia","(not set)",2,1
"2025-06-13","Bangladesh","(not set)",1,1
"2025-06-13","Belgium","(not set)",1,1
"2025-06-13","Cuba","(not set)",1,1
"2025-06-13","Côte d’Ivoire","(not set)",1,1
"2025-06-13","Egypt","(not set)",1,1
"2025-06-13","India","(not set)",1,1
"2025-06-13","Qatar","(not set)",1,1
"2025-06-13","Uruguay","(not set)",1,1
"2025-06-14","Brazil","(not set)",7630,1323
"2025-06-14","United States","(not set)",740,145
"2025-06-14","Mexico","(not set)",60,11
"2025-06-14","Egypt","(not set)",34,6
"2025-06-14","Iran","(not set)",24,5
"2025-06-14","Portugal","(not set)",21,3
"2025-06-14","Netherlands","(not set)",14,2
"2025-06-14","Bolivia","(not set)",12,2
"2025-06-14","Israel","(not set)",12,1
"2025-06-14","Kazakhstan","(not set)",12,1
"2025-06-14","India","(not set)",8,3
"2025-06-14","Syria","(not set)",8,1
"2025-06-14","Nigeria","(not set)",6,3
"2025-06-14","Paraguay","(not set)",6,2
"2025-06-14","Zambia","(not set)",6,1
"2025-06-14","Bangladesh","(not set)",5,2
"2025-06-14","Chile","(not set)",5,1
"2025-06-14","France","(not set)",5,1
"2025-06-14","Peru","(not set)",5,1
"2025-06-14","Spain","(not set)",5,1
"2025-06-14","Libya","(not set)",4,1
"2025-06-14","Laos","(not set)",3,1
"2025-06-14","Angola","(not set)",2,2
"2025-06-14","Indonesia","(not set)",2,2
"2025-06-14","Pakistan","(not set)",2,2
"2025-06-14","Philippines","(not set)",2,2
"2025-06-14","Argentina","(not set)",1,1
"2025-06-14","Guatemala","(not set)",1,1
"2025-06-14","Haiti","(not set)",1,1
"2025-06-14","Honduras","(not set)",1,1
"2025-06-14","Jordan","(not set)",1,1
"2025-06-14","Kenya","(not set)",1,1
"2025-06-14","Puerto Rico","(not set)",1,1
"2025-06-14","Romania","(not set)",1,1
"2025-06-15","Brazil","(not set)",8639,1478
"2025-06-15","United States","(not set)",803,158
"2025-06-15","Mexico","(not set)",66,10
"2025-06-15","United Kingdom","(not set)",31,4
"2025-06-15","Puerto Rico","(not set)",17,2
"2025-06-15","Egypt","(not set)",14,2
"2025-06-15","India","(not set)",14,3
"2025-06-15","Canada","(not set)",13,2
"2025-06-15","Japan","(not set)",11,2
"2025-06-15","Iran","(not set)",9,3
"2025-06-15","Chile","(not set)",7,2
"2025-06-15","Argentina","(not set)",6,3
"2025-06-15","Cuba","(not set)",6,2
"2025-06-15","Indonesia","(not set)",6,2
"2025-06-15","Kazakhstan","(not set)",6,1
"2025-06-15","China","(not set)",5,1
"2025-06-15","South Africa","(not set)",5,1
"2025-06-15","South Korea","(not set)",5,1
"2025-06-15","United Arab Emirates","(not set)",5,1
"2025-06-15","Vietnam","(not set)",5,1
"2025-06-15","Ethiopia","(not set)",2,1
"2025-06-15","Netherlands","(not set)",2,1
"2025-06-15","Palestine","(not set)",2,1
"2025-06-15","Zimbabwe","(not set)",2,1
"2025-06-15","Morocco","(not set)",1,1
"2025-06-15","Nigeria","(not set)",1,1
"2025-06-15","Philippines","(not set)",1,1
"2025-06-15","Tanzania","(not set)",1,1
"2025-06-15","Türkiye","(not set)",1,1
"2025-06-15","Uganda","(not set)",1,1
"2025-06-16","Brazil","(not set)",6757,1109
"2025-06-16","United States","(not set)",675,123
"2025-06-16","Mexico","(not set)",17,4
"2025-06-16","Iran","(not set)",13,3
"2025-06-16","India","(not set)",7,2
"2025-06-16","Peru","(not set)",6,1
"2025-06-16","South Africa","(not set)",4,2
"2025-06-16","Indonesia","(not set)",3,2
"2025-06-16","Mozambique","(not set)",3,1
"2025-06-16","Nigeria","(not set)",3,2
"2025-06-16","Colombia","(not set)",2,1
"2025-06-16","Cuba","(not set)",2,1
"2025-06-16","American Samoa","(not set)",1,1
"2025-06-16","Chile","(not set)",1,1
"2025-06-16","Malaysia","(not set)",1,1
"2025-06-16","Pakistan","(not set)",1,1
"2025-06-16","Philippines","(not set)",1,1
"2025-06-16","Venezuela","(not set)",1,1
"2025-06-17","Brazil","(not set)",6794,1133
"2025-06-17","United States","(not set)",572,131
"2025-06-17","United Kingdom","(not set)",32,2
"2025-06-17","Mexico","(not set)",31,9
"2025-06-17","Iran","(not set)",25,7
"2025-06-17","Algeria","(not set)",24,2
"2025-06-17","South Korea","(not set)",23,2
"2025-06-17","Vietnam","(not set)",23,1
"2025-06-17","Egypt","(not set)",15,2
"2025-06-17","India","(not set)",12,4
"2025-06-17","Nigeria","(not set)",12,2
"2025-06-17","Cuba","(not set)",9,1
"2025-06-17","Indonesia","(not set)",9,2
"2025-06-17","Bangladesh","(not set)",7,2
"2025-06-17","Madagascar","(not set)",6,1
"2025-06-17","Chile","(not set)",3,1
"2025-06-17","Saudi Arabia","(not set)",3,1
"2025-06-17","Germany","(not set)",2,1
"2025-06-17","Bolivia","(not set)",1,1
"2025-06-17","El Salvador","(not set)",1,1
"2025-06-17","Morocco","(not set)",1,1
"2025-06-17","Pakistan","(not set)",1,1
"2025-06-17","Sri Lanka","(not set)",1,1
"2025-06-17","Uruguay","(not set)",1,1
"2025-06-18","Brazil","(not set)",6636,1225
"2025-06-18","United States","(not set)",757,140
"2025-06-18","Algeria","(not set)",36,4
"2025-06-18","Peru","(not set)",30,1
"2025-06-18","Mexico","(not set)",24,5
"2025-06-18","Dominican Republic","(not set)",18,1
"2025-06-18","India","(not set)",16,2
"2025-06-18","Puerto Rico","(not set)",12,3
"2025-06-18","Indonesia","(not set)",9,2
"2025-06-18","Türkiye","(not set)",8,1
"2025-06-18","Zimbabwe","(not set)",7,1
"2025-06-18","Israel","(not set)",6,1
"2025-06-18","Malaysia","(not set)",6,1
"2025-06-18","South Korea","(not set)",6,1
"2025-06-18","Cuba","(not set)",5,1
"2025-06-18","Iran","(not set)",5,3
"2025-06-18","Netherlands","(not set)",5,3
"2025-06-18","Nigeria","(not set)",5,2
"2025-06-18","Philippines","(not set)",3,2
"2025-06-18","France","(not set)",2,1
"2025-06-18","Pakistan","(not set)",2,2
"2025-06-18","Sweden","(not set)",2,1
"2025-06-18","Afghanistan","(not set)",1,1
"2025-06-18","Albania","(not set)",1,1
"2025-06-18","Argentina","(not set)",1,1
"2025-06-18","Bolivia","(not set)",1,1
"2025-06-18","Singapore","(not set)",1,1
"2025-06-18","Venezuela","(not set)",1,1
"2025-06-19","Brazil","(not set)",7969,1317
"2025-06-19","United States","(not set)",886,162
"2025-06-19","Morocco","(not set)",54,1
"2025-06-19","Mexico","(not set)",50,11
"2025-06-19","India","(not set)",44,6
"2025-06-19","Iran","(not set)",41,27
"2025-06-19","Dominican Republic","(not set)",23,2
"2025-06-19","Portugal","(not set)",15,2
"2025-06-19","Argentina","(not set)",10,3
"2025-06-19","Puerto Rico","(not set)",10,1
"2025-06-19","Cuba","(not set)",9,4
"2025-06-19","Guatemala","(not set)",9,1
"2025-06-19","Egypt","(not set)",7,1
"2025-06-19","El Salvador","(not set)",7,1
"2025-06-19","Jordan","(not set)",7,1
"2025-06-19","Netherlands","(not set)",7,2
"2025-06-19","South Africa","(not set)",7,2
"2025-06-19","Bangladesh","(not set)",6,2
"2025-06-19","Colombia","(not set)",6,1
"2025-06-19","Germany","(not set)",6,1
"2025-06-19","Tunisia","(not set)",6,1
"2025-06-19","(not set)","(not set)",5,1
"2025-06-19","Canada","(not set)",3,2
"2025-06-19","Peru","(not set)",3,1
"2025-06-19","Chile","(not set)",2,1
"2025-06-19","France","(not set)",2,2
"2025-06-19","Ukraine","(not set)",2,1
"2025-06-19","Algeria","(not set)",1,1
"2025-06-19","Angola","(not set)",1,1
"2025-06-19","Azerbaijan","(not set)",1,1
"2025-06-19","Ethiopia","(not set)",1,1
"2025-06-19","Indonesia","(not set)",1,1
"2025-06-19","Japan","(not set)",1,1
"2025-06-19","Nigeria","(not set)",1,1
"2025-06-19","Philippines","(not set)",1,1
"2025-06-19","United Kingdom","(not set)",1,1
"2025-06-19","Zimbabwe","(not set)",1,1
"2025-06-20","Brazil","(not set)",6833,1109
"2025-06-20","United States","(not set)",644,110
"2025-06-20","Mexico","(not set)",37,7
"2025-06-20","Morocco","(not set)",30,1
"2025-06-20","Iran","(not set)",29,13
"2025-06-20","Dominican Republic","(not set)",28,2
"2025-06-20","Peru","(not set)",21,3
"2025-06-20","Puerto Rico","(not set)",9,1
"2025-06-20","Algeria","(not set)",8,2
"2025-06-20","Austria","(not set)",8,1
"2025-06-20","Indonesia","(not set)",8,3
"2025-06-20","Pakistan","(not set)",8,1
"2025-06-20","Argentina","(not set)",6,1
"2025-06-20","Venezuela","(not set)",6,1
"2025-06-20","Nigeria","(not set)",5,3
"2025-06-20","Cuba","(not set)",4,2
"2025-06-20","Philippines","(not set)",4,2
"2025-06-20","Kenya","(not set)",3,1
"2025-06-20","Belgium","(not set)",2,1
"2025-06-20","Germany","(not set)",2,2
"2025-06-20","Laos","(not set)",2,1
"2025-06-20","Sweden","(not set)",2,1
"2025-06-20","Azerbaijan","(not set)",1,1
"2025-06-20","Bangladesh","(not set)",1,1
"2025-06-20","Ecuador","(not set)",1,1
"2025-06-20","India","(not set)",1,1
"2025-06-20","Liberia","(not set)",1,1
"2025-06-20","New Zealand","(not set)",1,1
"2025-06-20","Portugal","(not set)",1,1
"2025-06-20","Seychelles","(not set)",1,1
"2025-06-20","United Kingdom","(not set)",1,1
"2025-06-21","Brazil","(not set)",7466,1334
"2025-06-21","United States","(not set)",818,138
"2025-06-21","Mexico","(not set)",30,7
"2025-06-21","Dominican Republic","(not set)",28,1
"2025-06-21","Iran","(not set)",27,4
"2025-06-21","India","(not set)",26,3
"2025-06-21","South Korea","(not set)",12,2
"2025-06-21","Egypt","(not set)",11,2
"2025-06-21","Indonesia","(not set)",11,5
"2025-06-21","Nigeria","(not set)",10,3
"2025-06-21","Algeria","(not set)",9,1
"2025-06-21","Germany","(not set)",8,2
"2025-06-21","Puerto Rico","(not set)",7,2
"2025-06-21","Bangladesh","(not set)",5,1
"2025-06-21","Kuwait","(not set)",5,1
"2025-06-21","Morocco","(not set)",5,1
"2025-06-21","Portugal","(not set)",5,1
"2025-06-21","South Africa","(not set)",4,1
"2025-06-21","Canada","(not set)",3,2
"2025-06-21","Cuba","(not set)",3,2
"2025-06-21","Pakistan","(not set)",3,2
"2025-06-21","Spain","(not set)",3,2
"2025-06-21","Kenya","(not set)",2,1
"2025-06-21","Laos","(not set)",2,1
"2025-06-21","United Kingdom","(not set)",2,1
"2025-06-21","Afghanistan","(not set)",1,1
"2025-06-21","Seychelles","(not set)",1,1
"2025-06-21","Zambia","(not set)",1,1
"2025-06-22","Brazil","(not set)",8459,1476
"2025-06-22","United States","(not set)",964,163
"2025-06-22","Iran","(not set)",37,12
"2025-06-22","Argentina","(not set)",25,2
"2025-06-22","Vietnam","(not set)",18,2
"2025-06-22","Mexico","(not set)",15,7
"2025-06-22","Syria","(not set)",8,1
"2025-06-22","United Kingdom","(not set)",8,2
"2025-06-22","Japan","(not set)",7,1
"2025-06-22","Algeria","(not set)",6,1
"2025-06-22","Dominican Republic","(not set)",6,1
"2025-06-22","Türkiye","(not set)",5,1
"2025-06-22","India","(not set)",4,1
"2025-06-22","Netherlands","(not set)",4,3
"2025-06-22","Nigeria","(not set)",4,3
"2025-06-22","Peru","(not set)",3,1
"2025-06-22","Puerto Rico","(not set)",3,1
"2025-06-22","South Africa","(not set)",3,1
"2025-06-22","Belgium","(not set)",2,1
"2025-06-22","Chile","(not set)",2,1
"2025-06-22","Cuba","(not set)",2,1
"2025-06-22","Indonesia","(not set)",2,2
"2025-06-22","Zimbabwe","(not set)",2,1
"2025-06-22","(not set)","(not set)",1,1
"2025-06-22","Afghanistan","(not set)",1,1
"2025-06-22","Bangladesh","(not set)",1,1
"2025-06-22","Germany","(not set)",1,1
"2025-06-22","Honduras","(not set)",1,1
"2025-06-22","Mozambique","(not set)",1,1
"2025-06-22","Pakistan","(not set)",1,1
"2025-06-22","Philippines","(not set)",1,1
"2025-06-22","Russia","(not set)",1,1
"2025-06-22","Venezuela","(not set)",1,1
"2025-06-23","Brazil","(not set)",7034,1118
"2025-06-23","United States","(not set)",637,131
"2025-06-23","Iran","(not set)",187,118
"2025-06-23","Mexico","(not set)",43,7
"2025-06-23","Portugal","(not set)",8,1
"2025-06-23","India","(not set)",7,2
"2025-06-23","Philippines","(not set)",7,2
"2025-06-23","South Korea","(not set)",7,1
"2025-06-23","Argentina","(not set)",6,1
"2025-06-23","Egypt","(not set)",6,1
"2025-06-23","Pakistan","(not set)",6,1
"2025-06-23","Türkiye","(not set)",6,1
"2025-06-23","United Kingdom","(not set)",4,3
"2025-06-23","Germany","(not set)",3,2
"2025-06-23","Indonesia","(not set)",3,2
"2025-06-23","Bangladesh","(not set)",2,1
"2025-06-23","Afghanistan","(not set)",1,1
"2025-06-23","Angola","(not set)",1,1
"2025-06-23","Australia","(not set)",1,1
"2025-06-23","Belgium","(not set)",1,1
"2025-06-23","France","(not set)",1,1
"2025-06-23","Guatemala","(not set)",1,1
"2025-06-23","Italy","(not set)",1,1
"2025-06-23","Japan","(not set)",1,1
"2025-06-23","Netherlands","(not set)",1,1
"2025-06-23","Panama","(not set)",1,1
"2025-06-23","Peru","(not set)",1,1
"2025-06-23","Syria","(not set)",1,1
"2025-06-24","Brazil","(not set)",6736,1134
"2025-06-24","United States","(not set)",642,117
"2025-06-24","Mexico","(not set)",66,10
"2025-06-24","Iran","(not set)",49,22
"2025-06-24","China","(not set)",19,1
"2025-06-24","Egypt","(not set)",16,3
"2025-06-24","South Korea","(not set)",14,1
"2025-06-24","United Kingdom","(not set)",14,1
"2025-06-24","India","(not set)",13,4
"2025-06-24","Bangladesh","(not set)",12,2
"2025-06-24","French Guiana","(not set)",12,1
"2025-06-24","Algeria","(not set)",10,2
"2025-06-24","(not set)","(not set)",8,1
"2025-06-24","Indonesia","(not set)",8,3
"2025-06-24","Canada","(not set)",7,2
"2025-06-24","Uruguay","(not set)",6,1
"2025-06-24","Colombia","(not set)",5,1
"2025-06-24","France","(not set)",5,1
"2025-06-24","Kenya","(not set)",3,1
"2025-06-24","Angola","(not set)",2,1
"2025-06-24","Netherlands","(not set)",2,1
"2025-06-24","Puerto Rico","(not set)",2,1
"2025-06-24","Spain","(not set)",2,1
"2025-06-24","Argentina","(not set)",1,1
"2025-06-24","Germany","(not set)",1,1
"2025-06-24","Malaysia","(not set)",1,1
"2025-06-24","Nigeria","(not set)",1,1
"2025-06-24","Norway","(not set)",1,1
"2025-06-24","South Africa","(not set)",1,1
"2025-06-24","Yemen","(not set)",1,1
"2025-06-25","Brazil","(not set)",7440,1358
"2025-06-25","United States","(not set)",889,148
"2025-06-25","Mexico","(not set)",52,9
"2025-06-25","Philippines","(not set)",44,3
"2025-06-25","China","(not set)",35,5
"2025-06-25","India","(not set)",23,3
"2025-06-25","Argentina","(not set)",22,1
"2025-06-25","Iran","(not set)",20,8
"2025-06-25","Germany","(not set)",12,1
"2025-06-25","South Korea","(not set)",12,2
"2025-06-25","United Kingdom","(not set)",12,2
"2025-06-25","United Arab Emirates","(not set)",9,1
"2025-06-25","Bangladesh","(not set)",8,1
"2025-06-25","Dominican Republic","(not set)",8,1
"2025-06-25","Saudi Arabia","(not set)",7,1
"2025-06-25","Cuba","(not set)",3,1
"2025-06-25","Egypt","(not set)",3,2
"2025-06-25","Bolivia","(not set)",2,1
"2025-06-25","Chile","(not set)",2,2
"2025-06-25","Indonesia","(not set)",2,1
"2025-06-25","Nigeria","(not set)",2,1
"2025-06-25","Paraguay","(not set)",2,1
"2025-06-25","Colombia","(not set)",1,1
"2025-06-25","Guatemala","(not set)",1,1
"2025-06-25","Lesotho","(not set)",1,1
"2025-06-25","Malaysia","(not set)",1,1
"2025-06-25","Panama","(not set)",1,1
"2025-06-25","Papua New Guinea","(not set)",1,1
"2025-06-26","Brazil","(not set)",5650,983
"2025-06-26","United States","(not set)",554,117
"2025-06-26","Mexico","(not set)",33,7
"2025-06-26","Canada","(not set)",16,4
"2025-06-26","Netherlands","(not set)",13,1
"2025-06-26","Iran","(not set)",10,7
"2025-06-26","Dominican Republic","(not set)",9,1
"2025-06-26","Argentina","(not set)",7,1
"2025-06-26","Philippines","(not set)",7,2
"2025-06-26","India","(not set)",4,3
"2025-06-26","El Salvador","(not set)",3,1
"2025-06-26","United Kingdom","(not set)",3,1
"2025-06-26","Afghanistan","(not set)",2,2
"2025-06-26","Chile","(not set)",2,1
"2025-06-26","Colombia","(not set)",2,1
"2025-06-26","Peru","(not set)",2,1
"2025-06-26","Yemen","(not set)",2,1
"2025-06-26","Indonesia","(not set)",1,1
"2025-06-26","Pakistan","(not set)",1,1
"2025-06-26","Portugal","(not set)",1,1
"2025-06-26","Puerto Rico","(not set)",1,1
"2025-06-26","Uruguay","(not set)",1,1
"2025-06-27","Brazil","(not set)",5629,982
"2025-06-27","United States","(not set)",595,118
"2025-06-27","Mexico","(not set)",50,8
"2025-06-27","United Kingdom","(not set)",23,3
"2025-06-27","Iran","(not set)",19,7
"2025-06-27","Argentina","(not set)",10,1
"2025-06-27","Indonesia","(not set)",8,3
"2025-06-27","Egypt","(not set)",6,1
"2025-06-27","India","(not set)",6,3
"2025-06-27","Peru","(not set)",6,1
"2025-06-27","Puerto Rico","(not set)",4,3
"2025-06-27","Algeria","(not set)",2,1
"2025-06-27","Colombia","(not set)",2,1
"2025-06-27","Cuba","(not set)",2,2
"2025-06-27","Spain","(not set)",2,1
"2025-06-27","Angola","(not set)",1,1
"2025-06-27","Bangladesh","(not set)",1,1
"2025-06-27","Botswana","(not set)",1,1
"2025-06-27","Canada","(not set)",1,1
"2025-06-27","Costa Rica","(not set)",1,1
"2025-06-27","Guatemala","(not set)",1,1
"2025-06-27","Portugal","(not set)",1,1
"2025-06-27","Zambia","(not set)",1,1
"2025-06-28","Brazil","(not set)",7505,1325
"2025-06-28","United States","(not set)",766,149
"2025-06-28","Mexico","(not set)",77,10
"2025-06-28","Iran","(not set)",25,4
"2025-06-28","India","(not set)",13,4
"2025-06-28","Puerto Rico","(not set)",12,5
"2025-06-28","Canada","(not set)",11,2
"2025-06-28","Indonesia","(not set)",9,3
"2025-06-28","Jordan","(not set)",8,1
"2025-06-28","Egypt","(not set)",7,2
"2025-06-28","Portugal","(not set)",6,2
"2025-06-28","Vietnam","(not set)",6,1
"2025-06-28","Israel","(not set)",5,1
"2025-06-28","Philippines","(not set)",3,1
"2025-06-28","Cuba","(not set)",2,1
"2025-06-28","El Salvador","(not set)",2,1
"2025-06-28","Guatemala","(not set)",1,1
"2025-06-28","Malaysia","(not set)",1,1
"2025-06-28","Nigeria","(not set)",1,1
"2025-06-28","Norway","(not set)",1,1
"2025-06-28","Pakistan","(not set)",1,1
"2025-06-29","Brazil","(not set)",8728,1467
"2025-06-29","United States","(not set)",891,157
"2025-06-29","Mexico","(not set)",86,16
"2025-06-29","Iran","(not set)",23,6
"2025-06-29","Argentina","(not set)",17,2
"2025-06-29","Peru","(not set)",12,2
"2025-06-29","South Korea","(not set)",11,1
"2025-06-29","Chile","(not set)",9,1
"2025-06-29","Egypt","(not set)",7,2
"2025-06-29","Algeria","(not set)",6,1
"2025-06-29","Canada","(not set)",6,1
"2025-06-29","Pakistan","(not set)",6,2
"2025-06-29","Switzerland","(not set)",6,1
"2025-06-29","Australia","(not set)",5,1
"2025-06-29","Indonesia","(not set)",5,1
"2025-06-29","Netherlands","(not set)",5,1
"2025-06-29","Norway","(not set)",4,1
"2025-06-29","Saudi Arabia","(not set)",4,1
"2025-06-29","Cuba","(not set)",3,2
"2025-06-29","Angola","(not set)",2,1
"2025-06-29","Portugal","(not set)",2,2
"2025-06-29","Puerto Rico","(not set)",2,1
"2025-06-29","South Africa","(not set)",2,1
"2025-06-29","Austria","(not set)",1,1
"2025-06-29","Bolivia","(not set)",1,1
"2025-06-29","Ethiopia","(not set)",1,1
"2025-06-29","India","(not set)",1,1
"2025-06-29","Nigeria","(not set)",1,1
"2025-06-29","Philippines","(not set)",1,1
"2025-06-29","Poland","(not set)",1,1
"2025-06-29","Qatar","(not set)",1,1
"2025-06-29","Uganda","(not set)",1,1
"2025-06-30","Brazil","(not set)",5694,1031
"2025-06-30","United States","(not set)",602,127
"2025-06-30","Norway","(not set)",24,1
"2025-06-30","Albania","(not set)",19,1
"2025-06-30","Israel","(not set)",19,1
"2025-06-30","Mexico","(not set)",19,5
"2025-06-30","Iran","(not set)",17,5
"2025-06-30","Algeria","(not set)",13,1
"2025-06-30","Türkiye","(not set)",12,2
"2025-06-30","China","(not set)",10,2
"2025-06-30","Egypt","(not set)",8,2
"2025-06-30","Canada","(not set)",7,2
"2025-06-30","Romania","(not set)",6,1
"2025-06-30","Saudi Arabia","(not set)",6,1
"2025-06-30","Angola","(not set)",3,1
"2025-06-30","Argentina","(not set)",3,1
"2025-06-30","India","(not set)",3,2
"2025-06-30","Nigeria","(not set)",3,3
"2025-06-30","Puerto Rico","(not set)",3,2
"2025-06-30","Chile","(not set)",2,1
"2025-06-30","Cuba","(not set)",2,1
"2025-06-30","Philippines","(not set)",2,1
"2025-06-30","Zimbabwe","(not set)",2,1
"2025-06-30","El Salvador","(not set)",1,1
"2025-06-30","Mozambique","(not set)",1,1
"2025-06-30","Pakistan","(not set)",1,1
"2025-06-30","South Africa","(not set)",1,1
"2025-07-01","Brazil","(not set)",6435,1150
"2025-07-01","United States","(not set)",727,129
"2025-07-01","India","(not set)",81,4
"2025-07-01","Mexico","(not set)",20,6
"2025-07-01","South Korea","(not set)",18,2
"2025-07-01","Indonesia","(not set)",13,5
"2025-07-01","Puerto Rico","(not set)",13,2
"2025-07-01","Algeria","(not set)",12,3
"2025-07-01","Argentina","(not set)",12,2
"2025-07-01","Iran","(not set)",10,5
"2025-07-01","Paraguay","(not set)",6,1
"2025-07-01","(not set)","(not set)",5,1
"2025-07-01","Norway","(not set)",5,1
"2025-07-01","Yemen","(not set)",5,1
"2025-07-01","Nigeria","(not set)",4,3
"2025-07-01","Dominican Republic","(not set)",2,1
"2025-07-01","Egypt","(not set)",2,1
"2025-07-01","Malaysia","(not set)",2,1
"2025-07-01","New Zealand","(not set)",1,1
"2025-07-01","Philippines","(not set)",1,1
"2025-07-01","South Africa","(not set)",1,1
"2025-07-01","Syria","(not set)",1,1
"2025-07-02","Brazil","(not set)",6835,1209
"2025-07-02","United States","(not set)",642,122
"2025-07-02","Mexico","(not set)",48,16
"2025-07-02","Egypt","(not set)",30,2
"2025-07-02","India","(not set)",18,3
"2025-07-02","Argentina","(not set)",12,2
"2025-07-02","South Korea","(not set)",11,1
"2025-07-02","Israel","(not set)",9,1
"2025-07-02","Morocco","(not set)",9,1
"2025-07-02","Portugal","(not set)",9,2
"2025-07-02","Indonesia","(not set)",8,4
"2025-07-02","Iran","(not set)",7,3
"2025-07-02","Colombia","(not set)",6,1
"2025-07-02","Algeria","(not set)",5,1
"2025-07-02","Canada","(not set)",5,1
"2025-07-02","Nigeria","(not set)",5,3
"2025-07-02","Peru","(not set)",5,2
"2025-07-02","Bangladesh","(not set)",4,2
"2025-07-02","Cuba","(not set)",4,2
"2025-07-02","Ethiopia","(not set)",3,1
"2025-07-02","Philippines","(not set)",3,2
"2025-07-02","Sudan","(not set)",3,2
"2025-07-02","Hungary","(not set)",2,1
"2025-07-02","Kenya","(not set)",2,1
"2025-07-02","Türkiye","(not set)",2,1
"2025-07-02","Ghana","(not set)",1,1
"2025-07-02","Iraq","(not set)",1,1
"2025-07-02","Japan","(not set)",1,1
"2025-07-02","Netherlands","(not set)",1,1
"2025-07-02","Pakistan","(not set)",1,1
"2025-07-02","Puerto Rico","(not set)",1,1
"2025-07-02","South Africa","(not set)",1,1
"2025-07-02","Venezuela","(not set)",1,1
"2025-07-02","Zimbabwe","(not set)",1,1
"2025-07-03","Brazil","(not set)",6227,1149
"2025-07-03","United States","(not set)",764,143
"2025-07-03","Mexico","(not set)",47,6
"2025-07-03","Iran","(not set)",35,8
"2025-07-03","Argentina","(not set)",27,2
"2025-07-03","South Korea","(not set)",27,3
"2025-07-03","Puerto Rico","(not set)",21,4
"2025-07-03","Peru","(not set)",14,2
"2025-07-03","Bangladesh","(not set)",12,1
"2025-07-03","Philippines","(not set)",10,3
"2025-07-03","Romania","(not set)",10,2
"2025-07-03","Egypt","(not set)",8,2
"2025-07-03","Japan","(not set)",8,1
"2025-07-03","India","(not set)",7,2
"2025-07-03","Tunisia","(not set)",6,1
"2025-07-03","Canada","(not set)",5,1
"2025-07-03","Honduras","(not set)",5,1
"2025-07-03","Cuba","(not set)",3,2
"2025-07-03","Bolivia","(not set)",2,1
"2025-07-03","Colombia","(not set)",2,1
"2025-07-03","Spain","(not set)",2,1
"2025-07-03","Venezuela","(not set)",2,1
"2025-07-03","Afghanistan","(not set)",1,1
"2025-07-03","Indonesia","(not set)",1,1
"2025-07-03","Nigeria","(not set)",1,1
"2025-07-04","Brazil","(not set)",5492,971
"2025-07-04","United States","(not set)",546,96
"2025-07-04","India","(not set)",130,5
"2025-07-04","Iran","(not set)",32,3
"2025-07-04","Egypt","(not set)",14,2
"2025-07-04","Mexico","(not set)",12,2
"2025-07-04","Dominican Republic","(not set)",8,1
"2025-07-04","Indonesia","(not set)",8,3
"2025-07-04","Austria","(not set)",7,1
"2025-07-04","Pakistan","(not set)",7,1
"2025-07-04","Costa Rica","(not set)",6,1
"2025-07-04","El Salvador","(not set)",6,1
"2025-07-04","Australia","(not set)",5,1
"2025-07-04","New Zealand","(not set)",4,2
"2025-07-04","Nigeria","(not set)",4,2
"2025-07-04","Puerto Rico","(not set)",4,1
"2025-07-04","Colombia","(not set)",3,1
"2025-07-04","Argentina","(not set)",2,1
"2025-07-04","Chile","(not set)",2,1
"2025-07-04","Ireland","(not set)",2,1
"2025-07-04","Norway","(not set)",2,1
"2025-07-04","Ukraine","(not set)",2,1
"2025-07-04","United Arab Emirates","(not set)",2,1
"2025-07-04","Angola","(not set)",1,1
"2025-07-04","Bangladesh","(not set)",1,1
"2025-07-04","Canada","(not set)",1,1
"2025-07-04","Kenya","(not set)",1,1
"2025-07-04","Laos","(not set)",1,1
"2025-07-04","Malaysia","(not set)",1,1
"2025-07-04","United Kingdom","(not set)",1,1
"2025-07-05","Brazil","(not set)",5811,1103
"2025-07-05","United States","(not set)",759,140
"2025-07-05","Mexico","(not set)",41,11
"2025-07-05","South Korea","(not set)",29,4
"2025-07-05","Peru","(not set)",24,1
"2025-07-05","Bangladesh","(not set)",21,4
"2025-07-05","Spain","(not set)",15,1
"2025-07-05","India","(not set)",11,2
"2025-07-05","Egypt","(not set)",10,4
"2025-07-05","Angola","(not set)",8,1
"2025-07-05","United Kingdom","(not set)",8,3
"2025-07-05","Algeria","(not set)",7,1
"2025-07-05","Philippines","(not set)",7,2
"2025-07-05","Iran","(not set)",6,5
"2025-07-05","Serbia","(not set)",6,1
"2025-07-05","Nigeria","(not set)",4,1
"2025-07-05","Norway","(not set)",4,1
"2025-07-05","Puerto Rico","(not set)",4,3
"2025-07-05","Cuba","(not set)",2,1
"2025-07-05","New Zealand","(not set)",2,1
"2025-07-05","Pakistan","(not set)",2,2
"2025-07-05","Cameroon","(not set)",1,1
"2025-07-05","Canada","(not set)",1,1
"2025-07-05","Congo - Kinshasa","(not set)",1,1
"2025-07-05","Dominican Republic","(not set)",1,1
"2025-07-05","Ecuador","(not set)",1,1
"2025-07-05","Germany","(not set)",1,1
"2025-07-05","Madagascar","(not set)",1,1
"2025-07-05","Morocco","(not set)",1,1
"2025-07-05","Mozambique","(not set)",1,1
"2025-07-06","Brazil","(not set)",6803,1267
"2025-07-06","United States","(not set)",759,152
"2025-07-06","Mexico","(not set)",56,6
"2025-07-06","Puerto Rico","(not set)",36,3
"2025-07-06","Peru","(not set)",23,2
"2025-07-06","Bangladesh","(not set)",16,4
"2025-07-06","United Kingdom","(not set)",13,2
"2025-07-06","Portugal","(not set)",9,2
"2025-07-06","Cuba","(not set)",8,1
"2025-07-06","Pakistan","(not set)",8,2
"2025-07-06","Iran","(not set)",7,6
"2025-07-06","Bolivia","(not set)",6,1
"2025-07-06","Egypt","(not set)",6,2
"2025-07-06","Suriname","(not set)",6,1
"2025-07-06","U.S. Virgin Islands","(not set)",6,1
"2025-07-06","Argentina","(not set)",5,1
"2025-07-06","Nigeria","(not set)",5,1
"2025-07-06","Indonesia","(not set)",4,4
"2025-07-06","Haiti","(not set)",3,1
"2025-07-06","Paraguay","(not set)",3,1
"2025-07-06","Angola","(not set)",2,1
"2025-07-06","India","(not set)",2,1
"2025-07-06","Norway","(not set)",2,1
"2025-07-06","Sri Lanka","(not set)",2,1
"2025-07-06","Uruguay","(not set)",2,2
"2025-07-06","Afghanistan","(not set)",1,1
"2025-07-06","Colombia","(not set)",1,1
"2025-07-06","Ecuador","(not set)",1,1
"2025-07-06","Guatemala","(not set)",1,1
"2025-07-06","Liberia","(not set)",1,1
"2025-07-06","Malaysia","(not set)",1,1
"2025-07-06","Netherlands","(not set)",1,1
"2025-07-06","Philippines","(not set)",1,1
"2025-07-06","Spain","(not set)",1,1
"2025-07-06","Yemen","(not set)",1,1
"2025-07-07","Brazil","(not set)",5604,1080
"2025-07-07","United States","(not set)",583,121
"2025-07-07","Mexico","(not set)",56,9
"2025-07-07","South Korea","(not set)",35,3
"2025-07-07","Iran","(not set)",25,5
"2025-07-07","India","(not set)",18,4
"2025-07-07","Peru","(not set)",14,1
"2025-07-07","Egypt","(not set)",13,2
"2025-07-07","Trinidad & Tobago","(not set)",12,1
"2025-07-07","Portugal","(not set)",10,1
"2025-07-07","Spain","(not set)",8,1
"2025-07-07","Cambodia","(not set)",7,1
"2025-07-07","France","(not set)",6,1
"2025-07-07","New Zealand","(not set)",6,1
"2025-07-07","Puerto Rico","(not set)",6,1
"2025-07-07","Canada","(not set)",4,1
"2025-07-07","Norway","(not set)",4,1
"2025-07-07","Philippines","(not set)",4,2
"2025-07-07","Bangladesh","(not set)",3,2
"2025-07-07","Ethiopia","(not set)",3,1
"2025-07-07","Colombia","(not set)",2,1
"2025-07-07","Cuba","(not set)",2,1
"2025-07-07","Indonesia","(not set)",2,2
"2025-07-07","Japan","(not set)",2,1
"2025-07-07","Kenya","(not set)",2,1
"2025-07-07","United Kingdom","(not set)",2,1
"2025-07-07","Bolivia","(not set)",1,1
"2025-07-07","Germany","(not set)",1,1
"2025-07-07","Guyana","(not set)",1,1
"2025-07-07","Haiti","(not set)",1,1
"2025-07-07","Saudi Arabia","(not set)",1,1
"2025-07-07","Tanzania","(not set)",1,1
"2025-07-08","Brazil","(not set)",5339,1036
"2025-07-08","United States","(not set)",683,143
"2025-07-08","Mexico","(not set)",46,10
"2025-07-08","India","(not set)",25,3
"2025-07-08","South Korea","(not set)",13,1
"2025-07-08","Indonesia","(not set)",11,3
"2025-07-08","Iran","(not set)",10,5
"2025-07-08","Egypt","(not set)",9,2
"2025-07-08","Puerto Rico","(not set)",7,1
"2025-07-08","Costa Rica","(not set)",6,1
"2025-07-08","Dominican Republic","(not set)",6,1
"2025-07-08","Germany","(not set)",6,1
"2025-07-08","Spain","(not set)",4,2
"2025-07-08","Argentina","(not set)",3,1
"2025-07-08","Algeria","(not set)",2,1
"2025-07-08","Cuba","(not set)",2,1
"2025-07-08","Denmark","(not set)",2,1
"2025-07-08","Norway","(not set)",2,1
"2025-07-08","Pakistan","(not set)",2,2
"2025-07-08","Philippines","(not set)",2,2
"2025-07-08","South Africa","(not set)",2,1
"2025-07-08","Guatemala","(not set)",1,1
"2025-07-08","Liberia","(not set)",1,1
"2025-07-08","Martinique","(not set)",1,1
"2025-07-08","Morocco","(not set)",1,1
"2025-07-08","Portugal","(not set)",1,1
"2025-07-09","Brazil","(not set)",6281,1051
"2025-07-09","United States","(not set)",829,132
"2025-07-09","Mexico","(not set)",19,6
"2025-07-09","Portugal","(not set)",17,1
"2025-07-09","Bangladesh","(not set)",16,2
"2025-07-09","South Korea","(not set)",16,1
"2025-07-09","Iran","(not set)",14,4
"2025-07-09","Egypt","(not set)",8,2
"2025-07-09","India","(not set)",8,3
"2025-07-09","Morocco","(not set)",8,1
"2025-07-09","Spain","(not set)",8,2
"2025-07-09","Argentina","(not set)",5,3
"2025-07-09","Zimbabwe","(not set)",4,1
"2025-07-09","Colombia","(not set)",3,1
"2025-07-09","Cuba","(not set)",3,1
"2025-07-09","Canada","(not set)",2,1
"2025-07-09","Haiti","(not set)",2,1
"2025-07-09","Indonesia","(not set)",2,1
"2025-07-09","Philippines","(not set)",2,1
"2025-07-09","Algeria","(not set)",1,1
"2025-07-09","France","(not set)",1,1
"2025-07-09","Ghana","(not set)",1,1
"2025-07-09","Honduras","(not set)",1,1
"2025-07-09","Japan","(not set)",1,1
"2025-07-09","Nigeria","(not set)",1,1
"2025-07-09","South Africa","(not set)",1,1
"2025-07-09","United Kingdom","(not set)",1,1
"2025-07-09","Zambia","(not set)",1,1
"2025-07-10","Brazil","(not set)",8813,1224
"2025-07-10","United States","(not set)",1385,149
"2025-07-10","India","(not set)",34,4
"2025-07-10","Mexico","(not set)",23,9
"2025-07-10","Argentina","(not set)",16,2
"2025-07-10","South Korea","(not set)",12,1
"2025-07-10","Canada","(not set)",10,2
"2025-07-10","Indonesia","(not set)",9,2
"2025-07-10","Iran","(not set)",9,5
"2025-07-10","Netherlands","(not set)",9,2
"2025-07-10","Spain","(not set)",6,1
"2025-07-10","Cuba","(not set)",4,1
"2025-07-10","Nigeria","(not set)",4,2
"2025-07-10","Pakistan","(not set)",3,2
"2025-07-10","Puerto Rico","(not set)",3,1
"2025-07-10","Angola","(not set)",2,1
"2025-07-10","Paraguay","(not set)",2,1
"2025-07-10","United Kingdom","(not set)",2,1
"2025-07-10","Austria","(not set)",1,1
"2025-07-10","Guatemala","(not set)",1,1
"2025-07-10","Myanmar (Burma)","(not set)",1,1
"2025-07-11","Brazil","(not set)",6994,1057
"2025-07-11","United States","(not set)",838,139
"2025-07-11","Mexico","(not set)",51,12
"2025-07-11","India","(not set)",24,4
"2025-07-11","Peru","(not set)",14,1
"2025-07-11","Russia","(not set)",10,1
"2025-07-11","Philippines","(not set)",7,4
"2025-07-11","Bangladesh","(not set)",6,4
"2025-07-11","Panama","(not set)",6,1
"2025-07-11","Puerto Rico","(not set)",6,2
"2025-07-11","Iran","(not set)",4,2
"2025-07-11","Zambia","(not set)",4,1
"2025-07-11","Indonesia","(not set)",3,3
"2025-07-11","Haiti","(not set)",2,1
"2025-07-11","Kenya","(not set)",2,1
"2025-07-11","United Kingdom","(not set)",2,2
"2025-07-11","Algeria","(not set)",1,1
"2025-07-11","Egypt","(not set)",1,1
"2025-07-11","Slovakia","(not set)",1,1
"2025-07-11","Spain","(not set)",1,1
"2025-07-12","Brazil","(not set)",5540,1032
"2025-07-12","United States","(not set)",655,117
"2025-07-12","Iran","(not set)",35,8
"2025-07-12","Mexico","(not set)",27,6
"2025-07-12","India","(not set)",14,3
"2025-07-12","South Korea","(not set)",14,1
"2025-07-12","Japan","(not set)",13,2
"2025-07-12","Egypt","(not set)",9,1
"2025-07-12","Puerto Rico","(not set)",9,7
"2025-07-12","Nepal","(not set)",6,1
"2025-07-12","Peru","(not set)",6,1
"2025-07-12","Saudi Arabia","(not set)",6,1
"2025-07-12","Afghanistan","(not set)",3,1
"2025-07-12","Indonesia","(not set)",3,2
"2025-07-12","Morocco","(not set)",3,1
"2025-07-12","Nigeria","(not set)",3,2
"2025-07-12","Bangladesh","(not set)",2,1
"2025-07-12","Canada","(not set)",2,2
"2025-07-12","Philippines","(not set)",2,1
"2025-07-12","Romania","(not set)",2,1
"2025-07-12","South Africa","(not set)",2,1
"2025-07-12","Zimbabwe","(not set)",2,1
"2025-07-12","Bolivia","(not set)",1,1
"2025-07-12","Burkina Faso","(not set)",1,1
"2025-07-12","China","(not set)",1,1
"2025-07-12","Jamaica","(not set)",1,1
"2025-07-12","Netherlands","(not set)",1,1
"2025-07-12","Pakistan","(not set)",1,1
"2025-07-12","Spain","(not set)",1,1
"2025-07-13","Brazil","(not set)",7206,1372
"2025-07-13","United States","(not set)",928,178
"2025-07-13","Mexico","(not set)",70,15
"2025-07-13","Puerto Rico","(not set)",30,5
"2025-07-13","United Kingdom","(not set)",18,4
"2025-07-13","Philippines","(not set)",16,4
"2025-07-13","Türkiye","(not set)",16,1
"2025-07-13","Bangladesh","(not set)",15,2
"2025-07-13","Cuba","(not set)",10,2
"2025-07-13","Indonesia","(not set)",9,1
"2025-07-13","Iran","(not set)",9,5
"2025-07-13","Canada","(not set)",8,1
"2025-07-13","Thailand","(not set)",8,1
"2025-07-13","Egypt","(not set)",7,1
"2025-07-13","Morocco","(not set)",7,1
"2025-07-13","Argentina","(not set)",6,1
"2025-07-13","Australia","(not set)",6,2
"2025-07-13","Colombia","(not set)",6,1
"2025-07-13","India","(not set)",6,4
"2025-07-13","Malaysia","(not set)",6,1
"2025-07-13","Portugal","(not set)",6,2
"2025-07-13","Japan","(not set)",5,1
"2025-07-13","Oman","(not set)",5,1
"2025-07-13","Peru","(not set)",5,1
"2025-07-13","South Korea","(not set)",4,1
"2025-07-13","South Africa","(not set)",3,1
"2025-07-13","Afghanistan","(not set)",2,1
"2025-07-13","Guatemala","(not set)",2,1
"2025-07-13","Laos","(not set)",2,1
"2025-07-13","Nepal","(not set)",1,1
"2025-07-13","Pakistan","(not set)",1,1
"2025-07-13","Tanzania","(not set)",1,1
"2025-07-13","Venezuela","(not set)",1,1
"2025-07-14","Brazil","(not set)",6795,1192
"2025-07-14","United States","(not set)",646,140
"2025-07-14","Mexico","(not set)",58,11
"2025-07-14","Argentina","(not set)",40,3
"2025-07-14","China","(not set)",26,3
"2025-07-14","Türkiye","(not set)",12,1
"2025-07-14","Iran","(not set)",11,4
"2025-07-14","South Korea","(not set)",11,1
"2025-07-14","Peru","(not set)",10,1
"2025-07-14","Germany","(not set)",8,1
"2025-07-14","Spain","(not set)",7,1
"2025-07-14","Zimbabwe","(not set)",7,1
"2025-07-14","India","(not set)",6,1
"2025-07-14","Oman","(not set)",6,1
"2025-07-14","(not set)","(not set)",5,1
"2025-07-14","Guatemala","(not set)",3,1
"2025-07-14","Philippines","(not set)",3,2
"2025-07-14","Afghanistan","(not set)",2,2
"2025-07-14","Bangladesh","(not set)",2,1
"2025-07-14","Kenya","(not set)",2,1
"2025-07-14","Nigeria","(not set)",2,2
"2025-07-14","Ghana","(not set)",1,1
"2025-07-14","Indonesia","(not set)",1,1
"2025-07-14","Iraq","(not set)",1,1
"2025-07-14","Mozambique","(not set)",1,1
"2025-07-14","Tanzania","(not set)",1,1
"2025-07-15","Brazil","(not set)",5248,1001
"2025-07-15","United States","(not set)",717,131
"2025-07-15","Mexico","(not set)",91,15
"2025-07-15","United Kingdom","(not set)",20,3
"2025-07-15","India","(not set)",15,3
"2025-07-15","South Korea","(not set)",15,2
"2025-07-15","Japan","(not set)",12,2
"2025-07-15","Portugal","(not set)",9,3
"2025-07-15","Indonesia","(not set)",8,1
"2025-07-15","Canada","(not set)",6,1
"2025-07-15","Cuba","(not set)",6,1
"2025-07-15","Nigeria","(not set)",6,4
"2025-07-15","Spain","(not set)",5,1
"2025-07-15","Argentina","(not set)",3,1
"2025-07-15","Iran","(not set)",3,2
"2025-07-15","Nicaragua","(not set)",3,1
"2025-07-15","Afghanistan","(not set)",2,1
"2025-07-15","Paraguay","(not set)",2,1
"2025-07-15","Algeria","(not set)",1,1
"2025-07-15","Angola","(not set)",1,1
"2025-07-15","Colombia","(not set)",1,1
"2025-07-15","Papua New Guinea","(not set)",1,1
"2025-07-15","Puerto Rico","(not set)",1,1
"2025-07-15","Saudi Arabia","(not set)",1,1
"2025-07-15","Türkiye","(not set)",1,1
"2025-07-15","Zambia","(not set)",1,1
"2025-07-15","Zimbabwe","(not set)",1,1
"2025-07-16","Brazil","(not set)",5100,957
"2025-07-16","United States","(not set)",715,123
"2025-07-16","Mexico","(not set)",49,14
"2025-07-16","Argentina","(not set)",31,5
"2025-07-16","Israel","(not set)",18,1
"2025-07-16","Pakistan","(not set)",16,1
"2025-07-16","Tunisia","(not set)",10,1
"2025-07-16","India","(not set)",7,2
"2025-07-16","Iran","(not set)",6,5
"2025-07-16","Malaysia","(not set)",6,1
"2025-07-16","Ukraine","(not set)",6,1
"2025-07-16","United Kingdom","(not set)",6,1
"2025-07-16","Indonesia","(not set)",5,3
"2025-07-16","Cuba","(not set)",4,3
"2025-07-16","Italy","(not set)",3,1
"2025-07-16","South Africa","(not set)",2,1
"2025-07-16","Ethiopia","(not set)",1,1
"2025-07-16","Ghana","(not set)",1,1
"2025-07-16","Japan","(not set)",1,1
"2025-07-16","Netherlands","(not set)",1,1
"2025-07-16","Nigeria","(not set)",1,1
"2025-07-16","Portugal","(not set)",1,1
"2025-07-16","Puerto Rico","(not set)",1,1
"2025-07-16","United Arab Emirates","(not set)",1,1
"2025-07-16","Vietnam","(not set)",1,1
"2025-07-17","Brazil","(not set)",7470,1289
"2025-07-17","United States","(not set)",857,157
"2025-07-17","Mexico","(not set)",23,7
"2025-07-17","China","(not set)",20,3
"2025-07-17","Iran","(not set)",16,5
"2025-07-17","Israel","(not set)",15,1
"2025-07-17","South Korea","(not set)",14,1
"2025-07-17","Portugal","(not set)",13,3
"2025-07-17","France","(not set)",11,2
"2025-07-17","United Kingdom","(not set)",11,2
"2025-07-17","Egypt","(not set)",10,4
"2025-07-17","Colombia","(not set)",9,2
"2025-07-17","Algeria","(not set)",7,2
"2025-07-17","Bangladesh","(not set)",6,1
"2025-07-17","Puerto Rico","(not set)",6,2
"2025-07-17","Canada","(not set)",5,1
"2025-07-17","Ethiopia","(not set)",5,1
"2025-07-17","Nigeria","(not set)",5,3
"2025-07-17","Spain","(not set)",5,1
"2025-07-17","Vietnam","(not set)",5,1
"2025-07-17","Guatemala","(not set)",3,1
"2025-07-17","Türkiye","(not set)",3,1
"2025-07-17","Bolivia","(not set)",2,1
"2025-07-17","Fiji","(not set)",2,1
"2025-07-17","Pakistan","(not set)",2,2
"2025-07-17","Afghanistan","(not set)",1,1
"2025-07-17","Albania","(not set)",1,1
"2025-07-17","Cuba","(not set)",1,1
"2025-07-17","India","(not set)",1,1
"2025-07-17","Rwanda","(not set)",1,1
"2025-07-17","Singapore","(not set)",1,1
"2025-07-17","Uruguay","(not set)",1,1
"2025-07-18","Brazil","(not set)",7148,1207
"2025-07-18","United States","(not set)",952,202
"2025-07-18","Mexico","(not set)",33,7
"2025-07-18","South Korea","(not set)",20,2
"2025-07-18","Morocco","(not set)",18,2
"2025-07-18","India","(not set)",17,3
"2025-07-18","Saudi Arabia","(not set)",15,3
"2025-07-18","Israel","(not set)",11,2
"2025-07-18","Argentina","(not set)",7,2
"2025-07-18","Panama","(not set)",6,1
"2025-07-18","Romania","(not set)",6,1
"2025-07-18","Algeria","(not set)",5,1
"2025-07-18","Bangladesh","(not set)",5,1
"2025-07-18","Indonesia","(not set)",4,1
"2025-07-18","Iran","(not set)",3,3
"2025-07-18","Bolivia","(not set)",2,1
"2025-07-18","Germany","(not set)",2,1
"2025-07-18","Japan","(not set)",2,1
"2025-07-18","Philippines","(not set)",2,2
"2025-07-18","Spain","(not set)",2,1
"2025-07-18","Cuba","(not set)",1,1
"2025-07-18","Guatemala","(not set)",1,1
"2025-07-18","Nigeria","(not set)",1,1
"2025-07-18","Uruguay","(not set)",1,1
"2025-07-19","Brazil","(not set)",7511,1292
"2025-07-19","United States","(not set)",929,171
"2025-07-19","Mexico","(not set)",27,5
"2025-07-19","South Korea","(not set)",27,2
"2025-07-19","Iran","(not set)",23,7
"2025-07-19","Nigeria","(not set)",22,3
"2025-07-19","Egypt","(not set)",14,5
"2025-07-19","Puerto Rico","(not set)",14,1
"2025-07-19","Ethiopia","(not set)",9,1
"2025-07-19","India","(not set)",7,2
"2025-07-19","Pakistan","(not set)",7,1
"2025-07-19","Bangladesh","(not set)",6,2
"2025-07-19","Algeria","(not set)",5,1
"2025-07-19","Argentina","(not set)",5,1
"2025-07-19","Canada","(not set)",5,1
"2025-07-19","Chile","(not set)",5,1
"2025-07-19","Fiji","(not set)",5,1
"2025-07-19","Philippines","(not set)",2,2
"2025-07-19","Spain","(not set)",2,1
"2025-07-19","Cuba","(not set)",1,1
"2025-07-19","Germany","(not set)",1,1
"2025-07-19","Japan","(not set)",1,1
"2025-07-19","Libya","(not set)",1,1
"2025-07-19","Malaysia","(not set)",1,1
"2025-07-19","Türkiye","(not set)",1,1
"2025-07-20","Brazil","(not set)",8152,1476
"2025-07-20","United States","(not set)",1005,184
"2025-07-20","Mexico","(not set)",56,15
"2025-07-20","Sudan","(not set)",27,1
"2025-07-20","Puerto Rico","(not set)",17,5
"2025-07-20","Iran","(not set)",16,8
"2025-07-20","Philippines","(not set)",12,4
"2025-07-20","Paraguay","(not set)",10,2
"2025-07-20","Argentina","(not set)",9,2
"2025-07-20","Colombia","(not set)",9,2
"2025-07-20","Guatemala","(not set)",8,2
"2025-07-20","India","(not set)",8,1
"2025-07-20","Malaysia","(not set)",8,1
"2025-07-20","Portugal","(not set)",8,2
"2025-07-20","Ethiopia","(not set)",7,3
"2025-07-20","Israel","(not set)",7,1
"2025-07-20","Italy","(not set)",7,1
"2025-07-20","Bangladesh","(not set)",6,1
"2025-07-20","Chile","(not set)",6,1
"2025-07-20","Germany","(not set)",6,1
"2025-07-20","Peru","(not set)",6,1
"2025-07-20","Angola","(not set)",5,3
"2025-07-20","Bermuda","(not set)",5,1
"2025-07-20","Egypt","(not set)",5,4
"2025-07-20","Indonesia","(not set)",5,3
"2025-07-20","Ireland","(not set)",4,1
"2025-07-20","South Africa","(not set)",4,1
"2025-07-20","Spain","(not set)",4,1
"2025-07-20","Cuba","(not set)",2,1
"2025-07-20","Niger","(not set)",2,1
"2025-07-20","Nigeria","(not set)",1,1
"2025-07-20","Pakistan","(not set)",1,1
"2025-07-20","Singapore","(not set)",1,1
"2025-07-20","Uruguay","(not set)",1,1
"2025-07-21","Brazil","(not set)",7779,1300
"2025-07-21","United States","(not set)",896,163
"2025-07-21","Mexico","(not set)",56,11
"2025-07-21","India","(not set)",22,3
"2025-07-21","Ethiopia","(not set)",15,1
"2025-07-21","Guatemala","(not set)",15,1
"2025-07-21","Indonesia","(not set)",10,4
"2025-07-21","Malaysia","(not set)",9,1
"2025-07-21","Egypt","(not set)",8,2
"2025-07-21","Colombia","(not set)",7,1
"2025-07-21","Argentina","(not set)",6,1
"2025-07-21","Morocco","(not set)",6,1
"2025-07-21","Laos","(not set)",5,1
"2025-07-21","Peru","(not set)",5,1
"2025-07-21","Philippines","(not set)",5,1
"2025-07-21","Puerto Rico","(not set)",5,1
"2025-07-21","Iran","(not set)",4,3
"2025-07-21","Nigeria","(not set)",4,1
"2025-07-21","Afghanistan","(not set)",3,1
"2025-07-21","Cuba","(not set)",3,2
"2025-07-21","Greece","(not set)",2,1
"2025-07-21","Kenya","(not set)",2,1
"2025-07-21","Pakistan","(not set)",2,1
"2025-07-21","Ghana","(not set)",1,1
"2025-07-21","Honduras","(not set)",1,1
"2025-07-21","Saudi Arabia","(not set)",1,1
"2025-07-21","United Kingdom","(not set)",1,1
"2025-07-21","Uruguay","(not set)",1,1
"2025-07-22","Brazil","(not set)",8111,1358
"2025-07-22","United States","(not set)",959,150
"2025-07-22","Mexico","(not set)",41,10
"2025-07-22","Indonesia","(not set)",29,3
"2025-07-22","Iran","(not set)",23,9
"2025-07-22","Egypt","(not set)",16,3
"2025-07-22","Palestine","(not set)",15,1
"2025-07-22","India","(not set)",14,5
"2025-07-22","Israel","(not set)",12,1
"2025-07-22","Colombia","(not set)",11,2
"2025-07-22","Malaysia","(not set)",11,1
"2025-07-22","Cuba","(not set)",10,4
"2025-07-22","China","(not set)",9,1
"2025-07-22","Kuwait","(not set)",9,1
"2025-07-22","United Kingdom","(not set)",9,1
"2025-07-22","Nepal","(not set)",8,1
"2025-07-22","South Korea","(not set)",6,1
"2025-07-22","Bangladesh","(not set)",5,1
"2025-07-22","Ethiopia","(not set)",5,1
"2025-07-22","Peru","(not set)",5,1
"2025-07-22","Japan","(not set)",4,1
"2025-07-22","Philippines","(not set)",3,2
"2025-07-22","Turkmenistan","(not set)",3,2
"2025-07-22","Argentina","(not set)",2,1
"2025-07-22","Panama","(not set)",2,1
"2025-07-22","Angola","(not set)",1,1
"2025-07-22","Ecuador","(not set)",1,1
"2025-07-22","Uruguay","(not set)",1,1
"2025-07-22","Yemen","(not set)",1,1
"2025-07-23","Brazil","(not set)",8562,1425
"2025-07-23","United States","(not set)",839,149
"2025-07-23","Indonesia","(not set)",83,4
"2025-07-23","Mexico","(not set)",70,13
"2025-07-23","India","(not set)",42,6
"2025-07-23","Puerto Rico","(not set)",25,3
"2025-07-23","Germany","(not set)",19,2
"2025-07-23","Iran","(not set)",12,2
"2025-07-23","Pakistan","(not set)",10,2
"2025-07-23","Morocco","(not set)",8,2
"2025-07-23","United Kingdom","(not set)",8,2
"2025-07-23","Peru","(not set)",7,2
"2025-07-23","South Korea","(not set)",7,1
"2025-07-23","United Arab Emirates","(not set)",7,3
"2025-07-23","Egypt","(not set)",3,2
"2025-07-23","Ethiopia","(not set)",3,2
"2025-07-23","Malaysia","(not set)",3,1
"2025-07-23","Nigeria","(not set)",3,2
"2025-07-23","Philippines","(not set)",2,2
"2025-07-23","Canada","(not set)",1,1
"2025-07-23","Colombia","(not set)",1,1
"2025-07-23","Cuba","(not set)",1,1
"2025-07-23","Honduras","(not set)",1,1
"2025-07-23","Ireland","(not set)",1,1
"2025-07-23","Italy","(not set)",1,1
"2025-07-23","Japan","(not set)",1,1
"2025-07-23","Malta","(not set)",1,1
"2025-07-23","Sudan","(not set)",1,1
"2025-07-23","Uruguay","(not set)",1,1
"2025-07-24","Brazil","(not set)",8461,1415
"2025-07-24","United States","(not set)",855,152
"2025-07-24","Puerto Rico","(not set)",38,1
"2025-07-24","India","(not set)",30,4
"2025-07-24","Mexico","(not set)",29,9
"2025-07-24","South Korea","(not set)",23,2
"2025-07-24","Portugal","(not set)",16,3
"2025-07-24","Nigeria","(not set)",14,4
"2025-07-24","Colombia","(not set)",13,2
"2025-07-24","Saudi Arabia","(not set)",11,1
"2025-07-24","Egypt","(not set)",9,1
"2025-07-24","Indonesia","(not set)",9,3
"2025-07-24","Iran","(not set)",8,3
"2025-07-24","Netherlands","(not set)",8,2
"2025-07-24","Pakistan","(not set)",7,4
"2025-07-24","Fiji","(not set)",6,1
"2025-07-24","Chile","(not set)",5,1
"2025-07-24","Guatemala","(not set)",5,1
"2025-07-24","Ethiopia","(not set)",4,1
"2025-07-24","Philippines","(not set)",3,2
"2025-07-24","Bangladesh","(not set)",2,1
"2025-07-24","Zimbabwe","(not set)",2,1
"2025-07-24","Afghanistan","(not set)",1,1
"2025-07-24","Italy","(not set)",1,1
"2025-07-24","Kenya","(not set)",1,1
"2025-07-24","Liberia","(not set)",1,1
"2025-07-24","Mozambique","(not set)",1,1
"2025-07-25","Brazil","(not set)",8234,1391
"2025-07-25","United States","(not set)",710,131
"2025-07-25","Mexico","(not set)",24,8
"2025-07-25","South Korea","(not set)",24,2
"2025-07-25","India","(not set)",16,5
"2025-07-25","Bangladesh","(not set)",13,2
"2025-07-25","Peru","(not set)",11,2
"2025-07-25","Ethiopia","(not set)",8,4
"2025-07-25","Madagascar","(not set)",7,1
"2025-07-25","Nigeria","(not set)",7,1
"2025-07-25","Japan","(not set)",6,1
"2025-07-25","Morocco","(not set)",6,1
"2025-07-25","Algeria","(not set)",5,1
"2025-07-25","Egypt","(not set)",5,1
"2025-07-25","Puerto Rico","(not set)",5,1
"2025-07-25","Romania","(not set)",5,1
"2025-07-25","Angola","(not set)",4,2
"2025-07-25","Cuba","(not set)",4,2
"2025-07-25","Germany","(not set)",3,1
"2025-07-25","Iran","(not set)",3,2
"2025-07-25","Kenya","(not set)",3,2
"2025-07-25","Philippines","(not set)",3,2
"2025-07-25","Argentina","(not set)",2,2
"2025-07-25","Indonesia","(not set)",2,2
"2025-07-25","Netherlands","(not set)",2,1
"2025-07-25","Spain","(not set)",2,1
"2025-07-25","Bermuda","(not set)",1,1
"2025-07-25","Canada","(not set)",1,1
"2025-07-25","El Salvador","(not set)",1,1
"2025-07-25","Tunisia","(not set)",1,1
"2025-07-25","Yemen","(not set)",1,1
"2025-07-26","Brazil","(not set)",8086,1420
"2025-07-26","United States","(not set)",1150,160
"2025-07-26","Mexico","(not set)",42,11
"2025-07-26","India","(not set)",27,5
"2025-07-26","South Korea","(not set)",20,1
"2025-07-26","Germany","(not set)",19,2
"2025-07-26","Algeria","(not set)",16,2
"2025-07-26","Argentina","(not set)",15,3
"2025-07-26","Egypt","(not set)",14,3
"2025-07-26","Bangladesh","(not set)",13,2
"2025-07-26","Nigeria","(not set)",10,4
"2025-07-26","Peru","(not set)",10,1
"2025-07-26","Puerto Rico","(not set)",9,2
"2025-07-26","United Kingdom","(not set)",9,3
"2025-07-26","Colombia","(not set)",5,1
"2025-07-26","Jamaica","(not set)",5,2
"2025-07-26","Malaysia","(not set)",5,1
"2025-07-26","Tunisia","(not set)",5,1
"2025-07-26","United Arab Emirates","(not set)",5,1
"2025-07-26","Pakistan","(not set)",4,2
"2025-07-26","Ethiopia","(not set)",3,3
"2025-07-26","Trinidad & Tobago","(not set)",3,1
"2025-07-26","Chile","(not set)",2,1
"2025-07-26","Cuba","(not set)",2,2
"2025-07-26","Iran","(not set)",2,2
"2025-07-26","Japan","(not set)",2,1
"2025-07-26","Kenya","(not set)",2,1
"2025-07-26","Paraguay","(not set)",2,1
"2025-07-26","Philippines","(not set)",2,1
"2025-07-26","Spain","(not set)",2,1
"2025-07-26","Hong Kong","(not set)",1,1
"2025-07-26","Indonesia","(not set)",1,1
"2025-07-26","Netherlands","(not set)",1,1
"2025-07-26","Qatar","(not set)",1,1
"2025-07-26","Yemen","(not set)",1,1
"2025-07-27","Brazil","(not set)",9201,1615
"2025-07-27","United States","(not set)",1122,178
"2025-07-27","Mexico","(not set)",39,11
"2025-07-27","Puerto Rico","(not set)",36,2
"2025-07-27","India","(not set)",14,2
"2025-07-27","Bolivia","(not set)",12,1
"2025-07-27","Nigeria","(not set)",8,3
"2025-07-27","Indonesia","(not set)",7,3
"2025-07-27","Colombia","(not set)",6,1
"2025-07-27","Oman","(not set)",6,1
"2025-07-27","Argentina","(not set)",5,1
"2025-07-27","Canada","(not set)",5,1
"2025-07-27","Egypt","(not set)",5,2
"2025-07-27","Laos","(not set)",5,1
"2025-07-27","Nicaragua","(not set)",5,1
"2025-07-27","Pakistan","(not set)",5,2
"2025-07-27","Peru","(not set)",5,1
"2025-07-27","Portugal","(not set)",5,1
"2025-07-27","Syria","(not set)",4,1
"2025-07-27","Congo - Kinshasa","(not set)",2,1
"2025-07-27","Iran","(not set)",2,2
"2025-07-27","Tunisia","(not set)",2,1
"2025-07-27","Chile","(not set)",1,1
"2025-07-27","Japan","(not set)",1,1
"2025-07-27","Malaysia","(not set)",1,1
"2025-07-27","Philippines","(not set)",1,1
"2025-07-27","Saudi Arabia","(not set)",1,1
"2025-07-27","United Kingdom","(not set)",1,1
"2025-07-28","Brazil","(not set)",8470,1415
"2025-07-28","United States","(not set)",956,171
"2025-07-28","Mexico","(not set)",50,11
"2025-07-28","India","(not set)",26,3
"2025-07-28","South Korea","(not set)",25,3
"2025-07-28","Iran","(not set)",19,7
"2025-07-28","Puerto Rico","(not set)",15,1
"2025-07-28","Morocco","(not set)",14,2
"2025-07-28","Saudi Arabia","(not set)",13,1
"2025-07-28","Nigeria","(not set)",12,4
"2025-07-28","Egypt","(not set)",10,1
"2025-07-28","Jordan","(not set)",10,1
"2025-07-28","South Africa","(not set)",9,2
"2025-07-28","United Kingdom","(not set)",9,2
"2025-07-28","Türkiye","(not set)",8,1
"2025-07-28","Algeria","(not set)",6,1
"2025-07-28","Chile","(not set)",5,1
"2025-07-28","France","(not set)",5,1
"2025-07-28","Pakistan","(not set)",4,2
"2025-07-28","Ethiopia","(not set)",3,2
"2025-07-28","Indonesia","(not set)",2,2
"2025-07-28","Kenya","(not set)",2,1
"2025-07-28","Afghanistan","(not set)",1,1
"2025-07-28","Cameroon","(not set)",1,1
"2025-07-28","China","(not set)",1,1
"2025-07-28","Mozambique","(not set)",1,1
"2025-07-28","Spain","(not set)",1,1
"2025-07-29","Brazil","(not set)",7656,1288
"2025-07-29","United States","(not set)",888,135
"2025-07-29","Mexico","(not set)",28,9
"2025-07-29","Puerto Rico","(not set)",24,1
"2025-07-29","Portugal","(not set)",16,2
"2025-07-29","South Korea","(not set)",16,2
"2025-07-29","Italy","(not set)",11,1
"2025-07-29","Canada","(not set)",9,1
"2025-07-29","Iran","(not set)",8,6
"2025-07-29","Saudi Arabia","(not set)",8,3
"2025-07-29","Syria","(not set)",8,1
"2025-07-29","Peru","(not set)",7,1
"2025-07-29","Indonesia","(not set)",6,2
"2025-07-29","Jordan","(not set)",5,1
"2025-07-29","Pakistan","(not set)",5,3
"2025-07-29","Philippines","(not set)",5,2
"2025-07-29","India","(not set)",4,3
"2025-07-29","Japan","(not set)",3,1
"2025-07-29","Argentina","(not set)",2,1
"2025-07-29","Kenya","(not set)",2,1
"2025-07-29","Spain","(not set)",2,1
"2025-07-29","Ukraine","(not set)",2,1
"2025-07-29","Cuba","(not set)",1,1
"2025-07-29","Germany","(not set)",1,1
"2025-07-29","Netherlands","(not set)",1,1
"2025-07-29","Uganda","(not set)",1,1
"2025-07-30","Brazil","(not set)",6902,1302
"2025-07-30","United States","(not set)",765,154
"2025-07-30","Indonesia","(not set)",21,4
"2025-07-30","Puerto Rico","(not set)",20,1
"2025-07-30","South Korea","(not set)",20,2
"2025-07-30","Mexico","(not set)",16,5
"2025-07-30","India","(not set)",15,6
"2025-07-30","Iran","(not set)",14,4
"2025-07-30","Philippines","(not set)",12,2
"2025-07-30","Japan","(not set)",9,1
"2025-07-30","Nigeria","(not set)",9,3
"2025-07-30","Egypt","(not set)",8,1
"2025-07-30","Peru","(not set)",8,2
"2025-07-30","Argentina","(not set)",7,1
"2025-07-30","Colombia","(not set)",7,1
"2025-07-30","Chile","(not set)",6,1
"2025-07-30","Armenia","(not set)",5,1
"2025-07-30","Canada","(not set)",5,1
"2025-07-30","Israel","(not set)",5,1
"2025-07-30","Portugal","(not set)",5,1
"2025-07-30","United Arab Emirates","(not set)",5,1
"2025-07-30","Germany","(not set)",2,1
"2025-07-30","Italy","(not set)",2,1
"2025-07-30","Netherlands","(not set)",2,1
"2025-07-30","Papua New Guinea","(not set)",2,1
"2025-07-30","United Kingdom","(not set)",2,1
"2025-07-30","Pakistan","(not set)",1,1
"2025-07-31","Brazil","(not set)",7362,1285
"2025-07-31","United States","(not set)",706,141
"2025-07-31","Mexico","(not set)",34,9
"2025-07-31","Puerto Rico","(not set)",23,2
"2025-07-31","Spain","(not set)",23,1
"2025-07-31","South Korea","(not set)",22,2
"2025-07-31","India","(not set)",18,4
"2025-07-31","Netherlands","(not set)",13,2
"2025-07-31","Peru","(not set)",11,2
"2025-07-31","Egypt","(not set)",9,1
"2025-07-31","Canada","(not set)",6,1
"2025-07-31","Indonesia","(not set)",6,2
"2025-07-31","Poland","(not set)",6,1
"2025-07-31","Switzerland","(not set)",6,1
"2025-07-31","United Kingdom","(not set)",6,1
"2025-07-31","Iran","(not set)",5,5
"2025-07-31","Philippines","(not set)",4,2
"2025-07-31","Nigeria","(not set)",2,1
"2025-07-31","Colombia","(not set)",1,1
"2025-07-31","Cuba","(not set)",1,1
"2025-07-31","Sri Lanka","(not set)",1,1
"2025-07-31","United Arab Emirates","(not set)",1,1
"2025-08-01","Brazil","(not set)",7875,1303
"2025-08-01","United States","(not set)",820,137
"2025-08-01","Mexico","(not set)",40,8
"2025-08-01","Puerto Rico","(not set)",23,2
"2025-08-01","Egypt","(not set)",19,3
"2025-08-01","Ethiopia","(not set)",16,2
"2025-08-01","India","(not set)",12,4
"2025-08-01","Indonesia","(not set)",10,2
"2025-08-01","Argentina","(not set)",9,2
"2025-08-01","Iran","(not set)",8,5
"2025-08-01","Pakistan","(not set)",7,1
"2025-08-01","Belgium","(not set)",6,1
"2025-08-01","Algeria","(not set)",5,1
"2025-08-01","Peru","(not set)",5,1
"2025-08-01","Philippines","(not set)",5,1
"2025-08-01","Poland","(not set)",5,1
"2025-08-01","Cuba","(not set)",3,2
"2025-08-01","Afghanistan","(not set)",2,2
"2025-08-01","Italy","(not set)",2,1
"2025-08-01","Malaysia","(not set)",2,1
"2025-08-01","Vietnam","(not set)",2,1
"2025-08-01","Bolivia","(not set)",1,1
"2025-08-01","Canada","(not set)",1,1
"2025-08-01","Kenya","(not set)",1,1
"2025-08-01","Saudi Arabia","(not set)",1,1
"2025-08-02","Brazil","(not set)",9015,1548
"2025-08-02","United States","(not set)",790,135
"2025-08-02","Mexico","(not set)",49,10
"2025-08-02","Puerto Rico","(not set)",36,6
"2025-08-02","South Korea","(not set)",18,1
"2025-08-02","India","(not set)",11,3
"2025-08-02","Spain","(not set)",10,1
"2025-08-02","Argentina","(not set)",9,1
"2025-08-02","Japan","(not set)",9,1
"2025-08-02","Saudi Arabia","(not set)",9,2
"2025-08-02","Thailand","(not set)",9,1
"2025-08-02","Belgium","(not set)",8,1
"2025-08-02","Portugal","(not set)",8,2
"2025-08-02","Philippines","(not set)",6,2
"2025-08-02","United Arab Emirates","(not set)",6,1
"2025-08-02","Angola","(not set)",5,2
"2025-08-02","Canada","(not set)",5,1
"2025-08-02","Egypt","(not set)",5,2
"2025-08-02","Mozambique","(not set)",5,1
"2025-08-02","Bangladesh","(not set)",4,1
"2025-08-02","Chile","(not set)",4,1
"2025-08-02","Dominican Republic","(not set)",4,1
"2025-08-02","Ethiopia","(not set)",4,1
"2025-08-02","Türkiye","(not set)",4,1
"2025-08-02","Iran","(not set)",3,2
"2025-08-02","Nigeria","(not set)",3,2
"2025-08-02","Cuba","(not set)",2,1
"2025-08-02","Guinea-Bissau","(not set)",2,1
"2025-08-02","Kenya","(not set)",2,1
"2025-08-02","Morocco","(not set)",2,1
"2025-08-02","Colombia","(not set)",1,1
"2025-08-02","Iraq","(not set)",1,1
"2025-08-02","Yemen","(not set)",1,1
"2025-08-02","Zimbabwe","(not set)",1,1
"2025-08-03","Brazil","(not set)",10200,1775
"2025-08-03","United States","(not set)",1164,202
"2025-08-03","Puerto Rico","(not set)",60,2
"2025-08-03","Mexico","(not set)",42,8
"2025-08-03","Romania","(not set)",23,1
"2025-08-03","Indonesia","(not set)",19,4
"2025-08-03","India","(not set)",18,4
"2025-08-03","Argentina","(not set)",16,3
"2025-08-03","Iran","(not set)",14,6
"2025-08-03","Egypt","(not set)",10,1
"2025-08-03","Zimbabwe","(not set)",9,2
"2025-08-03","Myanmar (Burma)","(not set)",7,1
"2025-08-03","Peru","(not set)",6,2
"2025-08-03","Philippines","(not set)",6,4
"2025-08-03","South Korea","(not set)",6,1
"2025-08-03","Tunisia","(not set)",6,2
"2025-08-03","Cambodia","(not set)",5,1
"2025-08-03","Canada","(not set)",5,2
"2025-08-03","Italy","(not set)",5,1
"2025-08-03","Israel","(not set)",4,1
"2025-08-03","Jamaica","(not set)",4,1
"2025-08-03","Morocco","(not set)",4,1
"2025-08-03","Bangladesh","(not set)",2,1
"2025-08-03","Guinea","(not set)",2,1
"2025-08-03","Netherlands","(not set)",2,2
"2025-08-03","Pakistan","(not set)",2,2
"2025-08-03","Tonga","(not set)",2,1
"2025-08-03","Yemen","(not set)",2,1
"2025-08-03","Germany","(not set)",1,1
"2025-08-03","Mozambique","(not set)",1,1
"2025-08-03","Nigeria","(not set)",1,1
"2025-08-03","Thailand","(not set)",1,1
"2025-08-03","United Kingdom","(not set)",1,1
"2025-08-04","Brazil","(not set)",7830,1279
"2025-08-04","United States","(not set)",797,139
"2025-08-04","Puerto Rico","(not set)",62,2
"2025-08-04","Mexico","(not set)",26,10
"2025-08-04","Egypt","(not set)",10,2
"2025-08-04","Israel","(not set)",8,1
"2025-08-04","India","(not set)",7,2
"2025-08-04","Netherlands","(not set)",7,2
"2025-08-04","United Kingdom","(not set)",7,2
"2025-08-04","Bangladesh","(not set)",6,1
"2025-08-04","Algeria","(not set)",5,1
"2025-08-04","Argentina","(not set)",5,1
"2025-08-04","Canada","(not set)",5,1
"2025-08-04","Nigeria","(not set)",5,2
"2025-08-04","Iran","(not set)",4,4
"2025-08-04","Zimbabwe","(not set)",4,2
"2025-08-04","Ecuador","(not set)",3,1
"2025-08-04","Chile","(not set)",2,1
"2025-08-04","France","(not set)",2,1
"2025-08-04","Tonga","(not set)",2,1
"2025-08-04","Bolivia","(not set)",1,1
"2025-08-04","Guatemala","(not set)",1,1
"2025-08-04","Haiti","(not set)",1,1
"2025-08-04","Indonesia","(not set)",1,1
"2025-08-04","Italy","(not set)",1,1
"2025-08-04","Morocco","(not set)",1,1
"2025-08-04","Pakistan","(not set)",1,1
"2025-08-04","South Sudan","(not set)",1,1
"2025-08-04","Uganda","(not set)",1,1
"2025-08-05","Brazil","(not set)",6747,1164
"2025-08-05","United States","(not set)",829,152
"2025-08-05","Puerto Rico","(not set)",52,1
"2025-08-05","Mexico","(not set)",46,8
"2025-08-05","Iran","(not set)",22,8
"2025-08-05","South Korea","(not set)",21,2
"2025-08-05","Netherlands","(not set)",15,1
"2025-08-05","United Kingdom","(not set)",12,2
"2025-08-05","Argentina","(not set)",10,3
"2025-08-05","Algeria","(not set)",9,1
"2025-08-05","Saudi Arabia","(not set)",9,1
"2025-08-05","Costa Rica","(not set)",8,1
"2025-08-05","Germany","(not set)",8,1
"2025-08-05","Tunisia","(not set)",7,1
"2025-08-05","South Africa","(not set)",6,1
"2025-08-05","Tanzania","(not set)",6,1
"2025-08-05","Pakistan","(not set)",5,1
"2025-08-05","Malaysia","(not set)",4,1
"2025-08-05","Nigeria","(not set)",4,2
"2025-08-05","Egypt","(not set)",3,1
"2025-08-05","Papua New Guinea","(not set)",3,1
"2025-08-05","Zimbabwe","(not set)",3,1
"2025-08-05","India","(not set)",2,2
"2025-08-05","Indonesia","(not set)",2,2
"2025-08-05","Ecuador","(not set)",1,1
"2025-08-05","Paraguay","(not set)",1,1
"2025-08-05","Uganda","(not set)",1,1
"2025-08-06","Brazil","(not set)",5027,869
"2025-08-06","United States","(not set)",599,108
"2025-08-06","Puerto Rico","(not set)",43,1
"2025-08-06","Egypt","(not set)",33,1
"2025-08-06","Mexico","(not set)",24,5
"2025-08-06","Iran","(not set)",21,6
"2025-08-06","Canada","(not set)",14,3
"2025-08-06","Philippines","(not set)",13,2
"2025-08-06","Argentina","(not set)",10,4
"2025-08-06","Portugal","(not set)",8,1
"2025-08-06","Yemen","(not set)",8,1
"2025-08-06","Australia","(not set)",6,1
"2025-08-06","Kenya","(not set)",4,2
"2025-08-06","Laos","(not set)",4,1
"2025-08-06","Bolivia","(not set)",3,2
"2025-08-06","Cuba","(not set)",3,2
"2025-08-06","India","(not set)",3,2
"2025-08-06","Indonesia","(not set)",3,2
"2025-08-06","Peru","(not set)",3,1
"2025-08-06","Guatemala","(not set)",2,1
"2025-08-06","Paraguay","(not set)",2,1
"2025-08-06","Ethiopia","(not set)",1,1
"2025-08-06","Germany","(not set)",1,1
"2025-08-06","Nigeria","(not set)",1,1
"2025-08-06","Pakistan","(not set)",1,1
"2025-08-06","Papua New Guinea","(not set)",1,1
"2025-08-06","Saudi Arabia","(not set)",1,1
"2025-08-06","Uganda","(not set)",1,1
"2025-08-07","Brazil","(not set)",6625,1177
"2025-08-07","United States","(not set)",761,139
"2025-08-07","India","(not set)",39,5
"2025-08-07","Mexico","(not set)",35,8
"2025-08-07","Argentina","(not set)",21,2
"2025-08-07","Puerto Rico","(not set)",21,1
"2025-08-07","Indonesia","(not set)",18,4
"2025-08-07","Bangladesh","(not set)",14,3
"2025-08-07","South Africa","(not set)",13,3
"2025-08-07","Morocco","(not set)",11,1
"2025-08-07","Iraq","(not set)",9,1
"2025-08-07","Iran","(not set)",8,4
"2025-08-07","Portugal","(not set)",7,1
"2025-08-07","Dominican Republic","(not set)",6,1
"2025-08-07","Saudi Arabia","(not set)",6,1
"2025-08-07","China","(not set)",5,1
"2025-08-07","Egypt","(not set)",5,1
"2025-08-07","Belize","(not set)",4,1
"2025-08-07","Kenya","(not set)",3,1
"2025-08-07","Philippines","(not set)",3,2
"2025-08-07","Cuba","(not set)",2,2
"2025-08-07","Netherlands","(not set)",2,2
"2025-08-07","Sierra Leone","(not set)",2,1
"2025-08-07","Afghanistan","(not set)",1,1
"2025-08-07","Canada","(not set)",1,1
"2025-08-07","Ethiopia","(not set)",1,1
"2025-08-07","Malaysia","(not set)",1,1
"2025-08-07","Pakistan","(not set)",1,1
"2025-08-07","Uganda","(not set)",1,1
"2025-08-08","Brazil","(not set)",6938,1198
"2025-08-08","United States","(not set)",809,136
"2025-08-08","Mexico","(not set)",33,12
"2025-08-08","Puerto Rico","(not set)",33,4
"2025-08-08","India","(not set)",27,6
"2025-08-08","Oman","(not set)",19,1
"2025-08-08","Iran","(not set)",11,2
"2025-08-08","South Korea","(not set)",11,2
"2025-08-08","Sweden","(not set)",9,1
"2025-08-08","Philippines","(not set)",8,1
"2025-08-08","Egypt","(not set)",7,3
"2025-08-08","United Kingdom","(not set)",7,4
"2025-08-08","Malaysia","(not set)",6,1
"2025-08-08","Poland","(not set)",6,1
"2025-08-08","Canada","(not set)",5,1
"2025-08-08","Colombia","(not set)",5,1
"2025-08-08","Tunisia","(not set)",5,1
"2025-08-08","Indonesia","(not set)",2,1
"2025-08-08","Venezuela","(not set)",2,1
"2025-08-08","Afghanistan","(not set)",1,1
"2025-08-08","Albania","(not set)",1,1
"2025-08-08","Chile","(not set)",1,1
"2025-08-08","France","(not set)",1,1
"2025-08-08","Nigeria","(not set)",1,1
"2025-08-08","Zimbabwe","(not set)",1,1
"2025-08-09","Brazil","(not set)",7510,1380
"2025-08-09","United States","(not set)",995,161
"2025-08-09","Mexico","(not set)",36,14
"2025-08-09","Puerto Rico","(not set)",29,7
"2025-08-09","South Korea","(not set)",28,3
"2025-08-09","Egypt","(not set)",27,4
"2025-08-09","Iran","(not set)",22,4
"2025-08-09","Algeria","(not set)",11,2
"2025-08-09","Argentina","(not set)",9,2
"2025-08-09","India","(not set)",8,4
"2025-08-09","Australia","(not set)",6,1
"2025-08-09","Kuwait","(not set)",6,1
"2025-08-09","Thailand","(not set)",6,1
"2025-08-09","Ethiopia","(not set)",5,1
"2025-08-09","Spain","(not set)",5,1
"2025-08-09","Jamaica","(not set)",4,1
"2025-08-09","Indonesia","(not set)",2,1
"2025-08-09","El Salvador","(not set)",1,1
"2025-08-09","Philippines","(not set)",1,1
"2025-08-10","Brazil","(not set)",7545,1348
"2025-08-10","United States","(not set)",1062,181
"2025-08-10","India","(not set)",46,7
"2025-08-10","Mexico","(not set)",45,9
"2025-08-10","Iran","(not set)",30,6
"2025-08-10","China","(not set)",25,3
"2025-08-10","Canada","(not set)",20,3
"2025-08-10","Cuba","(not set)",9,2
"2025-08-10","Egypt","(not set)",8,3
"2025-08-10","Puerto Rico","(not set)",8,1
"2025-08-10","U.S. Virgin Islands","(not set)",7,1
"2025-08-10","Japan","(not set)",6,2
"2025-08-10","Peru","(not set)",6,1
"2025-08-10","Venezuela","(not set)",6,1
"2025-08-10","Ghana","(not set)",5,1
"2025-08-10","Jamaica","(not set)",5,1
"2025-08-10","Paraguay","(not set)",5,2
"2025-08-10","Colombia","(not set)",4,1
"2025-08-10","Indonesia","(not set)",4,1
"2025-08-10","Italy","(not set)",4,1
"2025-08-10","Philippines","(not set)",4,3
"2025-08-10","Spain","(not set)",4,1
"2025-08-10","Kenya","(not set)",3,1
"2025-08-10","Malaysia","(not set)",3,3
"2025-08-10","Guatemala","(not set)",2,1
"2025-08-10","Thailand","(not set)",2,1
"2025-08-10","Bangladesh","(not set)",1,1
"2025-08-10","Cameroon","(not set)",1,1
"2025-08-10","Germany","(not set)",1,1
"2025-08-10","Hong Kong","(not set)",1,1
"2025-08-10","Oman","(not set)",1,1
"2025-08-10","Portugal","(not set)",1,1
"2025-08-10","Senegal","(not set)",1,1
"2025-08-11","Brazil","(not set)",6527,1124
"2025-08-11","United States","(not set)",778,152
"2025-08-11","Iran","(not set)",38,9
"2025-08-11","Mexico","(not set)",32,13
"2025-08-11","South Korea","(not set)",17,2
"2025-08-11","Puerto Rico","(not set)",13,2
"2025-08-11","Germany","(not set)",10,1
"2025-08-11","Portugal","(not set)",10,2
"2025-08-11","Canada","(not set)",7,2
"2025-08-11","Cuba","(not set)",7,2
"2025-08-11","Indonesia","(not set)",6,1
"2025-08-11","Israel","(not set)",6,1
"2025-08-11","Kenya","(not set)",6,2
"2025-08-11","Ukraine","(not set)",6,1
"2025-08-11","Egypt","(not set)",5,1
"2025-08-11","Pakistan","(not set)",5,1
"2025-08-11","Lithuania","(not set)",3,1
"2025-08-11","Argentina","(not set)",2,2
"2025-08-11","India","(not set)",2,1
"2025-08-11","Bangladesh","(not set)",1,1
"2025-08-11","Caribbean Netherlands","(not set)",1,1
"2025-08-11","Haiti","(not set)",1,1
"2025-08-11","Myanmar (Burma)","(not set)",1,1
"2025-08-11","Philippines","(not set)",1,1
"2025-08-11","Romania","(not set)",1,1
"2025-08-12","Brazil","(not set)",6471,1121
"2025-08-12","United States","(not set)",696,127
"2025-08-12","Iran","(not set)",36,5
"2025-08-12","Netherlands","(not set)",35,2
"2025-08-12","Bangladesh","(not set)",14,2
"2025-08-12","Puerto Rico","(not set)",13,2
"2025-08-12","Mexico","(not set)",10,4
"2025-08-12","India","(not set)",7,2
"2025-08-12","Algeria","(not set)",6,1
"2025-08-12","Uruguay","(not set)",6,1
"2025-08-12","Argentina","(not set)",5,1
"2025-08-12","Morocco","(not set)",5,1
"2025-08-12","Mozambique","(not set)",5,1
"2025-08-12","Ecuador","(not set)",4,2
"2025-08-12","Spain","(not set)",4,1
"2025-08-12","Zimbabwe","(not set)",4,1
"2025-08-12","Senegal","(not set)",3,1
"2025-08-12","Indonesia","(not set)",2,1
"2025-08-12","Philippines","(not set)",2,1
"2025-08-12","Bolivia","(not set)",1,1
"2025-08-12","Cuba","(not set)",1,1
"2025-08-12","Ghana","(not set)",1,1
"2025-08-12","Italy","(not set)",1,1
"2025-08-12","Portugal","(not set)",1,1
"2025-08-12","Yemen","(not set)",1,1
"2025-08-13","Brazil","(not set)",7619,1292
"2025-08-13","United States","(not set)",760,133
"2025-08-13","Mexico","(not set)",50,10
"2025-08-13","Puerto Rico","(not set)",27,3
"2025-08-13","Iran","(not set)",26,6
"2025-08-13","Saudi Arabia","(not set)",16,2
"2025-08-13","Egypt","(not set)",11,1
"2025-08-13","Nigeria","(not set)",11,2
"2025-08-13","Bangladesh","(not set)",9,1
"2025-08-13","India","(not set)",8,3
"2025-08-13","Canada","(not set)",7,2
"2025-08-13","Indonesia","(not set)",7,1
"2025-08-13","Algeria","(not set)",6,2
"2025-08-13","(not set)","(not set)",5,1
"2025-08-13","Bulgaria","(not set)",5,1
"2025-08-13","Cuba","(not set)",3,2
"2025-08-13","Kenya","(not set)",2,1
"2025-08-13","Peru","(not set)",2,1
"2025-08-13","Philippines","(not set)",2,2
"2025-08-13","Bahamas","(not set)",1,1
"2025-08-13","Colombia","(not set)",1,1
"2025-08-13","Pakistan","(not set)",1,1
"2025-08-13","Venezuela","(not set)",1,1
"2025-08-14","Brazil","(not set)",7340,1223
"2025-08-14","United States","(not set)",800,164
"2025-08-14","Iran","(not set)",57,7
"2025-08-14","Mexico","(not set)",28,9
"2025-08-14","Canada","(not set)",24,2
"2025-08-14","India","(not set)",16,2
"2025-08-14","South Korea","(not set)",15,1
"2025-08-14","Ethiopia","(not set)",14,1
"2025-08-14","Egypt","(not set)",13,2
"2025-08-14","Algeria","(not set)",7,2
"2025-08-14","Angola","(not set)",6,1
"2025-08-14","France","(not set)",6,1
"2025-08-14","Morocco","(not set)",6,1
"2025-08-14","Jamaica","(not set)",5,1
"2025-08-14","Puerto Rico","(not set)",5,1
"2025-08-14","Saudi Arabia","(not set)",5,1
"2025-08-14","Bolivia","(not set)",3,2
"2025-08-14","Argentina","(not set)",2,1
"2025-08-14","Indonesia","(not set)",2,2
"2025-08-14","Lithuania","(not set)",2,1
"2025-08-14","Pakistan","(not set)",2,2
"2025-08-14","Afghanistan","(not set)",1,1
"2025-08-14","Nigeria","(not set)",1,1
"2025-08-14","Philippines","(not set)",1,1
"2025-08-14","Spain","(not set)",1,1
"2025-08-15","Brazil","(not set)",6536,1139
"2025-08-15","United States","(not set)",940,150
"2025-08-15","South Korea","(not set)",58,7
"2025-08-15","Mexico","(not set)",25,6
"2025-08-15","Iran","(not set)",21,5
"2025-08-15","Saudi Arabia","(not set)",20,2
"2025-08-15","Puerto Rico","(not set)",14,2
"2025-08-15","Bangladesh","(not set)",13,2
"2025-08-15","China","(not set)",12,2
"2025-08-15","Peru","(not set)",11,2
"2025-08-15","Canada","(not set)",9,2
"2025-08-15","Portugal","(not set)",9,2
"2025-08-15","India","(not set)",8,4
"2025-08-15","South Africa","(not set)",7,1
"2025-08-15","(not set)","(not set)",5,1
"2025-08-15","Myanmar (Burma)","(not set)",5,1
"2025-08-15","Italy","(not set)",3,1
"2025-08-15","Sudan","(not set)",3,1
"2025-08-15","Cuba","(not set)",2,1
"2025-08-15","Venezuela","(not set)",2,1
"2025-08-15","Argentina","(not set)",1,1
"2025-08-15","Indonesia","(not set)",1,1
"2025-08-15","Morocco","(not set)",1,1
"2025-08-15","Pakistan","(not set)",1,1
"2025-08-16","Brazil","(not set)",7700,1377
"2025-08-16","United States","(not set)",769,162
"2025-08-16","Mexico","(not set)",49,8
"2025-08-16","Egypt","(not set)",44,4
"2025-08-16","Iran","(not set)",14,5
"2025-08-16","Guatemala","(not set)",7,1
"2025-08-16","Indonesia","(not set)",7,2
"2025-08-16","Spain","(not set)",7,2
"2025-08-16","Algeria","(not set)",6,2
"2025-08-16","Germany","(not set)",6,1
"2025-08-16","Argentina","(not set)",5,1
"2025-08-16","India","(not set)",5,1
"2025-08-16","Portugal","(not set)",5,1
"2025-08-16","South Korea","(not set)",5,1
"2025-08-16","(not set)","(not set)",4,1
"2025-08-16","China","(not set)",4,1
"2025-08-16","Ecuador","(not set)",2,2
"2025-08-16","Nigeria","(not set)",2,1
"2025-08-16","Puerto Rico","(not set)",2,2
"2025-08-16","Afghanistan","(not set)",1,1
"2025-08-16","Côte d’Ivoire","(not set)",1,1
"2025-08-16","Kenya","(not set)",1,1
"2025-08-16","Morocco","(not set)",1,1
"2025-08-16","Russia","(not set)",1,1
"2025-08-16","United Arab Emirates","(not set)",1,1
"2025-08-16","United Kingdom","(not set)",1,1
"2025-08-16","Venezuela","(not set)",1,1
"2025-08-16","Yemen","(not set)",1,1
"2025-08-17","Brazil","(not set)",7997,1586
"2025-08-17","United States","(not set)",1163,210
"2025-08-17","Iran","(not set)",41,9
"2025-08-17","Mexico","(not set)",26,8
"2025-08-17","China","(not set)",23,2
"2025-08-17","India","(not set)",14,2
"2025-08-17","Algeria","(not set)",11,1
"2025-08-17","Argentina","(not set)",11,2
"2025-08-17","Vietnam","(not set)",11,1
"2025-08-17","Jordan","(not set)",10,2
"2025-08-17","Cuba","(not set)",9,2
"2025-08-17","Paraguay","(not set)",9,2
"2025-08-17","Saudi Arabia","(not set)",8,1
"2025-08-17","Nigeria","(not set)",7,3
"2025-08-17","Puerto Rico","(not set)",7,2
"2025-08-17","Egypt","(not set)",6,2
"2025-08-17","Philippines","(not set)",6,2
"2025-08-17","Bangladesh","(not set)",5,1
"2025-08-17","Belgium","(not set)",5,1
"2025-08-17","Canada","(not set)",5,1
"2025-08-17","Jamaica","(not set)",5,1
"2025-08-17","Peru","(not set)",5,1
"2025-08-17","Indonesia","(not set)",4,1
"2025-08-17","Spain","(not set)",4,1
"2025-08-17","United Arab Emirates","(not set)",4,1
"2025-08-17","United Kingdom","(not set)",4,1
"2025-08-17","Italy","(not set)",2,2
"2025-08-17","Kenya","(not set)",2,1
"2025-08-17","Pakistan","(not set)",2,2
"2025-08-17","Sudan","(not set)",2,1
"2025-08-17","Colombia","(not set)",1,1
"2025-08-17","Ecuador","(not set)",1,1
"2025-08-17","Guinea-Bissau","(not set)",1,1
"2025-08-17","Senegal","(not set)",1,1
"2025-08-17","South Africa","(not set)",1,1
"2025-08-17","Venezuela","(not set)",1,1
"2025-08-18","Brazil","(not set)",7332,1293
"2025-08-18","United States","(not set)",803,151
"2025-08-18","South Korea","(not set)",32,2
"2025-08-18","Mexico","(not set)",28,7
"2025-08-18","Iran","(not set)",19,5
"2025-08-18","Indonesia","(not set)",16,1
"2025-08-18","India","(not set)",9,3
"2025-08-18","Germany","(not set)",5,1
"2025-08-18","Portugal","(not set)",5,1
"2025-08-18","Puerto Rico","(not set)",5,2
"2025-08-18","Angola","(not set)",4,1
"2025-08-18","Malaysia","(not set)",4,1
"2025-08-18","Nigeria","(not set)",3,2
"2025-08-18","United Kingdom","(not set)",3,1
"2025-08-18","Uzbekistan","(not set)",2,1
"2025-08-18","Algeria","(not set)",1,1
"2025-08-18","Argentina","(not set)",1,1
"2025-08-18","Chad","(not set)",1,1
"2025-08-18","Cuba","(not set)",1,1
"2025-08-18","Philippines","(not set)",1,1
"2025-08-18","Spain","(not set)",1,1
"2025-08-19","Brazil","(not set)",7091,1225
"2025-08-19","United States","(not set)",777,171
"2025-08-19","Mexico","(not set)",51,10
"2025-08-19","United Kingdom","(not set)",28,4
"2025-08-19","Indonesia","(not set)",24,3
"2025-08-19","Iran","(not set)",23,4
"2025-08-19","India","(not set)",18,4
"2025-08-19","Bangladesh","(not set)",14,2
"2025-08-19","Libya","(not set)",14,1
"2025-08-19","Portugal","(not set)",6,1
"2025-08-19","Italy","(not set)",5,1
"2025-08-19","Morocco","(not set)",5,1
"2025-08-19","Panama","(not set)",5,1
"2025-08-19","Nigeria","(not set)",4,3
"2025-08-19","Puerto Rico","(not set)",4,1
"2025-08-19","Cuba","(not set)",3,3
"2025-08-19","Afghanistan","(not set)",2,1
"2025-08-19","Argentina","(not set)",2,1
"2025-08-19","Egypt","(not set)",2,1
"2025-08-19","Pakistan","(not set)",2,1
"2025-08-19","Chile","(not set)",1,1
"2025-08-19","Guatemala","(not set)",1,1
"2025-08-19","Guyana","(not set)",1,1
"2025-08-19","Vietnam","(not set)",1,1
"2025-08-20","Brazil","(not set)",7357,1260
"2025-08-20","United States","(not set)",865,163
"2025-08-20","Mexico","(not set)",35,7
"2025-08-20","Iran","(not set)",20,2
"2025-08-20","South Korea","(not set)",18,1
"2025-08-20","India","(not set)",15,4
"2025-08-20","Libya","(not set)",12,1
"2025-08-20","Portugal","(not set)",12,2
"2025-08-20","Indonesia","(not set)",8,2
"2025-08-20","Egypt","(not set)",7,1
"2025-08-20","Germany","(not set)",6,1
"2025-08-20","Puerto Rico","(not set)",6,2
"2025-08-20","Laos","(not set)",5,1
"2025-08-20","Nigeria","(not set)",3,2
"2025-08-20","Afghanistan","(not set)",2,1
"2025-08-20","Argentina","(not set)",2,1
"2025-08-20","Angola","(not set)",1,1
"2025-08-20","Bolivia","(not set)",1,1
"2025-08-20","Cuba","(not set)",1,1
"2025-08-20","El Salvador","(not set)",1,1
"2025-08-20","Thailand","(not set)",1,1
"2025-08-21","Brazil","(not set)",6619,1236
"2025-08-21","United States","(not set)",794,138
"2025-08-21","Mexico","(not set)",42,9
"2025-08-21","Indonesia","(not set)",29,6
"2025-08-21","India","(not set)",16,4
"2025-08-21","Türkiye","(not set)",16,1
"2025-08-21","Iran","(not set)",8,4
"2025-08-21","Netherlands","(not set)",6,1
"2025-08-21","Serbia","(not set)",6,1
"2025-08-21","Saudi Arabia","(not set)",5,1
"2025-08-21","Paraguay","(not set)",4,2
"2025-08-21","Nigeria","(not set)",3,3
"2025-08-21","Argentina","(not set)",2,1
"2025-08-21","Canada","(not set)",2,1
"2025-08-21","Cuba","(not set)",2,2
"2025-08-21","Kenya","(not set)",2,1
"2025-08-21","Pakistan","(not set)",2,2
"2025-08-21","Philippines","(not set)",2,2
"2025-08-21","Spain","(not set)",1,1
"2025-08-21","Yemen","(not set)",1,1
"2025-08-22","Brazil","(not set)",6668,1186
"2025-08-22","United States","(not set)",778,119
"2025-08-22","Mexico","(not set)",43,9
"2025-08-22","India","(not set)",27,5
"2025-08-22","Iran","(not set)",26,3
"2025-08-22","Egypt","(not set)",18,4
"2025-08-22","Indonesia","(not set)",13,4
"2025-08-22","Puerto Rico","(not set)",13,1
"2025-08-22","United Kingdom","(not set)",13,2
"2025-08-22","Nigeria","(not set)",6,3
"2025-08-22","Cuba","(not set)",5,3
"2025-08-22","Saudi Arabia","(not set)",5,1
"2025-08-22","Kenya","(not set)",3,1
"2025-08-22","Algeria","(not set)",2,1
"2025-08-22","Pakistan","(not set)",2,1
"2025-08-22","Argentina","(not set)",1,1
"2025-08-22","Colombia","(not set)",1,1
"2025-08-22","Dominican Republic","(not set)",1,1
"2025-08-22","Ecuador","(not set)",1,1
"2025-08-22","Hungary","(not set)",1,1
"2025-08-22","Panama","(not set)",1,1
"2025-08-23","Brazil","(not set)",7899,1391
"2025-08-23","United States","(not set)",841,160
"2025-08-23","Mexico","(not set)",48,12
"2025-08-23","Iran","(not set)",37,8
"2025-08-23","United Kingdom","(not set)",19,2
"2025-08-23","Puerto Rico","(not set)",14,2
"2025-08-23","Chile","(not set)",13,2
"2025-08-23","Egypt","(not set)",13,4
"2025-08-23","India","(not set)",13,4
"2025-08-23","South Korea","(not set)",12,1
"2025-08-23","Israel","(not set)",11,2
"2025-08-23","Canada","(not set)",10,2
"2025-08-23","France","(not set)",8,1
"2025-08-23","Spain","(not set)",8,1
"2025-08-23","Japan","(not set)",6,1
"2025-08-23","Nigeria","(not set)",6,3
"2025-08-23","Venezuela","(not set)",5,1
"2025-08-23","Laos","(not set)",4,1
"2025-08-23","Pakistan","(not set)",4,2
"2025-08-23","Angola","(not set)",3,3
"2025-08-23","Ethiopia","(not set)",2,1
"2025-08-23","Indonesia","(not set)",2,1
"2025-08-23","Philippines","(not set)",2,2
"2025-08-23","Algeria","(not set)",1,1
"2025-08-23","Argentina","(not set)",1,1
"2025-08-23","Cuba","(not set)",1,1
"2025-08-23","Ecuador","(not set)",1,1
"2025-08-23","Nepal","(not set)",1,1
"2025-08-24","Brazil","(not set)",9276,1654
"2025-08-24","United States","(not set)",1099,181
"2025-08-24","Mexico","(not set)",69,10
"2025-08-24","South Korea","(not set)",37,3
"2025-08-24","Tunisia","(not set)",24,2
"2025-08-24","Iran","(not set)",17,3
"2025-08-24","Puerto Rico","(not set)",16,6
"2025-08-24","United Kingdom","(not set)",16,3
"2025-08-24","Madagascar","(not set)",7,2
"2025-08-24","Philippines","(not set)",6,1
"2025-08-24","Portugal","(not set)",6,2
"2025-08-24","Egypt","(not set)",5,1
"2025-08-24","Türkiye","(not set)",5,1
"2025-08-24","Argentina","(not set)",4,1
"2025-08-24","Bolivia","(not set)",4,1
"2025-08-24","Laos","(not set)",4,1
"2025-08-24","Spain","(not set)",4,1
"2025-08-24","Bangladesh","(not set)",3,2
"2025-08-24","Nigeria","(not set)",3,1
"2025-08-24","Australia","(not set)",2,1
"2025-08-24","Cuba","(not set)",2,2
"2025-08-24","Ethiopia","(not set)",2,1
"2025-08-24","Hungary","(not set)",2,1
"2025-08-24","India","(not set)",2,1
"2025-08-24","Indonesia","(not set)",2,2
"2025-08-24","Kenya","(not set)",2,2
"2025-08-24","Morocco","(not set)",2,1
"2025-08-24","Peru","(not set)",2,1
"2025-08-24","Ecuador","(not set)",1,1
"2025-08-24","Myanmar (Burma)","(not set)",1,1
"2025-08-24","Pakistan","(not set)",1,1
"2025-08-24","Sudan","(not set)",1,1
"2025-08-24","Yemen","(not set)",1,1
"2025-08-25","Brazil","(not set)",7023,1220
"2025-08-25","United States","(not set)",785,150
"2025-08-25","Mexico","(not set)",135,9
"2025-08-25","Puerto Rico","(not set)",21,3
"2025-08-25","Algeria","(not set)",18,2
"2025-08-25","Iran","(not set)",15,4
"2025-08-25","India","(not set)",11,2
"2025-08-25","United Arab Emirates","(not set)",10,1
"2025-08-25","Canada","(not set)",7,2
"2025-08-25","Egypt","(not set)",6,1
"2025-08-25","Cuba","(not set)",5,4
"2025-08-25","Philippines","(not set)",5,1
"2025-08-25","South Korea","(not set)",5,1
"2025-08-25","Nigeria","(not set)",3,2
"2025-08-25","Afghanistan","(not set)",2,2
"2025-08-25","Antigua & Barbuda","(not set)",2,1
"2025-08-25","Ethiopia","(not set)",2,1
"2025-08-25","France","(not set)",2,1
"2025-08-25","Japan","(not set)",2,1
"2025-08-25","Pakistan","(not set)",2,1
"2025-08-25","Saudi Arabia","(not set)",2,1
"2025-08-25","Zimbabwe","(not set)",2,1
"2025-08-25","Guatemala","(not set)",1,1
"2025-08-25","Indonesia","(not set)",1,1
"2025-08-25","Italy","(not set)",1,1
"2025-08-25","Oman","(not set)",1,1
"2025-08-25","Portugal","(not set)",1,1
"2025-08-25","Uganda","(not set)",1,1
"2025-08-25","Vietnam","(not set)",1,1
"2025-08-26","Brazil","(not set)",5057,911
"2025-08-26","United States","(not set)",524,99
"2025-08-26","Mexico","(not set)",52,6
"2025-08-26","Egypt","(not set)",24,2
"2025-08-26","United Kingdom","(not set)",13,4
"2025-08-26","Peru","(not set)",11,1
"2025-08-26","Puerto Rico","(not set)",10,2
"2025-08-26","Tunisia","(not set)",9,1
"2025-08-26","Nigeria","(not set)",8,2
"2025-08-26","South Africa","(not set)",7,2
"2025-08-26","Algeria","(not set)",6,1
"2025-08-26","Indonesia","(not set)",6,1
"2025-08-26","Canada","(not set)",4,1
"2025-08-26","Russia","(not set)",4,1
"2025-08-26","Colombia","(not set)",3,1
"2025-08-26","Cuba","(not set)",3,1
"2025-08-26","(not set)","(not set)",2,1
"2025-08-26","El Salvador","(not set)",2,1
"2025-08-26","Iran","(not set)",2,2
"2025-08-26","Iraq","(not set)",2,1
"2025-08-26","Myanmar (Burma)","(not set)",2,1
"2025-08-26","Yemen","(not set)",2,1
"2025-08-26","Argentina","(not set)",1,1
"2025-08-26","Bangladesh","(not set)",1,1
"2025-08-26","Haiti","(not set)",1,1
"2025-08-26","India","(not set)",1,1
"2025-08-26","Morocco","(not set)",1,1
"2025-08-26","Mozambique","(not set)",1,1
"2025-08-26","Philippines","(not set)",1,1
"2025-08-26","Vietnam","(not set)",1,1
"2025-08-26","Zimbabwe","(not set)",1,1
"2025-08-27","Brazil","(not set)",7272,1316
"2025-08-27","United States","(not set)",1079,166
"2025-08-27","Mexico","(not set)",80,13
"2025-08-27","Germany","(not set)",45,1
"2025-08-27","Iran","(not set)",39,8
"2025-08-27","Puerto Rico","(not set)",38,3
"2025-08-27","Australia","(not set)",11,2
"2025-08-27","Bolivia","(not set)",10,2
"2025-08-27","Panama","(not set)",10,1
"2025-08-27","United Kingdom","(not set)",9,2
"2025-08-27","Colombia","(not set)",8,1
"2025-08-27","Kuwait","(not set)",7,1
"2025-08-27","Bangladesh","(not set)",6,2
"2025-08-27","Afghanistan","(not set)",5,2
"2025-08-27","Algeria","(not set)",5,1
"2025-08-27","Egypt","(not set)",5,1
"2025-08-27","Ireland","(not set)",5,1
"2025-08-27","Israel","(not set)",5,1
"2025-08-27","Nigeria","(not set)",5,1
"2025-08-27","Portugal","(not set)",5,1
"2025-08-27","Zimbabwe","(not set)",5,2
"2025-08-27","Saudi Arabia","(not set)",4,1
"2025-08-27","U.S. Virgin Islands","(not set)",4,1
"2025-08-27","Indonesia","(not set)",3,2
"2025-08-27","Kenya","(not set)",3,1
"2025-08-27","India","(not set)",2,2
"2025-08-27","Paraguay","(not set)",2,1
"2025-08-27","Zambia","(not set)",2,1
"2025-08-27","Angola","(not set)",1,1
"2025-08-27","Canada","(not set)",1,1
"2025-08-27","Ecuador","(not set)",1,1
"2025-08-27","France","(not set)",1,1
"2025-08-27","Haiti","(not set)",1,1
"2025-08-28","Brazil","(not set)",10987,1874
"2025-08-28","United States","(not set)",1431,238
"2025-08-28","India","(not set)",52,7
"2025-08-28","Mexico","(not set)",51,13
"2025-08-28","Thailand","(not set)",36,3
"2025-08-28","Egypt","(not set)",32,4
"2025-08-28","Iran","(not set)",31,8
"2025-08-28","Puerto Rico","(not set)",20,3
"2025-08-28","South Korea","(not set)",12,1
"2025-08-28","Netherlands","(not set)",10,1
"2025-08-28","Spain","(not set)",10,1
"2025-08-28","Philippines","(not set)",8,1
"2025-08-28","Algeria","(not set)",7,2
"2025-08-28","Colombia","(not set)",6,2
"2025-08-28","Indonesia","(not set)",6,2
"2025-08-28","Portugal","(not set)",6,1
"2025-08-28","Saudi Arabia","(not set)",5,1
"2025-08-28","Switzerland","(not set)",5,1
"2025-08-28","Mozambique","(not set)",4,1
"2025-08-28","Nigeria","(not set)",4,2
"2025-08-28","Afghanistan","(not set)",3,2
"2025-08-28","El Salvador","(not set)",3,1
"2025-08-28","Venezuela","(not set)",3,2
"2025-08-28","Kenya","(not set)",2,1
"2025-08-28","Cuba","(not set)",1,1
"2025-08-28","Ghana","(not set)",1,1
"2025-08-28","Honduras","(not set)",1,1
"2025-08-28","Laos","(not set)",1,1
"2025-08-28","New Zealand","(not set)",1,1
"2025-08-28","South Africa","(not set)",1,1
"2025-08-28","United Kingdom","(not set)",1,1
"2025-08-29","Brazil","(not set)",8009,1370
"2025-08-29","United States","(not set)",889,166
"2025-08-29","Mexico","(not set)",60,15
"2025-08-29","Iran","(not set)",44,6
"2025-08-29","Peru","(not set)",24,2
"2025-08-29","India","(not set)",23,3
"2025-08-29","Egypt","(not set)",21,2
"2025-08-29","Canada","(not set)",17,3
"2025-08-29","Netherlands","(not set)",16,1
"2025-08-29","Malaysia","(not set)",11,2
"2025-08-29","Thailand","(not set)",11,2
"2025-08-29","United Kingdom","(not set)",11,3
"2025-08-29","Indonesia","(not set)",6,1
"2025-08-29","Romania","(not set)",6,1
"2025-08-29","Portugal","(not set)",5,1
"2025-08-29","Venezuela","(not set)",4,2
"2025-08-29","Curaçao","(not set)",3,1
"2025-08-29","Spain","(not set)",3,1
"2025-08-29","Ecuador","(not set)",2,1
"2025-08-29","Germany","(not set)",2,1
"2025-08-29","Puerto Rico","(not set)",2,1
"2025-08-29","Syria","(not set)",2,1
"2025-08-29","Algeria","(not set)",1,1
"2025-08-29","Bangladesh","(not set)",1,1
"2025-08-29","Cuba","(not set)",1,1
"2025-08-29","French Guiana","(not set)",1,1
"2025-08-29","Haiti","(not set)",1,1
"2025-08-29","Jamaica","(not set)",1,1
"2025-08-29","Lesotho","(not set)",1,1
"2025-08-29","Pakistan","(not set)",1,1
"2025-08-29","Saudi Arabia","(not set)",1,1
"2025-08-29","Uganda","(not set)",1,1
"2025-08-30","Brazil","(not set)",8040,1443
"2025-08-30","United States","(not set)",911,164
"2025-08-30","Mexico","(not set)",29,11
"2025-08-30","India","(not set)",23,2
"2025-08-30","Canada","(not set)",15,3
"2025-08-30","Italy","(not set)",15,2
"2025-08-30","Egypt","(not set)",14,1
"2025-08-30","South Korea","(not set)",11,2
"2025-08-30","Bangladesh","(not set)",10,2
"2025-08-30","Netherlands","(not set)",6,1
"2025-08-30","Thailand","(not set)",6,1
"2025-08-30","United Kingdom","(not set)",6,1
"2025-08-30","Ghana","(not set)",5,1
"2025-08-30","Portugal","(not set)",5,1
"2025-08-30","Puerto Rico","(not set)",5,2
"2025-08-30","Saudi Arabia","(not set)",5,1
"2025-08-30","Romania","(not set)",4,2
"2025-08-30","Nigeria","(not set)",3,2
"2025-08-30","Philippines","(not set)",3,2
"2025-08-30","Paraguay","(not set)",2,1
"2025-08-30","Angola","(not set)",1,1
"2025-08-30","Chile","(not set)",1,1
"2025-08-30","China","(not set)",1,1
"2025-08-30","Ethiopia","(not set)",1,1
"2025-08-30","Lesotho","(not set)",1,1
"2025-08-30","United Arab Emirates","(not set)",1,1
"2025-08-31","Brazil","(not set)",9395,1690
"2025-08-31","United States","(not set)",1054,212
"2025-08-31","Mexico","(not set)",48,12
"2025-08-31","Iran","(not set)",38,5
"2025-08-31","Argentina","(not set)",19,4
"2025-08-31","India","(not set)",18,4
"2025-08-31","Tunisia","(not set)",15,1
"2025-08-31","South Korea","(not set)",13,1
"2025-08-31","Egypt","(not set)",12,3
"2025-08-31","Puerto Rico","(not set)",12,2
"2025-08-31","Canada","(not set)",8,2
"2025-08-31","Indonesia","(not set)",8,2
"2025-08-31","Senegal","(not set)",7,1
"2025-08-31","Jamaica","(not set)",6,2
"2025-08-31","Germany","(not set)",5,1
"2025-08-31","Guatemala","(not set)",5,1
"2025-08-31","Bangladesh","(not set)",4,1
"2025-08-31","Cuba","(not set)",4,2
"2025-08-31","Portugal","(not set)",4,1
"2025-08-31","Syria","(not set)",4,1
"2025-08-31","Türkiye","(not set)",4,1
"2025-08-31","Philippines","(not set)",3,3
"2025-08-31","Honduras","(not set)",2,1
"2025-08-31","Malaysia","(not set)",2,1
"2025-08-31","Yemen","(not set)",2,2
"2025-08-31","Colombia","(not set)",1,1
"2025-08-31","Ecuador","(not set)",1,1
"2025-08-31","Guinea","(not set)",1,1
"2025-09-01","Brazil","(not set)",7715,1384
"2025-09-01","United States","(not set)",1068,194
"2025-09-01","India","(not set)",24,3
"2025-09-01","Mexico","(not set)",24,5
"2025-09-01","Puerto Rico","(not set)",18,2
"2025-09-01","Thailand","(not set)",12,1
"2025-09-01","Paraguay","(not set)",10,2
"2025-09-01","Belgium","(not set)",9,2
"2025-09-01","Egypt","(not set)",8,1
"2025-09-01","Indonesia","(not set)",7,1
"2025-09-01","Iran","(not set)",6,2
"2025-09-01","Colombia","(not set)",5,1
"2025-09-01","South Korea","(not set)",5,1
"2025-09-01","Argentina","(not set)",4,1
"2025-09-01","Yemen","(not set)",4,1
"2025-09-01","Bangladesh","(not set)",3,2
"2025-09-01","Ghana","(not set)",3,1
"2025-09-01","Portugal","(not set)",3,1
"2025-09-01","Cuba","(not set)",2,2
"2025-09-01","Spain","(not set)",2,1
"2025-09-01","United Kingdom","(not set)",2,2
"2025-09-01","Afghanistan","(not set)",1,1
"2025-09-01","Algeria","(not set)",1,1
"2025-09-01","Dominican Republic","(not set)",1,1
"2025-09-01","Guatemala","(not set)",1,1
"2025-09-01","Iraq","(not set)",1,1
"2025-09-01","Laos","(not set)",1,1
"2025-09-01","Malaysia","(not set)",1,1
"2025-09-01","Papua New Guinea","(not set)",1,1
"2025-09-01","Sudan","(not set)",1,1
"2025-09-02","Brazil","(not set)",7051,1281
"2025-09-02","United States","(not set)",929,170
"2025-09-02","Peru","(not set)",30,4
"2025-09-02","Mexico","(not set)",21,7
"2025-09-02","Argentina","(not set)",20,4
"2025-09-02","Puerto Rico","(not set)",15,3
"2025-09-02","Egypt","(not set)",13,3
"2025-09-02","Laos","(not set)",11,1
"2025-09-02","Thailand","(not set)",9,1
"2025-09-02","Iran","(not set)",7,4
"2025-09-02","Pakistan","(not set)",7,1
"2025-09-02","Bolivia","(not set)",6,1
"2025-09-02","Portugal","(not set)",6,1
"2025-09-02","Bangladesh","(not set)",5,1
"2025-09-02","Cuba","(not set)",5,3
"2025-09-02","El Salvador","(not set)",5,1
"2025-09-02","Fiji","(not set)",5,1
"2025-09-02","France","(not set)",5,1
"2025-09-02","Indonesia","(not set)",5,2
"2025-09-02","Saudi Arabia","(not set)",5,1
"2025-09-02","Afghanistan","(not set)",3,1
"2025-09-02","Kenya","(not set)",3,1
"2025-09-02","Nigeria","(not set)",3,1
"2025-09-02","Gambia","(not set)",2,1
"2025-09-02","India","(not set)",1,1
"2025-09-02","South Africa","(not set)",1,1
"2025-09-02","South Sudan","(not set)",1,1
"2025-09-02","Uganda","(not set)",1,1
"2025-09-02","United Kingdom","(not set)",1,1
"2025-09-02","Yemen","(not set)",1,1
"2025-09-02","Zimbabwe","(not set)",1,1
"2025-09-03","Brazil","(not set)",7049,1248
"2025-09-03","United States","(not set)",785,157
"2025-09-03","Mexico","(not set)",112,6
"2025-09-03","Portugal","(not set)",23,2
"2025-09-03","India","(not set)",17,3
"2025-09-03","South Korea","(not set)",17,2
"2025-09-03","Iran","(not set)",12,5
"2025-09-03","Egypt","(not set)",11,2
"2025-09-03","Peru","(not set)",8,1
"2025-09-03","Algeria","(not set)",7,1
"2025-09-03","Canada","(not set)",5,1
"2025-09-03","Gabon","(not set)",5,1
"2025-09-03","Philippines","(not set)",5,3
"2025-09-03","Türkiye","(not set)",5,1
"2025-09-03","United Kingdom","(not set)",5,1
"2025-09-03","Bangladesh","(not set)",4,1
"2025-09-03","Bosnia & Herzegovina","(not set)",4,1
"2025-09-03","Myanmar (Burma)","(not set)",4,1
"2025-09-03","Netherlands","(not set)",4,1
"2025-09-03","Cuba","(not set)",3,1
"2025-09-03","Puerto Rico","(not set)",3,1
"2025-09-03","Spain","(not set)",3,1
"2025-09-03","Afghanistan","(not set)",2,1
"2025-09-03","Nigeria","(not set)",2,2
"2025-09-03","Argentina","(not set)",1,1
"2025-09-03","Colombia","(not set)",1,1
"2025-09-03","Germany","(not set)",1,1
"2025-09-03","Haiti","(not set)",1,1
"2025-09-03","Indonesia","(not set)",1,1
"2025-09-03","Papua New Guinea","(not set)",1,1
"2025-09-03","South Africa","(not set)",1,1
"2025-09-03","Yemen","(not set)",1,1
"2025-09-03","Zimbabwe","(not set)",1,1
"2025-09-04","Brazil","(not set)",4433,843
"2025-09-04","United States","(not set)",481,96
"2025-09-04","Egypt","(not set)",22,3
"2025-09-04","Algeria","(not set)",17,1
"2025-09-04","Germany","(not set)",11,1
"2025-09-04","Colombia","(not set)",8,1
"2025-09-04","India","(not set)",8,2
"2025-09-04","El Salvador","(not set)",7,2
"2025-09-04","Mexico","(not set)",5,4
"2025-09-04","France","(not set)",4,1
"2025-09-04","Türkiye","(not set)",4,1
"2025-09-04","United Arab Emirates","(not set)",4,1
"2025-09-04","Guatemala","(not set)",3,2
"2025-09-04","Iran","(not set)",3,3
"2025-09-04","Afghanistan","(not set)",2,1
"2025-09-04","Australia","(not set)",2,1
"2025-09-04","Malaysia","(not set)",2,1
"2025-09-04","Puerto Rico","(not set)",2,1
"2025-09-04","Angola","(not set)",1,1
"2025-09-04","Ghana","(not set)",1,1
"2025-09-04","Indonesia","(not set)",1,1
"2025-09-04","Ireland","(not set)",1,1
"2025-09-04","Italy","(not set)",1,1
"2025-09-04","Nepal","(not set)",1,1
"2025-09-04","Netherlands","(not set)",1,1
"2025-09-04","Nigeria","(not set)",1,1
"2025-09-04","Syria","(not set)",1,1
"2025-09-04","Thailand","(not set)",1,1
"2025-09-04","Yemen","(not set)",1,1
"2025-09-05","Brazil","(not set)",5909,1133
"2025-09-05","United States","(not set)",678,117
"2025-09-05","Iran","(not set)",34,5
"2025-09-05","India","(not set)",24,6
"2025-09-05","Mexico","(not set)",21,12
"2025-09-05","United Arab Emirates","(not set)",18,1
"2025-09-05","Nigeria","(not set)",11,2
"2025-09-05","Puerto Rico","(not set)",9,2
"2025-09-05","Cuba","(not set)",8,2
"2025-09-05","Egypt","(not set)",7,3
"2025-09-05","Netherlands","(not set)",7,1
"2025-09-05","Algeria","(not set)",6,1
"2025-09-05","Indonesia","(not set)",6,1
"2025-09-05","Bolivia","(not set)",5,1
"2025-09-05","Costa Rica","(not set)",5,1
"2025-09-05","Portugal","(not set)",5,1
"2025-09-05","Australia","(not set)",3,1
"2025-09-05","Armenia","(not set)",2,1
"2025-09-05","Guatemala","(not set)",2,1
"2025-09-05","Laos","(not set)",2,1
"2025-09-05","Afghanistan","(not set)",1,1
"2025-09-05","Argentina","(not set)",1,1
"2025-09-05","Nicaragua","(not set)",1,1
"2025-09-05","Philippines","(not set)",1,1
"2025-09-05","Sierra Leone","(not set)",1,1
"2025-09-05","Venezuela","(not set)",1,1
"2025-09-05","Yemen","(not set)",1,1
"2025-09-06","Brazil","(not set)",7090,1324
"2025-09-06","United States","(not set)",982,161
"2025-09-06","Mexico","(not set)",59,10
"2025-09-06","Argentina","(not set)",20,4
"2025-09-06","Iran","(not set)",11,4
"2025-09-06","Bangladesh","(not set)",9,1
"2025-09-06","Malaysia","(not set)",6,1
"2025-09-06","Pakistan","(not set)",6,3
"2025-09-06","Indonesia","(not set)",5,2
"2025-09-06","Portugal","(not set)",5,1
"2025-09-06","Syria","(not set)",5,1
"2025-09-06","Guatemala","(not set)",4,1
"2025-09-06","India","(not set)",3,1
"2025-09-06","Laos","(not set)",3,1
"2025-09-06","Puerto Rico","(not set)",3,3
"2025-09-06","Angola","(not set)",1,1
"2025-09-06","Nigeria","(not set)",1,1
"2025-09-07","Brazil","(not set)",7715,1429
"2025-09-07","United States","(not set)",973,191
"2025-09-07","Mexico","(not set)",72,13
"2025-09-07","Singapore","(not set)",35,1
"2025-09-07","Iran","(not set)",28,7
"2025-09-07","Puerto Rico","(not set)",27,4
"2025-09-07","South Korea","(not set)",27,3
"2025-09-07","Philippines","(not set)",17,1
"2025-09-07","Nigeria","(not set)",16,4
"2025-09-07","Indonesia","(not set)",13,2
"2025-09-07","Malaysia","(not set)",10,1
"2025-09-07","Nepal","(not set)",9,2
"2025-09-07","India","(not set)",8,3
"2025-09-07","Poland","(not set)",7,1
"2025-09-07","Peru","(not set)",6,2
"2025-09-07","Spain","(not set)",6,1
"2025-09-07","Bermuda","(not set)",5,1
"2025-09-07","Ethiopia","(not set)",5,1
"2025-09-07","Germany","(not set)",5,2
"2025-09-07","South Africa","(not set)",5,1
"2025-09-07","United Arab Emirates","(not set)",5,1
"2025-09-07","Uruguay","(not set)",5,1
"2025-09-07","Costa Rica","(not set)",4,1
"2025-09-07","United Kingdom","(not set)",4,1
"2025-09-07","Argentina","(not set)",3,2
"2025-09-07","Ecuador","(not set)",2,1
"2025-09-07","Venezuela","(not set)",2,1
"2025-09-07","Algeria","(not set)",1,1
"2025-09-07","Burkina Faso","(not set)",1,1
"2025-09-07","Colombia","(not set)",1,1
"2025-09-07","Cuba","(not set)",1,1
"2025-09-07","Japan","(not set)",1,1
"2025-09-07","Pakistan","(not set)",1,1
"2025-09-07","Suriname","(not set)",1,1
"2025-09-07","Thailand","(not set)",1,1
"2025-09-07","Zambia","(not set)",1,1
"2025-09-08","Brazil","(not set)",5942,1140
"2025-09-08","United States","(not set)",784,148
"2025-09-08","Nigeria","(not set)",20,4
"2025-09-08","Indonesia","(not set)",16,3
"2025-09-08","Puerto Rico","(not set)",16,1
"2025-09-08","Iran","(not set)",15,3
"2025-09-08","Mexico","(not set)",13,4
"2025-09-08","Peru","(not set)",10,2
"2025-09-08","India","(not set)",7,1
"2025-09-08","Cuba","(not set)",5,3
"2025-09-08","Egypt","(not set)",5,1
"2025-09-08","Kenya","(not set)",5,2
"2025-09-08","Netherlands","(not set)",5,1
"2025-09-08","Philippines","(not set)",3,2
"2025-09-08","Argentina","(not set)",2,1
"2025-09-08","Guatemala","(not set)",2,2
"2025-09-08","Portugal","(not set)",2,1
"2025-09-08","Afghanistan","(not set)",1,1
"2025-09-08","Colombia","(not set)",1,1
"2025-09-08","France","(not set)",1,1
"2025-09-08","Pakistan","(not set)",1,1
"2025-09-09","Brazil","(not set)",6015,1128
"2025-09-09","United States","(not set)",751,151
"2025-09-09","Puerto Rico","(not set)",16,1
"2025-09-09","Egypt","(not set)",12,3
"2025-09-09","Mexico","(not set)",12,8
"2025-09-09","India","(not set)",10,3
"2025-09-09","Angola","(not set)",8,2
"2025-09-09","Guatemala","(not set)",5,1
"2025-09-09","Venezuela","(not set)",5,1
"2025-09-09","Algeria","(not set)",3,2
"2025-09-09","Indonesia","(not set)",3,2
"2025-09-09","Iran","(not set)",3,3
"2025-09-09","Madagascar","(not set)",3,1
"2025-09-09","Nigeria","(not set)",3,3
"2025-09-09","Pakistan","(not set)",2,1
"2025-09-09","Peru","(not set)",2,1
"2025-09-09","Türkiye","(not set)",2,1
"2025-09-09","Bolivia","(not set)",1,1
"2025-09-09","Japan","(not set)",1,1
"2025-09-09","Kenya","(not set)",1,1
"2025-09-09","United Kingdom","(not set)",1,1
"2025-09-10","Brazil","(not set)",6264,1206
"2025-09-10","United States","(not set)",771,151
"2025-09-10","Puerto Rico","(not set)",41,2
"2025-09-10","Mexico","(not set)",16,5
"2025-09-10","India","(not set)",15,3
"2025-09-10","Netherlands","(not set)",13,3
"2025-09-10","Peru","(not set)",9,1
"2025-09-10","Algeria","(not set)",8,1
"2025-09-10","Iran","(not set)",8,4
"2025-09-10","Bangladesh","(not set)",7,2
"2025-09-10","Canada","(not set)",6,1
"2025-09-10","Germany","(not set)",6,1
"2025-09-10","Honduras","(not set)",6,1
"2025-09-10","Pakistan","(not set)",6,2
"2025-09-10","Vietnam","(not set)",6,1
"2025-09-10","Egypt","(not set)",5,1
"2025-09-10","Saudi Arabia","(not set)",5,1
"2025-09-10","United Kingdom","(not set)",5,1
"2025-09-10","Madagascar","(not set)",4,1
"2025-09-10","Ethiopia","(not set)",3,1
"2025-09-10","Haiti","(not set)",2,1
"2025-09-10","Nigeria","(not set)",2,1
"2025-09-10","Philippines","(not set)",2,2
"2025-09-10","Portugal","(not set)",2,2
"2025-09-10","Argentina","(not set)",1,1
"2025-09-10","Indonesia","(not set)",1,1
"2025-09-10","Venezuela","(not set)",1,1
"2025-09-11","Brazil","(not set)",6524,1144
"2025-09-11","United States","(not set)",767,149
"2025-09-11","Mexico","(not set)",52,7
"2025-09-11","India","(not set)",25,5
"2025-09-11","Oman","(not set)",20,1
"2025-09-11","Egypt","(not set)",17,3
"2025-09-11","Algeria","(not set)",16,2
"2025-09-11","Iran","(not set)",15,6
"2025-09-11","Iraq","(not set)",14,1
"2025-09-11","Argentina","(not set)",10,3
"2025-09-11","Peru","(not set)",8,1
"2025-09-11","Bermuda","(not set)",6,1
"2025-09-11","Colombia","(not set)",6,2
"2025-09-11","Morocco","(not set)",6,1
"2025-09-11","Somalia","(not set)",6,1
"2025-09-11","Spain","(not set)",6,1
"2025-09-11","Indonesia","(not set)",5,2
"2025-09-11","Jordan","(not set)",5,1
"2025-09-11","Netherlands","(not set)",5,1
"2025-09-11","Portugal","(not set)",5,1
"2025-09-11","South Africa","(not set)",5,1
"2025-09-11","Cuba","(not set)",4,2
"2025-09-11","Guatemala","(not set)",4,2
"2025-09-11","Uzbekistan","(not set)",4,1
"2025-09-11","Bangladesh","(not set)",3,1
"2025-09-11","Kenya","(not set)",3,1
"2025-09-11","Laos","(not set)",3,1
"2025-09-11","Puerto Rico","(not set)",2,1
"2025-09-11","Cape Verde","(not set)",1,1
"2025-09-11","Philippines","(not set)",1,1
"2025-09-12","Brazil","(not set)",6866,1289
"2025-09-12","United States","(not set)",771,133
"2025-09-12","Mexico","(not set)",37,8
"2025-09-12","India","(not set)",32,4
"2025-09-12","South Africa","(not set)",21,1
"2025-09-12","Puerto Rico","(not set)",14,1
"2025-09-12","Cuba","(not set)",10,4
"2025-09-12","Panama","(not set)",9,1
"2025-09-12","Peru","(not set)",9,2
"2025-09-12","United Kingdom","(not set)",8,2
"2025-09-12","Egypt","(not set)",7,2
"2025-09-12","Algeria","(not set)",6,1
"2025-09-12","Argentina","(not set)",6,1
"2025-09-12","Australia","(not set)",6,1
"2025-09-12","Bangladesh","(not set)",6,1
"2025-09-12","(not set)","(not set)",5,1
"2025-09-12","Indonesia","(not set)",5,1
"2025-09-12","Japan","(not set)",5,1
"2025-09-12","Philippines","(not set)",4,2
"2025-09-12","Nigeria","(not set)",3,1
"2025-09-12","France","(not set)",2,1
"2025-09-12","Guinea","(not set)",2,1
"2025-09-12","Iraq","(not set)",2,1
"2025-09-12","Malta","(not set)",2,1
"2025-09-12","Nepal","(not set)",2,1
"2025-09-12","Iran","(not set)",1,1
"2025-09-13","Brazil","(not set)",7374,1439
"2025-09-13","United States","(not set)",795,148
"2025-09-13","Mexico","(not set)",29,6
"2025-09-13","Algeria","(not set)",25,1
"2025-09-13","Argentina","(not set)",21,5
"2025-09-13","United Kingdom","(not set)",17,4
"2025-09-13","Bangladesh","(not set)",15,3
"2025-09-13","Nigeria","(not set)",14,5
"2025-09-13","South Africa","(not set)",10,1
"2025-09-13","Egypt","(not set)",9,1
"2025-09-13","Australia","(not set)",7,1
"2025-09-13","Colombia","(not set)",7,2
"2025-09-13","India","(not set)",7,2
"2025-09-13","Morocco","(not set)",6,1
"2025-09-13","Bolivia","(not set)",5,1
"2025-09-13","Afghanistan","(not set)",4,3
"2025-09-13","Canada","(not set)",4,1
"2025-09-13","Singapore","(not set)",4,1
"2025-09-13","Tonga","(not set)",4,1
"2025-09-13","Philippines","(not set)",3,1
"2025-09-13","Belgium","(not set)",2,1
"2025-09-13","Cuba","(not set)",2,2
"2025-09-13","Ecuador","(not set)",2,1
"2025-09-13","Ghana","(not set)",2,1
"2025-09-13","Portugal","(not set)",2,1
"2025-09-13","Guinea","(not set)",1,1
"2025-09-13","Indonesia","(not set)",1,1
"2025-09-13","Libya","(not set)",1,1
"2025-09-14","Brazil","(not set)",8162,1564
"2025-09-14","United States","(not set)",1144,194
"2025-09-14","Puerto Rico","(not set)",26,5
"2025-09-14","Egypt","(not set)",20,4
"2025-09-14","India","(not set)",16,2
"2025-09-14","Iran","(not set)",15,4
"2025-09-14","Mexico","(not set)",15,7
"2025-09-14","Algeria","(not set)",12,2
"2025-09-14","Finland","(not set)",10,1
"2025-09-14","Bangladesh","(not set)",9,2
"2025-09-14","Guatemala","(not set)",9,2
"2025-09-14","Nigeria","(not set)",7,2
"2025-09-14","Colombia","(not set)",5,1
"2025-09-14","Iraq","(not set)",5,1
"2025-09-14","Jordan","(not set)",5,1
"2025-09-14","Canada","(not set)",4,1
"2025-09-14","Tunisia","(not set)",4,1
"2025-09-14","Ecuador","(not set)",3,1
"2025-09-14","Peru","(not set)",2,1
"2025-09-14","Afghanistan","(not set)",1,1
"2025-09-14","Cuba","(not set)",1,1
"2025-09-14","Guyana","(not set)",1,1
"2025-09-14","Indonesia","(not set)",1,1
"2025-09-14","Jamaica","(not set)",1,1
"2025-09-14","Netherlands","(not set)",1,1
"2025-09-15","Brazil","(not set)",7011,1261
"2025-09-15","United States","(not set)",839,154
"2025-09-15","Netherlands","(not set)",61,2
"2025-09-15","Mexico","(not set)",41,12
"2025-09-15","Algeria","(not set)",19,2
"2025-09-15","Egypt","(not set)",15,2
"2025-09-15","Bangladesh","(not set)",10,2
"2025-09-15","Iran","(not set)",10,7
"2025-09-15","India","(not set)",9,2
"2025-09-15","Puerto Rico","(not set)",9,4
"2025-09-15","Panama","(not set)",8,1
"2025-09-15","Solomon Islands","(not set)",8,1
"2025-09-15","(not set)","(not set)",7,1
"2025-09-15","Guatemala","(not set)",6,1
"2025-09-15","Mali","(not set)",6,1
"2025-09-15","United Kingdom","(not set)",6,1
"2025-09-15","Argentina","(not set)",5,1
"2025-09-15","Nigeria","(not set)",4,2
"2025-09-15","Cuba","(not set)",3,2
"2025-09-15","Kenya","(not set)",2,1
"2025-09-15","Antigua & Barbuda","(not set)",1,1
"2025-09-15","Canada","(not set)",1,1
"2025-09-15","Germany","(not set)",1,1
"2025-09-15","Iraq","(not set)",1,1
"2025-09-15","Italy","(not set)",1,1
"2025-09-15","Saudi Arabia","(not set)",1,1
"2025-09-15","South Korea","(not set)",1,1
"2025-09-15","Spain","(not set)",1,1
"2025-09-16","Brazil","(not set)",6627,1185
"2025-09-16","United States","(not set)",975,157
"2025-09-16","Mexico","(not set)",32,8
"2025-09-16","India","(not set)",25,6
"2025-09-16","Iran","(not set)",25,9
"2025-09-16","Argentina","(not set)",18,4
"2025-09-16","Puerto Rico","(not set)",17,3
"2025-09-16","Colombia","(not set)",14,4
"2025-09-16","Egypt","(not set)",13,2
"2025-09-16","Canada","(not set)",11,3
"2025-09-16","Netherlands","(not set)",10,1
"2025-09-16","Algeria","(not set)",7,2
"2025-09-16","Peru","(not set)",6,2
"2025-09-16","Venezuela","(not set)",6,1
"2025-09-16","France","(not set)",5,1
"2025-09-16","Germany","(not set)",5,1
"2025-09-16","Indonesia","(not set)",5,1
"2025-09-16","Portugal","(not set)",5,1
"2025-09-16","Thailand","(not set)",5,1
"2025-09-16","Cuba","(not set)",4,2
"2025-09-16","Guatemala","(not set)",4,1
"2025-09-16","Laos","(not set)",3,2
"2025-09-16","Bolivia","(not set)",2,1
"2025-09-16","Dominican Republic","(not set)",1,1
"2025-09-16","Ethiopia","(not set)",1,1
"2025-09-16","Ghana","(not set)",1,1
"2025-09-16","Guyana","(not set)",1,1
"2025-09-17","Brazil","(not set)",4848,848
"2025-09-17","United States","(not set)",457,98
"2025-09-17","Puerto Rico","(not set)",23,3
"2025-09-17","China","(not set)",19,3
"2025-09-17","India","(not set)",9,1
"2025-09-17","Argentina","(not set)",8,2
"2025-09-17","Mexico","(not set)",8,5
"2025-09-17","Iran","(not set)",7,2
"2025-09-17","Jamaica","(not set)",6,1
"2025-09-17","Romania","(not set)",5,1
"2025-09-17","Nigeria","(not set)",4,3
"2025-09-17","Cuba","(not set)",3,1
"2025-09-17","Laos","(not set)",3,1
"2025-09-17","Thailand","(not set)",3,1
"2025-09-17","Egypt","(not set)",2,2
"2025-09-17","Myanmar (Burma)","(not set)",2,1
"2025-09-17","Peru","(not set)",2,1
"2025-09-17","Singapore","(not set)",2,1
"2025-09-17","United Kingdom","(not set)",2,1
"2025-09-17","Canada","(not set)",1,1
"2025-09-17","Colombia","(not set)",1,1
"2025-09-17","Ecuador","(not set)",1,1
"2025-09-17","Hong Kong","(not set)",1,1
"2025-09-17","Indonesia","(not set)",1,1
"2025-09-17","Malaysia","(not set)",1,1
"2025-09-17","Netherlands","(not set)",1,1
"2025-09-17","Philippines","(not set)",1,1
"2025-09-17","Zimbabwe","(not set)",1,1
"2025-09-18","Brazil","(not set)",6178,1085
"2025-09-18","United States","(not set)",809,131
"2025-09-18","Mexico","(not set)",72,10
"2025-09-18","Iran","(not set)",30,5
"2025-09-18","Peru","(not set)",17,2
"2025-09-18","Puerto Rico","(not set)",10,3
"2025-09-18","Israel","(not set)",8,1
"2025-09-18","Philippines","(not set)",8,3
"2025-09-18","United Kingdom","(not set)",8,2
"2025-09-18","Ecuador","(not set)",7,1
"2025-09-18","India","(not set)",7,2
"2025-09-18","Spain","(not set)",7,1
"2025-09-18","Australia","(not set)",5,1
"2025-09-18","Bermuda","(not set)",5,1
"2025-09-18","Bosnia & Herzegovina","(not set)",5,1
"2025-09-18","China","(not set)",5,1
"2025-09-18","Qatar","(not set)",5,1
"2025-09-18","South Africa","(not set)",5,1
"2025-09-18","Egypt","(not set)",2,1
"2025-09-18","Ethiopia","(not set)",2,1
"2025-09-18","Netherlands","(not set)",2,1
"2025-09-18","Nicaragua","(not set)",2,1
"2025-09-18","Saudi Arabia","(not set)",2,2
"2025-09-18","Angola","(not set)",1,1
"2025-09-18","Cuba","(not set)",1,1
"2025-09-18","Guatemala","(not set)",1,1
"2025-09-18","Indonesia","(not set)",1,1
"2025-09-18","Iraq","(not set)",1,1
"2025-09-18","Kenya","(not set)",1,1
"2025-09-18","Laos","(not set)",1,1
"2025-09-18","Libya","(not set)",1,1
"2025-09-18","Pakistan","(not set)",1,1
"2025-09-18","Panama","(not set)",1,1
"2025-09-19","Brazil","(not set)",5727,1098
"2025-09-19","United States","(not set)",723,134
"2025-09-19","Mexico","(not set)",43,10
"2025-09-19","Puerto Rico","(not set)",36,4
"2025-09-19","Saudi Arabia","(not set)",14,1
"2025-09-19","Cuba","(not set)",8,2
"2025-09-19","Iran","(not set)",6,3
"2025-09-19","Bahrain","(not set)",5,1
"2025-09-19","Bangladesh","(not set)",5,1
"2025-09-19","Colombia","(not set)",5,2
"2025-09-19","Portugal","(not set)",5,1
"2025-09-19","Russia","(not set)",5,1
"2025-09-19","South Africa","(not set)",5,1
"2025-09-19","Togo","(not set)",4,1
"2025-09-19","Ghana","(not set)",2,1
"2025-09-19","Malta","(not set)",2,1
"2025-09-19","Nigeria","(not set)",2,1
"2025-09-19","Poland","(not set)",2,1
"2025-09-19","Belgium","(not set)",1,1
"2025-09-19","Germany","(not set)",1,1
"2025-09-19","Japan","(not set)",1,1
"2025-09-19","Kenya","(not set)",1,1
"2025-09-19","Laos","(not set)",1,1
"2025-09-19","Morocco","(not set)",1,1
"2025-09-19","Pakistan","(not set)",1,1
"2025-09-19","Philippines","(not set)",1,1
"2025-09-19","Yemen","(not set)",1,1
"2025-09-20","Brazil","(not set)",6603,1297
"2025-09-20","United States","(not set)",908,164
"2025-09-20","Puerto Rico","(not set)",38,5
"2025-09-20","Mexico","(not set)",35,6
"2025-09-20","India","(not set)",34,6
"2025-09-20","Iran","(not set)",15,8
"2025-09-20","Russia","(not set)",11,1
"2025-09-20","Syria","(not set)",11,1
"2025-09-20","Argentina","(not set)",10,2
"2025-09-20","Bangladesh","(not set)",7,3
"2025-09-20","Uruguay","(not set)",7,1
"2025-09-20","Algeria","(not set)",6,1
"2025-09-20","Pakistan","(not set)",6,2
"2025-09-20","Azerbaijan","(not set)",5,1
"2025-09-20","Bosnia & Herzegovina","(not set)",5,1
"2025-09-20","Canada","(not set)",5,2
"2025-09-20","Denmark","(not set)",5,1
"2025-09-20","Ethiopia","(not set)",5,1
"2025-09-20","France","(not set)",5,1
"2025-09-20","Japan","(not set)",5,1
"2025-09-20","Nigeria","(not set)",5,3
"2025-09-20","Cuba","(not set)",4,3
"2025-09-20","Colombia","(not set)",3,1
"2025-09-20","Peru","(not set)",3,1
"2025-09-20","Portugal","(not set)",2,1
"2025-09-20","Ecuador","(not set)",1,1
"2025-09-20","Netherlands","(not set)",1,1
"2025-09-20","Poland","(not set)",1,1
"2025-09-20","United Arab Emirates","(not set)",1,1
"2025-09-21","Brazil","(not set)",7806,1464
"2025-09-21","United States","(not set)",813,163
"2025-09-21","Mexico","(not set)",36,9
"2025-09-21","Puerto Rico","(not set)",27,3
"2025-09-21","Iran","(not set)",18,5
"2025-09-21","Bangladesh","(not set)",16,1
"2025-09-21","Peru","(not set)",15,1
"2025-09-21","Argentina","(not set)",14,2
"2025-09-21","Ethiopia","(not set)",12,2
"2025-09-21","Germany","(not set)",10,2
"2025-09-21","Cuba","(not set)",9,3
"2025-09-21","Jamaica","(not set)",9,1
"2025-09-21","France","(not set)",7,2
"2025-09-21","Algeria","(not set)",6,2
"2025-09-21","Guatemala","(not set)",6,1
"2025-09-21","Indonesia","(not set)",6,3
"2025-09-21","Philippines","(not set)",6,2
"2025-09-21","Morocco","(not set)",5,1
"2025-09-21","Saudi Arabia","(not set)",5,5
"2025-09-21","Colombia","(not set)",4,1
"2025-09-21","Sierra Leone","(not set)",4,1
"2025-09-21","Guyana","(not set)",3,1
"2025-09-21","Netherlands","(not set)",3,1
"2025-09-21","United Kingdom","(not set)",3,2
"2025-09-21","Afghanistan","(not set)",2,2
"2025-09-21","Ecuador","(not set)",2,2
"2025-09-21","Egypt","(not set)",2,1
"2025-09-21","Portugal","(not set)",2,2
"2025-09-21","South Africa","(not set)",2,1
"2025-09-21","Kenya","(not set)",1,1
"2025-09-21","Pakistan","(not set)",1,1
"2025-09-21","Paraguay","(not set)",1,1
"2025-09-21","Thailand","(not set)",1,1
"2025-09-21","United Arab Emirates","(not set)",1,1
"2025-09-22","Brazil","(not set)",6527,1218
"2025-09-22","United States","(not set)",803,160
"2025-09-22","Mexico","(not set)",50,8
"2025-09-22","Colombia","(not set)",34,1
"2025-09-22","Portugal","(not set)",21,2
"2025-09-22","Puerto Rico","(not set)",18,3
"2025-09-22","Argentina","(not set)",16,3
"2025-09-22","Algeria","(not set)",14,2
"2025-09-22","Lithuania","(not set)",10,1
"2025-09-22","Bangladesh","(not set)",9,3
"2025-09-22","Iran","(not set)",9,3
"2025-09-22","Guatemala","(not set)",8,2
"2025-09-22","United Kingdom","(not set)",8,1
"2025-09-22","India","(not set)",7,1
"2025-09-22","Netherlands","(not set)",7,2
"2025-09-22","Jamaica","(not set)",6,1
"2025-09-22","Romania","(not set)",6,1
"2025-09-22","Canada","(not set)",5,1
"2025-09-22","Nigeria","(not set)",4,1
"2025-09-22","Cuba","(not set)",3,2
"2025-09-22","Germany","(not set)",2,1
"2025-09-22","Indonesia","(not set)",2,2
"2025-09-22","Kenya","(not set)",2,1
"2025-09-22","Afghanistan","(not set)",1,1
"2025-09-22","Egypt","(not set)",1,1
"2025-09-22","Guyana","(not set)",1,1
"2025-09-22","Malta","(not set)",1,1
"2025-09-22","Pakistan","(not set)",1,1
"2025-09-22","Philippines","(not set)",1,1
"2025-09-22","South Africa","(not set)",1,1
"2025-09-22","South Sudan","(not set)",1,1
"2025-09-23","Brazil","(not set)",6373,1181
"2025-09-23","United States","(not set)",617,130
"2025-09-23","Iran","(not set)",52,9
"2025-09-23","Mexico","(not set)",25,5
"2025-09-23","Puerto Rico","(not set)",23,2
"2025-09-23","Algeria","(not set)",11,2
"2025-09-23","India","(not set)",11,2
"2025-09-23","Canada","(not set)",10,2
"2025-09-23","Saudi Arabia","(not set)",6,2
"2025-09-23","Bangladesh","(not set)",5,1
"2025-09-23","Malaysia","(not set)",5,1
"2025-09-23","Nigeria","(not set)",5,3
"2025-09-23","Peru","(not set)",5,1
"2025-09-23","Laos","(not set)",3,1
"2025-09-23","Egypt","(not set)",2,2
"2025-09-23","Serbia","(not set)",2,1
"2025-09-23","Yemen","(not set)",2,1
"2025-09-23","Guyana","(not set)",1,1
"2025-09-23","Haiti","(not set)",1,1
"2025-09-23","Indonesia","(not set)",1,1
"2025-09-23","Netherlands","(not set)",1,1
"2025-09-24","Brazil","(not set)",7306,1302
"2025-09-24","United States","(not set)",803,152
"2025-09-24","Portugal","(not set)",48,4
"2025-09-24","Mexico","(not set)",25,5
"2025-09-24","Peru","(not set)",21,1
"2025-09-24","Puerto Rico","(not set)",14,1
"2025-09-24","Argentina","(not set)",10,3
"2025-09-24","Bangladesh","(not set)",10,3
"2025-09-24","Canada","(not set)",10,2
"2025-09-24","Netherlands","(not set)",9,1
"2025-09-24","United Kingdom","(not set)",8,3
"2025-09-24","Iran","(not set)",7,4
"2025-09-24","Chile","(not set)",6,1
"2025-09-24","Philippines","(not set)",6,2
"2025-09-24","Qatar","(not set)",6,1
"2025-09-24","Austria","(not set)",5,1
"2025-09-24","Paraguay","(not set)",5,1
"2025-09-24","Nigeria","(not set)",4,2
"2025-09-24","Cuba","(not set)",3,2
"2025-09-24","Indonesia","(not set)",3,2
"2025-09-24","Liberia","(not set)",3,1
"2025-09-24","Yemen","(not set)",3,1
"2025-09-24","Ethiopia","(not set)",2,1
"2025-09-24","Germany","(not set)",1,1
"2025-09-24","India","(not set)",1,1
"2025-09-24","Pakistan","(not set)",1,1
"2025-09-25","Brazil","(not set)",7498,1350
"2025-09-25","United States","(not set)",814,157
"2025-09-25","Mexico","(not set)",50,5
"2025-09-25","Iran","(not set)",27,6
"2025-09-25","Portugal","(not set)",20,2
"2025-09-25","Puerto Rico","(not set)",20,3
"2025-09-25","Nigeria","(not set)",9,2
"2025-09-25","Canada","(not set)",8,3
"2025-09-25","Israel","(not set)",8,1
"2025-09-25","Saudi Arabia","(not set)",7,1
"2025-09-25","Egypt","(not set)",6,1
"2025-09-25","India","(not set)",6,1
"2025-09-25","Algeria","(not set)",5,1
"2025-09-25","China","(not set)",5,1
"2025-09-25","Ethiopia","(not set)",5,1
"2025-09-25","New Zealand","(not set)",5,1
"2025-09-25","Vietnam","(not set)",5,1
"2025-09-25","Afghanistan","(not set)",4,1
"2025-09-25","Argentina","(not set)",4,1
"2025-09-25","Bermuda","(not set)",4,1
"2025-09-25","Indonesia","(not set)",4,1
"2025-09-25","United Kingdom","(not set)",4,1
"2025-09-25","Cuba","(not set)",3,3
"2025-09-25","Ecuador","(not set)",2,1
"2025-09-25","Kenya","(not set)",2,1
"2025-09-25","Philippines","(not set)",2,1
"2025-09-25","Germany","(not set)",1,1
"2025-09-25","Guyana","(not set)",1,1
"2025-09-25","Haiti","(not set)",1,1
"2025-09-25","Paraguay","(not set)",1,1
"2025-09-25","Peru","(not set)",1,1
"2025-09-26","Brazil","(not set)",7402,1276
"2025-09-26","United States","(not set)",936,176
"2025-09-26","Iran","(not set)",44,9
"2025-09-26","Peru","(not set)",22,2
"2025-09-26","Mexico","(not set)",21,7
"2025-09-26","Germany","(not set)",17,2
"2025-09-26","Indonesia","(not set)",12,5
"2025-09-26","Puerto Rico","(not set)",12,2
"2025-09-26","Angola","(not set)",10,3
"2025-09-26","Guatemala","(not set)",9,1
"2025-09-26","Portugal","(not set)",7,2
"2025-09-26","Dominican Republic","(not set)",6,1
"2025-09-26","Egypt","(not set)",6,2
"2025-09-26","Nigeria","(not set)",6,1
"2025-09-26","Argentina","(not set)",5,1
"2025-09-26","India","(not set)",5,1
"2025-09-26","Netherlands","(not set)",5,2
"2025-09-26","Syria","(not set)",4,1
"2025-09-26","Afghanistan","(not set)",1,1
"2025-09-26","Ethiopia","(not set)",1,1
"2025-09-26","Kenya","(not set)",1,1
"2025-09-26","Pakistan","(not set)",1,1
"2025-09-26","Paraguay","(not set)",1,1
"2025-09-26","Sudan","(not set)",1,1
"2025-09-27","Brazil","(not set)",6962,1383
"2025-09-27","United States","(not set)",1056,185
"2025-09-27","Mexico","(not set)",66,18
"2025-09-27","Portugal","(not set)",25,6
"2025-09-27","Puerto Rico","(not set)",21,1
"2025-09-27","South Africa","(not set)",21,1
"2025-09-27","Germany","(not set)",15,2
"2025-09-27","Iran","(not set)",14,3
"2025-09-27","Nigeria","(not set)",9,2
"2025-09-27","Saudi Arabia","(not set)",9,1
"2025-09-27","Egypt","(not set)",8,2
"2025-09-27","India","(not set)",8,6
"2025-09-27","Indonesia","(not set)",8,2
"2025-09-27","Laos","(not set)",8,1
"2025-09-27","Bangladesh","(not set)",7,1
"2025-09-27","Cuba","(not set)",7,2
"2025-09-27","United Kingdom","(not set)",7,2
"2025-09-27","Algeria","(not set)",6,1
"2025-09-27","Canada","(not set)",6,3
"2025-09-27","Netherlands","(not set)",6,2
"2025-09-27","Hungary","(not set)",5,1
"2025-09-27","Australia","(not set)",4,1
"2025-09-27","Romania","(not set)",4,1
"2025-09-27","Spain","(not set)",4,1
"2025-09-27","Argentina","(not set)",3,2
"2025-09-27","Kenya","(not set)",3,1
"2025-09-27","Ghana","(not set)",2,2
"2025-09-27","El Salvador","(not set)",1,1
"2025-09-27","Italy","(not set)",1,1
"2025-09-27","Madagascar","(not set)",1,1
"2025-09-27","Panama","(not set)",1,1
"2025-09-27","Tanzania","(not set)",1,1
"2025-09-28","Brazil","(not set)",8522,1579
"2025-09-28","United States","(not set)",928,196
"2025-09-28","Mexico","(not set)",40,8
"2025-09-28","Iran","(not set)",30,12
"2025-09-28","Argentina","(not set)",29,3
"2025-09-28","India","(not set)",22,3
"2025-09-28","Portugal","(not set)",21,1
"2025-09-28","Puerto Rico","(not set)",18,6
"2025-09-28","Nigeria","(not set)",17,1
"2025-09-28","United Kingdom","(not set)",14,2
"2025-09-28","Armenia","(not set)",8,1
"2025-09-28","Ecuador","(not set)",7,2
"2025-09-28","Cuba","(not set)",6,3
"2025-09-28","Indonesia","(not set)",6,2
"2025-09-28","Chile","(not set)",5,1
"2025-09-28","Netherlands","(not set)",5,2
"2025-09-28","Algeria","(not set)",4,1
"2025-09-28","Colombia","(not set)",4,1
"2025-09-28","Greece","(not set)",4,1
"2025-09-28","Israel","(not set)",4,1
"2025-09-28","Malaysia","(not set)",4,1
"2025-09-28","Sudan","(not set)",4,1
"2025-09-28","Thailand","(not set)",4,2
"2025-09-28","Venezuela","(not set)",4,1
"2025-09-28","Egypt","(not set)",3,1
"2025-09-28","Ghana","(not set)",2,1
"2025-09-28","South Africa","(not set)",2,1
"2025-09-28","Bangladesh","(not set)",1,1
"2025-09-28","Peru","(not set)",1,1
"2025-09-29","Brazil","(not set)",6500,1239
"2025-09-29","United States","(not set)",965,172
"2025-09-29","Mexico","(not set)",38,11
"2025-09-29","Algeria","(not set)",16,3
"2025-09-29","Germany","(not set)",14,4
"2025-09-29","Iran","(not set)",14,4
"2025-09-29","India","(not set)",10,2
"2025-09-29","Puerto Rico","(not set)",9,2
"2025-09-29","Philippines","(not set)",8,1
"2025-09-29","Egypt","(not set)",6,1
"2025-09-29","Nigeria","(not set)",6,2
"2025-09-29","United Kingdom","(not set)",6,1
"2025-09-29","Argentina","(not set)",5,1
"2025-09-29","Australia","(not set)",5,1
"2025-09-29","Canada","(not set)",5,2
"2025-09-29","Colombia","(not set)",5,1
"2025-09-29","Uganda","(not set)",5,1
"2025-09-29","Tanzania","(not set)",4,1
"2025-09-29","Cuba","(not set)",3,3
"2025-09-29","Russia","(not set)",3,1
"2025-09-29","Angola","(not set)",2,1
"2025-09-29","Ghana","(not set)",2,1
"2025-09-29","Haiti","(not set)",2,1
"2025-09-29","Jamaica","(not set)",2,1
"2025-09-29","Laos","(not set)",2,1
"2025-09-29","Yemen","(not set)",2,1
"2025-09-29","Afghanistan","(not set)",1,1
"2025-09-29","Mozambique","(not set)",1,1
"2025-09-29","Netherlands","(not set)",1,1
"2025-09-29","Poland","(not set)",1,1
"2025-09-29","United Arab Emirates","(not set)",1,1
"2025-09-30","Brazil","(not set)",5776,1104
"2025-09-30","United States","(not set)",844,171
"2025-09-30","Mexico","(not set)",40,6
"2025-09-30","Iran","(not set)",23,5
"2025-09-30","India","(not set)",22,7
"2025-09-30","Egypt","(not set)",17,2
"2025-09-30","Spain","(not set)",17,2
"2025-09-30","Puerto Rico","(not set)",15,2
"2025-09-30","Malaysia","(not set)",13,2
"2025-09-30","Peru","(not set)",10,1
"2025-09-30","Nigeria","(not set)",6,3
"2025-09-30","Portugal","(not set)",6,1
"2025-09-30","Argentina","(not set)",5,1
"2025-09-30","Canada","(not set)",5,1
"2025-09-30","Colombia","(not set)",5,1
"2025-09-30","Cuba","(not set)",5,2
"2025-09-30","Bermuda","(not set)",4,1
"2025-09-30","South Africa","(not set)",3,1
"2025-09-30","Afghanistan","(not set)",2,2
"2025-09-30","Algeria","(not set)",2,1
"2025-09-30","Philippines","(not set)",2,2
"2025-09-30","Dominican Republic","(not set)",1,1
"2025-09-30","Qatar","(not set)",1,1
"2025-09-30","Thailand","(not set)",1,1
"2025-10-01","Brazil","(not set)",6616,1242
"2025-10-01","United States","(not set)",791,154
"2025-10-01","Mexico","(not set)",49,13
"2025-10-01","India","(not set)",21,5
"2025-10-01","Iran","(not set)",14,5
"2025-10-01","Bangladesh","(not set)",12,3
"2025-10-01","Nigeria","(not set)",8,2
"2025-10-01","Peru","(not set)",6,1
"2025-10-01","Chile","(not set)",5,1
"2025-10-01","Ecuador","(not set)",5,1
"2025-10-01","Philippines","(not set)",5,1
"2025-10-01","(not set)","(not set)",4,1
"2025-10-01","Indonesia","(not set)",4,3
"2025-10-01","Colombia","(not set)",2,1
"2025-10-01","Germany","(not set)",2,2
"2025-10-01","Honduras","(not set)",2,1
"2025-10-01","Japan","(not set)",2,1
"2025-10-01","Afghanistan","(not set)",1,1
"2025-10-01","Argentina","(not set)",1,1
"2025-10-01","Burkina Faso","(not set)",1,1
"2025-10-01","Canada","(not set)",1,1
"2025-10-01","Cuba","(not set)",1,1
"2025-10-01","Netherlands","(not set)",1,1
"2025-10-01","Pakistan","(not set)",1,1
"2025-10-01","Portugal","(not set)",1,1
"2025-10-01","South Africa","(not set)",1,1
"2025-10-01","Thailand","(not set)",1,1
"2025-10-01","Vietnam","(not set)",1,1
"2025-10-02","Brazil","(not set)",6888,1280
"2025-10-02","United States","(not set)",727,136
"2025-10-02","Indonesia","(not set)",60,4
"2025-10-02","India","(not set)",40,4
"2025-10-02","Mexico","(not set)",31,7
"2025-10-02","Colombia","(not set)",23,1
"2025-10-02","Norway","(not set)",23,2
"2025-10-02","Egypt","(not set)",18,4
"2025-10-02","Ireland","(not set)",13,1
"2025-10-02","Bangladesh","(not set)",11,3
"2025-10-02","Iran","(not set)",10,3
"2025-10-02","Netherlands","(not set)",10,3
"2025-10-02","Algeria","(not set)",9,1
"2025-10-02","United Kingdom","(not set)",9,2
"2025-10-02","Peru","(not set)",6,1
"2025-10-02","Ecuador","(not set)",5,1
"2025-10-02","Germany","(not set)",5,1
"2025-10-02","(not set)","(not set)",4,1
"2025-10-02","Puerto Rico","(not set)",4,1
"2025-10-02","Kenya","(not set)",3,1
"2025-10-02","Venezuela","(not set)",3,1
"2025-10-02","Canada","(not set)",2,1
"2025-10-02","Nigeria","(not set)",2,2
"2025-10-02","Congo - Kinshasa","(not set)",1,1
"2025-10-02","Cuba","(not set)",1,1
"2025-10-02","Pakistan","(not set)",1,1
"2025-10-02","Philippines","(not set)",1,1
"2025-10-02","Türkiye","(not set)",1,1
"2025-10-03","Brazil","(not set)",4438,796
"2025-10-03","United States","(not set)",461,92
"2025-10-03","Thailand","(not set)",65,1
"2025-10-03","China","(not set)",24,4
"2025-10-03","Egypt","(not set)",23,1
"2025-10-03","Indonesia","(not set)",15,3
"2025-10-03","Mexico","(not set)",14,4
"2025-10-03","Peru","(not set)",12,1
"2025-10-03","Algeria","(not set)",11,2
"2025-10-03","Iran","(not set)",10,6
"2025-10-03","Slovenia","(not set)",9,1
"2025-10-03","Malaysia","(not set)",8,2
"2025-10-03","India","(not set)",7,2
"2025-10-03","Puerto Rico","(not set)",7,1
"2025-10-03","Ecuador","(not set)",4,2
"2025-10-03","Angola","(not set)",2,1
"2025-10-03","Argentina","(not set)",2,1
"2025-10-03","Italy","(not set)",2,1
"2025-10-03","Jamaica","(not set)",2,1
"2025-10-03","Japan","(not set)",2,1
"2025-10-03","Kenya","(not set)",2,1
"2025-10-03","Philippines","(not set)",2,1
"2025-10-03","Spain","(not set)",2,1
"2025-10-03","United Kingdom","(not set)",2,1
"2025-10-03","Bangladesh","(not set)",1,1
"2025-10-03","Canada","(not set)",1,1
"2025-10-03","Cuba","(not set)",1,1
"2025-10-03","Ethiopia","(not set)",1,1
"2025-10-03","Ghana","(not set)",1,1
"2025-10-03","Ireland","(not set)",1,1
"2025-10-03","Nigeria","(not set)",1,1
"2025-10-03","Qatar","(not set)",1,1
"2025-10-03","Vietnam","(not set)",1,1
"2025-10-04","Brazil","(not set)",6505,1226
"2025-10-04","United States","(not set)",796,141
"2025-10-04","Thailand","(not set)",142,1
"2025-10-04","Mexico","(not set)",51,8
"2025-10-04","Canada","(not set)",14,4
"2025-10-04","Portugal","(not set)",11,2
"2025-10-04","Iran","(not set)",9,2
"2025-10-04","Ethiopia","(not set)",8,2
"2025-10-04","Indonesia","(not set)",8,3
"2025-10-04","Peru","(not set)",8,1
"2025-10-04","Puerto Rico","(not set)",8,3
"2025-10-04","Algeria","(not set)",7,2
"2025-10-04","Saudi Arabia","(not set)",7,1
"2025-10-04","India","(not set)",5,1
"2025-10-04","Ecuador","(not set)",4,2
"2025-10-04","Nigeria","(not set)",4,3
"2025-10-04","Germany","(not set)",3,1
"2025-10-04","Kenya","(not set)",3,1
"2025-10-04","Cape Verde","(not set)",2,1
"2025-10-04","Zambia","(not set)",2,2
"2025-10-04","Cuba","(not set)",1,1
"2025-10-04","Pakistan","(not set)",1,1
"2025-10-04","Qatar","(not set)",1,1
"2025-10-04","United Kingdom","(not set)",1,1
"2025-10-04","Yemen","(not set)",1,1
"2025-10-05","Brazil","(not set)",7243,1452
"2025-10-05","United States","(not set)",965,182
"2025-10-05","Mexico","(not set)",41,6
"2025-10-05","India","(not set)",38,4
"2025-10-05","Puerto Rico","(not set)",19,1
"2025-10-05","Iran","(not set)",15,5
"2025-10-05","Nigeria","(not set)",12,1
"2025-10-05","Argentina","(not set)",10,3
"2025-10-05","Indonesia","(not set)",10,2
"2025-10-05","Ecuador","(not set)",9,2
"2025-10-05","Bangladesh","(not set)",6,2
"2025-10-05","Peru","(not set)",6,1
"2025-10-05","Canada","(not set)",5,1
"2025-10-05","United Kingdom","(not set)",5,2
"2025-10-05","Bermuda","(not set)",4,1
"2025-10-05","Egypt","(not set)",4,1
"2025-10-05","Cuba","(not set)",3,2
"2025-10-05","Laos","(not set)",2,1
"2025-10-05","Pakistan","(not set)",2,1
"2025-10-05","Philippines","(not set)",2,1
"2025-10-05","Syria","(not set)",2,1
"2025-10-05","Yemen","(not set)",2,2
"2025-10-05","Germany","(not set)",1,1
"2025-10-05","Japan","(not set)",1,1
"2025-10-05","Madagascar","(not set)",1,1
"2025-10-05","Portugal","(not set)",1,1
"2025-10-05","South Africa","(not set)",1,1
"2025-10-06","Brazil","(not set)",6175,1221
"2025-10-06","United States","(not set)",836,158
"2025-10-06","Mexico","(not set)",28,7
"2025-10-06","Egypt","(not set)",18,4
"2025-10-06","Thailand","(not set)",18,1
"2025-10-06","Puerto Rico","(not set)",17,1
"2025-10-06","Portugal","(not set)",12,2
"2025-10-06","Nigeria","(not set)",8,3
"2025-10-06","Algeria","(not set)",7,1
"2025-10-06","Philippines","(not set)",7,2
"2025-10-06","Morocco","(not set)",6,2
"2025-10-06","Bangladesh","(not set)",5,2
"2025-10-06","Costa Rica","(not set)",5,1
"2025-10-06","Iran","(not set)",5,3
"2025-10-06","Peru","(not set)",5,1
"2025-10-06","Argentina","(not set)",2,1
"2025-10-06","Guatemala","(not set)",2,1
"2025-10-06","India","(not set)",2,1
"2025-10-06","Sudan","(not set)",2,1
"2025-10-06","Yemen","(not set)",2,1
"2025-10-06","Colombia","(not set)",1,1
"2025-10-06","Ethiopia","(not set)",1,1
"2025-10-06","Ghana","(not set)",1,1
"2025-10-06","Indonesia","(not set)",1,1
"2025-10-06","Jamaica","(not set)",1,1
"2025-10-06","Jordan","(not set)",1,1
"2025-10-06","Kenya","(not set)",1,1
"2025-10-06","United Arab Emirates","(not set)",1,1
"2025-10-07","Brazil","(not set)",3883,794
"2025-10-07","United States","(not set)",423,99
"2025-10-07","Mexico","(not set)",31,4
"2025-10-07","Nigeria","(not set)",23,2
"2025-10-07","Canada","(not set)",11,1
"2025-10-07","Guatemala","(not set)",10,1
"2025-10-07","Puerto Rico","(not set)",9,1
"2025-10-07","Egypt","(not set)",8,1
"2025-10-07","Ghana","(not set)",7,1
"2025-10-07","Algeria","(not set)",6,1
"2025-10-07","Peru","(not set)",6,1
"2025-10-07","Cuba","(not set)",3,3
"2025-10-07","Iran","(not set)",3,3
"2025-10-07","Poland","(not set)",3,1
"2025-10-07","Romania","(not set)",3,1
"2025-10-07","Libya","(not set)",2,1
"2025-10-07","Ecuador","(not set)",1,1
"2025-10-07","Haiti","(not set)",1,1
"2025-10-07","Kenya","(not set)",1,1
"2025-10-07","Netherlands","(not set)",1,1
"2025-10-07","Paraguay","(not set)",1,1
"2025-10-07","Sri Lanka","(not set)",1,1
"2025-10-08","Brazil","(not set)",5528,1116
"2025-10-08","United States","(not set)",859,155
"2025-10-08","Syria","(not set)",53,1
"2025-10-08","Mexico","(not set)",29,9
"2025-10-08","Moldova","(not set)",17,1
"2025-10-08","Peru","(not set)",17,2
"2025-10-08","United Kingdom","(not set)",17,3
"2025-10-08","Costa Rica","(not set)",14,1
"2025-10-08","Malaysia","(not set)",12,1
"2025-10-08","India","(not set)",10,3
"2025-10-08","Jamaica","(not set)",9,1
"2025-10-08","Netherlands","(not set)",9,2
"2025-10-08","Saudi Arabia","(not set)",9,1
"2025-10-08","Philippines","(not set)",7,2
"2025-10-08","Bangladesh","(not set)",6,1
"2025-10-08","Vietnam","(not set)",6,1
"2025-10-08","Algeria","(not set)",5,1
"2025-10-08","China","(not set)",5,1
"2025-10-08","Egypt","(not set)",5,1
"2025-10-08","France","(not set)",5,1
"2025-10-08","Nigeria","(not set)",5,2
"2025-10-08","Slovakia","(not set)",5,1
"2025-10-08","Spain","(not set)",5,1
"2025-10-08","Canada","(not set)",4,1
"2025-10-08","Puerto Rico","(not set)",4,1
"2025-10-08","Uganda","(not set)",4,1
"2025-10-08","Cuba","(not set)",3,2
"2025-10-08","Ecuador","(not set)",3,3
"2025-10-08","Indonesia","(not set)",3,1
"2025-10-08","Iran","(not set)",2,2
"2025-10-08","Solomon Islands","(not set)",2,1
"2025-10-08","Cape Verde","(not set)",1,1
"2025-10-08","Guatemala","(not set)",1,1
"2025-10-08","Libya","(not set)",1,1
"2025-10-08","Pakistan","(not set)",1,1
"2025-10-08","Portugal","(not set)",1,1
"2025-10-09","Brazil","(not set)",5693,1145
"2025-10-09","United States","(not set)",789,143
"2025-10-09","Thailand","(not set)",31,1
"2025-10-09","Mexico","(not set)",24,12
"2025-10-09","Bangladesh","(not set)",19,2
"2025-10-09","India","(not set)",14,3
"2025-10-09","France","(not set)",13,2
"2025-10-09","Uganda","(not set)",11,1
"2025-10-09","Costa Rica","(not set)",10,1
"2025-10-09","Jamaica","(not set)",10,1
"2025-10-09","United Kingdom","(not set)",9,3
"2025-10-09","Iran","(not set)",8,2
"2025-10-09","China","(not set)",7,1
"2025-10-09","Honduras","(not set)",7,2
"2025-10-09","Indonesia","(not set)",6,2
"2025-10-09","Lithuania","(not set)",6,1
"2025-10-09","Pakistan","(not set)",6,1
"2025-10-09","Colombia","(not set)",5,1
"2025-10-09","Cuba","(not set)",5,3
"2025-10-09","Paraguay","(not set)",5,1
"2025-10-09","Syria","(not set)",4,1
"2025-10-09","Germany","(not set)",3,2
"2025-10-09","Laos","(not set)",3,2
"2025-10-09","Canada","(not set)",2,1
"2025-10-09","Kenya","(not set)",2,1
"2025-10-09","Netherlands","(not set)",2,1
"2025-10-09","Nigeria","(not set)",2,2
"2025-10-09","Philippines","(not set)",2,2
"2025-10-10","Brazil","(not set)",6043,1158
"2025-10-10","United States","(not set)",752,146
"2025-10-10","Mexico","(not set)",49,11
"2025-10-10","Syria","(not set)",31,1
"2025-10-10","Thailand","(not set)",26,1
"2025-10-10","Puerto Rico","(not set)",16,1
"2025-10-10","India","(not set)",15,5
"2025-10-10","Peru","(not set)",15,2
"2025-10-10","Argentina","(not set)",6,3
"2025-10-10","Ethiopia","(not set)",6,2
"2025-10-10","Nigeria","(not set)",6,4
"2025-10-10","Indonesia","(not set)",5,2
"2025-10-10","Tunisia","(not set)",5,1
"2025-10-10","United Kingdom","(not set)",5,1
"2025-10-10","El Salvador","(not set)",4,1
"2025-10-10","France","(not set)",4,1
"2025-10-10","Netherlands","(not set)",4,1
"2025-10-10","Solomon Islands","(not set)",4,1
"2025-10-10","United Arab Emirates","(not set)",4,1
"2025-10-10","Angola","(not set)",3,1
"2025-10-10","Cuba","(not set)",3,2
"2025-10-10","Iran","(not set)",2,2
"2025-10-10","Philippines","(not set)",2,1
"2025-10-10","Portugal","(not set)",2,1
"2025-10-10","Ecuador","(not set)",1,1
"2025-10-10","Guatemala","(not set)",1,1
"2025-10-10","Pakistan","(not set)",1,1
"2025-10-11","Brazil","(not set)",6790,1350
"2025-10-11","United States","(not set)",864,169
"2025-10-11","Mexico","(not set)",50,12
"2025-10-11","Iran","(not set)",25,4
"2025-10-11","Syria","(not set)",18,1
"2025-10-11","Poland","(not set)",15,1
"2025-10-11","Germany","(not set)",13,2
"2025-10-11","India","(not set)",12,2
"2025-10-11","Puerto Rico","(not set)",12,1
"2025-10-11","Portugal","(not set)",9,2
"2025-10-11","Costa Rica","(not set)",7,1
"2025-10-11","Japan","(not set)",7,1
"2025-10-11","Paraguay","(not set)",6,1
"2025-10-11","Austria","(not set)",5,1
"2025-10-11","Ethiopia","(not set)",5,1
"2025-10-11","Indonesia","(not set)",5,2
"2025-10-11","Laos","(not set)",5,1
"2025-10-11","Peru","(not set)",5,1
"2025-10-11","Spain","(not set)",5,1
"2025-10-11","Tonga","(not set)",5,1
"2025-10-11","Guatemala","(not set)",4,1
"2025-10-11","Israel","(not set)",4,1
"2025-10-11","Jamaica","(not set)",4,1
"2025-10-11","Thailand","(not set)",4,1
"2025-10-11","Algeria","(not set)",3,2
"2025-10-11","Argentina","(not set)",3,1
"2025-10-11","Canada","(not set)",3,1
"2025-10-11","Cuba","(not set)",2,1
"2025-10-11","Italy","(not set)",2,1
"2025-10-11","Pakistan","(not set)",2,1
"2025-10-11","Zambia","(not set)",2,1
"2025-10-11","United Arab Emirates","(not set)",1,1
"2025-10-12","Brazil","(not set)",8016,1561
"2025-10-12","United States","(not set)",906,164
"2025-10-12","Mexico","(not set)",35,8
"2025-10-12","Netherlands","(not set)",18,1
"2025-10-12","Puerto Rico","(not set)",16,4
"2025-10-12","Syria","(not set)",16,2
"2025-10-12","Argentina","(not set)",15,4
"2025-10-12","Thailand","(not set)",13,1
"2025-10-12","Bangladesh","(not set)",12,3
"2025-10-12","Costa Rica","(not set)",12,1
"2025-10-12","India","(not set)",12,2
"2025-10-12","Nigeria","(not set)",12,1
"2025-10-12","United Kingdom","(not set)",12,3
"2025-10-12","Yemen","(not set)",9,1
"2025-10-12","Peru","(not set)",8,2
"2025-10-12","Indonesia","(not set)",7,2
"2025-10-12","Iran","(not set)",6,3
"2025-10-12","Italy","(not set)",6,1
"2025-10-12","Philippines","(not set)",5,1
"2025-10-12","Australia","(not set)",4,1
"2025-10-12","Egypt","(not set)",4,1
"2025-10-12","Honduras","(not set)",4,1
"2025-10-12","Myanmar (Burma)","(not set)",4,1
"2025-10-12","Portugal","(not set)",4,1
"2025-10-12","Ghana","(not set)",3,3
"2025-10-12","Angola","(not set)",2,1
"2025-10-12","Cuba","(not set)",2,1
"2025-10-12","Jamaica","(not set)",2,1
"2025-10-12","Tanzania","(not set)",2,1
"2025-10-12","Canada","(not set)",1,1
"2025-10-12","Chile","(not set)",1,1
"2025-10-12","Colombia","(not set)",1,1
"2025-10-12","South Africa","(not set)",1,1
"2025-10-12","Spain","(not set)",1,1
"2025-10-13","Brazil","(not set)",6677,1331
"2025-10-13","United States","(not set)",856,170
"2025-10-13","Mexico","(not set)",44,10
"2025-10-13","Iran","(not set)",22,4
"2025-10-13","Greece","(not set)",21,1
"2025-10-13","Argentina","(not set)",19,4
"2025-10-13","Germany","(not set)",18,4
"2025-10-13","Syria","(not set)",18,2
"2025-10-13","Costa Rica","(not set)",16,1
"2025-10-13","Thailand","(not set)",12,2
"2025-10-13","Netherlands","(not set)",11,2
"2025-10-13","India","(not set)",9,2
"2025-10-13","Portugal","(not set)",8,1
"2025-10-13","United Kingdom","(not set)",7,2
"2025-10-13","Indonesia","(not set)",6,1
"2025-10-13","Peru","(not set)",6,1
"2025-10-13","Japan","(not set)",4,1
"2025-10-13","South Korea","(not set)",4,1
"2025-10-13","Bangladesh","(not set)",3,1
"2025-10-13","Colombia","(not set)",2,1
"2025-10-13","Kenya","(not set)",2,1
"2025-10-13","Pakistan","(not set)",2,1
"2025-10-13","Zimbabwe","(not set)",2,1
"2025-10-13","Canada","(not set)",1,1
"2025-10-13","Chile","(not set)",1,1
"2025-10-13","Cuba","(not set)",1,1
"2025-10-13","Dominican Republic","(not set)",1,1
"2025-10-13","Ethiopia","(not set)",1,1
"2025-10-13","Nigeria","(not set)",1,1
"2025-10-13","Poland","(not set)",1,1
"2025-10-13","Puerto Rico","(not set)",1,1
"2025-10-13","Spain","(not set)",1,1
"2025-10-13","Sudan","(not set)",1,1
"2025-10-14","Brazil","(not set)",6276,1159
"2025-10-14","United States","(not set)",758,145
"2025-10-14","Iran","(not set)",29,10
"2025-10-14","Mexico","(not set)",24,7
"2025-10-14","Peru","(not set)",19,2
"2025-10-14","Puerto Rico","(not set)",13,3
"2025-10-14","Bulgaria","(not set)",11,2
"2025-10-14","Canada","(not set)",10,2
"2025-10-14","Germany","(not set)",6,3
"2025-10-14","Syria","(not set)",6,1
"2025-10-14","Costa Rica","(not set)",5,1
"2025-10-14","United Kingdom","(not set)",5,2
"2025-10-14","Colombia","(not set)",4,1
"2025-10-14","Nigeria","(not set)",4,3
"2025-10-14","Portugal","(not set)",4,1
"2025-10-14","India","(not set)",3,1
"2025-10-14","Morocco","(not set)",3,2
"2025-10-14","Afghanistan","(not set)",1,1
"2025-10-14","Singapore","(not set)",1,1
"2025-10-14","Tanzania","(not set)",1,1
"2025-10-15","Brazil","(not set)",6751,1291
"2025-10-15","United States","(not set)",848,162
"2025-10-15","Mexico","(not set)",31,8
"2025-10-15","Puerto Rico","(not set)",24,3
"2025-10-15","Thailand","(not set)",20,1
"2025-10-15","Iran","(not set)",17,6
"2025-10-15","India","(not set)",16,3
"2025-10-15","Bangladesh","(not set)",11,3
"2025-10-15","Canada","(not set)",9,1
"2025-10-15","Italy","(not set)",9,2
"2025-10-15","Romania","(not set)",9,1
"2025-10-15","Costa Rica","(not set)",8,1
"2025-10-15","Malaysia","(not set)",6,1
"2025-10-15","Netherlands","(not set)",6,1
"2025-10-15","Bahrain","(not set)",5,1
"2025-10-15","Bhutan","(not set)",5,1
"2025-10-15","Finland","(not set)",5,1
"2025-10-15","Nigeria","(not set)",5,1
"2025-10-15","Jamaica","(not set)",4,1
"2025-10-15","Philippines","(not set)",3,1
"2025-10-15","Syria","(not set)",3,1
"2025-10-15","Ecuador","(not set)",2,1
"2025-10-15","Egypt","(not set)",2,1
"2025-10-15","France","(not set)",2,1
"2025-10-15","Indonesia","(not set)",2,2
"2025-10-15","Tanzania","(not set)",2,1
"2025-10-15","United Kingdom","(not set)",2,1
"2025-10-15","Afghanistan","(not set)",1,1
"2025-10-15","Cuba","(not set)",1,1
"2025-10-15","El Salvador","(not set)",1,1
"2025-10-15","Morocco","(not set)",1,1
"2025-10-15","Uganda","(not set)",1,1
"2025-10-16","Brazil","(not set)",6845,1373
"2025-10-16","United States","(not set)",799,163
"2025-10-16","Iran","(not set)",49,9
"2025-10-16","Mexico","(not set)",28,6
"2025-10-16","Indonesia","(not set)",13,3
"2025-10-16","Cuba","(not set)",9,3
"2025-10-16","Peru","(not set)",9,2
"2025-10-16","Luxembourg","(not set)",7,1
"2025-10-16","Puerto Rico","(not set)",6,1
"2025-10-16","United Kingdom","(not set)",6,1
"2025-10-16","Argentina","(not set)",5,2
"2025-10-16","Netherlands","(not set)",4,1
"2025-10-16","U.S. Virgin Islands","(not set)",4,1
"2025-10-16","Uruguay","(not set)",4,1
"2025-10-16","Kenya","(not set)",3,1
"2025-10-16","Costa Rica","(not set)",2,1
"2025-10-16","Egypt","(not set)",2,1
"2025-10-16","Yemen","(not set)",2,1
"2025-10-16","Guatemala","(not set)",1,1
"2025-10-16","India","(not set)",1,1
"2025-10-16","Pakistan","(not set)",1,1
"2025-10-16","Papua New Guinea","(not set)",1,1
"2025-10-17","Brazil","(not set)",6304,1260
"2025-10-17","United States","(not set)",730,146
"2025-10-17","Peru","(not set)",24,2
"2025-10-17","Mexico","(not set)",15,8
"2025-10-17","(not set)","(not set)",12,3
"2025-10-17","India","(not set)",12,2
"2025-10-17","Argentina","(not set)",11,3
"2025-10-17","Iran","(not set)",11,4
"2025-10-17","Philippines","(not set)",9,2
"2025-10-17","France","(not set)",7,1
"2025-10-17","Bangladesh","(not set)",6,1
"2025-10-17","Indonesia","(not set)",6,3
"2025-10-17","Algeria","(not set)",5,1
"2025-10-17","Myanmar (Burma)","(not set)",5,1
"2025-10-17","Ecuador","(not set)",4,1
"2025-10-17","Luxembourg","(not set)",4,1
"2025-10-17","Puerto Rico","(not set)",4,1
"2025-10-17","Pakistan","(not set)",2,1
"2025-10-17","Paraguay","(not set)",2,1
"2025-10-17","Cuba","(not set)",1,1
"2025-10-17","El Salvador","(not set)",1,1
"2025-10-17","Italy","(not set)",1,1
"2025-10-17","Kenya","(not set)",1,1
"2025-10-17","Malaysia","(not set)",1,1
"2025-10-17","Nigeria","(not set)",1,1
"2025-10-17","Portugal","(not set)",1,1
"2025-10-17","Yemen","(not set)",1,1
"2025-10-18","Brazil","(not set)",6762,1417
"2025-10-18","United States","(not set)",784,169
"2025-10-18","Indonesia","(not set)",34,3
"2025-10-18","Iran","(not set)",25,7
"2025-10-18","Puerto Rico","(not set)",19,4
"2025-10-18","India","(not set)",15,2
"2025-10-18","Mexico","(not set)",15,5
"2025-10-18","Afghanistan","(not set)",9,1
"2025-10-18","Cuba","(not set)",8,4
"2025-10-18","Israel","(not set)",5,1
"2025-10-18","Canada","(not set)",4,1
"2025-10-18","France","(not set)",4,1
"2025-10-18","United Kingdom","(not set)",4,2
"2025-10-18","Nigeria","(not set)",3,2
"2025-10-18","Portugal","(not set)",2,1
"2025-10-18","Sri Lanka","(not set)",2,1
"2025-10-18","Guatemala","(not set)",1,1
"2025-10-18","Italy","(not set)",1,1
"2025-10-18","Netherlands","(not set)",1,1
"2025-10-18","Philippines","(not set)",1,1
"2025-10-19","Brazil","(not set)",8365,1525
"2025-10-19","United States","(not set)",1020,185
"2025-10-19","Mexico","(not set)",37,8
"2025-10-19","Iran","(not set)",29,8
"2025-10-19","Puerto Rico","(not set)",15,1
"2025-10-19","Indonesia","(not set)",11,4
"2025-10-19","Argentina","(not set)",9,3
"2025-10-19","India","(not set)",8,2
"2025-10-19","Costa Rica","(not set)",7,1
"2025-10-19","Peru","(not set)",7,1
"2025-10-19","Malaysia","(not set)",5,1
"2025-10-19","Netherlands","(not set)",5,1
"2025-10-19","South Africa","(not set)",5,1
"2025-10-19","Bangladesh","(not set)",4,1
"2025-10-19","Bolivia","(not set)",4,1
"2025-10-19","Cuba","(not set)",4,2
"2025-10-19","Germany","(not set)",4,2
"2025-10-19","Jamaica","(not set)",4,1
"2025-10-19","Switzerland","(not set)",4,1
"2025-10-19","Uzbekistan","(not set)",4,1
"2025-10-19","Algeria","(not set)",2,1
"2025-10-19","Nigeria","(not set)",2,1
"2025-10-19","Colombia","(not set)",1,1
"2025-10-19","Honduras","(not set)",1,1
"2025-10-19","Kenya","(not set)",1,1
"2025-10-19","Paraguay","(not set)",1,1
"2025-10-19","Philippines","(not set)",1,1
"2025-10-20","Brazil","(not set)",6146,1226
"2025-10-20","United States","(not set)",878,156
"2025-10-20","Mexico","(not set)",65,10
"2025-10-20","Iran","(not set)",22,5
"2025-10-20","Sri Lanka","(not set)",22,1
"2025-10-20","Peru","(not set)",12,1
"2025-10-20","Nigeria","(not set)",9,4
"2025-10-20","Argentina","(not set)",7,2
"2025-10-20","Indonesia","(not set)",7,3
"2025-10-20","Puerto Rico","(not set)",7,3
"2025-10-20","Egypt","(not set)",6,1
"2025-10-20","Italy","(not set)",6,1
"2025-10-20","Jordan","(not set)",6,1
"2025-10-20","Nicaragua","(not set)",5,1
"2025-10-20","Canada","(not set)",4,1
"2025-10-20","Morocco","(not set)",4,1
"2025-10-20","Türkiye","(not set)",4,1
"2025-10-20","Philippines","(not set)",3,2
"2025-10-20","Honduras","(not set)",2,2
"2025-10-20","Burkina Faso","(not set)",1,1
"2025-10-20","Cuba","(not set)",1,1
"2025-10-20","Ghana","(not set)",1,1
"2025-10-20","Laos","(not set)",1,1
"2025-10-20","Zambia","(not set)",1,1
"2025-10-21","Brazil","(not set)",5977,1161
"2025-10-21","United States","(not set)",754,136
"2025-10-21","India","(not set)",20,4
"2025-10-21","Iran","(not set)",16,5
"2025-10-21","Peru","(not set)",15,1
"2025-10-21","Mexico","(not set)",12,4
"2025-10-21","Canada","(not set)",9,3
"2025-10-21","Egypt","(not set)",9,2
"2025-10-21","France","(not set)",9,1
"2025-10-21","Philippines","(not set)",9,3
"2025-10-21","Nigeria","(not set)",7,5
"2025-10-21","(not set)","(not set)",5,1
"2025-10-21","Algeria","(not set)",5,2
"2025-10-21","Bangladesh","(not set)",5,1
"2025-10-21","Indonesia","(not set)",5,1
"2025-10-21","Romania","(not set)",5,1
"2025-10-21","South Africa","(not set)",5,1
"2025-10-21","Cuba","(not set)",4,2
"2025-10-21","Puerto Rico","(not set)",4,1
"2025-10-21","Germany","(not set)",2,1
"2025-10-21","Kuwait","(not set)",2,1
"2025-10-21","Pakistan","(not set)",2,2
"2025-10-21","Argentina","(not set)",1,1
"2025-10-21","Netherlands","(not set)",1,1
"2025-10-21","Samoa","(not set)",1,1
"2025-10-22","Brazil","(not set)",6675,1330
"2025-10-22","United States","(not set)",770,155
"2025-10-22","Peru","(not set)",38,4
"2025-10-22","India","(not set)",26,3
"2025-10-22","Egypt","(not set)",19,4
"2025-10-22","Israel","(not set)",11,1
"2025-10-22","Puerto Rico","(not set)",10,3
"2025-10-22","Argentina","(not set)",8,2
"2025-10-22","Bangladesh","(not set)",8,2
"2025-10-22","Mexico","(not set)",8,3
"2025-10-22","Cuba","(not set)",7,4
"2025-10-22","Myanmar (Burma)","(not set)",6,1
"2025-10-22","Saudi Arabia","(not set)",5,1
"2025-10-22","South Africa","(not set)",5,1
"2025-10-22","Thailand","(not set)",5,1
"2025-10-22","(not set)","(not set)",4,1
"2025-10-22","Bhutan","(not set)",4,1
"2025-10-22","Chile","(not set)",4,1
"2025-10-22","France","(not set)",4,1
"2025-10-22","Pakistan","(not set)",4,1
"2025-10-22","Nigeria","(not set)",3,2
"2025-10-22","Iran","(not set)",2,2
"2025-10-22","Romania","(not set)",2,2
"2025-10-22","Venezuela","(not set)",2,1
"2025-10-22","Afghanistan","(not set)",1,1
"2025-10-22","Kenya","(not set)",1,1
"2025-10-22","Libya","(not set)",1,1
"2025-10-22","Philippines","(not set)",1,1
"2025-10-23","Brazil","(not set)",7324,1477
"2025-10-23","United States","(not set)",822,148
"2025-10-23","Mexico","(not set)",38,10
"2025-10-23","Iran","(not set)",35,3
"2025-10-23","Egypt","(not set)",17,3
"2025-10-23","Spain","(not set)",15,1
"2025-10-23","Netherlands","(not set)",14,3
"2025-10-23","Türkiye","(not set)",9,2
"2025-10-23","Tunisia","(not set)",8,1
"2025-10-23","Argentina","(not set)",6,2
"2025-10-23","Canada","(not set)",6,1
"2025-10-23","Cuba","(not set)",6,2
"2025-10-23","Peru","(not set)",6,2
"2025-10-23","United Kingdom","(not set)",6,1
"2025-10-23","India","(not set)",5,2
"2025-10-23","Nigeria","(not set)",5,1
"2025-10-23","Germany","(not set)",4,1
"2025-10-23","Myanmar (Burma)","(not set)",4,1
"2025-10-23","South Africa","(not set)",4,1
"2025-10-23","Thailand","(not set)",4,1
"2025-10-23","Puerto Rico","(not set)",3,2
"2025-10-23","Chile","(not set)",2,1
"2025-10-23","Honduras","(not set)",2,1
"2025-10-23","Angola","(not set)",1,1
"2025-10-23","Bangladesh","(not set)",1,1
"2025-10-23","El Salvador","(not set)",1,1
"2025-10-23","Pakistan","(not set)",1,1
"2025-10-24","Brazil","(not set)",6920,1351
"2025-10-24","United States","(not set)",1033,161
"2025-10-24","Iran","(not set)",31,10
"2025-10-24","Mexico","(not set)",14,3
"2025-10-24","Afghanistan","(not set)",13,2
"2025-10-24","Pakistan","(not set)",13,3
"2025-10-24","United Kingdom","(not set)",12,3
"2025-10-24","Madagascar","(not set)",10,1
"2025-10-24","Moldova","(not set)",9,1
"2025-10-24","Indonesia","(not set)",8,3
"2025-10-24","Puerto Rico","(not set)",7,1
"2025-10-24","Bangladesh","(not set)",6,2
"2025-10-24","Germany","(not set)",6,1
"2025-10-24","Argentina","(not set)",5,2
"2025-10-24","Colombia","(not set)",5,3
"2025-10-24","Costa Rica","(not set)",5,1
"2025-10-24","Peru","(not set)",5,1
"2025-10-24","Russia","(not set)",5,1
"2025-10-24","South Africa","(not set)",5,1
"2025-10-24","Uruguay","(not set)",5,1
"2025-10-24","(not set)","(not set)",4,1
"2025-10-24","Angola","(not set)",4,1
"2025-10-24","Egypt","(not set)",4,2
"2025-10-24","Jamaica","(not set)",4,1
"2025-10-24","United Arab Emirates","(not set)",4,1
"2025-10-24","India","(not set)",3,2
"2025-10-24","Chile","(not set)",1,1
"2025-10-24","Ethiopia","(not set)",1,1
"2025-10-24","Ghana","(not set)",1,1
"2025-10-24","Honduras","(not set)",1,1
"2025-10-24","Laos","(not set)",1,1
"2025-10-24","Liberia","(not set)",1,1
"2025-10-24","Netherlands","(not set)",1,1
"2025-10-24","Philippines","(not set)",1,1
"2025-10-24","Portugal","(not set)",1,1
"2025-10-24","Solomon Islands","(not set)",1,1
"2025-10-24","Sudan","(not set)",1,1
"2025-10-24","Venezuela","(not set)",1,1
"2025-10-25","Brazil","(not set)",7283,1517
"2025-10-25","United States","(not set)",957,181
"2025-10-25","Mexico","(not set)",39,6
"2025-10-25","India","(not set)",26,5
"2025-10-25","Iran","(not set)",25,6
"2025-10-25","United Kingdom","(not set)",18,3
"2025-10-25","Germany","(not set)",17,4
"2025-10-25","Canada","(not set)",15,3
"2025-10-25","Nigeria","(not set)",15,5
"2025-10-25","Egypt","(not set)",12,1
"2025-10-25","Peru","(not set)",12,2
"2025-10-25","Colombia","(not set)",8,2
"2025-10-25","Indonesia","(not set)",8,1
"2025-10-25","Netherlands","(not set)",8,3
"2025-10-25","Bangladesh","(not set)",7,2
"2025-10-25","Cuba","(not set)",7,2
"2025-10-25","Iraq","(not set)",6,1
"2025-10-25","Tonga","(not set)",5,1
"2025-10-25","Türkiye","(not set)",5,2
"2025-10-25","Algeria","(not set)",4,1
"2025-10-25","Argentina","(not set)",4,1
"2025-10-25","Ecuador","(not set)",4,1
"2025-10-25","Portugal","(not set)",4,1
"2025-10-25","Thailand","(not set)",4,1
"2025-10-25","Malaysia","(not set)",3,1
"2025-10-25","Mozambique","(not set)",2,1
"2025-10-25","Puerto Rico","(not set)",2,2
"2025-10-25","Afghanistan","(not set)",1,1
"2025-10-25","Guatemala","(not set)",1,1
"2025-10-25","Niger","(not set)",1,1
"2025-10-25","Philippines","(not set)",1,1
"2025-10-25","South Africa","(not set)",1,1
"2025-10-25","Zimbabwe","(not set)",1,1
"2025-10-26","Brazil","(not set)",8692,1702
"2025-10-26","United States","(not set)",1082,195
"2025-10-26","Mexico","(not set)",22,5
"2025-10-26","Iran","(not set)",21,7
"2025-10-26","Germany","(not set)",20,2
"2025-10-26","United Arab Emirates","(not set)",14,2
"2025-10-26","Nigeria","(not set)",12,4
"2025-10-26","Cuba","(not set)",10,3
"2025-10-26","Colombia","(not set)",8,1
"2025-10-26","Pakistan","(not set)",8,2
"2025-10-26","Peru","(not set)",8,2
"2025-10-26","United Kingdom","(not set)",8,2
"2025-10-26","Belgium","(not set)",7,2
"2025-10-26","Egypt","(not set)",6,2
"2025-10-26","Indonesia","(not set)",6,2
"2025-10-26","Morocco","(not set)",6,1
"2025-10-26","Bangladesh","(not set)",5,1
"2025-10-26","Bulgaria","(not set)",5,1
"2025-10-26","Greece","(not set)",5,1
"2025-10-26","Israel","(not set)",5,1
"2025-10-26","Portugal","(not set)",5,1
"2025-10-26","Romania","(not set)",5,1
"2025-10-26","Argentina","(not set)",4,1
"2025-10-26","India","(not set)",4,1
"2025-10-26","Japan","(not set)",4,1
"2025-10-26","Laos","(not set)",4,1
"2025-10-26","Belarus","(not set)",2,1
"2025-10-26","Netherlands","(not set)",2,1
"2025-10-26","Puerto Rico","(not set)",2,2
"2025-10-26","Canada","(not set)",1,1
"2025-10-26","Guatemala","(not set)",1,1
"2025-10-26","Philippines","(not set)",1,1
"2025-10-27","Brazil","(not set)",6884,1301
"2025-10-27","United States","(not set)",1000,177
"2025-10-27","Egypt","(not set)",24,5
"2025-10-27","Colombia","(not set)",23,3
"2025-10-27","Mexico","(not set)",23,4
"2025-10-27","Iran","(not set)",20,8
"2025-10-27","India","(not set)",16,3
"2025-10-27","Puerto Rico","(not set)",14,2
"2025-10-27","United Kingdom","(not set)",14,3
"2025-10-27","Bangladesh","(not set)",13,3
"2025-10-27","Nigeria","(not set)",10,2
"2025-10-27","Angola","(not set)",9,3
"2025-10-27","Netherlands","(not set)",9,3
"2025-10-27","China","(not set)",6,1
"2025-10-27","Argentina","(not set)",5,2
"2025-10-27","Jamaica","(not set)",5,1
"2025-10-27","Kenya","(not set)",5,2
"2025-10-27","Mozambique","(not set)",4,1
"2025-10-27","Ethiopia","(not set)",2,1
"2025-10-27","Indonesia","(not set)",2,1
"2025-10-27","Cuba","(not set)",1,1
"2025-10-27","Ghana","(not set)",1,1
"2025-10-27","Haiti","(not set)",1,1
"2025-10-27","Italy","(not set)",1,1
"2025-10-28","Brazil","(not set)",6974,1445
"2025-10-28","United States","(not set)",919,157
"2025-10-28","Mexico","(not set)",39,8
"2025-10-28","India","(not set)",33,3
"2025-10-28","Indonesia","(not set)",10,3
"2025-10-28","Peru","(not set)",10,2
"2025-10-28","Nigeria","(not set)",8,3
"2025-10-28","Pakistan","(not set)",8,2
"2025-10-28","Puerto Rico","(not set)",8,2
"2025-10-28","South Africa","(not set)",8,1
"2025-10-28","Germany","(not set)",7,1
"2025-10-28","Bangladesh","(not set)",5,2
"2025-10-28","Canada","(not set)",5,1
"2025-10-28","China","(not set)",5,1
"2025-10-28","Madagascar","(not set)",5,1
"2025-10-28","Spain","(not set)",5,1
"2025-10-28","Colombia","(not set)",4,1
"2025-10-28","Cuba","(not set)",4,3
"2025-10-28","Egypt","(not set)",4,1
"2025-10-28","Iran","(not set)",4,2
"2025-10-28","Iraq","(not set)",4,1
"2025-10-28","Paraguay","(not set)",4,2
"2025-10-28","United Kingdom","(not set)",4,1
"2025-10-28","Netherlands","(not set)",3,2
"2025-10-28","Portugal","(not set)",2,1
"2025-10-28","Syria","(not set)",2,1
"2025-10-28","Afghanistan","(not set)",1,1
"2025-10-28","Argentina","(not set)",1,1
"2025-10-28","Ethiopia","(not set)",1,1
"2025-10-28","France","(not set)",1,1
"2025-10-28","Ghana","(not set)",1,1
"2025-10-28","Kenya","(not set)",1,1
"2025-10-28","Tunisia","(not set)",1,1
"2025-10-29","Brazil","(not set)",7166,1479
"2025-10-29","United States","(not set)",834,139
"2025-10-29","Mexico","(not set)",34,13
"2025-10-29","Japan","(not set)",23,1
"2025-10-29","Bangladesh","(not set)",21,2
"2025-10-29","Indonesia","(not set)",16,3
"2025-10-29","India","(not set)",14,3
"2025-10-29","Iran","(not set)",14,5
"2025-10-29","Colombia","(not set)",12,2
"2025-10-29","United Kingdom","(not set)",10,3
"2025-10-29","Argentina","(not set)",6,3
"2025-10-29","Egypt","(not set)",6,1
"2025-10-29","Saudi Arabia","(not set)",6,1
"2025-10-29","Germany","(not set)",5,1
"2025-10-29","Nigeria","(not set)",5,1
"2025-10-29","Singapore","(not set)",5,1
"2025-10-29","Guatemala","(not set)",4,1
"2025-10-29","Portugal","(not set)",4,1
"2025-10-29","Paraguay","(not set)",3,1
"2025-10-29","Jamaica","(not set)",2,1
"2025-10-29","Kenya","(not set)",2,1
"2025-10-29","Cuba","(not set)",1,1
"2025-10-29","Hungary","(not set)",1,1
"2025-10-29","Pakistan","(not set)",1,1
"2025-10-29","Philippines","(not set)",1,1
"2025-10-29","Trinidad & Tobago","(not set)",1,1
"2025-10-30","Brazil","(not set)",6729,1359
"2025-10-30","United States","(not set)",966,163
"2025-10-30","Mexico","(not set)",25,6
"2025-10-30","Bangladesh","(not set)",14,4
"2025-10-30","India","(not set)",12,2
"2025-10-30","Iran","(not set)",11,3
"2025-10-30","Cuba","(not set)",10,4
"2025-10-30","Moldova","(not set)",9,1
"2025-10-30","Puerto Rico","(not set)",9,2
"2025-10-30","Chile","(not set)",7,1
"2025-10-30","El Salvador","(not set)",7,2
"2025-10-30","Qatar","(not set)",7,1
"2025-10-30","United Kingdom","(not set)",7,2
"2025-10-30","Greece","(not set)",5,1
"2025-10-30","Kenya","(not set)",5,1
"2025-10-30","Laos","(not set)",5,1
"2025-10-30","Ecuador","(not set)",4,1
"2025-10-30","Nigeria","(not set)",4,1
"2025-10-30","Peru","(not set)",4,1
"2025-10-30","Syria","(not set)",4,1
"2025-10-30","Philippines","(not set)",3,2
"2025-10-30","Zambia","(not set)",2,1
"2025-10-30","Jamaica","(not set)",1,1
"2025-10-30","Pakistan","(not set)",1,1
"2025-10-30","Ukraine","(not set)",1,1
"2025-10-31","Brazil","(not set)",4743,944
"2025-10-31","United States","(not set)",629,103
"2025-10-31","Mexico","(not set)",19,5
"2025-10-31","Portugal","(not set)",18,4
"2025-10-31","Egypt","(not set)",13,2
"2025-10-31","Bangladesh","(not set)",11,1
"2025-10-31","Algeria","(not set)",10,2
"2025-10-31","Colombia","(not set)",9,1
"2025-10-31","Iran","(not set)",9,5
"2025-10-31","Cuba","(not set)",6,3
"2025-10-31","Russia","(not set)",6,1
"2025-10-31","Chile","(not set)",5,1
"2025-10-31","Ethiopia","(not set)",5,1
"2025-10-31","Qatar","(not set)",5,1
"2025-10-31","Germany","(not set)",3,1
"2025-10-31","India","(not set)",3,2
"2025-10-31","Romania","(not set)",3,1
"2025-10-31","Indonesia","(not set)",2,1
"2025-10-31","Netherlands","(not set)",2,1
"2025-10-31","Papua New Guinea","(not set)",2,1
"2025-10-31","Puerto Rico","(not set)",2,2
"2025-10-31","United Kingdom","(not set)",2,1
"2025-10-31","Bolivia","(not set)",1,1
"2025-10-31","Nigeria","(not set)",1,1
"2025-10-31","Pakistan","(not set)",1,1
"2025-11-01","Brazil","(not set)",6536,1314
"2025-11-01","United States","(not set)",873,147
"2025-11-01","Iran","(not set)",38,8
"2025-11-01","India","(not set)",33,7
"2025-11-01","Mexico","(not set)",16,5
"2025-11-01","Italy","(not set)",14,2
"2025-11-01","South Africa","(not set)",11,1
"2025-11-01","Puerto Rico","(not set)",8,3
"2025-11-01","Bangladesh","(not set)",6,1
"2025-11-01","Morocco","(not set)",6,1
"2025-11-01","Egypt","(not set)",5,1
"2025-11-01","Pakistan","(not set)",4,1
"2025-11-01","Botswana","(not set)",3,1
"2025-11-01","Papua New Guinea","(not set)",3,1
"2025-11-01","Canada","(not set)",2,1
"2025-11-01","Cuba","(not set)",2,1
"2025-11-01","Jamaica","(not set)",2,1
"2025-11-01","Niger","(not set)",2,1
"2025-11-01","Germany","(not set)",1,1
"2025-11-01","Ghana","(not set)",1,1
"2025-11-01","Haiti","(not set)",1,1
"2025-11-01","Nigeria","(not set)",1,1
"2025-11-01","Norway","(not set)",1,1
"2025-11-01","Tanzania","(not set)",1,1
"2025-11-01","Uganda","(not set)",1,1
"2025-11-02","Brazil","(not set)",7750,1662
"2025-11-02","United States","(not set)",942,179
"2025-11-02","Mexico","(not set)",56,12
"2025-11-02","Iran","(not set)",27,6
"2025-11-02","United Kingdom","(not set)",25,1
"2025-11-02","Puerto Rico","(not set)",16,5
"2025-11-02","Indonesia","(not set)",12,5
"2025-11-02","Nigeria","(not set)",8,4
"2025-11-02","Argentina","(not set)",7,3
"2025-11-02","Syria","(not set)",7,1
"2025-11-02","India","(not set)",6,1
"2025-11-02","Moldova","(not set)",6,1
"2025-11-02","Paraguay","(not set)",6,1
"2025-11-02","Peru","(not set)",6,1
"2025-11-02","Bangladesh","(not set)",5,1
"2025-11-02","Colombia","(not set)",5,1
"2025-11-02","France","(not set)",5,2
"2025-11-02","Honduras","(not set)",5,1
"2025-11-02","Hungary","(not set)",5,1
"2025-11-02","Pakistan","(not set)",5,1
"2025-11-02","Spain","(not set)",5,1
"2025-11-02","Netherlands","(not set)",4,1
"2025-11-02","Saudi Arabia","(not set)",4,1
"2025-11-02","U.S. Virgin Islands","(not set)",4,1
"2025-11-02","Cuba","(not set)",2,2
"2025-11-02","Niger","(not set)",2,1
"2025-11-02","Trinidad & Tobago","(not set)",2,1
"2025-11-02","Algeria","(not set)",1,1
"2025-11-02","Bolivia","(not set)",1,1
"2025-11-02","Luxembourg","(not set)",1,1
"2025-11-02","Philippines","(not set)",1,1
"2025-11-02","Tanzania","(not set)",1,1
"2025-11-03","Brazil","(not set)",6080,1235
"2025-11-03","United States","(not set)",814,160
"2025-11-03","Mexico","(not set)",41,6
"2025-11-03","India","(not set)",17,2
"2025-11-03","Iran","(not set)",16,1
"2025-11-03","Canada","(not set)",11,2
"2025-11-03","Peru","(not set)",9,1
"2025-11-03","Portugal","(not set)",9,2
"2025-11-03","United Kingdom","(not set)",8,2
"2025-11-03","Egypt","(not set)",7,1
"2025-11-03","Indonesia","(not set)",6,1
"2025-11-03","Netherlands","(not set)",6,1
"2025-11-03","Thailand","(not set)",5,1
"2025-11-03","(not set)","(not set)",4,1
"2025-11-03","Colombia","(not set)",4,2
"2025-11-03","Germany","(not set)",4,1
"2025-11-03","South Africa","(not set)",4,1
"2025-11-03","Cuba","(not set)",2,1
"2025-11-03","Ethiopia","(not set)",2,1
"2025-11-03","Kenya","(not set)",2,1
"2025-11-03","Philippines","(not set)",2,1
"2025-11-03","Bangladesh","(not set)",1,1
"2025-11-03","Dominican Republic","(not set)",1,1
"2025-11-03","Guatemala","(not set)",1,1
"2025-11-03","Panama","(not set)",1,1
"2025-11-04","Brazil","(not set)",6118,1271
"2025-11-04","United States","(not set)",760,140
"2025-11-04","India","(not set)",22,3
"2025-11-04","Iran","(not set)",19,6
"2025-11-04","Argentina","(not set)",14,3
"2025-11-04","Mexico","(not set)",13,3
"2025-11-04","Netherlands","(not set)",13,2
"2025-11-04","Namibia","(not set)",11,1
"2025-11-04","Portugal","(not set)",10,3
"2025-11-04","Puerto Rico","(not set)",10,1
"2025-11-04","Angola","(not set)",9,1
"2025-11-04","Indonesia","(not set)",7,3
"2025-11-04","Philippines","(not set)",7,3
"2025-11-04","Canada","(not set)",6,1
"2025-11-04","Cuba","(not set)",6,4
"2025-11-04","Ghana","(not set)",6,1
"2025-11-04","Egypt","(not set)",5,1
"2025-11-04","Malaysia","(not set)",5,1
"2025-11-04","Pakistan","(not set)",5,2
"2025-11-04","Bermuda","(not set)",4,1
"2025-11-04","Syria","(not set)",4,1
"2025-11-04","Colombia","(not set)",3,2
"2025-11-04","Japan","(not set)",3,2
"2025-11-04","Panama","(not set)",3,2
"2025-11-04","Guatemala","(not set)",2,2
"2025-11-04","Nigeria","(not set)",1,1
"2025-11-04","Thailand","(not set)",1,1
"2025-11-05","Brazil","(not set)",6522,1377
"2025-11-05","United States","(not set)",716,150
"2025-11-05","India","(not set)",35,6
"2025-11-05","Mexico","(not set)",21,5
"2025-11-05","Nigeria","(not set)",17,5
"2025-11-05","Puerto Rico","(not set)",14,1
"2025-11-05","Philippines","(not set)",7,2
"2025-11-05","Bangladesh","(not set)",6,1
"2025-11-05","Cuba","(not set)",6,3
"2025-11-05","Indonesia","(not set)",6,3
"2025-11-05","Japan","(not set)",5,1
"2025-11-05","Uruguay","(not set)",5,1
"2025-11-05","Hong Kong","(not set)",4,1
"2025-11-05","Iran","(not set)",4,3
"2025-11-05","Laos","(not set)",4,1
"2025-11-05","Argentina","(not set)",3,1
"2025-11-05","Ethiopia","(not set)",3,2
"2025-11-05","Botswana","(not set)",2,1
"2025-11-05","Haiti","(not set)",2,1
"2025-11-05","Chile","(not set)",1,1
"2025-11-05","China","(not set)",1,1
"2025-11-05","Guyana","(not set)",1,1
"2025-11-05","Kenya","(not set)",1,1
"2025-11-05","Thailand","(not set)",1,1
"2025-11-05","United Kingdom","(not set)",1,1
"2025-11-06","Brazil","(not set)",6381,1247
"2025-11-06","United States","(not set)",862,165
"2025-11-06","Mexico","(not set)",26,7
"2025-11-06","Iran","(not set)",19,8
"2025-11-06","Philippines","(not set)",16,2
"2025-11-06","Nigeria","(not set)",10,2
"2025-11-06","Romania","(not set)",9,2
"2025-11-06","Kenya","(not set)",8,2
"2025-11-06","Pakistan","(not set)",7,2
"2025-11-06","Colombia","(not set)",6,1
"2025-11-06","Cuba","(not set)",6,2
"2025-11-06","El Salvador","(not set)",6,1
"2025-11-06","Egypt","(not set)",5,1
"2025-11-06","Indonesia","(not set)",5,1
"2025-11-06","Namibia","(not set)",5,1
"2025-11-06","Tunisia","(not set)",5,1
"2025-11-06","Argentina","(not set)",4,1
"2025-11-06","Dominican Republic","(not set)",4,1
"2025-11-06","Portugal","(not set)",4,1
"2025-11-06","Germany","(not set)",2,1
"2025-11-06","India","(not set)",2,2
"2025-11-06","Poland","(not set)",2,1
"2025-11-06","South Africa","(not set)",2,1
"2025-11-06","United Kingdom","(not set)",2,1
"2025-11-06","Chile","(not set)",1,1
"2025-11-06","Thailand","(not set)",1,1
"2025-11-06","Venezuela","(not set)",1,1
"2025-11-07","Brazil","(not set)",5925,1190
"2025-11-07","United States","(not set)",776,149
"2025-11-07","China","(not set)",32,4
"2025-11-07","Mexico","(not set)",20,6
"2025-11-07","Iran","(not set)",12,7
"2025-11-07","Jordan","(not set)",11,2
"2025-11-07","Egypt","(not set)",10,3
"2025-11-07","Argentina","(not set)",9,2
"2025-11-07","Cuba","(not set)",8,3
"2025-11-07","Canada","(not set)",7,1
"2025-11-07","Bangladesh","(not set)",6,2
"2025-11-07","Ghana","(not set)",6,1
"2025-11-07","India","(not set)",5,3
"2025-11-07","Ireland","(not set)",5,1
"2025-11-07","Puerto Rico","(not set)",5,1
"2025-11-07","Thailand","(not set)",5,1
"2025-11-07","Pakistan","(not set)",3,2
"2025-11-07","Haiti","(not set)",2,1
"2025-11-07","Philippines","(not set)",2,1
"2025-11-07","Bolivia","(not set)",1,1
"2025-11-07","Germany","(not set)",1,1
"2025-11-07","Jamaica","(not set)",1,1
"2025-11-07","Kenya","(not set)",1,1
"2025-11-07","Laos","(not set)",1,1
"2025-11-07","Nigeria","(not set)",1,1
"2025-11-07","Portugal","(not set)",1,1
"2025-11-07","Singapore","(not set)",1,1
"2025-11-07","Venezuela","(not set)",1,1
"2025-11-07","Yemen","(not set)",1,1
"2025-11-08","Brazil","(not set)",6287,1327
"2025-11-08","United States","(not set)",983,171
"2025-11-08","Iran","(not set)",25,7
"2025-11-08","Chile","(not set)",19,1
"2025-11-08","India","(not set)",17,2
"2025-11-08","Puerto Rico","(not set)",16,6
"2025-11-08","Mexico","(not set)",15,7
"2025-11-08","Morocco","(not set)",14,1
"2025-11-08","Bangladesh","(not set)",7,2
"2025-11-08","Kuwait","(not set)",7,1
"2025-11-08","Netherlands","(not set)",7,3
"2025-11-08","Argentina","(not set)",6,2
"2025-11-08","Cuba","(not set)",6,3
"2025-11-08","Egypt","(not set)",6,2
"2025-11-08","Portugal","(not set)",6,1
"2025-11-08","Belgium","(not set)",5,1
"2025-11-08","Bolivia","(not set)",5,1
"2025-11-08","Algeria","(not set)",4,1
"2025-11-08","Canada","(not set)",4,1
"2025-11-08","Nigeria","(not set)",4,2
"2025-11-08","Spain","(not set)",4,1
"2025-11-08","Pakistan","(not set)",2,2
"2025-11-08","Philippines","(not set)",2,2
"2025-11-08","Thailand","(not set)",2,2
"2025-11-08","Indonesia","(not set)",1,1
"2025-11-08","Malaysia","(not set)",1,1
"2025-11-08","Qatar","(not set)",1,1
"2025-11-08","Singapore","(not set)",1,1
"2025-11-08","Sri Lanka","(not set)",1,1
"2025-11-09","Brazil","(not set)",7363,1529
"2025-11-09","United States","(not set)",1118,216
"2025-11-09","India","(not set)",28,5
"2025-11-09","Indonesia","(not set)",27,5
"2025-11-09","Philippines","(not set)",16,4
"2025-11-09","Mexico","(not set)",15,6
"2025-11-09","Argentina","(not set)",14,3
"2025-11-09","Iran","(not set)",11,5
"2025-11-09","Puerto Rico","(not set)",7,1
"2025-11-09","El Salvador","(not set)",6,2
"2025-11-09","Nigeria","(not set)",6,3
"2025-11-09","Bangladesh","(not set)",5,2
"2025-11-09","Cuba","(not set)",5,3
"2025-11-09","Dominican Republic","(not set)",5,1
"2025-11-09","Egypt","(not set)",4,1
"2025-11-09","Jamaica","(not set)",4,1
"2025-11-09","Netherlands","(not set)",4,1
"2025-11-09","Morocco","(not set)",3,1
"2025-11-09","Guatemala","(not set)",2,2
"2025-11-09","Spain","(not set)",2,1
"2025-11-09","Bolivia","(not set)",1,1
"2025-11-09","Japan","(not set)",1,1
"2025-11-09","Qatar","(not set)",1,1
"2025-11-09","Zambia","(not set)",1,1
"2025-11-10","Brazil","(not set)",5300,1053
"2025-11-10","United States","(not set)",956,159
"2025-11-10","China","(not set)",33,5
"2025-11-10","Mexico","(not set)",33,6
"2025-11-10","Iran","(not set)",21,7
"2025-11-10","Argentina","(not set)",20,3
"2025-11-10","South Korea","(not set)",15,1
"2025-11-10","Portugal","(not set)",12,2
"2025-11-10","Puerto Rico","(not set)",10,2
"2025-11-10","Egypt","(not set)",8,1
"2025-11-10","Bangladesh","(not set)",7,1
"2025-11-10","Costa Rica","(not set)",7,1
"2025-11-10","Colombia","(not set)",6,1
"2025-11-10","Indonesia","(not set)",6,1
"2025-11-10","Cuba","(not set)",5,3
"2025-11-10","Germany","(not set)",5,1
"2025-11-10","India","(not set)",5,1
"2025-11-10","Paraguay","(not set)",5,1
"2025-11-10","Algeria","(not set)",4,1
"2025-11-10","Australia","(not set)",4,1
"2025-11-10","Nigeria","(not set)",3,1
"2025-11-10","Denmark","(not set)",2,1
"2025-11-10","Kenya","(not set)",2,1
"2025-11-10","Peru","(not set)",2,1
"2025-11-10","Dominican Republic","(not set)",1,1
"2025-11-10","Ghana","(not set)",1,1
"2025-11-10","Italy","(not set)",1,1
"2025-11-10","Philippines","(not set)",1,1
"2025-11-11","Brazil","(not set)",5957,1144
"2025-11-11","United States","(not set)",725,139
"2025-11-11","Mexico","(not set)",52,8
"2025-11-11","Iran","(not set)",36,3
"2025-11-11","India","(not set)",17,3
"2025-11-11","Niger","(not set)",12,2
"2025-11-11","Poland","(not set)",8,1
"2025-11-11","Cuba","(not set)",7,4
"2025-11-11","Jamaica","(not set)",6,1
"2025-11-11","Morocco","(not set)",6,1
"2025-11-11","Thailand","(not set)",6,2
"2025-11-11","United Kingdom","(not set)",6,2
"2025-11-11","Argentina","(not set)",5,1
"2025-11-11","Spain","(not set)",5,1
"2025-11-11","Kenya","(not set)",4,1
"2025-11-11","Germany","(not set)",3,1
"2025-11-11","Peru","(not set)",2,1
"2025-11-11","Syria","(not set)",2,1
"2025-11-11","Chile","(not set)",1,1
"2025-11-11","Nigeria","(not set)",1,1
"2025-11-11","Pakistan","(not set)",1,1
"2025-11-11","Tanzania","(not set)",1,1
"2025-11-12","Brazil","(not set)",3915,780
"2025-11-12","United States","(not set)",481,98
"2025-11-12","Iran","(not set)",31,7
"2025-11-12","India","(not set)",17,2
"2025-11-12","Spain","(not set)",12,1
"2025-11-12","Japan","(not set)",10,2
"2025-11-12","Mexico","(not set)",10,5
"2025-11-12","Argentina","(not set)",9,2
"2025-11-12","Egypt","(not set)",9,3
"2025-11-12","Philippines","(not set)",9,4
"2025-11-12","Puerto Rico","(not set)",7,1
"2025-11-12","Syria","(not set)",7,1
"2025-11-12","Portugal","(not set)",5,1
"2025-11-12","Uruguay","(not set)",5,1
"2025-11-12","Nigeria","(not set)",4,4
"2025-11-12","Jamaica","(not set)",3,2
"2025-11-12","Chile","(not set)",2,1
"2025-11-12","France","(not set)",2,1
"2025-11-12","Sudan","(not set)",2,1
"2025-11-12","United Kingdom","(not set)",2,1
"2025-11-12","Bolivia","(not set)",1,1
"2025-11-12","Cuba","(not set)",1,1
"2025-11-12","Dominican Republic","(not set)",1,1
"2025-11-12","Kenya","(not set)",1,1
"2025-11-12","Pakistan","(not set)",1,1
"2025-11-12","Singapore","(not set)",1,1
"2025-11-12","South Africa","(not set)",1,1
"2025-11-12","Sri Lanka","(not set)",1,1
"2025-11-13","Brazil","(not set)",5897,1184
"2025-11-13","United States","(not set)",980,165
"2025-11-13","Japan","(not set)",33,3
"2025-11-13","Argentina","(not set)",22,2
"2025-11-13","Indonesia","(not set)",19,4
"2025-11-13","India","(not set)",16,4
"2025-11-13","(not set)","(not set)",12,3
"2025-11-13","Iran","(not set)",12,9
"2025-11-13","Germany","(not set)",10,3
"2025-11-13","Mexico","(not set)",8,4
"2025-11-13","Cuba","(not set)",7,2
"2025-11-13","United Kingdom","(not set)",6,1
"2025-11-13","Mozambique","(not set)",5,1
"2025-11-13","Syria","(not set)",5,1
"2025-11-13","Canada","(not set)",4,1
"2025-11-13","Ireland","(not set)",4,1
"2025-11-13","Paraguay","(not set)",4,1
"2025-11-13","Philippines","(not set)",4,3
"2025-11-13","Puerto Rico","(not set)",4,1
"2025-11-13","South Korea","(not set)",4,1
"2025-11-13","Venezuela","(not set)",4,1
"2025-11-13","Bangladesh","(not set)",2,1
"2025-11-13","France","(not set)",2,1
"2025-11-13","Peru","(not set)",2,1
"2025-11-13","Angola","(not set)",1,1
"2025-11-13","Ghana","(not set)",1,1
"2025-11-13","Portugal","(not set)",1,1
"2025-11-13","Saudi Arabia","(not set)",1,1
"2025-11-13","United Arab Emirates","(not set)",1,1
"2025-11-14","Brazil","(not set)",5981,1265
"2025-11-14","United States","(not set)",1004,179
"2025-11-14","Netherlands","(not set)",34,4
"2025-11-14","India","(not set)",26,4
"2025-11-14","Japan","(not set)",13,2
"2025-11-14","Iran","(not set)",11,6
"2025-11-14","Mexico","(not set)",11,6
"2025-11-14","Algeria","(not set)",10,1
"2025-11-14","Peru","(not set)",7,2
"2025-11-14","Colombia","(not set)",6,1
"2025-11-14","South Korea","(not set)",6,1
"2025-11-14","Syria","(not set)",6,2
"2025-11-14","Argentina","(not set)",5,1
"2025-11-14","Chile","(not set)",5,1
"2025-11-14","Portugal","(not set)",5,2
"2025-11-14","Cuba","(not set)",4,1
"2025-11-14","Egypt","(not set)",4,1
"2025-11-14","United Kingdom","(not set)",4,1
"2025-11-14","Bangladesh","(not set)",2,2
"2025-11-14","Malaysia","(not set)",2,1
"2025-11-14","Philippines","(not set)",2,1
"2025-11-14","Uganda","(not set)",2,1
"2025-11-14","France","(not set)",1,1
"2025-11-14","Indonesia","(not set)",1,1
"2025-11-14","Pakistan","(not set)",1,1
"2025-11-14","Venezuela","(not set)",1,1
"2025-11-15","Brazil","(not set)",6211,1346
"2025-11-15","United States","(not set)",997,202
"2025-11-15","India","(not set)",43,5
"2025-11-15","Mexico","(not set)",37,10
"2025-11-15","Iran","(not set)",23,8
"2025-11-15","Puerto Rico","(not set)",16,6
"2025-11-15","Canada","(not set)",9,1
"2025-11-15","Netherlands","(not set)",9,1
"2025-11-15","Morocco","(not set)",8,1
"2025-11-15","Bangladesh","(not set)",6,2
"2025-11-15","Honduras","(not set)",6,2
"2025-11-15","Poland","(not set)",6,1
"2025-11-15","Ethiopia","(not set)",5,1
"2025-11-15","Germany","(not set)",5,2
"2025-11-15","Indonesia","(not set)",5,2
"2025-11-15","Kenya","(not set)",5,2
"2025-11-15","Ecuador","(not set)",4,1
"2025-11-15","Syria","(not set)",4,1
"2025-11-15","Guatemala","(not set)",3,1
"2025-11-15","Chile","(not set)",2,1
"2025-11-15","Philippines","(not set)",2,2
"2025-11-15","Cuba","(not set)",1,1
"2025-11-15","Niger","(not set)",1,1
"2025-11-15","Spain","(not set)",1,1
"2025-11-16","Brazil","(not set)",7787,1644
"2025-11-16","United States","(not set)",1070,207
"2025-11-16","Iran","(not set)",38,6
"2025-11-16","Egypt","(not set)",24,2
"2025-11-16","Mexico","(not set)",22,7
"2025-11-16","Nigeria","(not set)",19,2
"2025-11-16","Peru","(not set)",14,1
"2025-11-16","Argentina","(not set)",6,2
"2025-11-16","Ecuador","(not set)",5,1
"2025-11-16","India","(not set)",5,2
"2025-11-16","Indonesia","(not set)",5,1
"2025-11-16","Syria","(not set)",5,2
"2025-11-16","Canada","(not set)",4,1
"2025-11-16","Jamaica","(not set)",4,1
"2025-11-16","Morocco","(not set)",4,2
"2025-11-16","Portugal","(not set)",4,1
"2025-11-16","Puerto Rico","(not set)",4,3
"2025-11-16","Cuba","(not set)",3,3
"2025-11-16","Guatemala","(not set)",3,2
"2025-11-16","Angola","(not set)",2,1
"2025-11-16","Guyana","(not set)",2,1
"2025-11-16","Japan","(not set)",2,1
"2025-11-16","Kenya","(not set)",2,1
"2025-11-16","Afghanistan","(not set)",1,1
"2025-11-16","Bangladesh","(not set)",1,1
"2025-11-16","Chile","(not set)",1,1
"2025-11-16","Dominican Republic","(not set)",1,1
"2025-11-16","France","(not set)",1,1
"2025-11-16","Pakistan","(not set)",1,1
"2025-11-16","Senegal","(not set)",1,1
"2025-11-16","South Africa","(not set)",1,1
"2025-11-16","Spain","(not set)",1,1
"2025-11-16","Tanzania","(not set)",1,1
"2025-11-16","Uzbekistan","(not set)",1,1
"2025-11-17","Brazil","(not set)",6054,1315
"2025-11-17","United States","(not set)",752,144
"2025-11-17","Iran","(not set)",26,6
"2025-11-17","India","(not set)",20,3
"2025-11-17","Mexico","(not set)",15,4
"2025-11-17","Bangladesh","(not set)",13,1
"2025-11-17","Argentina","(not set)",11,3
"2025-11-17","Japan","(not set)",11,3
"2025-11-17","Slovakia","(not set)",7,1
"2025-11-17","Canada","(not set)",6,1
"2025-11-17","Puerto Rico","(not set)",6,1
"2025-11-17","Israel","(not set)",5,1
"2025-11-17","Italy","(not set)",5,1
"2025-11-17","Yemen","(not set)",5,2
"2025-11-17","Czechia","(not set)",4,1
"2025-11-17","United Kingdom","(not set)",3,2
"2025-11-17","Cuba","(not set)",2,2
"2025-11-17","Egypt","(not set)",2,2
"2025-11-17","Kenya","(not set)",2,2
"2025-11-17","Laos","(not set)",2,1
"2025-11-17","Pakistan","(not set)",2,1
"2025-11-17","Spain","(not set)",2,1
"2025-11-17","Cape Verde","(not set)",1,1
"2025-11-17","El Salvador","(not set)",1,1
"2025-11-17","Guatemala","(not set)",1,1
"2025-11-17","Nepal","(not set)",1,1
"2025-11-17","Papua New Guinea","(not set)",1,1
"2025-11-17","Paraguay","(not set)",1,1
"2025-11-17","Portugal","(not set)",1,1
"2025-11-18","Brazil","(not set)",6500,1301
"2025-11-18","United States","(not set)",932,177
"2025-11-18","Iran","(not set)",44,11
"2025-11-18","India","(not set)",24,4
"2025-11-18","Mexico","(not set)",23,6
"2025-11-18","Syria","(not set)",12,2
"2025-11-18","Türkiye","(not set)",11,2
"2025-11-18","Germany","(not set)",9,1
"2025-11-18","Argentina","(not set)",7,2
"2025-11-18","Cuba","(not set)",6,2
"2025-11-18","Malaysia","(not set)",6,1
"2025-11-18","Algeria","(not set)",5,1
"2025-11-18","Canada","(not set)",5,1
"2025-11-18","Netherlands","(not set)",5,1
"2025-11-18","Portugal","(not set)",5,1
"2025-11-18","Ecuador","(not set)",4,1
"2025-11-18","Nigeria","(not set)",3,1
"2025-11-18","Philippines","(not set)",3,1
"2025-11-18","Bangladesh","(not set)",2,1
"2025-11-18","Puerto Rico","(not set)",2,1
"2025-11-18","Angola","(not set)",1,1
"2025-11-18","Colombia","(not set)",1,1
"2025-11-18","Congo - Kinshasa","(not set)",1,1
"2025-11-18","Egypt","(not set)",1,1
"2025-11-18","Italy","(not set)",1,1
"2025-11-18","Pakistan","(not set)",1,1
"2025-11-18","United Kingdom","(not set)",1,1
"2025-11-19","Brazil","(not set)",7000,1387
"2025-11-19","United States","(not set)",778,147
"2025-11-19","Mexico","(not set)",32,7
"2025-11-19","Bangladesh","(not set)",17,2
"2025-11-19","Germany","(not set)",17,2
"2025-11-19","Egypt","(not set)",16,3
"2025-11-19","Congo - Kinshasa","(not set)",14,1
"2025-11-19","United Kingdom","(not set)",12,2
"2025-11-19","Iran","(not set)",11,3
"2025-11-19","Puerto Rico","(not set)",11,4
"2025-11-19","France","(not set)",9,2
"2025-11-19","Indonesia","(not set)",8,2
"2025-11-19","Portugal","(not set)",8,2
"2025-11-19","Spain","(not set)",6,1
"2025-11-19","Canada","(not set)",5,1
"2025-11-19","Cuba","(not set)",5,2
"2025-11-19","Ethiopia","(not set)",5,1
"2025-11-19","Malaysia","(not set)",5,1
"2025-11-19","Saudi Arabia","(not set)",5,5
"2025-11-19","Slovakia","(not set)",5,1
"2025-11-19","Ecuador","(not set)",4,1
"2025-11-19","Haiti","(not set)",4,1
"2025-11-19","Netherlands","(not set)",3,3
"2025-11-19","Nigeria","(not set)",3,1
"2025-11-19","India","(not set)",2,1
"2025-11-19","Italy","(not set)",2,1
"2025-11-19","Laos","(not set)",2,1
"2025-11-19","Philippines","(not set)",2,1
"2025-11-19","Tunisia","(not set)",2,1
"2025-11-19","Algeria","(not set)",1,1
"2025-11-19","Argentina","(not set)",1,1
"2025-11-19","Colombia","(not set)",1,1
"2025-11-19","Jordan","(not set)",1,1
"2025-11-19","Venezuela","(not set)",1,1
"2025-11-20","Brazil","(not set)",7282,1480
"2025-11-20","United States","(not set)",964,173
"2025-11-20","Iran","(not set)",29,7
"2025-11-20","India","(not set)",20,3
"2025-11-20","Mexico","(not set)",20,5
"2025-11-20","Canada","(not set)",19,3
"2025-11-20","Portugal","(not set)",17,3
"2025-11-20","Argentina","(not set)",16,4
"2025-11-20","Spain","(not set)",12,1
"2025-11-20","Egypt","(not set)",10,3
"2025-11-20","Jamaica","(not set)",10,3
"2025-11-20","Puerto Rico","(not set)",6,4
"2025-11-20","Angola","(not set)",5,2
"2025-11-20","Chile","(not set)",5,1
"2025-11-20","Italy","(not set)",5,1
"2025-11-20","United Arab Emirates","(not set)",5,1
"2025-11-20","Colombia","(not set)",4,1
"2025-11-20","United Kingdom","(not set)",4,1
"2025-11-20","Madagascar","(not set)",3,1
"2025-11-20","Nigeria","(not set)",3,2
"2025-11-20","Ecuador","(not set)",2,1
"2025-11-20","Indonesia","(not set)",2,1
"2025-11-20","Philippines","(not set)",2,1
"2025-11-20","Congo - Kinshasa","(not set)",1,1
"2025-11-20","Cuba","(not set)",1,1
"2025-11-20","France","(not set)",1,1
"2025-11-20","Ireland","(not set)",1,1
"2025-11-20","Kenya","(not set)",1,1
"2025-11-21","Brazil","(not set)",6614,1323
"2025-11-21","United States","(not set)",798,167
"2025-11-21","Iran","(not set)",27,5
"2025-11-21","Egypt","(not set)",20,2
"2025-11-21","Spain","(not set)",20,2
"2025-11-21","Mexico","(not set)",13,5
"2025-11-21","France","(not set)",8,2
"2025-11-21","Qatar","(not set)",8,1
"2025-11-21","Puerto Rico","(not set)",7,2
"2025-11-21","Myanmar (Burma)","(not set)",6,1
"2025-11-21","Algeria","(not set)",5,1
"2025-11-21","Argentina","(not set)",5,2
"2025-11-21","Australia","(not set)",4,1
"2025-11-21","Japan","(not set)",4,1
"2025-11-21","Saudi Arabia","(not set)",4,2
"2025-11-21","Botswana","(not set)",3,1
"2025-11-21","Laos","(not set)",3,1
"2025-11-21","Congo - Kinshasa","(not set)",2,1
"2025-11-21","Cuba","(not set)",2,2
"2025-11-21","Bolivia","(not set)",1,1
"2025-11-21","Canada","(not set)",1,1
"2025-11-21","Cape Verde","(not set)",1,1
"2025-11-21","India","(not set)",1,1
"2025-11-21","Indonesia","(not set)",1,1
"2025-11-21","Jamaica","(not set)",1,1
"2025-11-21","Malaysia","(not set)",1,1
"2025-11-21","Netherlands","(not set)",1,1
"2025-11-21","Nigeria","(not set)",1,1
"2025-11-21","Philippines","(not set)",1,1
"2025-11-21","Solomon Islands","(not set)",1,1
"2025-11-21","United Kingdom","(not set)",1,1
"2025-11-22","Brazil","(not set)",6473,1328
"2025-11-22","United States","(not set)",966,188
"2025-11-22","Mexico","(not set)",46,7
"2025-11-22","India","(not set)",29,4
"2025-11-22","Iran","(not set)",20,6
"2025-11-22","Peru","(not set)",20,2
"2025-11-22","Argentina","(not set)",19,3
"2025-11-22","Indonesia","(not set)",19,3
"2025-11-22","Hong Kong","(not set)",14,1
"2025-11-22","Puerto Rico","(not set)",13,4
"2025-11-22","Canada","(not set)",11,1
"2025-11-22","Algeria","(not set)",9,1
"2025-11-22","Saudi Arabia","(not set)",9,2
"2025-11-22","Nigeria","(not set)",6,3
"2025-11-22","United Kingdom","(not set)",6,2
"2025-11-22","Japan","(not set)",5,2
"2025-11-22","Malaysia","(not set)",4,1
"2025-11-22","Portugal","(not set)",4,1
"2025-11-22","Cuba","(not set)",3,3
"2025-11-22","Bangladesh","(not set)",2,2
"2025-11-22","El Salvador","(not set)",2,1
"2025-11-22","Netherlands","(not set)",2,1
"2025-11-22","Tanzania","(not set)",2,1
"2025-11-22","Ecuador","(not set)",1,1
"2025-11-22","Kenya","(not set)",1,1
"2025-11-22","Philippines","(not set)",1,1
"2025-11-22","Solomon Islands","(not set)",1,1
"2025-11-23","Brazil","(not set)",7382,1514
"2025-11-23","United States","(not set)",903,172
"2025-11-23","India","(not set)",30,5
"2025-11-23","Iran","(not set)",24,5
"2025-11-23","Mexico","(not set)",20,6
"2025-11-23","Puerto Rico","(not set)",13,3
"2025-11-23","Jamaica","(not set)",11,1
"2025-11-23","Canada","(not set)",9,2
"2025-11-23","Indonesia","(not set)",8,1
"2025-11-23","Algeria","(not set)",7,2
"2025-11-23","Japan","(not set)",7,2
"2025-11-23","Portugal","(not set)",7,1
"2025-11-23","Colombia","(not set)",6,2
"2025-11-23","Peru","(not set)",6,1
"2025-11-23","United Kingdom","(not set)",5,2
"2025-11-23","Egypt","(not set)",4,2
"2025-11-23","French Guiana","(not set)",4,1
"2025-11-23","Philippines","(not set)",4,1
"2025-11-23","Mozambique","(not set)",3,1
"2025-11-23","El Salvador","(not set)",2,1
"2025-11-23","Haiti","(not set)",2,1
"2025-11-23","Singapore","(not set)",2,1
"2025-11-23","Argentina","(not set)",1,1
"2025-11-23","Cuba","(not set)",1,1
"2025-11-23","Nigeria","(not set)",1,1
"2025-11-23","Pakistan","(not set)",1,1
"2025-11-23","Saudi Arabia","(not set)",1,1
"2025-11-24","Brazil","(not set)",5940,1239
"2025-11-24","United States","(not set)",708,130
"2025-11-24","Mexico","(not set)",33,6
"2025-11-24","India","(not set)",32,5
"2025-11-24","Iran","(not set)",19,4
"2025-11-24","United Kingdom","(not set)",11,2
"2025-11-24","Puerto Rico","(not set)",10,4
"2025-11-24","Algeria","(not set)",7,1
"2025-11-24","Japan","(not set)",7,2
"2025-11-24","Chile","(not set)",6,2
"2025-11-24","Mozambique","(not set)",6,2
"2025-11-24","Portugal","(not set)",6,2
"2025-11-24","Türkiye","(not set)",6,1
"2025-11-24","U.S. Virgin Islands","(not set)",6,1
"2025-11-24","Curaçao","(not set)",5,1
"2025-11-24","Malaysia","(not set)",5,1
"2025-11-24","Netherlands","(not set)",5,1
"2025-11-24","Nigeria","(not set)",4,3
"2025-11-24","Pakistan","(not set)",4,1
"2025-11-24","Papua New Guinea","(not set)",4,1
"2025-11-24","Argentina","(not set)",3,1
"2025-11-24","Egypt","(not set)",3,2
"2025-11-24","Honduras","(not set)",3,1
"2025-11-24","Bangladesh","(not set)",2,2
"2025-11-24","Canada","(not set)",2,2
"2025-11-24","Cuba","(not set)",1,1
"2025-11-24","Côte d’Ivoire","(not set)",1,1
"2025-11-24","El Salvador","(not set)",1,1
"2025-11-24","Kenya","(not set)",1,1
"2025-11-24","Peru","(not set)",1,1
"2025-11-24","Solomon Islands","(not set)",1,1
"2025-11-24","South Africa","(not set)",1,1
"2025-11-24","Sri Lanka","(not set)",1,1
"2025-11-25","Brazil","(not set)",5879,1168
"2025-11-25","United States","(not set)",767,152
"2025-11-25","Iran","(not set)",25,5
"2025-11-25","Egypt","(not set)",19,2
"2025-11-25","Mexico","(not set)",19,6
"2025-11-25","Bangladesh","(not set)",13,4
"2025-11-25","Indonesia","(not set)",13,2
"2025-11-25","Lithuania","(not set)",13,2
"2025-11-25","India","(not set)",10,2
"2025-11-25","Colombia","(not set)",9,1
"2025-11-25","Cuba","(not set)",8,3
"2025-11-25","Nigeria","(not set)",8,3
"2025-11-25","Portugal","(not set)",8,2
"2025-11-25","Chile","(not set)",6,1
"2025-11-25","Germany","(not set)",6,1
"2025-11-25","Panama","(not set)",6,1
"2025-11-25","Canada","(not set)",5,1
"2025-11-25","France","(not set)",5,1
"2025-11-25","Romania","(not set)",5,1
"2025-11-25","Afghanistan","(not set)",3,2
"2025-11-25","Guyana","(not set)",3,1
"2025-11-25","Solomon Islands","(not set)",3,1
"2025-11-25","Algeria","(not set)",2,2
"2025-11-25","Mozambique","(not set)",2,1
"2025-11-25","Pakistan","(not set)",2,1
"2025-11-25","Philippines","(not set)",2,2
"2025-11-25","Puerto Rico","(not set)",2,2
"2025-11-25","Argentina","(not set)",1,1
"2025-11-25","Italy","(not set)",1,1
"2025-11-25","Kenya","(not set)",1,1
"2025-11-25","Libya","(not set)",1,1
"2025-11-25","Peru","(not set)",1,1
"2025-11-25","South Africa","(not set)",1,1
"2025-11-26","Brazil","(not set)",6048,1212
"2025-11-26","United States","(not set)",759,146
"2025-11-26","Iran","(not set)",23,4
"2025-11-26","Indonesia","(not set)",21,1
"2025-11-26","India","(not set)",20,3
"2025-11-26","Mexico","(not set)",20,7
"2025-11-26","Portugal","(not set)",19,4
"2025-11-26","Italy","(not set)",11,1
"2025-11-26","Honduras","(not set)",6,1
"2025-11-26","Netherlands","(not set)",6,1
"2025-11-26","Uruguay","(not set)",6,1
"2025-11-26","Bangladesh","(not set)",5,1
"2025-11-26","Egypt","(not set)",4,1
"2025-11-26","Algeria","(not set)",2,1
"2025-11-26","Hong Kong","(not set)",2,1
"2025-11-26","Japan","(not set)",2,1
"2025-11-26","Kenya","(not set)",2,1
"2025-11-26","Lithuania","(not set)",2,1
"2025-11-26","Spain","(not set)",2,2
"2025-11-26","Afghanistan","(not set)",1,1
"2025-11-26","Argentina","(not set)",1,1
"2025-11-26","Chad","(not set)",1,1
"2025-11-26","Colombia","(not set)",1,1
"2025-11-26","Cuba","(not set)",1,1
"2025-11-26","Ecuador","(not set)",1,1
"2025-11-26","Guatemala","(not set)",1,1
"2025-11-26","Puerto Rico","(not set)",1,1
"2025-11-26","Romania","(not set)",1,1
"2025-11-26","Singapore","(not set)",1,1
"2025-11-27","Brazil","(not set)",5551,1163
"2025-11-27","United States","(not set)",603,117
"2025-11-27","Nigeria","(not set)",31,3
"2025-11-27","India","(not set)",22,2
"2025-11-27","Iran","(not set)",21,7
"2025-11-27","Mexico","(not set)",16,5
"2025-11-27","Argentina","(not set)",13,2
"2025-11-27","Puerto Rico","(not set)",13,1
"2025-11-27","Algeria","(not set)",8,4
"2025-11-27","Paraguay","(not set)",5,1
"2025-11-27","Portugal","(not set)",5,1
"2025-11-27","Spain","(not set)",5,1
"2025-11-27","Malaysia","(not set)",4,1
"2025-11-27","Cuba","(not set)",3,2
"2025-11-27","Guatemala","(not set)",2,1
"2025-11-27","Madagascar","(not set)",2,1
"2025-11-27","Netherlands","(not set)",1,1
"2025-11-27","Philippines","(not set)",1,1
"2025-11-28","Brazil","(not set)",4657,1015
"2025-11-28","United States","(not set)",638,119
"2025-11-28","Egypt","(not set)",25,2
"2025-11-28","India","(not set)",25,4
"2025-11-28","Portugal","(not set)",17,1
"2025-11-28","France","(not set)",12,1
"2025-11-28","Puerto Rico","(not set)",8,2
"2025-11-28","Bangladesh","(not set)",7,2
"2025-11-28","Mexico","(not set)",6,3
"2025-11-28","Belize","(not set)",5,1
"2025-11-28","Cuba","(not set)",4,3
"2025-11-28","Afghanistan","(not set)",3,2
"2025-11-28","Algeria","(not set)",3,2
"2025-11-28","Iran","(not set)",3,1
"2025-11-28","Nigeria","(not set)",3,2
"2025-11-28","Thailand","(not set)",3,2
"2025-11-28","United Kingdom","(not set)",3,1
"2025-11-28","Indonesia","(not set)",2,1
"2025-11-28","Angola","(not set)",1,1
"2025-11-28","Argentina","(not set)",1,1
"2025-11-28","Colombia","(not set)",1,1
"2025-11-28","Qatar","(not set)",1,1
"2025-11-28","Saudi Arabia","(not set)",1,1
"2025-11-29","Brazil","(not set)",5901,1299
"2025-11-29","United States","(not set)",848,154
"2025-11-29","Mexico","(not set)",40,11
"2025-11-29","Saudi Arabia","(not set)",15,1
"2025-11-29","Argentina","(not set)",14,2
"2025-11-29","Algeria","(not set)",13,4
"2025-11-29","Puerto Rico","(not set)",13,6
"2025-11-29","France","(not set)",9,2
"2025-11-29","Italy","(not set)",9,2
"2025-11-29","Bangladesh","(not set)",6,1
"2025-11-29","India","(not set)",6,2
"2025-11-29","Iran","(not set)",6,4
"2025-11-29","Norway","(not set)",6,1
"2025-11-29","Jamaica","(not set)",4,1
"2025-11-29","Portugal","(not set)",4,1
"2025-11-29","Cuba","(not set)",3,3
"2025-11-29","Netherlands","(not set)",3,2
"2025-11-29","Ghana","(not set)",2,1
"2025-11-29","Laos","(not set)",2,1
"2025-11-29","Nigeria","(not set)",2,2
"2025-11-29","Chile","(not set)",1,1
"2025-11-29","Colombia","(not set)",1,1
"2025-11-29","Ecuador","(not set)",1,1
"2025-11-29","Ethiopia","(not set)",1,1
"2025-11-29","Germany","(not set)",1,1
"2025-11-29","Indonesia","(not set)",1,1
"2025-11-29","Malaysia","(not set)",1,1
"2025-11-29","Peru","(not set)",1,1
"2025-11-29","United Arab Emirates","(not set)",1,1
"2025-11-30","Brazil","(not set)",7539,1627
"2025-11-30","United States","(not set)",890,188
"2025-11-30","Iran","(not set)",28,8
"2025-11-30","India","(not set)",21,4
"2025-11-30","Malaysia","(not set)",19,2
"2025-11-30","Madagascar","(not set)",17,1
"2025-11-30","Algeria","(not set)",15,2
"2025-11-30","Ecuador","(not set)",13,1
"2025-11-30","Cuba","(not set)",11,4
"2025-11-30","United Arab Emirates","(not set)",11,2
"2025-11-30","Mexico","(not set)",10,4
"2025-11-30","Saudi Arabia","(not set)",10,1
"2025-11-30","Argentina","(not set)",8,2
"2025-11-30","Thailand","(not set)",8,1
"2025-11-30","Canada","(not set)",7,2
"2025-11-30","Peru","(not set)",7,2
"2025-11-30","Puerto Rico","(not set)",7,4
"2025-11-30","Colombia","(not set)",6,2
"2025-11-30","Luxembourg","(not set)",5,1
"2025-11-30","Portugal","(not set)",3,1
"2025-11-30","Bangladesh","(not set)",2,2
"2025-11-30","Kenya","(not set)",2,1
"2025-11-30","Nigeria","(not set)",2,1
"2025-11-30","Bolivia","(not set)",1,1
"2025-11-30","Germany","(not set)",1,1
"2025-11-30","Guatemala","(not set)",1,1
"2025-11-30","Japan","(not set)",1,1
"2025-11-30","United Kingdom","(not set)",1,1
"2025-12-01","Brazil","(not set)",6724,1299
"2025-12-01","United States","(not set)",972,169
"2025-12-01","Indonesia","(not set)",206,3
"2025-12-01","Canada","(not set)",62,5
"2025-12-01","India","(not set)",45,7
"2025-12-01","Mexico","(not set)",26,5
"2025-12-01","Japan","(not set)",25,3
"2025-12-01","Iran","(not set)",20,6
"2025-12-01","Cuba","(not set)",9,3
"2025-12-01","Peru","(not set)",8,1
"2025-12-01","Portugal","(not set)",8,2
"2025-12-01","France","(not set)",5,1
"2025-12-01","Norway","(not set)",5,1
"2025-12-01","Puerto Rico","(not set)",5,3
"2025-12-01","Türkiye","(not set)",5,1
"2025-12-01","United Kingdom","(not set)",5,3
"2025-12-01","Nigeria","(not set)",4,3
"2025-12-01","United Arab Emirates","(not set)",4,1
"2025-12-01","Argentina","(not set)",3,2
"2025-12-01","Honduras","(not set)",2,1
"2025-12-01","Afghanistan","(not set)",1,1
"2025-12-01","Congo - Brazzaville","(not set)",1,1
"2025-12-01","Egypt","(not set)",1,1
"2025-12-01","Ethiopia","(not set)",1,1
"2025-12-01","Laos","(not set)",1,1
"2025-12-01","Mozambique","(not set)",1,1
"2025-12-01","Philippines","(not set)",1,1
"2025-12-01","Sri Lanka","(not set)",1,1
"2025-12-02","Brazil","(not set)",6981,1402
"2025-12-02","United States","(not set)",738,155
"2025-12-02","Mexico","(not set)",32,10
"2025-12-02","India","(not set)",16,4
"2025-12-02","Iran","(not set)",9,2
"2025-12-02","Nigeria","(not set)",9,5
"2025-12-02","Puerto Rico","(not set)",9,4
"2025-12-02","Argentina","(not set)",8,1
"2025-12-02","Kenya","(not set)",8,2
"2025-12-02","El Salvador","(not set)",7,2
"2025-12-02","Philippines","(not set)",7,1
"2025-12-02","Egypt","(not set)",6,1
"2025-12-02","Jamaica","(not set)",6,2
"2025-12-02","Bangladesh","(not set)",5,2
"2025-12-02","Chile","(not set)",5,1
"2025-12-02","Indonesia","(not set)",5,1
"2025-12-02","Canada","(not set)",4,1
"2025-12-02","French Guiana","(not set)",4,1
"2025-12-02","Haiti","(not set)",4,1
"2025-12-02","Malaysia","(not set)",4,1
"2025-12-02","Colombia","(not set)",3,2
"2025-12-02","Paraguay","(not set)",2,1
"2025-12-02","Spain","(not set)",2,1
"2025-12-02","Venezuela","(not set)",2,1
"2025-12-02","Algeria","(not set)",1,1
"2025-12-02","Cape Verde","(not set)",1,1
"2025-12-02","Cuba","(not set)",1,1
"2025-12-02","Djibouti","(not set)",1,1
"2025-12-02","Dominican Republic","(not set)",1,1
"2025-12-02","Eswatini","(not set)",1,1
"2025-12-02","Ghana","(not set)",1,1
"2025-12-02","Japan","(not set)",1,1
"2025-12-02","Sudan","(not set)",1,1
"2025-12-03","Brazil","(not set)",6857,1411
"2025-12-03","United States","(not set)",762,154
"2025-12-03","Mexico","(not set)",21,9
"2025-12-03","India","(not set)",20,3
"2025-12-03","Indonesia","(not set)",17,4
"2025-12-03","Egypt","(not set)",15,2
"2025-12-03","Iraq","(not set)",11,1
"2025-12-03","Cuba","(not set)",8,3
"2025-12-03","Nigeria","(not set)",6,2
"2025-12-03","Puerto Rico","(not set)",6,3
"2025-12-03","Argentina","(not set)",5,2
"2025-12-03","Peru","(not set)",5,1
"2025-12-03","Trinidad & Tobago","(not set)",5,1
"2025-12-03","Canada","(not set)",4,1
"2025-12-03","Mozambique","(not set)",4,1
"2025-12-03","United Arab Emirates","(not set)",4,1
"2025-12-03","France","(not set)",3,2
"2025-12-03","Afghanistan","(not set)",2,2
"2025-12-03","Chile","(not set)",2,1
"2025-12-03","Kenya","(not set)",2,1
"2025-12-03","Laos","(not set)",2,1
"2025-12-03","Paraguay","(not set)",2,1
"2025-12-03","Bangladesh","(not set)",1,1
"2025-12-03","Guyana","(not set)",1,1
"2025-12-03","Iran","(not set)",1,1
"2025-12-03","Saudi Arabia","(not set)",1,1
"2025-12-03","United Kingdom","(not set)",1,1
"2025-12-04","Brazil","(not set)",7400,1468
"2025-12-04","United States","(not set)",878,166
"2025-12-04","Egypt","(not set)",34,6
"2025-12-04","India","(not set)",27,3
"2025-12-04","Iran","(not set)",19,6
"2025-12-04","Mexico","(not set)",12,5
"2025-12-04","Sudan","(not set)",12,1
"2025-12-04","Germany","(not set)",11,2
"2025-12-04","Puerto Rico","(not set)",11,4
"2025-12-04","Bangladesh","(not set)",8,2
"2025-12-04","Nigeria","(not set)",8,3
"2025-12-04","Jordan","(not set)",7,1
"2025-12-04","Saudi Arabia","(not set)",7,2
"2025-12-04","United Kingdom","(not set)",7,1
"2025-12-04","Algeria","(not set)",5,1
"2025-12-04","Ecuador","(not set)",5,1
"2025-12-04","France","(not set)",5,2
"2025-12-04","Indonesia","(not set)",4,1
"2025-12-04","Mozambique","(not set)",4,1
"2025-12-04","Philippines","(not set)",4,3
"2025-12-04","Sweden","(not set)",4,1
"2025-12-04","Portugal","(not set)",3,2
"2025-12-04","Guatemala","(not set)",2,1
"2025-12-04","Jamaica","(not set)",2,1
"2025-12-04","Switzerland","(not set)",2,1
"2025-12-04","Tunisia","(not set)",2,1
"2025-12-04","Argentina","(not set)",1,1
"2025-12-04","Australia","(not set)",1,1
"2025-12-04","Chile","(not set)",1,1
"2025-12-04","Italy","(not set)",1,1
"2025-12-04","Japan","(not set)",1,1
"2025-12-04","Spain","(not set)",1,1
"2025-12-04","Tanzania","(not set)",1,1
"2025-12-04","Türkiye","(not set)",1,1
"2025-12-04","Yemen","(not set)",1,1
"2025-12-05","Brazil","(not set)",6827,1373
"2025-12-05","United States","(not set)",895,176
"2025-12-05","Mexico","(not set)",33,8
"2025-12-05","Egypt","(not set)",22,5
"2025-12-05","Iran","(not set)",21,4
"2025-12-05","Bangladesh","(not set)",19,3
"2025-12-05","Nigeria","(not set)",16,4
"2025-12-05","India","(not set)",12,4
"2025-12-05","Italy","(not set)",12,1
"2025-12-05","Romania","(not set)",10,1
"2025-12-05","Algeria","(not set)",6,1
"2025-12-05","Portugal","(not set)",6,1
"2025-12-05","Puerto Rico","(not set)",6,3
"2025-12-05","Thailand","(not set)",5,1
"2025-12-05","(not set)","(not set)",4,1
"2025-12-05","Guatemala","(not set)",4,1
"2025-12-05","Hungary","(not set)",4,1
"2025-12-05","Netherlands","(not set)",4,1
"2025-12-05","Pakistan","(not set)",4,1
"2025-12-05","Syria","(not set)",4,1
"2025-12-05","Afghanistan","(not set)",2,1
"2025-12-05","Argentina","(not set)",2,1
"2025-12-05","Canada","(not set)",2,1
"2025-12-05","Cuba","(not set)",2,1
"2025-12-05","Malaysia","(not set)",2,1
"2025-12-05","France","(not set)",1,1
"2025-12-05","Honduras","(not set)",1,1
"2025-12-05","Morocco","(not set)",1,1
"2025-12-05","Mozambique","(not set)",1,1
"2025-12-05","Paraguay","(not set)",1,1
"2025-12-05","Tanzania","(not set)",1,1
"2025-12-06","Brazil","(not set)",7642,1550
"2025-12-06","United States","(not set)",979,160
"2025-12-06","Iran","(not set)",28,4
"2025-12-06","India","(not set)",22,4
"2025-12-06","Bangladesh","(not set)",21,1
"2025-12-06","Indonesia","(not set)",21,5
"2025-12-06","Puerto Rico","(not set)",20,7
"2025-12-06","Mexico","(not set)",16,3
"2025-12-06","Portugal","(not set)",12,1
"2025-12-06","Cuba","(not set)",11,2
"2025-12-06","Peru","(not set)",10,2
"2025-12-06","Paraguay","(not set)",8,2
"2025-12-06","Chile","(not set)",7,2
"2025-12-06","Jordan","(not set)",6,1
"2025-12-06","Saudi Arabia","(not set)",6,1
"2025-12-06","Germany","(not set)",5,1
"2025-12-06","Kuwait","(not set)",5,1
"2025-12-06","Egypt","(not set)",4,1
"2025-12-06","Ethiopia","(not set)",4,1
"2025-12-06","Luxembourg","(not set)",4,1
"2025-12-06","Nigeria","(not set)",4,3
"2025-12-06","Romania","(not set)",4,1
"2025-12-06","Dominican Republic","(not set)",2,1
"2025-12-06","Netherlands","(not set)",2,2
"2025-12-06","Afghanistan","(not set)",1,1
"2025-12-06","Argentina","(not set)",1,1
"2025-12-07","Brazil","(not set)",7806,1633
"2025-12-07","United States","(not set)",973,166
"2025-12-07","Iran","(not set)",66,7
"2025-12-07","Mexico","(not set)",42,9
"2025-12-07","India","(not set)",30,5
"2025-12-07","Argentina","(not set)",14,3
"2025-12-07","Japan","(not set)",13,2
"2025-12-07","Saudi Arabia","(not set)",13,1
"2025-12-07","United Kingdom","(not set)",12,3
"2025-12-07","Pakistan","(not set)",11,4
"2025-12-07","Italy","(not set)",10,2
"2025-12-07","Morocco","(not set)",10,1
"2025-12-07","Tunisia","(not set)",9,1
"2025-12-07","Peru","(not set)",7,2
"2025-12-07","Canada","(not set)",6,2
"2025-12-07","Puerto Rico","(not set)",6,2
"2025-12-07","Colombia","(not set)",5,1
"2025-12-07","Malaysia","(not set)",5,2
"2025-12-07","Nigeria","(not set)",5,2
"2025-12-07","Portugal","(not set)",5,1
"2025-12-07","United Arab Emirates","(not set)",5,2
"2025-12-07","Bangladesh","(not set)",4,1
"2025-12-07","Egypt","(not set)",4,1
"2025-12-07","Myanmar (Burma)","(not set)",4,1
"2025-12-07","Syria","(not set)",4,1
"2025-12-07","France","(not set)",3,1
"2025-12-07","Ghana","(not set)",2,1
"2025-12-07","Türkiye","(not set)",2,1
"2025-12-07","Afghanistan","(not set)",1,1
"2025-12-07","Angola","(not set)",1,1
"2025-12-07","Cuba","(not set)",1,1
"2025-12-07","Indonesia","(not set)",1,1
"2025-12-07","Kenya","(not set)",1,1
"2025-12-07","Philippines","(not set)",1,1
"2025-12-08","Brazil","(not set)",6907,1418
"2025-12-08","United States","(not set)",965,168
"2025-12-08","Mexico","(not set)",33,9
"2025-12-08","Malaysia","(not set)",26,1
"2025-12-08","Puerto Rico","(not set)",17,2
"2025-12-08","Iran","(not set)",15,7
"2025-12-08","Egypt","(not set)",12,3
"2025-12-08","India","(not set)",12,2
"2025-12-08","Japan","(not set)",12,3
"2025-12-08","Australia","(not set)",10,1
"2025-12-08","Portugal","(not set)",8,1
"2025-12-08","Canada","(not set)",7,3
"2025-12-08","Indonesia","(not set)",7,1
"2025-12-08","Saudi Arabia","(not set)",7,1
"2025-12-08","Syria","(not set)",7,2
"2025-12-08","Poland","(not set)",5,1
"2025-12-08","France","(not set)",4,1
"2025-12-08","Jamaica","(not set)",4,1
"2025-12-08","South Korea","(not set)",4,1
"2025-12-08","Taiwan","(not set)",4,1
"2025-12-08","Afghanistan","(not set)",3,1
"2025-12-08","Tunisia","(not set)",2,1
"2025-12-08","Argentina","(not set)",1,1
"2025-12-08","Kenya","(not set)",1,1
"2025-12-08","Morocco","(not set)",1,1
"2025-12-08","Nigeria","(not set)",1,1
"2025-12-09","Brazil","(not set)",7176,1369
"2025-12-09","United States","(not set)",869,159
"2025-12-09","India","(not set)",42,3
"2025-12-09","Iran","(not set)",37,5
"2025-12-09","United Kingdom","(not set)",15,3
"2025-12-09","France","(not set)",14,2
"2025-12-09","Bangladesh","(not set)",12,4
"2025-12-09","Mexico","(not set)",12,4
"2025-12-09","Canada","(not set)",11,3
"2025-12-09","Chile","(not set)",8,1
"2025-12-09","Japan","(not set)",8,2
"2025-12-09","Syria","(not set)",8,2
"2025-12-09","Nigeria","(not set)",7,4
"2025-12-09","Uganda","(not set)",5,1
"2025-12-09","(not set)","(not set)",4,1
"2025-12-09","Cuba","(not set)",4,2
"2025-12-09","Portugal","(not set)",4,1
"2025-12-09","Puerto Rico","(not set)",3,2
"2025-12-09","Zambia","(not set)",2,1
"2025-12-09","Afghanistan","(not set)",1,1
"2025-12-09","Algeria","(not set)",1,1
"2025-12-09","Honduras","(not set)",1,1
"2025-12-09","Indonesia","(not set)",1,1
"2025-12-09","Kenya","(not set)",1,1
"2025-12-09","Pakistan","(not set)",1,1
"2025-12-09","Thailand","(not set)",1,1
"2025-12-09","United Arab Emirates","(not set)",1,1
"2025-12-10","Brazil","(not set)",6942,1461
"2025-12-10","United States","(not set)",879,163
"2025-12-10","India","(not set)",20,4
"2025-12-10","Egypt","(not set)",17,4
"2025-12-10","Japan","(not set)",17,1
"2025-12-10","Iran","(not set)",16,6
"2025-12-10","Mexico","(not set)",16,5
"2025-12-10","South Africa","(not set)",10,1
"2025-12-10","Canada","(not set)",6,2
"2025-12-10","Chile","(not set)",6,1
"2025-12-10","France","(not set)",6,1
"2025-12-10","Cuba","(not set)",5,3
"2025-12-10","Netherlands","(not set)",5,2
"2025-12-10","Panama","(not set)",5,1
"2025-12-10","Syria","(not set)",5,1
"2025-12-10","(not set)","(not set)",4,1
"2025-12-10","Algeria","(not set)",4,1
"2025-12-10","Italy","(not set)",4,1
"2025-12-10","Paraguay","(not set)",4,2
"2025-12-10","United Kingdom","(not set)",4,1
"2025-12-10","Indonesia","(not set)",3,2
"2025-12-10","Sudan","(not set)",3,1
"2025-12-10","Angola","(not set)",2,1
"2025-12-10","Argentina","(not set)",2,1
"2025-12-10","Bangladesh","(not set)",2,2
"2025-12-10","Ethiopia","(not set)",2,1
"2025-12-10","Kenya","(not set)",2,1
"2025-12-10","Germany","(not set)",1,1
"2025-12-10","Ghana","(not set)",1,1
"2025-12-10","Haiti","(not set)",1,1
"2025-12-10","Morocco","(not set)",1,1
"2025-12-10","Nigeria","(not set)",1,1
"2025-12-10","Thailand","(not set)",1,1
"2025-12-11","Brazil","(not set)",6956,1346
"2025-12-11","United States","(not set)",796,164
"2025-12-11","India","(not set)",25,7
"2025-12-11","Italy","(not set)",23,1
"2025-12-11","Egypt","(not set)",21,5
"2025-12-11","Mexico","(not set)",15,5
"2025-12-11","United Kingdom","(not set)",13,4
"2025-12-11","Canada","(not set)",12,2
"2025-12-11","Iran","(not set)",12,3
"2025-12-11","Indonesia","(not set)",10,3
"2025-12-11","Afghanistan","(not set)",8,1
"2025-12-11","Greece","(not set)",8,1
"2025-12-11","Puerto Rico","(not set)",7,2
"2025-12-11","Argentina","(not set)",5,2
"2025-12-11","Ethiopia","(not set)",5,1
"2025-12-11","Nigeria","(not set)",5,3
"2025-12-11","Colombia","(not set)",4,1
"2025-12-11","France","(not set)",4,1
"2025-12-11","Romania","(not set)",4,1
"2025-12-11","Sudan","(not set)",3,1
"2025-12-11","Cuba","(not set)",2,2
"2025-12-11","Netherlands","(not set)",2,2
"2025-12-11","Bolivia","(not set)",1,1
"2025-12-11","Germany","(not set)",1,1
"2025-12-11","South Africa","(not set)",1,1
"2025-12-12","Brazil","(not set)",6721,1360
"2025-12-12","United States","(not set)",833,166
"2025-12-12","Egypt","(not set)",22,4
"2025-12-12","Iran","(not set)",14,7
"2025-12-12","Mexico","(not set)",13,2
"2025-12-12","Nigeria","(not set)",13,4
"2025-12-12","India","(not set)",12,3
"2025-12-12","Indonesia","(not set)",11,2
"2025-12-12","Puerto Rico","(not set)",9,5
"2025-12-12","Thailand","(not set)",9,1
"2025-12-12","Canada","(not set)",6,1
"2025-12-12","Argentina","(not set)",5,1
"2025-12-12","Italy","(not set)",5,1
"2025-12-12","Portugal","(not set)",5,2
"2025-12-12","South Korea","(not set)",5,1
"2025-12-12","Bangladesh","(not set)",4,2
"2025-12-12","Jamaica","(not set)",4,1
"2025-12-12","Peru","(not set)",4,1
"2025-12-12","Tunisia","(not set)",4,1
"2025-12-12","Saudi Arabia","(not set)",3,2
"2025-12-12","Spain","(not set)",3,2
"2025-12-12","Algeria","(not set)",2,1
"2025-12-12","Pakistan","(not set)",2,2
"2025-12-12","Philippines","(not set)",2,2
"2025-12-12","Switzerland","(not set)",2,1
"2025-12-12","Afghanistan","(not set)",1,1
"2025-12-12","Barbados","(not set)",1,1
"2025-12-12","Rwanda","(not set)",1,1
"2025-12-12","United Kingdom","(not set)",1,1
"2025-12-12","Yemen","(not set)",1,1
"2025-12-13","Brazil","(not set)",7534,1604
"2025-12-13","United States","(not set)",888,169
"2025-12-13","Bangladesh","(not set)",30,1
"2025-12-13","Egypt","(not set)",23,4
"2025-12-13","India","(not set)",22,4
"2025-12-13","Mexico","(not set)",18,6
"2025-12-13","Nigeria","(not set)",15,3
"2025-12-13","Cuba","(not set)",14,5
"2025-12-13","Puerto Rico","(not set)",14,5
"2025-12-13","Australia","(not set)",13,1
"2025-12-13","Thailand","(not set)",13,2
"2025-12-13","Iran","(not set)",11,5
"2025-12-13","Peru","(not set)",9,2
"2025-12-13","Pakistan","(not set)",8,1
"2025-12-13","Canada","(not set)",7,1
"2025-12-13","Ecuador","(not set)",6,1
"2025-12-13","United Kingdom","(not set)",6,1
"2025-12-13","Dominican Republic","(not set)",5,1
"2025-12-13","Argentina","(not set)",4,1
"2025-12-13","Hungary","(not set)",4,1
"2025-12-13","Indonesia","(not set)",4,1
"2025-12-13","Morocco","(not set)",4,1
"2025-12-13","Netherlands","(not set)",4,1
"2025-12-13","Philippines","(not set)",4,1
"2025-12-13","Romania","(not set)",4,1
"2025-12-13","Saudi Arabia","(not set)",4,1
"2025-12-13","South Korea","(not set)",4,1
"2025-12-13","Bolivia","(not set)",2,1
"2025-12-13","Mozambique","(not set)",2,1
"2025-12-13","Chile","(not set)",1,1
"2025-12-13","Jamaica","(not set)",1,1
"2025-12-13","Norway","(not set)",1,1
"2025-12-13","Samoa","(not set)",1,1
"2025-12-13","Spain","(not set)",1,1
"2025-12-14","Brazil","(not set)",8463,1716
"2025-12-14","United States","(not set)",1346,163
"2025-12-14","Argentina","(not set)",45,2
"2025-12-14","Mexico","(not set)",29,7
"2025-12-14","Egypt","(not set)",20,3
"2025-12-14","India","(not set)",18,3
"2025-12-14","Pakistan","(not set)",13,2
"2025-12-14","Iran","(not set)",11,4
"2025-12-14","United Kingdom","(not set)",10,3
"2025-12-14","Saudi Arabia","(not set)",7,1
"2025-12-14","Netherlands","(not set)",6,1
"2025-12-14","Peru","(not set)",6,1
"2025-12-14","Portugal","(not set)",6,1
"2025-12-14","South Africa","(not set)",5,1
"2025-12-14","Bangladesh","(not set)",4,1
"2025-12-14","Colombia","(not set)",4,1
"2025-12-14","Jamaica","(not set)",4,1
"2025-12-14","Malaysia","(not set)",4,1
"2025-12-14","Nigeria","(not set)",4,2
"2025-12-14","Poland","(not set)",4,1
"2025-12-14","Philippines","(not set)",3,3
"2025-12-14","Puerto Rico","(not set)",3,2
"2025-12-14","Afghanistan","(not set)",2,2
"2025-12-14","China","(not set)",2,1
"2025-12-14","Cuba","(not set)",2,2
"2025-12-14","Laos","(not set)",2,1
"2025-12-14","Djibouti","(not set)",1,1
"2025-12-14","Ethiopia","(not set)",1,1
"2025-12-14","Russia","(not set)",1,1
"2025-12-15","Brazil","(not set)",6820,1390
"2025-12-15","United States","(not set)",760,144
"2025-12-15","Mexico","(not set)",39,6
"2025-12-15","India","(not set)",21,3
"2025-12-15","Switzerland","(not set)",12,2
"2025-12-15","Iran","(not set)",11,5
"2025-12-15","Egypt","(not set)",10,3
"2025-12-15","Djibouti","(not set)",7,1
"2025-12-15","Nigeria","(not set)",7,3
"2025-12-15","Pakistan","(not set)",6,1
"2025-12-15","Philippines","(not set)",6,3
"2025-12-15","Spain","(not set)",6,1
"2025-12-15","Canada","(not set)",5,2
"2025-12-15","Chile","(not set)",4,1
"2025-12-15","Colombia","(not set)",4,1
"2025-12-15","Indonesia","(not set)",3,2
"2025-12-15","Cuba","(not set)",2,2
"2025-12-15","Ethiopia","(not set)",2,1
"2025-12-15","Kenya","(not set)",2,2
"2025-12-15","Netherlands","(not set)",2,2
"2025-12-15","Puerto Rico","(not set)",2,1
"2025-12-15","Argentina","(not set)",1,1
"2025-12-15","Aruba","(not set)",1,1
"2025-12-15","Bangladesh","(not set)",1,1
"2025-12-15","Paraguay","(not set)",1,1
"2025-12-15","United Kingdom","(not set)",1,1
"2025-12-16","Brazil","(not set)",6541,1321
"2025-12-16","United States","(not set)",734,150
"2025-12-16","India","(not set)",24,6
"2025-12-16","Iran","(not set)",19,6
"2025-12-16","Portugal","(not set)",16,3
"2025-12-16","Algeria","(not set)",10,4
"2025-12-16","Bangladesh","(not set)",7,2
"2025-12-16","Mexico","(not set)",6,2
"2025-12-16","Norway","(not set)",6,1
"2025-12-16","Colombia","(not set)",5,1
"2025-12-16","Indonesia","(not set)",5,2
"2025-12-16","Luxembourg","(not set)",5,1
"2025-12-16","Peru","(not set)",5,1
"2025-12-16","Canada","(not set)",4,1
"2025-12-16","Netherlands","(not set)",4,1
"2025-12-16","Cuba","(not set)",3,2
"2025-12-16","Kenya","(not set)",3,1
"2025-12-16","United Kingdom","(not set)",3,1
"2025-12-16","Afghanistan","(not set)",2,1
"2025-12-16","Libya","(not set)",2,1
"2025-12-16","Madagascar","(not set)",2,1
"2025-12-16","Nigeria","(not set)",2,2
"2025-12-16","Bolivia","(not set)",1,1
"2025-12-16","Puerto Rico","(not set)",1,1
"2025-12-16","Tanzania","(not set)",1,1
"2025-12-17","Brazil","(not set)",7358,1415
"2025-12-17","United States","(not set)",894,186
"2025-12-17","Iran","(not set)",49,10
"2025-12-17","China","(not set)",41,6
"2025-12-17","Canada","(not set)",24,4
"2025-12-17","India","(not set)",20,6
"2025-12-17","Egypt","(not set)",19,4
"2025-12-17","Nigeria","(not set)",15,4
"2025-12-17","Portugal","(not set)",15,3
"2025-12-17","Argentina","(not set)",9,2
"2025-12-17","Mexico","(not set)",9,4
"2025-12-17","Czechia","(not set)",8,1
"2025-12-17","Pakistan","(not set)",8,1
"2025-12-17","Ecuador","(not set)",6,1
"2025-12-17","Haiti","(not set)",6,1
"2025-12-17","Japan","(not set)",6,2
"2025-12-17","Netherlands","(not set)",6,3
"2025-12-17","Afghanistan","(not set)",5,1
"2025-12-17","Curaçao","(not set)",5,1
"2025-12-17","Indonesia","(not set)",5,1
"2025-12-17","Palestine","(not set)",5,1
"2025-12-17","Jamaica","(not set)",4,1
"2025-12-17","Romania","(not set)",4,1
"2025-12-17","Sudan","(not set)",4,1
"2025-12-17","Dominican Republic","(not set)",3,2
"2025-12-17","Puerto Rico","(not set)",3,2
"2025-12-17","Cuba","(not set)",2,1
"2025-12-17","Laos","(not set)",2,1
"2025-12-17","Madagascar","(not set)",2,1
"2025-12-17","Malaysia","(not set)",2,1
"2025-12-17","Austria","(not set)",1,1
"2025-12-17","Bangladesh","(not set)",1,1
"2025-12-17","Bolivia","(not set)",1,1
"2025-12-17","Guatemala","(not set)",1,1
"2025-12-17","Philippines","(not set)",1,1
"2025-12-17","Saudi Arabia","(not set)",1,1
"2025-12-17","South Africa","(not set)",1,1
"2025-12-18","Brazil","(not set)",7058,1392
"2025-12-18","United States","(not set)",863,160
"2025-12-18","Mexico","(not set)",19,7
"2025-12-18","Argentina","(not set)",14,3
"2025-12-18","India","(not set)",14,1
"2025-12-18","Egypt","(not set)",13,4
"2025-12-18","Cuba","(not set)",10,3
"2025-12-18","Germany","(not set)",9,3
"2025-12-18","Ecuador","(not set)",7,1
"2025-12-18","Japan","(not set)",7,1
"2025-12-18","Puerto Rico","(not set)",7,4
"2025-12-18","Nigeria","(not set)",6,3
"2025-12-18","United Kingdom","(not set)",6,1
"2025-12-18","Myanmar (Burma)","(not set)",5,1
"2025-12-18","Sudan","(not set)",5,1
"2025-12-18","Venezuela","(not set)",5,1
"2025-12-18","Algeria","(not set)",4,1
"2025-12-18","Dominican Republic","(not set)",4,1
"2025-12-18","Philippines","(not set)",4,1
"2025-12-18","South Korea","(not set)",4,1
"2025-12-18","Spain","(not set)",4,1
"2025-12-18","Chile","(not set)",2,1
"2025-12-18","Kenya","(not set)",2,1
"2025-12-18","Netherlands","(not set)",2,2
"2025-12-18","Peru","(not set)",2,1
"2025-12-18","Bangladesh","(not set)",1,1
"2025-12-18","Iran","(not set)",1,1
"2025-12-18","Panama","(not set)",1,1
"2025-12-18","Saudi Arabia","(not set)",1,1
"2025-12-18","United Arab Emirates","(not set)",1,1
"2025-12-19","Brazil","(not set)",6427,1275
"2025-12-19","United States","(not set)",877,147
"2025-12-19","India","(not set)",70,5
"2025-12-19","Mexico","(not set)",41,7
"2025-12-19","Bangladesh","(not set)",32,4
"2025-12-19","Slovakia","(not set)",30,1
"2025-12-19","Japan","(not set)",17,1
"2025-12-19","Netherlands","(not set)",10,4
"2025-12-19","Iran","(not set)",9,2
"2025-12-19","Puerto Rico","(not set)",9,3
"2025-12-19","Egypt","(not set)",6,2
"2025-12-19","United Kingdom","(not set)",6,2
"2025-12-19","Costa Rica","(not set)",5,1
"2025-12-19","Colombia","(not set)",4,1
"2025-12-19","Cuba","(not set)",4,2
"2025-12-19","Algeria","(not set)",3,1
"2025-12-19","Ghana","(not set)",3,1
"2025-12-19","Madagascar","(not set)",3,1
"2025-12-19","Mozambique","(not set)",3,1
"2025-12-19","Saudi Arabia","(not set)",3,3
"2025-12-19","Vietnam","(not set)",3,1
"2025-12-19","Sudan","(not set)",2,1
"2025-12-19","Afghanistan","(not set)",1,1
"2025-12-19","Guatemala","(not set)",1,1
"2025-12-19","Italy","(not set)",1,1
"2025-12-19","Malaysia","(not set)",1,1
"2025-12-19","Ukraine","(not set)",1,1
"2025-12-19","Zambia","(not set)",1,1
"2025-12-20","Brazil","(not set)",6600,1378
"2025-12-20","United States","(not set)",947,175
"2025-12-20","Iran","(not set)",74,3
"2025-12-20","Slovakia","(not set)",45,2
"2025-12-20","India","(not set)",22,5
"2025-12-20","United Arab Emirates","(not set)",15,2
"2025-12-20","Puerto Rico","(not set)",14,6
"2025-12-20","United Kingdom","(not set)",14,2
"2025-12-20","Egypt","(not set)",13,3
"2025-12-20","Spain","(not set)",12,2
"2025-12-20","Mexico","(not set)",11,5
"2025-12-20","Niger","(not set)",9,1
"2025-12-20","Laos","(not set)",8,1
"2025-12-20","Switzerland","(not set)",8,1
"2025-12-20","Bangladesh","(not set)",7,3
"2025-12-20","Germany","(not set)",6,1
"2025-12-20","Philippines","(not set)",6,1
"2025-12-20","Portugal","(not set)",6,2
"2025-12-20","Jamaica","(not set)",5,1
"2025-12-20","New Zealand","(not set)",5,1
"2025-12-20","Poland","(not set)",5,1
"2025-12-20","Belgium","(not set)",4,1
"2025-12-20","Canada","(not set)",4,1
"2025-12-20","Colombia","(not set)",4,1
"2025-12-20","Costa Rica","(not set)",4,1
"2025-12-20","France","(not set)",4,1
"2025-12-20","Indonesia","(not set)",4,1
"2025-12-20","Peru","(not set)",4,1
"2025-12-20","Syria","(not set)",4,1
"2025-12-20","Cuba","(not set)",3,2
"2025-12-20","Netherlands","(not set)",2,2
"2025-12-20","Bolivia","(not set)",1,1
"2025-12-20","Chile","(not set)",1,1
"2025-12-20","Sudan","(not set)",1,1
"2025-12-20","Thailand","(not set)",1,1
"2025-12-21","Brazil","(not set)",7795,1579
"2025-12-21","United States","(not set)",1070,190
"2025-12-21","Iran","(not set)",35,6
"2025-12-21","India","(not set)",31,4
"2025-12-21","Mexico","(not set)",30,6
"2025-12-21","Slovakia","(not set)",23,1
"2025-12-21","Egypt","(not set)",20,5
"2025-12-21","South Korea","(not set)",20,3
"2025-12-21","Puerto Rico","(not set)",13,5
"2025-12-21","Argentina","(not set)",11,3
"2025-12-21","Nigeria","(not set)",11,4
"2025-12-21","Italy","(not set)",10,2
"2025-12-21","Japan","(not set)",10,1
"2025-12-21","Peru","(not set)",10,1
"2025-12-21","Netherlands","(not set)",8,2
"2025-12-21","Bahrain","(not set)",5,1
"2025-12-21","Switzerland","(not set)",5,1
"2025-12-21","France","(not set)",4,1
"2025-12-21","Indonesia","(not set)",4,1
"2025-12-21","Jamaica","(not set)",4,1
"2025-12-21","Mozambique","(not set)",4,1
"2025-12-21","Papua New Guinea","(not set)",4,1
"2025-12-21","Afghanistan","(not set)",1,1
"2025-12-21","Australia","(not set)",1,1
"2025-12-21","Germany","(not set)",1,1
"2025-12-21","Pakistan","(not set)",1,1
"2025-12-21","Paraguay","(not set)",1,1
"2025-12-21","Yemen","(not set)",1,1
"2025-12-22","Brazil","(not set)",6711,1371
"2025-12-22","United States","(not set)",813,141
"2025-12-22","Mexico","(not set)",145,6
"2025-12-22","Egypt","(not set)",23,4
"2025-12-22","India","(not set)",22,7
"2025-12-22","Peru","(not set)",17,1
"2025-12-22","Puerto Rico","(not set)",11,4
"2025-12-22","Vietnam","(not set)",8,2
"2025-12-22","France","(not set)",6,1
"2025-12-22","Indonesia","(not set)",6,2
"2025-12-22","Iran","(not set)",6,4
"2025-12-22","South Africa","(not set)",6,1
"2025-12-22","Costa Rica","(not set)",5,1
"2025-12-22","Japan","(not set)",5,2
"2025-12-22","Papua New Guinea","(not set)",5,1
"2025-12-22","Switzerland","(not set)",5,1
"2025-12-22","Colombia","(not set)",4,1
"2025-12-22","Italy","(not set)",4,1
"2025-12-22","Spain","(not set)",4,1
"2025-12-22","United Kingdom","(not set)",4,1
"2025-12-22","Bangladesh","(not set)",2,1
"2025-12-22","Pakistan","(not set)",2,2
"2025-12-22","Portugal","(not set)",2,1
"2025-12-22","Afghanistan","(not set)",1,1
"2025-12-22","Nigeria","(not set)",1,1
"2025-12-22","Philippines","(not set)",1,1
"2025-12-23","Brazil","(not set)",99258,53777
"2025-12-23","United States","(not set)",11282,6365
"2025-12-23","Egypt","(not set)",263,88
"2025-12-23","Iran","(not set)",263,176
"2025-12-23","Mexico","(not set)",263,176
"2025-12-23","Nigeria","(not set)",263,44
"2025-12-23","(not set)","(not set)",219,88
"2025-12-23","Canada","(not set)",176,88
"2025-12-23","Colombia","(not set)",176,132
"2025-12-23","Indonesia","(not set)",176,176
"2025-12-23","Australia","(not set)",132,44
"2025-12-23","Greece","(not set)",132,44
"2025-12-23","India","(not set)",132,44
"2025-12-23","Haiti","(not set)",88,88
"2025-12-23","Kuwait","(not set)",88,44
"2025-12-23","Bangladesh","(not set)",44,44
"2025-12-23","Cuba","(not set)",44,44
"2025-12-23","Jordan","(not set)",44,44
"2025-12-23","Philippines","(not set)",44,44
"2025-12-23","Puerto Rico","(not set)",44,44
"2025-12-23","United Kingdom","(not set)",44,44
"2025-12-24","Brazil","(not set)",90339,50552
"2025-12-24","United States","(not set)",12202,5273
"2025-12-24","Iran","(not set)",261,131
"2025-12-24","Mexico","(not set)",174,131
"2025-12-24","Nigeria","(not set)",174,87
"2025-12-24","Argentina","(not set)",131,87
"2025-12-24","Cameroon","(not set)",87,44
"2025-12-24","Cuba","(not set)",87,87
"2025-12-24","Egypt","(not set)",87,87
"2025-12-24","Canada","(not set)",44,44
"2025-12-24","Ghana","(not set)",44,44
"2025-12-24","India","(not set)",44,44
"2025-12-24","Kuwait","(not set)",44,44
"2025-12-24","Luxembourg","(not set)",44,44
"2025-12-24","Paraguay","(not set)",44,44
"2025-12-24","Qatar","(not set)",44,44
"2025-12-24","Russia","(not set)",44,44
"2025-12-24","Türkiye","(not set)",44,44
"2025-12-24","Uzbekistan","(not set)",44,44
"2025-12-24","Venezuela","(not set)",44,44
"2025-12-25","Brazil","(not set)",89292,51054
"2025-12-25","United States","(not set)",11093,5421
"2025-12-25","Argentina","(not set)",336,84
"2025-12-25","Portugal","(not set)",336,84
"2025-12-25","Jordan","(not set)",294,42
"2025-12-25","Mexico","(not set)",294,252
"2025-12-25","Nigeria","(not set)",252,42
"2025-12-25","Poland","(not set)",210,42
"2025-12-25","Colombia","(not set)",168,84
"2025-12-25","Cuba","(not set)",168,126
"2025-12-25","Iran","(not set)",168,126
"2025-12-25","Egypt","(not set)",126,84
"2025-12-25","India","(not set)",126,126
"2025-12-25","Netherlands","(not set)",126,42
"2025-12-25","Spain","(not set)",126,42
"2025-12-25","Australia","(not set)",84,42
"2025-12-25","Philippines","(not set)",84,84
"2025-12-25","United Kingdom","(not set)",84,84
"2025-12-25","Canada","(not set)",42,42
"2025-12-25","Ghana","(not set)",42,42
"2025-12-25","Indonesia","(not set)",42,42
"2025-12-25","Kuwait","(not set)",42,42
"2025-12-25","Laos","(not set)",42,42
"2025-12-25","Puerto Rico","(not set)",42,42
"2025-12-25","Tanzania","(not set)",42,42
"2025-12-25","Thailand","(not set)",42,42
"2025-12-26","Brazil","(not set)",96827,53444
"2025-12-26","United States","(not set)",11308,6363
"2025-12-26","Mexico","(not set)",559,473
"2025-12-26","Iran","(not set)",344,258
"2025-12-26","Nigeria","(not set)",215,86
"2025-12-26","Cuba","(not set)",172,129
"2025-12-26","Argentina","(not set)",129,129
"2025-12-26","Pakistan","(not set)",129,43
"2025-12-26","Poland","(not set)",129,43
"2025-12-26","Australia","(not set)",86,43
"2025-12-26","Bangladesh","(not set)",86,43
"2025-12-26","Colombia","(not set)",86,86
"2025-12-26","Ecuador","(not set)",86,43
"2025-12-26","Portugal","(not set)",86,43
"2025-12-26","Spain","(not set)",86,43
"2025-12-26","Egypt","(not set)",43,43
"2025-12-26","Greece","(not set)",43,43
"2025-12-26","Haiti","(not set)",43,43
"2025-12-26","India","(not set)",43,43
"2025-12-26","Indonesia","(not set)",43,43
"2025-12-26","Paraguay","(not set)",43,43
"2025-12-26","Philippines","(not set)",43,43
"2025-12-26","United Kingdom","(not set)",43,43
"2025-12-27","Brazil","(not set)",101987,58425
"2025-12-27","United States","(not set)",14051,6235
"2025-12-27","Mozambique","(not set)",299,43
"2025-12-27","Mexico","(not set)",256,214
"2025-12-27","Iran","(not set)",214,171
"2025-12-27","Vietnam","(not set)",171,43
"2025-12-27","Argentina","(not set)",128,85
"2025-12-27","Australia","(not set)",85,43
"2025-12-27","Bangladesh","(not set)",85,85
"2025-12-27","Cuba","(not set)",85,85
"2025-12-27","Egypt","(not set)",85,43
"2025-12-27","India","(not set)",85,85
"2025-12-27","New Zealand","(not set)",85,43
"2025-12-27","Nigeria","(not set)",85,85
"2025-12-27","Puerto Rico","(not set)",85,43
"2025-12-27","Spain","(not set)",85,43
"2025-12-27","Algeria","(not set)",43,43
"2025-12-27","Indonesia","(not set)",43,43
"2025-12-27","Italy","(not set)",43,43
"2025-12-27","Kuwait","(not set)",43,43
"2025-12-27","Poland","(not set)",43,43
"2025-12-27","Portugal","(not set)",43,43
"2025-12-27","United Kingdom","(not set)",43,43
"2025-12-27","Venezuela","(not set)",43,43
"2025-12-28","Brazil","(not set)",103093,55554
"2025-12-28","United States","(not set)",10112,5664
"2025-12-28","Iran","(not set)",336,210
"2025-12-28","Mexico","(not set)",252,252
"2025-12-28","Portugal","(not set)",210,84
"2025-12-28","United Kingdom","(not set)",210,126
"2025-12-28","Spain","(not set)",126,42
"2025-12-28","Australia","(not set)",84,42
"2025-12-28","Colombia","(not set)",84,84
"2025-12-28","Egypt","(not set)",84,42
"2025-12-28","Germany","(not set)",84,84
"2025-12-28","Kuwait","(not set)",84,84
"2025-12-28","Mozambique","(not set)",84,42
"2025-12-28","Angola","(not set)",42,42
"2025-12-28","Cuba","(not set)",42,42
"2025-12-28","New Zealand","(not set)",42,42
"2025-12-28","Nigeria","(not set)",42,42
"2025-12-28","Pakistan","(not set)",42,42
"2025-12-28","Paraguay","(not set)",42,42
"2025-12-28","Poland","(not set)",42,42
"2025-12-29","Brazil","(not set)",109690,56443
"2025-12-29","United States","(not set)",14985,5960
"2025-12-29","Mexico","(not set)",389,130
"2025-12-29","Mozambique","(not set)",389,43
"2025-12-29","Spain","(not set)",389,43
"2025-12-29","(not set)","(not set)",345,130
"2025-12-29","Argentina","(not set)",259,173
"2025-12-29","Iran","(not set)",216,216
"2025-12-29","Egypt","(not set)",130,86
"2025-12-29","India","(not set)",130,86
"2025-12-29","New Zealand","(not set)",130,43
"2025-12-29","Colombia","(not set)",86,86
"2025-12-29","Honduras","(not set)",86,43
"2025-12-29","Nigeria","(not set)",86,86
"2025-12-29","Portugal","(not set)",86,43
"2025-12-29","United Kingdom","(not set)",86,43
"2025-12-29","Yemen","(not set)",86,43
"2025-12-29","Bangladesh","(not set)",43,43
"2025-12-29","Bhutan","(not set)",43,43
"2025-12-29","Cameroon","(not set)",43,43
"2025-12-29","Canada","(not set)",43,43
"2025-12-29","Netherlands","(not set)",43,43
"2025-12-29","Peru","(not set)",43,43
"2025-12-29","Philippines","(not set)",43,43
"2025-12-29","Romania","(not set)",43,43
"2025-12-29","Russia","(not set)",43,43
"2025-12-29","Taiwan","(not set)",43,43
"2025-12-29","Thailand","(not set)",43,43
"2025-12-30","Brazil","(not set)",99785,56167
"2025-12-30","United States","(not set)",11986,5755
"2025-12-30","Yemen","(not set)",476,43
"2025-12-30","Iran","(not set)",346,173
"2025-12-30","(not set)","(not set)",260,87
"2025-12-30","Mexico","(not set)",216,173
"2025-12-30","Mozambique","(not set)",216,43
"2025-12-30","Angola","(not set)",173,43
"2025-12-30","Colombia","(not set)",173,87
"2025-12-30","India","(not set)",130,87
"2025-12-30","Nigeria","(not set)",130,43
"2025-12-30","Argentina","(not set)",43,43
"2025-12-30","Australia","(not set)",43,43
"2025-12-30","Bangladesh","(not set)",43,43
"2025-12-30","Canada","(not set)",43,43
"2025-12-30","Ecuador","(not set)",43,43
"2025-12-30","Kuwait","(not set)",43,43
"2025-12-30","Netherlands","(not set)",43,43
"2025-12-30","Portugal","(not set)",43,43
"2025-12-30","Spain","(not set)",43,43
"2025-12-30","Thailand","(not set)",43,43
"2025-12-30","United Kingdom","(not set)",43,43
"2025-12-31","Brazil","(not set)",97939,53139
"2025-12-31","United States","(not set)",14473,6567
"2025-12-31","Colombia","(not set)",346,130
"2025-12-31","Iran","(not set)",302,259
"2025-12-31","Bangladesh","(not set)",259,86
"2025-12-31","Mexico","(not set)",216,173
"2025-12-31","United Kingdom","(not set)",173,43
"2025-12-31","Egypt","(not set)",130,86
"2025-12-31","Greece","(not set)",130,43
"2025-12-31","Mozambique","(not set)",130,43
"2025-12-31","Portugal","(not set)",130,43
"2025-12-31","(not set)","(not set)",86,43
"2025-12-31","Australia","(not set)",86,43
"2025-12-31","Cameroon","(not set)",86,43
"2025-12-31","Cuba","(not set)",86,86
"2025-12-31","Nigeria","(not set)",86,43
"2025-12-31","Spain","(not set)",86,86
"2025-12-31","India","(not set)",43,43
"2025-12-31","Kuwait","(not set)",43,43
"2025-12-31","Netherlands","(not set)",43,43
"2025-12-31","Oman","(not set)",43,43
"2026-01-01","Brazil","(not set)",91368,50722
"2026-01-01","United States","(not set)",12219,6088
"2026-01-01","India","(not set)",378,84
"2026-01-01","Iran","(not set)",294,168
"2026-01-01","Mexico","(not set)",294,210
"2026-01-01","Philippines","(not set)",252,84
"2026-01-01","Spain","(not set)",210,84
"2026-01-01","Colombia","(not set)",126,126
"2026-01-01","Indonesia","(not set)",126,84
"2026-01-01","Angola","(not set)",84,42
"2026-01-01","Egypt","(not set)",84,42
"2026-01-01","Mozambique","(not set)",84,42
"2026-01-01","Nigeria","(not set)",84,42
"2026-01-01","Portugal","(not set)",84,84
"2026-01-01","United Kingdom","(not set)",84,84
"2026-01-01","Canada","(not set)",42,42
"2026-01-01","Guatemala","(not set)",42,42
"2026-01-01","Haiti","(not set)",42,42
"2026-01-01","Israel","(not set)",42,42
"2026-01-01","Japan","(not set)",42,42
"2026-01-01","Netherlands","(not set)",42,42
"2026-01-01","Pakistan","(not set)",42,42
"2026-01-01","Poland","(not set)",42,42
"2026-01-01","Venezuela","(not set)",42,42
"2026-01-02","Brazil","(not set)",98029,54918
"2026-01-02","United States","(not set)",11893,5904
"2026-01-02","Colombia","(not set)",297,127
"2026-01-02","Mexico","(not set)",297,170
"2026-01-02","Iran","(not set)",255,127
"2026-01-02","China","(not set)",170,42
"2026-01-02","Nigeria","(not set)",170,85
"2026-01-02","Angola","(not set)",127,42
"2026-01-02","Australia","(not set)",85,42
"2026-01-02","Cameroon","(not set)",85,42
"2026-01-02","Greece","(not set)",85,42
"2026-01-02","New Zealand","(not set)",85,42
"2026-01-02","Portugal","(not set)",85,85
"2026-01-02","Singapore","(not set)",85,42
"2026-01-02","Spain","(not set)",85,42
"2026-01-02","United Kingdom","(not set)",85,85
"2026-01-02","Argentina","(not set)",42,42
"2026-01-02","Austria","(not set)",42,42
"2026-01-02","Canada","(not set)",42,42
"2026-01-02","Cuba","(not set)",42,42
"2026-01-02","El Salvador","(not set)",42,42
"2026-01-02","Laos","(not set)",42,42
"2026-01-02","Micronesia","(not set)",42,42
"2026-01-02","Pakistan","(not set)",42,42
"2026-01-03","Brazil","(not set)",98628,54044
"2026-01-03","United States","(not set)",12641,5981
"2026-01-03","Iran","(not set)",551,297
"2026-01-03","Mexico","(not set)",297,170
"2026-01-03","Canada","(not set)",127,85
"2026-01-03","Nigeria","(not set)",127,127
"2026-01-03","Spain","(not set)",127,42
"2026-01-03","Colombia","(not set)",85,85
"2026-01-03","India","(not set)",85,85
"2026-01-03","Kuwait","(not set)",85,42
"2026-01-03","Türkiye","(not set)",85,42
"2026-01-03","United Kingdom","(not set)",85,85
"2026-01-03","Australia","(not set)",42,42
"2026-01-03","Bangladesh","(not set)",42,42
"2026-01-03","Egypt","(not set)",42,42
"2026-01-03","Germany","(not set)",42,42
"2026-01-03","Indonesia","(not set)",42,42
"2026-01-03","Pakistan","(not set)",42,42
"2026-01-03","Peru","(not set)",42,42
"2026-01-03","Portugal","(not set)",42,42
"2026-01-03","Taiwan","(not set)",42,42
"2026-01-03","Uruguay","(not set)",42,42
"2026-01-04","Brazil","(not set)",99553,53890
"2026-01-04","United States","(not set)",12465,6044
"2026-01-04","Iran","(not set)",336,126
"2026-01-04","Nigeria","(not set)",252,126
"2026-01-04","Mexico","(not set)",210,84
"2026-01-04","Canada","(not set)",168,42
"2026-01-04","Colombia","(not set)",168,84
"2026-01-04","Philippines","(not set)",126,126
"2026-01-04","Poland","(not set)",126,42
"2026-01-04","Spain","(not set)",126,84
"2026-01-04","Argentina","(not set)",84,84
"2026-01-04","Bangladesh","(not set)",84,84
"2026-01-04","Cuba","(not set)",84,84
"2026-01-04","El Salvador","(not set)",84,42
"2026-01-04","Germany","(not set)",84,84
"2026-01-04","Netherlands","(not set)",84,84
"2026-01-04","Cameroon","(not set)",42,42
"2026-01-04","Haiti","(not set)",42,42
"2026-01-04","Honduras","(not set)",42,42
"2026-01-04","Kuwait","(not set)",42,42
"2026-01-04","Peru","(not set)",42,42
"2026-01-04","Portugal","(not set)",42,42
"2026-01-04","United Kingdom","(not set)",42,42
"2026-01-05","Brazil","(not set)",102638,56345
"2026-01-05","United States","(not set)",12966,5743
"2026-01-05","Canada","(not set)",566,174
"2026-01-05","Iran","(not set)",392,218
"2026-01-05","Mexico","(not set)",392,261
"2026-01-05","India","(not set)",305,131
"2026-01-05","Colombia","(not set)",218,131
"2026-01-05","Nigeria","(not set)",174,131
"2026-01-05","Spain","(not set)",174,131
"2026-01-05","Haiti","(not set)",131,87
"2026-01-05","Indonesia","(not set)",131,131
"2026-01-05","Kuwait","(not set)",131,44
"2026-01-05","El Salvador","(not set)",87,44
"2026-01-05","Poland","(not set)",87,44
"2026-01-05","United Kingdom","(not set)",87,44
"2026-01-05","Argentina","(not set)",44,44
"2026-01-05","Bangladesh","(not set)",44,44
"2026-01-05","Jamaica","(not set)",44,44
"2026-01-05","Japan","(not set)",44,44
"2026-01-05","Philippines","(not set)",44,44
"2026-01-05","Portugal","(not set)",44,44
"2026-01-05","Saudi Arabia","(not set)",44,44
"2026-01-06","Brazil","(not set)",98686,55425
"2026-01-06","United States","(not set)",12893,5611
"2026-01-06","Iran","(not set)",728,343
"2026-01-06","Mexico","(not set)",428,214
"2026-01-06","(not set)","(not set)",343,171
"2026-01-06","Egypt","(not set)",300,86
"2026-01-06","Spain","(not set)",171,86
"2026-01-06","United Kingdom","(not set)",171,86
"2026-01-06","Angola","(not set)",86,43
"2026-01-06","Canada","(not set)",86,86
"2026-01-06","India","(not set)",86,86
"2026-01-06","New Zealand","(not set)",86,43
"2026-01-06","Colombia","(not set)",43,43
"2026-01-06","Cuba","(not set)",43,43
"2026-01-06","Haiti","(not set)",43,43
"2026-01-06","Indonesia","(not set)",43,43
"2026-01-06","Kuwait","(not set)",43,43
"2026-01-06","Nigeria","(not set)",43,43
"2026-01-06","Pakistan","(not set)",43,43
"2026-01-06","Portugal","(not set)",43,43
"2026-01-06","Puerto Rico","(not set)",43,43
"2026-01-07","Brazil","(not set)",103833,57073
"2026-01-07","United States","(not set)",14310,6103
"2026-01-07","Mexico","(not set)",589,337
"2026-01-07","Sudan","(not set)",421,42
"2026-01-07","Iran","(not set)",379,295
"2026-01-07","(not set)","(not set)",253,84
"2026-01-07","Cuba","(not set)",253,42
"2026-01-07","Pakistan","(not set)",210,42
"2026-01-07","New Zealand","(not set)",126,42
"2026-01-07","Egypt","(not set)",84,84
"2026-01-07","France","(not set)",84,42
"2026-01-07","Spain","(not set)",84,84
"2026-01-07","Angola","(not set)",42,42
"2026-01-07","Argentina","(not set)",42,42
"2026-01-07","Canada","(not set)",42,42
"2026-01-07","India","(not set)",42,42
"2026-01-07","Indonesia","(not set)",42,42
"2026-01-07","Iraq","(not set)",42,42
"2026-01-07","Japan","(not set)",42,42
"2026-01-07","Nigeria","(not set)",42,42
"2026-01-07","United Kingdom","(not set)",42,42
"2026-01-08","Brazil","(not set)",96718,54914
"2026-01-08","United States","(not set)",12273,5822
"2026-01-08","Mexico","(not set)",419,293
"2026-01-08","Spain","(not set)",209,84
"2026-01-08","Morocco","(not set)",168,42
"2026-01-08","Algeria","(not set)",126,42
"2026-01-08","Cuba","(not set)",126,84
"2026-01-08","Iran","(not set)",126,84
"2026-01-08","Egypt","(not set)",84,84
"2026-01-08","Poland","(not set)",84,84
"2026-01-08","Portugal","(not set)",84,84
"2026-01-08","Bahamas","(not set)",42,42
"2026-01-08","Bangladesh","(not set)",42,42
"2026-01-08","Canada","(not set)",42,42
"2026-01-08","Costa Rica","(not set)",42,42
"2026-01-08","Dominican Republic","(not set)",42,42
"2026-01-08","France","(not set)",42,42
"2026-01-08","India","(not set)",42,42
"2026-01-08","Italy","(not set)",42,42
"2026-01-08","New Zealand","(not set)",42,42
"2026-01-08","Nigeria","(not set)",42,42
"2026-01-08","Puerto Rico","(not set)",42,42
"2026-01-09","Brazil","(not set)",114527,62953
"2026-01-09","United States","(not set)",12396,5782
"2026-01-09","Guatemala","(not set)",740,46
"2026-01-09","Portugal","(not set)",370,139
"2026-01-09","(not set)","(not set)",231,93
"2026-01-09","Mexico","(not set)",231,185
"2026-01-09","Nigeria","(not set)",231,139
"2026-01-09","Saudi Arabia","(not set)",139,46
"2026-01-09","American Samoa","(not set)",93,46
"2026-01-09","Angola","(not set)",93,46
"2026-01-09","Argentina","(not set)",93,46
"2026-01-09","Cuba","(not set)",93,46
"2026-01-09","Qatar","(not set)",93,46
"2026-01-09","Spain","(not set)",93,93
"2026-01-09","Switzerland","(not set)",93,46
"2026-01-09","Algeria","(not set)",46,46
"2026-01-09","Canada","(not set)",46,46
"2026-01-09","Croatia","(not set)",46,46
"2026-01-09","France","(not set)",46,46
"2026-01-09","India","(not set)",46,46
"2026-01-09","Indonesia","(not set)",46,46
"2026-01-09","Pakistan","(not set)",46,46
"2026-01-09","United Kingdom","(not set)",46,46
"2026-01-10","Brazil","(not set)",97909,56495
"2026-01-10","United States","(not set)",12100,5916
"2026-01-10","Mexico","(not set)",445,267
"2026-01-10","Myanmar (Burma)","(not set)",356,44
"2026-01-10","Argentina","(not set)",311,89
"2026-01-10","Spain","(not set)",178,89
"2026-01-10","Nigeria","(not set)",133,44
"2026-01-10","Canada","(not set)",89,89
"2026-01-10","Guatemala","(not set)",89,44
"2026-01-10","Indonesia","(not set)",89,89
"2026-01-10","New Zealand","(not set)",89,44
"2026-01-10","Portugal","(not set)",89,44
"2026-01-10","Angola","(not set)",44,44
"2026-01-10","Bhutan","(not set)",44,44
"2026-01-10","Chile","(not set)",44,44
"2026-01-10","Colombia","(not set)",44,44
"2026-01-10","Costa Rica","(not set)",44,44
"2026-01-10","Ethiopia","(not set)",44,44
"2026-01-10","France","(not set)",44,44
"2026-01-10","India","(not set)",44,44
"2026-01-10","Israel","(not set)",44,44
"2026-01-10","Morocco","(not set)",44,44
"2026-01-10","United Kingdom","(not set)",44,44
"2026-01-11","Brazil","(not set)",96421,54015
"2026-01-11","United States","(not set)",11394,5697
"2026-01-11","Mexico","(not set)",386,300
"2026-01-11","Philippines","(not set)",257,86
"2026-01-11","United Kingdom","(not set)",171,86
"2026-01-11","Pakistan","(not set)",129,86
"2026-01-11","Argentina","(not set)",86,86
"2026-01-11","India","(not set)",86,86
"2026-01-11","Algeria","(not set)",43,43
"2026-01-11","Angola","(not set)",43,43
"2026-01-11","Colombia","(not set)",43,43
"2026-01-11","France","(not set)",43,43
"2026-01-11","Germany","(not set)",43,43
"2026-01-11","Kuwait","(not set)",43,43
"2026-01-11","Nigeria","(not set)",43,43
"2026-01-11","Portugal","(not set)",43,43
"2026-01-11","Puerto Rico","(not set)",43,43
"2026-01-11","Spain","(not set)",43,43
"2026-01-11","Thailand","(not set)",43,43
"2026-01-12","Brazil","(not set)",105959,55863
"2026-01-12","United States","(not set)",11357,5679
"2026-01-12","Mexico","(not set)",352,264
"2026-01-12","Nigeria","(not set)",308,132
"2026-01-12","Argentina","(not set)",264,176
"2026-01-12","Canada","(not set)",176,132
"2026-01-12","Cuba","(not set)",132,132
"2026-01-12","Philippines","(not set)",132,88
"2026-01-12","Indonesia","(not set)",88,88
"2026-01-12","Poland","(not set)",88,44
"2026-01-12","Portugal","(not set)",88,44
"2026-01-12","Sri Lanka","(not set)",88,44
"2026-01-12","Australia","(not set)",44,44
"2026-01-12","Colombia","(not set)",44,44
"2026-01-12","Congo - Kinshasa","(not set)",44,44
"2026-01-12","Ecuador","(not set)",44,44
"2026-01-12","India","(not set)",44,44
"2026-01-12","Puerto Rico","(not set)",44,44
"2026-01-12","Spain","(not set)",44,44
"2026-01-12","Venezuela","(not set)",44,44
"2026-01-13","Brazil","(not set)",103281,58210
"2026-01-13","United States","(not set)",13878,6482
"2026-01-13","Mexico","(not set)",261,174
"2026-01-13","(not set)","(not set)",174,44
"2026-01-13","Nigeria","(not set)",174,87
"2026-01-13","Cuba","(not set)",131,87
"2026-01-13","Spain","(not set)",131,87
"2026-01-13","Colombia","(not set)",87,44
"2026-01-13","Egypt","(not set)",87,44
"2026-01-13","Kuwait","(not set)",87,44
"2026-01-13","Philippines","(not set)",87,44
"2026-01-13","United Kingdom","(not set)",87,44
"2026-01-13","Argentina","(not set)",44,44
"2026-01-13","Canada","(not set)",44,44
"2026-01-13","Indonesia","(not set)",44,44
"2026-01-13","Pakistan","(not set)",44,44
"2026-01-13","Poland","(not set)",44,44
"2026-01-14","Brazil","(not set)",103115,56434
"2026-01-14","United States","(not set)",13033,6218
"2026-01-14","(not set)","(not set)",298,85
"2026-01-14","Mexico","(not set)",298,170
"2026-01-14","Portugal","(not set)",256,43
"2026-01-14","Spain","(not set)",170,85
"2026-01-14","Canada","(not set)",128,85
"2026-01-14","Indonesia","(not set)",128,128
"2026-01-14","Bangladesh","(not set)",85,85
"2026-01-14","Cuba","(not set)",85,85
"2026-01-14","Iran","(not set)",85,43
"2026-01-14","Kuwait","(not set)",85,43
"2026-01-14","Pakistan","(not set)",85,43
"2026-01-14","Philippines","(not set)",85,85
"2026-01-14","Argentina","(not set)",43,43
"2026-01-14","Congo - Kinshasa","(not set)",43,43
"2026-01-14","India","(not set)",43,43
"2026-01-14","United Kingdom","(not set)",43,43
"2026-01-15","Brazil","(not set)",99869,57363
"2026-01-15","United States","(not set)",12325,5445
"2026-01-15","Mexico","(not set)",422,380
"2026-01-15","Nigeria","(not set)",338,127
"2026-01-15","Argentina","(not set)",127,42
"2026-01-15","Colombia","(not set)",127,84
"2026-01-15","(not set)","(not set)",84,42
"2026-01-15","Dominican Republic","(not set)",84,42
"2026-01-15","Egypt","(not set)",84,84
"2026-01-15","Germany","(not set)",84,42
"2026-01-15","Guatemala","(not set)",84,42
"2026-01-15","New Zealand","(not set)",84,42
"2026-01-15","Peru","(not set)",84,42
"2026-01-15","Philippines","(not set)",84,84
"2026-01-15","Puerto Rico","(not set)",84,84
"2026-01-15","Spain","(not set)",84,42
"2026-01-15","Denmark","(not set)",42,42
"2026-01-15","India","(not set)",42,42
"2026-01-15","Indonesia","(not set)",42,42
"2026-01-15","Japan","(not set)",42,42
"2026-01-15","Kuwait","(not set)",42,42
"2026-01-15","Pakistan","(not set)",42,42
"2026-01-15","Poland","(not set)",42,42
"2026-01-15","Sweden","(not set)",42,42
"2026-01-15","United Kingdom","(not set)",42,42
"2026-01-16","Brazil","(not set)",97302,54940
"2026-01-16","United States","(not set)",11064,5511
"2026-01-16","Mexico","(not set)",505,294
"2026-01-16","Nigeria","(not set)",168,84
"2026-01-16","Egypt","(not set)",126,84
"2026-01-16","Argentina","(not set)",84,84
"2026-01-16","Bhutan","(not set)",84,42
"2026-01-16","Spain","(not set)",84,84
"2026-01-16","Congo - Kinshasa","(not set)",42,42
"2026-01-16","France","(not set)",42,42
"2026-01-16","India","(not set)",42,42
"2026-01-16","Indonesia","(not set)",42,42
"2026-01-16","Kuwait","(not set)",42,42
"2026-01-16","Pakistan","(not set)",42,42
"2026-01-16","Philippines","(not set)",42,42
"2026-01-16","Poland","(not set)",42,42
"2026-01-16","Puerto Rico","(not set)",42,42
"2026-01-16","Thailand","(not set)",42,42
"2026-01-16","Türkiye","(not set)",42,42
"2026-01-17","Brazil","(not set)",99092,51591
"2026-01-17","United States","(not set)",11979,5494
"2026-01-17","Mexico","(not set)",330,124
"2026-01-17","Argentina","(not set)",248,83
"2026-01-17","India","(not set)",124,41
"2026-01-17","Peru","(not set)",124,83
"2026-01-17","Spain","(not set)",124,41
"2026-01-17","Poland","(not set)",83,41
"2026-01-17","United Kingdom","(not set)",83,41
"2026-01-17","Bangladesh","(not set)",41,41
"2026-01-17","Canada","(not set)",41,41
"2026-01-17","Colombia","(not set)",41,41
"2026-01-17","Costa Rica","(not set)",41,41
"2026-01-17","Indonesia","(not set)",41,41
"2026-01-17","Iran","(not set)",41,41
"2026-01-17","Netherlands","(not set)",41,41
"2026-01-17","Norway","(not set)",41,41
"2026-01-17","Thailand","(not set)",41,41
"2026-01-17","United Arab Emirates","(not set)",41,41
"2026-01-18","Brazil","(not set)",89591,51084
"2026-01-18","United States","(not set)",14210,5921
"2026-01-18","Argentina","(not set)",204,123
"2026-01-18","Mexico","(not set)",163,163
"2026-01-18","Pakistan","(not set)",163,41
"2026-01-18","New Zealand","(not set)",123,41
"2026-01-18","Egypt","(not set)",82,41
"2026-01-18","Germany","(not set)",82,41
"2026-01-18","Nigeria","(not set)",82,82
"2026-01-18","Portugal","(not set)",82,82
"2026-01-18","United Kingdom","(not set)",82,82
"2026-01-18","Australia","(not set)",41,41
"2026-01-18","Bangladesh","(not set)",41,41
"2026-01-18","Canada","(not set)",41,41
"2026-01-18","Colombia","(not set)",41,41
"2026-01-18","Cuba","(not set)",41,41
"2026-01-18","Ecuador","(not set)",41,41
"2026-01-18","Kuwait","(not set)",41,41
"2026-01-18","Spain","(not set)",41,41
"2026-01-18","United Arab Emirates","(not set)",41,41
"2026-01-19","Brazil","(not set)",103406,57991
"2026-01-19","United States","(not set)",14147,6203
"2026-01-19","Syria","(not set)",595,42
"2026-01-19","Spain","(not set)",340,127
"2026-01-19","Mexico","(not set)",212,127
"2026-01-19","Iran","(not set)",170,85
"2026-01-19","Colombia","(not set)",127,85
"2026-01-19","India","(not set)",127,85
"2026-01-19","Nigeria","(not set)",127,85
"2026-01-19","Argentina","(not set)",85,42
"2026-01-19","Canada","(not set)",85,85
"2026-01-19","Bangladesh","(not set)",42,42
"2026-01-19","Guatemala","(not set)",42,42
"2026-01-19","Netherlands","(not set)",42,42
"2026-01-19","Pakistan","(not set)",42,42
"2026-01-19","Peru","(not set)",42,42
"2026-01-19","Philippines","(not set)",42,42
"2026-01-19","Portugal","(not set)",42,42
"2026-01-20","Brazil","(not set)",100742,57665
"2026-01-20","United States","(not set)",12915,5921
"2026-01-20","Syria","(not set)",386,43
"2026-01-20","Bolivia","(not set)",257,43
"2026-01-20","United Kingdom","(not set)",172,86
"2026-01-20","Mexico","(not set)",129,129
"2026-01-20","Nigeria","(not set)",129,43
"2026-01-20","Argentina","(not set)",86,86
"2026-01-20","Canada","(not set)",86,86
"2026-01-20","Dominican Republic","(not set)",86,43
"2026-01-20","Indonesia","(not set)",86,86
"2026-01-20","Pakistan","(not set)",86,86
"2026-01-20","Poland","(not set)",86,43
"2026-01-20","Colombia","(not set)",43,43
"2026-01-20","India","(not set)",43,43
"2026-01-20","Iran","(not set)",43,43
"2026-01-20","Netherlands","(not set)",43,43
"2026-01-20","Peru","(not set)",43,43
"2026-01-20","Spain","(not set)",43,43
"2026-01-20","Switzerland","(not set)",43,43
"2026-01-21","Brazil","(not set)",100917,56065
"2026-01-21","United States","(not set)",12026,6248
"2026-01-21","Syria","(not set)",514,43
"2026-01-21","Colombia","(not set)",214,128
"2026-01-21","Spain","(not set)",171,86
"2026-01-21","Argentina","(not set)",128,86
"2026-01-21","Bolivia","(not set)",128,43
"2026-01-21","India","(not set)",128,86
"2026-01-21","Mexico","(not set)",86,86
"2026-01-21","Nigeria","(not set)",86,86
"2026-01-21","Poland","(not set)",86,43
"2026-01-21","Angola","(not set)",43,43
"2026-01-21","Canada","(not set)",43,43
"2026-01-21","Iran","(not set)",43,43
"2026-01-21","New Zealand","(not set)",43,43
"2026-01-21","Philippines","(not set)",43,43
"2026-01-22","Brazil","(not set)",101669,55802
"2026-01-22","United States","(not set)",13443,5834
"2026-01-22","China","(not set)",676,85
"2026-01-22","Nigeria","(not set)",676,85
"2026-01-22","India","(not set)",380,169
"2026-01-22","Mexico","(not set)",254,85
"2026-01-22","Syria","(not set)",254,85
"2026-01-22","Bolivia","(not set)",211,42
"2026-01-22","Portugal","(not set)",211,85
"2026-01-22","Spain","(not set)",211,127
"2026-01-22","Iran","(not set)",127,127
"2026-01-22","Poland","(not set)",127,42
"2026-01-22","(not set)","(not set)",85,42
"2026-01-22","Philippines","(not set)",85,85
"2026-01-22","South Africa","(not set)",85,42
"2026-01-22","Thailand","(not set)",85,85
"2026-01-22","Bangladesh","(not set)",42,42
"2026-01-22","Canada","(not set)",42,42
"2026-01-22","Colombia","(not set)",42,42
"2026-01-22","Congo - Kinshasa","(not set)",42,42
"2026-01-22","Cuba","(not set)",42,42
"2026-01-22","Kuwait","(not set)",42,42
"2026-01-22","Mozambique","(not set)",42,42
"2026-01-22","Puerto Rico","(not set)",42,42
"2026-01-22","Venezuela","(not set)",42,42
"2026-01-23","Brazil","(not set)",98023,54551
"2026-01-23","United States","(not set)",12385,5982
"2026-01-23","Iran","(not set)",421,253
"2026-01-23","Colombia","(not set)",379,126
"2026-01-23","Nigeria","(not set)",379,84
"2026-01-23","Mexico","(not set)",168,126
"2026-01-23","Morocco","(not set)",168,42
"2026-01-23","Poland","(not set)",168,42
"2026-01-23","Spain","(not set)",168,84
"2026-01-23","Togo","(not set)",126,42
"2026-01-23","Argentina","(not set)",84,42
"2026-01-23","Canada","(not set)",84,42
"2026-01-23","Cuba","(not set)",84,42
"2026-01-23","Indonesia","(not set)",84,84
"2026-01-23","Philippines","(not set)",84,42
"2026-01-23","Syria","(not set)",84,42
"2026-01-23","Angola","(not set)",42,42
"2026-01-23","Japan","(not set)",42,42
"2026-01-23","Kuwait","(not set)",42,42
"2026-01-23","Norway","(not set)",42,42
"2026-01-23","Portugal","(not set)",42,42
"2026-01-23","Puerto Rico","(not set)",42,42
"2026-01-23","Thailand","(not set)",42,42
"2026-01-23","Uruguay","(not set)",42,42
"2026-01-24","Brazil","(not set)",97647,53519
"2026-01-24","United States","(not set)",11635,6191
"2026-01-24","Mexico","(not set)",706,208
"2026-01-24","Nigeria","(not set)",540,83
"2026-01-24","Argentina","(not set)",332,125
"2026-01-24","Iran","(not set)",332,208
"2026-01-24","Indonesia","(not set)",249,166
"2026-01-24","Spain","(not set)",208,83
"2026-01-24","United Kingdom","(not set)",208,83
"2026-01-24","Netherlands","(not set)",166,83
"2026-01-24","Syria","(not set)",166,42
"2026-01-24","Colombia","(not set)",83,83
"2026-01-24","India","(not set)",83,42
"2026-01-24","Poland","(not set)",83,42
"2026-01-24","Togo","(not set)",83,42
"2026-01-24","Bangladesh","(not set)",42,42
"2026-01-24","Bhutan","(not set)",42,42
"2026-01-24","Bolivia","(not set)",42,42
"2026-01-24","Canada","(not set)",42,42
"2026-01-24","Cuba","(not set)",42,42
"2026-01-24","Dominican Republic","(not set)",42,42
"2026-01-24","Honduras","(not set)",42,42
"2026-01-24","Italy","(not set)",42,42
"2026-01-24","Japan","(not set)",42,42
"2026-01-24","Morocco","(not set)",42,42
"2026-01-24","New Zealand","(not set)",42,42
"2026-01-24","Philippines","(not set)",42,42
"2026-01-24","Portugal","(not set)",42,42
"2026-01-24","Puerto Rico","(not set)",42,42
"2026-01-24","Venezuela","(not set)",42,42
"2026-01-25","Brazil","(not set)",87808,48641
"2026-01-25","United States","(not set)",10868,5414
"2026-01-25","Mexico","(not set)",902,205
"2026-01-25","Iran","(not set)",533,287
"2026-01-25","Spain","(not set)",492,41
"2026-01-25","Argentina","(not set)",246,123
"2026-01-25","Nigeria","(not set)",246,123
"2026-01-25","Singapore","(not set)",164,41
"2026-01-25","Egypt","(not set)",123,82
"2026-01-25","El Salvador","(not set)",82,41
"2026-01-25","Indonesia","(not set)",82,41
"2026-01-25","Portugal","(not set)",82,82
"2026-01-25","United Kingdom","(not set)",82,82
"2026-01-25","Venezuela","(not set)",82,41
"2026-01-25","Bhutan","(not set)",41,41
"2026-01-25","Bolivia","(not set)",41,41
"2026-01-25","Cuba","(not set)",41,41
"2026-01-25","Kuwait","(not set)",41,41
"2026-01-25","Norway","(not set)",41,41
"2026-01-25","Pakistan","(not set)",41,41
"2026-01-25","Syria","(not set)",41,41
"2026-01-25","Togo","(not set)",41,41
"2026-01-26","Brazil","(not set)",106115,55735
"2026-01-26","United States","(not set)",11353,5098
"2026-01-26","Iran","(not set)",300,214
"2026-01-26","Nigeria","(not set)",300,43
"2026-01-26","Spain","(not set)",300,86
"2026-01-26","India","(not set)",171,86
"2026-01-26","Bolivia","(not set)",86,43
"2026-01-26","Morocco","(not set)",86,43
"2026-01-26","Portugal","(not set)",86,86
"2026-01-26","Syria","(not set)",86,43
"2026-01-26","United Arab Emirates","(not set)",86,43
"2026-01-26","United Kingdom","(not set)",86,86
"2026-01-26","Argentina","(not set)",43,43
"2026-01-26","Canada","(not set)",43,43
"2026-01-26","Colombia","(not set)",43,43
"2026-01-26","Haiti","(not set)",43,43
"2026-01-26","Indonesia","(not set)",43,43
"2026-01-26","Kuwait","(not set)",43,43
"2026-01-26","Mexico","(not set)",43,43
"2026-01-26","Netherlands","(not set)",43,43
"2026-01-26","Poland","(not set)",43,43
"2026-01-26","Singapore","(not set)",43,43
"2026-01-26","Uruguay","(not set)",43,43
"2026-01-26","Vietnam","(not set)",43,43
"2026-01-27","Brazil","(not set)",108712,55150
"2026-01-27","United States","(not set)",12189,5494
"2026-01-27","Spain","(not set)",730,43
"2026-01-27","Nigeria","(not set)",558,86
"2026-01-27","Iran","(not set)",300,172
"2026-01-27","United Kingdom","(not set)",258,129
"2026-01-27","Bolivia","(not set)",215,43
"2026-01-27","Pakistan","(not set)",215,129
"2026-01-27","Argentina","(not set)",172,43
"2026-01-27","(not set)","(not set)",129,43
"2026-01-27","Colombia","(not set)",129,86
"2026-01-27","Guatemala","(not set)",86,86
"2026-01-27","Poland","(not set)",86,43
"2026-01-27","Puerto Rico","(not set)",86,86
"2026-01-27","Syria","(not set)",86,43
"2026-01-27","United Arab Emirates","(not set)",86,86
"2026-01-27","Austria","(not set)",43,43
"2026-01-27","Canada","(not set)",43,43
"2026-01-27","Cuba","(not set)",43,43
"2026-01-27","Indonesia","(not set)",43,43
"2026-01-27","Mexico","(not set)",43,43
"2026-01-27","Netherlands","(not set)",43,43
"2026-01-27","Papua New Guinea","(not set)",43,43
"2026-01-27","Philippines","(not set)",43,43
"2026-01-27","Saudi Arabia","(not set)",43,43
"2026-01-28","Brazil","(not set)",100953,54176
"2026-01-28","United States","(not set)",11439,5401
"2026-01-28","Bolivia","(not set)",383,43
"2026-01-28","Indonesia","(not set)",298,128
"2026-01-28","Iran","(not set)",298,213
"2026-01-28","Nigeria","(not set)",255,128
"2026-01-28","Spain","(not set)",213,85
"2026-01-28","Saudi Arabia","(not set)",170,43
"2026-01-28","Poland","(not set)",128,43
"2026-01-28","Canada","(not set)",85,85
"2026-01-28","Egypt","(not set)",85,43
"2026-01-28","Mexico","(not set)",85,85
"2026-01-28","Pakistan","(not set)",85,85
"2026-01-28","Philippines","(not set)",85,85
"2026-01-28","Bangladesh","(not set)",43,43
"2026-01-28","Bhutan","(not set)",43,43
"2026-01-28","Colombia","(not set)",43,43
"2026-01-28","Haiti","(not set)",43,43
"2026-01-28","India","(not set)",43,43
"2026-01-28","Martinique","(not set)",43,43
"2026-01-28","Panama","(not set)",43,43
"2026-01-28","Portugal","(not set)",43,43
"2026-01-28","Puerto Rico","(not set)",43,43
"2026-01-28","Türkiye","(not set)",43,43
"2026-01-28","United Kingdom","(not set)",43,43
"2026-01-28","Venezuela","(not set)",43,43
"2026-01-29","Brazil","(not set)",98361,54885
"2026-01-29","United States","(not set)",12802,6211
"2026-01-29","Bolivia","(not set)",296,42
"2026-01-29","Nigeria","(not set)",296,127
"2026-01-29","Mexico","(not set)",254,169
"2026-01-29","Spain","(not set)",254,85
"2026-01-29","Syria","(not set)",127,42
"2026-01-29","Egypt","(not set)",85,42
"2026-01-29","India","(not set)",85,85
"2026-01-29","Iran","(not set)",85,85
"2026-01-29","Argentina","(not set)",42,42
"2026-01-29","Bangladesh","(not set)",42,42
"2026-01-29","Canada","(not set)",42,42
"2026-01-29","Colombia","(not set)",42,42
"2026-01-29","Cuba","(not set)",42,42
"2026-01-29","Haiti","(not set)",42,42
"2026-01-29","Indonesia","(not set)",42,42
"2026-01-29","Kuwait","(not set)",42,42
"2026-01-29","Poland","(not set)",42,42
"2026-01-29","Puerto Rico","(not set)",42,42
"2026-01-29","United Kingdom","(not set)",42,42
"2026-01-29","Venezuela","(not set)",42,42
"2026-01-30","Brazil","(not set)",103231,56243
"2026-01-30","United States","(not set)",13015,5324
"2026-01-30","Mexico","(not set)",296,211
"2026-01-30","Nigeria","(not set)",211,85
"2026-01-30","(not set)","(not set)",127,42
"2026-01-30","Colombia","(not set)",127,85
"2026-01-30","Indonesia","(not set)",127,42
"2026-01-30","Pakistan","(not set)",127,127
"2026-01-30","Canada","(not set)",85,42
"2026-01-30","Guatemala","(not set)",85,42
"2026-01-30","Iran","(not set)",85,85
"2026-01-30","Bangladesh","(not set)",42,42
"2026-01-30","Bolivia","(not set)",42,42
"2026-01-30","Costa Rica","(not set)",42,42
"2026-01-30","Germany","(not set)",42,42
"2026-01-30","India","(not set)",42,42
"2026-01-30","Ireland","(not set)",42,42
"2026-01-30","Portugal","(not set)",42,42
"2026-01-30","Spain","(not set)",42,42
"2026-01-30","United Kingdom","(not set)",42,42
"2026-01-31","Brazil","(not set)",94684,52496
"2026-01-31","United States","(not set)",12958,5631
"2026-01-31","Mexico","(not set)",497,331
"2026-01-31","Bolivia","(not set)",414,41
"2026-01-31","Argentina","(not set)",166,124
"2026-01-31","Indonesia","(not set)",166,124
"2026-01-31","Paraguay","(not set)",166,41
"2026-01-31","Portugal","(not set)",166,124
"2026-01-31","Spain","(not set)",166,41
"2026-01-31","Colombia","(not set)",124,83
"2026-01-31","India","(not set)",124,124
"2026-01-31","Iran","(not set)",124,124
"2026-01-31","Nigeria","(not set)",124,83
"2026-01-31","Algeria","(not set)",83,41
"2026-01-31","Philippines","(not set)",83,83
"2026-01-31","Costa Rica","(not set)",41,41
"2026-01-31","New Zealand","(not set)",41,41
"2026-01-31","Pakistan","(not set)",41,41
"2026-01-31","Peru","(not set)",41,41
"2026-01-31","Puerto Rico","(not set)",41,41
"2026-01-31","Saudi Arabia","(not set)",41,41
"2026-01-31","Syria","(not set)",41,41
"2026-01-31","United Kingdom","(not set)",41,41
"2026-01-31","Venezuela","(not set)",41,41
"2026-02-01","Brazil","(not set)",95180,53490
"2026-02-01","United States","(not set)",11882,5550
"2026-02-01","Bolivia","(not set)",576,41
"2026-02-01","Iran","(not set)",288,247
"2026-02-01","Philippines","(not set)",247,41
"2026-02-01","Egypt","(not set)",164,41
"2026-02-01","Indonesia","(not set)",164,123
"2026-02-01","Morocco","(not set)",164,41
"2026-02-01","Nigeria","(not set)",164,82
"2026-02-01","Spain","(not set)",164,41
"2026-02-01","Colombia","(not set)",123,123
"2026-02-01","India","(not set)",123,82
"2026-02-01","Mexico","(not set)",82,41
"2026-02-01","Argentina","(not set)",41,41
"2026-02-01","Canada","(not set)",41,41
"2026-02-01","France","(not set)",41,41
"2026-02-01","Germany","(not set)",41,41
"2026-02-01","New Zealand","(not set)",41,41
"2026-02-01","Paraguay","(not set)",41,41
"2026-02-01","Peru","(not set)",41,41
"2026-02-01","Poland","(not set)",41,41
"2026-02-01","Portugal","(not set)",41,41
"2026-02-01","Puerto Rico","(not set)",41,41
"2026-02-01","Switzerland","(not set)",41,41
"2026-02-01","Syria","(not set)",41,41
"2026-02-01","Thailand","(not set)",41,41
"2026-02-02","Brazil","(not set)",100134,55986
"2026-02-02","United States","(not set)",11325,5770
"2026-02-02","Spain","(not set)",342,43
"2026-02-02","Iran","(not set)",299,256
"2026-02-02","(not set)","(not set)",214,85
"2026-02-02","Bolivia","(not set)",171,43
"2026-02-02","Mexico","(not set)",171,128
"2026-02-02","India","(not set)",128,43
"2026-02-02","Saudi Arabia","(not set)",128,43
"2026-02-02","Trinidad & Tobago","(not set)",128,43
"2026-02-02","Indonesia","(not set)",85,85
"2026-02-02","Nigeria","(not set)",85,85
"2026-02-02","Venezuela","(not set)",85,43
"2026-02-02","Argentina","(not set)",43,43
"2026-02-02","Canada","(not set)",43,43
"2026-02-02","Egypt","(not set)",43,43
"2026-02-02","Guatemala","(not set)",43,43
"2026-02-02","Jordan","(not set)",43,43
"2026-02-02","Kuwait","(not set)",43,43
"2026-02-02","Pakistan","(not set)",43,43
"2026-02-02","Peru","(not set)",43,43
"2026-02-02","Philippines","(not set)",43,43
"2026-02-02","Syria","(not set)",43,43
"2026-02-03","Brazil","(not set)",102714,56195
"2026-02-03","United States","(not set)",13304,5658
"2026-02-03","Mexico","(not set)",993,216
"2026-02-03","Bolivia","(not set)",346,43
"2026-02-03","Egypt","(not set)",216,86
"2026-02-03","Spain","(not set)",216,86
"2026-02-03","Canada","(not set)",173,130
"2026-02-03","Portugal","(not set)",173,43
"2026-02-03","Iran","(not set)",130,130
"2026-02-03","Kuwait","(not set)",130,43
"2026-02-03","Argentina","(not set)",86,86
"2026-02-03","Bhutan","(not set)",86,43
"2026-02-03","Indonesia","(not set)",43,43
"2026-02-03","Nigeria","(not set)",43,43
"2026-02-03","Panama","(not set)",43,43
"2026-02-03","Poland","(not set)",43,43
"2026-02-03","Sudan","(not set)",43,43
"2026-02-03","United Kingdom","(not set)",43,43
"2026-02-03","Venezuela","(not set)",43,43
"2026-02-04","Brazil","(not set)",106048,57781
"2026-02-04","United States","(not set)",13598,5735
"2026-02-04","Iran","(not set)",348,130
"2026-02-04","Mexico","(not set)",304,174
"2026-02-04","Nigeria","(not set)",261,130
"2026-02-04","Bolivia","(not set)",130,43
"2026-02-04","China","(not set)",130,43
"2026-02-04","India","(not set)",130,130
"2026-02-04","Poland","(not set)",130,43
"2026-02-04","Spain","(not set)",130,43
"2026-02-04","(not set)","(not set)",87,43
"2026-02-04","Colombia","(not set)",87,43
"2026-02-04","Cuba","(not set)",87,43
"2026-02-04","Indonesia","(not set)",87,87
"2026-02-04","Argentina","(not set)",43,43
"2026-02-04","Costa Rica","(not set)",43,43
"2026-02-04","Egypt","(not set)",43,43
"2026-02-04","United Kingdom","(not set)",43,43
"2026-02-04","Venezuela","(not set)",43,43
"2026-02-05","Brazil","(not set)",99624,54229
"2026-02-05","United States","(not set)",13579,5876
"2026-02-05","Iran","(not set)",218,174
"2026-02-05","Nigeria","(not set)",174,87
"2026-02-05","Pakistan","(not set)",174,131
"2026-02-05","Mexico","(not set)",131,131
"2026-02-05","Spain","(not set)",131,44
"2026-02-05","United Kingdom","(not set)",131,87
"2026-02-05","(not set)","(not set)",87,44
"2026-02-05","Bolivia","(not set)",87,44
"2026-02-05","Canada","(not set)",87,87
"2026-02-05","Indonesia","(not set)",87,87
"2026-02-05","Peru","(not set)",87,44
"2026-02-05","Argentina","(not set)",44,44
"2026-02-05","Azerbaijan","(not set)",44,44
"2026-02-05","Cuba","(not set)",44,44
"2026-02-05","Haiti","(not set)",44,44
"2026-02-05","Japan","(not set)",44,44
"2026-02-05","Morocco","(not set)",44,44
"2026-02-05","New Zealand","(not set)",44,44
"2026-02-05","Poland","(not set)",44,44
"2026-02-05","Thailand","(not set)",44,44
"2026-02-06","Brazil","(not set)",101944,56454
"2026-02-06","United States","(not set)",16190,6905
"2026-02-06","(not set)","(not set)",373,140
"2026-02-06","India","(not set)",280,47
"2026-02-06","United Kingdom","(not set)",280,140
"2026-02-06","Indonesia","(not set)",233,93
"2026-02-06","Iran","(not set)",233,187
"2026-02-06","Mexico","(not set)",233,187
"2026-02-06","Cuba","(not set)",187,93
"2026-02-06","New Zealand","(not set)",140,47
"2026-02-06","Colombia","(not set)",93,47
"2026-02-06","Nigeria","(not set)",93,93
"2026-02-06","Pakistan","(not set)",93,47
"2026-02-06","Spain","(not set)",93,47
"2026-02-06","Costa Rica","(not set)",47,47
"2026-02-06","Egypt","(not set)",47,47
"2026-02-06","Kuwait","(not set)",47,47
"2026-02-06","Netherlands","(not set)",47,47
"2026-02-06","Paraguay","(not set)",47,47
"2026-02-06","Portugal","(not set)",47,47
"2026-02-07","Brazil","(not set)",103733,55423
"2026-02-07","United States","(not set)",13391,5673
"2026-02-07","Mexico","(not set)",372,232
"2026-02-07","Iran","(not set)",279,232
"2026-02-07","Nigeria","(not set)",186,93
"2026-02-07","Spain","(not set)",139,93
"2026-02-07","Argentina","(not set)",93,46
"2026-02-07","Bolivia","(not set)",93,46
"2026-02-07","Cuba","(not set)",93,46
"2026-02-07","Canada","(not set)",46,46
"2026-02-07","Colombia","(not set)",46,46
"2026-02-07","Indonesia","(not set)",46,46
"2026-02-07","Poland","(not set)",46,46
"2026-02-07","Thailand","(not set)",46,46
"2026-02-07","Venezuela","(not set)",46,46
"2026-02-08","Brazil","(not set)",94470,52676
"2026-02-08","United States","(not set)",11374,5442
"2026-02-08","Mexico","(not set)",357,178
"2026-02-08","Egypt","(not set)",178,89
"2026-02-08","Iran","(not set)",178,178
"2026-02-08","Pakistan","(not set)",178,45
"2026-02-08","Argentina","(not set)",134,134
"2026-02-08","Cuba","(not set)",134,89
"2026-02-08","Nigeria","(not set)",134,89
"2026-02-08","Colombia","(not set)",89,45
"2026-02-08","Bhutan","(not set)",45,45
"2026-02-08","India","(not set)",45,45
"2026-02-08","Indonesia","(not set)",45,45
"2026-02-08","Singapore","(not set)",45,45
"2026-02-08","South Africa","(not set)",45,45
"2026-02-08","Spain","(not set)",45,45
"2026-02-08","United Kingdom","(not set)",45,45
"2026-02-08","Venezuela","(not set)",45,45
"2026-02-09","Brazil","(not set)",104419,54820
"2026-02-09","United States","(not set)",14655,6183
"2026-02-09","Mexico","(not set)",641,321
"2026-02-09","Nigeria","(not set)",321,92
"2026-02-09","India","(not set)",229,137
"2026-02-09","Pakistan","(not set)",183,46
"2026-02-09","Bolivia","(not set)",137,46
"2026-02-09","United Kingdom","(not set)",137,46
"2026-02-09","Argentina","(not set)",92,46
"2026-02-09","Colombia","(not set)",92,92
"2026-02-09","Indonesia","(not set)",92,92
"2026-02-09","Iran","(not set)",92,92
"2026-02-09","Bangladesh","(not set)",46,46
"2026-02-09","Panama","(not set)",46,46
"2026-02-09","Spain","(not set)",46,46
"2026-02-10","Brazil","(not set)",104766,57262
"2026-02-10","United States","(not set)",12552,5589
"2026-02-10","Mexico","(not set)",366,229
"2026-02-10","Iran","(not set)",275,229
"2026-02-10","Nigeria","(not set)",229,92
"2026-02-10","Spain","(not set)",183,92
"2026-02-10","Canada","(not set)",137,137
"2026-02-10","Pakistan","(not set)",137,92
"2026-02-10","Colombia","(not set)",92,92
"2026-02-10","Egypt","(not set)",92,46
"2026-02-10","Argentina","(not set)",46,46
"2026-02-10","Bolivia","(not set)",46,46
"2026-02-10","Ecuador","(not set)",46,46
"2026-02-10","Haiti","(not set)",46,46
"2026-02-10","India","(not set)",46,46
"2026-02-10","Indonesia","(not set)",46,46
"2026-02-11","Brazil","(not set)",99001,56806
"2026-02-11","United States","(not set)",14702,6054
"2026-02-11","Iran","(not set)",455,273
"2026-02-11","Mexico","(not set)",455,228
"2026-02-11","Egypt","(not set)",364,137
"2026-02-11","South Korea","(not set)",273,46
"2026-02-11","India","(not set)",228,228
"2026-02-11","Pakistan","(not set)",228,137
"2026-02-11","Syria","(not set)",182,46
"2026-02-11","Argentina","(not set)",91,91
"2026-02-11","Bolivia","(not set)",91,46
"2026-02-11","Thailand","(not set)",91,46
"2026-02-11","Canada","(not set)",46,46
"2026-02-11","Colombia","(not set)",46,46
"2026-02-11","France","(not set)",46,46
"2026-02-11","Indonesia","(not set)",46,46
"2026-02-11","Nigeria","(not set)",46,46
"2026-02-11","Paraguay","(not set)",46,46
"2026-02-11","Spain","(not set)",46,46
"2026-02-11","United Kingdom","(not set)",46,46
"2026-02-12","Brazil","(not set)",104522,55437
"2026-02-12","United States","(not set)",11659,5489
"2026-02-12","Spain","(not set)",363,45
"2026-02-12","Egypt","(not set)",272,91
"2026-02-12","Puerto Rico","(not set)",227,45
"2026-02-12","Iran","(not set)",181,181
"2026-02-12","Nigeria","(not set)",181,45
"2026-02-12","(not set)","(not set)",91,45
"2026-02-12","Argentina","(not set)",91,91
"2026-02-12","Bolivia","(not set)",91,45
"2026-02-12","Colombia","(not set)",91,45
"2026-02-12","India","(not set)",91,91
"2026-02-12","Indonesia","(not set)",91,45
"2026-02-12","Bhutan","(not set)",45,45
"2026-02-12","Mexico","(not set)",45,45
"2026-02-12","New Zealand","(not set)",45,45
"2026-02-12","Pakistan","(not set)",45,45
"2026-02-12","Türkiye","(not set)",45,45
