Data,Pais,SKU,ContagemDeEventos,TotalDeUsuarios
"2024-10-01","Brazil","(not set)",89,44
"2024-10-01","Brazil","com.psafe.msuite.ultra_12mo_59.90",35,10
"2024-10-01","Brazil","com.psafe.msuite.pro_lto_12mo_39.90",28,27
"2024-10-01","Brazil","com.psafe.msuite.adsfree_lto_12mo",14,14
"2024-10-01","United States","(not set)",13,5
"2024-10-01","Brazil","com.psafe.msuite.ads_free_12mo_13.90",11,8
"2024-10-01","United States","com.psafe.msuite.pro_lto_12mo_39.90",11,1
"2024-10-01","Egypt","(not set)",7,1
"2024-10-01","United States","com.psafe.msuite.ultra_12mo_59.90",7,1
"2024-10-01","Iran","(not set)",2,1
"2024-10-01","Brazil","com.psafe.msuite.ads_free_12mo",1,1
"2024-10-01","Brazil","com.psafe.msuite.pro_3day_trial_12mo49.9",1,1
"2024-10-01","Brazil","com.psafe.msuite.ultra_12mo",1,1
"2024-10-01","El Salvador","com.psafe.msuite.pro_lto_12mo_39.90",1,1
"2024-10-01","United States","com.psafe.msuite.adsfree_lto_12mo",1,1
"2024-10-01","United States","com.psafe.msuite.pro_1mo_3.90,com.psafe.msuite.pro_3day_trial_12mo49.9",1,1
"2024-10-02","Brazil","(not set)",51,34
"2024-10-02","Brazil","com.psafe.msuite.ultra_12mo_59.90",17,9
"2024-10-02","Brazil","com.psafe.msuite.ads_free_12mo_13.90",15,12
"2024-10-02","Brazil","com.psafe.msuite.pro_lto_12mo_39.90",15,15
"2024-10-02","Brazil","com.psafe.msuite.adsfree_lto_12mo",9,9
"2024-10-02","Canada","(not set)",8,1
"2024-10-02","Nigeria","(not set)",4,1
"2024-10-02","United States","(not set)",4,3
"2024-10-02","Philippines","com.psafe.msuite.ultra_12mo_59.90",3,1
"2024-10-02","United Kingdom","(not set)",3,1
"2024-10-02","United States","com.psafe.msuite.pro_lto_12mo_39.90",2,2
"2024-10-02","United States","com.psafe.msuite.ultra_12mo_59.90",2,1
"2024-10-02","Brazil","com.psafe.msuite.ads_free_12mo_13.90,com.psafe.msuite.pro_1mo_3.90,com.psafe.msuite.pro_3day_trial_12mo49.9,com.psafe.msuite.ultra_1mo_16.90,com.psafe.msuite.ultra_12mo_59.90",1,1
"2024-10-02","Brazil","com.psafe.msuite.pro_1mo_3.90,com.psafe.msuite.pro_3day_trial_12mo49.9",1,1
"2024-10-02","Dominican Republic","com.psafe.msuite.pro_lto_12mo_39.90",1,1
"2024-10-02","Guatemala","com.psafe.msuite.adsfree_lto_12mo",1,1
"2024-10-02","Iran","com.psafe.msuite.adsfree_lto_12mo",1,1
"2024-10-02","Mexico","com.psafe.msuite.pro_lto_12mo_39.90",1,1
"2024-10-02","Portugal","com.psafe.msuite.pro_lto_12mo_39.90",1,1
"2024-10-02","United States","com.psafe.msuite.ads_free_12mo_13.90",1,1
"2024-10-03","Brazil","(not set)",69,33
"2024-10-03","India","(not set)",26,1
"2024-10-03","Brazil","com.psafe.msuite.ultra_12mo_59.90",20,5
"2024-10-03","Mexico","(not set)",19,1
"2024-10-03","Germany","(not set)",13,1
"2024-10-03","Brazil","com.psafe.msuite.pro_lto_12mo_39.90",11,11
"2024-10-03","Brazil","com.psafe.msuite.adsfree_lto_12mo",10,9
"2024-10-03","Brazil","com.psafe.msuite.ads_free_12mo_13.90",9,6
"2024-10-03","Bangladesh","(not set)",8,1
"2024-10-03","Iran","(not set)",7,1
"2024-10-03","United States","com.psafe.msuite.ultra_1mo_16.90,com.psafe.msuite.ultra_12mo_59.90",3,1
"2024-10-03","United States","(not set)",2,2
"2024-10-03","United Kingdom","(not set)",1,1
"2024-10-03","United States","com.psafe.msuite.pro_12mo_49.90",1,1
"2024-10-03","United States","com.psafe.msuite.pro_lto_12mo_39.90",1,1
"2024-10-03","United States","com.psafe.msuite.ultra_12mo_59.90",1,1
"2024-10-04","Brazil","(not set)",69,37
"2024-10-04","Brazil","com.psafe.msuite.ultra_12mo_59.90",27,8
"2024-10-04","Brazil","com.psafe.msuite.pro_lto_12mo_39.90",26,25
"2024-10-04","United States","(not set)",23,6
"2024-10-04","Brazil","com.psafe.msuite.ads_free_12mo_13.90",22,16
"2024-10-04","Brazil","com.psafe.msuite.adsfree_lto_12mo",12,12
"2024-10-04","Cuba","(not set)",7,1
"2024-10-04","United States","com.psafe.msuite.ultra_12mo_59.90",4,2
"2024-10-04","United States","com.psafe.msuite.pro_lto_12mo_39.90",3,3
"2024-10-04","Peru","(not set)",2,1
"2024-10-04","United States","com.psafe.msuite.ads_free_12mo_13.90",2,1
"2024-10-04","Indonesia","com.psafe.msuite.ultra_12mo_59.90",1,1
"2024-10-04","United States","com.psafe.msuite.adsfree_lto_12mo",1,1
"2024-10-04","Yemen","(not set)",1,1
"2024-10-04","Yemen","com.psafe.msuite.pro_1mo_3.90,com.psafe.msuite.pro_3day_trial_12mo49.9",1,1
"2024-10-05","Brazil","(not set)",106,38
"2024-10-05","Brazil","com.psafe.msuite.ultra_12mo_59.90",24,7
"2024-10-05","Brazil","com.psafe.msuite.pro_lto_12mo_39.90",15,15
"2024-10-05","Egypt","(not set)",15,2
"2024-10-05","Brazil","com.psafe.msuite.pro_3day_trial_12mo49.9",11,1
"2024-10-05","Brazil","com.psafe.msuite.adsfree_lto_12mo",9,9
"2024-10-05","Cambodia","(not set)",8,1
"2024-10-05","United States","(not set)",8,2
"2024-10-05","Brazil","com.psafe.msuite.ads_free_12mo_13.90",6,5
"2024-10-05","United States","com.psafe.msuite.pro_lto_12mo_39.90",4,3
"2024-10-05","Philippines","(not set)",3,1
"2024-10-05","Philippines","com.psafe.msuite.ultra_12mo_59.90",2,1
"2024-10-05","Puerto Rico","com.psafe.msuite.ads_free_12mo_13.90",1,1
"2024-10-05","United States","com.psafe.msuite.ultra_12mo_59.90",1,1
"2024-10-06","Brazil","com.psafe.msuite.ultra_12mo_59.90",1045,10
"2024-10-06","Brazil","(not set)",75,29
"2024-10-06","Brazil","com.psafe.msuite.pro_3day_trial_12mo49.9",28,2
"2024-10-06","United States","com.psafe.msuite.ultra_12mo_59.90",16,2
"2024-10-06","Brazil","com.psafe.msuite.adsfree_lto_12mo",14,13
"2024-10-06","Brazil","com.psafe.msuite.ads_free_12mo_13.90",13,9
"2024-10-06","Iran","(not set)",11,1
"2024-10-06","Brazil","com.psafe.msuite.pro_lto_12mo_39.90",10,10
"2024-10-06","Indonesia","com.psafe.msuite.ultra_12mo_59.90",8,1
"2024-10-06","Indonesia","(not set)",7,1
"2024-10-06","United States","(not set)",4,3
"2024-10-06","Egypt","(not set)",2,1
"2024-10-06","Philippines","(not set)",2,1
"2024-10-06","Switzerland","(not set)",2,1
"2024-10-06","Mexico","com.psafe.msuite.pro_lto_12mo_39.90",1,1
"2024-10-06","United States","com.psafe.msuite.ads_free_12mo_13.90",1,1
"2024-10-06","United States","com.psafe.msuite.adsfree_lto_12mo",1,1
"2024-10-06","United States","com.psafe.msuite.pro_lto_12mo_39.90",1,1
"2024-10-07","Brazil","(not set)",106,39
"2024-10-07","Brazil","com.psafe.msuite.ultra_12mo_59.90",27,7
"2024-10-07","Brazil","com.psafe.msuite.pro_lto_12mo_39.90",20,20
"2024-10-07","Brazil","com.psafe.msuite.adsfree_lto_12mo",16,14
"2024-10-07","Brazil","com.psafe.msuite.ads_free_12mo_13.90",15,12
"2024-10-07","Egypt","(not set)",5,1
"2024-10-07","United States","(not set)",2,1
"2024-10-07","United States","0.0",2,1
"2024-10-07","Brazil","com.psafe.msuite.pro_1mo_3.90,com.psafe.msuite.pro_3day_trial_12mo49.9",1,1
"2024-10-07","Mexico","(not set)",1,1
"2024-10-07","United States","com.psafe.msuite.ads_free_12mo_13.90",1,1
"2024-10-07","United States","com.psafe.msuite.pro_lto_12mo_39.90",1,1
"2024-10-07","United States","com.psafe.msuite.ultra_12mo_59.90",1,1
"2024-10-08","Brazil","com.psafe.msuite.ultra_12mo_59.90",42,8
"2024-10-08","Brazil","(not set)",38,22
"2024-10-08","Brazil","com.psafe.msuite.pro_lto_12mo_39.90",27,15
"2024-10-08","Brazil","com.psafe.msuite.ads_free_12mo_13.90",12,9
"2024-10-08","Brazil","com.psafe.msuite.adsfree_lto_12mo",7,7
"2024-10-08","United States","(not set)",5,4
"2024-10-08","United States","com.psafe.msuite.pro_lto_12mo_39.90",4,4
"2024-10-08","Morocco","(not set)",2,1
"2024-10-08","Pakistan","(not set)",2,1
"2024-10-08","Portugal","(not set)",2,1
"2024-10-08","United States","com.psafe.msuite.pro_3day_trial_12mo49.9",2,1
"2024-10-08","Indonesia","com.psafe.msuite.ultra_12mo_59.90",1,1
"2024-10-08","Italy","com.psafe.msuite.ads_free_12mo_13.90",1,1
"2024-10-08","South Africa","com.psafe.msuite.pro_lto_12mo_39.90",1,1
"2024-10-08","United States","com.psafe.msuite.ads_free_12mo_13.90",1,1
"2024-10-08","United States","com.psafe.msuite.pro_1mo_3.90,com.psafe.msuite.pro_3day_trial_12mo49.9",1,1
"2024-10-08","Vietnam","com.psafe.msuite.pro_lto_12mo_39.90",1,1
"2024-10-09","Brazil","(not set)",63,26
"2024-10-09","Brazil","com.psafe.msuite.ultra_12mo_59.90",50,10
"2024-10-09","Brazil","com.psafe.msuite.adsfree_lto_12mo",21,21
"2024-10-09","Brazil","com.psafe.msuite.pro_lto_12mo_39.90",21,21
"2024-10-09","United States","com.psafe.msuite.ultra_12mo_59.90",13,2
"2024-10-09","Brazil","com.psafe.msuite.ads_free_12mo_13.90",10,8
"2024-10-09","Saudi Arabia","com.psafe.msuite.ultra_12mo_59.90",8,1
"2024-10-09","United States","(not set)",5,3
"2024-10-09","United States","com.psafe.msuite.pro_12mo_49.90,com.psafe.msuite.ultra_12mo_59.90",3,1
"2024-10-09","United States","com.psafe.msuite.pro_lto_12mo_39.90",3,3
"2024-10-09","United States","com.psafe.msuite.adsfree_lto_12mo",2,2
"2024-10-09","United Kingdom","(not set)",1,1
"2024-10-09","United States","com.psafe.msuite.ads_free_12mo_13.90",1,1
"2024-10-10","Brazil","com.psafe.msuite.ultra_12mo_59.90",62,9
"2024-10-10","Brazil","(not set)",55,30
"2024-10-10","Brazil","com.psafe.msuite.pro_lto_12mo_39.90",22,21
"2024-10-10","Brazil","com.psafe.msuite.ads_free_12mo_13.90",13,8
"2024-10-10","India","(not set)",12,2
"2024-10-10","Brazil","com.psafe.msuite.adsfree_lto_12mo",9,9
"2024-10-10","France","(not set)",8,1
"2024-10-10","France","com.psafe.msuite.ultra_12mo_59.90",8,1
"2024-10-10","Brazil","com.psafe.msuite.pro_3day_trial_12mo49.9",5,3
"2024-10-10","Pakistan","(not set)",3,1
"2024-10-10","United States","(not set)",3,3
"2024-10-10","United States","com.psafe.msuite.ads_free_12mo_13.90",3,3
"2024-10-10","Canada","(not set)",2,1
"2024-10-10","Brazil","com.psafe.msuite.ads_free_12mo_13.90,com.psafe.msuite.pro_1mo_3.90,com.psafe.msuite.pro_3day_trial_12mo49.9,com.psafe.msuite.ultra_1mo_16.90,com.psafe.msuite.ultra_12mo_59.90",1,1
"2024-10-10","United States","com.psafe.msuite.adsfree_lto_12mo",1,1
"2024-10-10","United States","com.psafe.msuite.pro_1mo_3.90,com.psafe.msuite.pro_3day_trial_12mo49.9",1,1
"2024-10-10","United States","com.psafe.msuite.pro_lto_12mo_39.90",1,1
"2024-10-11","Brazil","(not set)",65,30
"2024-10-11","Brazil","com.psafe.msuite.ultra_12mo_59.90",32,12
"2024-10-11","Brazil","com.psafe.msuite.pro_lto_12mo_39.90",23,21
"2024-10-11","Brazil","com.psafe.msuite.adsfree_lto_12mo",18,18
"2024-10-11","Brazil","com.psafe.msuite.ads_free_12mo_13.90",10,8
"2024-10-11","United States","(not set)",6,3
"2024-10-11","Canada","(not set)",1,1
"2024-10-11","Libya","com.psafe.msuite.pro_3day_trial_12mo49.9",1,1
"2024-10-11","Mexico","(not set)",1,1
"2024-10-11","Mexico","com.psafe.msuite.adsfree_lto_12mo",1,1
"2024-10-11","Pakistan","(not set)",1,1
"2024-10-11","United States","com.psafe.msuite.pro_lto_12mo_39.90",1,1
"2024-10-12","Brazil","(not set)",42,25
"2024-10-12","Brazil","com.psafe.msuite.adsfree_lto_12mo",22,16
"2024-10-12","Brazil","com.psafe.msuite.ads_free_12mo_13.90",12,8
"2024-10-12","Brazil","com.psafe.msuite.pro_lto_12mo_39.90",11,11
"2024-10-12","United States","(not set)",11,5
"2024-10-12","Brazil","com.psafe.msuite.ultra_12mo_59.90",10,3
"2024-10-12","United States","com.psafe.msuite.ultra_12mo_59.90",3,2
"2024-10-12","Brazil","com.psafe.msuite.pro_1mo_3.90,com.psafe.msuite.pro_3day_trial_12mo49.9",2,1
"2024-10-12","Indonesia","(not set)",2,1
"2024-10-12","United States","com.psafe.msuite.pro_3day_trial_12mo49.9",2,1
"2024-10-12","Brazil","com.psafe.msuite.pro_3day_trial_12mo49.9",1,1
"2024-10-12","United Kingdom","(not set)",1,1
"2024-10-12","United States","com.psafe.msuite.pro_lto_12mo_39.90",1,1
"2024-10-12","United States","com.psafe.msuite.ultra_1mo_16.90,com.psafe.msuite.ultra_12mo_59.90",1,1
"2024-10-13","Brazil","(not set)",125,30
"2024-10-13","Brazil","com.psafe.msuite.pro_3day_trial_12mo49.9",27,1
"2024-10-13","Brazil","com.psafe.msuite.ultra_12mo_59.90",25,6
"2024-10-13","Brazil","com.psafe.msuite.pro_lto_12mo_39.90",21,17
"2024-10-13","Brazil","com.psafe.msuite.ads_free_12mo_13.90",15,11
"2024-10-13","Brazil","com.psafe.msuite.adsfree_lto_12mo",10,10
"2024-10-13","Bangladesh","(not set)",9,1
"2024-10-13","United States","com.psafe.msuite.ultra_12mo_59.90",4,2
"2024-10-13","Brazil","com.psafe.msuite.pro_1mo_3.90,com.psafe.msuite.pro_3day_trial_12mo49.9",3,2
"2024-10-13","Indonesia","com.psafe.msuite.ultra_12mo_59.90",2,1
"2024-10-13","United States","(not set)",2,2
"2024-10-13","Argentina","com.psafe.msuite.pro_lto_12mo_39.90",1,1
"2024-10-13","United States","com.psafe.msuite.adsfree_lto_12mo",1,1
"2024-10-13","United States","com.psafe.msuite.pro_lto_12mo_39.90",1,1
"2024-10-14","Brazil","(not set)",72,32
"2024-10-14","Brazil","com.psafe.msuite.pro_lto_12mo_39.90",22,6
"2024-10-14","Brazil","com.psafe.msuite.ads_free_12mo_13.90",11,9
"2024-10-14","Brazil","com.psafe.msuite.adsfree_lto_12mo",10,10
"2024-10-14","Brazil","com.psafe.msuite.ultra_12mo_59.90",10,2
"2024-10-14","United States","(not set)",10,3
"2024-10-14","United States","com.psafe.msuite.ultra_12mo_59.90",9,1
"2024-10-14","Algeria","(not set)",8,1
"2024-10-14","Iran","(not set)",5,1
"2024-10-14","Iran","com.psafe.msuite.ultra_12mo_59.90",4,1
"2024-10-14","Brazil","0.0",3,1
"2024-10-14","Egypt","com.psafe.msuite.ultra_12mo_59.90",2,1
"2024-10-14","India","(not set)",2,1
"2024-10-14","Mexico","(not set)",2,1
"2024-10-14","Saudi Arabia","com.psafe.msuite.adsfree_lto_12mo",1,1
"2024-10-14","Saudi Arabia","com.psafe.msuite.pro_lto_12mo_39.90",1,1
"2024-10-14","United States","com.psafe.msuite.ads_free_12mo_13.90",1,1
"2024-10-14","United States","com.psafe.msuite.adsfree_lto_12mo",1,1
"2024-10-15","Brazil","(not set)",77,27
"2024-10-15","Brazil","com.psafe.msuite.ultra_12mo_59.90",42,8
"2024-10-15","Brazil","com.psafe.msuite.pro_lto_12mo_39.90",19,17
"2024-10-15","Brazil","com.psafe.msuite.adsfree_lto_12mo",14,14
"2024-10-15","United States","(not set)",13,7
"2024-10-15","Brazil","com.psafe.msuite.ads_free_12mo_13.90",11,9
"2024-10-15","United Arab Emirates","com.psafe.msuite.ultra_12mo_59.90",8,1
"2024-10-15","Singapore","com.psafe.msuite.ultra_12mo_59.90",7,1
"2024-10-15","Bangladesh","(not set)",2,1
"2024-10-15","Brazil","com.psafe.msuite.ultra_1mo_16.90,com.psafe.msuite.ultra_12mo_59.90",2,1
"2024-10-15","Iran","(not set)",2,1
"2024-10-15","Mexico","(not set)",2,1
"2024-10-15","United States","com.psafe.msuite.ads_free_12mo_13.90",2,2
"2024-10-15","United States","com.psafe.msuite.adsfree_lto_12mo",1,1
"2024-10-15","United States","com.psafe.msuite.pro_lto_12mo_39.90",1,1
"2024-10-15","United States","com.psafe.msuite.ultra_12mo_59.90",1,1
"2024-10-16","Brazil","(not set)",59,25
"2024-10-16","Brazil","com.psafe.msuite.ultra_12mo_59.90",26,10
"2024-10-16","Brazil","com.psafe.msuite.pro_lto_12mo_39.90",14,13
"2024-10-16","Brazil","com.psafe.msuite.adsfree_lto_12mo",11,11
"2024-10-16","Brazil","com.psafe.msuite.ads_free_12mo_13.90",10,8
"2024-10-16","Brazil","com.psafe.msuite.pro_3day_trial_12mo49.9",9,2
"2024-10-16","United States","com.psafe.msuite.pro_3day_trial_12mo49.9",9,1
"2024-10-16","India","(not set)",8,1
"2024-10-16","United States","(not set)",6,4
"2024-10-16","Mexico","com.psafe.msuite.ultra_12mo_59.90",4,1
"2024-10-16","Angola","(not set)",2,1
"2024-10-16","Brazil","0.0",1,1
"2024-10-16","Brazil","com.psafe.msuite.pro_1mo_3.90,com.psafe.msuite.pro_3day_trial_12mo49.9",1,1
"2024-10-16","Indonesia","(not set)",1,1
"2024-10-16","Indonesia","com.psafe.msuite.ultra_12mo_59.90",1,1
"2024-10-16","United Kingdom","com.psafe.msuite.adsfree_lto_12mo",1,1
"2024-10-16","United States","com.psafe.msuite.ads_free_12mo_13.90",1,1
"2024-10-16","United States","com.psafe.msuite.adsfree_lto_12mo",1,1
"2024-10-16","United States","com.psafe.msuite.pro_lto_12mo_39.90",1,1
"2024-10-16","United States","com.psafe.msuite.ultra_12mo_59.90",1,1
"2024-10-17","Brazil","(not set)",59,29
"2024-10-17","Brazil","com.psafe.msuite.ultra_12mo_59.90",56,10
"2024-10-17","United States","com.psafe.msuite.ultra_12mo_59.90",23,4
"2024-10-17","Brazil","com.psafe.msuite.ads_free_12mo_13.90",11,7
"2024-10-17","Brazil","com.psafe.msuite.pro_lto_12mo_39.90",10,9
"2024-10-17","Brazil","com.psafe.msuite.adsfree_lto_12mo",9,9
"2024-10-17","Brazil","com.psafe.msuite.pro_3day_trial_12mo49.9",9,2
"2024-10-17","United States","(not set)",8,1
"2024-10-17","Mexico","com.psafe.msuite.ultra_12mo_59.90",5,1
"2024-10-17","Bangladesh","com.psafe.msuite.ads_free_12mo_13.90,com.psafe.msuite.pro_1mo_3.90,com.psafe.msuite.pro_3day_trial_12mo49.9,com.psafe.msuite.ultra_1mo_16.90,com.psafe.msuite.ultra_12mo_59.90",3,1
"2024-10-17","Mexico","(not set)",3,2
"2024-10-17","United States","com.psafe.msuite.adsfree_lto_12mo",3,3
"2024-10-17","Bangladesh","com.psafe.msuite.ultra_12mo_59.90",2,1
"2024-10-17","United States","com.psafe.msuite.ads_free_12mo_13.90",2,1
"2024-10-17","Bangladesh","com.psafe.msuite.ads_free_12mo_13.90",1,1
"2024-10-17","Iran","com.psafe.msuite.pro_lto_12mo_39.90",1,1
"2024-10-18","United States","com.psafe.msuite.pro_lto_12mo_39.90",361,2
"2024-10-18","Brazil","(not set)",67,37
"2024-10-18","Brazil","com.psafe.msuite.ultra_12mo_59.90",31,9
"2024-10-18","Bangladesh","com.psafe.msuite.ultra_12mo_59.90",13,1
"2024-10-18","Brazil","com.psafe.msuite.ads_free_12mo_13.90",11,8
"2024-10-18","Bangladesh","(not set)",8,1
"2024-10-18","Brazil","com.psafe.msuite.pro_lto_12mo_39.90",6,6
"2024-10-18","Brazil","com.psafe.msuite.adsfree_lto_12mo",5,5
"2024-10-18","Colombia","(not set)",2,1
"2024-10-18","United States","(not set)",2,1
"2024-10-18","United States","com.psafe.msuite.ultra_12mo_59.90",2,1
"2024-10-18","Iran","(not set)",1,1
"2024-10-18","Nepal","(not set)",1,1
"2024-10-18","Romania","com.psafe.msuite.adsfree_lto_12mo",1,1
"2024-10-18","United States","0.0",1,1
"2024-10-19","United States","com.psafe.msuite.pro_lto_12mo_39.90",383,2
"2024-10-19","Brazil","(not set)",67,34
"2024-10-19","Brazil","com.psafe.msuite.ultra_12mo_59.90",22,6
"2024-10-19","United States","(not set)",20,5
"2024-10-19","United States","com.psafe.msuite.ultra_12mo_59.90",20,2
"2024-10-19","Brazil","com.psafe.msuite.ads_free_12mo_13.90,com.psafe.msuite.pro_1mo_3.90,com.psafe.msuite.pro_3day_trial_12mo49.9,com.psafe.msuite.ultra_1mo_16.90,com.psafe.msuite.ultra_12mo_59.90",17,1
"2024-10-19","Nigeria","(not set)",12,1
"2024-10-19","Brazil","com.psafe.msuite.ads_free_12mo_13.90",9,7
"2024-10-19","Brazil","com.psafe.msuite.pro_lto_12mo_39.90",9,9
"2024-10-19","Brazil","com.psafe.msuite.adsfree_lto_12mo",8,8
"2024-10-19","Colombia","(not set)",7,1
"2024-10-19","Egypt","(not set)",7,1
"2024-10-19","Saudi Arabia","(not set)",7,1
"2024-10-19","Morocco","(not set)",2,1
"2024-10-19","United Arab Emirates","(not set)",2,1
"2024-10-19","Brazil","com.psafe.msuite.pro_3day_trial_12mo49.9",1,1
"2024-10-19","Zambia","(not set)",1,1
"2024-10-19","Zambia","com.psafe.msuite.pro_1mo_3.90,com.psafe.msuite.pro_3day_trial_12mo49.9",1,1
"2024-10-20","Brazil","(not set)",62,30
"2024-10-20","Brazil","com.psafe.msuite.ultra_12mo_59.90",48,14
"2024-10-20","Brazil","com.psafe.msuite.adsfree_lto_12mo",17,17
"2024-10-20","Brazil","com.psafe.msuite.pro_lto_12mo_39.90",17,16
"2024-10-20","Brazil","com.psafe.msuite.ads_free_12mo_13.90",9,6
"2024-10-20","Honduras","(not set)",9,1
"2024-10-20","United States","com.psafe.msuite.ultra_12mo_59.90",7,1
"2024-10-20","United States","(not set)",6,4
"2024-10-20","Bangladesh","(not set)",2,1
"2024-10-20","Brazil","com.psafe.msuite.ultra_1mo_16.90,com.psafe.msuite.ultra_12mo_59.90",2,1
"2024-10-20","Kenya","com.psafe.msuite.ultra_12mo_59.90",2,1
"2024-10-20","United Kingdom","(not set)",2,1
"2024-10-20","Nigeria","(not set)",1,1
"2024-10-21","Brazil","(not set)",70,36
"2024-10-21","Brazil","com.psafe.msuite.ultra_12mo_59.90",35,10
"2024-10-21","Brazil","com.psafe.msuite.pro_lto_12mo_39.90",18,18
"2024-10-21","Brazil","com.psafe.msuite.ads_free_12mo_13.90",13,11
"2024-10-21","Bangladesh","(not set)",11,2
"2024-10-21","Brazil","com.psafe.msuite.adsfree_lto_12mo",11,11
"2024-10-21","United States","com.psafe.msuite.adsfree_lto_12mo",3,2
"2024-10-21","United States","com.psafe.msuite.ultra_12mo_59.90",3,1
"2024-10-21","United States","com.psafe.msuite.ads_free_12mo_13.90",2,1
"2024-10-21","Canada","com.psafe.msuite.adsfree_lto_12mo",1,1
"2024-10-21","Mexico","com.psafe.msuite.pro_lto_12mo_39.90",1,1
"2024-10-21","South Africa","(not set)",1,1
"2024-10-21","United States","com.psafe.msuite.pro_lto_12mo_39.90",1,1
"2024-10-22","Brazil","(not set)",96,35
"2024-10-22","Brazil","com.psafe.msuite.adsfree_lto_12mo",15,14
"2024-10-22","Brazil","com.psafe.msuite.pro_lto_12mo_39.90",15,13
"2024-10-22","Brazil","com.psafe.msuite.ads_free_12mo_13.90",10,7
"2024-10-22","United States","com.psafe.msuite.pro_lto_12mo_39.90",10,1
"2024-10-22","United Kingdom","(not set)",9,1
"2024-10-22","Algeria","(not set)",8,1
"2024-10-22","Brazil","com.psafe.msuite.ultra_12mo_59.90",5,3
"2024-10-22","United States","(not set)",5,4
"2024-10-22","United States","com.psafe.msuite.ads_free_12mo_13.90",4,3
"2024-10-22","United States","com.psafe.msuite.pro_12mo_49.90",2,1
"2024-10-22","Brazil","com.psafe.msuite.ultra_1mo_16.90,com.psafe.msuite.ultra_12mo_59.90",1,1
"2024-10-22","Mexico","(not set)",1,1
"2024-10-22","United States","com.psafe.msuite.adsfree_lto_12mo",1,1
"2024-10-22","United States","com.psafe.msuite.pro_3day_trial_12mo49.9",1,1
"2024-10-23","Brazil","(not set)",121,38
"2024-10-23","Brazil","com.psafe.msuite.ultra_12mo_59.90",19,7
"2024-10-23","Brazil","com.psafe.msuite.ads_free_12mo_13.90",14,9
"2024-10-23","Brazil","com.psafe.msuite.adsfree_lto_12mo",12,10
"2024-10-23","Brazil","com.psafe.msuite.pro_lto_12mo_39.90",9,9
"2024-10-23","United States","com.psafe.msuite.ultra_12mo_59.90",9,1
"2024-10-23","United States","(not set)",4,3
"2024-10-23","Bangladesh","(not set)",2,1
"2024-10-23","Indonesia","(not set)",1,1
"2024-10-23","Pakistan","(not set)",1,1
"2024-10-23","Sweden","(not set)",1,1
"2024-10-23","United States","com.psafe.msuite.ads_free_12mo_13.90",1,1
"2024-10-23","United States","com.psafe.msuite.adsfree_lto_12mo",1,1
"2024-10-23","United States","com.psafe.msuite.pro_lto_12mo_39.90",1,1
"2024-10-24","Brazil","(not set)",101,37
"2024-10-24","Brazil","com.psafe.msuite.pro_lto_12mo_39.90",26,9
"2024-10-24","Brazil","com.psafe.msuite.adsfree_lto_12mo",14,14
"2024-10-24","Brazil","com.psafe.msuite.ultra_12mo_59.90",14,8
"2024-10-24","Brazil","com.psafe.msuite.ads_free_12mo_13.90",13,10
"2024-10-24","Egypt","(not set)",7,1
"2024-10-24","United States","(not set)",4,3
"2024-10-24","Egypt","com.psafe.msuite.ultra_12mo_59.90",2,1
"2024-10-24","Nigeria","(not set)",2,1
"2024-10-24","Brazil","com.psafe.msuite.pro_1mo_3.90,com.psafe.msuite.pro_3day_trial_12mo49.9",1,1
"2024-10-24","Canada","com.psafe.msuite.ads_free_12mo_13.90",1,1
"2024-10-24","Mexico","com.psafe.msuite.adsfree_lto_12mo",1,1
"2024-10-24","United States","com.psafe.msuite.ads_free_12mo",1,1
"2024-10-24","United States","com.psafe.msuite.ads_free_12mo_13.90",1,1
"2024-10-24","United States","com.psafe.msuite.pro_lto_12mo_39.90",1,1
"2024-10-25","Brazil","(not set)",55,27
"2024-10-25","Brazil","com.psafe.msuite.ultra_12mo_59.90",40,8
"2024-10-25","Brazil","com.psafe.msuite.adsfree_lto_12mo",14,14
"2024-10-25","Brazil","com.psafe.msuite.pro_lto_12mo_39.90",14,14
"2024-10-25","United States","(not set)",10,4
"2024-10-25","Brazil","com.psafe.msuite.ads_free_12mo_13.90",8,6
"2024-10-25","Bangladesh","(not set)",6,2
"2024-10-25","Bangladesh","com.psafe.msuite.ultra_12mo_59.90",5,1
"2024-10-25","Mexico","(not set)",3,2
"2024-10-25","United States","com.psafe.msuite.adsfree_lto_12mo",1,1
"2024-10-25","United States","com.psafe.msuite.pro_lto_12mo_39.90",1,1
"2024-10-25","United States","com.psafe.msuite.ultra_12mo_59.90",1,1
"2024-10-26","Brazil","(not set)",62,26
"2024-10-26","Brazil","com.psafe.msuite.ultra_12mo_59.90",44,10
"2024-10-26","Brazil","com.psafe.msuite.ads_free_12mo_13.90",18,12
"2024-10-26","Brazil","com.psafe.msuite.pro_lto_12mo_39.90",11,10
"2024-10-26","Brazil","com.psafe.msuite.adsfree_lto_12mo",6,6
"2024-10-26","India","(not set)",3,1
"2024-10-26","United States","(not set)",3,2
"2024-10-26","Sweden","(not set)",2,1
"2024-10-26","Argentina","(not set)",1,1
"2024-10-26","Myanmar (Burma)","(not set)",1,1
"2024-10-26","Myanmar (Burma)","com.psafe.msuite.pro_1mo_3.90,com.psafe.msuite.pro_3day_trial_12mo49.9",1,1
"2024-10-26","Peru","(not set)",1,1
"2024-10-26","United States","com.psafe.msuite.ads_free_12mo_13.90",1,1
"2024-10-26","United States","com.psafe.msuite.adsfree_lto_12mo",1,1
"2024-10-27","Brazil","(not set)",63,31
"2024-10-27","Brazil","com.psafe.msuite.ads_free_12mo_13.90",17,12
"2024-10-27","Brazil","com.psafe.msuite.pro_lto_12mo_39.90",9,9
"2024-10-27","Brazil","com.psafe.msuite.adsfree_lto_12mo",7,6
"2024-10-27","Yemen","(not set)",7,1
"2024-10-27","Brazil","com.psafe.msuite.ultra_12mo_59.90",5,4
"2024-10-27","United States","(not set)",2,2
"2024-10-27","Puerto Rico","(not set)",1,1
"2024-10-28","Brazil","(not set)",57,29
"2024-10-28","Brazil","com.psafe.msuite.ultra_12mo_59.90",48,9
"2024-10-28","Brazil","com.psafe.msuite.pro_lto_12mo_39.90",25,16
"2024-10-28","Brazil","com.psafe.msuite.adsfree_lto_12mo",14,13
"2024-10-28","United States","(not set)",12,3
"2024-10-28","Bangladesh","(not set)",10,1
"2024-10-28","Brazil","com.psafe.msuite.ads_free_12mo_13.90",8,6
"2024-10-28","Bangladesh","com.psafe.msuite.ultra_12mo_59.90",7,1
"2024-10-28","Egypt","com.psafe.msuite.ultra_12mo_59.90",7,1
"2024-10-28","United States","com.psafe.msuite.ultra_12mo_59.90",3,1
"2024-10-28","Ghana","(not set)",1,1
"2024-10-28","Indonesia","(not set)",1,1
"2024-10-28","Mexico","com.psafe.msuite.pro_lto_12mo_39.90",1,1
"2024-10-28","United States","com.psafe.msuite.adsfree_lto_12mo",1,1
"2024-10-28","United States","com.psafe.msuite.pro_1mo_3.90,com.psafe.msuite.pro_3day_trial_12mo49.9",1,1
"2024-10-29","Brazil","(not set)",44,28
"2024-10-29","Indonesia","(not set)",24,2
"2024-10-29","Brazil","com.psafe.msuite.pro_lto_12mo_39.90",11,9
"2024-10-29","Brazil","com.psafe.msuite.ultra_12mo_59.90",10,3
"2024-10-29","Brazil","com.psafe.msuite.ads_free_12mo_13.90",9,6
"2024-10-29","Brazil","com.psafe.msuite.adsfree_lto_12mo",7,7
"2024-10-29","United States","(not set)",6,4
"2024-10-29","France","com.psafe.msuite.pro_12mo_49.90",4,1
"2024-10-29","Mexico","(not set)",4,2
"2024-10-29","Egypt","(not set)",2,1
"2024-10-29","United States","com.psafe.msuite.pro_12mo_49.90,com.psafe.msuite.ultra_12mo_59.90",2,1
"2024-10-29","Brazil","com.psafe.msuite.pro_12mo_49.90",1,1
"2024-10-29","Colombia","(not set)",1,1
"2024-10-29","Peru","(not set)",1,1
"2024-10-29","United States","com.psafe.msuite.pro_lto_12mo_39.90",1,1
"2024-10-30","Brazil","(not set)",97,40
"2024-10-30","Brazil","com.psafe.msuite.ultra_12mo_59.90",38,12
"2024-10-30","Brazil","com.psafe.msuite.ads_free_12mo_13.90",18,11
"2024-10-30","Brazil","com.psafe.msuite.adsfree_lto_12mo",13,13
"2024-10-30","Brazil","com.psafe.msuite.pro_lto_12mo_39.90",13,12
"2024-10-30","Egypt","(not set)",11,1
"2024-10-30","India","(not set)",7,1
"2024-10-30","United States","(not set)",7,5
"2024-10-30","United States","com.psafe.msuite.ultra_12mo_59.90",6,1
"2024-10-30","Colombia","(not set)",4,2
"2024-10-30","Bangladesh","(not set)",3,1
"2024-10-31","Brazil","(not set)",146,51
"2024-10-31","Brazil","com.psafe.msuite.ultra_12mo_59.90",45,9
"2024-10-31","Brazil","com.psafe.msuite.pro_lto_12mo_39.90",17,6
"2024-10-31","Iran","(not set)",13,1
"2024-10-31","United States","(not set)",8,6
"2024-10-31","Brazil","com.psafe.msuite.ads_free_12mo_13.90",7,5
"2024-10-31","Brazil","com.psafe.msuite.adsfree_lto_12mo",7,6
"2024-10-31","United States","com.psafe.msuite.ads_free_12mo_13.90",3,2
"2024-10-31","United States","com.psafe.msuite.ultra_12mo_59.90",3,1
"2024-10-31","Ecuador","com.psafe.msuite.ultra_12mo_59.90",2,1
"2024-10-31","Egypt","com.psafe.msuite.ultra_12mo_59.90",2,1
"2024-10-31","Canada","com.psafe.msuite.adsfree_lto_12mo",1,1
"2024-10-31","Iran","com.psafe.msuite.adsfree_lto_12mo",1,1
"2024-10-31","Iran","com.psafe.msuite.pro_lto_12mo_39.90",1,1
"2024-10-31","Netherlands","(not set)",1,1
"2024-10-31","Puerto Rico","com.psafe.msuite.pro_lto_12mo_39.90",1,1
"2024-10-31","United States","com.psafe.msuite.adsfree_lto_12mo",1,1
"2024-11-01","Brazil","(not set)",111,44
"2024-11-01","Brazil","com.psafe.msuite.ultra_12mo_59.90",49,12
"2024-11-01","Egypt","(not set)",16,1
"2024-11-01","Brazil","com.psafe.msuite.ads_free_12mo_13.90",11,6
"2024-11-01","United States","com.psafe.msuite.ultra_12mo_59.90",10,1
"2024-11-01","Brazil","com.psafe.msuite.adsfree_lto_12mo",9,8
"2024-11-01","Iran","(not set)",8,1
"2024-11-01","United States","(not set)",5,4
"2024-11-01","Brazil","com.psafe.msuite.pro_lto_12mo_39.90",4,4
"2024-11-01","Mozambique","(not set)",2,1
"2024-11-01","Pakistan","(not set)",2,1
"2024-11-01","United States","com.psafe.msuite.pro_lto_12mo_39.90",2,2
"2024-11-01","Mexico","com.psafe.msuite.pro_lto_12mo_39.90",1,1
"2024-11-01","United States","com.psafe.msuite.ads_free_12mo_13.90",1,1
"2024-11-02","Brazil","(not set)",174,65
"2024-11-02","Brazil","com.psafe.msuite.ultra_12mo_59.90",61,16
"2024-11-02","Brazil","com.psafe.msuite.ads_free_12mo_13.90",18,13
"2024-11-02","United States","(not set)",17,5
"2024-11-02","Egypt","com.psafe.msuite.ultra_12mo_59.90",10,1
"2024-11-02","Bangladesh","(not set)",8,1
"2024-11-02","United States","com.psafe.msuite.ultra_12mo_59.90",8,2
"2024-11-02","Brazil","com.psafe.msuite.adsfree_lto_12mo",7,7
"2024-11-02","Egypt","(not set)",7,1
"2024-11-02","Brazil","com.psafe.msuite.pro_lto_12mo_39.90",6,6
"2024-11-02","Brazil","com.psafe.msuite.ads_free_12mo_13.90,com.psafe.msuite.pro_1mo_3.90,com.psafe.msuite.pro_3day_trial_12mo49.9,com.psafe.msuite.ultra_1mo_16.90,com.psafe.msuite.ultra_12mo_59.90",2,1
"2024-11-02","Saudi Arabia","(not set)",2,1
"2024-11-02","United Kingdom","(not set)",2,2
"2024-11-02","Angola","(not set)",1,1
"2024-11-02","Jordan","(not set)",1,1
"2024-11-02","United States","com.psafe.msuite.adsfree_lto_12mo",1,1
"2024-11-03","Brazil","(not set)",225,59
"2024-11-03","Brazil","com.psafe.msuite.ultra_12mo_59.90",19,6
"2024-11-03","United States","(not set)",19,7
"2024-11-03","Brazil","com.psafe.msuite.ads_free_12mo_13.90",13,9
"2024-11-03","Brazil","com.psafe.msuite.adsfree_lto_12mo",13,13
"2024-11-03","Brazil","com.psafe.msuite.pro_lto_12mo_39.90",11,10
"2024-11-03","India","(not set)",7,2
"2024-11-03","United States","com.psafe.msuite.ultra_12mo_59.90",5,2
"2024-11-03","Iran","(not set)",2,1
"2024-11-03","United States","com.psafe.msuite.ads_free_12mo_13.90",2,2
"2024-11-03","Brazil","com.psafe.msuite.pro_3day_trial_12mo49.9",1,1
"2024-11-03","France","com.psafe.msuite.pro_lto_12mo_39.90",1,1
"2024-11-03","Mexico","com.psafe.msuite.ads_free_12mo_13.90",1,1
"2024-11-03","Myanmar (Burma)","com.psafe.msuite.pro_lto_12mo_39.90",1,1
"2024-11-03","Pakistan","(not set)",1,1
"2024-11-03","United States","com.psafe.msuite.pro_1mo_3.90,com.psafe.msuite.pro_3day_trial_12mo49.9",1,1
"2024-11-04","Brazil","(not set)",126,53
"2024-11-04","United States","(not set)",35,5
"2024-11-04","Brazil","com.psafe.msuite.ultra_12mo_59.90",30,9
"2024-11-04","Brazil","com.psafe.msuite.pro_lto_12mo_39.90",22,8
"2024-11-04","Brazil","com.psafe.msuite.ads_free_12mo_13.90",12,11
"2024-11-04","Mozambique","(not set)",12,1
"2024-11-04","India","(not set)",8,1
"2024-11-04","India","com.psafe.msuite.ultra_12mo_59.90",8,1
"2024-11-04","Mozambique","com.psafe.msuite.ultra_12mo_59.90",4,1
"2024-11-04","Brazil","com.psafe.msuite.adsfree_lto_12mo",3,3
"2024-11-04","Egypt","(not set)",3,1
"2024-11-04","United Kingdom","(not set)",2,1
"2024-11-04","Argentina","(not set)",1,1
"2024-11-04","Egypt","com.psafe.msuite.pro_lto_12mo_39.90",1,1
"2024-11-04","United States","com.psafe.msuite.ultra_12mo_59.90",1,1
"2024-11-05","Brazil","(not set)",148,55
"2024-11-05","Brazil","com.psafe.msuite.ultra_12mo_59.90",72,7
"2024-11-05","United States","(not set)",27,6
"2024-11-05","Brazil","com.psafe.msuite.pro_lto_12mo_39.90",24,8
"2024-11-05","Brazil","com.psafe.msuite.ads_free_12mo_13.90",8,8
"2024-11-05","Brazil","com.psafe.msuite.adsfree_lto_12mo",8,7
"2024-11-05","United States","com.psafe.msuite.ultra_12mo_59.90",8,1
"2024-11-05","Mexico","(not set)",5,4
"2024-11-05","United States","com.psafe.msuite.ads_free_12mo_13.90",5,3
"2024-11-05","Pakistan","(not set)",2,1
"2024-11-05","Uzbekistan","(not set)",2,1
"2024-11-05","Brazil","com.psafe.msuite.pro_1mo_3.90,com.psafe.msuite.pro_3day_trial_12mo49.9",1,1
"2024-11-05","Puerto Rico","(not set)",1,1
"2024-11-05","United States","com.psafe.msuite.adsfree_lto_12mo",1,1
"2024-11-06","Brazil","(not set)",121,51
"2024-11-06","Brazil","com.psafe.msuite.ultra_12mo_59.90",55,8
"2024-11-06","Brazil","com.psafe.msuite.pro_lto_12mo_39.90",28,14
"2024-11-06","Algeria","com.psafe.msuite.ultra_12mo_59.90",24,1
"2024-11-06","United States","(not set)",24,8
"2024-11-06","Algeria","(not set)",15,1
"2024-11-06","India","(not set)",15,1
"2024-11-06","United States","com.psafe.msuite.pro_lto_12mo_39.90",14,2
"2024-11-06","Brazil","com.psafe.msuite.adsfree_lto_12mo",13,13
"2024-11-06","Brazil","com.psafe.msuite.ads_free_12mo_13.90",11,7
"2024-11-06","Philippines","(not set)",8,1
"2024-11-06","Philippines","com.psafe.msuite.ultra_12mo_59.90",7,1
"2024-11-06","United States","com.psafe.msuite.ads_free_12mo_13.90",4,3
"2024-11-06","India","com.psafe.msuite.ultra_12mo_59.90",2,1
"2024-11-06","Paraguay","com.psafe.msuite.ads_free_12mo_13.90",2,1
"2024-11-06","United States","com.psafe.msuite.pro_12mo_49.90",2,1
"2024-11-06","Mozambique","com.psafe.msuite.pro_1mo_3.90,com.psafe.msuite.pro_3day_trial_12mo49.9",1,1
"2024-11-06","Türkiye","(not set)",1,1
"2024-11-06","United States","com.psafe.msuite.adsfree_lto_12mo",1,1
"2024-11-06","United States","com.psafe.msuite.ultra_12mo_59.90",1,1
"2024-11-07","Brazil","(not set)",129,47
"2024-11-07","Brazil","com.psafe.msuite.pro_lto_12mo_39.90",34,9
"2024-11-07","India","(not set)",20,1
"2024-11-07","Türkiye","(not set)",15,1
"2024-11-07","Brazil","com.psafe.msuite.ads_free_12mo_13.90",10,9
"2024-11-07","United States","(not set)",8,5
"2024-11-07","Brazil","com.psafe.msuite.adsfree_lto_12mo",4,4
"2024-11-07","Brazil","com.psafe.msuite.ultra_12mo_59.90",4,3
"2024-11-07","Indonesia","(not set)",4,2
"2024-11-07","Nigeria","(not set)",4,2
"2024-11-07","United States","com.psafe.msuite.ads_free_12mo_13.90",1,1
"2024-11-08","Brazil","(not set)",133,48
"2024-11-08","Brazil","com.psafe.msuite.pro_lto_12mo_39.90",33,12
"2024-11-08","India","(not set)",13,2
"2024-11-08","United States","com.psafe.msuite.ultra_12mo_59.90",9,1
"2024-11-08","Brazil","com.psafe.msuite.adsfree_lto_12mo",7,7
"2024-11-08","Brazil","com.psafe.msuite.ultra_12mo_59.90",7,4
"2024-11-08","Brazil","com.psafe.msuite.ads_free_12mo_13.90",5,3
"2024-11-08","Brazil","com.psafe.msuite.pro_3day_trial_12mo49.9",4,2
"2024-11-08","Nigeria","com.psafe.msuite.ultra_12mo_59.90",4,1
"2024-11-08","United States","(not set)",3,2
"2024-11-08","Mexico","(not set)",2,1
"2024-11-08","Myanmar (Burma)","(not set)",1,1
"2024-11-08","Nigeria","(not set)",1,1
"2024-11-08","Nigeria","com.psafe.msuite.ads_free_12mo_13.90",1,1
"2024-11-08","United Kingdom","(not set)",1,1
"2024-11-08","United Kingdom","com.psafe.msuite.pro_lto_12mo_39.90",1,1
"2024-11-09","Brazil","(not set)",113,48
"2024-11-09","Brazil","com.psafe.msuite.pro_lto_12mo_39.90",44,10
"2024-11-09","Bangladesh","(not set)",26,2
"2024-11-09","Brazil","com.psafe.msuite.ultra_12mo_59.90",14,8
"2024-11-09","United States","(not set)",13,6
"2024-11-09","Brazil","com.psafe.msuite.ads_free_12mo_13.90",12,10
"2024-11-09","Egypt","(not set)",8,1
"2024-11-09","Iran","(not set)",7,1
"2024-11-09","Brazil","com.psafe.msuite.adsfree_lto_12mo",6,6
"2024-11-09","India","(not set)",6,1
"2024-11-09","United States","com.psafe.msuite.adsfree_lto_12mo",4,2
"2024-11-09","Puerto Rico","com.psafe.msuite.ultra_12mo_59.90",2,1
"2024-11-09","Netherlands","com.psafe.msuite.ads_free_12mo_13.90",1,1
"2024-11-09","United States","com.psafe.msuite.ultra_12mo_59.90",1,1
"2024-11-10","Brazil","(not set)",125,37
"2024-11-10","India","(not set)",35,1
"2024-11-10","Brazil","com.psafe.msuite.ultra_12mo_59.90",27,11
"2024-11-10","Brazil","com.psafe.msuite.pro_lto_12mo_39.90",26,6
"2024-11-10","Brazil","com.psafe.msuite.ads_free_12mo_13.90",13,8
"2024-11-10","United States","com.psafe.msuite.ultra_12mo_59.90",6,1
"2024-11-10","Brazil","com.psafe.msuite.adsfree_lto_12mo",5,5
"2024-11-10","United States","(not set)",5,2
"2024-11-10","Angola","(not set)",3,1
"2024-11-10","France","com.psafe.msuite.ultra_12mo_59.90",2,1
"2024-11-10","Brazil","com.psafe.msuite.pro_1mo_3.90,com.psafe.msuite.pro_3day_trial_12mo49.9",1,1
"2024-11-10","France","com.psafe.msuite.ads_free_12mo_13.90",1,1
"2024-11-10","France","com.psafe.msuite.ads_free_12mo_13.90,com.psafe.msuite.pro_1mo_3.90,com.psafe.msuite.pro_3day_trial_12mo49.9,com.psafe.msuite.ultra_1mo_16.90,com.psafe.msuite.ultra_12mo_59.90",1,1
"2024-11-10","United States","com.psafe.msuite.ads_free_12mo_13.90",1,1
"2024-11-10","United States","com.psafe.msuite.adsfree_lto_12mo",1,1
"2024-11-10","United States","com.psafe.msuite.pro_lto_12mo_39.90",1,1
"2024-11-11","Brazil","(not set)",133,39
"2024-11-11","Brazil","com.psafe.msuite.ultra_12mo_59.90",46,10
"2024-11-11","United States","(not set)",18,2
"2024-11-11","Brazil","com.psafe.msuite.pro_lto_12mo_39.90",16,10
"2024-11-11","United States","com.psafe.msuite.ultra_12mo_59.90",14,2
"2024-11-11","Brazil","com.psafe.msuite.ads_free_12mo_13.90",10,7
"2024-11-11","Brazil","com.psafe.msuite.adsfree_lto_12mo",7,7
"2024-11-11","Egypt","(not set)",5,1
"2024-11-11","Egypt","com.psafe.msuite.ultra_12mo_59.90",5,1
"2024-11-11","India","(not set)",5,1
"2024-11-11","Syria","com.psafe.msuite.pro_trial_12mo",2,1
"2024-11-11","Brazil","com.psafe.msuite.pro_1mo_3.90,com.psafe.msuite.pro_3day_trial_12mo49.9",1,1
"2024-11-11","El Salvador","com.psafe.msuite.pro_lto_12mo_39.90",1,1
"2024-11-11","Iran","(not set)",1,1
"2024-11-11","Mexico","com.psafe.msuite.pro_lto_12mo_39.90",1,1
"2024-11-11","Netherlands","(not set)",1,1
"2024-11-12","Brazil","(not set)",314,55
"2024-11-12","United States","(not set)",27,7
"2024-11-12","Brazil","com.psafe.msuite.ultra_12mo_59.90",23,5
"2024-11-12","Brazil","com.psafe.msuite.ads_free_12mo_13.90",12,8
"2024-11-12","India","(not set)",12,1
"2024-11-12","Brazil","com.psafe.msuite.adsfree_lto_12mo",11,11
"2024-11-12","Brazil","com.psafe.msuite.pro_lto_12mo_39.90",11,9
"2024-11-12","Algeria","com.psafe.msuite.ads_free_12mo_13.90",2,1
"2024-11-12","Guatemala","(not set)",2,1
"2024-11-12","United States","com.psafe.msuite.ads_free_12mo_13.90",2,1
"2024-11-12","Brazil","com.psafe.msuite.pro_3day_trial_12mo49.9",1,1
"2024-11-12","Malaysia","com.psafe.msuite.adsfree_lto_12mo",1,1
"2024-11-12","Mexico","(not set)",1,1
"2024-11-12","Myanmar (Burma)","com.psafe.msuite.adsfree_lto_12mo",1,1
"2024-11-12","United States","com.psafe.msuite.pro_lto_12mo_39.90",1,1
"2024-11-13","Brazil","(not set)",86,35
"2024-11-13","Brazil","com.psafe.msuite.ultra_12mo_59.90",43,17
"2024-11-13","Brazil","com.psafe.msuite.adsfree_lto_12mo",18,9
"2024-11-13","Brazil","com.psafe.msuite.pro_lto_12mo_39.90",17,11
"2024-11-13","Egypt","(not set)",15,1
"2024-11-13","Brazil","com.psafe.msuite.ads_free_12mo_13.90",13,8
"2024-11-13","United States","(not set)",11,4
"2024-11-13","India","(not set)",7,1
"2024-11-13","Mexico","(not set)",2,1
"2024-11-13","United Kingdom","(not set)",1,1
"2024-11-13","United States","com.psafe.msuite.ads_free_12mo_13.90",1,1
"2024-11-13","United States","com.psafe.msuite.adsfree_lto_12mo",1,1
"2024-11-13","United States","com.psafe.msuite.pro_lto_12mo_39.90",1,1
"2024-11-13","United States","com.psafe.msuite.ultra_12mo_59.90",1,1
"2024-11-14","Brazil","(not set)",73,35
"2024-11-14","India","(not set)",24,1
"2024-11-14","Brazil","com.psafe.msuite.ultra_12mo_59.90",21,7
"2024-11-14","Brazil","com.psafe.msuite.pro_lto_12mo_39.90",13,9
"2024-11-14","Saudi Arabia","(not set)",9,1
"2024-11-14","Saudi Arabia","com.psafe.msuite.ultra_12mo_59.90",8,1
"2024-11-14","Brazil","com.psafe.msuite.adsfree_lto_12mo",6,6
"2024-11-14","Iran","(not set)",6,1
"2024-11-14","Brazil","com.psafe.msuite.ads_free_12mo_13.90",5,5
"2024-11-14","United States","(not set)",4,4
"2024-11-14","Nigeria","(not set)",3,1
"2024-11-14","Bangladesh","(not set)",2,1
"2024-11-14","United States","com.psafe.msuite.pro_lto_12mo_39.90",2,2
"2024-11-14","Iran","com.psafe.msuite.pro_lto_12mo_39.90",1,1
"2024-11-14","Nigeria","com.psafe.msuite.pro_lto_12mo_39.90",1,1
"2024-11-14","United States","0.0",1,1
"2024-11-14","United States","com.psafe.msuite.adsfree_lto_12mo",1,1
"2024-11-14","United States","com.psafe.msuite.ultra_12mo_59.90",1,1
"2024-11-15","Brazil","(not set)",137,54
"2024-11-15","Brazil","com.psafe.msuite.pro_lto_12mo_39.90",26,8
"2024-11-15","Brazil","com.psafe.msuite.ultra_12mo_59.90",26,9
"2024-11-15","United States","(not set)",25,5
"2024-11-15","India","(not set)",17,1
"2024-11-15","Brazil","com.psafe.msuite.ads_free_12mo_13.90",14,9
"2024-11-15","Chile","(not set)",9,1
"2024-11-15","Bangladesh","(not set)",7,1
"2024-11-15","Brazil","com.psafe.msuite.adsfree_lto_12mo",7,7
"2024-11-15","United States","com.psafe.msuite.ultra_12mo_59.90",6,1
"2024-11-15","Iran","(not set)",2,1
"2024-11-15","United States","com.psafe.msuite.ultra_1mo_16.90,com.psafe.msuite.ultra_12mo_59.90",2,1
"2024-11-15","Mexico","(not set)",1,1
"2024-11-15","Mexico","com.psafe.msuite.pro_lto_12mo_39.90",1,1
"2024-11-15","United States","com.psafe.msuite.ads_free_12mo_13.90",1,1
"2024-11-16","Brazil","(not set)",162,46
"2024-11-16","Brazil","com.psafe.msuite.ultra_12mo_59.90",67,11
"2024-11-16","Brazil","com.psafe.msuite.pro_lto_12mo_39.90",26,22
"2024-11-16","United States","com.psafe.msuite.ultra_12mo_59.90",22,4
"2024-11-16","Indonesia","(not set)",16,1
"2024-11-16","India","(not set)",13,1
"2024-11-16","United States","(not set)",13,3
"2024-11-16","Brazil","com.psafe.msuite.ads_free_12mo_13.90",11,9
"2024-11-16","Iran","(not set)",10,2
"2024-11-16","Oman","(not set)",10,1
"2024-11-16","Brazil","com.psafe.msuite.adsfree_lto_12mo",7,6
"2024-11-16","Brazil","com.psafe.msuite.pro_3day_trial_12mo49.9",5,3
"2024-11-16","United States","com.psafe.msuite.pro_lto_12mo_39.90",3,3
"2024-11-16","Iran","com.psafe.msuite.pro_3day_trial_12mo49.9",2,1
"2024-11-16","Mexico","(not set)",2,2
"2024-11-16","Philippines","(not set)",2,1
"2024-11-16","Chile","(not set)",1,1
"2024-11-16","Egypt","com.psafe.msuite.adsfree_lto_12mo",1,1
"2024-11-16","Iran","com.psafe.msuite.pro_lto_12mo_39.90",1,1
"2024-11-17","Brazil","(not set)",86,39
"2024-11-17","Brazil","com.psafe.msuite.pro_lto_12mo_39.90",53,25
"2024-11-17","India","(not set)",17,2
"2024-11-17","Brazil","com.psafe.msuite.ultra_12mo_59.90",12,5
"2024-11-17","United States","(not set)",10,4
"2024-11-17","Iran","(not set)",8,1
"2024-11-17","Brazil","com.psafe.msuite.adsfree_lto_12mo",7,7
"2024-11-17","United States","com.psafe.msuite.ultra_12mo_59.90",7,2
"2024-11-17","Brazil","com.psafe.msuite.ads_free_12mo_13.90",4,3
"2024-11-17","United States","com.psafe.msuite.pro_lto_12mo_39.90",3,3
"2024-11-17","India","com.psafe.msuite.ultra_12mo_59.90",2,1
"2024-11-17","Mexico","com.psafe.msuite.ads_free_12mo_13.90",1,1
"2024-11-18","Brazil","(not set)",168,49
"2024-11-18","Brazil","com.psafe.msuite.pro_lto_12mo_39.90",66,25
"2024-11-18","Brazil","com.psafe.msuite.ultra_12mo_59.90",27,9
"2024-11-18","Brazil","com.psafe.msuite.ads_free_12mo_13.90",6,5
"2024-11-18","Brazil","com.psafe.msuite.adsfree_lto_12mo",6,6
"2024-11-18","United States","com.psafe.msuite.ultra_12mo_59.90",4,2
"2024-11-18","United States","(not set)",3,2
"2024-11-18","Bangladesh","com.psafe.msuite.ultra_12mo_59.90",2,1
"2024-11-18","Brazil","com.psafe.msuite.pro_3day_trial_12mo49.9",2,1
"2024-11-18","Brazil","com.psafe.msuite.ultra_1mo_16.90,com.psafe.msuite.ultra_12mo_59.90",2,1
"2024-11-18","Nigeria","(not set)",2,1
"2024-11-18","United States","com.psafe.msuite.pro_lto_12mo_39.90",2,2
"2024-11-18","Mexico","(not set)",1,1
"2024-11-18","Mexico","com.psafe.msuite.pro_lto_12mo_39.90",1,1
"2024-11-18","United States","com.psafe.msuite.ads_free_12mo_13.90",1,1
"2024-11-18","United States","com.psafe.msuite.adsfree_lto_12mo",1,1
"2024-11-19","Brazil","(not set)",81,44
"2024-11-19","Brazil","com.psafe.msuite.pro_lto_12mo_39.90",30,29
"2024-11-19","India","(not set)",23,1
"2024-11-19","Iran","(not set)",19,1
"2024-11-19","Brazil","com.psafe.msuite.ultra_12mo_59.90",17,7
"2024-11-19","Brazil","com.psafe.msuite.adsfree_lto_12mo",14,13
"2024-11-19","United States","(not set)",10,2
"2024-11-19","Brazil","com.psafe.msuite.ads_free_12mo_13.90",9,7
"2024-11-19","Brazil","com.psafe.msuite.ads_free_12mo",2,1
"2024-11-19","Mexico","(not set)",2,1
"2024-11-19","United States","com.psafe.msuite.ultra_12mo_59.90",2,1
"2024-11-19","Argentina","com.psafe.msuite.pro_lto_12mo_39.90",1,1
"2024-11-19","Colombia","(not set)",1,1
"2024-11-19","Guatemala","com.psafe.msuite.pro_lto_12mo_39.90",1,1
"2024-11-19","India","com.psafe.msuite.adsfree_lto_12mo",1,1
"2024-11-19","United States","com.psafe.msuite.pro_lto_12mo_39.90",1,1
"2024-11-20","Brazil","(not set)",128,46
"2024-11-20","Brazil","com.psafe.msuite.pro_lto_12mo_39.90",51,39
"2024-11-20","India","(not set)",25,1
"2024-11-20","Brazil","com.psafe.msuite.ultra_12mo_59.90",20,10
"2024-11-20","Brazil","com.psafe.msuite.adsfree_lto_12mo",17,17
"2024-11-20","Indonesia","com.psafe.msuite.ultra_12mo_59.90",8,1
"2024-11-20","Indonesia","(not set)",7,1
"2024-11-20","Venezuela","(not set)",7,1
"2024-11-20","United States","(not set)",6,3
"2024-11-20","Brazil","com.psafe.msuite.ads_free_12mo_13.90",4,4
"2024-11-20","Bangladesh","(not set)",2,1
"2024-11-20","Bangladesh","com.psafe.msuite.ultra_12mo_59.90",2,1
"2024-11-20","Mexico","com.psafe.msuite.ads_free_12mo_13.90",1,1
"2024-11-20","Mexico","com.psafe.msuite.pro_lto_12mo_39.90",1,1
"2024-11-20","United States","com.psafe.msuite.adsfree_lto_12mo",1,1
"2024-11-21","Brazil","(not set)",119,43
"2024-11-21","Brazil","com.psafe.msuite.ultra_12mo_59.90",72,12
"2024-11-21","Brazil","com.psafe.msuite.pro_lto_12mo_39.90",20,18
"2024-11-21","India","(not set)",19,2
"2024-11-21","Brazil","com.psafe.msuite.ads_free_12mo_13.90",9,7
"2024-11-21","United States","(not set)",9,6
"2024-11-21","Brazil","com.psafe.msuite.adsfree_lto_12mo",6,6
"2024-11-21","United States","com.psafe.msuite.ultra_12mo_59.90",6,1
"2024-11-21","United States","com.psafe.msuite.pro_lto_12mo_39.90",3,3
"2024-11-21","Argentina","(not set)",2,1
"2024-11-21","United States","com.psafe.msuite.adsfree_lto_12mo",2,2
"2024-11-21","Angola","(not set)",1,1
"2024-11-21","Argentina","com.psafe.msuite.pro_lto_12mo_39.90",1,1
"2024-11-21","Luxembourg","(not set)",1,1
"2024-11-21","United States","com.psafe.msuite.pro_3day_trial_12mo49.9",1,1
"2024-11-22","Brazil","(not set)",137,46
"2024-11-22","Brazil","com.psafe.msuite.pro_lto_12mo_39.90",100,24
"2024-11-22","United States","(not set)",23,6
"2024-11-22","Brazil","com.psafe.msuite.ultra_12mo_59.90",16,7
"2024-11-22","Malaysia","(not set)",16,2
"2024-11-22","Brazil","com.psafe.msuite.adsfree_lto_12mo",8,8
"2024-11-22","India","(not set)",8,2
"2024-11-22","Indonesia","(not set)",8,2
"2024-11-22","United States","com.psafe.msuite.ultra_12mo_59.90",6,1
"2024-11-22","Brazil","com.psafe.msuite.ads_free_12mo_13.90",4,3
"2024-11-22","India","com.psafe.msuite.ads_free_12mo_13.90",2,1
"2024-11-22","United States","com.psafe.msuite.pro_lto_12mo_39.90",2,1
"2024-11-22","Argentina","(not set)",1,1
"2024-11-22","Hungary","com.psafe.msuite.ads_free_12mo_13.90",1,1
"2024-11-22","Indonesia","com.psafe.msuite.adsfree_lto_12mo",1,1
"2024-11-22","Pakistan","(not set)",1,1
"2024-11-22","Pakistan","com.psafe.msuite.pro_1mo_3.90,com.psafe.msuite.pro_3day_trial_12mo49.9",1,1
"2024-11-23","Brazil","com.psafe.msuite.pro_lto_12mo_39.90",437,37
"2024-11-23","Brazil","(not set)",145,55
"2024-11-23","Brazil","com.psafe.msuite.ultra_12mo_59.90",37,7
"2024-11-23","India","(not set)",21,1
"2024-11-23","United States","(not set)",8,5
"2024-11-23","Brazil","com.psafe.msuite.ads_free_12mo_13.90",7,7
"2024-11-23","Brazil","com.psafe.msuite.adsfree_lto_12mo",7,7
"2024-11-23","Germany","com.psafe.msuite.ultra_12mo_59.90",7,1
"2024-11-23","Germany","(not set)",6,1
"2024-11-23","United States","com.psafe.msuite.pro_lto_12mo_39.90",4,4
"2024-11-23","United States","com.psafe.msuite.ultra_12mo_59.90",4,1
"2024-11-23","Ghana","(not set)",2,1
"2024-11-23","Iran","(not set)",2,1
"2024-11-23","Brazil","com.psafe.msuite.pro_1mo_3.90,com.psafe.msuite.pro_3day_trial_12mo49.9",1,1
"2024-11-23","Guatemala","(not set)",1,1
"2024-11-23","Philippines","com.psafe.msuite.pro_lto_12mo_39.90",1,1
"2024-11-24","Brazil","(not set)",210,61
"2024-11-24","Brazil","com.psafe.msuite.ultra_12mo_59.90",46,12
"2024-11-24","Brazil","com.psafe.msuite.pro_lto_12mo_39.90",24,23
"2024-11-24","India","(not set)",21,1
"2024-11-24","Brazil","com.psafe.msuite.adsfree_lto_12mo",10,9
"2024-11-24","United States","(not set)",10,4
"2024-11-24","United States","com.psafe.msuite.pro_lto_12mo_39.90",9,3
"2024-11-24","United States","com.psafe.msuite.ultra_12mo_59.90",9,3
"2024-11-24","Brazil","com.psafe.msuite.ads_free_12mo_13.90",7,6
"2024-11-24","India","0.0",7,1
"2024-11-24","Uzbekistan","(not set)",6,1
"2024-11-24","Brazil","com.psafe.msuite.ads_free_12mo",1,1
"2024-11-24","Pakistan","(not set)",1,1
"2024-11-25","Brazil","(not set)",155,53
"2024-11-25","Brazil","com.psafe.msuite.ultra_12mo_59.90",66,9
"2024-11-25","Brazil","com.psafe.msuite.pro_lto_12mo_39.90",41,26
"2024-11-25","Brazil","com.psafe.msuite.pro_12mo_49.90,com.psafe.msuite.ultra_12mo_59.90",7,1
"2024-11-25","India","(not set)",7,1
"2024-11-25","Brazil","com.psafe.msuite.ads_free_12mo_13.90",6,6
"2024-11-25","Brazil","com.psafe.msuite.adsfree_lto_12mo",6,6
"2024-11-25","Indonesia","(not set)",6,1
"2024-11-25","Saudi Arabia","com.psafe.msuite.ultra_12mo_59.90",6,1
"2024-11-25","United States","(not set)",6,4
"2024-11-25","Iran","(not set)",3,1
"2024-11-25","Pakistan","(not set)",3,1
"2024-11-25","United Arab Emirates","(not set)",3,1
"2024-11-25","Iran","com.psafe.msuite.pro_lto_12mo_39.90",2,1
"2024-11-25","Paraguay","(not set)",2,1
"2024-11-25","United Kingdom","com.psafe.msuite.ultra_1mo_16.90,com.psafe.msuite.ultra_12mo_59.90",1,1
"2024-11-25","United States","com.psafe.msuite.ads_free_12mo_13.90",1,1
"2024-11-25","United States","com.psafe.msuite.pro_lto_12mo_39.90",1,1
"2024-11-26","Brazil","(not set)",122,53
"2024-11-26","United States","(not set)",41,1
"2024-11-26","Brazil","com.psafe.msuite.pro_lto_12mo_39.90",33,30
"2024-11-26","Brazil","com.psafe.msuite.adsfree_lto_12mo",26,14
"2024-11-26","India","(not set)",26,1
"2024-11-26","Iran","(not set)",19,1
"2024-11-26","Brazil","com.psafe.msuite.ultra_12mo_59.90",16,12
"2024-11-26","Brazil","com.psafe.msuite.ads_free_12mo_13.90",10,8
"2024-11-26","Morocco","com.psafe.msuite.ultra_12mo_59.90",7,2
"2024-11-26","Syria","(not set)",7,1
"2024-11-26","United States","com.psafe.msuite.ultra_12mo_59.90",6,1
"2024-11-26","Ethiopia","(not set)",2,1
"2024-11-26","Morocco","(not set)",2,1
"2024-11-26","Brazil","com.psafe.msuite.pro_3day_trial_12mo49.9",1,1
"2024-11-26","Brazil","com.psafe.msuite.ultra_12mo",1,1
"2024-11-26","Portugal","com.psafe.msuite.pro_lto_12mo_39.90",1,1
"2024-11-26","United States","com.psafe.msuite.ads_free_12mo_13.90",1,1
"2024-11-27","Brazil","(not set)",132,52
"2024-11-27","Brazil","com.psafe.msuite.pro_lto_12mo_39.90",39,29
"2024-11-27","Brazil","com.psafe.msuite.ultra_12mo_59.90",38,8
"2024-11-27","India","(not set)",18,2
"2024-11-27","Brazil","com.psafe.msuite.adsfree_lto_12mo",12,12
"2024-11-27","Brazil","com.psafe.msuite.ads_free_12mo_13.90",10,8
"2024-11-27","United States","com.psafe.msuite.ultra_12mo_59.90",7,1
"2024-11-27","United States","(not set)",6,5
"2024-11-27","Argentina","(not set)",2,1
"2024-11-27","Colombia","(not set)",2,1
"2024-11-27","United States","com.psafe.msuite.pro_lto_12mo_39.90",2,2
"2024-11-27","Egypt","(not set)",1,1
"2024-11-28","Brazil","(not set)",169,48
"2024-11-28","United States","(not set)",36,9
"2024-11-28","Brazil","com.psafe.msuite.pro_lto_12mo_39.90",27,23
"2024-11-28","Brazil","com.psafe.msuite.ads_free_12mo_13.90",24,20
"2024-11-28","Mexico","(not set)",20,2
"2024-11-28","Brazil","com.psafe.msuite.ultra_12mo_59.90",16,8
"2024-11-28","Brazil","com.psafe.msuite.adsfree_lto_12mo",9,9
"2024-11-28","Brazil","com.psafe.msuite.ultra_12mo",8,1
"2024-11-28","Indonesia","(not set)",7,1
"2024-11-28","United States","com.psafe.msuite.pro_lto_12mo_39.90",3,2
"2024-11-28","United States","com.psafe.msuite.ultra_12mo_59.90",2,1
"2024-11-28","Brazil","com.psafe.msuite.ads_free_12mo_13.90,com.psafe.msuite.pro_1mo_3.90,com.psafe.msuite.pro_3day_trial_12mo49.9,com.psafe.msuite.ultra_1mo_16.90,com.psafe.msuite.ultra_12mo_59.90",1,1
"2024-11-28","Germany","com.psafe.msuite.pro_3day_trial_12mo49.9",1,1
"2024-11-28","United States","com.psafe.msuite.adsfree_lto_12mo",1,1
"2024-11-29","Brazil","(not set)",185,49
"2024-11-29","Brazil","com.psafe.msuite.pro_lto_12mo_39.90",62,41
"2024-11-29","Brazil","com.psafe.msuite.ultra_12mo_59.90",43,10
"2024-11-29","Brazil","com.psafe.msuite.ads_free_12mo_13.90",12,11
"2024-11-29","Egypt","(not set)",11,1
"2024-11-29","United States","com.psafe.msuite.ultra_12mo_59.90",9,3
"2024-11-29","United States","(not set)",7,4
"2024-11-29","Brazil","com.psafe.msuite.adsfree_lto_12mo",6,6
"2024-11-29","Bangladesh","(not set)",3,2
"2024-11-29","United States","com.psafe.msuite.ads_free_12mo_13.90",3,2
"2024-11-29","Brazil","com.psafe.msuite.ads_free_12mo_13.90,com.psafe.msuite.pro_1mo_3.90,com.psafe.msuite.pro_3day_trial_12mo49.9,com.psafe.msuite.ultra_1mo_16.90,com.psafe.msuite.ultra_12mo_59.90",2,1
"2024-11-29","United States","0.0",2,1
"2024-11-29","Mexico","com.psafe.msuite.pro_lto_12mo_39.90",1,1
"2024-11-30","Brazil","(not set)",125,51
"2024-11-30","Brazil","com.psafe.msuite.ultra_12mo_59.90",72,12
"2024-11-30","Brazil","com.psafe.msuite.pro_lto_12mo_39.90",32,31
"2024-11-30","United States","(not set)",22,3
"2024-11-30","Brazil","com.psafe.msuite.adsfree_lto_12mo",16,16
"2024-11-30","Brazil","com.psafe.msuite.ads_free_12mo_13.90",10,9
"2024-11-30","France","(not set)",8,1
"2024-11-30","United States","com.psafe.msuite.ultra_12mo_59.90",8,2
"2024-11-30","Brazil","com.psafe.msuite.pro_3day_trial_12mo49.9",4,2
"2024-11-30","Bangladesh","com.psafe.msuite.ultra_12mo_59.90",2,1
"2024-11-30","Hungary","(not set)",2,1
"2024-11-30","Mexico","com.psafe.msuite.pro_lto_12mo_39.90",2,1
"2024-11-30","Côte d’Ivoire","com.psafe.msuite.pro_1mo_3.90,com.psafe.msuite.pro_3day_trial_12mo49.9",1,1
"2024-11-30","France","com.psafe.msuite.adsfree_lto_12mo",1,1
"2024-11-30","Iran","com.psafe.msuite.pro_lto_12mo_39.90",1,1
"2024-11-30","Singapore","(not set)",1,1
"2024-11-30","United States","com.psafe.msuite.ads_free_12mo_13.90",1,1
"2024-11-30","United States","com.psafe.msuite.adsfree_lto_12mo",1,1
"2024-11-30","United States","com.psafe.msuite.pro_lto_12mo_39.90",1,1
"2024-12-01","Brazil","(not set)",133,63
"2024-12-01","Brazil","com.psafe.msuite.pro_lto_12mo_39.90",113,18
"2024-12-01","Brazil","com.psafe.msuite.ultra_12mo_59.90",54,13
"2024-12-01","United Arab Emirates","(not set)",25,1
"2024-12-01","Brazil","com.psafe.msuite.adsfree_lto_12mo",14,14
"2024-12-01","Brazil","com.psafe.msuite.ads_free_12mo_13.90",13,10
"2024-12-01","United States","com.psafe.msuite.ultra_12mo_59.90",12,1
"2024-12-01","United Arab Emirates","com.psafe.msuite.ultra_12mo_59.90",10,1
"2024-12-01","Morocco","(not set)",7,1
"2024-12-01","Argentina","(not set)",6,1
"2024-12-01","Indonesia","(not set)",2,1
"2024-12-01","United States","(not set)",2,1
"2024-12-01","United States","com.psafe.msuite.ads_free_12mo_13.90",2,2
"2024-12-01","Bangladesh","com.psafe.msuite.adsfree_lto_12mo",1,1
"2024-12-01","Brazil","0.0",1,1
"2024-12-01","Netherlands","com.psafe.msuite.pro_lto_12mo_39.90",1,1
"2024-12-01","United States","com.psafe.msuite.pro_lto_12mo_39.90",1,1
"2024-12-02","Brazil","(not set)",133,51
"2024-12-02","Brazil","com.psafe.msuite.pro_lto_12mo_39.90",39,35
"2024-12-02","Brazil","com.psafe.msuite.ultra_12mo_59.90",35,10
"2024-12-02","United States","(not set)",12,6
"2024-12-02","Brazil","com.psafe.msuite.ads_free_12mo_13.90",10,7
"2024-12-02","Brazil","com.psafe.msuite.adsfree_lto_12mo",5,5
"2024-12-02","United States","com.psafe.msuite.pro_lto_12mo_39.90",4,3
"2024-12-02","United States","com.psafe.msuite.adsfree_lto_12mo",2,2
"2024-12-02","Germany","com.psafe.msuite.ads_free_12mo_13.90",1,1
"2024-12-02","Guatemala","(not set)",1,1
"2024-12-02","Mozambique","com.psafe.msuite.pro_lto_12mo_39.90",1,1
"2024-12-02","United States","0.0",1,1
"2024-12-02","United States","com.psafe.msuite.ultra_12mo_59.90",1,1
"2024-12-03","Brazil","(not set)",129,58
"2024-12-03","Brazil","com.psafe.msuite.pro_lto_12mo_39.90",40,29
"2024-12-03","Brazil","com.psafe.msuite.ultra_12mo_59.90",40,13
"2024-12-03","Brazil","com.psafe.msuite.adsfree_lto_12mo",16,16
"2024-12-03","Brazil","com.psafe.msuite.ads_free_12mo_13.90",13,10
"2024-12-03","Mexico","(not set)",2,1
"2024-12-03","United States","(not set)",1,1
"2024-12-03","United States","com.psafe.msuite.ads_free_12mo_13.90",1,1
"2024-12-03","United States","com.psafe.msuite.adsfree_lto_12mo",1,1
"2024-12-03","United States","com.psafe.msuite.pro_1mo_3.90,com.psafe.msuite.pro_3day_trial_12mo49.9",1,1
"2024-12-03","United States","com.psafe.msuite.pro_lto_12mo_39.90",1,1
"2024-12-04","Brazil","(not set)",129,46
"2024-12-04","Brazil","com.psafe.msuite.pro_lto_12mo_39.90",41,24
"2024-12-04","Brazil","com.psafe.msuite.ultra_12mo_59.90",17,7
"2024-12-04","Brazil","com.psafe.msuite.adsfree_lto_12mo",10,10
"2024-12-04","Brazil","com.psafe.msuite.ads_free_12mo_13.90",9,6
"2024-12-04","United States","(not set)",5,4
"2024-12-04","Mexico","(not set)",4,1
"2024-12-04","United States","com.psafe.msuite.pro_lto_12mo_39.90",4,4
"2024-12-04","Brazil","com.psafe.msuite.pro_12mo_49.90,com.psafe.msuite.ultra_12mo_59.90",2,1
"2024-12-04","New Zealand","(not set)",2,1
"2024-12-04","Brazil","com.psafe.msuite.ads_free_12mo_13.90,com.psafe.msuite.pro_1mo_3.90,com.psafe.msuite.pro_3day_trial_12mo49.9,com.psafe.msuite.ultra_1mo_16.90,com.psafe.msuite.ultra_12mo_59.90",1,1
"2024-12-04","Colombia","(not set)",1,1
"2024-12-04","Ecuador","com.psafe.msuite.ads_free_12mo_13.90",1,1
"2024-12-04","Portugal","com.psafe.msuite.pro_lto_12mo_39.90",1,1
"2024-12-04","United Arab Emirates","com.psafe.msuite.pro_lto_12mo_39.90",1,1
"2024-12-04","United States","com.psafe.msuite.ads_free_12mo_13.90",1,1
"2024-12-04","United States","com.psafe.msuite.pro_1mo_3.90,com.psafe.msuite.pro_3day_trial_12mo49.9",1,1
"2024-12-04","United States","com.psafe.msuite.pro_3day_trial_12mo49.9",1,1
"2024-12-05","Brazil","(not set)",220,68
"2024-12-05","Brazil","com.psafe.msuite.pro_lto_12mo_39.90",29,20
"2024-12-05","Brazil","com.psafe.msuite.ultra_12mo_59.90",20,11
"2024-12-05","Brazil","com.psafe.msuite.adsfree_lto_12mo",15,14
"2024-12-05","United States","com.psafe.msuite.ultra_12mo_59.90",12,2
"2024-12-05","Algeria","(not set)",11,1
"2024-12-05","Brazil","com.psafe.msuite.ads_free_12mo_13.90",11,10
"2024-12-05","Egypt","(not set)",8,2
"2024-12-05","Egypt","com.psafe.msuite.ultra_12mo_59.90",8,1
"2024-12-05","United States","(not set)",4,1
"2024-12-05","United States","com.psafe.msuite.pro_lto_12mo_39.90",3,3
"2024-12-05","Bangladesh","(not set)",2,1
"2024-12-05","Brazil","com.psafe.msuite.pro_3day_trial_12mo49.9",2,1
"2024-12-05","Colombia","(not set)",2,1
"2024-12-05","Iran","(not set)",2,1
"2024-12-05","Cameroon","(not set)",1,1
"2024-12-05","Mexico","(not set)",1,1
"2024-12-05","United States","0.0",1,1
"2024-12-06","Brazil","(not set)",103,44
"2024-12-06","Brazil","com.psafe.msuite.ultra_12mo_59.90",40,5
"2024-12-06","Iran","(not set)",21,1
"2024-12-06","Brazil","com.psafe.msuite.pro_lto_12mo_39.90",13,12
"2024-12-06","Nigeria","(not set)",11,1
"2024-12-06","Iran","com.psafe.msuite.ultra_12mo_59.90",7,1
"2024-12-06","Bangladesh","(not set)",6,1
"2024-12-06","Brazil","com.psafe.msuite.ads_free_12mo_13.90",6,4
"2024-12-06","Brazil","com.psafe.msuite.adsfree_lto_12mo",6,6
"2024-12-06","Costa Rica","(not set)",2,1
"2024-12-06","Puerto Rico","(not set)",1,1
"2024-12-06","Saudi Arabia","com.psafe.msuite.ads_free_12mo_13.90",1,1
"2024-12-06","Saudi Arabia","com.psafe.msuite.ultra_12mo_59.90",1,1
"2024-12-06","United States","(not set)",1,1
"2024-12-06","United States","com.psafe.msuite.pro_lto_12mo_39.90",1,1
"2024-12-06","United States","com.psafe.msuite.ultra_12mo_59.90",1,1
"2024-12-07","Brazil","(not set)",131,51
"2024-12-07","Brazil","com.psafe.msuite.ultra_12mo_59.90",66,17
"2024-12-07","Brazil","com.psafe.msuite.pro_lto_12mo_39.90",19,14
"2024-12-07","Brazil","com.psafe.msuite.ads_free_12mo_13.90",10,9
"2024-12-07","United States","com.psafe.msuite.ultra_12mo_59.90",10,2
"2024-12-07","United States","(not set)",8,4
"2024-12-07","Brazil","com.psafe.msuite.adsfree_lto_12mo",7,7
"2024-12-07","India","(not set)",6,1
"2024-12-07","Saudi Arabia","(not set)",3,1
"2024-12-07","United Arab Emirates","(not set)",3,1
"2024-12-07","Brazil","com.psafe.msuite.pro_12mo_49.90,com.psafe.msuite.ultra_12mo_59.90",2,2
"2024-12-07","United Arab Emirates","com.psafe.msuite.ultra_12mo_59.90",2,1
"2024-12-07","United States","com.psafe.msuite.ads_free_12mo_13.90",2,2
"2024-12-07","India","com.psafe.msuite.ultra_12mo_59.90",1,1
"2024-12-07","Libya","com.psafe.msuite.ultra_12mo_59.90",1,1
"2024-12-07","Mexico","com.psafe.msuite.pro_lto_12mo_39.90",1,1
"2024-12-07","United States","com.psafe.msuite.adsfree_lto_12mo",1,1
"2024-12-07","United States","com.psafe.msuite.pro_lto_12mo_39.90",1,1
"2024-12-08","Brazil","(not set)",192,53
"2024-12-08","Brazil","com.psafe.msuite.ultra_12mo_59.90",65,12
"2024-12-08","Brazil","com.psafe.msuite.pro_lto_12mo_39.90",30,30
"2024-12-08","United States","(not set)",19,6
"2024-12-08","Brazil","com.psafe.msuite.ads_free_12mo_13.90",10,9
"2024-12-08","Egypt","(not set)",10,2
"2024-12-08","United States","com.psafe.msuite.ultra_12mo_59.90",10,3
"2024-12-08","Brazil","com.psafe.msuite.adsfree_lto_12mo",9,7
"2024-12-08","Egypt","com.psafe.msuite.ultra_12mo_59.90",7,1
"2024-12-08","Indonesia","(not set)",7,1
"2024-12-08","United States","com.psafe.msuite.pro_3day_trial_12mo49.9",6,1
"2024-12-08","Bangladesh","(not set)",2,1
"2024-12-08","Luxembourg","(not set)",2,1
"2024-12-08","Chile","(not set)",1,1
"2024-12-08","United States","com.psafe.msuite.pro_lto_12mo_39.90",1,1
"2024-12-09","Brazil","(not set)",140,57
"2024-12-09","Brazil","com.psafe.msuite.ultra_12mo_59.90",27,10
"2024-12-09","Brazil","com.psafe.msuite.pro_lto_12mo_39.90",20,18
"2024-12-09","Brazil","com.psafe.msuite.ads_free_12mo_13.90",18,12
"2024-12-09","United States","com.psafe.msuite.ultra_12mo_59.90",14,4
"2024-12-09","Brazil","com.psafe.msuite.adsfree_lto_12mo",11,11
"2024-12-09","United States","(not set)",4,3
"2024-12-09","United States","com.psafe.msuite.pro_lto_12mo_39.90",4,4
"2024-12-09","Morocco","(not set)",2,1
"2024-12-09","Morocco","com.psafe.msuite.ultra_12mo_59.90",2,1
"2024-12-09","Brazil","com.psafe.msuite.pro_3day_trial_12mo49.9",1,1
"2024-12-09","Mexico","(not set)",1,1
"2024-12-09","United States","com.psafe.msuite.ads_free_12mo_13.90",1,1
"2024-12-10","Brazil","(not set)",103,54
"2024-12-10","Brazil","com.psafe.msuite.ultra_12mo_59.90",44,16
"2024-12-10","Brazil","com.psafe.msuite.pro_lto_12mo_39.90",26,23
"2024-12-10","Brazil","com.psafe.msuite.ads_free_12mo_13.90",14,12
"2024-12-10","United States","(not set)",12,3
"2024-12-10","India","(not set)",9,1
"2024-12-10","Brazil","com.psafe.msuite.adsfree_lto_12mo",6,5
"2024-12-10","Iran","(not set)",6,1
"2024-12-10","India","com.psafe.msuite.ultra_12mo_59.90",3,1
"2024-12-10","Dominican Republic","com.psafe.msuite.pro_lto_12mo_39.90",1,1
"2024-12-10","Italy","com.psafe.msuite.pro_lto_12mo_39.90",1,1
"2024-12-10","Jamaica","com.psafe.msuite.pro_lto_12mo_39.90",1,1
"2024-12-10","United States","com.psafe.msuite.adsfree_lto_12mo",1,1
"2024-12-11","Brazil","(not set)",121,52
"2024-12-11","Brazil","com.psafe.msuite.ultra_12mo_59.90",40,8
"2024-12-11","Brazil","com.psafe.msuite.pro_lto_12mo_39.90",23,22
"2024-12-11","Brazil","com.psafe.msuite.ads_free_12mo_13.90",15,11
"2024-12-11","Brazil","com.psafe.msuite.adsfree_lto_12mo",7,7
"2024-12-11","United States","com.psafe.msuite.ultra_12mo_59.90",7,1
"2024-12-11","United States","(not set)",5,3
"2024-12-11","Cuba","(not set)",2,1
"2024-12-11","Brazil","com.psafe.msuite.pro_3day_trial_12mo49.9",1,1
"2024-12-11","Iran","(not set)",1,1
"2024-12-11","Iran","com.psafe.msuite.adsfree_lto_12mo",1,1
"2024-12-11","Iran","com.psafe.msuite.pro_lto_12mo_39.90",1,1
"2024-12-11","Pakistan","(not set)",1,1
"2024-12-12","Brazil","(not set)",120,55
"2024-12-12","Brazil","com.psafe.msuite.pro_lto_12mo_39.90",38,24
"2024-12-12","Brazil","com.psafe.msuite.ads_free_12mo_13.90",21,15
"2024-12-12","Iran","(not set)",18,1
"2024-12-12","Brazil","com.psafe.msuite.ultra_12mo_59.90",10,8
"2024-12-12","United States","(not set)",9,6
"2024-12-12","Brazil","com.psafe.msuite.adsfree_lto_12mo",8,8
"2024-12-12","United States","com.psafe.msuite.pro_3day_trial_12mo49.9",2,1
"2024-12-12","Algeria","com.psafe.msuite.ultra_12mo_59.90",1,1
"2024-12-12","Guatemala","(not set)",1,1
"2024-12-12","United States","com.psafe.msuite.adsfree_lto_12mo",1,1
"2024-12-13","Brazil","(not set)",106,60
"2024-12-13","Brazil","com.psafe.msuite.ultra_12mo_59.90",27,12
"2024-12-13","Brazil","com.psafe.msuite.ads_free_12mo_13.90",13,10
"2024-12-13","Brazil","com.psafe.msuite.pro_lto_12mo_39.90",8,8
"2024-12-13","United States","(not set)",8,6
"2024-12-13","United Kingdom","com.psafe.msuite.ultra_12mo_59.90",7,1
"2024-12-13","Argentina","com.psafe.msuite.ultra_12mo_59.90",6,1
"2024-12-13","United States","com.psafe.msuite.ultra_12mo_59.90",6,1
"2024-12-13","Brazil","com.psafe.msuite.adsfree_lto_12mo",5,5
"2024-12-13","United States","com.psafe.msuite.pro_lto_12mo_39.90",3,3
"2024-12-13","Mexico","(not set)",2,2
"2024-12-13","Saudi Arabia","(not set)",2,1
"2024-12-13","Netherlands","com.psafe.msuite.pro_lto_12mo_39.90",1,1
"2024-12-13","Philippines","(not set)",1,1
"2024-12-13","Philippines","com.psafe.msuite.pro_lto_12mo_39.90",1,1
"2024-12-13","Puerto Rico","com.psafe.msuite.ads_free_12mo_13.90",1,1
"2024-12-13","United States","com.psafe.msuite.pro_3day_trial_12mo49.9",1,1
"2024-12-14","Brazil","(not set)",201,52
"2024-12-14","Brazil","com.psafe.msuite.adsfree_lto_12mo",33,9
"2024-12-14","Brazil","com.psafe.msuite.ultra_12mo_59.90",25,11
"2024-12-14","Brazil","com.psafe.msuite.ads_free_12mo_13.90",23,16
"2024-12-14","Brazil","com.psafe.msuite.pro_lto_12mo_39.90",19,19
"2024-12-14","Egypt","(not set)",17,1
"2024-12-14","United States","(not set)",14,6
"2024-12-14","United States","com.psafe.msuite.ultra_12mo_59.90",14,3
"2024-12-14","Myanmar (Burma)","(not set)",6,1
"2024-12-14","Argentina","(not set)",2,1
"2024-12-14","United States","com.psafe.msuite.pro_lto_12mo_39.90",2,1
"2024-12-14","Mexico","com.psafe.msuite.adsfree_lto_12mo",1,1
"2024-12-14","United States","com.psafe.msuite.ads_free_12mo_13.90",1,1
"2024-12-15","Brazil","(not set)",141,56
"2024-12-15","Brazil","com.psafe.msuite.ultra_12mo_59.90",37,9
"2024-12-15","Brazil","com.psafe.msuite.ads_free_12mo_13.90",21,15
"2024-12-15","Brazil","com.psafe.msuite.pro_lto_12mo_39.90",21,16
"2024-12-15","Senegal","(not set)",14,1
"2024-12-15","Brazil","com.psafe.msuite.adsfree_lto_12mo",10,10
"2024-12-15","United States","com.psafe.msuite.ultra_12mo_59.90",9,1
"2024-12-15","Algeria","(not set)",7,1
"2024-12-15","Brazil","com.psafe.msuite.ultra_12mo",7,1
"2024-12-15","United States","com.psafe.msuite.ads_free_12mo_13.90",6,4
"2024-12-15","Mexico","(not set)",2,1
"2024-12-15","United States","(not set)",2,2
"2024-12-15","Argentina","com.psafe.msuite.adsfree_lto_12mo",1,1
"2024-12-15","Bolivia","com.psafe.msuite.pro_lto_12mo_39.90",1,1
"2024-12-15","Mexico","com.psafe.msuite.ads_free_12mo_13.90",1,1
"2024-12-15","Mexico","com.psafe.msuite.adsfree_lto_12mo",1,1
"2024-12-15","Mexico","com.psafe.msuite.pro_lto_12mo_39.90",1,1
"2024-12-15","United States","com.psafe.msuite.adsfree_lto_12mo",1,1
"2024-12-15","United States","com.psafe.msuite.pro_lto_12mo_39.90",1,1
"2024-12-16","Brazil","(not set)",92,44
"2024-12-16","Brazil","com.psafe.msuite.ultra_12mo_59.90",47,12
"2024-12-16","Brazil","com.psafe.msuite.pro_lto_12mo_39.90",23,14
"2024-12-16","United States","(not set)",22,4
"2024-12-16","Brazil","com.psafe.msuite.ads_free_12mo_13.90",15,11
"2024-12-16","Brazil","com.psafe.msuite.adsfree_lto_12mo",10,10
"2024-12-16","Egypt","(not set)",7,1
"2024-12-16","United States","com.psafe.msuite.ultra_12mo_59.90",7,2
"2024-12-16","Egypt","com.psafe.msuite.ultra_12mo_59.90",4,1
"2024-12-16","Mexico","com.psafe.msuite.ultra_12mo_59.90",2,1
"2024-12-16","Brazil","com.psafe.msuite.pro_1mo_3.90,com.psafe.msuite.pro_3day_trial_12mo49.9",1,1
"2024-12-16","Indonesia","com.psafe.msuite.pro_lto_12mo_39.90",1,1
"2024-12-16","Libya","(not set)",1,1
"2024-12-16","United States","com.psafe.msuite.adsfree_lto_12mo",1,1
"2024-12-16","United States","com.psafe.msuite.pro_1mo_3.90,com.psafe.msuite.pro_3day_trial_12mo49.9",1,1
"2024-12-16","United States","com.psafe.msuite.pro_lto_12mo_39.90",1,1
"2024-12-17","Brazil","(not set)",168,71
"2024-12-17","Brazil","com.psafe.msuite.ultra_12mo_59.90",36,8
"2024-12-17","Brazil","com.psafe.msuite.ads_free_12mo_13.90",30,19
"2024-12-17","Brazil","com.psafe.msuite.pro_lto_12mo_39.90",19,19
"2024-12-17","Brazil","com.psafe.msuite.adsfree_lto_12mo",14,14
"2024-12-17","United States","com.psafe.msuite.ultra_12mo_59.90",11,3
"2024-12-17","United States","(not set)",8,5
"2024-12-17","Iran","(not set)",2,1
"2024-12-17","United States","com.psafe.msuite.pro_lto_12mo_39.90",2,2
"2024-12-18","Brazil","(not set)",171,76
"2024-12-18","Brazil","com.psafe.msuite.ultra_12mo_59.90",43,11
"2024-12-18","Brazil","com.psafe.msuite.ads_free_12mo_13.90",32,19
"2024-12-18","Brazil","com.psafe.msuite.pro_lto_12mo_39.90",17,16
"2024-12-18","United States","(not set)",16,6
"2024-12-18","United States","com.psafe.msuite.ultra_12mo_59.90",13,2
"2024-12-18","South Africa","com.psafe.msuite.ultra_12mo_59.90",7,1
"2024-12-18","Algeria","(not set)",6,1
"2024-12-18","Brazil","com.psafe.msuite.adsfree_lto_12mo",5,5
"2024-12-18","Indonesia","(not set)",4,1
"2024-12-18","United States","com.psafe.msuite.ads_free_12mo_13.90",4,3
"2024-12-18","Puerto Rico","com.psafe.msuite.ultra_12mo_59.90",2,1
"2024-12-18","Brazil","com.psafe.msuite.pro_3day_trial_12mo49.9",1,1
"2024-12-18","Kenya","(not set)",1,1
"2024-12-18","United States","0.0",1,1
"2024-12-18","United States","com.psafe.msuite.adsfree_lto_12mo",1,1
"2024-12-19","Brazil","(not set)",164,65
"2024-12-19","Brazil","com.psafe.msuite.ultra_12mo_59.90",19,6
"2024-12-19","Brazil","com.psafe.msuite.ads_free_12mo_13.90",18,13
"2024-12-19","Brazil","com.psafe.msuite.pro_lto_12mo_39.90",14,14
"2024-12-19","Indonesia","(not set)",8,2
"2024-12-19","United States","com.psafe.msuite.ultra_12mo_59.90",6,1
"2024-12-19","Brazil","com.psafe.msuite.adsfree_lto_12mo",4,4
"2024-12-19","United States","com.psafe.msuite.ads_free_12mo_13.90",4,3
"2024-12-19","Brazil","com.psafe.msuite.ads_free_12mo_13.90,com.psafe.msuite.pro_1mo_3.90,com.psafe.msuite.pro_3day_trial_12mo49.9,com.psafe.msuite.ultra_1mo_16.90,com.psafe.msuite.ultra_12mo_59.90",3,1
"2024-12-19","India","com.psafe.msuite.ads_free_12mo_13.90",2,1
"2024-12-19","Indonesia","com.psafe.msuite.ultra_12mo_59.90",1,1
"2024-12-19","Morocco","(not set)",1,1
"2024-12-19","United States","(not set)",1,1
"2024-12-19","United States","com.psafe.msuite.adsfree_lto_12mo",1,1
"2024-12-19","United States","com.psafe.msuite.pro_lto_12mo_39.90",1,1
"2024-12-20","Brazil","(not set)",106,57
"2024-12-20","Brazil","com.psafe.msuite.pro_lto_12mo_39.90",29,14
"2024-12-20","Brazil","com.psafe.msuite.ultra_12mo_59.90",17,8
"2024-12-20","Brazil","com.psafe.msuite.ads_free_12mo_13.90",11,9
"2024-12-20","Brazil","com.psafe.msuite.adsfree_lto_12mo",6,6
"2024-12-20","United States","(not set)",6,5
"2024-12-20","United States","com.psafe.msuite.ads_free_12mo_13.90",2,1
"2024-12-20","Brazil","com.psafe.msuite.pro_1mo_3.90,com.psafe.msuite.pro_3day_trial_12mo49.9",1,1
"2024-12-20","Iran","(not set)",1,1
"2024-12-20","New Zealand","com.psafe.msuite.pro_lto_12mo_39.90",1,1
"2024-12-20","United States","com.psafe.msuite.adsfree_lto_12mo",1,1
"2024-12-20","United States","com.psafe.msuite.pro_lto_12mo_39.90",1,1
"2024-12-21","Brazil","com.psafe.msuite.ultra_12mo_59.90",178,14
"2024-12-21","Brazil","(not set)",150,69
"2024-12-21","Brazil","com.psafe.msuite.pro_lto_12mo_39.90",24,16
"2024-12-21","Brazil","com.psafe.msuite.ads_free_12mo_13.90",19,15
"2024-12-21","United States","(not set)",13,7
"2024-12-21","Brazil","com.psafe.msuite.adsfree_lto_12mo",11,11
"2024-12-21","Egypt","com.psafe.msuite.ultra_12mo_59.90",6,1
"2024-12-21","United States","com.psafe.msuite.ultra_12mo_59.90",6,1
"2024-12-21","United States","com.psafe.msuite.ads_free_12mo_13.90",4,3
"2024-12-21","Argentina","(not set)",3,1
"2024-12-21","Brazil","com.psafe.msuite.ads_free_12mo",2,1
"2024-12-21","Brazil","com.psafe.msuite.pro_12mo_49.90,com.psafe.msuite.ultra_12mo_59.90",1,1
"2024-12-21","Brazil","com.psafe.msuite.pro_lto_12mo",1,1
"2024-12-22","Brazil","(not set)",178,65
"2024-12-22","Brazil","com.psafe.msuite.ultra_12mo_59.90",24,10
"2024-12-22","Brazil","com.psafe.msuite.ads_free_12mo_13.90",18,15
"2024-12-22","Brazil","com.psafe.msuite.pro_lto_12mo_39.90",13,13
"2024-12-22","United States","com.psafe.msuite.ultra_12mo_59.90",12,2
"2024-12-22","Brazil","com.psafe.msuite.adsfree_lto_12mo",7,7
"2024-12-22","Egypt","com.psafe.msuite.ultra_12mo_59.90",7,1
"2024-12-22","Indonesia","(not set)",7,1
"2024-12-22","Malaysia","(not set)",7,1
"2024-12-22","United States","(not set)",6,5
"2024-12-22","Russia","com.psafe.msuite.pro_3day_trial_12mo49.9",5,1
"2024-12-22","Iran","(not set)",4,2
"2024-12-22","United States","com.psafe.msuite.ads_free_12mo_13.90",3,2
"2024-12-22","Brazil","com.psafe.msuite.pro_1mo_3.90,com.psafe.msuite.pro_3day_trial_12mo49.9",1,1
"2024-12-22","Hungary","(not set)",1,1
"2024-12-22","United States","com.psafe.msuite.pro_lto_12mo_39.90",1,1
"2024-12-23","Brazil","(not set)",309,78
"2024-12-23","Brazil","com.psafe.msuite.ads_free_12mo_13.90",30,13
"2024-12-23","Brazil","com.psafe.msuite.ultra_12mo_59.90",30,9
"2024-12-23","Brazil","com.psafe.msuite.pro_lto_12mo_39.90",19,13
"2024-12-23","United Arab Emirates","com.psafe.msuite.ultra_12mo_59.90",15,1
"2024-12-23","United States","com.psafe.msuite.ultra_12mo_59.90",10,2
"2024-12-23","United States","(not set)",6,6
"2024-12-23","Egypt","(not set)",4,1
"2024-12-23","Brazil","com.psafe.msuite.adsfree_lto_12mo",3,3
"2024-12-23","Mexico","com.psafe.msuite.ads_free_12mo_13.90",2,1
"2024-12-23","Nigeria","(not set)",2,1
"2024-12-23","United States","com.psafe.msuite.ads_free_12mo_13.90",2,1
"2024-12-23","Indonesia","(not set)",1,1
"2024-12-23","United States","com.psafe.msuite.pro_lto_12mo_39.90",1,1
"2024-12-24","Brazil","(not set)",88,49
"2024-12-24","Brazil","com.psafe.msuite.ultra_12mo_59.90",20,8
"2024-12-24","Brazil","com.psafe.msuite.pro_lto_12mo_39.90",18,18
"2024-12-24","Thailand","(not set)",11,1
"2024-12-24","Brazil","com.psafe.msuite.ads_free_12mo_13.90",10,8
"2024-12-24","Brazil","com.psafe.msuite.adsfree_lto_12mo",8,6
"2024-12-24","Bangladesh","com.psafe.msuite.ultra_12mo_59.90",1,1
"2024-12-24","United States","(not set)",1,1
"2024-12-24","United States","com.psafe.msuite.ads_free_12mo_13.90,com.psafe.msuite.pro_1mo_3.90",1,1
"2024-12-24","United States","com.psafe.msuite.ultra_1mo_16.90,com.psafe.msuite.ultra_12mo_59.90",1,1
"2024-12-25","Brazil","(not set)",167,71
"2024-12-25","Brazil","com.psafe.msuite.ultra_12mo_59.90",35,15
"2024-12-25","United States","(not set)",21,9
"2024-12-25","Brazil","com.psafe.msuite.pro_lto_12mo_39.90",18,18
"2024-12-25","Brazil","com.psafe.msuite.ads_free_12mo_13.90",16,15
"2024-12-25","Brazil","com.psafe.msuite.adsfree_lto_12mo",9,9
"2024-12-25","Algeria","(not set)",7,1
"2024-12-25","United States","com.psafe.msuite.ultra_12mo_59.90",7,1
"2024-12-25","United States","com.psafe.msuite.pro_3day_trial_12mo49.9",6,1
"2024-12-25","Brazil","com.psafe.msuite.ads_free_12mo_13.90,com.psafe.msuite.pro_1mo_3.90,com.psafe.msuite.pro_3day_trial_12mo49.9,com.psafe.msuite.ultra_1mo_16.90,com.psafe.msuite.ultra_12mo_59.90",1,1
"2024-12-25","Hungary","(not set)",1,1
"2024-12-25","United States","com.psafe.msuite.pro_1mo_3.90,com.psafe.msuite.pro_3day_trial_12mo49.9",1,1
"2024-12-26","Brazil","(not set)",145,70
"2024-12-26","Brazil","com.psafe.msuite.ultra_12mo_59.90",53,20
"2024-12-26","Brazil","com.psafe.msuite.ads_free_12mo_13.90",23,16
"2024-12-26","Brazil","com.psafe.msuite.pro_lto_12mo_39.90",19,19
"2024-12-26","Brazil","com.psafe.msuite.adsfree_lto_12mo",6,6
"2024-12-26","United States","(not set)",3,3
"2024-12-26","United States","com.psafe.msuite.ads_free_12mo_13.90",2,1
"2024-12-26","United States","com.psafe.msuite.adsfree_lto_12mo",2,2
"2024-12-26","Brazil","com.psafe.msuite.ads_free_12mo_13.90,com.psafe.msuite.pro_1mo_3.90,com.psafe.msuite.pro_3day_trial_12mo49.9,com.psafe.msuite.ultra_1mo_16.90,com.psafe.msuite.ultra_12mo_59.90",1,1
"2024-12-26","United States","com.psafe.msuite.pro_lto_12mo_39.90",1,1
"2024-12-26","United States","com.psafe.msuite.ultra_12mo_59.90",1,1
"2024-12-27","Brazil","(not set)",263,62
"2024-12-27","Brazil","com.psafe.msuite.pro_lto_12mo_39.90",23,17
"2024-12-27","Brazil","com.psafe.msuite.ultra_12mo_59.90",18,11
"2024-12-27","Brazil","com.psafe.msuite.ads_free_12mo_13.90",16,12
"2024-12-27","Brazil","com.psafe.msuite.adsfree_lto_12mo",6,6
"2024-12-27","United States","(not set)",6,4
"2024-12-27","Bangladesh","(not set)",2,1
"2024-12-27","Bangladesh","com.psafe.msuite.ultra_12mo_59.90",2,1
"2024-12-27","Iran","(not set)",2,2
"2024-12-27","Sweden","(not set)",2,1
"2024-12-27","Hungary","(not set)",1,1
"2024-12-27","India","com.psafe.msuite.ultra_12mo_59.90",1,1
"2024-12-27","Indonesia","com.psafe.msuite.adsfree_lto_12mo",1,1
"2024-12-27","United States","com.psafe.msuite.ultra_12mo_59.90",1,1
"2024-12-28","Brazil","(not set)",162,68
"2024-12-28","Brazil","com.psafe.msuite.ultra_12mo_59.90",142,18
"2024-12-28","Brazil","com.psafe.msuite.ads_free_12mo_13.90",22,15
"2024-12-28","United States","com.psafe.msuite.ultra_12mo_59.90",13,3
"2024-12-28","Brazil","com.psafe.msuite.pro_lto_12mo_39.90",12,12
"2024-12-28","United States","(not set)",10,4
"2024-12-28","Brazil","com.psafe.msuite.adsfree_lto_12mo",8,8
"2024-12-28","United States","com.psafe.msuite.ads_free_12mo_13.90",2,1
"2024-12-28","United States","com.psafe.msuite.adsfree_lto_12mo",2,2
"2024-12-28","Hungary","com.psafe.msuite.adsfree_lto_12mo",1,1
"2024-12-28","Hungary","com.psafe.msuite.pro_lto_12mo_39.90",1,1
"2024-12-28","Mexico","com.psafe.msuite.pro_lto_12mo_39.90",1,1
"2024-12-28","Paraguay","(not set)",1,1
"2024-12-29","Brazil","(not set)",145,76
"2024-12-29","Brazil","com.psafe.msuite.ultra_12mo_59.90",77,16
"2024-12-29","Brazil","com.psafe.msuite.ads_free_12mo_13.90",19,12
"2024-12-29","United States","(not set)",14,6
"2024-12-29","Brazil","com.psafe.msuite.pro_lto_12mo_39.90",13,13
"2024-12-29","Brazil","com.psafe.msuite.adsfree_lto_12mo",8,8
"2024-12-29","Egypt","(not set)",8,1
"2024-12-29","United States","com.psafe.msuite.ultra_12mo_59.90",8,2
"2024-12-29","United States","com.psafe.msuite.pro_lto_12mo_39.90",7,1
"2024-12-29","Bangladesh","(not set)",6,1
"2024-12-29","Indonesia","com.psafe.msuite.ultra_12mo_59.90",4,1
"2024-12-29","Egypt","com.psafe.msuite.ultra_12mo_59.90",2,1
"2024-12-29","Nigeria","(not set)",2,1
"2024-12-29","United States","com.psafe.msuite.ads_free_12mo_13.90",2,1
"2024-12-29","United States","com.psafe.msuite.pro_3day_trial_12mo49.9",2,1
"2024-12-29","Egypt","com.psafe.msuite.pro_lto_12mo_39.90",1,1
"2024-12-30","Brazil","(not set)",210,68
"2024-12-30","Brazil","com.psafe.msuite.ultra_12mo_59.90",39,15
"2024-12-30","Brazil","com.psafe.msuite.ads_free_12mo_13.90",32,22
"2024-12-30","United States","(not set)",16,6
"2024-12-30","Brazil","com.psafe.msuite.pro_lto_12mo_39.90",12,12
"2024-12-30","Brazil","com.psafe.msuite.adsfree_lto_12mo",9,9
"2024-12-30","United States","com.psafe.msuite.ultra_12mo_59.90",7,2
"2024-12-30","Brazil","com.psafe.msuite.pro_3day_trial_12mo49.9",3,2
"2024-12-30","Mexico","(not set)",2,1
"2024-12-30","United States","com.psafe.msuite.ads_free_12mo_13.90",2,1
"2024-12-30","Iran","(not set)",1,1
"2024-12-30","Iran","com.psafe.msuite.pro_1mo_3.90,com.psafe.msuite.pro_3day_trial_12mo49.9",1,1
"2024-12-30","Saudi Arabia","(not set)",1,1
"2024-12-31","Brazil","(not set)",122,54
"2024-12-31","Brazil","com.psafe.msuite.ads_free_12mo_13.90",14,11
"2024-12-31","Brazil","com.psafe.msuite.pro_lto_12mo_39.90",12,12
"2024-12-31","Brazil","com.psafe.msuite.adsfree_lto_12mo",11,10
"2024-12-31","Brazil","com.psafe.msuite.ultra_12mo_59.90",7,4
"2024-12-31","United States","(not set)",5,4
"2024-12-31","Bangladesh","(not set)",3,1
"2024-12-31","Saudi Arabia","(not set)",2,1
"2024-12-31","Saudi Arabia","com.psafe.msuite.ultra_12mo_59.90",2,1
"2024-12-31","United Kingdom","com.psafe.msuite.ads_free_12mo_13.90",2,1
"2024-12-31","Brazil","com.psafe.msuite.pro_1mo_3.90,com.psafe.msuite.pro_3day_trial_12mo49.9",1,1
"2024-12-31","Indonesia","(not set)",1,1
"2024-12-31","Italy","com.psafe.msuite.pro_lto_12mo_39.90",1,1
"2024-12-31","Papua New Guinea","(not set)",1,1
"2024-12-31","United States","com.psafe.msuite.ads_free_12mo_13.90",1,1
"2024-12-31","United States","com.psafe.msuite.pro_lto_12mo_39.90",1,1
"2025-01-01","Brazil","(not set)",151,70
"2025-01-01","Brazil","com.psafe.msuite.pro_lto_12mo_39.90",20,20
"2025-01-01","Brazil","com.psafe.msuite.ultra_12mo_59.90",20,11
"2025-01-01","Brazil","com.psafe.msuite.ads_free_12mo_13.90",17,13
"2025-01-01","Brazil","com.psafe.msuite.adsfree_lto_12mo",9,9
"2025-01-01","United States","(not set)",8,6
"2025-01-01","Algeria","(not set)",6,1
"2025-01-01","Bangladesh","(not set)",6,1
"2025-01-01","United States","com.psafe.msuite.ultra_12mo_59.90",6,1
"2025-01-01","Bangladesh","com.psafe.msuite.ultra_12mo_59.90",3,1
"2025-01-01","United States","com.psafe.msuite.ads_free_12mo_13.90",2,1
"2025-01-01","Argentina","com.psafe.msuite.ultra_1mo_16.90,com.psafe.msuite.ultra_12mo_59.90",1,1
"2025-01-01","Germany","com.psafe.msuite.ultra_1mo_16.90,com.psafe.msuite.ultra_12mo_59.90",1,1
"2025-01-01","Iran","(not set)",1,1
"2025-01-01","Pakistan","(not set)",1,1
"2025-01-01","Pakistan","com.psafe.msuite.adsfree_lto_12mo",1,1
"2025-01-01","Pakistan","com.psafe.msuite.pro_lto_12mo_39.90",1,1
"2025-01-01","United States","com.psafe.msuite.pro_lto_12mo_39.90",1,1
"2025-01-01","Yemen","com.psafe.msuite.pro_lto_12mo_39.90",1,1
"2025-01-02","Brazil","(not set)",121,69
"2025-01-02","Brazil","com.psafe.msuite.ultra_12mo_59.90",32,14
"2025-01-02","Brazil","com.psafe.msuite.pro_3day_trial_12mo49.9",26,1
"2025-01-02","Brazil","com.psafe.msuite.ads_free_12mo_13.90",20,14
"2025-01-02","Brazil","com.psafe.msuite.pro_lto_12mo_39.90",18,18
"2025-01-02","United States","com.psafe.msuite.ultra_12mo_59.90",10,2
"2025-01-02","Saudi Arabia","(not set)",9,1
"2025-01-02","United States","(not set)",9,6
"2025-01-02","Brazil","com.psafe.msuite.adsfree_lto_12mo",5,5
"2025-01-02","Brazil","com.psafe.msuite.ads_free_12mo_13.90,com.psafe.msuite.pro_1mo_3.90,com.psafe.msuite.pro_3day_trial_12mo49.9,com.psafe.msuite.ultra_1mo_16.90,com.psafe.msuite.ultra_12mo_59.90",4,1
"2025-01-02","Bangladesh","(not set)",2,1
"2025-01-02","India","com.psafe.msuite.ultra_12mo_59.90",1,1
"2025-01-02","United States","com.psafe.msuite.ads_free_12mo_13.90",1,1
"2025-01-03","Brazil","(not set)",106,65
"2025-01-03","Brazil","com.psafe.msuite.ads_free_12mo_13.90",32,24
"2025-01-03","Brazil","com.psafe.msuite.pro_lto_12mo_39.90",26,24
"2025-01-03","Brazil","com.psafe.msuite.ultra_12mo_59.90",19,11
"2025-01-03","Brazil","com.psafe.msuite.adsfree_lto_12mo",11,11
"2025-01-03","United States","(not set)",8,4
"2025-01-03","Angola","(not set)",1,1
"2025-01-03","Peru","(not set)",1,1
"2025-01-03","United States","com.psafe.msuite.adsfree_lto_12mo",1,1
"2025-01-03","United States","com.psafe.msuite.pro_lto_12mo_39.90",1,1
"2025-01-03","United States","com.psafe.msuite.ultra_12mo_59.90",1,1
"2025-01-04","United States","com.psafe.msuite.pro_3day_trial_12mo49.9",176,1
"2025-01-04","Brazil","(not set)",115,52
"2025-01-04","Brazil","com.psafe.msuite.ultra_12mo_59.90",28,12
"2025-01-04","Brazil","com.psafe.msuite.ads_free_12mo_13.90",25,16
"2025-01-04","Brazil","com.psafe.msuite.pro_lto_12mo_39.90",16,16
"2025-01-04","Zambia","(not set)",8,1
"2025-01-04","Bangladesh","(not set)",6,1
"2025-01-04","Brazil","com.psafe.msuite.adsfree_lto_12mo",6,5
"2025-01-04","United States","com.psafe.msuite.ultra_12mo_59.90",6,1
"2025-01-04","Bangladesh","com.psafe.msuite.ultra_12mo_59.90",4,1
"2025-01-04","United States","(not set)",4,3
"2025-01-04","Egypt","com.psafe.msuite.ultra_12mo_59.90",2,1
"2025-01-04","Jordan","com.psafe.msuite.ultra_12mo_59.90",2,1
"2025-01-04","Mexico","(not set)",2,1
"2025-01-04","Mexico","com.psafe.msuite.ultra_12mo_59.90",2,1
"2025-01-04","Brazil","com.psafe.msuite.pro_12mo_49.90,com.psafe.msuite.ultra_12mo_59.90",1,1
"2025-01-04","Egypt","(not set)",1,1
"2025-01-04","India","com.psafe.msuite.adsfree_lto_12mo",1,1
"2025-01-04","Jordan","(not set)",1,1
"2025-01-04","United States","com.psafe.msuite.ads_free_12mo_13.90",1,1
"2025-01-04","United States","com.psafe.msuite.adsfree_lto_12mo",1,1
"2025-01-04","United States","com.psafe.msuite.pro_lto_12mo_39.90",1,1
"2025-01-05","Brazil","(not set)",175,73
"2025-01-05","Brazil","com.psafe.msuite.ultra_12mo_59.90",47,12
"2025-01-05","Brazil","com.psafe.msuite.pro_lto_12mo_39.90",11,11
"2025-01-05","United States","com.psafe.msuite.adsfree_lto_12mo",11,2
"2025-01-05","Brazil","com.psafe.msuite.ads_free_12mo_13.90",10,8
"2025-01-05","Bolivia","(not set)",8,1
"2025-01-05","United States","(not set)",8,3
"2025-01-05","United States","com.psafe.msuite.ultra_12mo_59.90",8,3
"2025-01-05","Indonesia","(not set)",7,2
"2025-01-05","Brazil","com.psafe.msuite.adsfree_lto_12mo",6,6
"2025-01-05","United States","com.psafe.msuite.pro_lto_12mo_39.90",2,2
"2025-01-05","Indonesia","com.psafe.msuite.pro_lto_12mo_39.90",1,1
"2025-01-05","Iran","(not set)",1,1
"2025-01-06","Brazil","(not set)",151,45
"2025-01-06","Brazil","com.psafe.msuite.ads_free_12mo_13.90",22,17
"2025-01-06","Brazil","com.psafe.msuite.pro_lto_12mo_39.90",16,16
"2025-01-06","United States","(not set)",10,6
"2025-01-06","Brazil","com.psafe.msuite.adsfree_lto_12mo",5,5
"2025-01-06","Brazil","com.psafe.msuite.ultra_12mo_59.90",4,3
"2025-01-06","Mexico","(not set)",3,1
"2025-01-06","United States","com.psafe.msuite.ads_free_12mo_13.90",2,2
"2025-01-06","United States","com.psafe.msuite.ultra_12mo_59.90",2,1
"2025-01-06","Brazil","0.0",1,1
"2025-01-06","El Salvador","(not set)",1,1
"2025-01-06","Mexico","com.psafe.msuite.ultra_12mo_59.90",1,1
"2025-01-06","Netherlands","(not set)",1,1
"2025-01-06","United States","com.psafe.msuite.pro_lto_12mo_39.90",1,1
"2025-01-07","Brazil","(not set)",228,69
"2025-01-07","Brazil","com.psafe.msuite.ultra_12mo_59.90",53,10
"2025-01-07","Brazil","com.psafe.msuite.ads_free_12mo_13.90",21,14
"2025-01-07","Brazil","com.psafe.msuite.pro_lto_12mo_39.90",16,16
"2025-01-07","United States","com.psafe.msuite.ultra_12mo_59.90",15,2
"2025-01-07","Brazil","com.psafe.msuite.adsfree_lto_12mo",11,11
"2025-01-07","United States","(not set)",6,5
"2025-01-07","Egypt","(not set)",2,1
"2025-01-07","Iran","(not set)",2,1
"2025-01-07","United States","com.psafe.msuite.ads_free_12mo_13.90",1,1
"2025-01-08","Brazil","(not set)",164,61
"2025-01-08","Brazil","com.psafe.msuite.ultra_12mo_59.90",28,10
"2025-01-08","Brazil","com.psafe.msuite.ads_free_12mo_13.90",17,12
"2025-01-08","United States","com.psafe.msuite.ultra_12mo_59.90",9,3
"2025-01-08","Brazil","com.psafe.msuite.pro_lto_12mo_39.90",8,8
"2025-01-08","Brazil","com.psafe.msuite.adsfree_lto_12mo",4,4
"2025-01-08","Bangladesh","(not set)",2,1
"2025-01-08","Brazil","com.psafe.msuite.ads_free_12mo_13.90,com.psafe.msuite.pro_1mo_3.90,com.psafe.msuite.pro_3day_trial_12mo49.9,com.psafe.msuite.ultra_1mo_16.90,com.psafe.msuite.ultra_12mo_59.90",2,1
"2025-01-08","United States","com.psafe.msuite.ads_free_12mo_13.90",2,1
"2025-01-08","United States","com.psafe.msuite.pro_lto_12mo_39.90",2,2
"2025-01-08","Indonesia","com.psafe.msuite.ultra_12mo_59.90",1,1
"2025-01-09","Brazil","(not set)",123,57
"2025-01-09","Brazil","com.psafe.msuite.ultra_12mo_59.90",37,8
"2025-01-09","Brazil","com.psafe.msuite.ads_free_12mo_13.90",18,16
"2025-01-09","Brazil","com.psafe.msuite.pro_lto_12mo_39.90",12,12
"2025-01-09","United States","(not set)",11,4
"2025-01-09","Indonesia","com.psafe.msuite.ultra_12mo_59.90",9,1
"2025-01-09","Brazil","com.psafe.msuite.adsfree_lto_12mo",5,5
"2025-01-09","United States","com.psafe.msuite.ads_free_12mo_13.90",3,2
"2025-01-09","Brazil","com.psafe.msuite.pro_12mo_49.90,com.psafe.msuite.ultra_12mo_59.90",2,1
"2025-01-09","Indonesia","(not set)",2,1
"2025-01-09","Iran","(not set)",1,1
"2025-01-09","Iran","com.psafe.msuite.pro_1mo_3.90,com.psafe.msuite.pro_3day_trial_12mo49.9",1,1
"2025-01-09","Iran","com.psafe.msuite.pro_lto_12mo_39.90",1,1
"2025-01-09","United States","com.psafe.msuite.adsfree_lto_12mo",1,1
"2025-01-09","United States","com.psafe.msuite.pro_lto_12mo_39.90",1,1
"2025-01-09","United States","com.psafe.msuite.ultra_12mo_59.90",1,1
"2025-01-10","Brazil","(not set)",149,48
"2025-01-10","Brazil","com.psafe.msuite.ultra_12mo_59.90",44,13
"2025-01-10","Brazil","com.psafe.msuite.ads_free_12mo_13.90",21,14
"2025-01-10","Brazil","com.psafe.msuite.pro_lto_12mo_39.90",10,7
"2025-01-10","Iran","(not set)",10,1
"2025-01-10","United States","com.psafe.msuite.ultra_12mo_59.90",10,2
"2025-01-10","United States","com.psafe.msuite.ultra_1mo_16.90,com.psafe.msuite.ultra_12mo_59.90",6,1
"2025-01-10","United States","(not set)",3,3
"2025-01-10","Brazil","com.psafe.msuite.adsfree_lto_12mo",1,1
"2025-01-10","Mexico","(not set)",1,1
"2025-01-10","Mexico","com.psafe.msuite.pro_lto_12mo_39.90",1,1
"2025-01-10","Pakistan","(not set)",1,1
"2025-01-10","United States","com.psafe.msuite.ads_free_12mo_13.90",1,1
"2025-01-10","United States","com.psafe.msuite.pro_3day_trial_12mo49.9",1,1
"2025-01-11","Brazil","(not set)",99,56
"2025-01-11","Brazil","com.psafe.msuite.ultra_12mo_59.90",46,14
"2025-01-11","Brazil","com.psafe.msuite.pro_lto_12mo_39.90",26,12
"2025-01-11","United States","(not set)",11,4
"2025-01-11","Argentina","(not set)",8,1
"2025-01-11","Brazil","com.psafe.msuite.ads_free_12mo_13.90",8,8
"2025-01-11","Syria","(not set)",6,1
"2025-01-11","Brazil","com.psafe.msuite.adsfree_lto_12mo",5,4
"2025-01-11","Pakistan","(not set)",3,1
"2025-01-11","United States","com.psafe.msuite.ads_free_12mo_13.90",2,1
"2025-01-11","United States","com.psafe.msuite.ultra_12mo_59.90",2,1
"2025-01-11","Brazil","0.0",1,1
"2025-01-11","Mexico","(not set)",1,1
"2025-01-11","Pakistan","com.psafe.msuite.pro_lto_12mo_39.90",1,1
"2025-01-11","United States","com.psafe.msuite.adsfree_lto_12mo",1,1
"2025-01-11","United States","com.psafe.msuite.pro_lto_12mo_39.90",1,1
"2025-01-12","Brazil","(not set)",206,75
"2025-01-12","Brazil","com.psafe.msuite.ultra_12mo_59.90",63,17
"2025-01-12","Brazil","com.psafe.msuite.pro_lto_12mo_39.90",24,15
"2025-01-12","Brazil","com.psafe.msuite.ads_free_12mo_13.90",20,17
"2025-01-12","United States","com.psafe.msuite.pro_lto_12mo_39.90",12,1
"2025-01-12","Brazil","com.psafe.msuite.adsfree_lto_12mo",11,11
"2025-01-12","United States","com.psafe.msuite.ultra_12mo_59.90",10,2
"2025-01-12","Pakistan","(not set)",8,1
"2025-01-12","Brazil","com.psafe.msuite.pro_3day_trial_12mo49.9",7,1
"2025-01-12","India","(not set)",7,1
"2025-01-12","Iran","com.psafe.msuite.ultra_12mo",6,1
"2025-01-12","Mexico","com.psafe.msuite.ultra_12mo_59.90",6,1
"2025-01-12","Saudi Arabia","(not set)",5,1
"2025-01-12","United States","(not set)",4,3
"2025-01-12","Niger","(not set)",2,1
"2025-01-12","United States","com.psafe.msuite.ads_free_12mo_13.90",2,1
"2025-01-12","Venezuela","com.psafe.msuite.ads_free_12mo_13.90",2,1
"2025-01-12","Canada","(not set)",1,1
"2025-01-12","Indonesia","(not set)",1,1
"2025-01-12","Mexico","com.psafe.msuite.ads_free_12mo_13.90",1,1
"2025-01-13","Brazil","(not set)",133,60
"2025-01-13","Brazil","com.psafe.msuite.ultra_12mo_59.90",27,14
"2025-01-13","Brazil","com.psafe.msuite.ads_free_12mo_13.90",22,16
"2025-01-13","France","(not set)",16,1
"2025-01-13","United States","com.psafe.msuite.ultra_12mo_59.90",12,1
"2025-01-13","Brazil","com.psafe.msuite.pro_lto_12mo_39.90",11,11
"2025-01-13","Brazil","com.psafe.msuite.adsfree_lto_12mo",7,7
"2025-01-13","Israel","(not set)",7,1
"2025-01-13","Mexico","(not set)",6,3
"2025-01-13","Israel","com.psafe.msuite.ultra_12mo_59.90",5,1
"2025-01-13","Germany","(not set)",3,1
"2025-01-13","Egypt","com.psafe.msuite.ultra_12mo_59.90",2,1
"2025-01-13","Iran","(not set)",2,1
"2025-01-13","United States","com.psafe.msuite.ads_free_12mo_13.90",2,2
"2025-01-13","Israel","com.psafe.msuite.ads_free_12mo_13.90",1,1
"2025-01-13","Mexico","com.psafe.msuite.ultra_12mo_59.90",1,1
"2025-01-13","United States","(not set)",1,1
"2025-01-14","Brazil","(not set)",153,54
"2025-01-14","Brazil","com.psafe.msuite.ultra_12mo_59.90",34,14
"2025-01-14","Brazil","com.psafe.msuite.ads_free_12mo_13.90",22,19
"2025-01-14","Brazil","com.psafe.msuite.pro_lto_12mo_39.90",15,15
"2025-01-14","United Arab Emirates","(not set)",9,1
"2025-01-14","United Arab Emirates","com.psafe.msuite.ultra_12mo_59.90",9,1
"2025-01-14","Iran","(not set)",8,2
"2025-01-14","Türkiye","(not set)",7,1
"2025-01-14","United States","com.psafe.msuite.ultra_12mo_59.90",6,1
"2025-01-14","Brazil","com.psafe.msuite.adsfree_lto_12mo",5,5
"2025-01-14","United States","(not set)",5,4
"2025-01-14","Bangladesh","com.psafe.msuite.ads_free_12mo_13.90,com.psafe.msuite.pro_1mo_3.90,com.psafe.msuite.pro_3day_trial_12mo49.9,com.psafe.msuite.ultra_1mo_16.90,com.psafe.msuite.ultra_12mo_59.90",1,1
"2025-01-14","Bangladesh","com.psafe.msuite.ultra_12mo_59.90",1,1
"2025-01-14","India","(not set)",1,1
"2025-01-14","Indonesia","(not set)",1,1
"2025-01-14","Israel","(not set)",1,1
"2025-01-14","Mexico","(not set)",1,1
"2025-01-14","United States","com.psafe.msuite.ads_free_12mo_13.90",1,1
"2025-01-15","Brazil","(not set)",54,34
"2025-01-15","Brazil","com.psafe.msuite.ultra_12mo_59.90",36,11
"2025-01-15","Brazil","com.psafe.msuite.pro_lto_12mo_39.90",21,21
"2025-01-15","Brazil","com.psafe.msuite.ads_free_12mo_13.90",10,8
"2025-01-15","Brazil","com.psafe.msuite.adsfree_lto_12mo",7,7
"2025-01-15","Egypt","(not set)",7,1
"2025-01-15","Indonesia","(not set)",6,1
"2025-01-15","United States","(not set)",5,3
"2025-01-15","Bangladesh","(not set)",2,1
"2025-01-15","United States","com.psafe.msuite.ads_free_12mo_13.90",2,2
"2025-01-15","Algeria","com.psafe.msuite.pro_lto_12mo_39.90",1,1
"2025-01-15","Argentina","(not set)",1,1
"2025-01-15","United States","com.psafe.msuite.adsfree_lto_12mo",1,1
"2025-01-15","United States","com.psafe.msuite.pro_12mo_49.90,com.psafe.msuite.ultra_12mo_59.90",1,1
"2025-01-15","United States","com.psafe.msuite.pro_lto_12mo_39.90",1,1
"2025-01-16","Brazil","(not set)",215,54
"2025-01-16","Brazil","com.psafe.msuite.ultra_12mo_59.90",35,15
"2025-01-16","Brazil","com.psafe.msuite.pro_lto_12mo_39.90",25,25
"2025-01-16","United States","(not set)",20,3
"2025-01-16","Brazil","com.psafe.msuite.ads_free_12mo_13.90",15,12
"2025-01-16","Brazil","com.psafe.msuite.adsfree_lto_12mo",15,15
"2025-01-16","United States","com.psafe.msuite.ultra_12mo_59.90",8,2
"2025-01-16","Saudi Arabia","(not set)",7,1
"2025-01-16","Brazil","0.0",3,2
"2025-01-16","Dominican Republic","com.psafe.msuite.adsfree_lto_12mo",1,1
"2025-01-16","Indonesia","com.psafe.msuite.adsfree_lto_12mo",1,1
"2025-01-16","Indonesia","com.psafe.msuite.pro_3day_trial_12mo49.9",1,1
"2025-01-16","Mexico","(not set)",1,1
"2025-01-16","Papua New Guinea","(not set)",1,1
"2025-01-16","Puerto Rico","com.psafe.msuite.pro_lto_12mo_39.90",1,1
"2025-01-16","United States","com.psafe.msuite.ads_free_12mo_13.90",1,1
"2025-01-16","United States","com.psafe.msuite.pro_lto_12mo_39.90",1,1
"2025-01-17","Brazil","(not set)",129,55
"2025-01-17","Brazil","com.psafe.msuite.ultra_12mo_59.90",28,8
"2025-01-17","Brazil","com.psafe.msuite.pro_lto_12mo_39.90",15,15
"2025-01-17","Brazil","com.psafe.msuite.adsfree_lto_12mo",13,12
"2025-01-17","Brazil","com.psafe.msuite.ads_free_12mo_13.90",12,11
"2025-01-17","United States","(not set)",10,4
"2025-01-17","United Arab Emirates","(not set)",9,1
"2025-01-17","Bangladesh","(not set)",7,1
"2025-01-17","Iran","(not set)",6,1
"2025-01-17","Syria","(not set)",6,1
"2025-01-17","United States","com.psafe.msuite.ultra_12mo_59.90",6,1
"2025-01-17","Algeria","(not set)",2,1
"2025-01-17","Mexico","(not set)",2,1
"2025-01-17","Puerto Rico","(not set)",2,1
"2025-01-17","United States","com.psafe.msuite.ads_free_12mo_13.90",2,2
"2025-01-17","United States","com.psafe.msuite.pro_lto_12mo_39.90",2,2
"2025-01-17","Angola","com.psafe.msuite.ads_free_12mo_13.90",1,1
"2025-01-17","Argentina","(not set)",1,1
"2025-01-17","Brazil","com.psafe.msuite.ads_free_12mo_13.90,com.psafe.msuite.pro_1mo_3.90,com.psafe.msuite.pro_3day_trial_12mo49.9,com.psafe.msuite.ultra_1mo_16.90,com.psafe.msuite.ultra_12mo_59.90",1,1
"2025-01-17","Canada","com.psafe.msuite.adsfree_lto_12mo",1,1
"2025-01-17","Nigeria","(not set)",1,1
"2025-01-18","Brazil","(not set)",111,48
"2025-01-18","Brazil","com.psafe.msuite.ultra_12mo_59.90",59,15
"2025-01-18","Brazil","com.psafe.msuite.adsfree_lto_12mo",24,23
"2025-01-18","Brazil","com.psafe.msuite.ads_free_12mo_13.90",23,17
"2025-01-18","Brazil","com.psafe.msuite.pro_lto_12mo_39.90",23,23
"2025-01-18","United States","(not set)",18,8
"2025-01-18","Nicaragua","(not set)",11,1
"2025-01-18","Brazil","com.psafe.msuite.pro_3day_trial_12mo49.9",9,2
"2025-01-18","Egypt","(not set)",6,1
"2025-01-18","India","(not set)",6,2
"2025-01-18","United States","com.psafe.msuite.ultra_12mo_59.90",6,1
"2025-01-18","Cuba","(not set)",4,1
"2025-01-18","Pakistan","(not set)",3,1
"2025-01-18","United States","com.psafe.msuite.pro_12mo_49.90",2,1
"2025-01-18","Chile","com.psafe.msuite.adsfree_lto_12mo",1,1
"2025-01-18","Pakistan","com.psafe.msuite.pro_lto_12mo_39.90",1,1
"2025-01-18","United States","com.psafe.msuite.adsfree_lto_12mo",1,1
"2025-01-19","Brazil","(not set)",109,52
"2025-01-19","Brazil","com.psafe.msuite.ultra_12mo_59.90",32,9
"2025-01-19","Brazil","com.psafe.msuite.ads_free_12mo_13.90",26,20
"2025-01-19","Brazil","com.psafe.msuite.pro_lto_12mo_39.90",25,22
"2025-01-19","United States","(not set)",17,7
"2025-01-19","Malaysia","(not set)",13,1
"2025-01-19","Bangladesh","(not set)",12,1
"2025-01-19","Brazil","com.psafe.msuite.adsfree_lto_12mo",11,11
"2025-01-19","Nicaragua","(not set)",8,1
"2025-01-19","Türkiye","(not set)",7,1
"2025-01-19","Malaysia","com.psafe.msuite.ultra_12mo_59.90",5,1
"2025-01-19","Egypt","com.psafe.msuite.ultra_12mo",4,1
"2025-01-19","Bangladesh","com.psafe.msuite.ultra_12mo_59.90",3,2
"2025-01-19","Brazil","0.0",2,1
"2025-01-19","United States","com.psafe.msuite.pro_lto_12mo_39.90",2,2
"2025-01-19","Guatemala","(not set)",1,1
"2025-01-19","Guatemala","com.psafe.msuite.pro_lto_12mo_39.90",1,1
"2025-01-19","India","com.psafe.msuite.pro_lto_12mo_39.90",1,1
"2025-01-19","Puerto Rico","com.psafe.msuite.ads_free_12mo_13.90",1,1
"2025-01-19","Spain","com.psafe.msuite.adsfree_lto_12mo",1,1
"2025-01-19","United States","com.psafe.msuite.ads_free_12mo_13.90",1,1
"2025-01-19","United States","com.psafe.msuite.ultra_12mo_59.90",1,1
"2025-01-19","Uruguay","(not set)",1,1
"2025-01-20","Brazil","(not set)",175,70
"2025-01-20","Brazil","com.psafe.msuite.pro_lto_12mo_39.90",37,28
"2025-01-20","Brazil","com.psafe.msuite.ads_free_12mo_13.90",30,23
"2025-01-20","Brazil","com.psafe.msuite.ultra_12mo_59.90",19,9
"2025-01-20","United States","(not set)",19,6
"2025-01-20","Egypt","(not set)",17,1
"2025-01-20","Brazil","com.psafe.msuite.adsfree_lto_12mo",14,12
"2025-01-20","United States","com.psafe.msuite.ultra_12mo_59.90",12,2
"2025-01-20","Libya","com.psafe.msuite.ultra_12mo_59.90",3,1
"2025-01-20","Libya","(not set)",2,1
"2025-01-20","United States","com.psafe.msuite.pro_lto_12mo_39.90",2,2
"2025-01-20","Brazil","com.psafe.msuite.ads_free_12mo",1,1
"2025-01-20","Hungary","com.psafe.msuite.adsfree_lto_12mo",1,1
"2025-01-20","Hungary","com.psafe.msuite.pro_lto_12mo_39.90",1,1
"2025-01-20","Iran","(not set)",1,1
"2025-01-20","Mexico","com.psafe.msuite.ads_free_12mo_13.90",1,1
"2025-01-20","United States","com.psafe.msuite.adsfree_lto_12mo",1,1
"2025-01-21","Brazil","(not set)",154,78
"2025-01-21","Brazil","com.psafe.msuite.ultra_12mo_59.90",54,10
"2025-01-21","Brazil","com.psafe.msuite.pro_lto_12mo_39.90",25,23
"2025-01-21","Brazil","com.psafe.msuite.ads_free_12mo_13.90",22,19
"2025-01-21","Brazil","com.psafe.msuite.adsfree_lto_12mo",14,14
"2025-01-21","United States","(not set)",11,7
"2025-01-21","Bangladesh","(not set)",9,1
"2025-01-21","Mexico","(not set)",2,1
"2025-01-21","United States","com.psafe.msuite.pro_lto_12mo_39.90",1,1
"2025-01-22","Brazil","(not set)",313,59
"2025-01-22","Brazil","com.psafe.msuite.ads_free_12mo_13.90",55,16
"2025-01-22","Brazil","com.psafe.msuite.pro_lto_12mo_39.90",30,30
"2025-01-22","Brazil","com.psafe.msuite.adsfree_lto_12mo",10,10
"2025-01-22","Jordan","(not set)",9,1
"2025-01-22","Saudi Arabia","(not set)",9,1
"2025-01-22","United States","(not set)",7,5
"2025-01-22","United States","com.psafe.msuite.ultra_12mo_59.90",7,2
"2025-01-22","Egypt","(not set)",6,1
"2025-01-22","Brazil","com.psafe.msuite.ultra_12mo_59.90",5,3
"2025-01-22","United States","com.psafe.msuite.pro_lto_12mo_39.90",3,3
"2025-01-22","India","(not set)",2,1
"2025-01-22","Mexico","(not set)",2,1
"2025-01-22","Mexico","com.psafe.msuite.adsfree_lto_12mo",2,2
"2025-01-22","United States","com.psafe.msuite.adsfree_lto_12mo",2,2
"2025-01-22","Chile","(not set)",1,1
"2025-01-22","United States","com.psafe.msuite.ads_free_12mo_13.90",1,1
"2025-01-23","Brazil","(not set)",170,75
"2025-01-23","United States","(not set)",32,9
"2025-01-23","Brazil","com.psafe.msuite.pro_lto_12mo_39.90",29,21
"2025-01-23","Brazil","com.psafe.msuite.ultra_12mo_59.90",26,6
"2025-01-23","Brazil","com.psafe.msuite.ads_free_12mo_13.90",15,11
"2025-01-23","Brazil","com.psafe.msuite.adsfree_lto_12mo",12,12
"2025-01-23","Egypt","(not set)",7,1
"2025-01-23","Brazil","0.0",2,1
"2025-01-23","Iran","(not set)",2,1
"2025-01-23","Philippines","(not set)",2,1
"2025-01-23","Mexico","com.psafe.msuite.pro_lto_12mo_39.90",1,1
"2025-01-23","Morocco","(not set)",1,1
"2025-01-23","Philippines","com.psafe.msuite.ads_free_12mo_13.90",1,1
"2025-01-23","United States","com.psafe.msuite.pro_3day_trial_12mo49.9",1,1
"2025-01-23","United States","com.psafe.msuite.pro_lto_12mo_39.90",1,1
"2025-01-24","Brazil","(not set)",130,60
"2025-01-24","United States","(not set)",36,7
"2025-01-24","Brazil","com.psafe.msuite.ultra_12mo_59.90",26,10
"2025-01-24","Brazil","com.psafe.msuite.pro_lto_12mo_39.90",23,23
"2025-01-24","Thailand","(not set)",19,1
"2025-01-24","Brazil","com.psafe.msuite.ads_free_12mo_13.90",17,13
"2025-01-24","Thailand","com.psafe.msuite.ultra_12mo_59.90",11,1
"2025-01-24","Iran","(not set)",9,2
"2025-01-24","United Kingdom","(not set)",9,1
"2025-01-24","Brazil","com.psafe.msuite.adsfree_lto_12mo",7,7
"2025-01-24","United States","com.psafe.msuite.pro_lto_12mo_39.90",3,3
"2025-01-24","Somalia","(not set)",2,1
"2025-01-24","United States","com.psafe.msuite.adsfree_lto_12mo",2,2
"2025-01-24","Algeria","(not set)",1,1
"2025-01-24","Argentina","com.psafe.msuite.ads_free_12mo_13.90",1,1
"2025-01-24","Iran","com.psafe.msuite.adsfree_lto_12mo",1,1
"2025-01-24","Mexico","com.psafe.msuite.pro_lto_12mo_39.90",1,1
"2025-01-24","United States","com.psafe.msuite.ultra_12mo_59.90",1,1
"2025-01-25","Brazil","(not set)",137,72
"2025-01-25","Brazil","com.psafe.msuite.ultra_12mo_59.90",52,11
"2025-01-25","Brazil","com.psafe.msuite.pro_lto_12mo_39.90",36,35
"2025-01-25","Egypt","(not set)",21,3
"2025-01-25","United States","(not set)",20,5
"2025-01-25","Brazil","com.psafe.msuite.ads_free_12mo_13.90",18,14
"2025-01-25","Brazil","com.psafe.msuite.adsfree_lto_12mo",12,12
"2025-01-25","Bangladesh","(not set)",7,2
"2025-01-25","United States","com.psafe.msuite.ultra_12mo_59.90",7,2
"2025-01-25","Egypt","com.psafe.msuite.ultra_12mo_59.90",3,1
"2025-01-25","Iran","(not set)",2,1
"2025-01-25","United States","com.psafe.msuite.adsfree_lto_12mo",2,2
"2025-01-25","Brazil","com.psafe.msuite.ads_free_12mo,com.psafe.msuite.pro_1mo,com.psafe.msuite.pro_3day_trial_12mo,com.psafe.msuite.ultra_1mo,com.psafe.msuite.ultra_12mo",1,1
"2025-01-25","India","com.psafe.msuite.adsfree_lto_12mo",1,1
"2025-01-25","Indonesia","com.psafe.msuite.pro_12mo_49.90",1,1
"2025-01-25","United States","com.psafe.msuite.pro_lto_12mo_39.90",1,1
"2025-01-26","Brazil","(not set)",188,70
"2025-01-26","Brazil","com.psafe.msuite.ultra_12mo_59.90",53,18
"2025-01-26","Brazil","com.psafe.msuite.pro_lto_12mo_39.90",31,30
"2025-01-26","Brazil","com.psafe.msuite.ads_free_12mo_13.90",29,19
"2025-01-26","Brazil","com.psafe.msuite.adsfree_lto_12mo",16,16
"2025-01-26","United States","com.psafe.msuite.ultra_12mo_59.90",7,2
"2025-01-26","Sri Lanka","com.psafe.msuite.ultra_12mo_59.90",6,1
"2025-01-26","United States","(not set)",6,3
"2025-01-26","Kuwait","(not set)",2,1
"2025-01-26","Morocco","com.psafe.msuite.ultra_12mo_59.90",2,1
"2025-01-26","United States","com.psafe.msuite.pro_lto_12mo_39.90",2,2
"2025-01-26","Brazil","com.psafe.msuite.pro_3day_trial_12mo49.9",1,1
"2025-01-26","Mexico","(not set)",1,1
"2025-01-26","Norway","com.psafe.msuite.adsfree_lto_12mo",1,1
"2025-01-26","Norway","com.psafe.msuite.pro_lto_12mo_39.90",1,1
"2025-01-26","Spain","(not set)",1,1
"2025-01-26","United States","com.psafe.msuite.ads_free_12mo_13.90",1,1
"2025-01-26","Uruguay","(not set)",1,1
"2025-01-27","Brazil","(not set)",215,72
"2025-01-27","Brazil","com.psafe.msuite.ultra_12mo_59.90",39,12
"2025-01-27","Brazil","com.psafe.msuite.pro_lto_12mo_39.90",28,27
"2025-01-27","Ecuador","com.psafe.msuite.adsfree_lto_12mo",28,1
"2025-01-27","Brazil","com.psafe.msuite.ads_free_12mo_13.90",22,16
"2025-01-27","Brazil","com.psafe.msuite.adsfree_lto_12mo",13,13
"2025-01-27","Bangladesh","(not set)",7,1
"2025-01-27","India","com.psafe.msuite.pro_3day_trial_12mo49.9",7,1
"2025-01-27","United States","(not set)",4,4
"2025-01-27","United States","com.psafe.msuite.pro_12mo_49.90,com.psafe.msuite.ultra_12mo_59.90",2,1
"2025-01-27","India","(not set)",1,1
"2025-01-27","Mexico","(not set)",1,1
"2025-01-27","Mexico","com.psafe.msuite.pro_lto_12mo_39.90",1,1
"2025-01-27","United States","com.psafe.msuite.ads_free_12mo_13.90",1,1
"2025-01-28","Brazil","com.psafe.msuite.pro_lto_12mo_39.90",197,31
"2025-01-28","Brazil","(not set)",145,73
"2025-01-28","Brazil","com.psafe.msuite.ultra_12mo_59.90",78,13
"2025-01-28","Brazil","com.psafe.msuite.ads_free_12mo_13.90",35,27
"2025-01-28","Brazil","com.psafe.msuite.adsfree_lto_12mo",13,13
"2025-01-28","United States","(not set)",9,7
"2025-01-28","Malaysia","(not set)",7,1
"2025-01-28","South Africa","(not set)",7,1
"2025-01-28","Dominican Republic","(not set)",3,1
"2025-01-28","United States","com.psafe.msuite.pro_lto_12mo_39.90",3,3
"2025-01-28","Indonesia","(not set)",2,1
"2025-01-28","Indonesia","com.psafe.msuite.ads_free_12mo_13.90",2,1
"2025-01-28","South Africa","com.psafe.msuite.ultra_12mo_59.90",2,1
"2025-01-28","Tanzania","(not set)",2,1
"2025-01-28","United States","com.psafe.msuite.ads_free_12mo_13.90",2,2
"2025-01-28","Finland","(not set)",1,1
"2025-01-28","Finland","com.psafe.msuite.ultra_12mo_59.90",1,1
"2025-01-28","Mexico","com.psafe.msuite.pro_lto_12mo_39.90",1,1
"2025-01-28","Portugal","com.psafe.msuite.adsfree_lto_12mo",1,1
"2025-01-28","United States","com.psafe.msuite.adsfree_lto_12mo",1,1
"2025-01-29","Brazil","(not set)",127,74
"2025-01-29","Brazil","com.psafe.msuite.pro_lto_12mo_39.90",35,28
"2025-01-29","Brazil","com.psafe.msuite.ads_free_12mo_13.90",21,18
"2025-01-29","Brazil","com.psafe.msuite.ultra_12mo_59.90",14,11
"2025-01-29","Brazil","com.psafe.msuite.adsfree_lto_12mo",12,12
"2025-01-29","United States","com.psafe.msuite.ultra_12mo_59.90",8,1
"2025-01-29","United States","(not set)",4,3
"2025-01-29","United States","com.psafe.msuite.ads_free_12mo_13.90",1,1
"2025-01-29","United States","com.psafe.msuite.adsfree_lto_12mo",1,1
"2025-01-30","Brazil","(not set)",135,50
"2025-01-30","Brazil","com.psafe.msuite.ultra_12mo_59.90",33,11
"2025-01-30","Brazil","com.psafe.msuite.pro_3day_trial_12mo49.9",23,1
"2025-01-30","Brazil","com.psafe.msuite.pro_lto_12mo_39.90",22,22
"2025-01-30","United States","(not set)",18,5
"2025-01-30","United States","com.psafe.msuite.ultra_12mo_59.90",13,3
"2025-01-30","Brazil","com.psafe.msuite.ads_free_12mo_13.90",12,9
"2025-01-30","Brazil","com.psafe.msuite.adsfree_lto_12mo",10,10
"2025-01-30","Egypt","(not set)",6,1
"2025-01-30","Pakistan","com.psafe.msuite.ultra_12mo_59.90",6,1
"2025-01-30","Argentina","(not set)",4,2
"2025-01-30","United States","com.psafe.msuite.pro_lto_12mo_39.90",3,3
"2025-01-30","United States","com.psafe.msuite.ads_free_12mo_13.90",2,1
"2025-01-30","Brazil","com.psafe.msuite.ads_free_12mo_13.90,com.psafe.msuite.pro_1mo_3.90,com.psafe.msuite.pro_3day_trial_12mo49.9,com.psafe.msuite.ultra_1mo_16.90,com.psafe.msuite.ultra_12mo_59.90",1,1
"2025-01-30","Indonesia","com.psafe.msuite.adsfree_lto_12mo",1,1
"2025-01-30","Indonesia","com.psafe.msuite.pro_lto_12mo_39.90",1,1
"2025-01-30","Jamaica","(not set)",1,1
"2025-01-30","Pakistan","com.psafe.msuite.pro_lto_12mo_39.90",1,1
"2025-01-30","Venezuela","(not set)",1,1
"2025-01-31","Brazil","(not set)",109,48
"2025-01-31","Brazil","com.psafe.msuite.ultra_12mo_59.90",28,9
"2025-01-31","Brazil","com.psafe.msuite.pro_lto_12mo_39.90",19,19
"2025-01-31","Brazil","com.psafe.msuite.adsfree_lto_12mo",16,8
"2025-01-31","Brazil","com.psafe.msuite.ads_free_12mo_13.90",11,9
"2025-01-31","United States","(not set)",10,5
"2025-01-31","United States","com.psafe.msuite.ultra_12mo_59.90",7,2
"2025-01-31","United States","com.psafe.msuite.ads_free_12mo_13.90",4,3
"2025-01-31","Brazil","com.psafe.msuite.pro_12mo_49.90,com.psafe.msuite.ultra_12mo_59.90",3,1
"2025-01-31","Chile","(not set)",2,1
"2025-01-31","Mexico","(not set)",1,1
"2025-01-31","Mexico","com.psafe.msuite.ads_free_12mo_13.90",1,1
"2025-01-31","Mexico","com.psafe.msuite.adsfree_lto_12mo",1,1
"2025-01-31","Mexico","com.psafe.msuite.pro_lto_12mo_39.90",1,1
"2025-01-31","Papua New Guinea","(not set)",1,1
"2025-01-31","United States","com.psafe.msuite.adsfree_lto_12mo",1,1
"2025-01-31","United States","com.psafe.msuite.pro_lto_12mo_39.90",1,1
"2025-02-01","Brazil","com.psafe.msuite.pro_lto_12mo_39.90",192,33
"2025-02-01","Brazil","(not set)",112,51
"2025-02-01","Brazil","com.psafe.msuite.ultra_12mo_59.90",100,18
"2025-02-01","Brazil","com.psafe.msuite.ads_free_12mo_13.90",15,11
"2025-02-01","United States","com.psafe.msuite.ultra_12mo_59.90",12,1
"2025-02-01","Brazil","com.psafe.msuite.adsfree_lto_12mo",11,11
"2025-02-01","Egypt","(not set)",7,1
"2025-02-01","Malaysia","(not set)",7,1
"2025-02-01","United States","(not set)",5,3
"2025-02-01","Nigeria","(not set)",2,1
"2025-02-01","United States","com.psafe.msuite.adsfree_lto_12mo",2,1
"2025-02-01","Brazil","com.psafe.msuite.ads_free_12mo_13.90,com.psafe.msuite.pro_1mo_3.90,com.psafe.msuite.pro_3day_trial_12mo49.9,com.psafe.msuite.ultra_1mo_16.90,com.psafe.msuite.ultra_12mo_59.90",1,1
"2025-02-01","Brazil","com.psafe.msuite.pro_3day_trial_12mo49.9",1,1
"2025-02-01","Iran","(not set)",1,1
"2025-02-01","United States","com.psafe.msuite.pro_lto_12mo_39.90",1,1
"2025-02-02","Brazil","(not set)",139,66
"2025-02-02","Brazil","com.psafe.msuite.ultra_12mo_59.90",47,13
"2025-02-02","Brazil","com.psafe.msuite.pro_lto_12mo_39.90",16,16
"2025-02-02","Bangladesh","(not set)",14,1
"2025-02-02","Bangladesh","com.psafe.msuite.ultra_12mo_59.90",13,1
"2025-02-02","Brazil","com.psafe.msuite.ads_free_12mo_13.90",13,12
"2025-02-02","Brazil","com.psafe.msuite.adsfree_lto_12mo",9,9
"2025-02-02","United States","(not set)",9,6
"2025-02-02","United States","com.psafe.msuite.ultra_12mo_59.90",8,2
"2025-02-02","Egypt","(not set)",6,1
"2025-02-02","India","(not set)",6,1
"2025-02-02","Brazil","com.psafe.msuite.ads_free_12mo_13.90,com.psafe.msuite.pro_1mo_3.90,com.psafe.msuite.pro_3day_trial_12mo49.9,com.psafe.msuite.ultra_1mo_16.90,com.psafe.msuite.ultra_12mo_59.90",4,2
"2025-02-02","United States","com.psafe.msuite.ads_free_12mo_13.90",3,3
"2025-02-02","Mexico","(not set)",2,1
"2025-02-02","Brazil","com.psafe.msuite.pro_12mo_49.90,com.psafe.msuite.ultra_12mo_59.90",1,1
"2025-02-02","Mexico","com.psafe.msuite.adsfree_lto_12mo",1,1
"2025-02-02","Mexico","com.psafe.msuite.pro_lto_12mo_39.90",1,1
"2025-02-02","Portugal","com.psafe.msuite.ultra_12mo_59.90",1,1
"2025-02-02","United States","com.psafe.msuite.adsfree_lto_12mo",1,1
"2025-02-02","United States","com.psafe.msuite.pro_3day_trial_12mo49.9",1,1
"2025-02-02","United States","com.psafe.msuite.pro_lto_12mo_39.90",1,1
"2025-02-03","Brazil","(not set)",121,68
"2025-02-03","Brazil","com.psafe.msuite.ultra_12mo_59.90",51,17
"2025-02-03","Brazil","com.psafe.msuite.adsfree_lto_12mo",30,15
"2025-02-03","Brazil","com.psafe.msuite.ads_free_12mo_13.90",25,17
"2025-02-03","Brazil","com.psafe.msuite.pro_lto_12mo_39.90",21,21
"2025-02-03","Iran","(not set)",10,2
"2025-02-03","United States","(not set)",9,6
"2025-02-03","Egypt","(not set)",8,1
"2025-02-03","United States","com.psafe.msuite.ultra_12mo_59.90",8,2
"2025-02-03","Brazil","com.psafe.msuite.ads_free_12mo_13.90,com.psafe.msuite.pro_1mo_3.90,com.psafe.msuite.pro_3day_trial_12mo49.9,com.psafe.msuite.ultra_1mo_16.90,com.psafe.msuite.ultra_12mo_59.90",5,2
"2025-02-03","United States","com.psafe.msuite.ads_free_12mo_13.90",3,2
"2025-02-03","Colombia","(not set)",1,1
"2025-02-03","United States","com.psafe.msuite.adsfree_lto_12mo",1,1
"2025-02-03","United States","com.psafe.msuite.pro_lto_12mo_39.90",1,1
"2025-02-04","Brazil","(not set)",265,51
"2025-02-04","Brazil","com.psafe.msuite.pro_lto_12mo_39.90",28,28
"2025-02-04","Brazil","com.psafe.msuite.ads_free_12mo_13.90",19,15
"2025-02-04","Brazil","com.psafe.msuite.adsfree_lto_12mo",18,18
"2025-02-04","Brazil","com.psafe.msuite.ultra_12mo_59.90",12,8
"2025-02-04","United States","com.psafe.msuite.ultra_12mo_59.90",10,1
"2025-02-04","Egypt","com.psafe.msuite.ultra_12mo_59.90",8,1
"2025-02-04","United States","(not set)",4,4
"2025-02-04","Iran","(not set)",2,1
"2025-02-04","Brazil","com.psafe.msuite.ads_free_12mo_13.90,com.psafe.msuite.pro_1mo_3.90,com.psafe.msuite.pro_3day_trial_12mo49.9,com.psafe.msuite.ultra_1mo_16.90,com.psafe.msuite.ultra_12mo_59.90",1,1
"2025-02-04","Canada","com.psafe.msuite.adsfree_lto_12mo",1,1
"2025-02-04","Canada","com.psafe.msuite.pro_lto_12mo_39.90",1,1
"2025-02-04","Egypt","(not set)",1,1
"2025-02-04","Egypt","com.psafe.msuite.adsfree_lto_12mo",1,1
"2025-02-04","Guatemala","(not set)",1,1
"2025-02-04","Tunisia","com.psafe.msuite.ultra_12mo_59.90",1,1
"2025-02-04","United States","com.psafe.msuite.adsfree_lto_12mo",1,1
"2025-02-04","United States","com.psafe.msuite.pro_lto_12mo_39.90",1,1
"2025-02-05","Brazil","(not set)",167,76
"2025-02-05","Brazil","com.psafe.msuite.ultra_12mo_59.90",59,21
"2025-02-05","Brazil","com.psafe.msuite.ads_free_12mo_13.90",27,17
"2025-02-05","Brazil","com.psafe.msuite.pro_lto_12mo_39.90",19,19
"2025-02-05","Bangladesh","(not set)",10,1
"2025-02-05","Brazil","com.psafe.msuite.adsfree_lto_12mo",10,10
"2025-02-05","United States","com.psafe.msuite.ultra_12mo_59.90",8,1
"2025-02-05","Malaysia","(not set)",6,1
"2025-02-05","United States","(not set)",6,4
"2025-02-05","United States","com.psafe.msuite.pro_lto_12mo_39.90",2,1
"2025-02-05","Brazil","com.psafe.msuite.ads_free_12mo_13.90,com.psafe.msuite.pro_1mo_3.90,com.psafe.msuite.pro_3day_trial_12mo49.9,com.psafe.msuite.ultra_1mo_16.90,com.psafe.msuite.ultra_12mo_59.90",1,1
"2025-02-05","Mexico","com.psafe.msuite.ads_free_12mo_13.90",1,1
"2025-02-05","Saudi Arabia","com.psafe.msuite.adsfree_lto_12mo",1,1
"2025-02-05","United States","com.psafe.msuite.adsfree_lto_12mo",1,1
"2025-02-06","Brazil","(not set)",131,64
"2025-02-06","Brazil","com.psafe.msuite.ultra_12mo_59.90",61,14
"2025-02-06","Brazil","com.psafe.msuite.pro_lto_12mo_39.90",23,16
"2025-02-06","Brazil","com.psafe.msuite.adsfree_lto_12mo",15,7
"2025-02-06","United States","(not set)",13,3
"2025-02-06","Brazil","com.psafe.msuite.ads_free_12mo_13.90",11,9
"2025-02-06","Bangladesh","com.psafe.msuite.ultra_12mo_59.90",7,1
"2025-02-06","Bangladesh","(not set)",6,1
"2025-02-06","Guatemala","(not set)",6,1
"2025-02-06","Mexico","com.psafe.msuite.adsfree_lto_12mo",3,1
"2025-02-06","Egypt","com.psafe.msuite.ultra_12mo_59.90",2,1
"2025-02-06","Jamaica","(not set)",2,1
"2025-02-06","Brazil","0.0",1,1
"2025-02-06","India","(not set)",1,1
"2025-02-06","United States","com.psafe.msuite.pro_lto_12mo_39.90",1,1
"2025-02-07","Brazil","(not set)",129,56
"2025-02-07","Brazil","com.psafe.msuite.ultra_12mo_59.90",43,12
"2025-02-07","Brazil","com.psafe.msuite.pro_lto_12mo_39.90",18,18
"2025-02-07","United States","com.psafe.msuite.ultra_12mo_59.90",15,2
"2025-02-07","Brazil","com.psafe.msuite.adsfree_lto_12mo",12,12
"2025-02-07","Brazil","com.psafe.msuite.ads_free_12mo_13.90",11,8
"2025-02-07","United States","(not set)",10,6
"2025-02-07","Iran","com.psafe.msuite.ultra_12mo_59.90",9,1
"2025-02-07","Brazil","com.psafe.msuite.ultra_12mo",8,1
"2025-02-07","Iran","(not set)",7,1
"2025-02-07","United States","com.psafe.msuite.pro_lto_12mo_39.90",4,4
"2025-02-07","Guatemala","com.psafe.msuite.adsfree_lto_12mo",1,1
"2025-02-07","India","(not set)",1,1
"2025-02-08","Brazil","(not set)",181,59
"2025-02-08","Brazil","com.psafe.msuite.ultra_12mo_59.90",21,8
"2025-02-08","Brazil","com.psafe.msuite.ads_free_12mo_13.90",16,13
"2025-02-08","Brazil","com.psafe.msuite.pro_lto_12mo_39.90",16,16
"2025-02-08","United States","com.psafe.msuite.ultra_12mo_59.90",13,2
"2025-02-08","United States","(not set)",12,9
"2025-02-08","Brazil","com.psafe.msuite.adsfree_lto_12mo",6,6
"2025-02-08","India","com.psafe.msuite.ultra_12mo_59.90",6,1
"2025-02-08","Mexico","com.psafe.msuite.adsfree_lto_12mo",1,1
"2025-02-08","United States","com.psafe.msuite.ads_free_12mo_13.90",1,1
"2025-02-08","United States","com.psafe.msuite.adsfree_lto_12mo",1,1
"2025-02-09","Brazil","(not set)",201,56
"2025-02-09","Brazil","com.psafe.msuite.pro_lto_12mo_39.90",22,21
"2025-02-09","Brazil","com.psafe.msuite.ultra_12mo_59.90",18,8
"2025-02-09","Brazil","com.psafe.msuite.adsfree_lto_12mo",14,14
"2025-02-09","Brazil","com.psafe.msuite.ads_free_12mo_13.90",13,9
"2025-02-09","United States","(not set)",9,4
"2025-02-09","United States","com.psafe.msuite.ultra_12mo_59.90",7,2
"2025-02-09","Brazil","com.psafe.msuite.ultra_12mo",1,1
"2025-02-09","Guatemala","com.psafe.msuite.ads_free_12mo_13.90",1,1
"2025-02-09","Iran","(not set)",1,1
"2025-02-09","Mexico","com.psafe.msuite.ads_free_12mo_13.90",1,1
"2025-02-09","Mexico","com.psafe.msuite.adsfree_lto_12mo",1,1
"2025-02-09","United States","com.psafe.msuite.ads_free_12mo_13.90",1,1
"2025-02-09","United States","com.psafe.msuite.adsfree_lto_12mo",1,1
"2025-02-09","United States","com.psafe.msuite.pro_lto_12mo_39.90",1,1
"2025-02-10","Brazil","(not set)",83,44
"2025-02-10","Brazil","com.psafe.msuite.ultra_12mo_59.90",43,8
"2025-02-10","Brazil","com.psafe.msuite.pro_lto_12mo_39.90",26,25
"2025-02-10","Nigeria","(not set)",21,1
"2025-02-10","Brazil","com.psafe.msuite.adsfree_lto_12mo",14,14
"2025-02-10","Brazil","com.psafe.msuite.ads_free_12mo_13.90",13,11
"2025-02-10","Egypt","(not set)",13,1
"2025-02-10","Brazil","com.psafe.msuite.ads_free_12mo_13.90,com.psafe.msuite.pro_1mo_3.90,com.psafe.msuite.pro_3day_trial_12mo49.9,com.psafe.msuite.ultra_1mo_16.90,com.psafe.msuite.ultra_12mo_59.90",3,2
"2025-02-10","Jamaica","(not set)",2,1
"2025-02-10","Mexico","(not set)",1,1
"2025-02-10","Mexico","com.psafe.msuite.ads_free_12mo_13.90",1,1
"2025-02-10","United States","(not set)",1,1
"2025-02-10","United States","com.psafe.msuite.ads_free_12mo_13.90",1,1
"2025-02-10","United States","com.psafe.msuite.adsfree_lto_12mo",1,1
"2025-02-10","United States","com.psafe.msuite.pro_lto_12mo_39.90",1,1
"2025-02-11","Brazil","(not set)",120,46
"2025-02-11","Brazil","com.psafe.msuite.ultra_12mo_59.90",98,8
"2025-02-11","Brazil","com.psafe.msuite.pro_lto_12mo_39.90",17,17
"2025-02-11","Brazil","com.psafe.msuite.ads_free_12mo_13.90",10,8
"2025-02-11","India","(not set)",8,1
"2025-02-11","Poland","(not set)",8,1
"2025-02-11","United States","(not set)",8,5
"2025-02-11","Brazil","com.psafe.msuite.adsfree_lto_12mo",7,7
"2025-02-11","Philippines","(not set)",2,1
"2025-02-11","United States","com.psafe.msuite.pro_lto_12mo_39.90",2,2
"2025-02-11","Indonesia","com.psafe.msuite.ultra_12mo_59.90",1,1
"2025-02-11","Nigeria","(not set)",1,1
"2025-02-11","United States","0.0",1,1
"2025-02-11","United States","com.psafe.msuite.adsfree_lto_12mo",1,1
"2025-02-12","Brazil","(not set)",142,66
"2025-02-12","Brazil","com.psafe.msuite.ultra_12mo_59.90",18,7
"2025-02-12","Brazil","com.psafe.msuite.pro_lto_12mo_39.90",16,16
"2025-02-12","Brazil","com.psafe.msuite.ads_free_12mo_13.90",15,10
"2025-02-12","Pakistan","(not set)",13,1
"2025-02-12","Pakistan","com.psafe.msuite.ultra_12mo_59.90",8,1
"2025-02-12","United States","com.psafe.msuite.ultra_12mo_59.90",8,2
"2025-02-12","Brazil","com.psafe.msuite.adsfree_lto_12mo",7,7
"2025-02-12","United States","(not set)",7,5
"2025-02-12","Bangladesh","(not set)",6,1
"2025-02-12","Egypt","(not set)",6,1
"2025-02-12","Tunisia","(not set)",4,1
"2025-02-12","United States","com.psafe.msuite.ads_free_12mo_13.90",3,2
"2025-02-12","Ghana","(not set)",1,1
"2025-02-12","Venezuela","(not set)",1,1
"2025-02-13","Brazil","(not set)",146,65
"2025-02-13","Brazil","com.psafe.msuite.ultra_12mo_59.90",41,12
"2025-02-13","Brazil","com.psafe.msuite.ads_free_12mo_13.90",16,12
"2025-02-13","Brazil","com.psafe.msuite.pro_lto_12mo_39.90",16,16
"2025-02-13","Brazil","com.psafe.msuite.adsfree_lto_12mo",13,13
"2025-02-13","Pakistan","(not set)",6,1
"2025-02-13","United States","com.psafe.msuite.ultra_12mo_59.90",6,1
"2025-02-13","United States","(not set)",4,4
"2025-02-13","United States","com.psafe.msuite.pro_lto_12mo_39.90",4,2
"2025-02-13","Iran","(not set)",3,2
"2025-02-13","United States","com.psafe.msuite.ads_free_12mo_13.90",2,2
"2025-02-13","United States","com.psafe.msuite.adsfree_lto_12mo",2,2
"2025-02-13","Egypt","(not set)",1,1
"2025-02-13","Indonesia","com.psafe.msuite.ads_free_12mo_13.90",1,1
"2025-02-13","Indonesia","com.psafe.msuite.ultra_12mo_59.90",1,1
"2025-02-14","Brazil","(not set)",145,55
"2025-02-14","Saudi Arabia","(not set)",68,3
"2025-02-14","Brazil","com.psafe.msuite.ultra_12mo_59.90",33,9
"2025-02-14","Saudi Arabia","com.psafe.msuite.ultra_12mo_59.90",26,1
"2025-02-14","Brazil","com.psafe.msuite.pro_lto_12mo_39.90",16,16
"2025-02-14","Brazil","com.psafe.msuite.adsfree_lto_12mo",9,9
"2025-02-14","Brazil","com.psafe.msuite.ads_free_12mo_13.90",7,6
"2025-02-14","United States","(not set)",6,6
"2025-02-14","United Kingdom","(not set)",3,1
"2025-02-14","Mexico","(not set)",2,1
"2025-02-14","United Kingdom","com.psafe.msuite.ultra_12mo_59.90",2,1
"2025-02-14","United States","com.psafe.msuite.ads_free_12mo_13.90",2,2
"2025-02-14","Honduras","(not set)",1,1
"2025-02-14","Mexico","com.psafe.msuite.pro_lto_12mo_39.90",1,1
"2025-02-14","United States","com.psafe.msuite.pro_lto_12mo_39.90",1,1
"2025-02-15","Brazil","(not set)",109,55
"2025-02-15","Brazil","com.psafe.msuite.pro_lto_12mo_39.90",20,14
"2025-02-15","Brazil","com.psafe.msuite.ultra_12mo_59.90",19,5
"2025-02-15","Brazil","com.psafe.msuite.ads_free_12mo_13.90",17,14
"2025-02-15","Brazil","com.psafe.msuite.adsfree_lto_12mo",7,7
"2025-02-15","New Zealand","(not set)",7,2
"2025-02-15","United States","com.psafe.msuite.ultra_12mo_59.90",7,2
"2025-02-15","Pakistan","(not set)",6,1
"2025-02-15","India","(not set)",5,1
"2025-02-15","Brazil","com.psafe.msuite.pro_3day_trial_12mo49.9",4,1
"2025-02-15","United States","(not set)",4,3
"2025-02-15","Italy","(not set)",2,1
"2025-02-15","Italy","com.psafe.msuite.ads_free_12mo_13.90",1,1
"2025-02-15","United States","com.psafe.msuite.adsfree_lto_12mo",1,1
"2025-02-15","United States","com.psafe.msuite.pro_lto_12mo_39.90",1,1
"2025-02-16","Brazil","(not set)",134,55
"2025-02-16","Brazil","com.psafe.msuite.ultra_12mo_59.90",42,10
"2025-02-16","United States","com.psafe.msuite.ultra_12mo_59.90",19,3
"2025-02-16","Brazil","com.psafe.msuite.adsfree_lto_12mo",18,11
"2025-02-16","Brazil","com.psafe.msuite.pro_lto_12mo_39.90",12,12
"2025-02-16","Brazil","com.psafe.msuite.ads_free_12mo_13.90",11,8
"2025-02-16","United States","(not set)",8,3
"2025-02-16","Jordan","(not set)",6,1
"2025-02-16","Italy","com.psafe.msuite.pro_3day_trial_12mo49.9",5,1
"2025-02-16","Brazil","com.psafe.msuite.pro_3day_trial_12mo49.9",2,1
"2025-02-16","United States","com.psafe.msuite.ads_free_12mo_13.90",1,1
"2025-02-16","United States","com.psafe.msuite.pro_1mo_3.90,com.psafe.msuite.pro_3day_trial_12mo49.9",1,1
"2025-02-17","Brazil","(not set)",127,59
"2025-02-17","Brazil","com.psafe.msuite.ultra_12mo_59.90",45,11
"2025-02-17","Brazil","com.psafe.msuite.pro_lto_12mo_39.90",30,28
"2025-02-17","United States","(not set)",24,10
"2025-02-17","Brazil","com.psafe.msuite.ads_free_12mo_13.90",17,13
"2025-02-17","Brazil","com.psafe.msuite.adsfree_lto_12mo",12,12
"2025-02-17","United States","com.psafe.msuite.ultra_12mo_59.90",10,3
"2025-02-17","United States","com.psafe.msuite.pro_lto_12mo_39.90",3,3
"2025-02-17","Brazil","com.psafe.msuite.ads_free_12mo_13.90,com.psafe.msuite.pro_1mo_3.90,com.psafe.msuite.pro_3day_trial_12mo49.9,com.psafe.msuite.ultra_1mo_16.90,com.psafe.msuite.ultra_12mo_59.90",2,1
"2025-02-17","Brazil","com.psafe.msuite.pro_3day_trial_12mo49.9",1,1
"2025-02-17","Mexico","com.psafe.msuite.pro_lto_12mo_39.90",1,1
"2025-02-18","Brazil","(not set)",96,53
"2025-02-18","Brazil","com.psafe.msuite.ultra_12mo_59.90",56,10
"2025-02-18","India","(not set)",30,2
"2025-02-18","India","com.psafe.msuite.ultra_12mo_59.90",23,2
"2025-02-18","Brazil","com.psafe.msuite.pro_lto_12mo_39.90",20,20
"2025-02-18","United States","com.psafe.msuite.ultra_1mo_16.90,com.psafe.msuite.ultra_12mo_59.90",18,1
"2025-02-18","Brazil","com.psafe.msuite.adsfree_lto_12mo",16,12
"2025-02-18","Brazil","com.psafe.msuite.ads_free_12mo_13.90",14,12
"2025-02-18","United States","(not set)",7,5
"2025-02-18","United States","com.psafe.msuite.ultra_12mo_59.90",7,2
"2025-02-18","United States","com.psafe.msuite.ads_free_12mo_13.90",3,3
"2025-02-18","Egypt","(not set)",2,1
"2025-02-18","Iran","(not set)",2,1
"2025-02-18","Puerto Rico","com.psafe.msuite.ads_free_12mo_13.90",1,1
"2025-02-18","United States","com.psafe.msuite.pro_lto_12mo_39.90",1,1
"2025-02-19","Brazil","(not set)",131,54
"2025-02-19","Brazil","com.psafe.msuite.ultra_12mo_59.90",28,10
"2025-02-19","Mexico","(not set)",23,3
"2025-02-19","Brazil","com.psafe.msuite.pro_lto_12mo_39.90",18,17
"2025-02-19","Brazil","com.psafe.msuite.adsfree_lto_12mo",17,17
"2025-02-19","United States","(not set)",12,5
"2025-02-19","Brazil","com.psafe.msuite.ads_free_12mo_13.90",11,7
"2025-02-19","Egypt","(not set)",10,1
"2025-02-19","United States","com.psafe.msuite.ultra_12mo_59.90",10,1
"2025-02-19","Iran","(not set)",8,2
"2025-02-19","Algeria","(not set)",7,1
"2025-02-19","United States","com.psafe.msuite.ultra_1mo_16.90,com.psafe.msuite.ultra_12mo_59.90",6,1
"2025-02-19","India","(not set)",3,2
"2025-02-19","United States","com.psafe.msuite.pro_lto_12mo_39.90",3,3
"2025-02-19","Russia","(not set)",2,1
"2025-02-19","France","(not set)",1,1
"2025-02-19","Honduras","com.psafe.msuite.pro_1mo_3.90,com.psafe.msuite.pro_3day_trial_12mo49.9",1,1
"2025-02-19","United States","com.psafe.msuite.ads_free_12mo_13.90",1,1
"2025-02-20","Brazil","(not set)",133,62
"2025-02-20","Brazil","com.psafe.msuite.pro_lto_12mo_39.90",22,21
"2025-02-20","Brazil","com.psafe.msuite.ultra_12mo_59.90",19,5
"2025-02-20","Netherlands","com.psafe.msuite.ultra_12mo_59.90",11,1
"2025-02-20","Brazil","com.psafe.msuite.ads_free_12mo_13.90",10,9
"2025-02-20","Brazil","com.psafe.msuite.adsfree_lto_12mo",10,10
"2025-02-20","Egypt","(not set)",10,1
"2025-02-20","India","(not set)",10,1
"2025-02-20","Guinea-Bissau","(not set)",8,1
"2025-02-20","United States","com.psafe.msuite.ultra_12mo_59.90",6,1
"2025-02-20","United States","(not set)",5,4
"2025-02-20","Pakistan","(not set)",4,1
"2025-02-20","Algeria","com.psafe.msuite.ultra_12mo_59.90",3,1
"2025-02-20","Indonesia","(not set)",3,2
"2025-02-20","United States","com.psafe.msuite.pro_lto_12mo_39.90",3,3
"2025-02-20","Algeria","(not set)",2,1
"2025-02-20","Guinea-Bissau","com.psafe.msuite.ultra_12mo_59.90",2,1
"2025-02-20","Egypt","com.psafe.msuite.adsfree_lto_12mo",1,1
"2025-02-20","Egypt","com.psafe.msuite.pro_lto_12mo_39.90",1,1
"2025-02-21","Brazil","(not set)",99,56
"2025-02-21","Brazil","com.psafe.msuite.pro_lto_12mo_39.90",18,12
"2025-02-21","Brazil","com.psafe.msuite.ultra_12mo_59.90",17,4
"2025-02-21","Bangladesh","(not set)",14,1
"2025-02-21","Brazil","com.psafe.msuite.ads_free_12mo_13.90",11,9
"2025-02-21","Bangladesh","com.psafe.msuite.ultra_12mo_59.90",9,1
"2025-02-21","United States","com.psafe.msuite.ultra_12mo_59.90",8,2
"2025-02-21","Brazil","com.psafe.msuite.adsfree_lto_12mo",7,7
"2025-02-21","India","(not set)",7,2
"2025-02-21","United States","(not set)",5,3
"2025-02-21","Algeria","(not set)",3,1
"2025-02-21","Philippines","com.psafe.msuite.ultra_12mo_59.90",2,1
"2025-02-21","Bangladesh","com.psafe.msuite.adsfree_lto_12mo",1,1
"2025-02-21","Mexico","(not set)",1,1
"2025-02-21","Mexico","com.psafe.msuite.pro_lto_12mo_39.90",1,1
"2025-02-21","United States","com.psafe.msuite.adsfree_lto_12mo",1,1
"2025-02-22","Brazil","(not set)",151,58
"2025-02-22","Brazil","com.psafe.msuite.ultra_12mo_59.90",60,10
"2025-02-22","Brazil","com.psafe.msuite.pro_lto_12mo_39.90",20,19
"2025-02-22","United States","(not set)",17,6
"2025-02-22","Brazil","com.psafe.msuite.ads_free_12mo_13.90",9,9
"2025-02-22","United States","com.psafe.msuite.pro_lto_12mo_39.90",9,1
"2025-02-22","United States","com.psafe.msuite.ultra_12mo_59.90",9,3
"2025-02-22","Indonesia","(not set)",8,1
"2025-02-22","United States","com.psafe.msuite.adsfree_lto_12mo",8,2
"2025-02-22","Brazil","com.psafe.msuite.adsfree_lto_12mo",6,6
"2025-02-22","Bangladesh","(not set)",1,1
"2025-02-22","Brazil","com.psafe.msuite.ads_free_12mo_13.90,com.psafe.msuite.pro_1mo_3.90,com.psafe.msuite.pro_3day_trial_12mo49.9,com.psafe.msuite.ultra_1mo_16.90,com.psafe.msuite.ultra_12mo_59.90",1,1
"2025-02-22","Philippines","(not set)",1,1
"2025-02-22","Portugal","(not set)",1,1
"2025-02-22","United States","com.psafe.msuite.ads_free_12mo_13.90",1,1
"2025-02-22","United States","com.psafe.msuite.pro_3day_trial_12mo49.9",1,1
"2025-02-23","Brazil","com.psafe.msuite.pro_lto_12mo_39.90",450,18
"2025-02-23","Brazil","(not set)",127,53
"2025-02-23","Brazil","com.psafe.msuite.ultra_12mo_59.90",53,15
"2025-02-23","Brazil","com.psafe.msuite.ads_free_12mo_13.90",18,15
"2025-02-23","United States","(not set)",14,8
"2025-02-23","Mexico","(not set)",13,1
"2025-02-23","United States","com.psafe.msuite.ultra_12mo_59.90",10,3
"2025-02-23","Brazil","com.psafe.msuite.adsfree_lto_12mo",9,9
"2025-02-23","Argentina","(not set)",6,1
"2025-02-23","United States","com.psafe.msuite.pro_lto_12mo_39.90",3,3
"2025-02-23","Egypt","(not set)",2,1
"2025-02-23","Philippines","(not set)",2,1
"2025-02-23","Saudi Arabia","com.psafe.msuite.ultra_12mo_59.90",2,1
"2025-02-23","United States","com.psafe.msuite.adsfree_lto_12mo",2,2
"2025-02-23","Mexico","com.psafe.msuite.adsfree_lto_12mo",1,1
"2025-02-23","Puerto Rico","com.psafe.msuite.ads_free_12mo_13.90",1,1
"2025-02-23","United States","com.psafe.msuite.pro_3day_trial_12mo49.9",1,1
"2025-02-24","Brazil","(not set)",123,52
"2025-02-24","Brazil","com.psafe.msuite.ultra_12mo_59.90",43,9
"2025-02-24","United States","com.psafe.msuite.ultra_12mo_59.90",11,3
"2025-02-24","Bangladesh","(not set)",10,1
"2025-02-24","United States","(not set)",10,6
"2025-02-24","Brazil","com.psafe.msuite.ads_free_12mo_13.90",9,8
"2025-02-24","Brazil","com.psafe.msuite.pro_lto_12mo_39.90",9,9
"2025-02-24","Morocco","(not set)",7,1
"2025-02-24","Thailand","com.psafe.msuite.pro_3day_trial_12mo49.9",6,1
"2025-02-24","Bangladesh","com.psafe.msuite.ads_free_12mo_13.90,com.psafe.msuite.pro_1mo_3.90,com.psafe.msuite.pro_3day_trial_12mo49.9,com.psafe.msuite.ultra_1mo_16.90,com.psafe.msuite.ultra_12mo_59.90",3,1
"2025-02-24","United States","com.psafe.msuite.pro_lto_12mo_39.90",3,3
"2025-02-24","Brazil","com.psafe.msuite.adsfree_lto_12mo",2,2
"2025-02-24","Italy","(not set)",1,1
"2025-02-24","Mexico","(not set)",1,1
"2025-02-24","United States","com.psafe.msuite.adsfree_lto_12mo",1,1
"2025-02-25","Brazil","(not set)",122,54
"2025-02-25","United States","(not set)",33,13
"2025-02-25","Brazil","com.psafe.msuite.adsfree_lto_12mo",18,13
"2025-02-25","Brazil","com.psafe.msuite.ultra_12mo_59.90",16,7
"2025-02-25","Brazil","com.psafe.msuite.pro_lto_12mo_39.90",13,13
"2025-02-25","United States","com.psafe.msuite.ultra_12mo_59.90",11,3
"2025-02-25","Brazil","com.psafe.msuite.ads_free_12mo_13.90",10,9
"2025-02-25","Mexico","com.psafe.msuite.ultra_12mo_59.90",9,1
"2025-02-25","United States","com.psafe.msuite.pro_lto_12mo_39.90",3,3
"2025-02-25","Brazil","0.0",2,1
"2025-02-25","Pakistan","(not set)",2,1
"2025-02-25","Jordan","(not set)",1,1
"2025-02-25","Morocco","com.psafe.msuite.pro_lto_12mo_39.90",1,1
"2025-02-25","United States","com.psafe.msuite.ads_free_12mo_13.90",1,1
"2025-02-25","United States","com.psafe.msuite.adsfree_lto_12mo",1,1
"2025-02-26","Brazil","(not set)",225,52
"2025-02-26","Brazil","com.psafe.msuite.ultra_12mo_59.90",47,7
"2025-02-26","Brazil","com.psafe.msuite.pro_lto_12mo_39.90",14,13
"2025-02-26","Brazil","com.psafe.msuite.ads_free_12mo_13.90",13,8
"2025-02-26","Brazil","com.psafe.msuite.adsfree_lto_12mo",9,9
"2025-02-26","Egypt","(not set)",9,1
"2025-02-26","Syria","(not set)",8,1
"2025-02-26","United States","com.psafe.msuite.ultra_12mo",7,1
"2025-02-26","United States","com.psafe.msuite.ultra_12mo_59.90",7,1
"2025-02-26","Algeria","(not set)",6,1
"2025-02-26","Bangladesh","(not set)",6,1
"2025-02-26","Philippines","(not set)",4,2
"2025-02-26","Colombia","(not set)",2,1
"2025-02-26","India","com.psafe.msuite.pro_lto_12mo_39.90",1,1
"2025-02-26","United States","(not set)",1,1
"2025-02-26","United States","com.psafe.msuite.pro_lto_12mo_39.90",1,1
"2025-02-27","Brazil","(not set)",111,38
"2025-02-27","Brazil","com.psafe.msuite.ultra_12mo_59.90",27,5
"2025-02-27","Brazil","com.psafe.msuite.pro_lto_12mo_39.90",17,16
"2025-02-27","Brazil","com.psafe.msuite.ads_free_12mo_13.90",15,11
"2025-02-27","Brazil","com.psafe.msuite.adsfree_lto_12mo",10,10
"2025-02-27","United States","(not set)",5,4
"2025-02-27","Nepal","(not set)",2,1
"2025-02-27","United States","com.psafe.msuite.ads_free_12mo_13.90",2,1
"2025-02-27","Brazil","com.psafe.msuite.pro_1mo_3.90,com.psafe.msuite.pro_3day_trial_12mo49.9",1,1
"2025-02-27","India","(not set)",1,1
"2025-02-27","Mexico","com.psafe.msuite.adsfree_lto_12mo",1,1
"2025-02-27","Philippines","(not set)",1,1
"2025-02-27","United States","com.psafe.msuite.adsfree_lto_12mo",1,1
"2025-02-28","Brazil","(not set)",115,47
"2025-02-28","Brazil","com.psafe.msuite.ultra_12mo_59.90",53,14
"2025-02-28","Brazil","com.psafe.msuite.pro_lto_12mo_39.90",13,13
"2025-02-28","United States","(not set)",13,4
"2025-02-28","United States","com.psafe.msuite.ultra_12mo_59.90",12,2
"2025-02-28","Brazil","com.psafe.msuite.ads_free_12mo_13.90",9,7
"2025-02-28","Brazil","com.psafe.msuite.adsfree_lto_12mo",4,4
"2025-02-28","Malaysia","(not set)",4,1
"2025-02-28","Bolivia","(not set)",2,1
"2025-02-28","United States","com.psafe.msuite.pro_lto_12mo_39.90",2,2
"2025-02-28","Mexico","com.psafe.msuite.pro_lto_12mo_39.90",1,1
"2025-02-28","United States","com.psafe.msuite.adsfree_lto_12mo",1,1
"2025-03-01","Brazil","(not set)",255,30
"2025-03-01","Brazil","com.psafe.msuite.ultra_12mo_59.90",26,12
"2025-03-01","Brazil","com.psafe.msuite.ads_free_12mo_13.90",16,11
"2025-03-01","Brazil","com.psafe.msuite.pro_lto_12mo_39.90",15,15
"2025-03-01","Brazil","com.psafe.msuite.adsfree_lto_12mo",9,9
"2025-03-01","Iran","(not set)",9,2
"2025-03-01","United States","com.psafe.msuite.ultra_12mo_59.90",9,3
"2025-03-01","Indonesia","(not set)",3,1
"2025-03-01","United States","(not set)",3,1
"2025-03-01","United States","com.psafe.msuite.ads_free_12mo_13.90",2,2
"2025-03-01","United States","com.psafe.msuite.pro_lto_12mo_39.90",2,1
"2025-03-01","Australia","com.psafe.msuite.ads_free_12mo_13.90",1,1
"2025-03-01","Brazil","com.psafe.msuite.pro_1mo_3.90,com.psafe.msuite.pro_3day_trial_12mo49.9",1,1
"2025-03-01","Honduras","com.psafe.msuite.pro_lto_12mo_39.90",1,1
"2025-03-01","United States","com.psafe.msuite.adsfree_lto_12mo",1,1
"2025-03-02","Brazil","(not set)",124,55
"2025-03-02","Brazil","com.psafe.msuite.ultra_12mo_59.90",58,7
"2025-03-02","Brazil","com.psafe.msuite.pro_lto_12mo_39.90",16,16
"2025-03-02","Brazil","com.psafe.msuite.adsfree_lto_12mo",11,11
"2025-03-02","United States","com.psafe.msuite.pro_lto_12mo_39.90",10,2
"2025-03-02","Brazil","com.psafe.msuite.ads_free_12mo_13.90",9,8
"2025-03-02","United States","(not set)",7,3
"2025-03-02","United States","com.psafe.msuite.ultra_12mo_59.90",7,2
"2025-03-02","Kuwait","com.psafe.msuite.ultra_12mo_59.90",6,1
"2025-03-02","Nigeria","(not set)",2,2
"2025-03-02","United States","com.psafe.msuite.ads_free_12mo_13.90",2,1
"2025-03-02","Bangladesh","com.psafe.msuite.adsfree_lto_12mo",1,1
"2025-03-02","Mexico","com.psafe.msuite.pro_lto_12mo_39.90",1,1
"2025-03-03","Brazil","com.psafe.msuite.ultra_12mo_59.90",182,23
"2025-03-03","Brazil","com.psafe.msuite.ads_free_12mo_13.90",63,13
"2025-03-03","Brazil","(not set)",62,33
"2025-03-03","Brazil","com.psafe.msuite.pro_lto_12mo_39.90",15,15
"2025-03-03","Brazil","com.psafe.msuite.adsfree_lto_12mo",11,11
"2025-03-03","Egypt","com.psafe.msuite.ultra_12mo_59.90",6,1
"2025-03-03","El Salvador","(not set)",6,1
"2025-03-03","India","(not set)",6,1
"2025-03-03","Indonesia","(not set)",6,1
"2025-03-03","Algeria","(not set)",5,1
"2025-03-03","Brazil","com.psafe.msuite.ads_free_12mo_13.90,com.psafe.msuite.pro_1mo_3.90,com.psafe.msuite.pro_3day_trial_12mo49.9,com.psafe.msuite.ultra_1mo_16.90,com.psafe.msuite.ultra_12mo_59.90",2,2
"2025-03-03","Mexico","(not set)",2,1
"2025-03-03","United States","(not set)",2,1
"2025-03-03","Yemen","com.psafe.msuite.pro_lto_12mo_39.90",2,1
"2025-03-03","Pakistan","com.psafe.msuite.pro_lto_12mo_39.90",1,1
"2025-03-03","United States","com.psafe.msuite.ads_free_12mo_13.90",1,1
"2025-03-03","United States","com.psafe.msuite.adsfree_lto_12mo",1,1
"2025-03-03","United States","com.psafe.msuite.pro_lto_12mo_39.90",1,1
"2025-03-04","Brazil","(not set)",87,44
"2025-03-04","Brazil","com.psafe.msuite.ultra_12mo_59.90",71,22
"2025-03-04","Brazil","com.psafe.msuite.pro_lto_12mo_39.90",21,16
"2025-03-04","Brazil","com.psafe.msuite.ads_free_12mo_13.90",19,14
"2025-03-04","Brazil","com.psafe.msuite.adsfree_lto_12mo",13,8
"2025-03-04","United Arab Emirates","com.psafe.msuite.ultra_12mo_59.90",12,1
"2025-03-04","Philippines","(not set)",8,1
"2025-03-04","Philippines","com.psafe.msuite.ultra_12mo_59.90",7,1
"2025-03-04","Iran","(not set)",6,1
"2025-03-04","United States","(not set)",4,4
"2025-03-04","Indonesia","(not set)",2,1
"2025-03-04","United States","com.psafe.msuite.ads_free_12mo_13.90",2,2
"2025-03-04","Brazil","com.psafe.msuite.ads_free_12mo",1,1
"2025-03-04","Brazil","com.psafe.msuite.ultra_12mo",1,1
"2025-03-04","Germany","com.psafe.msuite.pro_lto_12mo_39.90",1,1
"2025-03-04","United States","com.psafe.msuite.adsfree_lto_12mo",1,1
"2025-03-05","Brazil","(not set)",105,48
"2025-03-05","Brazil","com.psafe.msuite.ultra_12mo_59.90",61,11
"2025-03-05","United States","com.psafe.msuite.ultra_12mo_59.90",20,2
"2025-03-05","United States","(not set)",17,6
"2025-03-05","United States","com.psafe.msuite.ads_free_12mo_13.90",14,1
"2025-03-05","Brazil","com.psafe.msuite.ads_free_12mo_13.90",12,10
"2025-03-05","Brazil","com.psafe.msuite.pro_lto_12mo_39.90",11,11
"2025-03-05","Saudi Arabia","(not set)",11,1
"2025-03-05","Brazil","com.psafe.msuite.adsfree_lto_12mo",7,7
"2025-03-05","Saudi Arabia","com.psafe.msuite.ultra_12mo_59.90",7,1
"2025-03-05","Egypt","(not set)",6,1
"2025-03-05","United States","com.psafe.msuite.pro_12mo_49.90,com.psafe.msuite.ultra_12mo_59.90",3,1
"2025-03-05","Iran","com.psafe.msuite.adsfree_lto_12mo",2,1
"2025-03-05","Mexico","com.psafe.msuite.ads_free_12mo_13.90",2,1
"2025-03-05","United States","com.psafe.msuite.adsfree_lto_12mo",2,2
"2025-03-05","United States","com.psafe.msuite.pro_lto_12mo_39.90",2,2
"2025-03-05","Mexico","(not set)",1,1
"2025-03-06","Brazil","(not set)",76,34
"2025-03-06","Brazil","com.psafe.msuite.ultra_12mo_59.90",71,11
"2025-03-06","Brazil","com.psafe.msuite.pro_lto_12mo_39.90",21,21
"2025-03-06","Brazil","com.psafe.msuite.ads_free_12mo_13.90",20,15
"2025-03-06","United States","com.psafe.msuite.ultra_12mo_59.90",11,3
"2025-03-06","United Arab Emirates","com.psafe.msuite.ultra_12mo_59.90",6,1
"2025-03-06","Brazil","com.psafe.msuite.adsfree_lto_12mo",5,5
"2025-03-06","Indonesia","(not set)",5,1
"2025-03-06","United States","(not set)",4,3
"2025-03-06","Saudi Arabia","(not set)",3,1
"2025-03-06","United States","com.psafe.msuite.pro_lto_12mo_39.90",2,2
"2025-03-06","Brazil","com.psafe.msuite.pro_3day_trial_12mo49.9",1,1
"2025-03-06","Ghana","(not set)",1,1
"2025-03-06","Indonesia","com.psafe.msuite.ultra_12mo_59.90",1,1
"2025-03-06","Saudi Arabia","com.psafe.msuite.ultra_12mo_59.90",1,1
"2025-03-06","United States","com.psafe.msuite.adsfree_lto_12mo",1,1
"2025-03-07","Brazil","(not set)",99,37
"2025-03-07","Brazil","com.psafe.msuite.ultra_12mo_59.90",35,8
"2025-03-07","Brazil","com.psafe.msuite.ads_free_12mo_13.90",15,11
"2025-03-07","Brazil","com.psafe.msuite.adsfree_lto_12mo",15,7
"2025-03-07","Brazil","com.psafe.msuite.pro_lto_12mo_39.90",8,8
"2025-03-07","United States","(not set)",8,2
"2025-03-07","Brazil","com.psafe.msuite.ultra_1mo_16.90,com.psafe.msuite.ultra_12mo_59.90",7,1
"2025-03-07","Morocco","(not set)",6,1
"2025-03-07","United States","com.psafe.msuite.ultra_12mo_59.90",6,1
"2025-03-07","Argentina","(not set)",2,1
"2025-03-07","United States","com.psafe.msuite.pro_lto_12mo_39.90",2,2
"2025-03-07","Saudi Arabia","com.psafe.msuite.ultra_12mo_59.90",1,1
"2025-03-08","Brazil","(not set)",79,42
"2025-03-08","Brazil","com.psafe.msuite.ads_free_12mo_13.90",26,20
"2025-03-08","Brazil","com.psafe.msuite.ultra_12mo_59.90",24,7
"2025-03-08","Brazil","com.psafe.msuite.pro_lto_12mo_39.90",14,14
"2025-03-08","Brazil","com.psafe.msuite.adsfree_lto_12mo",12,12
"2025-03-08","Bangladesh","(not set)",9,1
"2025-03-08","India","com.psafe.msuite.ultra_12mo_59.90",9,2
"2025-03-08","United States","com.psafe.msuite.ultra_12mo_59.90",7,1
"2025-03-08","Algeria","(not set)",6,1
"2025-03-08","India","(not set)",6,1
"2025-03-08","Brazil","com.psafe.msuite.ultra_12mo",3,1
"2025-03-08","Cuba","(not set)",3,1
"2025-03-08","Mexico","(not set)",2,1
"2025-03-08","India","com.psafe.msuite.ultra_1mo_16.90,com.psafe.msuite.ultra_12mo_59.90",1,1
"2025-03-08","Portugal","(not set)",1,1
"2025-03-08","Saudi Arabia","(not set)",1,1
"2025-03-08","United States","(not set)",1,1
"2025-03-08","United States","com.psafe.msuite.ads_free_12mo_13.90",1,1
"2025-03-08","United States","com.psafe.msuite.pro_lto_12mo_39.90",1,1
"2025-03-09","Brazil","(not set)",97,48
"2025-03-09","United States","com.psafe.msuite.ultra_12mo_59.90",24,3
"2025-03-09","Brazil","com.psafe.msuite.ultra_12mo_59.90",19,4
"2025-03-09","United States","com.psafe.msuite.ads_free_12mo_13.90",15,2
"2025-03-09","Brazil","com.psafe.msuite.ads_free_12mo_13.90",14,12
"2025-03-09","Brazil","com.psafe.msuite.pro_lto_12mo_39.90",11,11
"2025-03-09","Vietnam","com.psafe.msuite.ultra_12mo_59.90",10,1
"2025-03-09","Vietnam","(not set)",9,1
"2025-03-09","Brazil","com.psafe.msuite.adsfree_lto_12mo",7,7
"2025-03-09","Saudi Arabia","(not set)",6,1
"2025-03-09","United States","(not set)",5,5
"2025-03-09","India","com.psafe.msuite.ultra_12mo_59.90",3,1
"2025-03-09","Bangladesh","com.psafe.msuite.ads_free_12mo_13.90,com.psafe.msuite.pro_1mo_3.90,com.psafe.msuite.pro_3day_trial_12mo49.9,com.psafe.msuite.ultra_1mo_16.90,com.psafe.msuite.ultra_12mo_59.90",1,1
"2025-03-09","India","com.psafe.msuite.ultra_1mo_16.90,com.psafe.msuite.ultra_12mo_59.90",1,1
"2025-03-09","Mexico","(not set)",1,1
"2025-03-09","Mexico","com.psafe.msuite.pro_lto_12mo_39.90",1,1
"2025-03-09","United States","com.psafe.msuite.adsfree_lto_12mo",1,1
"2025-03-09","United States","com.psafe.msuite.pro_lto_12mo_39.90",1,1
"2025-03-10","Brazil","(not set)",70,39
"2025-03-10","Brazil","com.psafe.msuite.adsfree_lto_12mo",17,9
"2025-03-10","Brazil","com.psafe.msuite.ultra_12mo_59.90",17,4
"2025-03-10","Brazil","com.psafe.msuite.ads_free_12mo_13.90",16,11
"2025-03-10","Brazil","com.psafe.msuite.pro_lto_12mo_39.90",13,13
"2025-03-10","United States","(not set)",12,4
"2025-03-10","India","com.psafe.msuite.ultra_12mo_59.90",7,1
"2025-03-10","Algeria","(not set)",6,1
"2025-03-10","Thailand","com.psafe.msuite.ultra_12mo_59.90",6,1
"2025-03-10","Brazil","com.psafe.msuite.ads_free_12mo_13.90,com.psafe.msuite.pro_1mo_3.90,com.psafe.msuite.pro_3day_trial_12mo49.9,com.psafe.msuite.ultra_1mo_16.90,com.psafe.msuite.ultra_12mo_59.90",2,1
"2025-03-10","United States","com.psafe.msuite.pro_12mo_49.90,com.psafe.msuite.ultra_12mo_59.90",2,1
"2025-03-10","United States","com.psafe.msuite.ultra_12mo_59.90",2,2
"2025-03-10","Germany","(not set)",1,1
"2025-03-11","Brazil","(not set)",107,39
"2025-03-11","Brazil","com.psafe.msuite.ultra_12mo_59.90",46,11
"2025-03-11","Brazil","com.psafe.msuite.pro_lto_12mo_39.90",16,16
"2025-03-11","Brazil","com.psafe.msuite.ads_free_12mo_13.90",14,10
"2025-03-11","Brazil","com.psafe.msuite.adsfree_lto_12mo",13,13
"2025-03-11","Guinea-Bissau","com.psafe.msuite.ultra_12mo_59.90",5,1
"2025-03-11","Iran","(not set)",2,1
"2025-03-11","Pakistan","com.psafe.msuite.ultra_12mo_59.90",2,1
"2025-03-11","United States","com.psafe.msuite.ads_free_12mo_13.90",2,1
"2025-03-11","Mexico","(not set)",1,1
"2025-03-11","United States","(not set)",1,1
"2025-03-11","United States","com.psafe.msuite.adsfree_lto_12mo",1,1
"2025-03-11","United States","com.psafe.msuite.pro_lto_12mo_39.90",1,1
"2025-03-11","United States","com.psafe.msuite.ultra_12mo_59.90",1,1
"2025-03-12","Brazil","(not set)",63,34
"2025-03-12","Brazil","com.psafe.msuite.pro_lto_12mo_39.90",21,21
"2025-03-12","Brazil","com.psafe.msuite.ultra_12mo_59.90",17,6
"2025-03-12","Brazil","com.psafe.msuite.adsfree_lto_12mo",12,12
"2025-03-12","Brazil","com.psafe.msuite.ads_free_12mo_13.90",10,9
"2025-03-12","Brazil","com.psafe.msuite.ads_free_12mo_13.90,com.psafe.msuite.pro_1mo_3.90,com.psafe.msuite.pro_3day_trial_12mo49.9,com.psafe.msuite.ultra_1mo_16.90,com.psafe.msuite.ultra_12mo_59.90",7,1
"2025-03-12","Morocco","com.psafe.msuite.ultra_12mo_59.90",2,1
"2025-03-12","United States","(not set)",2,2
"2025-03-12","United States","com.psafe.msuite.adsfree_lto_12mo",2,2
"2025-03-12","United States","com.psafe.msuite.pro_lto_12mo_39.90",2,2
"2025-03-12","United States","com.psafe.msuite.ultra_12mo_59.90",2,1
"2025-03-12","Brazil","0.0",1,1
"2025-03-12","Brazil","com.psafe.msuite.pro_1mo_3.90,com.psafe.msuite.pro_3day_trial_12mo49.9",1,1
"2025-03-12","Brazil","com.psafe.msuite.pro_3day_trial_12mo49.9",1,1
"2025-03-12","Canada","(not set)",1,1
"2025-03-12","Nigeria","com.psafe.msuite.adsfree_lto_12mo",1,1
"2025-03-12","Nigeria","com.psafe.msuite.pro_lto_12mo_39.90",1,1
"2025-03-12","United States","com.psafe.msuite.ads_free_12mo_13.90",1,1
"2025-03-13","Brazil","(not set)",115,45
"2025-03-13","Brazil","com.psafe.msuite.adsfree_lto_12mo",29,8
"2025-03-13","Brazil","com.psafe.msuite.ultra_12mo_59.90",26,8
"2025-03-13","Brazil","com.psafe.msuite.ads_free_12mo_13.90",15,11
"2025-03-13","Brazil","com.psafe.msuite.pro_lto_12mo_39.90",12,12
"2025-03-13","United States","com.psafe.msuite.ultra_12mo_59.90",6,1
"2025-03-13","United States","(not set)",4,2
"2025-03-13","United States","com.psafe.msuite.pro_lto_12mo_39.90",2,2
"2025-03-13","United States","com.psafe.msuite.ads_free_12mo_13.90",1,1
"2025-03-13","United States","com.psafe.msuite.pro_12mo_49.90,com.psafe.msuite.ultra_12mo_59.90",1,1
"2025-03-14","Brazil","(not set)",57,32
"2025-03-14","Brazil","com.psafe.msuite.ultra_12mo_59.90",34,9
"2025-03-14","Brazil","com.psafe.msuite.ads_free_12mo_13.90",18,14
"2025-03-14","Saudi Arabia","(not set)",14,1
"2025-03-14","Brazil","com.psafe.msuite.adsfree_lto_12mo",13,13
"2025-03-14","United States","com.psafe.msuite.ultra_12mo_59.90",10,2
"2025-03-14","Brazil","com.psafe.msuite.pro_lto_12mo_39.90",9,8
"2025-03-14","United States","(not set)",5,4
"2025-03-14","India","com.psafe.msuite.ads_free_12mo_13.90",2,1
"2025-03-14","Pakistan","(not set)",1,1
"2025-03-14","Portugal","com.psafe.msuite.pro_lto_12mo_39.90",1,1
"2025-03-14","United Kingdom","(not set)",1,1
"2025-03-14","United States","com.psafe.msuite.ads_free_12mo_13.90",1,1
"2025-03-14","United States","com.psafe.msuite.pro_lto_12mo_39.90",1,1
"2025-03-15","Brazil","(not set)",102,38
"2025-03-15","Brazil","com.psafe.msuite.ultra_12mo_59.90",29,5
"2025-03-15","Brazil","com.psafe.msuite.pro_lto_12mo_39.90",21,14
"2025-03-15","Brazil","com.psafe.msuite.ads_free_12mo_13.90",15,13
"2025-03-15","Brazil","com.psafe.msuite.adsfree_lto_12mo",10,10
"2025-03-15","Egypt","(not set)",7,1
"2025-03-15","United States","com.psafe.msuite.ultra_12mo_59.90",7,2
"2025-03-15","Iran","com.psafe.msuite.ultra_12mo_59.90",5,1
"2025-03-15","United States","com.psafe.msuite.adsfree_lto_12mo",3,3
"2025-03-15","United States","(not set)",2,2
"2025-03-15","United States","com.psafe.msuite.pro_lto_12mo_39.90",2,2
"2025-03-15","Cuba","(not set)",1,1
"2025-03-15","Mexico","com.psafe.msuite.adsfree_lto_12mo",1,1
"2025-03-15","Saudi Arabia","com.psafe.msuite.ultra_12mo_59.90",1,1
"2025-03-15","United States","com.psafe.msuite.ads_free_12mo_13.90",1,1
"2025-03-16","Brazil","(not set)",106,46
"2025-03-16","Brazil","com.psafe.msuite.ultra_12mo_59.90",58,12
"2025-03-16","Brazil","com.psafe.msuite.ads_free_12mo_13.90",29,18
"2025-03-16","Brazil","com.psafe.msuite.adsfree_lto_12mo",19,14
"2025-03-16","Brazil","com.psafe.msuite.pro_lto_12mo_39.90",11,11
"2025-03-16","Iraq","com.psafe.msuite.ultra_12mo_59.90",7,1
"2025-03-16","United States","(not set)",4,3
"2025-03-16","United States","com.psafe.msuite.pro_lto_12mo_39.90",3,2
"2025-03-16","United States","com.psafe.msuite.adsfree_lto_12mo",1,1
"2025-03-17","Brazil","(not set)",73,36
"2025-03-17","Brazil","com.psafe.msuite.ultra_12mo_59.90",27,6
"2025-03-17","Brazil","com.psafe.msuite.ads_free_12mo_13.90",21,15
"2025-03-17","Brazil","com.psafe.msuite.pro_lto_12mo_39.90",17,16
"2025-03-17","United States","com.psafe.msuite.ultra_12mo_59.90",12,2
"2025-03-17","United States","(not set)",9,3
"2025-03-17","Brazil","com.psafe.msuite.adsfree_lto_12mo",8,8
"2025-03-17","Algeria","(not set)",6,1
"2025-03-17","Mexico","(not set)",5,1
"2025-03-17","Saudi Arabia","com.psafe.msuite.pro_3day_trial_12mo49.9",2,1
"2025-03-17","United States","com.psafe.msuite.ads_free_12mo_13.90",2,2
"2025-03-17","Mexico","com.psafe.msuite.ultra_12mo_59.90",1,1
"2025-03-18","Brazil","(not set)",70,47
"2025-03-18","Brazil","com.psafe.msuite.ads_free_12mo_13.90",28,18
"2025-03-18","Brazil","com.psafe.msuite.pro_lto_12mo_39.90",18,18
"2025-03-18","Brazil","com.psafe.msuite.ultra_12mo_59.90",12,5
"2025-03-18","Brazil","com.psafe.msuite.adsfree_lto_12mo",11,10
"2025-03-18","Bangladesh","(not set)",6,1
"2025-03-18","Bangladesh","com.psafe.msuite.ultra_12mo_59.90",6,1
"2025-03-18","United States","(not set)",6,1
"2025-03-18","Morocco","(not set)",4,1
"2025-03-18","Morocco","com.psafe.msuite.ultra_12mo_59.90",2,1
"2025-03-18","Brazil","com.psafe.msuite.pro_1mo_3.90,com.psafe.msuite.pro_3day_trial_12mo49.9",1,1
"2025-03-18","Pakistan","(not set)",1,1
"2025-03-18","United States","com.psafe.msuite.pro_lto_12mo_39.90",1,1
"2025-03-19","Brazil","(not set)",121,59
"2025-03-19","Brazil","com.psafe.msuite.ultra_12mo_59.90",50,9
"2025-03-19","Brazil","com.psafe.msuite.ads_free_12mo_13.90",24,20
"2025-03-19","United States","(not set)",17,4
"2025-03-19","Brazil","com.psafe.msuite.adsfree_lto_12mo",13,13
"2025-03-19","United States","com.psafe.msuite.pro_lto_12mo_39.90",12,2
"2025-03-19","Brazil","com.psafe.msuite.pro_lto_12mo_39.90",11,11
"2025-03-19","Algeria","(not set)",8,1
"2025-03-19","Malaysia","(not set)",8,1
"2025-03-19","United States","com.psafe.msuite.ultra_12mo_59.90",8,1
"2025-03-19","Algeria","com.psafe.msuite.ultra_12mo_59.90",7,1
"2025-03-19","Honduras","(not set)",3,1
"2025-03-19","Russia","(not set)",2,1
"2025-03-19","Brazil","com.psafe.msuite.ads_free_12mo_13.90,com.psafe.msuite.pro_1mo_3.90,com.psafe.msuite.pro_3day_trial_12mo49.9,com.psafe.msuite.ultra_1mo_16.90,com.psafe.msuite.ultra_12mo_59.90",1,1
"2025-03-19","Canada","(not set)",1,1
"2025-03-19","Mexico","(not set)",1,1
"2025-03-19","Mexico","com.psafe.msuite.ads_free_12mo_13.90",1,1
"2025-03-19","United States","com.psafe.msuite.adsfree_lto_12mo",1,1
"2025-03-20","Brazil","(not set)",66,36
"2025-03-20","Brazil","com.psafe.msuite.pro_lto_12mo_39.90",24,24
"2025-03-20","Brazil","com.psafe.msuite.ultra_12mo_59.90",21,4
"2025-03-20","Brazil","com.psafe.msuite.ads_free_12mo_13.90",17,12
"2025-03-20","Tunisia","(not set)",13,1
"2025-03-20","Brazil","com.psafe.msuite.adsfree_lto_12mo",10,10
"2025-03-20","Saudi Arabia","(not set)",7,1
"2025-03-20","United States","com.psafe.msuite.ultra_12mo_59.90",7,3
"2025-03-20","United States","(not set)",6,5
"2025-03-20","Iran","(not set)",3,1
"2025-03-20","United States","com.psafe.msuite.pro_lto_12mo_39.90",3,3
"2025-03-20","Pakistan","(not set)",2,1
"2025-03-20","Brazil","com.psafe.msuite.pro_3day_trial_12mo49.9",1,1
"2025-03-20","Mexico","(not set)",1,1
"2025-03-20","United States","com.psafe.msuite.adsfree_lto_12mo",1,1
"2025-03-21","Brazil","(not set)",77,42
"2025-03-21","Brazil","com.psafe.msuite.ads_free_12mo_13.90",22,18
"2025-03-21","Brazil","com.psafe.msuite.pro_lto_12mo_39.90",13,13
"2025-03-21","Brazil","com.psafe.msuite.ultra_12mo_59.90",7,5
"2025-03-21","Brazil","com.psafe.msuite.adsfree_lto_12mo",6,6
"2025-03-21","Guyana","(not set)",3,1
"2025-03-21","Brazil","com.psafe.msuite.ads_free_12mo_13.90,com.psafe.msuite.pro_1mo_3.90,com.psafe.msuite.pro_3day_trial_12mo49.9,com.psafe.msuite.ultra_1mo_16.90,com.psafe.msuite.ultra_12mo_59.90",2,1
"2025-03-21","United States","(not set)",1,1
"2025-03-22","Brazil","(not set)",120,46
"2025-03-22","Brazil","com.psafe.msuite.ultra_12mo_59.90",26,11
"2025-03-22","United States","(not set)",25,4
"2025-03-22","Brazil","com.psafe.msuite.adsfree_lto_12mo",14,14
"2025-03-22","Brazil","com.psafe.msuite.pro_lto_12mo_39.90",13,13
"2025-03-22","Brazil","com.psafe.msuite.ads_free_12mo_13.90",11,11
"2025-03-22","United States","com.psafe.msuite.ultra_12mo_59.90",8,1
"2025-03-22","Egypt","(not set)",7,1
"2025-03-22","Indonesia","(not set)",6,1
"2025-03-22","Iran","(not set)",4,1
"2025-03-22","Nigeria","com.psafe.msuite.pro_lto_12mo_39.90",3,1
"2025-03-22","Dominican Republic","com.psafe.msuite.adsfree_lto_12mo",2,1
"2025-03-22","Dominican Republic","com.psafe.msuite.pro_lto_12mo_39.90",2,1
"2025-03-22","United States","com.psafe.msuite.adsfree_lto_12mo",2,2
"2025-03-22","Mexico","(not set)",1,1
"2025-03-22","United States","com.psafe.msuite.ads_free_12mo_13.90",1,1
"2025-03-22","United States","com.psafe.msuite.pro_lto_12mo_39.90",1,1
"2025-03-23","Brazil","(not set)",98,52
"2025-03-23","Brazil","com.psafe.msuite.pro_lto_12mo_39.90",24,23
"2025-03-23","Brazil","com.psafe.msuite.ultra_12mo_59.90",23,8
"2025-03-23","United States","(not set)",17,7
"2025-03-23","Brazil","com.psafe.msuite.ads_free_12mo_13.90",13,12
"2025-03-23","United States","com.psafe.msuite.ultra_12mo_59.90",11,2
"2025-03-23","Brazil","com.psafe.msuite.adsfree_lto_12mo",10,8
"2025-03-23","Egypt","(not set)",7,2
"2025-03-23","Germany","(not set)",4,1
"2025-03-23","Germany","com.psafe.msuite.ultra_12mo_59.90",4,1
"2025-03-23","United States","com.psafe.msuite.ads_free_12mo_13.90",2,2
"2025-03-23","Mexico","com.psafe.msuite.pro_lto_12mo_39.90",1,1
"2025-03-24","Brazil","(not set)",97,59
"2025-03-24","Brazil","com.psafe.msuite.ultra_12mo_59.90",23,8
"2025-03-24","Brazil","com.psafe.msuite.ads_free_12mo_13.90",20,16
"2025-03-24","Brazil","com.psafe.msuite.pro_lto_12mo_39.90",15,15
"2025-03-24","Saudi Arabia","(not set)",13,1
"2025-03-24","Saudi Arabia","com.psafe.msuite.ultra_12mo_59.90",12,1
"2025-03-24","United States","com.psafe.msuite.ultra_12mo_59.90",12,2
"2025-03-24","Brazil","com.psafe.msuite.adsfree_lto_12mo",9,9
"2025-03-24","United States","com.psafe.msuite.pro_lto_12mo_39.90",6,5
"2025-03-24","United States","(not set)",5,5
"2025-03-24","Bangladesh","com.psafe.msuite.ultra_12mo_59.90",2,1
"2025-03-24","Malaysia","(not set)",2,1
"2025-03-24","Puerto Rico","com.psafe.msuite.ads_free_12mo_13.90",2,1
"2025-03-24","United States","com.psafe.msuite.ads_free_12mo_13.90",2,1
"2025-03-24","Brazil","com.psafe.msuite.ads_free_12mo_13.90,com.psafe.msuite.pro_1mo_3.90,com.psafe.msuite.pro_3day_trial_12mo49.9,com.psafe.msuite.ultra_1mo_16.90,com.psafe.msuite.ultra_12mo_59.90",1,1
"2025-03-24","India","com.psafe.msuite.ultra_12mo_59.90",1,1
"2025-03-24","Mexico","(not set)",1,1
"2025-03-24","Portugal","com.psafe.msuite.ads_free_12mo_13.90",1,1
"2025-03-25","Brazil","(not set)",91,52
"2025-03-25","Brazil","com.psafe.msuite.ultra_12mo_59.90",39,7
"2025-03-25","Brazil","com.psafe.msuite.ads_free_12mo_13.90",21,17
"2025-03-25","Brazil","com.psafe.msuite.pro_lto_12mo_39.90",17,17
"2025-03-25","Brazil","com.psafe.msuite.adsfree_lto_12mo",11,10
"2025-03-25","United States","(not set)",4,3
"2025-03-25","Bangladesh","(not set)",3,1
"2025-03-25","United States","com.psafe.msuite.ads_free_12mo_13.90",2,2
"2025-03-25","Brazil","com.psafe.msuite.pro_1mo_3.90,com.psafe.msuite.pro_3day_trial_12mo49.9",1,1
"2025-03-25","Costa Rica","com.psafe.msuite.pro_lto_12mo_39.90",1,1
"2025-03-25","Egypt","com.psafe.msuite.ads_free_12mo_13.90",1,1
"2025-03-25","Mexico","com.psafe.msuite.pro_lto_12mo_39.90",1,1
"2025-03-25","Portugal","com.psafe.msuite.adsfree_lto_12mo",1,1
"2025-03-25","Portugal","com.psafe.msuite.pro_lto_12mo_39.90",1,1
"2025-03-25","United States","0.0",1,1
"2025-03-25","United States","com.psafe.msuite.adsfree_lto_12mo",1,1
"2025-03-25","United States","com.psafe.msuite.ultra_12mo_59.90",1,1
"2025-03-26","Brazil","(not set)",145,57
"2025-03-26","Brazil","com.psafe.msuite.pro_lto_12mo_39.90",18,18
"2025-03-26","Brazil","com.psafe.msuite.ads_free_12mo_13.90",15,11
"2025-03-26","Brazil","com.psafe.msuite.adsfree_lto_12mo",7,7
"2025-03-26","United States","com.psafe.msuite.ultra_12mo_59.90",6,1
"2025-03-26","United States","(not set)",5,5
"2025-03-26","Bangladesh","(not set)",4,1
"2025-03-26","Bangladesh","com.psafe.msuite.ultra_12mo_59.90",3,1
"2025-03-26","Brazil","com.psafe.msuite.ultra_12mo_59.90",3,2
"2025-03-26","Mexico","com.psafe.msuite.ads_free_12mo_13.90",1,1
"2025-03-26","United States","com.psafe.msuite.pro_lto_12mo_39.90",1,1
"2025-03-27","Brazil","(not set)",98,40
"2025-03-27","Brazil","com.psafe.msuite.ultra_12mo_59.90",38,9
"2025-03-27","Brazil","com.psafe.msuite.pro_lto_12mo_39.90",18,13
"2025-03-27","Brazil","com.psafe.msuite.ads_free_12mo_13.90",15,11
"2025-03-27","United States","(not set)",12,5
"2025-03-27","United States","com.psafe.msuite.ultra_12mo_59.90",12,3
"2025-03-27","Egypt","(not set)",7,1
"2025-03-27","Saudi Arabia","(not set)",7,1
"2025-03-27","Brazil","com.psafe.msuite.adsfree_lto_12mo",5,5
"2025-03-27","United States","com.psafe.msuite.ads_free_12mo_13.90",3,2
"2025-03-27","Guatemala","com.psafe.msuite.ads_free_12mo_13.90",1,1
"2025-03-27","Portugal","(not set)",1,1
"2025-03-28","Brazil","(not set)",88,42
"2025-03-28","Brazil","com.psafe.msuite.adsfree_lto_12mo",16,11
"2025-03-28","Brazil","com.psafe.msuite.pro_lto_12mo_39.90",15,14
"2025-03-28","United States","com.psafe.msuite.ultra_12mo_59.90",14,2
"2025-03-28","Brazil","com.psafe.msuite.ultra_12mo_59.90",13,4
"2025-03-28","Egypt","(not set)",11,1
"2025-03-28","Brazil","com.psafe.msuite.ads_free_12mo_13.90",8,5
"2025-03-28","United States","(not set)",8,6
"2025-03-28","Saudi Arabia","(not set)",6,1
"2025-03-28","India","(not set)",5,1
"2025-03-28","Brazil","com.psafe.msuite.pro_3day_trial_12mo49.9",2,1
"2025-03-28","Iran","(not set)",2,1
"2025-03-28","Bangladesh","com.psafe.msuite.pro_lto_12mo_39.90",1,1
"2025-03-28","Indonesia","(not set)",1,1
"2025-03-28","Suriname","(not set)",1,1
"2025-03-28","United States","com.psafe.msuite.ads_free_12mo_13.90",1,1
"2025-03-28","United States","com.psafe.msuite.pro_lto_12mo_39.90",1,1
"2025-03-29","Brazil","(not set)",128,56
"2025-03-29","Brazil","com.psafe.msuite.ultra_12mo_59.90",30,4
"2025-03-29","Brazil","com.psafe.msuite.ads_free_12mo_13.90",16,11
"2025-03-29","Brazil","com.psafe.msuite.pro_lto_12mo_39.90",16,11
"2025-03-29","Egypt","(not set)",12,2
"2025-03-29","Saudi Arabia","(not set)",12,2
"2025-03-29","United States","(not set)",11,8
"2025-03-29","Saudi Arabia","com.psafe.msuite.ultra_12mo_59.90",7,1
"2025-03-29","United States","com.psafe.msuite.ultra_12mo_59.90",7,2
"2025-03-29","Nigeria","(not set)",6,1
"2025-03-29","Brazil","com.psafe.msuite.adsfree_lto_12mo",5,5
"2025-03-29","Thailand","(not set)",5,1
"2025-03-29","Iran","(not set)",2,1
"2025-03-29","United Kingdom","(not set)",2,1
"2025-03-29","United States","com.psafe.msuite.pro_lto_12mo_39.90",2,2
"2025-03-29","Argentina","com.psafe.msuite.adsfree_lto_12mo",1,1
"2025-03-29","Brazil","com.psafe.msuite.pro_3day_trial_12mo49.9",1,1
"2025-03-29","United States","com.psafe.msuite.ads_free_12mo_13.90",1,1
"2025-03-29","United States","com.psafe.msuite.pro_1mo_3.90,com.psafe.msuite.pro_3day_trial_12mo49.9",1,1
"2025-03-30","Brazil","(not set)",112,53
"2025-03-30","Brazil","com.psafe.msuite.ads_free_12mo_13.90",29,15
"2025-03-30","United States","(not set)",15,7
"2025-03-30","Brazil","com.psafe.msuite.pro_lto_12mo_39.90",14,13
"2025-03-30","Brazil","com.psafe.msuite.adsfree_lto_12mo",10,10
"2025-03-30","Egypt","(not set)",6,1
"2025-03-30","United States","com.psafe.msuite.ultra_12mo_59.90",6,1
"2025-03-30","Brazil","com.psafe.msuite.ultra_12mo_59.90",3,1
"2025-03-30","United States","com.psafe.msuite.ads_free_12mo_13.90",2,2
"2025-03-30","United States","com.psafe.msuite.adsfree_lto_12mo",2,2
"2025-03-30","Egypt","com.psafe.msuite.ultra_12mo_59.90",1,1
"2025-03-30","Japan","com.psafe.msuite.pro_lto_12mo_39.90",1,1
"2025-03-31","Brazil","(not set)",144,58
"2025-03-31","Brazil","com.psafe.msuite.pro_lto_12mo_39.90",40,27
"2025-03-31","Brazil","com.psafe.msuite.ads_free_12mo_13.90",21,15
"2025-03-31","Brazil","com.psafe.msuite.ultra_12mo_59.90",19,6
"2025-03-31","United States","(not set)",17,8
"2025-03-31","United States","com.psafe.msuite.ultra_12mo_59.90",15,3
"2025-03-31","Brazil","com.psafe.msuite.adsfree_lto_12mo",14,14
"2025-03-31","Yemen","(not set)",10,1
"2025-03-31","France","(not set)",8,1
"2025-03-31","United States","com.psafe.msuite.ads_free_12mo_13.90",3,3
"2025-03-31","Egypt","(not set)",2,1
"2025-03-31","Egypt","com.psafe.msuite.ads_free_12mo_13.90",2,1
"2025-03-31","Egypt","com.psafe.msuite.ultra_12mo_59.90",2,1
"2025-03-31","Brazil","com.psafe.msuite.pro_1mo_3.90,com.psafe.msuite.pro_3day_trial_12mo49.9",1,1
"2025-03-31","Honduras","(not set)",1,1
"2025-03-31","United States","com.psafe.msuite.pro_lto_12mo_39.90",1,1
"2025-04-01","Brazil","(not set)",216,57
"2025-04-01","United States","com.psafe.msuite.pro_3day_trial_12mo49.9",109,1
"2025-04-01","Brazil","com.psafe.msuite.pro_lto_12mo_39.90",17,17
"2025-04-01","Brazil","com.psafe.msuite.adsfree_lto_12mo",16,16
"2025-04-01","Brazil","com.psafe.msuite.ads_free_12mo_13.90",12,10
"2025-04-01","United States","com.psafe.msuite.ultra_12mo_59.90",12,2
"2025-04-01","Brazil","com.psafe.msuite.ultra_12mo_59.90",10,5
"2025-04-01","Bangladesh","(not set)",6,1
"2025-04-01","United States","(not set)",3,3
"2025-04-01","Brazil","com.psafe.msuite.pro_3day_trial_12mo49.9",1,1
"2025-04-01","Brazil","com.psafe.msuite.ultra_trial_12mo_2.99",1,1
"2025-04-01","Mexico","(not set)",1,1
"2025-04-01","United States","com.psafe.msuite.pro_12mo_49.90,com.psafe.msuite.ultra_12mo_59.90",1,1
"2025-04-01","United States","com.psafe.msuite.pro_lto_12mo_39.90",1,1
"2025-04-02","Brazil","(not set)",153,59
"2025-04-02","Brazil","com.psafe.msuite.pro_lto_12mo_39.90",25,25
"2025-04-02","Brazil","com.psafe.msuite.ads_free_12mo_13.90",19,15
"2025-04-02","Brazil","com.psafe.msuite.adsfree_lto_12mo",19,18
"2025-04-02","United States","(not set)",18,10
"2025-04-02","Brazil","com.psafe.msuite.ultra_12mo_59.90",8,2
"2025-04-02","Saudi Arabia","(not set)",6,1
"2025-04-02","United States","com.psafe.msuite.ultra_12mo_59.90",6,1
"2025-04-02","Nigeria","(not set)",2,1
"2025-04-02","Argentina","(not set)",1,1
"2025-04-02","Brazil","com.psafe.msuite.pro_1mo_3.90,com.psafe.msuite.pro_3day_trial_12mo49.9",1,1
"2025-04-02","United States","com.psafe.msuite.ads_free_12mo_13.90",1,1
"2025-04-02","United States","com.psafe.msuite.pro_lto_12mo_39.90",1,1
"2025-04-03","Brazil","(not set)",150,52
"2025-04-03","Brazil","com.psafe.msuite.ads_free_12mo_13.90",24,17
"2025-04-03","Brazil","com.psafe.msuite.pro_lto_12mo_39.90",22,22
"2025-04-03","Brazil","com.psafe.msuite.ultra_12mo_59.90",16,6
"2025-04-03","Indonesia","(not set)",8,2
"2025-04-03","United States","(not set)",8,7
"2025-04-03","United States","com.psafe.msuite.adsfree_lto_12mo",8,2
"2025-04-03","United States","com.psafe.msuite.ultra_12mo_59.90",8,2
"2025-04-03","Brazil","com.psafe.msuite.adsfree_lto_12mo",5,5
"2025-04-03","United States","com.psafe.msuite.pro_lto_12mo_39.90",2,2
"2025-04-03","Brazil","0.0",1,1
"2025-04-03","Yemen","(not set)",1,1
"2025-04-04","Brazil","(not set)",65,37
"2025-04-04","Brazil","com.psafe.msuite.adsfree_lto_12mo",19,8
"2025-04-04","United States","(not set)",15,3
"2025-04-04","United States","com.psafe.msuite.ultra_12mo_59.90",15,3
"2025-04-04","Brazil","com.psafe.msuite.ads_free_12mo_13.90",14,10
"2025-04-04","Brazil","com.psafe.msuite.ultra_12mo_59.90",14,5
"2025-04-04","Brazil","com.psafe.msuite.pro_lto_12mo_39.90",13,13
"2025-04-04","Indonesia","(not set)",7,1
"2025-04-04","Bangladesh","(not set)",6,1
"2025-04-04","Egypt","(not set)",6,1
"2025-04-04","United States","com.psafe.msuite.ads_free_12mo_13.90",5,3
"2025-04-04","United States","com.psafe.msuite.pro_lto_12mo_39.90",2,2
"2025-04-04","Colombia","(not set)",1,1
"2025-04-04","Mexico","(not set)",1,1
"2025-04-04","Mexico","com.psafe.msuite.pro_lto_12mo_39.90",1,1
"2025-04-05","United States","com.psafe.msuite.pro_3day_trial_12mo49.9",110,1
"2025-04-05","Brazil","(not set)",91,37
"2025-04-05","Brazil","com.psafe.msuite.pro_lto_12mo_39.90",53,25
"2025-04-05","Brazil","com.psafe.msuite.ultra_12mo_59.90",35,8
"2025-04-05","Egypt","(not set)",19,2
"2025-04-05","United States","(not set)",15,4
"2025-04-05","Brazil","com.psafe.msuite.ads_free_12mo_13.90",10,8
"2025-04-05","Brazil","com.psafe.msuite.adsfree_lto_12mo",8,8
"2025-04-05","United States","com.psafe.msuite.ultra_12mo_59.90",6,1
"2025-04-05","Haiti","com.psafe.msuite.pro_lto_12mo_39.90",1,1
"2025-04-05","Mexico","com.psafe.msuite.adsfree_lto_12mo",1,1
"2025-04-05","Mexico","com.psafe.msuite.pro_lto_12mo_39.90",1,1
"2025-04-05","Saudi Arabia","com.psafe.msuite.ultra_12mo_59.90",1,1
"2025-04-05","United States","0.0",1,1
"2025-04-05","United States","com.psafe.msuite.ads_free_12mo_13.90",1,1
"2025-04-05","United States","com.psafe.msuite.adsfree_lto_12mo",1,1
"2025-04-05","United States","com.psafe.msuite.pro_lto_12mo_39.90",1,1
"2025-04-06","Brazil","(not set)",79,47
"2025-04-06","Brazil","com.psafe.msuite.ultra_12mo_59.90",22,6
"2025-04-06","Brazil","com.psafe.msuite.pro_lto_12mo_39.90",19,15
"2025-04-06","Egypt","(not set)",13,2
"2025-04-06","Brazil","com.psafe.msuite.adsfree_lto_12mo",11,11
"2025-04-06","United States","(not set)",11,3
"2025-04-06","United States","com.psafe.msuite.pro_lto_12mo_39.90",8,3
"2025-04-06","United States","com.psafe.msuite.ultra_12mo_59.90",8,3
"2025-04-06","Bangladesh","com.psafe.msuite.ultra_12mo_59.90",6,1
"2025-04-06","Iraq","(not set)",5,1
"2025-04-06","Iraq","com.psafe.msuite.ultra_12mo_59.90",5,1
"2025-04-06","Saudi Arabia","(not set)",5,1
"2025-04-06","Brazil","com.psafe.msuite.ads_free_12mo_13.90",4,4
"2025-04-06","Bangladesh","(not set)",2,1
"2025-04-06","United States","com.psafe.msuite.adsfree_lto_12mo",2,1
"2025-04-06","Nigeria","com.psafe.msuite.pro_lto_12mo_39.90",1,1
"2025-04-07","Brazil","(not set)",91,49
"2025-04-07","Brazil","com.psafe.msuite.ultra_12mo_59.90",26,7
"2025-04-07","Brazil","com.psafe.msuite.pro_lto_12mo_39.90",21,21
"2025-04-07","Brazil","com.psafe.msuite.ads_free_12mo_13.90",16,13
"2025-04-07","Brazil","com.psafe.msuite.adsfree_lto_12mo",14,14
"2025-04-07","United States","com.psafe.msuite.ultra_12mo_59.90",11,2
"2025-04-07","Saudi Arabia","(not set)",10,2
"2025-04-07","Egypt","(not set)",8,1
"2025-04-07","United States","(not set)",7,4
"2025-04-07","Brazil","com.psafe.msuite.ads_free_12mo_13.90,com.psafe.msuite.pro_1mo_3.90,com.psafe.msuite.pro_3day_trial_12mo49.9,com.psafe.msuite.ultra_1mo_16.90,com.psafe.msuite.ultra_12mo_59.90",5,1
"2025-04-07","Brazil","com.psafe.msuite.ultra_1mo_16.90,com.psafe.msuite.ultra_12mo_59.90",5,2
"2025-04-07","United States","com.psafe.msuite.pro_lto_12mo_39.90",3,3
"2025-04-07","Germany","(not set)",2,1
"2025-04-07","Jamaica","(not set)",1,1
"2025-04-07","Jamaica","com.psafe.msuite.pro_lto_12mo_39.90",1,1
"2025-04-07","Norway","com.psafe.msuite.ultra_12mo_59.90",1,1
"2025-04-08","Brazil","(not set)",196,55
"2025-04-08","Brazil","com.psafe.msuite.ads_free_12mo_13.90",20,17
"2025-04-08","Brazil","com.psafe.msuite.pro_lto_12mo_39.90",20,20
"2025-04-08","Egypt","(not set)",17,3
"2025-04-08","Brazil","com.psafe.msuite.adsfree_lto_12mo",10,10
"2025-04-08","Bangladesh","(not set)",9,1
"2025-04-08","United States","(not set)",7,3
"2025-04-08","United States","com.psafe.msuite.ultra_12mo_59.90",7,1
"2025-04-08","Brazil","com.psafe.msuite.ultra_12mo_59.90",5,2
"2025-04-08","Egypt","com.psafe.msuite.ultra_12mo_59.90",2,1
"2025-04-08","United States","com.psafe.msuite.ads_free_12mo_13.90",2,2
"2025-04-08","Brazil","0.0",1,1
"2025-04-08","Guatemala","(not set)",1,1
"2025-04-08","Mexico","(not set)",1,1
"2025-04-08","Mexico","com.psafe.msuite.pro_lto_12mo_39.90",1,1
"2025-04-08","Türkiye","(not set)",1,1
"2025-04-09","Brazil","(not set)",93,45
"2025-04-09","Brazil","com.psafe.msuite.pro_lto_12mo_39.90",76,16
"2025-04-09","Brazil","com.psafe.msuite.ads_free_12mo_13.90",17,11
"2025-04-09","Morocco","com.psafe.msuite.ultra_12mo_59.90",16,1
"2025-04-09","Morocco","(not set)",12,1
"2025-04-09","Brazil","com.psafe.msuite.adsfree_lto_12mo",10,10
"2025-04-09","Bangladesh","com.psafe.msuite.ultra_12mo_59.90",8,1
"2025-04-09","United States","com.psafe.msuite.ultra_12mo_59.90",6,1
"2025-04-09","United States","(not set)",5,3
"2025-04-09","Brazil","com.psafe.msuite.ultra_12mo_59.90",3,2
"2025-04-09","United States","com.psafe.msuite.ads_free_12mo_13.90",2,2
"2025-04-09","United States","com.psafe.msuite.adsfree_lto_12mo",2,2
"2025-04-09","Mexico","(not set)",1,1
"2025-04-10","Brazil","(not set)",298,48
"2025-04-10","Brazil","com.psafe.msuite.ads_free_12mo_13.90",22,16
"2025-04-10","Brazil","com.psafe.msuite.pro_lto_12mo_39.90",17,14
"2025-04-10","Syria","com.psafe.msuite.ultra_12mo",17,1
"2025-04-10","Syria","(not set)",15,1
"2025-04-10","India","(not set)",14,2
"2025-04-10","United States","(not set)",8,3
"2025-04-10","Egypt","com.psafe.msuite.ultra_12mo_59.90",7,1
"2025-04-10","Brazil","com.psafe.msuite.adsfree_lto_12mo",4,4
"2025-04-10","India","com.psafe.msuite.ultra_12mo_59.90",4,1
"2025-04-10","Brazil","com.psafe.msuite.ultra_12mo_59.90",3,2
"2025-04-10","Egypt","(not set)",2,1
"2025-04-10","United States","com.psafe.msuite.ads_free_12mo_13.90",2,2
"2025-04-10","United States","com.psafe.msuite.ultra_12mo_59.90",2,2
"2025-04-10","Brazil","com.psafe.msuite.ads_free_12mo_13.90,com.psafe.msuite.pro_1mo_3.90,com.psafe.msuite.pro_3day_trial_12mo49.9,com.psafe.msuite.ultra_1mo_16.90,com.psafe.msuite.ultra_12mo_59.90",1,1
"2025-04-10","Iran","com.psafe.msuite.adsfree_lto_12mo",1,1
"2025-04-10","United States","0.0",1,1
"2025-04-11","Brazil","(not set)",181,48
"2025-04-11","Brazil","com.psafe.msuite.ultra_12mo_59.90",23,5
"2025-04-11","Brazil","com.psafe.msuite.pro_lto_12mo_39.90",15,15
"2025-04-11","Brazil","com.psafe.msuite.ads_free_12mo_13.90",14,11
"2025-04-11","United States","(not set)",11,4
"2025-04-11","Egypt","(not set)",9,2
"2025-04-11","United States","com.psafe.msuite.ultra_12mo_59.90",8,2
"2025-04-11","Türkiye","(not set)",7,1
"2025-04-11","United States","com.psafe.msuite.pro_lto_12mo_39.90",4,4
"2025-04-11","Brazil","com.psafe.msuite.adsfree_lto_12mo",3,3
"2025-04-11","India","(not set)",3,1
"2025-04-11","India","com.psafe.msuite.ads_free_12mo_13.90",1,1
"2025-04-11","United States","com.psafe.msuite.ads_free_12mo_13.90",1,1
"2025-04-11","United States","com.psafe.msuite.adsfree_lto_12mo",1,1
"2025-04-12","Brazil","(not set)",127,53
"2025-04-12","Brazil","com.psafe.msuite.pro_lto_12mo_39.90",25,25
"2025-04-12","Saudi Arabia","(not set)",16,1
"2025-04-12","Brazil","com.psafe.msuite.ads_free_12mo_13.90",15,11
"2025-04-12","United States","(not set)",14,5
"2025-04-12","Brazil","com.psafe.msuite.adsfree_lto_12mo",13,13
"2025-04-12","Indonesia","(not set)",11,3
"2025-04-12","Vietnam","(not set)",7,1
"2025-04-12","Philippines","com.psafe.msuite.ultra_12mo_59.90",6,2
"2025-04-12","United States","com.psafe.msuite.ultra_12mo_59.90",6,1
"2025-04-12","Brazil","com.psafe.msuite.ultra_12mo_59.90",3,2
"2025-04-12","Indonesia","com.psafe.msuite.ads_free_12mo_13.90",2,2
"2025-04-12","Iran","(not set)",2,1
"2025-04-12","Mexico","com.psafe.msuite.adsfree_lto_12mo",2,2
"2025-04-12","Brazil","com.psafe.msuite.pro_3day_trial_12mo49.9",1,1
"2025-04-12","India","com.psafe.msuite.adsfree_lto_12mo",1,1
"2025-04-12","Mexico","com.psafe.msuite.pro_lto_12mo_39.90",1,1
"2025-04-12","United States","com.psafe.msuite.adsfree_lto_12mo",1,1
"2025-04-13","Brazil","(not set)",96,47
"2025-04-13","Indonesia","(not set)",29,4
"2025-04-13","Brazil","com.psafe.msuite.pro_lto_12mo_39.90",24,23
"2025-04-13","Brazil","com.psafe.msuite.ultra_12mo_59.90",22,6
"2025-04-13","Philippines","(not set)",16,1
"2025-04-13","Brazil","com.psafe.msuite.ads_free_12mo_13.90",11,9
"2025-04-13","Brazil","com.psafe.msuite.adsfree_lto_12mo",9,9
"2025-04-13","India","(not set)",7,2
"2025-04-13","Vietnam","(not set)",7,1
"2025-04-13","Angola","(not set)",5,1
"2025-04-13","France","(not set)",5,1
"2025-04-13","United States","com.psafe.msuite.ultra_12mo_59.90",5,2
"2025-04-13","Mexico","com.psafe.msuite.ultra_12mo_59.90",3,1
"2025-04-13","United States","(not set)",2,2
"2025-04-13","United States","com.psafe.msuite.ads_free_12mo_13.90,com.psafe.msuite.pro_1mo_3.90,com.psafe.msuite.pro_3day_trial_12mo49.9,com.psafe.msuite.ultra_1mo_16.90,com.psafe.msuite.ultra_12mo_59.90",2,1
"2025-04-13","United States","com.psafe.msuite.pro_lto_12mo_39.90",2,2
"2025-04-13","Bolivia","(not set)",1,1
"2025-04-13","Bolivia","com.psafe.msuite.pro_lto_12mo_39.90",1,1
"2025-04-13","Brazil","com.psafe.msuite.pro_1mo_3.90,com.psafe.msuite.pro_3day_trial_12mo49.9",1,1
"2025-04-14","Brazil","(not set)",185,41
"2025-04-14","Brazil","com.psafe.msuite.ads_free_12mo_13.90",18,12
"2025-04-14","United States","(not set)",15,3
"2025-04-14","Brazil","com.psafe.msuite.pro_lto_12mo_39.90",14,14
"2025-04-14","India","(not set)",12,1
"2025-04-14","Brazil","com.psafe.msuite.adsfree_lto_12mo",8,8
"2025-04-14","Brazil","com.psafe.msuite.ultra_12mo_59.90",8,2
"2025-04-14","Egypt","(not set)",6,1
"2025-04-14","United States","com.psafe.msuite.ads_free_12mo_13.90",2,1
"2025-04-14","United States","com.psafe.msuite.ultra_12mo_59.90",1,1
"2025-04-15","Brazil","(not set)",125,49
"2025-04-15","Brazil","com.psafe.msuite.adsfree_lto_12mo",24,13
"2025-04-15","Brazil","com.psafe.msuite.pro_lto_12mo_39.90",20,20
"2025-04-15","Brazil","com.psafe.msuite.ads_free_12mo_13.90",14,11
"2025-04-15","United States","com.psafe.msuite.ultra_12mo_59.90",10,2
"2025-04-15","United States","(not set)",8,3
"2025-04-15","Algeria","com.psafe.msuite.ultra_12mo_59.90",7,1
"2025-04-15","Brazil","com.psafe.msuite.ultra_12mo_59.90",5,3
"2025-04-15","Saudi Arabia","(not set)",3,1
"2025-04-15","United States","com.psafe.msuite.pro_lto_12mo_39.90",2,2
"2025-04-15","Argentina","com.psafe.msuite.ads_free_12mo_13.90",1,1
"2025-04-15","Brazil","0.0",1,1
"2025-04-15","Colombia","com.psafe.msuite.adsfree_lto_12mo",1,1
"2025-04-15","Mexico","(not set)",1,1
"2025-04-15","Pakistan","com.psafe.msuite.pro_lto_12mo_39.90",1,1
"2025-04-16","Brazil","(not set)",123,47
"2025-04-16","Iran","(not set)",28,2
"2025-04-16","Brazil","com.psafe.msuite.ultra_12mo_59.90",22,6
"2025-04-16","Brazil","com.psafe.msuite.ads_free_12mo_13.90",18,15
"2025-04-16","Brazil","com.psafe.msuite.pro_lto_12mo_39.90",18,17
"2025-04-16","United States","com.psafe.msuite.pro_lto_12mo_39.90",12,4
"2025-04-16","Iran","com.psafe.msuite.ultra_12mo_59.90",9,1
"2025-04-16","Saudi Arabia","(not set)",7,1
"2025-04-16","Egypt","com.psafe.msuite.ultra_12mo_59.90",6,1
"2025-04-16","Indonesia","(not set)",6,1
"2025-04-16","United States","com.psafe.msuite.ultra_12mo_59.90",6,1
"2025-04-16","Brazil","com.psafe.msuite.adsfree_lto_12mo",5,5
"2025-04-16","Philippines","(not set)",3,1
"2025-04-16","United States","(not set)",3,3
"2025-04-16","Cuba","(not set)",2,1
"2025-04-16","Nepal","(not set)",2,1
"2025-04-16","Singapore","com.psafe.msuite.pro_3day_trial_12mo49.9",2,1
"2025-04-16","Netherlands","com.psafe.msuite.adsfree_lto_12mo",1,1
"2025-04-16","Netherlands","com.psafe.msuite.pro_lto_12mo_39.90",1,1
"2025-04-17","Brazil","(not set)",128,44
"2025-04-17","Egypt","(not set)",23,3
"2025-04-17","Brazil","com.psafe.msuite.ultra_12mo_59.90",16,5
"2025-04-17","Brazil","com.psafe.msuite.pro_lto_12mo_39.90",14,14
"2025-04-17","Brazil","com.psafe.msuite.ads_free_12mo_13.90",13,7
"2025-04-17","United States","(not set)",10,4
"2025-04-17","Kuwait","(not set)",9,1
"2025-04-17","United States","com.psafe.msuite.ultra_12mo_59.90",9,2
"2025-04-17","Brazil","com.psafe.msuite.adsfree_lto_12mo",8,8
"2025-04-17","Brazil","com.psafe.msuite.pro_12mo_49.90,com.psafe.msuite.ultra_12mo_59.90",6,1
"2025-04-17","Yemen","(not set)",3,1
"2025-04-17","Brazil","com.psafe.msuite.pro_3day_trial_12mo49.9",2,1
"2025-04-17","Singapore","(not set)",2,1
"2025-04-17","United States","com.psafe.msuite.adsfree_lto_12mo",2,2
"2025-04-17","United States","com.psafe.msuite.pro_lto_12mo_39.90",2,2
"2025-04-17","Costa Rica","(not set)",1,1
"2025-04-17","Liberia","(not set)",1,1
"2025-04-17","Norway","com.psafe.msuite.pro_lto_12mo_39.90",1,1
"2025-04-18","Brazil","(not set)",206,48
"2025-04-18","Brazil","com.psafe.msuite.ads_free_12mo_13.90",17,16
"2025-04-18","Brazil","com.psafe.msuite.adsfree_lto_12mo",11,11
"2025-04-18","Brazil","com.psafe.msuite.ultra_12mo_59.90",11,3
"2025-04-18","United States","(not set)",11,2
"2025-04-18","Brazil","com.psafe.msuite.pro_lto_12mo_39.90",9,9
"2025-04-18","United States","com.psafe.msuite.ultra_12mo_59.90",6,1
"2025-04-18","United States","com.psafe.msuite.ads_free_12mo_13.90",3,2
"2025-04-18","United Arab Emirates","com.psafe.msuite.ultra_12mo_59.90",2,1
"2025-04-18","Mexico","com.psafe.msuite.pro_lto_12mo_39.90",1,1
"2025-04-18","Puerto Rico","com.psafe.msuite.ads_free_12mo_13.90",1,1
"2025-04-19","Brazil","(not set)",148,61
"2025-04-19","Brazil","com.psafe.msuite.pro_lto_12mo_39.90",26,21
"2025-04-19","Brazil","com.psafe.msuite.ads_free_12mo_13.90",16,14
"2025-04-19","Brazil","com.psafe.msuite.adsfree_lto_12mo",9,9
"2025-04-19","Indonesia","(not set)",9,1
"2025-04-19","Brazil","com.psafe.msuite.ultra_12mo_59.90",7,3
"2025-04-19","United States","com.psafe.msuite.ultra_12mo_59.90",6,1
"2025-04-19","Paraguay","(not set)",2,1
"2025-04-19","Egypt","(not set)",1,1
"2025-04-19","United States","com.psafe.msuite.ads_free_12mo_13.90",1,1
"2025-04-19","United States","com.psafe.msuite.pro_lto_12mo_39.90",1,1
"2025-04-20","Brazil","(not set)",122,59
"2025-04-20","United States","(not set)",22,8
"2025-04-20","Brazil","com.psafe.msuite.pro_lto_12mo_39.90",14,14
"2025-04-20","Brazil","com.psafe.msuite.adsfree_lto_12mo",12,11
"2025-04-20","Brazil","com.psafe.msuite.ads_free_12mo_13.90",10,9
"2025-04-20","United States","com.psafe.msuite.ultra_12mo_59.90",10,3
"2025-04-20","Brazil","com.psafe.msuite.ultra_12mo_59.90",5,3
"2025-04-20","United States","com.psafe.msuite.ads_free_12mo_13.90",4,3
"2025-04-20","Egypt","(not set)",3,1
"2025-04-20","United States","com.psafe.msuite.pro_lto_12mo_39.90",2,2
"2025-04-21","Brazil","com.psafe.msuite.adsfree_lto_12mo",175,13
"2025-04-21","Brazil","(not set)",105,37
"2025-04-21","Brazil","com.psafe.msuite.ads_free_12mo_13.90",18,13
"2025-04-21","United States","(not set)",18,10
"2025-04-21","Mexico","(not set)",14,1
"2025-04-21","Brazil","com.psafe.msuite.pro_lto_12mo_39.90",11,11
"2025-04-21","South Africa","(not set)",10,1
"2025-04-21","Indonesia","(not set)",9,1
"2025-04-21","United States","com.psafe.msuite.ultra_12mo_59.90",9,2
"2025-04-21","Yemen","(not set)",7,1
"2025-04-21","Brazil","com.psafe.msuite.ultra_12mo_59.90",6,4
"2025-04-21","Yemen","com.psafe.msuite.ultra_12mo_59.90",6,1
"2025-04-21","Brazil","com.psafe.msuite.ads_free_12mo_13.90,com.psafe.msuite.pro_1mo_3.90,com.psafe.msuite.pro_3day_trial_12mo49.9,com.psafe.msuite.ultra_1mo_16.90,com.psafe.msuite.ultra_12mo_59.90",2,1
"2025-04-21","Brazil","com.psafe.msuite.pro_3day_trial_12mo49.9",2,1
"2025-04-21","United States","com.psafe.msuite.ads_free_12mo_13.90",2,2
"2025-04-21","Albania","com.psafe.msuite.adsfree_lto_12mo",1,1
"2025-04-21","Bangladesh","com.psafe.msuite.ads_free_12mo_13.90",1,1
"2025-04-21","Bangladesh","com.psafe.msuite.ads_free_12mo_13.90,com.psafe.msuite.pro_1mo_3.90,com.psafe.msuite.pro_3day_trial_12mo49.9,com.psafe.msuite.ultra_1mo_16.90,com.psafe.msuite.ultra_12mo_59.90",1,1
"2025-04-21","Bangladesh","com.psafe.msuite.ultra_12mo_59.90",1,1
"2025-04-21","United States","com.psafe.msuite.pro_lto_12mo_39.90",1,1
"2025-04-22","Brazil","(not set)",81,38
"2025-04-22","Brazil","com.psafe.msuite.pro_lto_12mo_39.90",16,16
"2025-04-22","United States","(not set)",13,4
"2025-04-22","Brazil","com.psafe.msuite.ads_free_12mo_13.90",12,8
"2025-04-22","Mexico","(not set)",9,1
"2025-04-22","Brazil","com.psafe.msuite.adsfree_lto_12mo",8,8
"2025-04-22","Brazil","com.psafe.msuite.ultra_12mo_59.90",8,3
"2025-04-22","United States","com.psafe.msuite.ultra_12mo_59.90",6,1
"2025-04-22","United States","com.psafe.msuite.ads_free_12mo_13.90",2,1
"2025-04-22","Malaysia","(not set)",1,1
"2025-04-22","Malaysia","com.psafe.msuite.pro_lto_12mo_39.90",1,1
"2025-04-22","United States","com.psafe.msuite.pro_lto_12mo_39.90",1,1
"2025-04-23","Brazil","(not set)",468,53
"2025-04-23","Brazil","com.psafe.msuite.ultra_12mo_59.90",25,5
"2025-04-23","Brazil","com.psafe.msuite.ads_free_12mo_13.90",24,17
"2025-04-23","United States","com.psafe.msuite.ultra_12mo_59.90",13,3
"2025-04-23","Brazil","com.psafe.msuite.pro_lto_12mo_39.90",12,12
"2025-04-23","United States","(not set)",8,4
"2025-04-23","Brazil","com.psafe.msuite.adsfree_lto_12mo",7,6
"2025-04-23","Algeria","com.psafe.msuite.ultra_12mo_59.90",6,1
"2025-04-23","Egypt","com.psafe.msuite.ultra_12mo_59.90",4,1
"2025-04-23","Egypt","(not set)",2,1
"2025-04-23","United States","com.psafe.msuite.ads_free_12mo_13.90",2,2
"2025-04-23","Pakistan","(not set)",1,1
"2025-04-24","Brazil","(not set)",206,44
"2025-04-24","Egypt","(not set)",21,2
"2025-04-24","Brazil","com.psafe.msuite.pro_lto_12mo_39.90",20,7
"2025-04-24","Brazil","com.psafe.msuite.ultra_12mo_59.90",18,4
"2025-04-24","Brazil","com.psafe.msuite.ads_free_12mo_13.90",14,12
"2025-04-24","United States","(not set)",11,4
"2025-04-24","United States","com.psafe.msuite.ultra_12mo_59.90",11,3
"2025-04-24","Dominican Republic","(not set)",7,1
"2025-04-24","Paraguay","(not set)",7,1
"2025-04-24","United States","com.psafe.msuite.pro_12mo_49.90,com.psafe.msuite.ultra_12mo_59.90",6,1
"2025-04-24","Brazil","com.psafe.msuite.adsfree_lto_12mo",5,5
"2025-04-24","Brazil","com.psafe.msuite.ads_free_12mo_13.90,com.psafe.msuite.pro_1mo_3.90,com.psafe.msuite.pro_3day_trial_12mo49.9,com.psafe.msuite.ultra_1mo_16.90,com.psafe.msuite.ultra_12mo_59.90",3,1
"2025-04-24","Puerto Rico","(not set)",1,1
"2025-04-24","United Kingdom","(not set)",1,1
"2025-04-25","Brazil","(not set)",132,41
"2025-04-25","Brazil","com.psafe.msuite.ultra_12mo_59.90",39,4
"2025-04-25","Brazil","com.psafe.msuite.pro_lto_12mo_39.90",13,13
"2025-04-25","United States","com.psafe.msuite.ultra_12mo_59.90",13,3
"2025-04-25","Brazil","com.psafe.msuite.ads_free_12mo_13.90",10,8
"2025-04-25","Brazil","com.psafe.msuite.adsfree_lto_12mo",10,10
"2025-04-25","Philippines","(not set)",9,1
"2025-04-25","United States","(not set)",8,3
"2025-04-25","United Arab Emirates","(not set)",6,1
"2025-04-25","Colombia","com.psafe.msuite.ads_free_12mo_13.90",2,1
"2025-04-25","Mexico","(not set)",2,1
"2025-04-25","Brazil","com.psafe.msuite.ads_free_12mo_13.90,com.psafe.msuite.pro_1mo_3.90,com.psafe.msuite.pro_3day_trial_12mo49.9,com.psafe.msuite.ultra_1mo_16.90,com.psafe.msuite.ultra_12mo_59.90",1,1
"2025-04-25","Brazil","com.psafe.msuite.pro_1mo_3.90,com.psafe.msuite.pro_3day_trial_12mo49.9",1,1
"2025-04-25","India","(not set)",1,1
"2025-04-25","United States","com.psafe.msuite.ads_free_12mo_13.90",1,1
"2025-04-26","Brazil","(not set)",380,48
"2025-04-26","Brazil","com.psafe.msuite.ultra_12mo_59.90",25,6
"2025-04-26","Brazil","com.psafe.msuite.ads_free_12mo_13.90",17,12
"2025-04-26","Brazil","com.psafe.msuite.pro_lto_12mo_39.90",15,15
"2025-04-26","Brazil","com.psafe.msuite.adsfree_lto_12mo",9,9
"2025-04-26","United States","(not set)",9,2
"2025-04-26","United States","com.psafe.msuite.ultra_12mo_59.90",6,1
"2025-04-26","Puerto Rico","(not set)",2,1
"2025-04-26","Tunisia","com.psafe.msuite.ultra_12mo_59.90",2,1
"2025-04-26","Brazil","com.psafe.msuite.ads_free_12mo_13.90,com.psafe.msuite.pro_1mo_3.90,com.psafe.msuite.pro_3day_trial_12mo49.9,com.psafe.msuite.ultra_1mo_16.90,com.psafe.msuite.ultra_12mo_59.90",1,1
"2025-04-26","India","com.psafe.msuite.adsfree_lto_12mo",1,1
"2025-04-26","United States","com.psafe.msuite.adsfree_lto_12mo",1,1
"2025-04-26","United States","com.psafe.msuite.pro_lto_12mo_39.90",1,1
"2025-04-27","Brazil","(not set)",125,49
"2025-04-27","Syria","(not set)",15,1
"2025-04-27","Brazil","com.psafe.msuite.ads_free_12mo_13.90",14,12
"2025-04-27","United States","com.psafe.msuite.ultra_12mo_59.90",12,2
"2025-04-27","Brazil","com.psafe.msuite.ultra_12mo_59.90",11,5
"2025-04-27","Brazil","com.psafe.msuite.pro_lto_12mo_39.90",9,9
"2025-04-27","Mexico","com.psafe.msuite.ultra_12mo_59.90",7,1
"2025-04-27","United States","(not set)",7,5
"2025-04-27","Brazil","com.psafe.msuite.pro_3day_trial_12mo49.9",6,1
"2025-04-27","Egypt","(not set)",6,1
"2025-04-27","Bangladesh","(not set)",5,2
"2025-04-27","Brazil","com.psafe.msuite.adsfree_lto_12mo",5,5
"2025-04-27","United States","com.psafe.msuite.pro_lto_12mo_39.90",5,5
"2025-04-27","United States","com.psafe.msuite.adsfree_lto_12mo",3,3
"2025-04-27","Tanzania","(not set)",2,1
"2025-04-27","United States","com.psafe.msuite.ads_free_12mo_13.90",2,1
"2025-04-27","Thailand","com.psafe.msuite.adsfree_lto_12mo",1,1
"2025-04-28","Brazil","(not set)",134,50
"2025-04-28","Brazil","com.psafe.msuite.ads_free_12mo_13.90",24,15
"2025-04-28","Brazil","com.psafe.msuite.pro_lto_12mo_39.90",9,9
"2025-04-28","Egypt","(not set)",8,1
"2025-04-28","Brazil","com.psafe.msuite.adsfree_lto_12mo",7,7
"2025-04-28","Brazil","com.psafe.msuite.ultra_12mo_59.90",7,3
"2025-04-28","United States","(not set)",3,2
"2025-04-28","Portugal","(not set)",1,1
"2025-04-28","United States","com.psafe.msuite.pro_lto_12mo_39.90",1,1
"2025-04-29","Brazil","(not set)",160,45
"2025-04-29","Brazil","com.psafe.msuite.ads_free_12mo_13.90",18,13
"2025-04-29","Brazil","com.psafe.msuite.pro_lto_12mo_39.90",16,16
"2025-04-29","Brazil","com.psafe.msuite.ultra_12mo_59.90",11,4
"2025-04-29","Brazil","com.psafe.msuite.adsfree_lto_12mo",6,6
"2025-04-29","New Zealand","(not set)",2,1
"2025-04-29","Argentina","(not set)",1,1
"2025-04-29","Argentina","com.psafe.msuite.ads_free_12mo_13.90",1,1
"2025-04-29","Brazil","com.psafe.msuite.pro_1mo_3.90,com.psafe.msuite.pro_3day_trial_12mo49.9",1,1
"2025-04-29","Brazil","com.psafe.msuite.pro_3day_trial_12mo49.9",1,1
"2025-04-29","United States","(not set)",1,1
"2025-04-29","United States","com.psafe.msuite.pro_lto_12mo_39.90",1,1
"2025-04-30","Brazil","(not set)",83,37
"2025-04-30","Brazil","com.psafe.msuite.ads_free_12mo_13.90",21,15
"2025-04-30","Brazil","com.psafe.msuite.ultra_12mo_59.90",20,4
"2025-04-30","United States","com.psafe.msuite.ultra_12mo_59.90",15,2
"2025-04-30","Brazil","com.psafe.msuite.pro_lto_12mo_39.90",7,7
"2025-04-30","Saudi Arabia","(not set)",7,1
"2025-04-30","United States","(not set)",4,3
"2025-04-30","United States","com.psafe.msuite.ads_free_12mo_13.90",3,3
"2025-04-30","Bangladesh","(not set)",2,1
"2025-04-30","Brazil","com.psafe.msuite.adsfree_lto_12mo",2,2
"2025-04-30","Guatemala","(not set)",2,1
"2025-04-30","Yemen","(not set)",2,1
"2025-04-30","Indonesia","(not set)",1,1
"2025-05-01","Brazil","(not set)",97,41
"2025-05-01","Brazil","com.psafe.msuite.ads_free_12mo_13.90",13,10
"2025-05-01","United States","com.psafe.msuite.ultra_12mo_59.90",12,2
"2025-05-01","Brazil","com.psafe.msuite.ultra_12mo_59.90",10,4
"2025-05-01","Iraq","(not set)",10,1
"2025-05-01","Brazil","com.psafe.msuite.pro_lto_12mo_39.90",8,8
"2025-05-01","Saudi Arabia","(not set)",7,1
"2025-05-01","Brazil","com.psafe.msuite.adsfree_lto_12mo",6,6
"2025-05-01","United States","(not set)",5,3
"2025-05-01","Egypt","(not set)",2,1
"2025-05-01","United States","com.psafe.msuite.ads_free_12mo_13.90",2,1
"2025-05-01","Brazil","com.psafe.msuite.ads_free_12mo_13.90,com.psafe.msuite.pro_1mo_3.90,com.psafe.msuite.pro_3day_trial_12mo49.9,com.psafe.msuite.ultra_1mo_16.90,com.psafe.msuite.ultra_12mo_59.90",1,1
"2025-05-01","Iran","(not set)",1,1
"2025-05-01","Mexico","com.psafe.msuite.adsfree_lto_12mo",1,1
"2025-05-02","Brazil","(not set)",113,39
"2025-05-02","Brazil","com.psafe.msuite.ultra_12mo_59.90",38,7
"2025-05-02","Brazil","com.psafe.msuite.pro_lto_12mo_39.90",18,16
"2025-05-02","Brazil","com.psafe.msuite.ads_free_12mo_13.90",9,9
"2025-05-02","United States","com.psafe.msuite.pro_lto_12mo_39.90",9,2
"2025-05-02","Argentina","com.psafe.msuite.ultra_12mo_59.90",7,1
"2025-05-02","Brazil","com.psafe.msuite.adsfree_lto_12mo",6,6
"2025-05-02","United States","com.psafe.msuite.ultra_12mo_59.90",6,1
"2025-05-02","Finland","(not set)",5,1
"2025-05-02","United States","(not set)",5,5
"2025-05-02","Kenya","(not set)",2,1
"2025-05-02","United States","com.psafe.msuite.ads_free_12mo_13.90",2,2
"2025-05-02","Brazil","0.0",1,1
"2025-05-02","Brazil","com.psafe.msuite.ads_free_12mo",1,1
"2025-05-02","Egypt","com.psafe.msuite.ultra_12mo_59.90",1,1
"2025-05-02","Mexico","com.psafe.msuite.pro_lto_12mo_39.90",1,1
"2025-05-02","United States","com.psafe.msuite.adsfree_lto_12mo",1,1
"2025-05-03","Brazil","(not set)",156,46
"2025-05-03","Brazil","com.psafe.msuite.ultra_12mo_59.90",44,9
"2025-05-03","Brazil","com.psafe.msuite.pro_lto_12mo_39.90",23,16
"2025-05-03","Brazil","com.psafe.msuite.ads_free_12mo_13.90",12,8
"2025-05-03","Brazil","com.psafe.msuite.adsfree_lto_12mo",7,7
"2025-05-03","Vietnam","(not set)",7,1
"2025-05-03","United States","(not set)",5,4
"2025-05-03","Saudi Arabia","(not set)",3,1
"2025-05-03","United States","com.psafe.msuite.adsfree_lto_12mo",1,1
"2025-05-04","Brazil","(not set)",149,42
"2025-05-04","Brazil","com.psafe.msuite.ultra_12mo_59.90",29,7
"2025-05-04","Brazil","com.psafe.msuite.ads_free_12mo_13.90",18,11
"2025-05-04","Brazil","com.psafe.msuite.pro_lto_12mo_39.90",14,13
"2025-05-04","United States","(not set)",11,4
"2025-05-04","United States","com.psafe.msuite.ultra_12mo_59.90",11,3
"2025-05-04","Brazil","com.psafe.msuite.adsfree_lto_12mo",10,10
"2025-05-04","Saudi Arabia","(not set)",7,1
"2025-05-04","Argentina","(not set)",6,1
"2025-05-04","Pakistan","(not set)",6,1
"2025-05-04","Egypt","(not set)",5,1
"2025-05-04","Russia","(not set)",3,1
"2025-05-04","Brazil","com.psafe.msuite.ads_free_12mo_13.90,com.psafe.msuite.pro_1mo_3.90,com.psafe.msuite.pro_3day_trial_12mo49.9,com.psafe.msuite.ultra_1mo_16.90,com.psafe.msuite.ultra_12mo_59.90",2,2
"2025-05-04","Brazil","0.0",1,1
"2025-05-04","Chile","(not set)",1,1
"2025-05-04","Mexico","(not set)",1,1
"2025-05-05","Brazil","(not set)",71,41
"2025-05-05","Brazil","com.psafe.msuite.ultra_12mo_59.90",50,12
"2025-05-05","Brazil","com.psafe.msuite.ads_free_12mo_13.90",24,19
"2025-05-05","Brazil","com.psafe.msuite.pro_lto_12mo_39.90",16,16
"2025-05-05","Egypt","(not set)",10,2
"2025-05-05","United States","com.psafe.msuite.ultra_12mo_59.90",6,1
"2025-05-05","Brazil","com.psafe.msuite.adsfree_lto_12mo",5,5
"2025-05-05","United States","(not set)",4,3
"2025-05-05","Brazil","com.psafe.msuite.ads_free_12mo_13.90,com.psafe.msuite.pro_1mo_3.90,com.psafe.msuite.pro_3day_trial_12mo49.9,com.psafe.msuite.ultra_1mo_16.90,com.psafe.msuite.ultra_12mo_59.90",2,1
"2025-05-05","Iran","(not set)",2,1
"2025-05-05","United States","com.psafe.msuite.ads_free_12mo_13.90",2,1
"2025-05-05","Iran","com.psafe.msuite.ultra_12mo_59.90",1,1
"2025-05-05","Puerto Rico","(not set)",1,1
"2025-05-05","Puerto Rico","com.psafe.msuite.ads_free_12mo_13.90",1,1
"2025-05-05","United States","com.psafe.msuite.adsfree_lto_12mo",1,1
"2025-05-06","Brazil","(not set)",114,45
"2025-05-06","Brazil","com.psafe.msuite.ultra_12mo_59.90",86,11
"2025-05-06","Brazil","com.psafe.msuite.adsfree_lto_12mo",49,14
"2025-05-06","Brazil","com.psafe.msuite.pro_lto_12mo_39.90",21,19
"2025-05-06","Brazil","com.psafe.msuite.ads_free_12mo_13.90",16,12
"2025-05-06","United States","(not set)",11,4
"2025-05-06","Pakistan","(not set)",8,1
"2025-05-06","Pakistan","com.psafe.msuite.ultra_12mo_59.90",8,1
"2025-05-06","United States","com.psafe.msuite.ultra_12mo_59.90",6,1
"2025-05-06","Iran","(not set)",2,1
"2025-05-06","Mexico","(not set)",2,2
"2025-05-06","United States","com.psafe.msuite.ads_free_12mo_13.90",1,1
"2025-05-06","United States","com.psafe.msuite.adsfree_lto_12mo",1,1
"2025-05-06","United States","com.psafe.msuite.pro_lto_12mo_39.90",1,1
"2025-05-07","Brazil","(not set)",99,43
"2025-05-07","Brazil","com.psafe.msuite.ultra_12mo_59.90",36,12
"2025-05-07","Brazil","com.psafe.msuite.ads_free_12mo_13.90",23,17
"2025-05-07","United States","(not set)",19,7
"2025-05-07","Brazil","com.psafe.msuite.pro_lto_12mo_39.90",14,13
"2025-05-07","Egypt","(not set)",8,1
"2025-05-07","Brazil","com.psafe.msuite.adsfree_lto_12mo",7,7
"2025-05-07","Egypt","com.psafe.msuite.ultra_12mo_59.90",7,1
"2025-05-07","Mexico","(not set)",2,1
"2025-05-07","Guatemala","com.psafe.msuite.pro_lto_12mo_39.90",1,1
"2025-05-07","Mexico","com.psafe.msuite.ads_free_12mo_13.90",1,1
"2025-05-07","United States","com.psafe.msuite.adsfree_lto_12mo",1,1
"2025-05-07","United States","com.psafe.msuite.ultra_1mo_16.90,com.psafe.msuite.ultra_12mo_59.90",1,1
"2025-05-08","Brazil","(not set)",172,56
"2025-05-08","Brazil","com.psafe.msuite.ultra_12mo_59.90",45,8
"2025-05-08","Brazil","com.psafe.msuite.ads_free_12mo_13.90",20,14
"2025-05-08","United States","(not set)",13,3
"2025-05-08","Brazil","com.psafe.msuite.pro_lto_12mo_39.90",10,10
"2025-05-08","Brazil","com.psafe.msuite.adsfree_lto_12mo",8,8
"2025-05-08","United States","com.psafe.msuite.ultra_12mo_59.90",8,2
"2025-05-08","Iran","com.psafe.msuite.pro_lto_12mo_39.90",1,1
"2025-05-08","Mexico","(not set)",1,1
"2025-05-08","Pakistan","com.psafe.msuite.adsfree_lto_12mo",1,1
"2025-05-08","Portugal","(not set)",1,1
"2025-05-08","Syria","(not set)",1,1
"2025-05-09","Brazil","(not set)",104,53
"2025-05-09","Brazil","com.psafe.msuite.adsfree_lto_12mo",31,6
"2025-05-09","Brazil","com.psafe.msuite.ads_free_12mo_13.90",19,14
"2025-05-09","Brazil","com.psafe.msuite.pro_lto_12mo_39.90",13,13
"2025-05-09","Brazil","com.psafe.msuite.ultra_12mo_59.90",7,2
"2025-05-09","United States","com.psafe.msuite.ultra_12mo_59.90",6,1
"2025-05-09","Colombia","(not set)",2,1
"2025-05-09","El Salvador","(not set)",2,1
"2025-05-09","Iran","com.psafe.msuite.pro_lto_12mo_39.90",1,1
"2025-05-09","Mexico","(not set)",1,1
"2025-05-09","Portugal","com.psafe.msuite.pro_lto_12mo_39.90",1,1
"2025-05-09","Tanzania","(not set)",1,1
"2025-05-09","United States","(not set)",1,1
"2025-05-09","United States","com.psafe.msuite.ads_free_12mo_13.90",1,1
"2025-05-10","Brazil","(not set)",147,39
"2025-05-10","Brazil","com.psafe.msuite.ultra_12mo_59.90",19,4
"2025-05-10","Brazil","com.psafe.msuite.pro_lto_12mo_39.90",16,15
"2025-05-10","Brazil","com.psafe.msuite.ads_free_12mo_13.90",14,12
"2025-05-10","Brazil","com.psafe.msuite.adsfree_lto_12mo",11,10
"2025-05-10","India","(not set)",9,1
"2025-05-10","United States","com.psafe.msuite.ultra_12mo_59.90",6,1
"2025-05-10","United States","(not set)",2,2
"2025-05-10","Honduras","com.psafe.msuite.adsfree_lto_12mo",1,1
"2025-05-10","Mexico","(not set)",1,1
"2025-05-10","Philippines","com.psafe.msuite.ultra_12mo_59.90",1,1
"2025-05-11","Brazil","(not set)",66,34
"2025-05-11","Brazil","com.psafe.msuite.ultra_12mo_59.90",47,10
"2025-05-11","United States","(not set)",15,5
"2025-05-11","Brazil","com.psafe.msuite.ads_free_12mo_13.90",11,7
"2025-05-11","Brazil","com.psafe.msuite.pro_lto_12mo_39.90",11,11
"2025-05-11","United States","com.psafe.msuite.ultra_12mo_59.90",11,2
"2025-05-11","Brazil","com.psafe.msuite.adsfree_lto_12mo",6,6
"2025-05-11","Mexico","(not set)",4,3
"2025-05-11","Egypt","com.psafe.msuite.ultra_12mo_59.90",2,1
"2025-05-11","Japan","(not set)",2,1
"2025-05-11","United States","com.psafe.msuite.pro_lto_12mo_39.90",2,2
"2025-05-11","Congo - Kinshasa","(not set)",1,1
"2025-05-11","Indonesia","(not set)",1,1
"2025-05-11","Iran","(not set)",1,1
"2025-05-12","Brazil","(not set)",84,41
"2025-05-12","Brazil","com.psafe.msuite.ultra_12mo_59.90",58,10
"2025-05-12","Brazil","com.psafe.msuite.ads_free_12mo_13.90",18,11
"2025-05-12","United States","com.psafe.msuite.ultra_12mo_59.90",6,1
"2025-05-12","Brazil","com.psafe.msuite.adsfree_lto_12mo",5,5
"2025-05-12","Egypt","com.psafe.msuite.ultra_12mo_59.90",5,1
"2025-05-12","Brazil","com.psafe.msuite.pro_lto_12mo_39.90",4,4
"2025-05-12","Iran","com.psafe.msuite.pro_lto_12mo_39.90",2,2
"2025-05-12","United States","(not set)",2,2
"2025-05-12","United States","com.psafe.msuite.pro_lto_12mo_39.90",1,1
"2025-05-13","Brazil","(not set)",167,78
"2025-05-13","Brazil","com.psafe.msuite.ultra_12mo_59.90",70,14
"2025-05-13","Brazil","com.psafe.msuite.ads_free_12mo_13.90",23,14
"2025-05-13","Brazil","com.psafe.msuite.pro_lto_12mo_39.90",12,10
"2025-05-13","France","(not set)",8,1
"2025-05-13","Algeria","com.psafe.msuite.ultra_12mo_59.90",7,1
"2025-05-13","India","(not set)",7,1
"2025-05-13","Brazil","com.psafe.msuite.adsfree_lto_12mo",6,6
"2025-05-13","Indonesia","com.psafe.msuite.ultra_12mo_59.90",6,1
"2025-05-13","Mexico","(not set)",6,1
"2025-05-13","United States","com.psafe.msuite.ultra_12mo_59.90",6,1
"2025-05-13","Algeria","(not set)",5,1
"2025-05-13","United States","(not set)",3,2
"2025-05-13","United States","com.psafe.msuite.pro_lto_12mo_39.90",2,2
"2025-05-13","New Zealand","com.psafe.msuite.pro_lto_12mo_39.90",1,1
"2025-05-13","United States","com.psafe.msuite.adsfree_lto_12mo",1,1
"2025-05-14","Brazil","(not set)",73,43
"2025-05-14","Brazil","com.psafe.msuite.ultra_12mo_59.90",34,9
"2025-05-14","United States","com.psafe.msuite.ultra_12mo_59.90",17,2
"2025-05-14","Brazil","com.psafe.msuite.ads_free_12mo_13.90",16,13
"2025-05-14","Brazil","com.psafe.msuite.adsfree_lto_12mo",10,6
"2025-05-14","Brazil","com.psafe.msuite.pro_lto_12mo_39.90",10,10
"2025-05-14","Egypt","(not set)",9,2
"2025-05-14","United States","(not set)",3,2
"2025-05-14","Myanmar (Burma)","(not set)",2,1
"2025-05-14","Myanmar (Burma)","com.psafe.msuite.ultra_12mo_59.90",1,1
"2025-05-14","Spain","com.psafe.msuite.adsfree_lto_12mo",1,1
"2025-05-14","United States","com.psafe.msuite.ads_free_12mo_13.90",1,1
"2025-05-15","Brazil","(not set)",111,44
"2025-05-15","Brazil","com.psafe.msuite.ultra_12mo_59.90",33,4
"2025-05-15","Brazil","com.psafe.msuite.ads_free_12mo_13.90",21,13
"2025-05-15","Egypt","(not set)",11,2
"2025-05-15","Brazil","com.psafe.msuite.pro_lto_12mo_39.90",8,8
"2025-05-15","United States","com.psafe.msuite.ultra_12mo_59.90",6,1
"2025-05-15","Brazil","com.psafe.msuite.adsfree_lto_12mo",4,4
"2025-05-15","United States","(not set)",2,2
"2025-05-15","United States","com.psafe.msuite.ads_free_12mo_13.90",2,2
"2025-05-15","United States","com.psafe.msuite.pro_lto_12mo_39.90",2,2
"2025-05-15","Philippines","(not set)",1,1
"2025-05-15","United States","com.psafe.msuite.adsfree_lto_12mo",1,1
"2025-05-16","Brazil","(not set)",279,46
"2025-05-16","Brazil","com.psafe.msuite.ultra_12mo_59.90",16,4
"2025-05-16","Brazil","com.psafe.msuite.ads_free_12mo_13.90",11,8
"2025-05-16","Brazil","com.psafe.msuite.pro_lto_12mo_39.90",11,11
"2025-05-16","Brazil","com.psafe.msuite.adsfree_lto_12mo",8,8
"2025-05-16","United States","0.0",3,1
"2025-05-16","United States","com.psafe.msuite.ads_free_12mo_13.90",2,2
"2025-05-16","United States","com.psafe.msuite.pro_lto_12mo_39.90",2,2
"2025-05-16","Algeria","(not set)",1,1
"2025-05-16","United States","(not set)",1,1
"2025-05-17","Brazil","(not set)",88,33
"2025-05-17","Brazil","com.psafe.msuite.ultra_12mo_59.90",69,8
"2025-05-17","Brazil","com.psafe.msuite.pro_lto_12mo_39.90",16,16
"2025-05-17","Brazil","com.psafe.msuite.ads_free_12mo_13.90",13,12
"2025-05-17","Brazil","com.psafe.msuite.adsfree_lto_12mo",10,10
"2025-05-17","Iran","com.psafe.msuite.ultra_12mo_59.90",10,1
"2025-05-17","Egypt","(not set)",8,1
"2025-05-17","United Arab Emirates","com.psafe.msuite.ultra_12mo_59.90",6,1
"2025-05-17","United States","com.psafe.msuite.ultra_12mo_59.90",6,1
"2025-05-17","India","(not set)",2,1
"2025-05-17","Argentina","com.psafe.msuite.pro_lto_12mo_39.90",1,1
"2025-05-17","United States","(not set)",1,1
"2025-05-18","Brazil","(not set)",123,57
"2025-05-18","Brazil","com.psafe.msuite.ultra_12mo_59.90",43,8
"2025-05-18","Brazil","com.psafe.msuite.ads_free_12mo_13.90",24,17
"2025-05-18","Brazil","com.psafe.msuite.pro_lto_12mo_39.90",11,6
"2025-05-18","Brazil","com.psafe.msuite.adsfree_lto_12mo",8,8
"2025-05-18","Togo","(not set)",7,1
"2025-05-18","United Kingdom","(not set)",7,1
"2025-05-18","United States","com.psafe.msuite.ultra_12mo_59.90",6,1
"2025-05-18","United States","(not set)",5,5
"2025-05-18","Mexico","(not set)",3,2
"2025-05-18","United States","com.psafe.msuite.ads_free_12mo_13.90",1,1
"2025-05-19","Brazil","(not set)",104,57
"2025-05-19","Brazil","com.psafe.msuite.ultra_12mo_59.90",37,9
"2025-05-19","United States","(not set)",27,7
"2025-05-19","Brazil","com.psafe.msuite.pro_lto_12mo_39.90",15,15
"2025-05-19","Brazil","com.psafe.msuite.ads_free_12mo_13.90",8,7
"2025-05-19","United States","com.psafe.msuite.ultra_12mo_59.90",8,2
"2025-05-19","India","com.psafe.msuite.ultra_12mo_59.90",6,1
"2025-05-19","Portugal","com.psafe.msuite.adsfree_lto_12mo",6,1
"2025-05-19","Brazil","com.psafe.msuite.adsfree_lto_12mo",5,5
"2025-05-19","Brazil","com.psafe.msuite.ads_free_12mo_13.90,com.psafe.msuite.pro_1mo_3.90,com.psafe.msuite.pro_3day_trial_12mo49.9,com.psafe.msuite.ultra_1mo_16.90,com.psafe.msuite.ultra_12mo_59.90",4,1
"2025-05-19","Myanmar (Burma)","com.psafe.msuite.pro_3day_trial_12mo49.9",4,1
"2025-05-19","Egypt","com.psafe.msuite.ultra_12mo_59.90",2,1
"2025-05-19","Myanmar (Burma)","(not set)",2,1
"2025-05-19","Algeria","(not set)",1,1
"2025-05-19","United States","com.psafe.msuite.ads_free_12mo_13.90",1,1
"2025-05-19","United States","com.psafe.msuite.pro_lto_12mo_39.90",1,1
"2025-05-20","Brazil","(not set)",109,53
"2025-05-20","Brazil","com.psafe.msuite.ads_free_12mo_13.90",23,17
"2025-05-20","Brazil","com.psafe.msuite.pro_lto_12mo_39.90",17,17
"2025-05-20","Brazil","com.psafe.msuite.ultra_12mo_59.90",17,7
"2025-05-20","Brazil","com.psafe.msuite.adsfree_lto_12mo",15,8
"2025-05-20","Jordan","(not set)",11,1
"2025-05-20","United States","(not set)",11,3
"2025-05-20","United States","com.psafe.msuite.ultra_12mo_59.90",10,2
"2025-05-20","India","(not set)",7,1
"2025-05-20","Jordan","com.psafe.msuite.ultra_12mo_59.90",6,1
"2025-05-20","Angola","com.psafe.msuite.ultra_12mo_59.90",4,1
"2025-05-20","Angola","(not set)",2,1
"2025-05-20","Philippines","(not set)",2,1
"2025-05-20","Nepal","(not set)",1,1
"2025-05-20","Nepal","com.psafe.msuite.pro_lto_12mo_39.90",1,1
"2025-05-20","Uganda","(not set)",1,1
"2025-05-20","United States","com.psafe.msuite.ads_free_12mo_13.90",1,1
"2025-05-20","United States","com.psafe.msuite.adsfree_lto_12mo",1,1
"2025-05-20","United States","com.psafe.msuite.pro_lto_12mo_39.90",1,1
"2025-05-21","Brazil","(not set)",86,50
"2025-05-21","Brazil","com.psafe.msuite.ultra_12mo_59.90",52,9
"2025-05-21","Brazil","com.psafe.msuite.ads_free_12mo_13.90",24,15
"2025-05-21","United States","(not set)",15,3
"2025-05-21","Brazil","com.psafe.msuite.pro_lto_12mo_39.90",14,14
"2025-05-21","Brazil","com.psafe.msuite.adsfree_lto_12mo",12,12
"2025-05-21","United States","com.psafe.msuite.ultra_12mo_59.90",10,1
"2025-05-21","United States","com.psafe.msuite.pro_lto_12mo_39.90",5,4
"2025-05-21","Colombia","(not set)",2,1
"2025-05-21","Colombia","com.psafe.msuite.ultra_12mo_59.90",2,1
"2025-05-21","Mexico","(not set)",1,1
"2025-05-21","Mexico","com.psafe.msuite.ads_free_12mo_13.90",1,1
"2025-05-21","Pakistan","com.psafe.msuite.pro_lto_12mo_39.90",1,1
"2025-05-21","United States","com.psafe.msuite.ads_free_12mo_13.90",1,1
"2025-05-21","United States","com.psafe.msuite.adsfree_lto_12mo",1,1
"2025-05-21","Vietnam","(not set)",1,1
"2025-05-22","Brazil","(not set)",88,43
"2025-05-22","Brazil","com.psafe.msuite.ultra_12mo_59.90",33,11
"2025-05-22","Brazil","com.psafe.msuite.pro_lto_12mo_39.90",30,17
"2025-05-22","Brazil","com.psafe.msuite.ads_free_12mo_13.90",15,11
"2025-05-22","United States","(not set)",15,6
"2025-05-22","Brazil","com.psafe.msuite.adsfree_lto_12mo",10,10
"2025-05-22","French Guiana","com.psafe.msuite.ultra_12mo_59.90",7,1
"2025-05-22","United States","com.psafe.msuite.ultra_12mo_59.90",6,1
"2025-05-22","Argentina","(not set)",2,1
"2025-05-22","Brazil","com.psafe.msuite.ads_free_12mo_13.90,com.psafe.msuite.pro_1mo_3.90,com.psafe.msuite.pro_3day_trial_12mo49.9,com.psafe.msuite.ultra_1mo_16.90,com.psafe.msuite.ultra_12mo_59.90",2,2
"2025-05-22","Canada","com.psafe.msuite.ads_free_12mo_13.90",2,1
"2025-05-22","United States","com.psafe.msuite.pro_lto_12mo_39.90",2,2
"2025-05-22","Canada","com.psafe.msuite.adsfree_lto_12mo",1,1
"2025-05-22","Canada","com.psafe.msuite.pro_lto_12mo_39.90",1,1
"2025-05-22","Colombia","com.psafe.msuite.adsfree_lto_12mo",1,1
"2025-05-22","Indonesia","com.psafe.msuite.adsfree_lto_12mo",1,1
"2025-05-22","United States","com.psafe.msuite.ads_free_12mo_13.90",1,1
"2025-05-23","Brazil","(not set)",71,37
"2025-05-23","United States","(not set)",54,4
"2025-05-23","Brazil","com.psafe.msuite.pro_lto_12mo_39.90",26,12
"2025-05-23","Brazil","com.psafe.msuite.ultra_12mo_59.90",23,6
"2025-05-23","Brazil","com.psafe.msuite.ads_free_12mo_13.90",10,8
"2025-05-23","Brazil","com.psafe.msuite.adsfree_lto_12mo",9,9
"2025-05-23","United States","com.psafe.msuite.ultra_12mo_59.90",9,1
"2025-05-23","Jordan","com.psafe.msuite.ultra_12mo_59.90",8,1
"2025-05-23","Jordan","(not set)",7,1
"2025-05-23","Peru","(not set)",2,1
"2025-05-23","Saudi Arabia","(not set)",2,1
"2025-05-23","Mexico","(not set)",1,1
"2025-05-23","United States","com.psafe.msuite.pro_lto_12mo_39.90",1,1
"2025-05-24","Brazil","(not set)",118,50
"2025-05-24","Brazil","com.psafe.msuite.ultra_12mo_59.90",47,10
"2025-05-24","Brazil","com.psafe.msuite.ads_free_12mo_13.90",16,14
"2025-05-24","Brazil","com.psafe.msuite.pro_lto_12mo_39.90",16,15
"2025-05-24","Egypt","(not set)",11,2
"2025-05-24","United States","com.psafe.msuite.ultra_12mo_59.90",11,2
"2025-05-24","United States","(not set)",8,3
"2025-05-24","Brazil","0.0",7,2
"2025-05-24","Brazil","com.psafe.msuite.adsfree_lto_12mo",6,6
"2025-05-24","Brazil","com.psafe.msuite.ads_free_12mo_13.90,com.psafe.msuite.pro_1mo_3.90,com.psafe.msuite.pro_3day_trial_12mo49.9,com.psafe.msuite.ultra_1mo_16.90,com.psafe.msuite.ultra_12mo_59.90",3,1
"2025-05-24","United States","com.psafe.msuite.ads_free_12mo_13.90",3,2
"2025-05-24","Angola","(not set)",2,1
"2025-05-24","United States","com.psafe.msuite.pro_lto_12mo_39.90",2,2
"2025-05-24","Brazil","com.psafe.msuite.ads_free_12mo",1,1
"2025-05-24","Ecuador","(not set)",1,1
"2025-05-24","Mexico","(not set)",1,1
"2025-05-24","Mexico","com.psafe.msuite.pro_lto_12mo_39.90",1,1
"2025-05-25","Brazil","(not set)",94,44
"2025-05-25","Brazil","com.psafe.msuite.ultra_12mo_59.90",18,9
"2025-05-25","Brazil","com.psafe.msuite.pro_lto_12mo_39.90",17,14
"2025-05-25","United States","(not set)",16,7
"2025-05-25","United States","com.psafe.msuite.ultra_12mo_59.90",15,3
"2025-05-25","Brazil","com.psafe.msuite.ads_free_12mo_13.90",14,11
"2025-05-25","Brazil","com.psafe.msuite.adsfree_lto_12mo",9,8
"2025-05-25","Iran","(not set)",6,1
"2025-05-25","United Kingdom","(not set)",6,1
"2025-05-25","Pakistan","(not set)",5,1
"2025-05-25","Brazil","com.psafe.msuite.ads_free_12mo_13.90,com.psafe.msuite.pro_1mo_3.90,com.psafe.msuite.pro_3day_trial_12mo49.9,com.psafe.msuite.ultra_1mo_16.90,com.psafe.msuite.ultra_12mo_59.90",3,1
"2025-05-25","Chile","(not set)",2,1
"2025-05-25","Mexico","(not set)",1,1
"2025-05-25","Mexico","com.psafe.msuite.pro_lto_12mo_39.90",1,1
"2025-05-25","United States","com.psafe.msuite.ads_free_12mo_13.90",1,1
"2025-05-25","United States","com.psafe.msuite.pro_lto_12mo_39.90",1,1
"2025-05-26","Brazil","(not set)",110,56
"2025-05-26","Brazil","com.psafe.msuite.ultra_12mo_59.90",35,7
"2025-05-26","Brazil","com.psafe.msuite.adsfree_lto_12mo",20,20
"2025-05-26","Brazil","com.psafe.msuite.ads_free_12mo_13.90",19,15
"2025-05-26","Brazil","com.psafe.msuite.pro_lto_12mo_39.90",19,19
"2025-05-26","United States","com.psafe.msuite.ultra_12mo_59.90",12,2
"2025-05-26","India","com.psafe.msuite.ultra_12mo_59.90",7,1
"2025-05-26","United States","(not set)",6,5
"2025-05-26","Mexico","com.psafe.msuite.ads_free_12mo_13.90,com.psafe.msuite.pro_1mo_3.90,com.psafe.msuite.pro_3day_trial_12mo49.9,com.psafe.msuite.ultra_1mo_16.90,com.psafe.msuite.ultra_12mo_59.90",2,1
"2025-05-26","United States","com.psafe.msuite.ads_free_12mo_13.90",2,2
"2025-05-26","United States","com.psafe.msuite.adsfree_lto_12mo",2,2
"2025-05-26","United States","com.psafe.msuite.pro_lto_12mo_39.90",2,2
"2025-05-26","Norway","com.psafe.msuite.ads_free_12mo_13.90",1,1
"2025-05-26","United States","com.psafe.msuite.pro_3day_trial_12mo49.9",1,1
"2025-05-27","Brazil","(not set)",134,50
"2025-05-27","Brazil","com.psafe.msuite.ultra_12mo_59.90",52,10
"2025-05-27","Brazil","com.psafe.msuite.pro_lto_12mo_39.90",18,18
"2025-05-27","United States","(not set)",15,4
"2025-05-27","Brazil","com.psafe.msuite.adsfree_lto_12mo",11,11
"2025-05-27","Brazil","com.psafe.msuite.ads_free_12mo_13.90",9,9
"2025-05-27","Jordan","(not set)",8,1
"2025-05-27","United States","com.psafe.msuite.ultra_12mo_59.90",6,1
"2025-05-27","Egypt","(not set)",2,1
"2025-05-27","United States","com.psafe.msuite.adsfree_lto_12mo",2,2
"2025-05-27","United States","com.psafe.msuite.pro_lto_12mo_39.90",2,2
"2025-05-27","Brazil","com.psafe.msuite.ads_free_12mo_13.90,com.psafe.msuite.pro_1mo_3.90,com.psafe.msuite.pro_3day_trial_12mo49.9,com.psafe.msuite.ultra_1mo_16.90,com.psafe.msuite.ultra_12mo_59.90",1,1
"2025-05-27","Brazil","com.psafe.msuite.ultra_1mo_16.90,com.psafe.msuite.ultra_12mo_59.90",1,1
"2025-05-27","Germany","com.psafe.msuite.adsfree_lto_12mo",1,1
"2025-05-27","Iran","(not set)",1,1
"2025-05-27","Jamaica","(not set)",1,1
"2025-05-28","Brazil","(not set)",110,47
"2025-05-28","Brazil","com.psafe.msuite.ultra_12mo_59.90",29,8
"2025-05-28","Brazil","com.psafe.msuite.ads_free_12mo_13.90",22,19
"2025-05-28","Brazil","com.psafe.msuite.pro_lto_12mo_39.90",15,15
"2025-05-28","Serbia","(not set)",12,1
"2025-05-28","Brazil","com.psafe.msuite.adsfree_lto_12mo",8,8
"2025-05-28","Morocco","com.psafe.msuite.ultra_12mo_59.90",8,1
"2025-05-28","United States","com.psafe.msuite.ultra_12mo_59.90",6,1
"2025-05-28","Brazil","com.psafe.msuite.ads_free_12mo_13.90,com.psafe.msuite.pro_1mo_3.90,com.psafe.msuite.pro_3day_trial_12mo49.9,com.psafe.msuite.ultra_1mo_16.90,com.psafe.msuite.ultra_12mo_59.90",2,1
"2025-05-28","Egypt","(not set)",2,1
"2025-05-28","United States","com.psafe.msuite.pro_lto_12mo_39.90",2,2
"2025-05-28","Egypt","com.psafe.msuite.ultra_12mo_59.90",1,1
"2025-05-28","India","com.psafe.msuite.ultra_12mo_59.90",1,1
"2025-05-28","Nepal","com.psafe.msuite.ultra_12mo_59.90",1,1
"2025-05-28","Nigeria","(not set)",1,1
"2025-05-28","United States","(not set)",1,1
"2025-05-28","United States","com.psafe.msuite.ads_free_12mo_13.90",1,1
"2025-05-29","Brazil","(not set)",120,35
"2025-05-29","Brazil","com.psafe.msuite.ultra_12mo_59.90",48,14
"2025-05-29","United States","com.psafe.msuite.ultra_12mo_59.90",15,3
"2025-05-29","Brazil","com.psafe.msuite.ads_free_12mo_13.90",14,12
"2025-05-29","Brazil","com.psafe.msuite.pro_lto_12mo_39.90",10,10
"2025-05-29","Iran","(not set)",10,1
"2025-05-29","Brazil","com.psafe.msuite.adsfree_lto_12mo",7,6
"2025-05-29","United States","0.0",5,1
"2025-05-29","United States","(not set)",3,3
"2025-05-29","United States","com.psafe.msuite.pro_lto_12mo_39.90",3,3
"2025-05-29","Bangladesh","(not set)",2,1
"2025-05-29","Brazil","com.psafe.msuite.ultra_12mo",2,1
"2025-05-29","Brazil","com.psafe.msuite.ultra_1mo_16.90,com.psafe.msuite.ultra_12mo_59.90",2,1
"2025-05-29","Indonesia","(not set)",2,1
"2025-05-29","Mexico","(not set)",2,1
"2025-05-29","Nigeria","(not set)",1,1
"2025-05-29","United States","com.psafe.msuite.adsfree_lto_12mo",1,1
"2025-05-30","Brazil","(not set)",85,40
"2025-05-30","Brazil","com.psafe.msuite.ultra_12mo_59.90",55,11
"2025-05-30","Egypt","(not set)",19,3
"2025-05-30","United States","com.psafe.msuite.ultra_12mo_59.90",17,2
"2025-05-30","Brazil","com.psafe.msuite.pro_lto_12mo_39.90",14,14
"2025-05-30","Brazil","com.psafe.msuite.ads_free_12mo_13.90",7,6
"2025-05-30","Brazil","com.psafe.msuite.adsfree_lto_12mo",7,7
"2025-05-30","U.S. Virgin Islands","com.psafe.msuite.ultra_12mo_59.90",4,1
"2025-05-30","U.S. Virgin Islands","com.psafe.msuite.ultra_1mo_16.90,com.psafe.msuite.ultra_12mo_59.90",2,1
"2025-05-30","Mexico","com.psafe.msuite.pro_lto_12mo_39.90",1,1
"2025-05-30","United States","com.psafe.msuite.ads_free_12mo_13.90",1,1
"2025-05-31","Brazil","(not set)",100,44
"2025-05-31","Brazil","com.psafe.msuite.ultra_12mo_59.90",20,5
"2025-05-31","Brazil","com.psafe.msuite.adsfree_lto_12mo",17,11
"2025-05-31","Brazil","com.psafe.msuite.ads_free_12mo_13.90",12,9
"2025-05-31","Netherlands","(not set)",12,1
"2025-05-31","Brazil","com.psafe.msuite.pro_lto_12mo_39.90",11,11
"2025-05-31","Saudi Arabia","(not set)",8,1
"2025-05-31","Iran","com.psafe.msuite.ultra_12mo_59.90",7,1
"2025-05-31","United States","com.psafe.msuite.ultra_12mo_59.90",6,1
"2025-05-31","Saudi Arabia","com.psafe.msuite.ultra_12mo_59.90",5,1
"2025-05-31","United States","(not set)",4,3
"2025-05-31","Mexico","com.psafe.msuite.pro_lto_12mo_39.90",2,2
"2025-05-31","Morocco","com.psafe.msuite.ads_free_12mo_13.90,com.psafe.msuite.pro_1mo_3.90,com.psafe.msuite.pro_3day_trial_12mo49.9,com.psafe.msuite.ultra_1mo_16.90,com.psafe.msuite.ultra_12mo_59.90",2,1
"2025-05-31","United States","com.psafe.msuite.adsfree_lto_12mo",2,2
"2025-05-31","Algeria","com.psafe.msuite.ads_free_12mo_13.90,com.psafe.msuite.pro_1mo_3.90,com.psafe.msuite.pro_3day_trial_12mo49.9,com.psafe.msuite.ultra_1mo_16.90,com.psafe.msuite.ultra_12mo_59.90",1,1
"2025-05-31","Bangladesh","(not set)",1,1
"2025-05-31","Canada","(not set)",1,1
"2025-05-31","Egypt","(not set)",1,1
"2025-05-31","Mexico","com.psafe.msuite.adsfree_lto_12mo",1,1
"2025-06-01","Brazil","(not set)",102,46
"2025-06-01","Brazil","com.psafe.msuite.ultra_12mo_59.90",40,10
"2025-06-01","Brazil","com.psafe.msuite.pro_lto_12mo_39.90",14,14
"2025-06-01","Brazil","com.psafe.msuite.ads_free_12mo_13.90",9,7
"2025-06-01","United States","com.psafe.msuite.ultra_12mo_59.90",9,3
"2025-06-01","Brazil","com.psafe.msuite.adsfree_lto_12mo",8,8
"2025-06-01","Jordan","(not set)",8,1
"2025-06-01","Mexico","(not set)",5,1
"2025-06-01","Pakistan","com.psafe.msuite.ultra_12mo_59.90",5,1
"2025-06-01","Algeria","(not set)",4,1
"2025-06-01","Honduras","com.psafe.msuite.ultra_12mo_59.90",3,1
"2025-06-01","United States","(not set)",3,3
"2025-06-01","Brazil","0.0",1,1
"2025-06-01","India","(not set)",1,1
"2025-06-01","India","com.psafe.msuite.pro_lto_12mo_39.90",1,1
"2025-06-01","Jamaica","com.psafe.msuite.ads_free_12mo_13.90",1,1
"2025-06-01","Mexico","com.psafe.msuite.adsfree_lto_12mo",1,1
"2025-06-01","United States","com.psafe.msuite.pro_lto_12mo_39.90",1,1
"2025-06-02","Brazil","(not set)",111,56
"2025-06-02","Brazil","com.psafe.msuite.ultra_12mo_59.90",24,6
"2025-06-02","Brazil","com.psafe.msuite.pro_lto_12mo_39.90",16,16
"2025-06-02","Jordan","(not set)",13,1
"2025-06-02","Brazil","com.psafe.msuite.adsfree_lto_12mo",11,11
"2025-06-02","Brazil","com.psafe.msuite.ads_free_12mo_13.90",8,7
"2025-06-02","United States","com.psafe.msuite.ultra_12mo_59.90",6,1
"2025-06-02","Brazil","com.psafe.msuite.ads_free_12mo_13.90,com.psafe.msuite.pro_1mo_3.90,com.psafe.msuite.pro_3day_trial_12mo49.9,com.psafe.msuite.ultra_1mo_16.90,com.psafe.msuite.ultra_12mo_59.90",5,1
"2025-06-02","Mozambique","(not set)",5,1
"2025-06-02","Mozambique","com.psafe.msuite.ultra_12mo_59.90",4,1
"2025-06-02","India","(not set)",2,1
"2025-06-02","Tanzania","(not set)",2,1
"2025-06-02","Syria","com.psafe.msuite.pro_lto_12mo_39.90",1,1
"2025-06-02","United States","(not set)",1,1
"2025-06-02","United States","com.psafe.msuite.ads_free_12mo_13.90",1,1
"2025-06-03","Brazil","(not set)",105,54
"2025-06-03","Brazil","com.psafe.msuite.ultra_12mo_59.90",16,11
"2025-06-03","Brazil","com.psafe.msuite.ads_free_12mo_13.90",13,12
"2025-06-03","Brazil","com.psafe.msuite.pro_lto_12mo_39.90",12,12
"2025-06-03","Brazil","com.psafe.msuite.adsfree_lto_12mo",10,10
"2025-06-03","United States","(not set)",6,6
"2025-06-03","United States","com.psafe.msuite.ultra_12mo_59.90",6,1
"2025-06-03","Brazil","com.psafe.msuite.ultra_1mo_16.90,com.psafe.msuite.ultra_12mo_59.90",3,2
"2025-06-03","United States","com.psafe.msuite.pro_lto_12mo_39.90",2,2
"2025-06-03","Brazil","com.psafe.msuite.pro_1mo_3.90,com.psafe.msuite.pro_3day_trial_12mo49.9",1,1
"2025-06-03","Morocco","(not set)",1,1
"2025-06-03","Syria","(not set)",1,1
"2025-06-03","United States","com.psafe.msuite.ads_free_12mo_13.90",1,1
"2025-06-03","Venezuela","(not set)",1,1
"2025-06-04","Brazil","(not set)",127,48
"2025-06-04","Brazil","com.psafe.msuite.ads_free_12mo_13.90",16,12
"2025-06-04","Brazil","com.psafe.msuite.pro_lto_12mo_39.90",12,12
"2025-06-04","Brazil","com.psafe.msuite.ultra_12mo_59.90",8,5
"2025-06-04","Egypt","com.psafe.msuite.ultra_12mo_59.90",8,1
"2025-06-04","United States","com.psafe.msuite.ultra_12mo_59.90",6,1
"2025-06-04","Brazil","com.psafe.msuite.adsfree_lto_12mo",4,4
"2025-06-04","Tunisia","com.psafe.msuite.ultra_12mo_59.90",3,1
"2025-06-04","Honduras","(not set)",2,1
"2025-06-04","Indonesia","com.psafe.msuite.ultra_12mo_59.90",2,1
"2025-06-04","Tunisia","(not set)",2,1
"2025-06-04","United States","com.psafe.msuite.ads_free_12mo_13.90",2,2
"2025-06-04","Brazil","0.0",1,1
"2025-06-04","Egypt","(not set)",1,1
"2025-06-04","Honduras","com.psafe.msuite.ads_free_12mo_13.90",1,1
"2025-06-04","Indonesia","com.psafe.msuite.adsfree_lto_12mo",1,1
"2025-06-04","United States","(not set)",1,1
"2025-06-04","United States","com.psafe.msuite.adsfree_lto_12mo",1,1
"2025-06-04","United States","com.psafe.msuite.pro_lto_12mo_39.90",1,1
"2025-06-05","Brazil","(not set)",131,53
"2025-06-05","Brazil","com.psafe.msuite.pro_lto_12mo_39.90",20,19
"2025-06-05","Brazil","com.psafe.msuite.ultra_12mo_59.90",20,8
"2025-06-05","Brazil","com.psafe.msuite.ads_free_12mo_13.90",17,14
"2025-06-05","Brazil","com.psafe.msuite.adsfree_lto_12mo",8,8
"2025-06-05","United States","(not set)",4,2
"2025-06-05","United States","com.psafe.msuite.ultra_12mo_59.90",3,1
"2025-06-05","Egypt","(not set)",1,1
"2025-06-05","India","(not set)",1,1
"2025-06-06","Brazil","(not set)",67,31
"2025-06-06","Brazil","com.psafe.msuite.ultra_12mo_59.90",59,6
"2025-06-06","Brazil","com.psafe.msuite.pro_lto_12mo_39.90",15,15
"2025-06-06","Brazil","com.psafe.msuite.adsfree_lto_12mo",12,12
"2025-06-06","United States","(not set)",10,5
"2025-06-06","United States","com.psafe.msuite.ultra_12mo_59.90",9,3
"2025-06-06","Brazil","com.psafe.msuite.ads_free_12mo_13.90",8,6
"2025-06-06","Egypt","(not set)",6,1
"2025-06-06","Egypt","com.psafe.msuite.ultra_12mo_59.90",2,1
"2025-06-06","United States","com.psafe.msuite.ads_free_12mo_13.90",2,2
"2025-06-06","United States","com.psafe.msuite.adsfree_lto_12mo",2,2
"2025-06-06","United States","com.psafe.msuite.pro_lto_12mo_39.90",2,2
"2025-06-06","Bangladesh","(not set)",1,1
"2025-06-06","Brazil","0.0",1,1
"2025-06-07","Brazil","(not set)",89,52
"2025-06-07","Brazil","com.psafe.msuite.ultra_12mo_59.90",45,10
"2025-06-07","Tunisia","(not set)",23,1
"2025-06-07","Brazil","com.psafe.msuite.pro_lto_12mo_39.90",20,20
"2025-06-07","Brazil","com.psafe.msuite.ads_free_12mo_13.90",17,14
"2025-06-07","Saudi Arabia","(not set)",15,1
"2025-06-07","Brazil","com.psafe.msuite.adsfree_lto_12mo",8,8
"2025-06-07","Indonesia","(not set)",6,1
"2025-06-07","Egypt","(not set)",5,1
"2025-06-07","Saudi Arabia","com.psafe.msuite.ultra_12mo_59.90",5,1
"2025-06-07","United States","com.psafe.msuite.ads_free_12mo_13.90",3,2
"2025-06-07","Egypt","com.psafe.msuite.ultra_12mo_59.90",2,1
"2025-06-07","Peru","(not set)",2,1
"2025-06-07","United States","(not set)",2,2
"2025-06-07","Bangladesh","(not set)",1,1
"2025-06-08","Brazil","(not set)",106,47
"2025-06-08","Brazil","com.psafe.msuite.ultra_12mo_59.90",51,12
"2025-06-08","Brazil","com.psafe.msuite.ads_free_12mo_13.90",14,13
"2025-06-08","Brazil","com.psafe.msuite.adsfree_lto_12mo",11,11
"2025-06-08","Brazil","com.psafe.msuite.pro_lto_12mo_39.90",11,11
"2025-06-08","Tunisia","(not set)",9,1
"2025-06-08","United States","com.psafe.msuite.ultra_12mo_59.90",9,2
"2025-06-08","Bangladesh","com.psafe.msuite.ultra_12mo_59.90",6,1
"2025-06-08","Indonesia","(not set)",6,1
"2025-06-08","Syria","(not set)",6,1
"2025-06-08","Algeria","(not set)",5,1
"2025-06-08","Bangladesh","(not set)",5,1
"2025-06-08","Saudi Arabia","(not set)",5,1
"2025-06-08","United States","(not set)",5,4
"2025-06-08","Mozambique","com.psafe.msuite.ultra_12mo_59.90",2,1
"2025-06-08","Brazil","com.psafe.msuite.pro_1mo_3.90,com.psafe.msuite.pro_3day_trial_12mo49.9",1,1
"2025-06-08","Mexico","com.psafe.msuite.pro_lto_12mo_39.90",1,1
"2025-06-08","United States","com.psafe.msuite.adsfree_lto_12mo",1,1
"2025-06-09","Brazil","(not set)",232,47
"2025-06-09","United States","(not set)",144,7
"2025-06-09","Brazil","com.psafe.msuite.ultra_12mo_59.90",111,12
"2025-06-09","Brazil","com.psafe.msuite.ads_free_12mo_13.90",21,17
"2025-06-09","Brazil","com.psafe.msuite.pro_lto_12mo_39.90",19,19
"2025-06-09","United States","com.psafe.msuite.ultra_12mo_59.90",13,2
"2025-06-09","Brazil","com.psafe.msuite.adsfree_lto_12mo",12,12
"2025-06-09","Bangladesh","(not set)",2,1
"2025-06-09","Canada","com.psafe.msuite.adsfree_lto_12mo",1,1
"2025-06-09","Canada","com.psafe.msuite.pro_lto_12mo_39.90",1,1
"2025-06-09","Canada","com.psafe.msuite.ultra_12mo_59.90",1,1
"2025-06-09","Iran","(not set)",1,1
"2025-06-09","Philippines","com.psafe.msuite.pro_lto_12mo_39.90",1,1
"2025-06-09","United States","com.psafe.msuite.ads_free_12mo_13.90",1,1
"2025-06-09","United States","com.psafe.msuite.pro_lto_12mo_39.90",1,1
"2025-06-09","United States","com.psafe.msuite.ultra_1mo_16.90,com.psafe.msuite.ultra_12mo_59.90",1,1
"2025-06-10","Brazil","(not set)",251,43
"2025-06-10","Brazil","com.psafe.msuite.ultra_12mo_59.90",19,5
"2025-06-10","Brazil","com.psafe.msuite.pro_lto_12mo_39.90",14,13
"2025-06-10","United States","(not set)",12,7
"2025-06-10","Tunisia","(not set)",11,1
"2025-06-10","United States","com.psafe.msuite.ultra_12mo_59.90",6,1
"2025-06-10","Brazil","com.psafe.msuite.ads_free_12mo_13.90",5,5
"2025-06-10","Brazil","com.psafe.msuite.ads_free_12mo_13.90,com.psafe.msuite.pro_1mo_3.90,com.psafe.msuite.pro_3day_trial_12mo49.9,com.psafe.msuite.ultra_1mo_16.90,com.psafe.msuite.ultra_12mo_59.90",5,2
"2025-06-10","Brazil","com.psafe.msuite.adsfree_lto_12mo",5,5
"2025-06-10","United States","com.psafe.msuite.pro_lto_12mo_39.90",3,2
"2025-06-10","United States","com.psafe.msuite.adsfree_lto_12mo",2,1
"2025-06-11","Brazil","(not set)",75,35
"2025-06-11","Brazil","com.psafe.msuite.ultra_12mo_59.90",46,9
"2025-06-11","Brazil","com.psafe.msuite.pro_lto_12mo_39.90",12,11
"2025-06-11","Brazil","com.psafe.msuite.ads_free_12mo_13.90",9,7
"2025-06-11","United States","(not set)",8,3
"2025-06-11","Algeria","(not set)",7,2
"2025-06-11","India","(not set)",6,1
"2025-06-11","United States","com.psafe.msuite.ultra_12mo_59.90",6,1
"2025-06-11","Brazil","com.psafe.msuite.adsfree_lto_12mo",2,2
"2025-06-11","Argentina","(not set)",1,1
"2025-06-11","Bolivia","com.psafe.msuite.adsfree_lto_12mo",1,1
"2025-06-11","Finland","com.psafe.msuite.pro_lto_12mo_39.90",1,1
"2025-06-11","United States","com.psafe.msuite.adsfree_lto_12mo",1,1
"2025-06-11","United States","com.psafe.msuite.pro_lto_12mo_39.90",1,1
"2025-06-12","Brazil","(not set)",124,49
"2025-06-12","Brazil","com.psafe.msuite.ultra_12mo_59.90",30,5
"2025-06-12","Brazil","com.psafe.msuite.ads_free_12mo_13.90",14,10
"2025-06-12","Brazil","com.psafe.msuite.pro_lto_12mo_39.90",11,11
"2025-06-12","Vietnam","(not set)",7,1
"2025-06-12","Brazil","com.psafe.msuite.adsfree_lto_12mo",4,4
"2025-06-12","United States","(not set)",4,3
"2025-06-12","United States","com.psafe.msuite.ads_free_12mo_13.90",1,1
"2025-06-12","United States","com.psafe.msuite.adsfree_lto_12mo",1,1
"2025-06-13","Brazil","(not set)",93,43
"2025-06-13","Iran","(not set)",24,2
"2025-06-13","United States","com.psafe.msuite.ultra_12mo_59.90",18,4
"2025-06-13","Brazil","com.psafe.msuite.ultra_12mo_59.90",17,5
"2025-06-13","Brazil","com.psafe.msuite.adsfree_lto_12mo",15,5
"2025-06-13","Brazil","com.psafe.msuite.pro_lto_12mo_39.90",15,9
"2025-06-13","Brazil","com.psafe.msuite.ads_free_12mo_13.90",14,11
"2025-06-13","Bangladesh","(not set)",7,2
"2025-06-13","Jordan","(not set)",7,1
"2025-06-13","Egypt","(not set)",5,1
"2025-06-13","United States","(not set)",5,3
"2025-06-13","United States","com.psafe.msuite.adsfree_lto_12mo",1,1
"2025-06-13","United States","com.psafe.msuite.pro_lto_12mo_39.90",1,1
"2025-06-14","Brazil","(not set)",112,48
"2025-06-14","United States","(not set)",58,3
"2025-06-14","Brazil","com.psafe.msuite.ultra_12mo_59.90",31,8
"2025-06-14","Brazil","com.psafe.msuite.pro_lto_12mo_39.90",15,14
"2025-06-14","Brazil","com.psafe.msuite.adsfree_lto_12mo",12,12
"2025-06-14","Brazil","com.psafe.msuite.ads_free_12mo_13.90",10,8
"2025-06-14","Iran","(not set)",8,1
"2025-06-14","Kazakhstan","(not set)",6,1
"2025-06-14","India","com.psafe.msuite.ultra_12mo_59.90",2,1
"2025-06-14","United States","com.psafe.msuite.ads_free_12mo_13.90",2,2
"2025-06-14","United States","com.psafe.msuite.pro_lto_12mo_39.90",2,2
"2025-06-14","Angola","(not set)",1,1
"2025-06-14","Guatemala","(not set)",1,1
"2025-06-14","Mexico","(not set)",1,1
"2025-06-14","United States","com.psafe.msuite.adsfree_lto_12mo",1,1
"2025-06-15","Brazil","(not set)",98,46
"2025-06-15","Kazakhstan","(not set)",49,1
"2025-06-15","Brazil","com.psafe.msuite.ultra_12mo_59.90",40,11
"2025-06-15","Brazil","com.psafe.msuite.pro_lto_12mo_39.90",21,18
"2025-06-15","Brazil","com.psafe.msuite.adsfree_lto_12mo",17,8
"2025-06-15","Brazil","com.psafe.msuite.ads_free_12mo_13.90",14,12
"2025-06-15","United States","com.psafe.msuite.ultra_12mo_59.90",13,2
"2025-06-15","United States","(not set)",12,3
"2025-06-15","Japan","(not set)",6,1
"2025-06-15","Brazil","com.psafe.msuite.ads_free_12mo",1,1
"2025-06-15","Indonesia","(not set)",1,1
"2025-06-15","United Kingdom","com.psafe.msuite.ads_free_12mo_13.90",1,1
"2025-06-15","United States","com.psafe.msuite.adsfree_lto_12mo",1,1
"2025-06-16","Brazil","(not set)",63,39
"2025-06-16","Brazil","com.psafe.msuite.ultra_12mo_59.90",42,10
"2025-06-16","Brazil","com.psafe.msuite.pro_lto_12mo_39.90",21,13
"2025-06-16","Brazil","com.psafe.msuite.ads_free_12mo_13.90",15,10
"2025-06-16","United States","(not set)",14,5
"2025-06-16","Kazakhstan","(not set)",9,1
"2025-06-16","United States","com.psafe.msuite.ultra_12mo_59.90",6,1
"2025-06-16","Brazil","com.psafe.msuite.adsfree_lto_12mo",5,5
"2025-06-16","United States","com.psafe.msuite.ads_free_12mo_13.90",5,4
"2025-06-16","Mexico","(not set)",2,1
"2025-06-16","Brazil","com.psafe.msuite.ads_free_12mo",1,1
"2025-06-16","Brazil","com.psafe.msuite.pro_1mo_3.90,com.psafe.msuite.pro_3day_trial_12mo49.9",1,1
"2025-06-16","South Africa","(not set)",1,1
"2025-06-17","Brazil","(not set)",501,38
"2025-06-17","United Kingdom","com.psafe.msuite.ultra_12mo_59.90",26,1
"2025-06-17","United Kingdom","(not set)",21,1
"2025-06-17","Brazil","com.psafe.msuite.pro_lto_12mo_39.90",17,16
"2025-06-17","Brazil","com.psafe.msuite.ads_free_12mo_13.90",16,14
"2025-06-17","Cuba","(not set)",8,1
"2025-06-17","Brazil","0.0",6,1
"2025-06-17","Puerto Rico","com.psafe.msuite.ultra_12mo_59.90",6,1
"2025-06-17","Brazil","com.psafe.msuite.adsfree_lto_12mo",5,5
"2025-06-17","Brazil","com.psafe.msuite.ultra_12mo_59.90",4,2
"2025-06-17","United States","com.psafe.msuite.pro_lto_12mo_39.90",4,4
"2025-06-17","United States","com.psafe.msuite.adsfree_lto_12mo",3,3
"2025-06-17","United States","(not set)",2,2
"2025-06-17","Indonesia","(not set)",1,1
"2025-06-17","Singapore","(not set)",1,1
"2025-06-17","South Africa","(not set)",1,1
"2025-06-17","United States","com.psafe.msuite.ads_free_12mo_13.90",1,1
"2025-06-18","Brazil","(not set)",75,43
"2025-06-18","Brazil","com.psafe.msuite.pro_lto_12mo_39.90",16,15
"2025-06-18","Brazil","com.psafe.msuite.ultra_12mo_59.90",16,7
"2025-06-18","United States","com.psafe.msuite.ultra_12mo_59.90",15,2
"2025-06-18","Brazil","com.psafe.msuite.ads_free_12mo_13.90",11,8
"2025-06-18","Brazil","com.psafe.msuite.adsfree_lto_12mo",7,7
"2025-06-18","United States","(not set)",4,2
"2025-06-18","United States","com.psafe.msuite.ads_free_12mo_13.90",3,3
"2025-06-18","Bangladesh","(not set)",1,1
"2025-06-18","Brazil","com.psafe.msuite.pro_1mo_3.90,com.psafe.msuite.pro_3day_trial_12mo49.9",1,1
"2025-06-18","Iran","com.psafe.msuite.pro_lto_12mo_39.90",1,1
"2025-06-18","Mexico","(not set)",1,1
"2025-06-18","United States","com.psafe.msuite.pro_1mo_3.90,com.psafe.msuite.pro_3day_trial_12mo49.9",1,1
"2025-06-19","Brazil","(not set)",106,50
"2025-06-19","Brazil","com.psafe.msuite.ultra_12mo_59.90",53,12
"2025-06-19","Morocco","(not set)",26,1
"2025-06-19","Brazil","com.psafe.msuite.pro_lto_12mo_39.90",23,23
"2025-06-19","Morocco","com.psafe.msuite.ultra_12mo_59.90",23,1
"2025-06-19","United States","com.psafe.msuite.ultra_12mo_59.90",22,5
"2025-06-19","India","com.psafe.msuite.ultra_12mo_59.90",19,1
"2025-06-19","Brazil","com.psafe.msuite.ads_free_12mo_13.90",14,11
"2025-06-19","India","(not set)",11,1
"2025-06-19","United States","(not set)",8,5
"2025-06-19","Bangladesh","(not set)",7,1
"2025-06-19","Dominican Republic","(not set)",6,1
"2025-06-19","Dominican Republic","com.psafe.msuite.ultra_12mo_59.90",6,1
"2025-06-19","Brazil","com.psafe.msuite.adsfree_lto_12mo",5,5
"2025-06-19","United States","com.psafe.msuite.pro_lto_12mo_39.90",2,2
"2025-06-19","Albania","(not set)",1,1
"2025-06-19","Brazil","com.psafe.msuite.ads_free_12mo_13.90,com.psafe.msuite.pro_1mo_3.90,com.psafe.msuite.pro_3day_trial_12mo49.9,com.psafe.msuite.ultra_1mo_16.90,com.psafe.msuite.ultra_12mo_59.90",1,1
"2025-06-19","Germany","com.psafe.msuite.adsfree_lto_12mo",1,1
"2025-06-19","Mexico","(not set)",1,1
"2025-06-19","United States","com.psafe.msuite.ads_free_12mo_13.90",1,1
"2025-06-19","United States","com.psafe.msuite.adsfree_lto_12mo",1,1
"2025-06-20","Brazil","(not set)",81,46
"2025-06-20","Brazil","com.psafe.msuite.ultra_12mo_59.90",27,6
"2025-06-20","United States","com.psafe.msuite.ultra_12mo_59.90",16,3
"2025-06-20","Brazil","com.psafe.msuite.pro_lto_12mo_39.90",13,13
"2025-06-20","Egypt","(not set)",10,1
"2025-06-20","Algeria","(not set)",7,1
"2025-06-20","Tunisia","(not set)",7,1
"2025-06-20","Brazil","com.psafe.msuite.ads_free_12mo_13.90",6,6
"2025-06-20","Egypt","com.psafe.msuite.ultra_12mo_59.90",6,1
"2025-06-20","Israel","(not set)",6,1
"2025-06-20","Brazil","com.psafe.msuite.adsfree_lto_12mo",4,4
"2025-06-20","United States","(not set)",4,3
"2025-06-20","United States","com.psafe.msuite.pro_lto_12mo_39.90",3,3
"2025-06-20","Liberia","(not set)",1,1
"2025-06-20","New Zealand","com.psafe.msuite.ads_free_12mo_13.90",1,1
"2025-06-20","United States","com.psafe.msuite.adsfree_lto_12mo",1,1
"2025-06-21","Brazil","(not set)",110,45
"2025-06-21","Brazil","com.psafe.msuite.ultra_12mo_59.90",39,7
"2025-06-21","Brazil","com.psafe.msuite.pro_lto_12mo_39.90",18,18
"2025-06-21","Brazil","com.psafe.msuite.ads_free_12mo_13.90",10,10
"2025-06-21","Brazil","com.psafe.msuite.adsfree_lto_12mo",9,9
"2025-06-21","United States","com.psafe.msuite.ultra_12mo_59.90",9,3
"2025-06-21","Dominican Republic","(not set)",6,1
"2025-06-21","Dominican Republic","com.psafe.msuite.ultra_12mo_59.90",5,1
"2025-06-21","United States","(not set)",5,4
"2025-06-21","United States","com.psafe.msuite.ads_free_12mo_13.90",2,2
"2025-06-21","Indonesia","com.psafe.msuite.pro_lto_12mo_39.90",1,1
"2025-06-21","United States","com.psafe.msuite.pro_lto_12mo_39.90",1,1
"2025-06-22","Brazil","(not set)",121,43
"2025-06-22","Brazil","com.psafe.msuite.ultra_12mo_59.90",29,8
"2025-06-22","Iran","(not set)",18,2
"2025-06-22","Brazil","com.psafe.msuite.adsfree_lto_12mo",14,14
"2025-06-22","Brazil","com.psafe.msuite.ads_free_12mo_13.90",12,12
"2025-06-22","Brazil","com.psafe.msuite.pro_lto_12mo_39.90",10,10
"2025-06-22","India","(not set)",9,1
"2025-06-22","United States","com.psafe.msuite.ultra_12mo_59.90",6,1
"2025-06-22","Algeria","(not set)",5,1
"2025-06-22","Brazil","com.psafe.msuite.ads_free_12mo_13.90,com.psafe.msuite.pro_1mo_3.90,com.psafe.msuite.pro_3day_trial_12mo49.9,com.psafe.msuite.ultra_1mo_16.90,com.psafe.msuite.ultra_12mo_59.90",4,2
"2025-06-22","Iran","com.psafe.msuite.ultra_12mo_59.90",3,1
"2025-06-22","United States","(not set)",3,2
"2025-06-22","Algeria","com.psafe.msuite.ultra_12mo_59.90",2,1
"2025-06-22","United States","com.psafe.msuite.pro_12mo_49.90,com.psafe.msuite.ultra_12mo_59.90",2,1
"2025-06-22","Kenya","com.psafe.msuite.pro_lto_12mo_39.90",1,1
"2025-06-22","Mexico","(not set)",1,1
"2025-06-22","Peru","com.psafe.msuite.adsfree_lto_12mo",1,1
"2025-06-22","Peru","com.psafe.msuite.pro_lto_12mo_39.90",1,1
"2025-06-22","Peru","com.psafe.msuite.ultra_12mo_59.90",1,1
"2025-06-22","United States","com.psafe.msuite.ads_free_12mo_13.90",1,1
"2025-06-22","United States","com.psafe.msuite.pro_lto_12mo_39.90",1,1
"2025-06-23","Brazil","(not set)",127,58
"2025-06-23","Brazil","com.psafe.msuite.ultra_12mo_59.90",24,9
"2025-06-23","United States","com.psafe.msuite.ultra_12mo_59.90",18,4
"2025-06-23","Brazil","com.psafe.msuite.pro_lto_12mo_39.90",13,12
"2025-06-23","Brazil","com.psafe.msuite.ads_free_12mo_13.90",12,9
"2025-06-23","Brazil","com.psafe.msuite.adsfree_lto_12mo",6,6
"2025-06-23","Indonesia","com.psafe.msuite.ultra_12mo_59.90",6,1
"2025-06-23","United Kingdom","com.psafe.msuite.adsfree_lto_12mo",2,1
"2025-06-23","United States","(not set)",2,2
"2025-06-23","Hungary","(not set)",1,1
"2025-06-23","Japan","com.psafe.msuite.pro_lto_12mo_39.90",1,1
"2025-06-23","United States","com.psafe.msuite.adsfree_lto_12mo",1,1
"2025-06-24","Brazil","(not set)",62,34
"2025-06-24","United States","(not set)",27,5
"2025-06-24","China","com.psafe.msuite.ultra_12mo_59.90",19,1
"2025-06-24","Brazil","com.psafe.msuite.pro_lto_12mo_39.90",15,14
"2025-06-24","Brazil","com.psafe.msuite.ultra_12mo_59.90",15,7
"2025-06-24","Brazil","com.psafe.msuite.ads_free_12mo_13.90",12,10
"2025-06-24","Brazil","com.psafe.msuite.adsfree_lto_12mo",12,10
"2025-06-24","Saudi Arabia","com.psafe.msuite.ultra_12mo_59.90",11,1
"2025-06-24","United States","com.psafe.msuite.ultra_12mo_59.90",11,2
"2025-06-24","India","(not set)",7,1
"2025-06-24","Martinique","(not set)",6,1
"2025-06-24","Egypt","com.psafe.msuite.ultra_12mo_59.90",3,1
"2025-06-24","India","com.psafe.msuite.ultra_12mo_59.90",3,1
"2025-06-24","Mexico","(not set)",3,1
"2025-06-24","Brazil","com.psafe.msuite.ads_free_12mo_13.90,com.psafe.msuite.pro_1mo_3.90,com.psafe.msuite.pro_3day_trial_12mo49.9,com.psafe.msuite.ultra_1mo_16.90,com.psafe.msuite.ultra_12mo_59.90",2,1
"2025-06-24","Egypt","(not set)",2,1
"2025-06-24","United States","com.psafe.msuite.ads_free_12mo_13.90",1,1
"2025-06-25","Brazil","(not set)",130,59
"2025-06-25","Brazil","com.psafe.msuite.ultra_12mo_59.90",42,9
"2025-06-25","Brazil","com.psafe.msuite.ads_free_12mo_13.90",15,11
"2025-06-25","Brazil","com.psafe.msuite.adsfree_lto_12mo",12,12
"2025-06-25","Brazil","com.psafe.msuite.pro_lto_12mo_39.90",10,10
"2025-06-25","Philippines","(not set)",9,1
"2025-06-25","United States","com.psafe.msuite.ultra_12mo_59.90",9,1
"2025-06-25","Philippines","com.psafe.msuite.ultra_12mo_59.90",8,1
"2025-06-25","United States","(not set)",4,3
"2025-06-26","Brazil","(not set)",73,34
"2025-06-26","Brazil","com.psafe.msuite.ultra_12mo_59.90",44,6
"2025-06-26","Brazil","com.psafe.msuite.pro_lto_12mo_39.90",16,16
"2025-06-26","Brazil","com.psafe.msuite.ads_free_12mo_13.90",10,7
"2025-06-26","Iran","(not set)",6,1
"2025-06-26","Brazil","com.psafe.msuite.adsfree_lto_12mo",5,5
"2025-06-26","United States","(not set)",2,2
"2025-06-26","United States","com.psafe.msuite.adsfree_lto_12mo",2,2
"2025-06-26","United States","com.psafe.msuite.ultra_12mo_59.90",2,1
"2025-06-26","Brazil","com.psafe.msuite.pro_1mo_3.90,com.psafe.msuite.pro_3day_trial_12mo49.9",1,1
"2025-06-26","Chile","com.psafe.msuite.adsfree_lto_12mo",1,1
"2025-06-26","Iran","com.psafe.msuite.pro_lto_12mo_39.90",1,1
"2025-06-26","United States","com.psafe.msuite.pro_lto_12mo_39.90",1,1
"2025-06-27","Brazil","(not set)",92,35
"2025-06-27","Brazil","com.psafe.msuite.ultra_12mo_59.90",36,7
"2025-06-27","Brazil","com.psafe.msuite.adsfree_lto_12mo",14,5
"2025-06-27","Brazil","com.psafe.msuite.pro_lto_12mo_39.90",8,8
"2025-06-27","United States","(not set)",8,3
"2025-06-27","Brazil","com.psafe.msuite.ads_free_12mo_13.90",7,7
"2025-06-27","Algeria","(not set)",2,1
"2025-06-27","Japan","(not set)",2,1
"2025-06-27","United States","com.psafe.msuite.ads_free_12mo_13.90",2,2
"2025-06-27","Colombia","(not set)",1,1
"2025-06-27","India","(not set)",1,1
"2025-06-27","Zambia","(not set)",1,1
"2025-06-27","Zambia","com.psafe.msuite.adsfree_lto_12mo",1,1
"2025-06-28","Brazil","(not set)",120,48
"2025-06-28","Brazil","com.psafe.msuite.ultra_12mo_59.90",28,9
"2025-06-28","Brazil","com.psafe.msuite.ads_free_12mo_13.90",13,10
"2025-06-28","Brazil","com.psafe.msuite.pro_lto_12mo_39.90",11,11
"2025-06-28","Brazil","com.psafe.msuite.adsfree_lto_12mo",7,7
"2025-06-28","Mexico","(not set)",6,1
"2025-06-28","United States","(not set)",3,2
"2025-06-28","Brazil","0.0",2,1
"2025-06-28","Ghana","com.psafe.msuite.ads_free_12mo_13.90",2,1
"2025-06-28","United States","com.psafe.msuite.ads_free_12mo_13.90",2,2
"2025-06-28","Brazil","com.psafe.msuite.ads_free_12mo_13.90,com.psafe.msuite.pro_1mo_3.90,com.psafe.msuite.pro_3day_trial_12mo49.9,com.psafe.msuite.ultra_1mo_16.90,com.psafe.msuite.ultra_12mo_59.90",1,1
"2025-06-28","Iran","(not set)",1,1
"2025-06-28","Nigeria","(not set)",1,1
"2025-06-28","Switzerland","(not set)",1,1
"2025-06-28","United States","com.psafe.msuite.ultra_12mo_59.90",1,1
"2025-06-29","Brazil","(not set)",99,36
"2025-06-29","Brazil","com.psafe.msuite.ultra_12mo_59.90",39,9
"2025-06-29","Brazil","com.psafe.msuite.pro_lto_12mo_39.90",11,11
"2025-06-29","United States","(not set)",11,5
"2025-06-29","Brazil","com.psafe.msuite.adsfree_lto_12mo",10,10
"2025-06-29","United States","com.psafe.msuite.ultra_12mo_59.90",6,1
"2025-06-29","Brazil","com.psafe.msuite.ads_free_12mo_13.90",5,4
"2025-06-29","Saudi Arabia","(not set)",5,1
"2025-06-29","United States","com.psafe.msuite.ads_free_12mo_13.90",4,4
"2025-06-29","Argentina","(not set)",2,1
"2025-06-29","Argentina","com.psafe.msuite.ultra_12mo_59.90",2,1
"2025-06-29","Brazil","com.psafe.msuite.pro_12mo_49.90,com.psafe.msuite.ultra_12mo_59.90",2,1
"2025-06-29","Iran","com.psafe.msuite.ultra_12mo",2,1
"2025-06-29","Cuba","(not set)",1,1
"2025-06-29","United States","com.psafe.msuite.pro_lto_12mo_39.90",1,1
"2025-06-30","Brazil","(not set)",111,54
"2025-06-30","Brazil","com.psafe.msuite.ultra_12mo_59.90",43,9
"2025-06-30","Brazil","com.psafe.msuite.pro_lto_12mo_39.90",18,17
"2025-06-30","United States","(not set)",16,6
"2025-06-30","Brazil","com.psafe.msuite.ads_free_12mo_13.90",14,9
"2025-06-30","Brazil","com.psafe.msuite.adsfree_lto_12mo",8,7
"2025-06-30","United States","com.psafe.msuite.ultra_12mo_59.90",7,2
"2025-06-30","Albania","com.psafe.msuite.ads_free_12mo_13.90,com.psafe.msuite.pro_1mo_3.90,com.psafe.msuite.pro_3day_trial_12mo49.9,com.psafe.msuite.ultra_1mo_16.90,com.psafe.msuite.ultra_12mo_59.90",5,1
"2025-06-30","Brazil","com.psafe.msuite.ads_free_12mo_13.90,com.psafe.msuite.pro_1mo_3.90,com.psafe.msuite.pro_3day_trial_12mo49.9,com.psafe.msuite.ultra_1mo_16.90,com.psafe.msuite.ultra_12mo_59.90",4,1
"2025-06-30","Netherlands","(not set)",3,1
"2025-06-30","Albania","com.psafe.msuite.ultra_12mo_59.90",2,1
"2025-06-30","United States","0.0",2,1
"2025-06-30","El Salvador","(not set)",1,1
"2025-06-30","United States","com.psafe.msuite.ads_free_12mo_13.90",1,1
"2025-06-30","United States","com.psafe.msuite.adsfree_lto_12mo",1,1
"2025-06-30","United States","com.psafe.msuite.pro_12mo_49.90,com.psafe.msuite.ultra_12mo_59.90",1,1
"2025-06-30","United States","com.psafe.msuite.pro_lto_12mo_39.90",1,1
"2025-07-01","Brazil","(not set)",117,53
"2025-07-01","Brazil","com.psafe.msuite.pro_lto_12mo_39.90",25,15
"2025-07-01","United States","com.psafe.msuite.ultra_12mo_59.90",24,5
"2025-07-01","Brazil","com.psafe.msuite.ultra_12mo_59.90",23,7
"2025-07-01","United States","(not set)",20,8
"2025-07-01","Brazil","com.psafe.msuite.ads_free_12mo_13.90",17,12
"2025-07-01","Brazil","com.psafe.msuite.adsfree_lto_12mo",6,6
"2025-07-01","Egypt","(not set)",6,1
"2025-07-01","Mexico","(not set)",6,1
"2025-07-01","United States","com.psafe.msuite.ads_free_12mo_13.90",2,1
"2025-07-01","United States","com.psafe.msuite.pro_12mo_49.90,com.psafe.msuite.ultra_12mo_59.90",2,1
"2025-07-01","Cuba","(not set)",1,1
"2025-07-01","Egypt","com.psafe.msuite.ultra_12mo_59.90",1,1
"2025-07-01","Mexico","com.psafe.msuite.adsfree_lto_12mo",1,1
"2025-07-01","United States","com.psafe.msuite.pro_lto_12mo_39.90",1,1
"2025-07-02","Brazil","(not set)",71,43
"2025-07-02","Brazil","com.psafe.msuite.ultra_12mo_59.90",28,9
"2025-07-02","Brazil","com.psafe.msuite.ads_free_12mo_13.90",14,11
"2025-07-02","Brazil","com.psafe.msuite.pro_lto_12mo_39.90",14,14
"2025-07-02","United States","com.psafe.msuite.ultra_12mo_59.90",9,1
"2025-07-02","Brazil","com.psafe.msuite.adsfree_lto_12mo",7,7
"2025-07-02","United States","(not set)",7,5
"2025-07-02","Tunisia","(not set)",6,1
"2025-07-02","Algeria","(not set)",3,1
"2025-07-02","Algeria","com.psafe.msuite.ultra_12mo_59.90",2,1
"2025-07-02","India","(not set)",2,1
"2025-07-02","India","com.psafe.msuite.ultra_12mo_59.90",2,1
"2025-07-02","Yemen","(not set)",2,1
"2025-07-02","Dominican Republic","com.psafe.msuite.pro_lto_12mo_39.90",1,1
"2025-07-02","United States","com.psafe.msuite.ads_free_12mo_13.90",1,1
"2025-07-02","United States","com.psafe.msuite.adsfree_lto_12mo",1,1
"2025-07-03","Brazil","(not set)",64,36
"2025-07-03","Brazil","com.psafe.msuite.ultra_12mo_59.90",23,5
"2025-07-03","Brazil","com.psafe.msuite.ads_free_12mo_13.90",15,11
"2025-07-03","United States","com.psafe.msuite.ultra_12mo_59.90",13,2
"2025-07-03","United States","(not set)",11,3
"2025-07-03","Bangladesh","(not set)",8,1
"2025-07-03","Brazil","com.psafe.msuite.pro_lto_12mo_39.90",7,7
"2025-07-03","United States","com.psafe.msuite.ads_free_12mo_13.90",7,4
"2025-07-03","Brazil","com.psafe.msuite.adsfree_lto_12mo",6,6
"2025-07-03","Iran","com.psafe.msuite.ultra_12mo_59.90",6,1
"2025-07-03","Egypt","(not set)",5,1
"2025-07-03","Mexico","(not set)",1,1
"2025-07-03","Spain","(not set)",1,1
"2025-07-04","Brazil","(not set)",49,33
"2025-07-04","Brazil","com.psafe.msuite.pro_lto_12mo_39.90",26,14
"2025-07-04","Brazil","com.psafe.msuite.ultra_12mo_59.90",24,5
"2025-07-04","Egypt","(not set)",20,2
"2025-07-04","Brazil","com.psafe.msuite.ads_free_12mo_13.90",9,8
"2025-07-04","Brazil","com.psafe.msuite.adsfree_lto_12mo",7,7
"2025-07-04","United States","com.psafe.msuite.ultra_12mo_59.90",6,1
"2025-07-04","Bangladesh","com.psafe.msuite.ultra_12mo_59.90",2,1
"2025-07-04","Egypt","com.psafe.msuite.ultra_12mo_59.90",2,1
"2025-07-04","United States","(not set)",1,1
"2025-07-05","Brazil","(not set)",73,35
"2025-07-05","Brazil","com.psafe.msuite.ultra_12mo_59.90",45,9
"2025-07-05","Brazil","com.psafe.msuite.pro_lto_12mo_39.90",15,15
"2025-07-05","United States","(not set)",13,8
"2025-07-05","United States","com.psafe.msuite.ultra_12mo_59.90",13,3
"2025-07-05","Brazil","com.psafe.msuite.adsfree_lto_12mo",12,12
"2025-07-05","Brazil","com.psafe.msuite.ads_free_12mo_13.90",10,8
"2025-07-05","Philippines","(not set)",8,1
"2025-07-05","Egypt","(not set)",5,1
"2025-07-05","Brazil","com.psafe.msuite.ultra_trial_12mo_2.99",2,1
"2025-07-05","United States","com.psafe.msuite.ads_free_12mo_13.90",2,1
"2025-07-05","Canada","com.psafe.msuite.pro_lto_12mo_39.90",1,1
"2025-07-05","Mexico","(not set)",1,1
"2025-07-05","Mexico","com.psafe.msuite.ads_free_12mo_13.90",1,1
"2025-07-05","Nigeria","com.psafe.msuite.ultra_12mo_59.90",1,1
"2025-07-05","United States","com.psafe.msuite.pro_lto_12mo_39.90",1,1
"2025-07-06","Brazil","(not set)",129,46
"2025-07-06","United States","com.psafe.msuite.ultra_12mo_59.90",12,2
"2025-07-06","Brazil","com.psafe.msuite.pro_lto_12mo_39.90",11,11
"2025-07-06","Brazil","com.psafe.msuite.adsfree_lto_12mo",9,9
"2025-07-06","Brazil","com.psafe.msuite.ultra_12mo_59.90",8,3
"2025-07-06","United States","(not set)",8,5
"2025-07-06","Brazil","com.psafe.msuite.ads_free_12mo_13.90",5,5
"2025-07-06","Egypt","(not set)",5,1
"2025-07-06","United States","com.psafe.msuite.adsfree_lto_12mo",3,2
"2025-07-06","United States","com.psafe.msuite.pro_lto_12mo_39.90",2,2
"2025-07-06","Bangladesh","(not set)",1,1
"2025-07-06","Bangladesh","com.psafe.msuite.pro_lto_12mo_39.90",1,1
"2025-07-06","Malaysia","(not set)",1,1
"2025-07-06","Mexico","com.psafe.msuite.adsfree_lto_12mo",1,1
"2025-07-06","Yemen","(not set)",1,1
"2025-07-07","Brazil","(not set)",104,34
"2025-07-07","Brazil","com.psafe.msuite.ultra_12mo_59.90",17,6
"2025-07-07","United States","com.psafe.msuite.ultra_12mo_59.90",14,1
"2025-07-07","Brazil","com.psafe.msuite.adsfree_lto_12mo",11,11
"2025-07-07","Brazil","com.psafe.msuite.pro_lto_12mo_39.90",10,10
"2025-07-07","Mexico","(not set)",10,2
"2025-07-07","United States","(not set)",9,6
"2025-07-07","Egypt","(not set)",7,1
"2025-07-07","United Kingdom","com.psafe.msuite.ultra_12mo_59.90",7,1
"2025-07-07","Sudan","(not set)",6,1
"2025-07-07","Brazil","com.psafe.msuite.ads_free_12mo_13.90",5,4
"2025-07-07","United States","com.psafe.msuite.pro_lto_12mo_39.90",3,3
"2025-07-07","Pakistan","(not set)",2,1
"2025-07-07","United States","com.psafe.msuite.adsfree_lto_12mo",2,2
"2025-07-07","Brazil","com.psafe.msuite.pro_3day_trial_12mo49.9",1,1
"2025-07-07","Ghana","(not set)",1,1
"2025-07-07","Iran","(not set)",1,1
"2025-07-07","Marshall Islands","(not set)",1,1
"2025-07-07","United States","com.psafe.msuite.ads_free_12mo_13.90",1,1
"2025-07-07","United States","com.psafe.msuite.pro_1mo_3.90,com.psafe.msuite.pro_3day_trial_12mo49.9",1,1
"2025-07-08","Brazil","(not set)",58,39
"2025-07-08","Brazil","com.psafe.msuite.ultra_12mo_59.90",29,10
"2025-07-08","Brazil","com.psafe.msuite.pro_lto_12mo_39.90",16,15
"2025-07-08","Brazil","com.psafe.msuite.ads_free_12mo_13.90",11,10
"2025-07-08","United States","com.psafe.msuite.ultra_12mo_59.90",7,2
"2025-07-08","Brazil","com.psafe.msuite.adsfree_lto_12mo",5,5
"2025-07-08","United States","(not set)",4,4
"2025-07-08","United States","com.psafe.msuite.ads_free_12mo_13.90",2,2
"2025-07-08","Indonesia","com.psafe.msuite.pro_lto_12mo_39.90",1,1
"2025-07-08","Pakistan","com.psafe.msuite.adsfree_lto_12mo",1,1
"2025-07-08","Pakistan","com.psafe.msuite.pro_lto_12mo_39.90",1,1
"2025-07-08","United Kingdom","(not set)",1,1
"2025-07-08","United States","com.psafe.msuite.pro_lto_12mo_39.90",1,1
"2025-07-09","Brazil","(not set)",109,33
"2025-07-09","Brazil","com.psafe.msuite.ultra_12mo_59.90",28,7
"2025-07-09","Brazil","com.psafe.msuite.pro_lto_12mo_39.90",19,19
"2025-07-09","Brazil","com.psafe.msuite.ads_free_12mo_13.90",18,14
"2025-07-09","Brazil","com.psafe.msuite.adsfree_lto_12mo",13,13
"2025-07-09","United States","(not set)",9,3
"2025-07-09","United States","com.psafe.msuite.ultra_12mo_59.90",9,1
"2025-07-09","Mexico","(not set)",5,2
"2025-07-09","Egypt","(not set)",2,1
"2025-07-09","Philippines","(not set)",2,1
"2025-07-09","United States","com.psafe.msuite.ads_free_12mo_13.90",2,2
"2025-07-09","United States","com.psafe.msuite.pro_lto_12mo_39.90",2,2
"2025-07-09","Egypt","com.psafe.msuite.ultra_12mo_59.90",1,1
"2025-07-09","Germany","(not set)",1,1
"2025-07-09","Indonesia","com.psafe.msuite.ultra_12mo_59.90",1,1
"2025-07-09","United States","com.psafe.msuite.adsfree_lto_12mo",1,1
"2025-07-10","Brazil","(not set)",55,26
"2025-07-10","Brazil","com.psafe.msuite.ultra_12mo_59.90",22,6
"2025-07-10","Brazil","com.psafe.msuite.pro_lto_12mo_39.90",15,14
"2025-07-10","United States","com.psafe.msuite.ultra_12mo_59.90",12,3
"2025-07-10","Brazil","com.psafe.msuite.ads_free_12mo_13.90",11,10
"2025-07-10","Brazil","com.psafe.msuite.adsfree_lto_12mo",10,7
"2025-07-10","Egypt","(not set)",6,1
"2025-07-10","United States","(not set)",6,3
"2025-07-10","United States","com.psafe.msuite.ads_free_12mo_13.90",2,2
"2025-07-10","United States","com.psafe.msuite.pro_lto_12mo_39.90",2,2
"2025-07-10","Chile","com.psafe.msuite.pro_lto_12mo_39.90",1,1
"2025-07-10","Ecuador","(not set)",1,1
"2025-07-10","Iran","(not set)",1,1
"2025-07-10","United Kingdom","(not set)",1,1
"2025-07-11","Brazil","(not set)",31,23
"2025-07-11","Brazil","com.psafe.msuite.ads_free_12mo_13.90",15,11
"2025-07-11","Brazil","com.psafe.msuite.pro_lto_12mo_39.90",14,14
"2025-07-11","India","(not set)",10,2
"2025-07-11","Brazil","com.psafe.msuite.adsfree_lto_12mo",6,6
"2025-07-11","Tunisia","(not set)",6,1
"2025-07-11","United States","(not set)",5,3
"2025-07-11","Brazil","com.psafe.msuite.ultra_12mo_59.90",3,2
"2025-07-11","United States","com.psafe.msuite.ads_free_12mo_13.90",3,3
"2025-07-11","United States","com.psafe.msuite.pro_lto_12mo_39.90",1,1
"2025-07-12","Brazil","(not set)",107,50
"2025-07-12","Brazil","com.psafe.msuite.ultra_12mo_59.90",46,13
"2025-07-12","Brazil","com.psafe.msuite.pro_lto_12mo_39.90",19,19
"2025-07-12","United States","com.psafe.msuite.ultra_12mo_59.90",16,3
"2025-07-12","Brazil","com.psafe.msuite.ads_free_12mo_13.90",8,7
"2025-07-12","Iran","(not set)",7,1
"2025-07-12","Brazil","com.psafe.msuite.adsfree_lto_12mo",6,6
"2025-07-12","Egypt","(not set)",6,1
"2025-07-12","Indonesia","(not set)",6,1
"2025-07-12","Saudi Arabia","com.psafe.msuite.ultra_12mo_59.90",6,1
"2025-07-12","United States","(not set)",6,1
"2025-07-12","United States","com.psafe.msuite.pro_lto_12mo_39.90",3,3
"2025-07-12","Puerto Rico","(not set)",1,1
"2025-07-12","Spain","com.psafe.msuite.ads_free_12mo_13.90",1,1
"2025-07-12","United States","com.psafe.msuite.adsfree_lto_12mo",1,1
"2025-07-13","Brazil","(not set)",87,45
"2025-07-13","Brazil","com.psafe.msuite.ultra_12mo_59.90",37,13
"2025-07-13","Brazil","com.psafe.msuite.ads_free_12mo_13.90",20,16
"2025-07-13","Brazil","com.psafe.msuite.pro_lto_12mo_39.90",14,13
"2025-07-13","Brazil","com.psafe.msuite.adsfree_lto_12mo",12,12
"2025-07-13","United States","com.psafe.msuite.ultra_12mo_59.90",11,2
"2025-07-13","United States","(not set)",7,5
"2025-07-13","Egypt","(not set)",6,1
"2025-07-13","Netherlands","(not set)",6,1
"2025-07-13","Iran","(not set)",3,1
"2025-07-13","United States","com.psafe.msuite.adsfree_lto_12mo",3,3
"2025-07-13","Algeria","(not set)",2,1
"2025-07-13","United Kingdom","(not set)",2,1
"2025-07-13","Australia","com.psafe.msuite.pro_lto_12mo_39.90",1,1
"2025-07-13","India","com.psafe.msuite.pro_lto_12mo_39.90",1,1
"2025-07-13","Mexico","com.psafe.msuite.adsfree_lto_12mo",1,1
"2025-07-13","Mexico","com.psafe.msuite.pro_lto_12mo_39.90",1,1
"2025-07-13","Puerto Rico","com.psafe.msuite.pro_lto_12mo_39.90",1,1
"2025-07-13","United States","com.psafe.msuite.pro_lto_12mo_39.90",1,1
"2025-07-14","Brazil","(not set)",94,49
"2025-07-14","Brazil","com.psafe.msuite.ultra_12mo_59.90",84,18
"2025-07-14","Brazil","com.psafe.msuite.pro_lto_12mo_39.90",28,19
"2025-07-14","Brazil","com.psafe.msuite.adsfree_lto_12mo",10,10
"2025-07-14","Brazil","com.psafe.msuite.ads_free_12mo_13.90",9,7
"2025-07-14","India","(not set)",8,1
"2025-07-14","United States","com.psafe.msuite.ultra_12mo_59.90",8,2
"2025-07-14","United States","(not set)",2,2
"2025-07-14","United States","com.psafe.msuite.adsfree_lto_12mo",2,2
"2025-07-14","Jamaica","com.psafe.msuite.pro_lto_12mo_39.90",1,1
"2025-07-14","United States","com.psafe.msuite.ads_free_12mo_13.90",1,1
"2025-07-15","United States","com.psafe.msuite.ultra_12mo_59.90",63,3
"2025-07-15","Brazil","(not set)",62,36
"2025-07-15","Brazil","com.psafe.msuite.ultra_12mo_59.90",25,6
"2025-07-15","Brazil","com.psafe.msuite.pro_lto_12mo_39.90",14,13
"2025-07-15","Brazil","com.psafe.msuite.ads_free_12mo_13.90",12,8
"2025-07-15","Brazil","com.psafe.msuite.adsfree_lto_12mo",9,9
"2025-07-15","United States","(not set)",5,4
"2025-07-15","United States","com.psafe.msuite.pro_lto_12mo_39.90",4,4
"2025-07-15","United States","com.psafe.msuite.ultra_1mo_16.90,com.psafe.msuite.ultra_12mo_59.90",1,1
"2025-07-16","Brazil","(not set)",60,26
"2025-07-16","Brazil","com.psafe.msuite.ultra_12mo_59.90",23,6
"2025-07-16","Israel","(not set)",19,1
"2025-07-16","Brazil","com.psafe.msuite.pro_lto_12mo_39.90",16,14
"2025-07-16","United States","(not set)",16,5
"2025-07-16","Brazil","com.psafe.msuite.ads_free_12mo_13.90",9,8
"2025-07-16","Brazil","com.psafe.msuite.adsfree_lto_12mo",7,7
"2025-07-16","Colombia","(not set)",7,1
"2025-07-16","Israel","com.psafe.msuite.ultra_12mo_59.90",6,1
"2025-07-16","United States","com.psafe.msuite.ultra_12mo_59.90",6,3
"2025-07-16","Iran","(not set)",2,1
"2025-07-16","Argentina","com.psafe.msuite.pro_lto_12mo_39.90",1,1
"2025-07-16","Mexico","com.psafe.msuite.adsfree_lto_12mo",1,1
"2025-07-16","Nigeria","com.psafe.msuite.ads_free_12mo_13.90",1,1
"2025-07-16","United Arab Emirates","com.psafe.msuite.adsfree_lto_12mo",1,1
"2025-07-16","United Arab Emirates","com.psafe.msuite.pro_lto_12mo_39.90",1,1
"2025-07-16","United States","com.psafe.msuite.adsfree_lto_12mo",1,1
"2025-07-17","Brazil","(not set)",68,33
"2025-07-17","Brazil","com.psafe.msuite.ultra_12mo_59.90",51,12
"2025-07-17","Brazil","com.psafe.msuite.ads_free_12mo_13.90",20,16
"2025-07-17","Brazil","com.psafe.msuite.adsfree_lto_12mo",13,3
"2025-07-17","Brazil","com.psafe.msuite.pro_lto_12mo_39.90",13,8
"2025-07-17","Israel","(not set)",9,1
"2025-07-17","United States","com.psafe.msuite.ultra_12mo_59.90",9,1
"2025-07-17","United States","(not set)",4,3
"2025-07-17","Argentina","(not set)",2,1
"2025-07-17","Armenia","(not set)",2,1
"2025-07-17","Canada","com.psafe.msuite.ultra_12mo_59.90",2,1
"2025-07-17","United States","com.psafe.msuite.pro_lto_12mo_39.90",2,2
"2025-07-17","Albania","(not set)",1,1
"2025-07-17","Albania","com.psafe.msuite.pro_lto_12mo_39.90",1,1
"2025-07-17","Brazil","com.psafe.msuite.ultra_trial_12mo_2.99",1,1
"2025-07-17","Canada","com.psafe.msuite.pro_lto_12mo_39.90",1,1
"2025-07-17","Japan","com.psafe.msuite.pro_lto_12mo_39.90",1,1
"2025-07-17","Mexico","(not set)",1,1
"2025-07-17","Nigeria","(not set)",1,1
"2025-07-17","Venezuela","com.psafe.msuite.pro_lto_12mo_39.90",1,1
"2025-07-18","Brazil","(not set)",57,26
"2025-07-18","Brazil","com.psafe.msuite.pro_lto_12mo_39.90",24,16
"2025-07-18","Brazil","com.psafe.msuite.ultra_12mo_59.90",17,5
"2025-07-18","United States","com.psafe.msuite.ultra_12mo_59.90",13,3
"2025-07-18","Brazil","com.psafe.msuite.ads_free_12mo_13.90",12,7
"2025-07-18","United States","(not set)",12,6
"2025-07-18","Brazil","com.psafe.msuite.adsfree_lto_12mo",7,6
"2025-07-18","Indonesia","(not set)",5,1
"2025-07-18","Algeria","(not set)",3,1
"2025-07-18","United States","com.psafe.msuite.ads_free_12mo_13.90",3,3
"2025-07-18","United States","com.psafe.msuite.pro_lto_12mo_39.90",2,2
"2025-07-18","Mexico","com.psafe.msuite.pro_lto_12mo_39.90",1,1
"2025-07-18","United States","com.psafe.msuite.adsfree_lto_12mo",1,1
"2025-07-19","Brazil","(not set)",87,31
"2025-07-19","Pakistan","(not set)",25,1
"2025-07-19","Brazil","com.psafe.msuite.ultra_12mo_59.90",24,7
"2025-07-19","Pakistan","com.psafe.msuite.ultra_12mo_59.90",13,1
"2025-07-19","United States","(not set)",12,3
"2025-07-19","Singapore","(not set)",11,1
"2025-07-19","United States","com.psafe.msuite.ultra_12mo_59.90",9,2
"2025-07-19","Brazil","com.psafe.msuite.adsfree_lto_12mo",8,8
"2025-07-19","Brazil","com.psafe.msuite.pro_lto_12mo_39.90",7,7
"2025-07-19","India","com.psafe.msuite.ultra_12mo_59.90",6,1
"2025-07-19","Brazil","com.psafe.msuite.ads_free_12mo_13.90",4,4
"2025-07-19","Ecuador","(not set)",2,1
"2025-07-19","Egypt","(not set)",1,1
"2025-07-19","Egypt","com.psafe.msuite.ads_free_12mo_13.90",1,1
"2025-07-19","India","(not set)",1,1
"2025-07-19","Indonesia","(not set)",1,1
"2025-07-19","United States","com.psafe.msuite.pro_lto_12mo_39.90",1,1
"2025-07-20","Pakistan","(not set)",121,2
"2025-07-20","Pakistan","com.psafe.msuite.ultra_12mo_59.90",96,2
"2025-07-20","Brazil","(not set)",74,24
"2025-07-20","Brazil","com.psafe.msuite.ultra_12mo_59.90",63,18
"2025-07-20","Brazil","com.psafe.msuite.adsfree_lto_12mo",9,9
"2025-07-20","Philippines","(not set)",9,2
"2025-07-20","Brazil","com.psafe.msuite.ads_free_12mo_13.90",8,6
"2025-07-20","United States","(not set)",8,3
"2025-07-20","Brazil","com.psafe.msuite.pro_lto_12mo_39.90",7,7
"2025-07-20","United States","com.psafe.msuite.ultra_12mo_59.90",7,2
"2025-07-20","Colombia","(not set)",3,1
"2025-07-20","Iran","(not set)",2,1
"2025-07-20","Nigeria","(not set)",2,1
"2025-07-20","Mexico","com.psafe.msuite.adsfree_lto_12mo",1,1
"2025-07-20","Philippines","com.psafe.msuite.ultra_12mo_59.90",1,1
"2025-07-20","United Kingdom","(not set)",1,1
"2025-07-20","United States","com.psafe.msuite.ads_free_12mo_13.90",1,1
"2025-07-20","United States","com.psafe.msuite.adsfree_lto_12mo",1,1
"2025-07-20","United States","com.psafe.msuite.pro_1mo_3.90,com.psafe.msuite.pro_3day_trial_12mo49.9",1,1
"2025-07-20","United States","com.psafe.msuite.pro_lto_12mo_39.90",1,1
"2025-07-21","Brazil","(not set)",117,34
"2025-07-21","Brazil","com.psafe.msuite.ads_free_12mo_13.90",24,8
"2025-07-21","Brazil","com.psafe.msuite.ultra_12mo_59.90",22,7
"2025-07-21","Egypt","(not set)",15,2
"2025-07-21","Brazil","com.psafe.msuite.pro_lto_12mo_39.90",14,14
"2025-07-21","Brazil","com.psafe.msuite.adsfree_lto_12mo",8,8
"2025-07-21","Brazil","com.psafe.msuite.pro_3day_trial_12mo49.9",7,1
"2025-07-21","Algeria","com.psafe.msuite.ultra_12mo_59.90",6,1
"2025-07-21","United States","com.psafe.msuite.ultra_12mo_59.90",6,1
"2025-07-21","Pakistan","(not set)",5,1
"2025-07-21","United States","com.psafe.msuite.pro_lto_12mo_39.90",5,4
"2025-07-21","United States","(not set)",4,2
"2025-07-21","United States","com.psafe.msuite.ads_free_12mo_13.90",2,2
"2025-07-21","Kenya","com.psafe.msuite.pro_lto_12mo_39.90",1,1
"2025-07-22","Brazil","com.psafe.msuite.adsfree_lto_12mo",485,7
"2025-07-22","Brazil","(not set)",92,35
"2025-07-22","Brazil","com.psafe.msuite.ultra_12mo_59.90",47,8
"2025-07-22","Brazil","com.psafe.msuite.ads_free_12mo_13.90",11,10
"2025-07-22","Palestine","(not set)",10,1
"2025-07-22","Egypt","(not set)",8,1
"2025-07-22","Brazil","com.psafe.msuite.pro_lto_12mo_39.90",7,7
"2025-07-22","United States","com.psafe.msuite.ultra_12mo_59.90",6,2
"2025-07-22","United States","(not set)",4,3
"2025-07-22","Egypt","com.psafe.msuite.ultra_12mo_59.90",1,1
"2025-07-22","Mexico","(not set)",1,1
"2025-07-22","Turkmenistan","com.psafe.msuite.adsfree_lto_12mo",1,1
"2025-07-22","Turkmenistan","com.psafe.msuite.pro_lto_12mo_39.90",1,1
"2025-07-22","Turkmenistan","com.psafe.msuite.ultra_12mo_59.90",1,1
"2025-07-22","United States","com.psafe.msuite.adsfree_lto_12mo",1,1
"2025-07-22","United States","com.psafe.msuite.pro_lto_12mo_39.90",1,1
"2025-07-23","Brazil","(not set)",121,46
"2025-07-23","Brazil","com.psafe.msuite.ultra_12mo_59.90",67,16
"2025-07-23","Brazil","com.psafe.msuite.pro_lto_12mo_39.90",17,17
"2025-07-23","Brazil","com.psafe.msuite.adsfree_lto_12mo",11,11
"2025-07-23","United States","(not set)",11,5
"2025-07-23","Brazil","com.psafe.msuite.ads_free_12mo_13.90",10,9
"2025-07-23","Brazil","0.0",8,2
"2025-07-23","Egypt","com.psafe.msuite.ultra_12mo_59.90",7,2
"2025-07-23","United States","com.psafe.msuite.ultra_12mo_59.90",6,1
"2025-07-23","Pakistan","(not set)",5,1
"2025-07-23","United States","com.psafe.msuite.pro_lto_12mo_39.90",4,4
"2025-07-23","United States","com.psafe.msuite.ultra_1mo_16.90,com.psafe.msuite.ultra_12mo_59.90",2,1
"2025-07-23","Egypt","com.psafe.msuite.adsfree_lto_12mo",1,1
"2025-07-23","Ireland","com.psafe.msuite.pro_lto_12mo_39.90",1,1
"2025-07-23","United States","com.psafe.msuite.adsfree_lto_12mo",1,1
"2025-07-24","Brazil","(not set)",60,24
"2025-07-24","Brazil","com.psafe.msuite.ultra_12mo_59.90",52,7
"2025-07-24","Brazil","com.psafe.msuite.pro_lto_12mo_39.90",21,15
"2025-07-24","Brazil","com.psafe.msuite.ads_free_12mo_13.90",16,11
"2025-07-24","Brazil","com.psafe.msuite.adsfree_lto_12mo",10,10
"2025-07-24","India","(not set)",10,1
"2025-07-24","United States","(not set)",6,3
"2025-07-24","Egypt","(not set)",5,1
"2025-07-24","United States","com.psafe.msuite.ultra_12mo_59.90",5,1
"2025-07-24","Brazil","0.0",2,1
"2025-07-24","Mexico","com.psafe.msuite.ads_free_12mo_13.90",2,1
"2025-07-24","Saudi Arabia","com.psafe.msuite.ultra_12mo_59.90",2,1
"2025-07-24","United States","com.psafe.msuite.pro_lto_12mo_39.90",2,2
"2025-07-24","Italy","(not set)",1,1
"2025-07-24","Philippines","com.psafe.msuite.pro_lto_12mo_39.90",1,1
"2025-07-24","Portugal","com.psafe.msuite.ads_free_12mo_13.90",1,1
"2025-07-24","United States","com.psafe.msuite.ads_free_12mo_13.90",1,1
"2025-07-25","Brazil","(not set)",92,41
"2025-07-25","Brazil","com.psafe.msuite.ultra_12mo_59.90",58,13
"2025-07-25","Brazil","com.psafe.msuite.ads_free_12mo_13.90",12,6
"2025-07-25","Brazil","com.psafe.msuite.pro_lto_12mo_39.90",8,8
"2025-07-25","Brazil","com.psafe.msuite.adsfree_lto_12mo",7,7
"2025-07-25","United States","com.psafe.msuite.ultra_12mo_59.90",6,1
"2025-07-25","Mexico","(not set)",2,1
"2025-07-25","Netherlands","(not set)",2,1
"2025-07-25","Tunisia","(not set)",2,1
"2025-07-25","United States","com.psafe.msuite.pro_lto_12mo_39.90",2,2
"2025-07-25","Bangladesh","(not set)",1,1
"2025-07-25","Canada","com.psafe.msuite.pro_lto_12mo_39.90",1,1
"2025-07-25","United States","(not set)",1,1
"2025-07-26","Brazil","com.psafe.msuite.ultra_12mo_59.90",55,11
"2025-07-26","Brazil","(not set)",42,22
"2025-07-26","Brazil","com.psafe.msuite.pro_lto_12mo_39.90",24,19
"2025-07-26","Egypt","(not set)",16,1
"2025-07-26","Brazil","com.psafe.msuite.adsfree_lto_12mo",8,8
"2025-07-26","Brazil","com.psafe.msuite.ads_free_12mo_13.90",7,4
"2025-07-26","Algeria","com.psafe.msuite.ultra_12mo_59.90",5,1
"2025-07-26","United States","com.psafe.msuite.ultra_12mo_59.90",5,1
"2025-07-26","Iran","(not set)",3,1
"2025-07-26","Bangladesh","(not set)",2,1
"2025-07-26","Japan","com.psafe.msuite.ads_free_12mo_13.90",2,1
"2025-07-26","India","com.psafe.msuite.ultra_12mo_59.90",1,1
"2025-07-26","Portugal","com.psafe.msuite.pro_lto_12mo_39.90",1,1
"2025-07-26","United States","(not set)",1,1
"2025-07-26","United States","com.psafe.msuite.ads_free_12mo_13.90",1,1
"2025-07-27","Brazil","(not set)",145,36
"2025-07-27","Brazil","com.psafe.msuite.ultra_12mo_59.90",44,12
"2025-07-27","Brazil","com.psafe.msuite.pro_lto_12mo_39.90",23,13
"2025-07-27","United States","com.psafe.msuite.ultra_12mo_59.90",9,2
"2025-07-27","Brazil","com.psafe.msuite.ads_free_12mo_13.90",8,6
"2025-07-27","United States","(not set)",8,4
"2025-07-27","India","(not set)",6,1
"2025-07-27","Brazil","com.psafe.msuite.adsfree_lto_12mo",4,4
"2025-07-27","Burkina Faso","(not set)",4,1
"2025-07-27","Mexico","(not set)",4,1
"2025-07-27","Chile","com.psafe.msuite.pro_lto_12mo_39.90",1,1
"2025-07-27","Egypt","(not set)",1,1
"2025-07-27","Mexico","com.psafe.msuite.ads_free_12mo_13.90",1,1
"2025-07-27","Pakistan","(not set)",1,1
"2025-07-27","Saudi Arabia","com.psafe.msuite.pro_lto_12mo_39.90",1,1
"2025-07-27","United States","com.psafe.msuite.ads_free_12mo_13.90",1,1
"2025-07-27","United States","com.psafe.msuite.pro_lto_12mo_39.90",1,1
"2025-07-28","Brazil","(not set)",93,35
"2025-07-28","Brazil","com.psafe.msuite.pro_lto_12mo_39.90",30,14
"2025-07-28","Morocco","(not set)",27,3
"2025-07-28","Brazil","com.psafe.msuite.ultra_12mo_59.90",26,7
"2025-07-28","Brazil","com.psafe.msuite.adsfree_lto_12mo",15,11
"2025-07-28","United States","com.psafe.msuite.ultra_12mo_59.90",15,3
"2025-07-28","Japan","(not set)",13,1
"2025-07-28","Brazil","com.psafe.msuite.ads_free_12mo_13.90",12,8
"2025-07-28","Egypt","(not set)",8,1
"2025-07-28","Jordan","(not set)",7,1
"2025-07-28","Algeria","com.psafe.msuite.ultra_12mo_59.90",6,1
"2025-07-28","Morocco","com.psafe.msuite.ultra_12mo_59.90",5,1
"2025-07-28","United States","com.psafe.msuite.ultra_1mo_16.90,com.psafe.msuite.ultra_12mo_59.90",5,1
"2025-07-28","United States","com.psafe.msuite.adsfree_lto_12mo",2,2
"2025-07-28","Iran","(not set)",1,1
"2025-07-28","United States","(not set)",1,1
"2025-07-28","United States","com.psafe.msuite.ads_free_12mo_13.90",1,1
"2025-07-28","United States","com.psafe.msuite.pro_lto_12mo_39.90",1,1
"2025-07-29","Brazil","(not set)",59,33
"2025-07-29","Brazil","com.psafe.msuite.ultra_12mo_59.90",24,7
"2025-07-29","Brazil","com.psafe.msuite.adsfree_lto_12mo",10,10
"2025-07-29","United States","(not set)",7,3
"2025-07-29","Brazil","com.psafe.msuite.pro_lto_12mo_39.90",6,6
"2025-07-29","Brazil","com.psafe.msuite.ads_free_12mo_13.90",5,5
"2025-07-29","United States","com.psafe.msuite.adsfree_lto_12mo",3,3
"2025-07-29","Brazil","0.0",1,1
"2025-07-29","United States","0.0",1,1
"2025-07-29","United States","com.psafe.msuite.pro_lto_12mo_39.90",1,1
"2025-07-30","Brazil","(not set)",54,33
"2025-07-30","Brazil","com.psafe.msuite.ultra_12mo_59.90",31,6
"2025-07-30","Brazil","com.psafe.msuite.pro_lto_12mo_39.90",10,10
"2025-07-30","Brazil","com.psafe.msuite.ads_free_12mo_13.90",7,7
"2025-07-30","Brazil","com.psafe.msuite.adsfree_lto_12mo",6,6
"2025-07-30","Iran","(not set)",2,1
"2025-07-30","United States","(not set)",2,2
"2025-07-30","Costa Rica","(not set)",1,1
"2025-07-30","Germany","(not set)",1,1
"2025-07-30","Mexico","com.psafe.msuite.pro_lto_12mo_39.90",1,1
"2025-07-30","United States","com.psafe.msuite.ads_free_12mo_13.90",1,1
"2025-07-30","United States","com.psafe.msuite.adsfree_lto_12mo",1,1
"2025-07-30","United States","com.psafe.msuite.pro_lto_12mo_39.90",1,1
"2025-07-31","Brazil","(not set)",90,38
"2025-07-31","Brazil","com.psafe.msuite.ultra_12mo_59.90",22,8
"2025-07-31","Brazil","com.psafe.msuite.pro_lto_12mo_39.90",12,12
"2025-07-31","Brazil","com.psafe.msuite.ads_free_12mo_13.90",10,8
"2025-07-31","Brazil","com.psafe.msuite.adsfree_lto_12mo",6,6
"2025-07-31","United States","(not set)",5,1
"2025-07-31","Mexico","com.psafe.msuite.ultra_12mo",3,1
"2025-07-31","Nigeria","com.psafe.msuite.pro_1mo_3.90,com.psafe.msuite.pro_3day_trial_12mo49.9",1,1
"2025-07-31","United States","com.psafe.msuite.ads_free_12mo_13.90",1,1
"2025-07-31","United States","com.psafe.msuite.pro_lto_12mo_39.90",1,1
"2025-08-01","Brazil","(not set)",59,28
"2025-08-01","Brazil","com.psafe.msuite.ultra_12mo_59.90",21,5
"2025-08-01","Brazil","com.psafe.msuite.ads_free_12mo_13.90",14,10
"2025-08-01","Mexico","com.psafe.msuite.ultra_12mo_59.90",11,1
"2025-08-01","Brazil","com.psafe.msuite.pro_lto_12mo_39.90",9,9
"2025-08-01","Morocco","(not set)",6,1
"2025-08-01","United States","com.psafe.msuite.ultra_12mo_59.90",6,1
"2025-08-01","Brazil","com.psafe.msuite.ads_free_12mo_13.90,com.psafe.msuite.pro_1mo_3.90,com.psafe.msuite.pro_3day_trial_12mo49.9,com.psafe.msuite.ultra_1mo_16.90,com.psafe.msuite.ultra_12mo_59.90",5,1
"2025-08-01","Brazil","com.psafe.msuite.pro_12mo_49.90,com.psafe.msuite.ultra_12mo_59.90",5,1
"2025-08-01","Brazil","com.psafe.msuite.adsfree_lto_12mo",3,3
"2025-08-01","Algeria","(not set)",2,1
"2025-08-01","Cuba","(not set)",2,1
"2025-08-01","Mexico","(not set)",2,2
"2025-08-01","Malaysia","(not set)",1,1
"2025-08-01","Mexico","com.psafe.msuite.adsfree_lto_12mo",1,1
"2025-08-01","Puerto Rico","com.psafe.msuite.pro_1mo_3.90,com.psafe.msuite.pro_3day_trial_12mo49.9",1,1
"2025-08-01","United States","(not set)",1,1
"2025-08-01","United States","com.psafe.msuite.ads_free_12mo_13.90",1,1
"2025-08-02","Brazil","(not set)",50,28
"2025-08-02","Brazil","com.psafe.msuite.ultra_12mo_59.90",35,7
"2025-08-02","United States","(not set)",24,6
"2025-08-02","Brazil","com.psafe.msuite.pro_lto_12mo_39.90",13,13
"2025-08-02","Brazil","com.psafe.msuite.ads_free_12mo_13.90",7,6
"2025-08-02","Brazil","com.psafe.msuite.adsfree_lto_12mo",7,7
"2025-08-02","United States","com.psafe.msuite.ultra_12mo_59.90",7,1
"2025-08-02","Bangladesh","(not set)",5,1
"2025-08-02","Saudi Arabia","(not set)",5,1
"2025-08-02","United States","0.0",4,1
"2025-08-02","Iran","(not set)",3,1
"2025-08-02","Bangladesh","com.psafe.msuite.adsfree_lto_12mo",2,1
"2025-08-02","Mexico","(not set)",2,1
"2025-08-02","United States","com.psafe.msuite.ads_free_12mo_13.90",2,2
"2025-08-02","United States","com.psafe.msuite.adsfree_lto_12mo",2,1
"2025-08-02","Mexico","com.psafe.msuite.ads_free_12mo_13.90",1,1
"2025-08-02","Mexico","com.psafe.msuite.adsfree_lto_12mo",1,1
"2025-08-02","United States","com.psafe.msuite.pro_lto_12mo_39.90",1,1
"2025-08-03","Brazil","(not set)",92,34
"2025-08-03","Brazil","com.psafe.msuite.ultra_12mo_59.90",45,16
"2025-08-03","Brazil","com.psafe.msuite.pro_3day_trial_12mo49.9",18,1
"2025-08-03","Brazil","com.psafe.msuite.pro_lto_12mo_39.90",17,16
"2025-08-03","Mexico","(not set)",12,2
"2025-08-03","Brazil","com.psafe.msuite.ads_free_12mo_13.90",10,9
"2025-08-03","Brazil","com.psafe.msuite.adsfree_lto_12mo",9,9
"2025-08-03","Philippines","(not set)",5,1
"2025-08-03","United States","com.psafe.msuite.ultra_12mo_59.90",5,2
"2025-08-03","United States","(not set)",4,4
"2025-08-03","United States","com.psafe.msuite.pro_lto_12mo_39.90",4,3
"2025-08-03","Brazil","com.psafe.msuite.ads_free_12mo_13.90,com.psafe.msuite.pro_1mo_3.90,com.psafe.msuite.pro_3day_trial_12mo49.9,com.psafe.msuite.ultra_1mo_16.90,com.psafe.msuite.ultra_12mo_59.90",1,1
"2025-08-03","Cameroon","com.psafe.msuite.pro_lto_12mo_39.90",1,1
"2025-08-03","Canada","com.psafe.msuite.adsfree_lto_12mo",1,1
"2025-08-03","Puerto Rico","com.psafe.msuite.adsfree_lto_12mo",1,1
"2025-08-04","Brazil","(not set)",76,38
"2025-08-04","Brazil","com.psafe.msuite.ultra_12mo_59.90",38,8
"2025-08-04","Brazil","com.psafe.msuite.ads_free_12mo_13.90",13,11
"2025-08-04","Brazil","com.psafe.msuite.pro_lto_12mo_39.90",12,12
"2025-08-04","United States","(not set)",11,4
"2025-08-04","Brazil","com.psafe.msuite.adsfree_lto_12mo",9,9
"2025-08-04","United States","com.psafe.msuite.pro_12mo_49.90,com.psafe.msuite.ultra_12mo_59.90",6,1
"2025-08-04","United States","com.psafe.msuite.ultra_12mo_59.90",6,1
"2025-08-04","Bangladesh","com.psafe.msuite.ultra_12mo_59.90",4,1
"2025-08-04","Bangladesh","(not set)",3,1
"2025-08-04","Guatemala","(not set)",1,1
"2025-08-04","Iran","com.psafe.msuite.pro_lto_12mo_39.90",1,1
"2025-08-04","Mexico","com.psafe.msuite.pro_lto_12mo_39.90",1,1
"2025-08-04","United States","com.psafe.msuite.pro_lto_12mo_39.90",1,1
"2025-08-05","Brazil","(not set)",38,24
"2025-08-05","Brazil","com.psafe.msuite.ads_free_12mo_13.90",11,8
"2025-08-05","Brazil","com.psafe.msuite.ultra_12mo_59.90",11,3
"2025-08-05","Brazil","com.psafe.msuite.pro_lto_12mo_39.90",9,9
"2025-08-05","Pakistan","com.psafe.msuite.ultra_12mo_59.90",8,1
"2025-08-05","Philippines","(not set)",5,1
"2025-08-05","Philippines","com.psafe.msuite.ultra_12mo_59.90",5,1
"2025-08-05","United States","(not set)",5,1
"2025-08-05","Brazil","com.psafe.msuite.adsfree_lto_12mo",3,3
"2025-08-05","United States","com.psafe.msuite.ultra_12mo_59.90",3,2
"2025-08-05","Ecuador","(not set)",2,1
"2025-08-05","Tunisia","(not set)",2,1
"2025-08-05","Argentina","com.psafe.msuite.ads_free_12mo_13.90",1,1
"2025-08-05","United States","com.psafe.msuite.ads_free_12mo_13.90",1,1
"2025-08-05","United States","com.psafe.msuite.pro_lto_12mo_39.90",1,1
"2025-08-06","Brazil","(not set)",57,28
"2025-08-06","Brazil","com.psafe.msuite.ultra_12mo_59.90",35,7
"2025-08-06","Brazil","com.psafe.msuite.pro_lto_12mo_39.90",13,13
"2025-08-06","Brazil","com.psafe.msuite.ads_free_12mo_13.90",7,6
"2025-08-06","United States","com.psafe.msuite.ultra_12mo_59.90",7,1
"2025-08-06","Brazil","com.psafe.msuite.ultra_1mo_16.90,com.psafe.msuite.ultra_12mo_59.90",6,1
"2025-08-06","Brazil","com.psafe.msuite.adsfree_lto_12mo",5,4
"2025-08-06","United States","com.psafe.msuite.pro_lto_12mo_39.90",3,2
"2025-08-06","Portugal","com.psafe.msuite.pro_lto_12mo_39.90",1,1
"2025-08-06","United States","com.psafe.msuite.ads_free_12mo_13.90",1,1
"2025-08-06","United States","com.psafe.msuite.adsfree_lto_12mo",1,1
"2025-08-07","Brazil","(not set)",55,25
"2025-08-07","Brazil","com.psafe.msuite.ultra_12mo_59.90",27,11
"2025-08-07","United States","com.psafe.msuite.ultra_12mo_59.90",12,2
"2025-08-07","Brazil","com.psafe.msuite.pro_lto_12mo_39.90",9,9
"2025-08-07","Brazil","com.psafe.msuite.ads_free_12mo_13.90",6,5
"2025-08-07","Mexico","(not set)",6,1
"2025-08-07","Brazil","com.psafe.msuite.adsfree_lto_12mo",5,5
"2025-08-07","India","(not set)",5,2
"2025-08-07","Belize","com.psafe.msuite.ads_free_12mo_13.90",4,1
"2025-08-07","United States","(not set)",4,3
"2025-08-07","United States","com.psafe.msuite.adsfree_lto_12mo",2,2
"2025-08-07","United States","com.psafe.msuite.pro_lto_12mo_39.90",2,2
"2025-08-08","Brazil","(not set)",52,24
"2025-08-08","Brazil","com.psafe.msuite.ultra_12mo_59.90",38,9
"2025-08-08","United States","(not set)",16,6
"2025-08-08","Brazil","com.psafe.msuite.pro_lto_12mo_39.90",13,13
"2025-08-08","United States","com.psafe.msuite.ultra_12mo_59.90",11,2
"2025-08-08","Philippines","(not set)",10,2
"2025-08-08","Brazil","com.psafe.msuite.adsfree_lto_12mo",8,8
"2025-08-08","Brazil","com.psafe.msuite.ads_free_12mo_13.90",6,6
"2025-08-08","Algeria","(not set)",2,1
"2025-08-08","United States","com.psafe.msuite.pro_lto_12mo_39.90",2,2
"2025-08-08","Mexico","(not set)",1,1
"2025-08-08","United States","com.psafe.msuite.ads_free_12mo_13.90",1,1
"2025-08-08","United States","com.psafe.msuite.adsfree_lto_12mo",1,1
"2025-08-09","Brazil","(not set)",60,30
"2025-08-09","Brazil","com.psafe.msuite.ultra_12mo_59.90",41,10
"2025-08-09","United States","com.psafe.msuite.ultra_12mo_59.90",32,2
"2025-08-09","Brazil","com.psafe.msuite.pro_lto_12mo_39.90",18,14
"2025-08-09","Brazil","com.psafe.msuite.ads_free_12mo_13.90",16,6
"2025-08-09","Brazil","com.psafe.msuite.adsfree_lto_12mo",9,9
"2025-08-09","Egypt","com.psafe.msuite.ultra_12mo_59.90",4,1
"2025-08-09","United States","com.psafe.msuite.ads_free_12mo_13.90",4,4
"2025-08-09","United States","(not set)",3,3
"2025-08-09","United States","com.psafe.msuite.pro_lto_12mo_39.90",3,3
"2025-08-09","Bangladesh","com.psafe.msuite.adsfree_lto_12mo",1,1
"2025-08-10","Brazil","(not set)",59,22
"2025-08-10","Morocco","(not set)",20,1
"2025-08-10","Brazil","com.psafe.msuite.ultra_12mo_59.90",18,6
"2025-08-10","Brazil","com.psafe.msuite.pro_lto_12mo_39.90",17,12
"2025-08-10","Brazil","com.psafe.msuite.adsfree_lto_12mo",16,10
"2025-08-10","United States","com.psafe.msuite.ultra_12mo_59.90",12,3
"2025-08-10","Brazil","com.psafe.msuite.ads_free_12mo_13.90",8,7
"2025-08-10","United States","com.psafe.msuite.pro_lto_12mo_39.90",5,1
"2025-08-10","United States","(not set)",4,2
"2025-08-10","United States","0.0",2,1
"2025-08-10","Bangladesh","(not set)",1,1
"2025-08-10","Brazil","com.psafe.msuite.ads_free_12mo_13.90,com.psafe.msuite.pro_1mo_3.90,com.psafe.msuite.pro_3day_trial_12mo49.9,com.psafe.msuite.ultra_1mo_16.90,com.psafe.msuite.ultra_12mo_59.90",1,1
"2025-08-10","Japan","com.psafe.msuite.ultra_12mo_59.90",1,1
"2025-08-10","Paraguay","com.psafe.msuite.adsfree_lto_12mo",1,1
"2025-08-10","Rwanda","com.psafe.msuite.adsfree_lto_12mo",1,1
"2025-08-10","United States","com.psafe.msuite.ads_free_12mo_13.90",1,1
"2025-08-11","Brazil","(not set)",82,31
"2025-08-11","Brazil","com.psafe.msuite.ultra_12mo_59.90",26,6
"2025-08-11","Brazil","com.psafe.msuite.ads_free_12mo_13.90",15,9
"2025-08-11","Brazil","com.psafe.msuite.pro_lto_12mo_39.90",10,10
"2025-08-11","United States","com.psafe.msuite.ultra_12mo_59.90",10,2
"2025-08-11","Germany","(not set)",9,1
"2025-08-11","Pakistan","com.psafe.msuite.ultra_12mo_59.90",9,1
"2025-08-11","United States","(not set)",8,3
"2025-08-11","United States","com.psafe.msuite.pro_lto_12mo_39.90",6,2
"2025-08-11","Brazil","com.psafe.msuite.adsfree_lto_12mo",5,5
"2025-08-11","Mexico","(not set)",2,1
"2025-08-11","Bangladesh","(not set)",1,1
"2025-08-11","United States","com.psafe.msuite.ads_free_12mo_13.90",1,1
"2025-08-12","Brazil","(not set)",80,46
"2025-08-12","United States","com.psafe.msuite.ultra_12mo_59.90",15,3
"2025-08-12","Brazil","com.psafe.msuite.pro_lto_12mo_39.90",14,13
"2025-08-12","Brazil","com.psafe.msuite.ultra_12mo_59.90",13,5
"2025-08-12","United States","(not set)",8,2
"2025-08-12","Brazil","com.psafe.msuite.ads_free_12mo_13.90",6,4
"2025-08-12","Brazil","com.psafe.msuite.adsfree_lto_12mo",6,6
"2025-08-12","United States","com.psafe.msuite.pro_12mo_49.90,com.psafe.msuite.ultra_12mo_59.90",6,1
"2025-08-12","Morocco","(not set)",5,1
"2025-08-12","United States","com.psafe.msuite.ads_free_12mo_13.90",4,3
"2025-08-12","Mexico","(not set)",2,2
"2025-08-12","United States","com.psafe.msuite.adsfree_lto_12mo",2,2
"2025-08-12","Italy","com.psafe.msuite.ads_free_12mo_13.90",1,1
"2025-08-12","United States","com.psafe.msuite.pro_lto_12mo_39.90",1,1
"2025-08-13","Brazil","(not set)",57,26
"2025-08-13","Brazil","com.psafe.msuite.ultra_12mo_59.90",28,9
"2025-08-13","United States","com.psafe.msuite.ultra_12mo_59.90",16,3
"2025-08-13","Brazil","com.psafe.msuite.pro_lto_12mo_39.90",13,13
"2025-08-13","Brazil","com.psafe.msuite.adsfree_lto_12mo",11,11
"2025-08-13","Brazil","com.psafe.msuite.ads_free_12mo_13.90",10,7
"2025-08-13","Saudi Arabia","(not set)",8,1
"2025-08-13","Vietnam","(not set)",5,1
"2025-08-13","India","(not set)",4,1
"2025-08-13","Bangladesh","com.psafe.msuite.ads_free_12mo_13.90,com.psafe.msuite.pro_1mo_3.90,com.psafe.msuite.pro_3day_trial_12mo49.9,com.psafe.msuite.ultra_1mo_16.90,com.psafe.msuite.ultra_12mo_59.90",3,1
"2025-08-13","Bangladesh","com.psafe.msuite.ultra_12mo_59.90",1,1
"2025-08-13","Mexico","(not set)",1,1
"2025-08-14","Brazil","(not set)",59,28
"2025-08-14","Brazil","com.psafe.msuite.ultra_12mo_59.90",25,7
"2025-08-14","United States","com.psafe.msuite.pro_lto_12mo_39.90",10,1
"2025-08-14","United States","com.psafe.msuite.ultra_12mo_59.90",10,1
"2025-08-14","Brazil","com.psafe.msuite.ads_free_12mo_13.90",9,8
"2025-08-14","Brazil","com.psafe.msuite.pro_lto_12mo_39.90",9,9
"2025-08-14","France","(not set)",6,1
"2025-08-14","Brazil","com.psafe.msuite.adsfree_lto_12mo",5,5
"2025-08-14","Bangladesh","com.psafe.msuite.pro_lto_12mo_39.90",1,1
"2025-08-14","Mexico","com.psafe.msuite.adsfree_lto_12mo",1,1
"2025-08-14","Spain","(not set)",1,1
"2025-08-15","Brazil","com.psafe.msuite.ultra_12mo_59.90",51,10
"2025-08-15","Brazil","(not set)",50,26
"2025-08-15","Brazil","com.psafe.msuite.pro_lto_12mo_39.90",17,15
"2025-08-15","United States","(not set)",11,5
"2025-08-15","Brazil","com.psafe.msuite.ads_free_12mo_13.90",9,7
"2025-08-15","Brazil","com.psafe.msuite.adsfree_lto_12mo",7,7
"2025-08-15","United States","com.psafe.msuite.ultra_12mo_59.90",6,1
"2025-08-15","Brazil","0.0",5,1
"2025-08-15","United States","com.psafe.msuite.pro_lto_12mo_39.90",2,2
"2025-08-15","France","com.psafe.msuite.pro_lto_12mo_39.90",1,1
"2025-08-15","Mexico","(not set)",1,1
"2025-08-15","Morocco","(not set)",1,1
"2025-08-15","Morocco","com.psafe.msuite.ultra_12mo_59.90",1,1
"2025-08-15","United States","com.psafe.msuite.ads_free_12mo_13.90",1,1
"2025-08-15","United States","com.psafe.msuite.adsfree_lto_12mo",1,1
"2025-08-16","Brazil","(not set)",75,27
"2025-08-16","Brazil","com.psafe.msuite.ultra_12mo_59.90",25,6
"2025-08-16","Brazil","com.psafe.msuite.pro_lto_12mo_39.90",15,14
"2025-08-16","Brazil","com.psafe.msuite.ads_free_12mo_13.90",12,10
"2025-08-16","United States","(not set)",7,1
"2025-08-16","Egypt","(not set)",6,1
"2025-08-16","United States","com.psafe.msuite.ultra_12mo_59.90",6,1
"2025-08-16","Bangladesh","(not set)",5,1
"2025-08-16","Germany","com.psafe.msuite.ultra_12mo_59.90",5,1
"2025-08-16","Brazil","com.psafe.msuite.adsfree_lto_12mo",3,3
"2025-08-16","Indonesia","(not set)",3,1
"2025-08-16","Angola","(not set)",2,1
"2025-08-16","Nigeria","(not set)",2,1
"2025-08-16","Mexico","(not set)",1,1
"2025-08-16","United States","com.psafe.msuite.adsfree_lto_12mo",1,1
"2025-08-16","United States","com.psafe.msuite.pro_lto_12mo_39.90",1,1
"2025-08-17","Brazil","(not set)",91,45
"2025-08-17","Brazil","com.psafe.msuite.ultra_12mo_59.90",34,8
"2025-08-17","Iran","(not set)",21,1
"2025-08-17","Brazil","com.psafe.msuite.pro_lto_12mo_39.90",18,18
"2025-08-17","Brazil","com.psafe.msuite.ads_free_12mo_13.90",15,13
"2025-08-17","Belgium","(not set)",8,1
"2025-08-17","Brazil","com.psafe.msuite.adsfree_lto_12mo",8,8
"2025-08-17","United States","com.psafe.msuite.ultra_12mo_59.90",7,2
"2025-08-17","United States","(not set)",6,2
"2025-08-17","United States","com.psafe.msuite.pro_lto_12mo_39.90",2,2
"2025-08-17","United States","0.0",1,1
"2025-08-18","Brazil","(not set)",60,32
"2025-08-18","Brazil","com.psafe.msuite.pro_lto_12mo_39.90",18,13
"2025-08-18","Brazil","com.psafe.msuite.ultra_12mo_59.90",16,9
"2025-08-18","Brazil","com.psafe.msuite.ads_free_12mo_13.90",10,8
"2025-08-18","United States","com.psafe.msuite.ultra_12mo_59.90",10,2
"2025-08-18","Iran","(not set)",8,2
"2025-08-18","Brazil","com.psafe.msuite.adsfree_lto_12mo",5,5
"2025-08-18","United States","com.psafe.msuite.adsfree_lto_12mo",5,1
"2025-08-18","United States","(not set)",3,2
"2025-08-18","Brazil","com.psafe.msuite.ads_free_12mo_13.90,com.psafe.msuite.pro_1mo_3.90,com.psafe.msuite.pro_3day_trial_12mo49.9,com.psafe.msuite.ultra_1mo_16.90,com.psafe.msuite.ultra_12mo_59.90",1,1
"2025-08-18","Chile","com.psafe.msuite.pro_lto_12mo_39.90",1,1
"2025-08-18","India","(not set)",1,1
"2025-08-18","United States","com.psafe.msuite.pro_lto_12mo_39.90",1,1
"2025-08-19","Brazil","(not set)",76,27
"2025-08-19","Brazil","com.psafe.msuite.pro_lto_12mo_39.90",23,11
"2025-08-19","Brazil","com.psafe.msuite.adsfree_lto_12mo",11,7
"2025-08-19","Brazil","com.psafe.msuite.ultra_12mo_59.90",11,5
"2025-08-19","Brazil","com.psafe.msuite.ads_free_12mo_13.90",10,5
"2025-08-19","United States","0.0",9,1
"2025-08-19","United States","com.psafe.msuite.ultra_12mo_59.90",8,3
"2025-08-19","Thailand","com.psafe.msuite.ultra_12mo_59.90",6,1
"2025-08-19","United States","(not set)",3,2
"2025-08-19","Germany","com.psafe.msuite.ultra_12mo_59.90",2,1
"2025-08-19","United States","com.psafe.msuite.ads_free_12mo_13.90",2,1
"2025-08-19","Brazil","com.psafe.msuite.pro_1mo_3.90,com.psafe.msuite.pro_3day_trial_12mo49.9",1,1
"2025-08-19","United States","com.psafe.msuite.adsfree_lto_12mo",1,1
"2025-08-19","United States","com.psafe.msuite.pro_lto_12mo_39.90",1,1
"2025-08-20","Brazil","(not set)",55,28
"2025-08-20","Brazil","com.psafe.msuite.ultra_12mo_59.90",47,5
"2025-08-20","Brazil","com.psafe.msuite.pro_lto_12mo_39.90",23,17
"2025-08-20","Brazil","com.psafe.msuite.ads_free_12mo_13.90",14,11
"2025-08-20","United States","(not set)",12,2
"2025-08-20","India","(not set)",9,1
"2025-08-20","Brazil","com.psafe.msuite.adsfree_lto_12mo",8,8
"2025-08-20","United States","com.psafe.msuite.ultra_12mo_59.90",7,2
"2025-08-20","United States","com.psafe.msuite.pro_12mo_49.90,com.psafe.msuite.ultra_12mo_59.90",2,1
"2025-08-20","United States","com.psafe.msuite.pro_lto_12mo_39.90",2,2
"2025-08-20","United States","com.psafe.msuite.adsfree_lto_12mo",1,1
"2025-08-20","Venezuela","(not set)",1,1
"2025-08-21","Brazil","(not set)",55,27
"2025-08-21","Brazil","com.psafe.msuite.ultra_12mo_59.90",20,8
"2025-08-21","Brazil","com.psafe.msuite.adsfree_lto_12mo",10,9
"2025-08-21","Brazil","com.psafe.msuite.pro_lto_12mo_39.90",10,10
"2025-08-21","Brazil","com.psafe.msuite.ads_free_12mo_13.90",7,6
"2025-08-21","Indonesia","com.psafe.msuite.ultra_12mo_59.90",7,2
"2025-08-21","United States","com.psafe.msuite.ultra_12mo_59.90",6,1
"2025-08-21","Ecuador","(not set)",5,1
"2025-08-21","Türkiye","(not set)",5,1
"2025-08-21","Türkiye","com.psafe.msuite.ultra_12mo_59.90",5,1
"2025-08-21","Indonesia","(not set)",2,1
"2025-08-21","United States","com.psafe.msuite.ads_free_12mo_13.90",2,1
"2025-08-21","United States","(not set)",1,1
"2025-08-21","United States","com.psafe.msuite.adsfree_lto_12mo",1,1
"2025-08-21","United States","com.psafe.msuite.pro_lto_12mo_39.90",1,1
"2025-08-22","Brazil","(not set)",86,23
"2025-08-22","Brazil","com.psafe.msuite.ultra_12mo_59.90",32,11
"2025-08-22","United States","com.psafe.msuite.ultra_12mo_59.90",24,2
"2025-08-22","Brazil","com.psafe.msuite.pro_lto_12mo_39.90",20,15
"2025-08-22","Brazil","com.psafe.msuite.ads_free_12mo_13.90",11,6
"2025-08-22","Brazil","com.psafe.msuite.adsfree_lto_12mo",7,7
"2025-08-22","United States","(not set)",7,3
"2025-08-22","Egypt","(not set)",6,2
"2025-08-22","Egypt","com.psafe.msuite.ultra_12mo_59.90",3,1
"2025-08-22","India","(not set)",2,1
"2025-08-22","India","com.psafe.msuite.pro_lto_12mo_39.90",1,1
"2025-08-22","Mexico","(not set)",1,1
"2025-08-22","Mexico","com.psafe.msuite.pro_lto_12mo_39.90",1,1
"2025-08-22","United States","com.psafe.msuite.ads_free_12mo_13.90",1,1
"2025-08-22","United States","com.psafe.msuite.adsfree_lto_12mo",1,1
"2025-08-22","United States","com.psafe.msuite.pro_12mo_49.90,com.psafe.msuite.ultra_12mo_59.90",1,1
"2025-08-22","United States","com.psafe.msuite.pro_lto_12mo_39.90",1,1
"2025-08-23","Brazil","(not set)",103,30
"2025-08-23","Brazil","com.psafe.msuite.ultra_12mo_59.90",18,8
"2025-08-23","Brazil","com.psafe.msuite.pro_lto_12mo_39.90",13,13
"2025-08-23","Brazil","com.psafe.msuite.adsfree_lto_12mo",11,9
"2025-08-23","United States","com.psafe.msuite.ultra_12mo_59.90",9,2
"2025-08-23","Brazil","com.psafe.msuite.ads_free_12mo_13.90",8,8
"2025-08-23","France","(not set)",8,1
"2025-08-23","Singapore","(not set)",5,1
"2025-08-23","Germany","(not set)",4,1
"2025-08-23","Mexico","(not set)",4,1
"2025-08-23","Angola","(not set)",3,1
"2025-08-23","United States","com.psafe.msuite.adsfree_lto_12mo",3,3
"2025-08-23","United States","com.psafe.msuite.pro_lto_12mo_39.90",3,3
"2025-08-23","Angola","com.psafe.msuite.pro_1mo_3.90,com.psafe.msuite.pro_3day_trial_12mo49.9",1,1
"2025-08-23","Brazil","com.psafe.msuite.ultra_12mo",1,1
"2025-08-23","Canada","(not set)",1,1
"2025-08-23","Egypt","(not set)",1,1
"2025-08-24","Brazil","(not set)",83,30
"2025-08-24","Brazil","com.psafe.msuite.ultra_12mo_59.90",40,12
"2025-08-24","Brazil","com.psafe.msuite.pro_lto_12mo_39.90",18,17
"2025-08-24","Mexico","(not set)",10,1
"2025-08-24","United States","com.psafe.msuite.ultra_12mo_59.90",7,2
"2025-08-24","Brazil","com.psafe.msuite.ads_free_12mo_13.90",6,5
"2025-08-24","Bangladesh","(not set)",4,1
"2025-08-24","Bangladesh","com.psafe.msuite.ultra_12mo_59.90",4,1
"2025-08-24","United States","(not set)",4,3
"2025-08-24","Brazil","com.psafe.msuite.adsfree_lto_12mo",3,3
"2025-08-24","Spain","(not set)",1,1
"2025-08-24","United States","com.psafe.msuite.pro_lto_12mo_39.90",1,1
"2025-08-25","Brazil","(not set)",51,30
"2025-08-25","Brazil","com.psafe.msuite.ultra_12mo_59.90",36,9
"2025-08-25","United States","(not set)",13,4
"2025-08-25","Brazil","com.psafe.msuite.ads_free_12mo_13.90",11,8
"2025-08-25","Algeria","com.psafe.msuite.ultra_12mo_59.90",10,1
"2025-08-25","United States","com.psafe.msuite.ultra_12mo_59.90",10,2
"2025-08-25","Brazil","com.psafe.msuite.pro_lto_12mo_39.90",9,9
"2025-08-25","Egypt","(not set)",9,2
"2025-08-25","Brazil","com.psafe.msuite.adsfree_lto_12mo",7,7
"2025-08-25","United States","com.psafe.msuite.pro_lto_12mo_39.90",3,3
"2025-08-25","Mexico","(not set)",2,1
"2025-08-25","United States","com.psafe.msuite.ads_free_12mo_13.90",2,2
"2025-08-25","Uganda","com.psafe.msuite.ultra_12mo_59.90",1,1
"2025-08-25","United States","com.psafe.msuite.adsfree_lto_12mo",1,1
"2025-08-26","Brazil","(not set)",45,23
"2025-08-26","Brazil","com.psafe.msuite.ultra_12mo_59.90",31,14
"2025-08-26","Brazil","com.psafe.msuite.pro_lto_12mo_39.90",13,13
"2025-08-26","United States","com.psafe.msuite.ultra_12mo_59.90",13,3
"2025-08-26","Brazil","com.psafe.msuite.adsfree_lto_12mo",6,6
"2025-08-26","United States","(not set)",5,4
"2025-08-26","Brazil","com.psafe.msuite.ads_free_12mo_13.90",2,2
"2025-08-26","Iran","(not set)",2,1
"2025-08-26","Philippines","com.psafe.msuite.pro_lto_12mo_39.90",1,1
"2025-08-26","United States","com.psafe.msuite.ads_free_12mo_13.90",1,1
"2025-08-27","Brazil","(not set)",95,45
"2025-08-27","Brazil","com.psafe.msuite.ultra_12mo_59.90",38,8
"2025-08-27","Brazil","com.psafe.msuite.adsfree_lto_12mo",21,15
"2025-08-27","Brazil","com.psafe.msuite.ads_free_12mo_13.90",17,12
"2025-08-27","Brazil","com.psafe.msuite.pro_lto_12mo_39.90",14,14
"2025-08-27","United States","com.psafe.msuite.ultra_12mo_59.90",14,2
"2025-08-27","Mexico","(not set)",7,2
"2025-08-27","Panama","com.psafe.msuite.ultra_12mo_59.90",6,1
"2025-08-27","United States","(not set)",5,2
"2025-08-27","Egypt","com.psafe.msuite.ultra_12mo_59.90",2,1
"2025-08-27","Ireland","com.psafe.msuite.ultra_12mo_59.90",2,1
"2025-08-27","United States","com.psafe.msuite.ads_free_12mo_13.90",2,1
"2025-08-27","United States","com.psafe.msuite.pro_lto_12mo_39.90",2,2
"2025-08-27","Algeria","(not set)",1,1
"2025-08-27","Algeria","com.psafe.msuite.ultra_12mo_59.90",1,1
"2025-08-27","Canada","(not set)",1,1
"2025-08-27","Ireland","(not set)",1,1
"2025-08-27","United Kingdom","com.psafe.msuite.ads_free_12mo_13.90",1,1
"2025-08-28","Brazil","(not set)",145,60
"2025-08-28","Brazil","com.psafe.msuite.ultra_12mo_59.90",67,23
"2025-08-28","Egypt","(not set)",27,2
"2025-08-28","Brazil","com.psafe.msuite.adsfree_lto_12mo",26,15
"2025-08-28","Brazil","com.psafe.msuite.ads_free_12mo_13.90",24,16
"2025-08-28","Egypt","com.psafe.msuite.ultra_12mo_59.90",22,1
"2025-08-28","Brazil","com.psafe.msuite.pro_lto_12mo_39.90",18,18
"2025-08-28","United States","com.psafe.msuite.ultra_12mo_59.90",17,2
"2025-08-28","United States","(not set)",15,4
"2025-08-28","Thailand","(not set)",11,1
"2025-08-28","Thailand","com.psafe.msuite.ultra_12mo_59.90",8,1
"2025-08-28","Brazil","0.0",7,1
"2025-08-28","Mexico","(not set)",4,2
"2025-08-28","United States","com.psafe.msuite.adsfree_lto_12mo",4,4
"2025-08-28","United States","com.psafe.msuite.ads_free_12mo_13.90",2,1
"2025-08-28","Iran","com.psafe.msuite.ads_free_12mo",1,1
"2025-08-28","United Kingdom","com.psafe.msuite.pro_lto_12mo_39.90",1,1
"2025-08-28","United States","com.psafe.msuite.pro_lto_12mo_39.90",1,1
"2025-08-28","Venezuela","(not set)",1,1
"2025-08-29","Brazil","(not set)",53,27
"2025-08-29","Brazil","com.psafe.msuite.ultra_12mo_59.90",49,9
"2025-08-29","Brazil","com.psafe.msuite.adsfree_lto_12mo",12,12
"2025-08-29","Brazil","com.psafe.msuite.ads_free_12mo_13.90",11,6
"2025-08-29","Egypt","(not set)",11,2
"2025-08-29","Brazil","com.psafe.msuite.pro_lto_12mo_39.90",8,8
"2025-08-29","United States","com.psafe.msuite.ultra_12mo_59.90",7,2
"2025-08-29","Brazil","Teste",6,1
"2025-08-29","Egypt","com.psafe.msuite.ultra_12mo_59.90",6,1
"2025-08-29","United States","(not set)",5,1
"2025-08-29","United States","com.psafe.msuite.adsfree_lto_12mo",3,3
"2025-08-29","United States","com.psafe.msuite.pro_12mo_49.90,com.psafe.msuite.ultra_12mo_59.90",3,1
"2025-08-29","United States","com.psafe.msuite.pro_lto_12mo_39.90",3,3
"2025-08-29","Colombia","com.psafe.msuite.pro_lto_12mo_39.90",1,1
"2025-08-29","Mexico","com.psafe.msuite.ads_free_12mo_13.90",1,1
"2025-08-29","Uganda","com.psafe.msuite.adsfree_lto_12mo",1,1
"2025-08-29","Uganda","com.psafe.msuite.pro_lto_12mo_39.90",1,1
"2025-08-29","United Kingdom","com.psafe.msuite.pro_lto_12mo_39.90",1,1
"2025-08-29","United States","com.psafe.msuite.ads_free_12mo_13.90",1,1
"2025-08-30","Brazil","(not set)",80,36
"2025-08-30","Brazil","com.psafe.msuite.ultra_12mo_59.90",45,10
"2025-08-30","Brazil","com.psafe.msuite.pro_lto_12mo_39.90",15,15
"2025-08-30","United States","com.psafe.msuite.ultra_12mo_59.90",11,2
"2025-08-30","Brazil","com.psafe.msuite.ads_free_12mo_13.90",10,7
"2025-08-30","Brazil","com.psafe.msuite.adsfree_lto_12mo",8,8
"2025-08-30","Iran","(not set)",4,1
"2025-08-30","United States","com.psafe.msuite.ads_free_12mo_13.90",1,1
"2025-08-31","Brazil","(not set)",87,40
"2025-08-31","Brazil","com.psafe.msuite.ultra_12mo_59.90",77,16
"2025-08-31","United States","com.psafe.msuite.ultra_12mo_59.90",13,2
"2025-08-31","Brazil","com.psafe.msuite.pro_lto_12mo_39.90",11,6
"2025-08-31","Brazil","com.psafe.msuite.ads_free_12mo_13.90",8,7
"2025-08-31","Brazil","com.psafe.msuite.adsfree_lto_12mo",8,8
"2025-08-31","United States","(not set)",5,3
"2025-08-31","Egypt","(not set)",4,1
"2025-08-31","Mexico","com.psafe.msuite.ultra_12mo_59.90",4,1
"2025-08-31","Algeria","com.psafe.msuite.ultra_12mo_59.90",2,1
"2025-08-31","Iran","com.psafe.msuite.pro_lto_12mo_39.90",1,1
"2025-08-31","United States","com.psafe.msuite.pro_lto_12mo_39.90",1,1
"2025-09-01","Brazil","(not set)",50,26
"2025-09-01","Brazil","com.psafe.msuite.ultra_12mo_59.90",25,9
"2025-09-01","Brazil","com.psafe.msuite.pro_lto_12mo_39.90",15,14
"2025-09-01","United States","com.psafe.msuite.ultra_12mo_59.90",12,3
"2025-09-01","Brazil","com.psafe.msuite.ads_free_12mo_13.90",9,8
"2025-09-01","United States","(not set)",9,3
"2025-09-01","Brazil","com.psafe.msuite.adsfree_lto_12mo",5,5
"2025-09-01","Brazil","ultra_12mo_59.90",5,1
"2025-09-01","United States","com.psafe.msuite.ads_free_12mo_13.90",3,2
"2025-09-01","United States","com.psafe.msuite.adsfree_lto_12mo",2,2
"2025-09-01","Brazil","com.psafe.msuite.pro_1mo_3.90,com.psafe.msuite.pro_3day_trial_12mo49.9",1,1
"2025-09-01","Portugal","com.psafe.msuite.ads_free_12mo_13.90",1,1
"2025-09-01","United States","com.psafe.msuite.pro_12mo_49.90,com.psafe.msuite.ultra_12mo_59.90",1,1
"2025-09-01","United States","com.psafe.msuite.pro_lto_12mo_39.90",1,1
"2025-09-01","Yemen","com.psafe.msuite.ads_free_12mo_13.90",1,1
"2025-09-01","Yemen","com.psafe.msuite.ultra_12mo_59.90",1,1
"2025-09-02","Brazil","(not set)",74,42
"2025-09-02","Brazil","com.psafe.msuite.ultra_12mo_59.90",57,15
"2025-09-02","United States","(not set)",21,2
"2025-09-02","Brazil","com.psafe.msuite.pro_lto_12mo_39.90",15,10
"2025-09-02","United States","com.psafe.msuite.ultra_12mo_59.90",13,3
"2025-09-02","Brazil","com.psafe.msuite.ads_free_12mo_13.90",11,9
"2025-09-02","Iran","(not set)",8,1
"2025-09-02","Bolivia","(not set)",6,1
"2025-09-02","Brazil","com.psafe.msuite.adsfree_lto_12mo",6,6
"2025-09-02","Japan","(not set)",5,1
"2025-09-03","Brazil","(not set)",44,31
"2025-09-03","Brazil","com.psafe.msuite.ultra_12mo_59.90",43,8
"2025-09-03","Brazil","com.psafe.msuite.pro_lto_12mo_39.90",16,11
"2025-09-03","India","com.psafe.msuite.ultra_12mo_59.90",10,1
"2025-09-03","Brazil","com.psafe.msuite.adsfree_lto_12mo",8,8
"2025-09-03","Brazil","com.psafe.msuite.ads_free_12mo_13.90",7,7
"2025-09-03","Bahrain","com.psafe.msuite.ultra_12mo_59.90",6,1
"2025-09-03","United States","com.psafe.msuite.ultra_12mo_59.90",6,1
"2025-09-03","Algeria","com.psafe.msuite.ultra_12mo_59.90",5,1
"2025-09-03","United States","(not set)",5,3
"2025-09-03","United States","com.psafe.msuite.pro_lto_12mo_39.90",3,3
"2025-09-03","Iran","com.psafe.msuite.adsfree_lto_12mo",1,1
"2025-09-03","United States","com.psafe.msuite.adsfree_lto_12mo",1,1
"2025-09-04","Brazil","(not set)",57,35
"2025-09-04","Brazil","com.psafe.msuite.ultra_12mo_59.90",18,9
"2025-09-04","Brazil","com.psafe.msuite.pro_lto_12mo_39.90",14,14
"2025-09-04","United States","com.psafe.msuite.ultra_12mo_59.90",9,1
"2025-09-04","Brazil","com.psafe.msuite.ads_free_12mo_13.90",7,7
"2025-09-04","Brazil","com.psafe.msuite.adsfree_lto_12mo",4,4
"2025-09-04","France","(not set)",2,1
"2025-09-04","Ghana","(not set)",2,2
"2025-09-04","Puerto Rico","(not set)",2,1
"2025-09-04","Ghana","com.psafe.msuite.pro_lto_12mo_39.90",1,1
"2025-09-04","Guatemala","(not set)",1,1
"2025-09-04","United States","(not set)",1,1
"2025-09-04","United States","com.psafe.msuite.ads_free_12mo_13.90",1,1
"2025-09-05","Brazil","(not set)",53,29
"2025-09-05","Brazil","com.psafe.msuite.ultra_12mo_59.90",18,6
"2025-09-05","Brazil","com.psafe.msuite.ads_free_12mo_13.90",13,9
"2025-09-05","United States","com.psafe.msuite.ultra_12mo_59.90",12,3
"2025-09-05","Brazil","com.psafe.msuite.pro_lto_12mo_39.90",8,8
"2025-09-05","Egypt","(not set)",5,1
"2025-09-05","Brazil","com.psafe.msuite.adsfree_lto_12mo",4,4
"2025-09-05","Mexico","(not set)",3,2
"2025-09-05","Egypt","com.psafe.msuite.ultra_12mo_59.90",2,1
"2025-09-05","United States","com.psafe.msuite.pro_lto_12mo_39.90",2,2
"2025-09-05","Brazil","0.0",1,1
"2025-09-05","Canada","com.psafe.msuite.pro_lto_12mo_39.90",1,1
"2025-09-05","Mexico","com.psafe.msuite.ads_free_12mo_13.90",1,1
"2025-09-05","United States","(not set)",1,1
"2025-09-06","Brazil","(not set)",65,25
"2025-09-06","Brazil","com.psafe.msuite.ultra_12mo_59.90",31,9
"2025-09-06","Brazil","com.psafe.msuite.pro_lto_12mo_39.90",19,13
"2025-09-06","United States","com.psafe.msuite.ultra_12mo_59.90",17,3
"2025-09-06","United States","(not set)",16,3
"2025-09-06","Brazil","com.psafe.msuite.adsfree_lto_12mo",10,9
"2025-09-06","Brazil","com.psafe.msuite.ads_free_12mo_13.90",6,6
"2025-09-06","Indonesia","com.psafe.msuite.ultra_12mo_59.90",5,1
"2025-09-06","Morocco","(not set)",5,1
"2025-09-06","Oman","com.psafe.msuite.ultra_12mo_59.90",2,1
"2025-09-06","United States","com.psafe.msuite.pro_lto_12mo_39.90",2,2
"2025-09-06","India","(not set)",1,1
"2025-09-06","Mexico","com.psafe.msuite.ultra_12mo_59.90",1,1
"2025-09-06","Pakistan","com.psafe.msuite.adsfree_lto_12mo",1,1
"2025-09-06","United States","com.psafe.msuite.ads_free_12mo_13.90",1,1
"2025-09-07","Brazil","(not set)",78,39
"2025-09-07","Brazil","com.psafe.msuite.ultra_12mo_59.90",48,10
"2025-09-07","United States","com.psafe.msuite.ultra_12mo_59.90",13,3
"2025-09-07","Brazil","com.psafe.msuite.ads_free_12mo_13.90",12,10
"2025-09-07","Brazil","com.psafe.msuite.adsfree_lto_12mo",9,9
"2025-09-07","Brazil","com.psafe.msuite.pro_lto_12mo_39.90",9,9
"2025-09-07","Brazil","com.psafe.msuite.ads_free_12mo_13.90,com.psafe.msuite.pro_1mo_3.90,com.psafe.msuite.pro_3day_trial_12mo49.9,com.psafe.msuite.ultra_1mo_16.90,com.psafe.msuite.ultra_12mo_59.90",7,1
"2025-09-07","United States","com.psafe.msuite.pro_lto_12mo_39.90",6,4
"2025-09-07","Algeria","(not set)",5,1
"2025-09-07","Iran","(not set)",3,1
"2025-09-07","Ecuador","com.psafe.msuite.ultra_12mo_59.90",2,1
"2025-09-07","Mexico","(not set)",1,1
"2025-09-07","United States","(not set)",1,1
"2025-09-07","United States","com.psafe.msuite.adsfree_lto_12mo",1,1
"2025-09-08","Brazil","(not set)",87,38
"2025-09-08","Brazil","com.psafe.msuite.ultra_12mo_59.90",48,8
"2025-09-08","Brazil","com.psafe.msuite.ads_free_12mo_13.90",11,11
"2025-09-08","Brazil","com.psafe.msuite.pro_lto_12mo_39.90",7,7
"2025-09-08","United States","com.psafe.msuite.ultra_12mo_59.90",7,2
"2025-09-08","United States","(not set)",6,5
"2025-09-08","Egypt","(not set)",5,1
"2025-09-08","Brazil","com.psafe.msuite.adsfree_lto_12mo",4,4
"2025-09-08","United States","0.0",3,1
"2025-09-08","Peru","(not set)",2,1
"2025-09-08","United States","com.psafe.msuite.pro_lto_12mo_39.90",2,2
"2025-09-08","Brazil","com.psafe.msuite.ads_free_12mo_13.90,com.psafe.msuite.pro_1mo_3.90,com.psafe.msuite.pro_3day_trial_12mo49.9,com.psafe.msuite.ultra_1mo_16.90,com.psafe.msuite.ultra_12mo_59.90",1,1
"2025-09-09","Brazil","(not set)",95,47
"2025-09-09","Brazil","com.psafe.msuite.pro_lto_12mo_39.90",25,18
"2025-09-09","Brazil","com.psafe.msuite.ultra_12mo_59.90",18,8
"2025-09-09","Brazil","com.psafe.msuite.ads_free_12mo_13.90",15,13
"2025-09-09","Brazil","com.psafe.msuite.adsfree_lto_12mo",14,11
"2025-09-09","United States","com.psafe.msuite.ultra_12mo_59.90",6,1
"2025-09-09","Canada","(not set)",3,1
"2025-09-09","United States","(not set)",3,3
"2025-09-09","Brazil","com.psafe.msuite.ads_free_12mo_13.90,com.psafe.msuite.pro_1mo_3.90,com.psafe.msuite.pro_3day_trial_12mo49.9,com.psafe.msuite.ultra_1mo_16.90,com.psafe.msuite.ultra_12mo_59.90",1,1
"2025-09-09","Egypt","com.psafe.msuite.ads_free_12mo_13.90",1,1
"2025-09-09","Honduras","(not set)",1,1
"2025-09-09","Indonesia","com.psafe.msuite.adsfree_lto_12mo",1,1
"2025-09-09","Indonesia","com.psafe.msuite.ultra_12mo_59.90",1,1
"2025-09-09","United States","com.psafe.msuite.ads_free_12mo_13.90",1,1
"2025-09-09","United States","com.psafe.msuite.pro_lto_12mo_39.90",1,1
"2025-09-10","Brazil","(not set)",121,47
"2025-09-10","Brazil","com.psafe.msuite.ultra_12mo_59.90",57,10
"2025-09-10","Brazil","com.psafe.msuite.pro_lto_12mo_39.90",12,12
"2025-09-10","Brazil","com.psafe.msuite.ads_free_12mo_13.90",11,10
"2025-09-10","Brazil","com.psafe.msuite.adsfree_lto_12mo",9,9
"2025-09-10","India","(not set)",9,1
"2025-09-10","Nigeria","(not set)",8,1
"2025-09-10","United States","(not set)",8,2
"2025-09-10","United States","com.psafe.msuite.ultra_12mo_59.90",7,2
"2025-09-10","Brazil","com.psafe.msuite.pro_3day_trial_12mo49.9",6,1
"2025-09-10","Honduras","com.psafe.msuite.ultra_12mo_59.90",6,1
"2025-09-10","United States","com.psafe.msuite.pro_lto_12mo_39.90",3,3
"2025-09-10","Brazil","com.psafe.msuite.ads_free_12mo_13.90,com.psafe.msuite.pro_1mo_3.90,com.psafe.msuite.pro_3day_trial_12mo49.9,com.psafe.msuite.ultra_1mo_16.90,com.psafe.msuite.ultra_12mo_59.90",2,1
"2025-09-10","Brazil","com.psafe.msuite.pro_1mo_3.90,com.psafe.msuite.pro_3day_trial_12mo49.9",1,1
"2025-09-10","Egypt","(not set)",1,1
"2025-09-10","Philippines","(not set)",1,1
"2025-09-10","Portugal","(not set)",1,1
"2025-09-10","United States","com.psafe.msuite.ads_free_12mo_13.90",1,1
"2025-09-11","Brazil","(not set)",66,38
"2025-09-11","Brazil","com.psafe.msuite.ultra_12mo_59.90",59,9
"2025-09-11","Brazil","com.psafe.msuite.ads_free_12mo_13.90",16,9
"2025-09-11","Brazil","com.psafe.msuite.pro_lto_12mo_39.90",13,12
"2025-09-11","United States","(not set)",8,3
"2025-09-11","Nigeria","(not set)",6,1
"2025-09-11","Somalia","(not set)",6,1
"2025-09-11","United States","com.psafe.msuite.ultra_12mo_59.90",6,2
"2025-09-11","Bangladesh","(not set)",5,1
"2025-09-11","Brazil","com.psafe.msuite.adsfree_lto_12mo",5,5
"2025-09-11","Algeria","(not set)",3,1
"2025-09-11","Algeria","com.psafe.msuite.ultra_12mo_59.90",3,1
"2025-09-11","India","(not set)",2,1
"2025-09-11","Iraq","(not set)",2,1
"2025-09-11","United States","0.0",2,1
"2025-09-11","Uzbekistan","com.psafe.msuite.ultra_12mo_59.90",2,1
"2025-09-11","Chad","(not set)",1,1
"2025-09-11","Iraq","com.psafe.msuite.ads_free_12mo_13.90",1,1
"2025-09-11","United States","com.psafe.msuite.pro_lto_12mo_39.90",1,1
"2025-09-12","Brazil","(not set)",81,32
"2025-09-12","Brazil","com.psafe.msuite.ultra_12mo_59.90",25,7
"2025-09-12","Brazil","com.psafe.msuite.ads_free_12mo_13.90",10,8
"2025-09-12","Brazil","com.psafe.msuite.pro_lto_12mo_39.90",10,10
"2025-09-12","United States","com.psafe.msuite.ultra_12mo_59.90",7,2
"2025-09-12","Bangladesh","(not set)",6,1
"2025-09-12","United States","com.psafe.msuite.pro_lto_12mo_39.90",6,1
"2025-09-12","Brazil","com.psafe.msuite.adsfree_lto_12mo",5,5
"2025-09-12","Algeria","(not set)",2,1
"2025-09-12","Iran","(not set)",2,1
"2025-09-12","Nigeria","(not set)",2,1
"2025-09-12","Nigeria","com.psafe.msuite.ultra_12mo_59.90",2,1
"2025-09-12","Nigeria","com.psafe.msuite.adsfree_lto_12mo",1,1
"2025-09-13","Brazil","(not set)",391,48
"2025-09-13","Brazil","com.psafe.msuite.ultra_12mo_59.90",18,11
"2025-09-13","India","com.psafe.msuite.ultra_12mo_59.90",18,3
"2025-09-13","Brazil","com.psafe.msuite.pro_lto_12mo_39.90",12,11
"2025-09-13","United States","(not set)",8,5
"2025-09-13","Brazil","com.psafe.msuite.adsfree_lto_12mo",6,6
"2025-09-13","Brazil","com.psafe.msuite.ads_free_12mo_13.90",5,4
"2025-09-13","Algeria","com.psafe.msuite.ultra_12mo_59.90",4,1
"2025-09-13","Nigeria","(not set)",4,1
"2025-09-13","United States","com.psafe.msuite.ultra_12mo_59.90",4,1
"2025-09-13","Ghana","com.psafe.msuite.adsfree_lto_12mo",2,1
"2025-09-13","Ghana","com.psafe.msuite.pro_lto_12mo_39.90",2,1
"2025-09-13","United Kingdom","com.psafe.msuite.ultra_12mo_59.90",2,1
"2025-09-13","Mexico","com.psafe.msuite.ads_free_12mo_13.90",1,1
"2025-09-13","Saudi Arabia","(not set)",1,1
"2025-09-13","United States","com.psafe.msuite.adsfree_lto_12mo",1,1
"2025-09-13","United States","com.psafe.msuite.ultra_1mo_16.90,com.psafe.msuite.ultra_12mo_59.90",1,1
"2025-09-14","Brazil","(not set)",86,37
"2025-09-14","Brazil","com.psafe.msuite.ultra_12mo_59.90",45,12
"2025-09-14","Brazil","com.psafe.msuite.ads_free_12mo_13.90",26,12
"2025-09-14","Brazil","com.psafe.msuite.pro_lto_12mo_39.90",17,17
"2025-09-14","Brazil","com.psafe.msuite.adsfree_lto_12mo",12,12
"2025-09-14","United States","com.psafe.msuite.ultra_12mo_59.90",7,2
"2025-09-14","Bangladesh","com.psafe.msuite.ultra_12mo_59.90",4,1
"2025-09-14","Bangladesh","(not set)",3,1
"2025-09-14","Italy","(not set)",2,1
"2025-09-14","United States","(not set)",1,1
"2025-09-14","United States","0.0",1,1
"2025-09-14","United States","com.psafe.msuite.pro_lto_12mo_39.90",1,1
"2025-09-15","Brazil","(not set)",54,31
"2025-09-15","Brazil","com.psafe.msuite.ultra_12mo_59.90",36,9
"2025-09-15","United States","com.psafe.msuite.pro_lto_12mo_39.90",20,5
"2025-09-15","Brazil","com.psafe.msuite.ads_free_12mo_13.90",17,9
"2025-09-15","United States","(not set)",15,8
"2025-09-15","Brazil","com.psafe.msuite.pro_lto_12mo_39.90",13,13
"2025-09-15","Brazil","com.psafe.msuite.adsfree_lto_12mo",8,8
"2025-09-15","United States","com.psafe.msuite.ultra_12mo_59.90",7,2
"2025-09-15","Nigeria","(not set)",4,1
"2025-09-15","Algeria","com.psafe.msuite.ultra_12mo_59.90",3,1
"2025-09-15","India","com.psafe.msuite.ultra_12mo_59.90",2,1
"2025-09-15","Spain","(not set)",2,1
"2025-09-15","United States","com.psafe.msuite.ultra_trial_12mo_2.99",2,1
"2025-09-15","Canada","com.psafe.msuite.pro_lto_12mo_39.90",1,1
"2025-09-15","Indonesia","com.psafe.msuite.pro_lto_12mo_39.90",1,1
"2025-09-15","Paraguay","com.psafe.msuite.ads_free_12mo_13.90",1,1
"2025-09-15","United States","com.psafe.msuite.adsfree_lto_12mo",1,1
"2025-09-16","Brazil","(not set)",74,33
"2025-09-16","Brazil","com.psafe.msuite.ultra_12mo_59.90",29,7
"2025-09-16","Brazil","com.psafe.msuite.pro_lto_12mo_39.90",13,13
"2025-09-16","United States","com.psafe.msuite.ultra_12mo_59.90",12,2
"2025-09-16","Bangladesh","(not set)",9,1
"2025-09-16","Brazil","com.psafe.msuite.adsfree_lto_12mo",9,9
"2025-09-16","Brazil","com.psafe.msuite.ads_free_12mo_13.90",8,7
"2025-09-16","Nigeria","(not set)",6,1
"2025-09-16","Iraq","(not set)",5,1
"2025-09-16","United States","(not set)",5,4
"2025-09-16","Iran","(not set)",1,1
"2025-09-16","United States","com.psafe.msuite.pro_lto_12mo_39.90",1,1
"2025-09-17","Brazil","(not set)",45,27
"2025-09-17","Brazil","com.psafe.msuite.ads_free_12mo_13.90",13,9
"2025-09-17","Brazil","com.psafe.msuite.pro_lto_12mo_39.90",12,12
"2025-09-17","United States","(not set)",10,3
"2025-09-17","Brazil","com.psafe.msuite.ultra_12mo_59.90",9,3
"2025-09-17","India","com.psafe.msuite.ultra_12mo_59.90",9,1
"2025-09-17","United States","com.psafe.msuite.adsfree_lto_12mo",7,1
"2025-09-17","United States","com.psafe.msuite.ultra_12mo_59.90",6,1
"2025-09-17","Brazil","com.psafe.msuite.adsfree_lto_12mo",5,5
"2025-09-17","Indonesia","com.psafe.msuite.pro_lto_12mo_39.90",1,1
"2025-09-17","Mexico","com.psafe.msuite.adsfree_lto_12mo",1,1
"2025-09-17","United States","com.psafe.msuite.ads_free_12mo_13.90",1,1
"2025-09-18","Brazil","(not set)",52,28
"2025-09-18","Brazil","com.psafe.msuite.ultra_12mo_59.90",33,7
"2025-09-18","United States","(not set)",24,6
"2025-09-18","Brazil","com.psafe.msuite.ads_free_12mo_13.90",12,6
"2025-09-18","Brazil","com.psafe.msuite.adsfree_lto_12mo",9,9
"2025-09-18","Brazil","com.psafe.msuite.pro_lto_12mo_39.90",9,9
"2025-09-18","United States","com.psafe.msuite.ultra_12mo_59.90",7,2
"2025-09-18","Netherlands","(not set)",6,1
"2025-09-18","United States","com.psafe.msuite.ads_free_12mo_13.90",3,2
"2025-09-18","United States","com.psafe.msuite.adsfree_lto_12mo",3,3
"2025-09-18","United Kingdom","com.psafe.msuite.ads_free_12mo_13.90",2,1
"2025-09-18","Iran","(not set)",1,1
"2025-09-18","Netherlands","com.psafe.msuite.ultra_12mo_59.90",1,1
"2025-09-18","Puerto Rico","com.psafe.msuite.ads_free_12mo_13.90",1,1
"2025-09-19","Brazil","(not set)",114,34
"2025-09-19","Brazil","com.psafe.msuite.ultra_12mo_59.90",50,10
"2025-09-19","Brazil","com.psafe.msuite.adsfree_lto_12mo",9,3
"2025-09-19","Brazil","com.psafe.msuite.pro_lto_12mo_39.90",8,8
"2025-09-19","Brazil","com.psafe.msuite.ads_free_12mo_13.90",6,6
"2025-09-19","Bahrain","(not set)",5,1
"2025-09-19","Bangladesh","(not set)",5,1
"2025-09-19","United States","(not set)",4,3
"2025-09-19","United States","com.psafe.msuite.ads_free_12mo_13.90",2,1
"2025-09-19","United States","com.psafe.msuite.adsfree_lto_12mo",2,2
"2025-09-19","Jamaica","com.psafe.msuite.adsfree_lto_12mo",1,1
"2025-09-19","United States","com.psafe.msuite.pro_lto_12mo_39.90",1,1
"2025-09-19","United States","com.psafe.msuite.ultra_12mo_59.90",1,1
"2025-09-20","Brazil","(not set)",58,31
"2025-09-20","Brazil","com.psafe.msuite.ultra_12mo_59.90",26,11
"2025-09-20","United States","com.psafe.msuite.ultra_12mo_59.90",17,4
"2025-09-20","Brazil","com.psafe.msuite.pro_lto_12mo_39.90",14,14
"2025-09-20","Brazil","com.psafe.msuite.adsfree_lto_12mo",9,9
"2025-09-20","Mexico","(not set)",6,2
"2025-09-20","United States","(not set)",5,4
"2025-09-20","Brazil","com.psafe.msuite.ads_free_12mo_13.90",4,4
"2025-09-20","Nigeria","(not set)",2,1
"2025-09-20","United States","com.psafe.msuite.pro_lto_12mo_39.90",2,2
"2025-09-20","United States","com.psafe.msuite.adsfree_lto_12mo",1,1
"2025-09-21","Brazil","(not set)",68,38
"2025-09-21","Brazil","com.psafe.msuite.ultra_12mo_59.90",27,10
"2025-09-21","Brazil","com.psafe.msuite.pro_lto_12mo_39.90",22,22
"2025-09-21","Brazil","com.psafe.msuite.adsfree_lto_12mo",14,14
"2025-09-21","Algeria","(not set)",10,1
"2025-09-21","United States","com.psafe.msuite.ultra_12mo_59.90",8,3
"2025-09-21","Brazil","com.psafe.msuite.ads_free_12mo_13.90",7,6
"2025-09-21","United States","(not set)",7,4
"2025-09-21","South Africa","(not set)",6,1
"2025-09-21","Portugal","com.psafe.msuite.ultra_12mo_59.90",4,1
"2025-09-21","Brazil","0.0",2,1
"2025-09-21","Egypt","com.psafe.msuite.ultra_12mo_59.90",1,1
"2025-09-21","Paraguay","com.psafe.msuite.pro_lto_12mo_39.90",1,1
"2025-09-21","Paraguay","com.psafe.msuite.ultra_12mo_59.90",1,1
"2025-09-21","United Kingdom","com.psafe.msuite.pro_lto_12mo_39.90",1,1
"2025-09-22","Brazil","(not set)",73,38
"2025-09-22","Brazil","com.psafe.msuite.ultra_12mo_59.90",70,10
"2025-09-22","Brazil","com.psafe.msuite.pro_lto_12mo_39.90",23,17
"2025-09-22","Brazil","com.psafe.msuite.ads_free_12mo_13.90",12,9
"2025-09-22","Brazil","com.psafe.msuite.adsfree_lto_12mo",11,11
"2025-09-22","United States","(not set)",5,3
"2025-09-22","United States","com.psafe.msuite.ultra_12mo_59.90",4,3
"2025-09-22","United States","com.psafe.msuite.ads_free_12mo_13.90",3,3
"2025-09-22","United States","com.psafe.msuite.pro_lto_12mo_39.90",3,3
"2025-09-22","United States","com.psafe.msuite.pro_1mo_3.90,com.psafe.msuite.pro_3day_trial_12mo49.9",2,1
"2025-09-22","Argentina","com.psafe.msuite.ads_free_12mo_13.90",1,1
"2025-09-22","Brazil","0.0",1,1
"2025-09-22","Brazil","com.psafe.msuite.ads_free_12mo",1,1
"2025-09-22","United States","com.psafe.msuite.adsfree_lto_12mo",1,1
"2025-09-23","Brazil","(not set)",71,34
"2025-09-23","Brazil","com.psafe.msuite.ultra_12mo_59.90",38,7
"2025-09-23","Brazil","com.psafe.msuite.pro_lto_12mo_39.90",27,23
"2025-09-23","United States","(not set)",24,7
"2025-09-23","Brazil","com.psafe.msuite.ads_free_12mo_13.90",9,7
"2025-09-23","Brazil","com.psafe.msuite.adsfree_lto_12mo",8,8
"2025-09-23","Mexico","(not set)",3,2
"2025-09-23","Egypt","com.psafe.msuite.ultra_12mo_59.90",1,1
"2025-09-23","France","com.psafe.msuite.ultra_12mo_59.90",1,1
"2025-09-23","United States","com.psafe.msuite.pro_lto_12mo_39.90",1,1
"2025-09-24","Brazil","com.psafe.msuite.ultra_12mo_59.90",101,10
"2025-09-24","Brazil","(not set)",73,35
"2025-09-24","Brazil","com.psafe.msuite.pro_lto_12mo_39.90",15,15
"2025-09-24","Brazil","com.psafe.msuite.ads_free_12mo_13.90",13,7
"2025-09-24","Bangladesh","(not set)",9,1
"2025-09-24","Brazil","com.psafe.msuite.adsfree_lto_12mo",7,7
"2025-09-24","Canada","(not set)",6,1
"2025-09-24","Bangladesh","com.psafe.msuite.ultra_12mo_59.90",5,1
"2025-09-24","United States","com.psafe.msuite.ultra_12mo_59.90",4,3
"2025-09-24","United States","(not set)",2,2
"2025-09-24","Liberia","(not set)",1,1
"2025-09-25","Brazil","(not set)",96,34
"2025-09-25","Brazil","com.psafe.msuite.ultra_12mo_59.90",39,9
"2025-09-25","Brazil","com.psafe.msuite.adsfree_lto_12mo",20,14
"2025-09-25","Brazil","com.psafe.msuite.pro_lto_12mo_39.90",16,16
"2025-09-25","Saudi Arabia","(not set)",9,1
"2025-09-25","Saudi Arabia","com.psafe.msuite.ultra_12mo_59.90",9,1
"2025-09-25","Brazil","com.psafe.msuite.ads_free_12mo_13.90",8,7
"2025-09-25","United States","com.psafe.msuite.ultra_12mo_59.90",7,2
"2025-09-25","Argentina","0.0",5,1
"2025-09-25","Algeria","com.psafe.msuite.ultra_12mo_59.90",4,1
"2025-09-25","India","com.psafe.msuite.ultra_12mo_59.90",4,1
"2025-09-25","United States","(not set)",4,4
"2025-09-25","Mexico","(not set)",2,1
"2025-09-25","United States","com.psafe.msuite.ads_free_12mo_13.90",2,2
"2025-09-25","Brazil","com.psafe.msuite.ads_free_12mo_13.90,com.psafe.msuite.pro_1mo_3.90,com.psafe.msuite.pro_3day_trial_12mo49.9,com.psafe.msuite.ultra_1mo_16.90,com.psafe.msuite.ultra_12mo_59.90",1,1
"2025-09-25","Brazil","com.psafe.msuite.pro_12mo_49.90,com.psafe.msuite.ultra_12mo_59.90",1,1
"2025-09-25","Brazil","com.psafe.msuite.pro_1mo_3.90,com.psafe.msuite.pro_3day_trial_12mo49.9",1,1
"2025-09-25","Iraq","(not set)",1,1
"2025-09-25","United States","com.psafe.msuite.adsfree_lto_12mo",1,1
"2025-09-26","Brazil","(not set)",88,27
"2025-09-26","Brazil","com.psafe.msuite.ultra_12mo_59.90",30,12
"2025-09-26","United States","com.psafe.msuite.ultra_12mo_59.90",20,4
"2025-09-26","Brazil","com.psafe.msuite.pro_lto_12mo_39.90",15,15
"2025-09-26","Brazil","com.psafe.msuite.ads_free_12mo_13.90",14,8
"2025-09-26","United States","(not set)",10,2
"2025-09-26","Brazil","com.psafe.msuite.adsfree_lto_12mo",5,5
"2025-09-26","Iraq","(not set)",4,1
"2025-09-26","Mexico","(not set)",2,1
"2025-09-26","Portugal","(not set)",1,1
"2025-09-26","United States","com.psafe.msuite.adsfree_lto_12mo",1,1
"2025-09-27","Brazil","(not set)",80,33
"2025-09-27","Brazil","com.psafe.msuite.ultra_12mo_59.90",37,9
"2025-09-27","United States","com.psafe.msuite.ultra_12mo_59.90",16,4
"2025-09-27","Brazil","com.psafe.msuite.pro_lto_12mo_39.90",13,13
"2025-09-27","Brazil","com.psafe.msuite.ads_free_12mo_13.90",9,7
"2025-09-27","Brazil","com.psafe.msuite.adsfree_lto_12mo",9,9
"2025-09-27","Germany","(not set)",6,1
"2025-09-27","Bangladesh","(not set)",5,2
"2025-09-27","Bangladesh","com.psafe.msuite.ultra_12mo_59.90",5,1
"2025-09-27","Brazil","0.0",4,1
"2025-09-27","Saudi Arabia","com.psafe.msuite.ultra_12mo_59.90",4,1
"2025-09-27","United States","(not set)",2,1
"2025-09-27","India","(not set)",1,1
"2025-09-27","Netherlands","(not set)",1,1
"2025-09-27","United States","com.psafe.msuite.ads_free_12mo_13.90",1,1
"2025-09-28","Brazil","(not set)",55,32
"2025-09-28","Brazil","com.psafe.msuite.ultra_12mo_59.90",31,8
"2025-09-28","United States","(not set)",25,7
"2025-09-28","Brazil","com.psafe.msuite.pro_lto_12mo_39.90",21,16
"2025-09-28","United States","com.psafe.msuite.ultra_12mo_59.90",20,5
"2025-09-28","Brazil","com.psafe.msuite.adsfree_lto_12mo",18,11
"2025-09-28","Brazil","com.psafe.msuite.ads_free_12mo_13.90",17,14
"2025-09-28","United States","com.psafe.msuite.adsfree_lto_12mo",9,2
"2025-09-28","United States","com.psafe.msuite.ads_free_12mo_13.90",6,4
"2025-09-28","United States","0.0",5,1
"2025-09-28","Egypt","(not set)",4,1
"2025-09-28","United States","com.psafe.msuite.pro_lto_12mo_39.90",2,2
"2025-09-29","Brazil","(not set)",83,36
"2025-09-29","Brazil","com.psafe.msuite.ultra_12mo_59.90",30,9
"2025-09-29","Brazil","com.psafe.msuite.ads_free_12mo_13.90",15,11
"2025-09-29","Brazil","com.psafe.msuite.adsfree_lto_12mo",14,7
"2025-09-29","Brazil","com.psafe.msuite.pro_lto_12mo_39.90",12,11
"2025-09-29","United States","com.psafe.msuite.ultra_12mo_59.90",12,4
"2025-09-29","Algeria","(not set)",10,1
"2025-09-29","United States","com.psafe.msuite.adsfree_lto_12mo",10,2
"2025-09-29","United States","(not set)",4,3
"2025-09-29","Argentina","com.psafe.msuite.ads_free_12mo_13.90",2,1
"2025-09-29","Chile","(not set)",2,1
"2025-09-29","Egypt","(not set)",2,1
"2025-09-29","India","com.psafe.msuite.ultra_12mo_59.90",2,1
"2025-09-29","Bangladesh","(not set)",1,1
"2025-09-29","Poland","(not set)",1,1
"2025-09-29","United States","com.psafe.msuite.pro_lto_12mo_39.90",1,1
"2025-09-30","Brazil","(not set)",145,38
"2025-09-30","Brazil","com.psafe.msuite.ultra_12mo_59.90",75,5
"2025-09-30","United States","com.psafe.msuite.ultra_12mo_59.90",16,2
"2025-09-30","Brazil","com.psafe.msuite.ads_free_12mo_13.90",11,9
"2025-09-30","Brazil","com.psafe.msuite.pro_lto_12mo_39.90",10,10
"2025-09-30","Brazil","com.psafe.msuite.adsfree_lto_12mo",8,8
"2025-09-30","United States","(not set)",4,3
"2025-09-30","France","(not set)",1,1
"2025-10-01","Brazil","(not set)",72,36
"2025-10-01","Brazil","com.psafe.msuite.ultra_12mo_59.90",38,6
"2025-10-01","Brazil","com.psafe.msuite.pro_lto_12mo_39.90",14,13
"2025-10-01","Brazil","com.psafe.msuite.ads_free_12mo_13.90",11,7
"2025-10-01","United States","(not set)",9,4
"2025-10-01","United States","com.psafe.msuite.ultra_12mo_59.90",8,1
"2025-10-01","Portugal","(not set)",7,1
"2025-10-01","Brazil","com.psafe.msuite.adsfree_lto_12mo",6,6
"2025-10-01","Egypt","(not set)",6,1
"2025-10-01","Morocco","(not set)",5,1
"2025-10-01","Argentina","com.psafe.msuite.ads_free_12mo_13.90",2,1
"2025-10-01","Indonesia","com.psafe.msuite.adsfree_lto_12mo",1,1
"2025-10-02","Brazil","(not set)",87,43
"2025-10-02","Brazil","com.psafe.msuite.ultra_12mo_59.90",52,9
"2025-10-02","Brazil","com.psafe.msuite.ads_free_12mo_13.90",18,11
"2025-10-02","Brazil","com.psafe.msuite.pro_lto_12mo_39.90",15,12
"2025-10-02","United States","com.psafe.msuite.ultra_12mo_59.90",14,3
"2025-10-02","Brazil","com.psafe.msuite.adsfree_lto_12mo",10,10
"2025-10-02","Egypt","(not set)",10,3
"2025-10-02","India","(not set)",6,1
"2025-10-02","Thailand","(not set)",6,1
"2025-10-02","Ireland","(not set)",5,1
"2025-10-02","Ireland","com.psafe.msuite.ultra_12mo_59.90",5,1
"2025-10-02","Mexico","(not set)",3,2
"2025-10-02","United States","(not set)",3,2
"2025-10-02","United States","com.psafe.msuite.pro_lto_12mo_39.90",2,2
"2025-10-02","United States","com.psafe.msuite.adsfree_lto_12mo",1,1
"2025-10-03","Brazil","(not set)",76,29
"2025-10-03","Brazil","com.psafe.msuite.ultra_12mo_59.90",28,5
"2025-10-03","India","(not set)",15,1
"2025-10-03","Thailand","(not set)",14,1
"2025-10-03","United States","com.psafe.msuite.ultra_12mo_59.90",13,2
"2025-10-03","Brazil","com.psafe.msuite.pro_lto_12mo_39.90",12,12
"2025-10-03","Egypt","com.psafe.msuite.ultra_12mo_59.90",11,1
"2025-10-03","Egypt","(not set)",9,1
"2025-10-03","United States","(not set)",9,3
"2025-10-03","Brazil","com.psafe.msuite.adsfree_lto_12mo",5,5
"2025-10-03","Brazil","com.psafe.msuite.ads_free_12mo_13.90",4,3
"2025-10-03","Algeria","(not set)",2,1
"2025-10-03","Bangladesh","(not set)",2,1
"2025-10-03","United States","com.psafe.msuite.pro_lto_12mo_39.90",2,2
"2025-10-03","Algeria","com.psafe.msuite.ultra_12mo_59.90",1,1
"2025-10-04","Brazil","(not set)",70,26
"2025-10-04","Brazil","com.psafe.msuite.ultra_12mo_59.90",46,9
"2025-10-04","Thailand","(not set)",12,1
"2025-10-04","United States","com.psafe.msuite.ultra_12mo_59.90",5,1
"2025-10-04","Brazil","com.psafe.msuite.ads_free_12mo_13.90",4,4
"2025-10-04","Iran","(not set)",4,1
"2025-10-04","United States","(not set)",3,3
"2025-10-04","Algeria","(not set)",1,1
"2025-10-04","United States","com.psafe.msuite.ads_free_12mo_13.90",1,1
"2025-10-05","Brazil","(not set)",47,24
"2025-10-05","Brazil","com.psafe.msuite.ultra_12mo_59.90",43,12
"2025-10-05","United States","(not set)",13,5
"2025-10-05","Brazil","com.psafe.msuite.ads_free_12mo_13.90",6,6
"2025-10-05","United States","com.psafe.msuite.ultra_12mo_59.90",6,1
"2025-10-05","Egypt","com.psafe.msuite.ultra_12mo_59.90",4,1
"2025-10-05","Japan","(not set)",1,1
"2025-10-05","United States","com.psafe.msuite.adsfree_lto_12mo",1,1
"2025-10-05","United States","com.psafe.msuite.pro_lto_12mo_39.90",1,1
"2025-10-06","Brazil","(not set)",54,34
"2025-10-06","Brazil","com.psafe.msuite.ultra_12mo_59.90",48,9
"2025-10-06","United States","com.psafe.msuite.ultra_12mo_59.90",20,5
"2025-10-06","Brazil","com.psafe.msuite.ads_free_12mo_13.90",13,11
"2025-10-06","United States","(not set)",11,4
"2025-10-06","Morocco","com.psafe.msuite.ultra_12mo_59.90",6,1
"2025-10-06","Morocco","(not set)",5,1
"2025-10-06","Brazil","com.psafe.msuite.pro_lto_12mo_39.90",3,3
"2025-10-06","Thailand","(not set)",2,1
"2025-10-06","Brazil","com.psafe.msuite.adsfree_lto_12mo",1,1
"2025-10-06","Jordan","com.psafe.msuite.ultra_12mo_59.90",1,1
"2025-10-07","Brazil","(not set)",54,29
"2025-10-07","United States","com.psafe.msuite.ultra_12mo_59.90",13,2
"2025-10-07","Brazil","com.psafe.msuite.ultra_12mo_59.90",11,4
"2025-10-07","Brazil","com.psafe.msuite.ads_free_12mo_13.90,com.psafe.msuite.pro_1mo_3.90,com.psafe.msuite.pro_3day_trial_12mo49.9,com.psafe.msuite.ultra_1mo_16.90,com.psafe.msuite.ultra_12mo_59.90",6,1
"2025-10-07","Brazil","com.psafe.msuite.ads_free_12mo_13.90",5,5
"2025-10-07","Brazil","com.psafe.msuite.pro_lto_12mo_39.90",5,5
"2025-10-07","United States","com.psafe.msuite.adsfree_lto_12mo",5,2
"2025-10-07","Brazil","com.psafe.msuite.adsfree_lto_12mo",3,3
"2025-10-07","Brazil","ads_free_12mo_13.90,pro_1mo_3.90,pro_3day_trial_12mo49.9,ultra_1mo_16.90,ultra_12mo_59.90",2,1
"2025-10-07","United States","(not set)",1,1
"2025-10-08","Brazil","(not set)",75,35
"2025-10-08","United States","(not set)",16,7
"2025-10-08","United States","com.psafe.msuite.ultra_12mo_59.90",14,4
"2025-10-08","Syria","(not set)",11,1
"2025-10-08","Syria","com.psafe.msuite.ultra_12mo_59.90",10,1
"2025-10-08","Brazil","com.psafe.msuite.ultra_12mo_59.90",9,3
"2025-10-08","Brazil","com.psafe.msuite.ads_free_12mo_13.90",8,7
"2025-10-08","Bangladesh","(not set)",5,1
"2025-10-08","Indonesia","com.psafe.msuite.ultra_12mo_59.90",5,1
"2025-10-08","Brazil","com.psafe.msuite.pro_lto_12mo_39.90",4,4
"2025-10-08","Egypt","(not set)",4,1
"2025-10-08","Malaysia","com.psafe.msuite.ultra_12mo_59.90",4,1
"2025-10-08","Brazil","com.psafe.msuite.adsfree_lto_12mo",2,2
"2025-10-08","Brazil","com.psafe.msuite.pro_1mo_3.90,com.psafe.msuite.pro_3day_trial_12mo49.9",1,1
"2025-10-08","Egypt","com.psafe.msuite.pro_lto_12mo_39.90",1,1
"2025-10-08","Guatemala","com.psafe.msuite.adsfree_lto_12mo",1,1
"2025-10-08","Philippines","com.psafe.msuite.adsfree_lto_12mo",1,1
"2025-10-08","Philippines","com.psafe.msuite.pro_lto_12mo_39.90",1,1
"2025-10-09","Brazil","(not set)",82,29
"2025-10-09","Brazil","com.psafe.msuite.ultra_12mo_59.90",28,10
"2025-10-09","United States","com.psafe.msuite.ultra_12mo_59.90",27,5
"2025-10-09","Thailand","(not set)",20,1
"2025-10-09","United States","com.psafe.msuite.pro_lto_12mo_39.90",15,1
"2025-10-09","United States","(not set)",14,5
"2025-10-09","France","(not set)",13,1
"2025-10-09","Bangladesh","com.psafe.msuite.ultra_12mo_59.90",7,2
"2025-10-09","Bangladesh","(not set)",5,1
"2025-10-09","Brazil","ads_free_12mo,pro_1mo,pro_3day_trial_12mo49.9,ultra_1mo_16.90,ultra_12mo_59.90",5,1
"2025-10-09","Brazil","com.psafe.msuite.ads_free_12mo_13.90",5,5
"2025-10-09","Brazil","com.psafe.msuite.pro_lto_12mo_39.90",4,4
"2025-10-09","France","com.psafe.msuite.ultra_12mo_59.90",4,1
"2025-10-09","Brazil","com.psafe.msuite.adsfree_lto_12mo",1,1
"2025-10-09","Colombia","(not set)",1,1
"2025-10-09","Mexico","com.psafe.msuite.ads_free_12mo_13.90",1,1
"2025-10-09","United States","com.psafe.msuite.ads_free_12mo_13.90",1,1
"2025-10-09","United States","com.psafe.msuite.adsfree_lto_12mo",1,1
"2025-10-10","Brazil","(not set)",42,19
"2025-10-10","Thailand","(not set)",23,1
"2025-10-10","Brazil","com.psafe.msuite.ultra_12mo_59.90",20,8
"2025-10-10","Algeria","(not set)",13,1
"2025-10-10","Thailand","com.psafe.msuite.ultra_12mo_59.90",9,1
"2025-10-10","United States","com.psafe.msuite.ultra_12mo_59.90",7,2
"2025-10-10","Brazil","com.psafe.msuite.pro_lto_12mo_39.90",6,5
"2025-10-10","France","(not set)",5,1
"2025-10-10","Brazil","ads_free_12mo,pro_1mo,pro_3day_trial_12mo49.9,ultra_1mo_16.90,ultra_12mo_59.90",4,1
"2025-10-10","Brazil","com.psafe.msuite.adsfree_lto_12mo",4,4
"2025-10-10","Kuwait","(not set)",4,1
"2025-10-10","Brazil","com.psafe.msuite.ads_free_12mo_13.90",2,2
"2025-10-10","Philippines","(not set)",2,1
"2025-10-10","Philippines","com.psafe.msuite.ultra_12mo_59.90",2,1
"2025-10-10","United States","(not set)",1,1
"2025-10-10","United States","com.psafe.msuite.ads_free_12mo_13.90",1,1
"2025-10-10","United States","com.psafe.msuite.pro_lto_12mo_39.90",1,1
"2025-10-11","Brazil","(not set)",151,42
"2025-10-11","Brazil","com.psafe.msuite.ultra_12mo_59.90",63,15
"2025-10-11","United States","com.psafe.msuite.ultra_12mo_59.90",12,3
"2025-10-11","Brazil","com.psafe.msuite.ads_free_12mo_13.90",11,11
"2025-10-11","India","(not set)",8,1
"2025-10-11","Syria","(not set)",8,1
"2025-10-11","Bangladesh","(not set)",7,1
"2025-10-11","Brazil","com.psafe.msuite.pro_lto_12mo_39.90",6,6
"2025-10-11","Brazil","ads_free_12mo_13.90,pro_1mo_3.90,pro_3day_trial_12mo49.9,ultra_1mo_16.90,ultra_12mo_59.90",4,1
"2025-10-11","Brazil","com.psafe.msuite.adsfree_lto_12mo",3,3
"2025-10-11","Thailand","(not set)",2,1
"2025-10-11","United States","(not set)",2,2
"2025-10-11","Brazil","adsfree_lto_12mo",1,1
"2025-10-11","Mexico","com.psafe.msuite.pro_lto_12mo_39.90",1,1
"2025-10-11","United States","com.psafe.msuite.pro_lto_12mo_39.90",1,1
"2025-10-11","Zambia","com.psafe.msuite.pro_lto_12mo_39.90",1,1
"2025-10-12","Brazil","(not set)",87,40
"2025-10-12","Brazil","com.psafe.msuite.ultra_12mo_59.90",58,11
"2025-10-12","Brazil","com.psafe.msuite.ads_free_12mo_13.90",11,9
"2025-10-12","United States","com.psafe.msuite.ultra_12mo_59.90",7,2
"2025-10-12","Bangladesh","(not set)",6,1
"2025-10-12","Brazil","com.psafe.msuite.pro_lto_12mo_39.90",5,5
"2025-10-12","Costa Rica","com.psafe.msuite.ultra_12mo_59.90",5,1
"2025-10-12","Bangladesh","com.psafe.msuite.ultra_12mo_59.90",4,1
"2025-10-12","United States","com.psafe.msuite.ultra_1mo_16.90,com.psafe.msuite.ultra_12mo_59.90",4,1
"2025-10-12","Brazil","com.psafe.msuite.adsfree_lto_12mo",1,1
"2025-10-12","Brazil","com.psafe.msuite.pro_12mo_49.90,com.psafe.msuite.ultra_12mo_59.90",1,1
"2025-10-12","Mexico","(not set)",1,1
"2025-10-12","Yemen","com.psafe.msuite.ads_free_12mo_13.90,com.psafe.msuite.pro_1mo_3.90,com.psafe.msuite.pro_3day_trial_12mo49.9,com.psafe.msuite.ultra_1mo_16.90,com.psafe.msuite.ultra_12mo_59.90",1,1
"2025-10-13","Brazil","(not set)",98,31
"2025-10-13","Brazil","com.psafe.msuite.ultra_12mo_59.90",66,15
"2025-10-13","United States","com.psafe.msuite.ultra_12mo_59.90",12,3
"2025-10-13","Iran","(not set)",9,1
"2025-10-13","Brazil","com.psafe.msuite.ads_free_12mo_13.90",5,5
"2025-10-13","Brazil","com.psafe.msuite.pro_lto_12mo_39.90",5,5
"2025-10-13","United States","com.psafe.msuite.ads_free_12mo_13.90",5,4
"2025-10-13","Thailand","(not set)",4,1
"2025-10-13","United States","(not set)",3,3
"2025-10-13","United States","com.psafe.msuite.adsfree_lto_12mo",1,1
"2025-10-13","United States","com.psafe.msuite.pro_lto_12mo_39.90",1,1
"2025-10-14","Brazil","com.psafe.msuite.ultra_12mo_59.90",453,12
"2025-10-14","Brazil","(not set)",66,33
"2025-10-14","Brazil","com.psafe.msuite.ads_free_12mo_13.90",7,6
"2025-10-14","Egypt","(not set)",6,1
"2025-10-14","Brazil","com.psafe.msuite.pro_lto_12mo_39.90",4,4
"2025-10-14","Brazil","com.psafe.msuite.adsfree_lto_12mo",2,2
"2025-10-14","Hungary","(not set)",2,1
"2025-10-14","Nigeria","com.psafe.msuite.pro_lto_12mo_39.90",1,1
"2025-10-14","United States","(not set)",1,1
"2025-10-14","United States","com.psafe.msuite.pro_lto_12mo_39.90",1,1
"2025-10-15","Brazil","(not set)",140,34
"2025-10-15","Brazil","com.psafe.msuite.ultra_12mo_59.90",23,8
"2025-10-15","United States","(not set)",19,8
"2025-10-15","Brazil","pro_12mo_49.90,ultra_12mo_59.90",13,1
"2025-10-15","Bhutan","(not set)",11,1
"2025-10-15","Guatemala","(not set)",9,1
"2025-10-15","United States","com.psafe.msuite.ultra_12mo_59.90",6,3
"2025-10-15","Bangladesh","(not set)",5,1
"2025-10-15","Bangladesh","com.psafe.msuite.ultra_12mo_59.90",5,1
"2025-10-15","Brazil","com.psafe.msuite.ads_free_12mo_13.90",5,5
"2025-10-15","Brazil","com.psafe.msuite.pro_lto_12mo_39.90",3,3
"2025-10-15","Brazil","com.psafe.msuite.adsfree_lto_12mo",2,2
"2025-10-15","Netherlands","ads_free_12mo_13.90,pro_1mo_3.90,pro_3day_trial_12mo49.9,ultra_1mo_16.90,ultra_12mo_59.90",2,1
"2025-10-15","United States","com.psafe.msuite.ads_free_12mo_13.90",1,1
"2025-10-16","Brazil","(not set)",83,32
"2025-10-16","Brazil","com.psafe.msuite.ultra_12mo_59.90",45,12
"2025-10-16","United States","(not set)",17,2
"2025-10-16","United States","com.psafe.msuite.ultra_12mo_59.90",14,4
"2025-10-16","Brazil","com.psafe.msuite.pro_lto_12mo_39.90",8,8
"2025-10-16","Brazil","com.psafe.msuite.ads_free_12mo_13.90",7,6
"2025-10-16","Bangladesh","(not set)",6,1
"2025-10-16","India","(not set)",5,1
"2025-10-16","Brazil","com.psafe.msuite.adsfree_lto_12mo",2,2
"2025-10-16","Qatar","com.psafe.msuite.ultra_12mo_59.90",1,1
"2025-10-16","United States","com.psafe.msuite.ads_free_12mo_13.90",1,1
"2025-10-17","Brazil","(not set)",38,18
"2025-10-17","Brazil","com.psafe.msuite.ultra_12mo_59.90",12,3
"2025-10-17","Brazil","com.psafe.msuite.ads_free_12mo_13.90",7,6
"2025-10-17","Iran","(not set)",5,1
"2025-10-17","Brazil","ads_free_12mo_13.90,pro_1mo_3.90,pro_3day_trial_12mo49.9,ultra_1mo_16.90,ultra_12mo_59.90",4,1
"2025-10-17","Brazil","com.psafe.msuite.pro_lto_12mo_39.90",3,1
"2025-10-17","United States","(not set)",3,2
"2025-10-17","Brazil","com.psafe.msuite.adsfree_lto_12mo",1,1
"2025-10-17","Portugal","(not set)",1,1
"2025-10-17","United States","com.psafe.msuite.ads_free_12mo_13.90",1,1
"2025-10-17","United States","com.psafe.msuite.pro_lto_12mo_39.90",1,1
"2025-10-17","United States","com.psafe.msuite.ultra_12mo_59.90",1,1
"2025-10-18","Brazil","(not set)",57,29
"2025-10-18","Brazil","com.psafe.msuite.ultra_12mo_59.90",31,11
"2025-10-18","Brazil","com.psafe.msuite.ads_free_12mo_13.90",7,7
"2025-10-18","Türkiye","(not set)",4,1
"2025-10-18","United States","com.psafe.msuite.ultra_12mo_59.90",4,1
"2025-10-18","Brazil","com.psafe.msuite.adsfree_lto_12mo",3,3
"2025-10-18","Brazil","com.psafe.msuite.pro_lto_12mo_39.90",3,3
"2025-10-18","United States","(not set)",1,1
"2025-10-19","Brazil","com.psafe.msuite.ultra_12mo_59.90",64,11
"2025-10-19","Brazil","(not set)",54,21
"2025-10-19","United States","(not set)",13,3
"2025-10-19","United States","com.psafe.msuite.ultra_12mo_59.90",9,1
"2025-10-19","Brazil","com.psafe.msuite.pro_lto_12mo_39.90",7,4
"2025-10-19","Kuwait","(not set)",7,1
"2025-10-19","Brazil","com.psafe.msuite.ads_free_12mo_13.90",6,5
"2025-10-19","Bangladesh","com.psafe.msuite.ultra_12mo_59.90",5,1
"2025-10-19","Brazil","com.psafe.msuite.adsfree_lto_12mo",4,4
"2025-10-19","Nigeria","(not set)",1,1
"2025-10-19","United States","com.psafe.msuite.pro_lto_12mo_39.90",1,1
"2025-10-20","Brazil","(not set)",52,26
"2025-10-20","Germany","com.psafe.msuite.ultra_12mo_59.90",13,1
"2025-10-20","United States","(not set)",11,3
"2025-10-20","United States","com.psafe.msuite.ultra_12mo_59.90",8,1
"2025-10-20","Brazil","com.psafe.msuite.ultra_12mo_59.90",7,5
"2025-10-20","Brazil","ads_free_12mo_13.90,pro_1mo_3.90,pro_3day_trial_12mo49.9,ultra_1mo_16.90,ultra_12mo_59.90",6,2
"2025-10-20","Brazil","com.psafe.msuite.ads_free_12mo_13.90",6,4
"2025-10-20","Iran","(not set)",5,1
"2025-10-20","Algeria","(not set)",4,1
"2025-10-20","Brazil","com.psafe.msuite.adsfree_lto_12mo",3,3
"2025-10-20","Brazil","com.psafe.msuite.pro_lto_12mo_39.90",3,3
"2025-10-20","United States","com.psafe.msuite.ads_free_12mo_13.90",1,1
"2025-10-21","Brazil","(not set)",69,27
"2025-10-21","United States","(not set)",42,5
"2025-10-21","Iran","(not set)",21,1
"2025-10-21","Iran","com.psafe.msuite.ultra_12mo_59.90",19,1
"2025-10-21","United States","com.psafe.msuite.ultra_12mo_59.90",14,2
"2025-10-21","Brazil","ultra_12mo_59.90",10,1
"2025-10-21","Brazil","com.psafe.msuite.ultra_12mo_59.90",5,3
"2025-10-21","Egypt","(not set)",5,1
"2025-10-21","France","com.psafe.msuite.ultra_12mo_59.90",5,1
"2025-10-21","Tunisia","(not set)",5,1
"2025-10-21","Bangladesh","(not set)",4,2
"2025-10-21","Brazil","com.psafe.msuite.ads_free_12mo_13.90",2,2
"2025-10-21","Brazil","com.psafe.msuite.pro_lto_12mo_39.90",2,2
"2025-10-21","Brazil","com.psafe.msuite.adsfree_lto_12mo",1,1
"2025-10-22","Brazil","(not set)",53,28
"2025-10-22","Brazil","com.psafe.msuite.ultra_12mo_59.90",19,6
"2025-10-22","United States","com.psafe.msuite.ultra_12mo_59.90",12,3
"2025-10-22","Brazil","com.psafe.msuite.ads_free_12mo_13.90",10,3
"2025-10-22","Egypt","com.psafe.msuite.ultra_12mo_59.90",7,2
"2025-10-22","Egypt","(not set)",6,1
"2025-10-22","Saudi Arabia","com.psafe.msuite.ultra_12mo_59.90",5,1
"2025-10-22","United States","(not set)",5,2
"2025-10-22","Thailand","(not set)",4,1
"2025-10-22","Brazil","com.psafe.msuite.pro_lto_12mo_39.90",3,3
"2025-10-22","Brazil","com.psafe.msuite.adsfree_lto_12mo",2,2
"2025-10-22","Brazil","com.psafe.msuite.pro_1mo_3.90,com.psafe.msuite.pro_3day_trial_12mo49.9",1,1
"2025-10-22","United States","com.psafe.msuite.pro_lto_12mo_39.90",1,1
"2025-10-23","Brazil","(not set)",114,35
"2025-10-23","Brazil","com.psafe.msuite.ultra_12mo_59.90",40,12
"2025-10-23","Egypt","(not set)",16,2
"2025-10-23","United States","com.psafe.msuite.ultra_12mo_59.90",16,3
"2025-10-23","Egypt","com.psafe.msuite.ultra_12mo_59.90",12,2
"2025-10-23","Brazil","com.psafe.msuite.ads_free_12mo_13.90",11,9
"2025-10-23","Brazil","com.psafe.msuite.pro_lto_12mo_39.90",7,7
"2025-10-23","Brazil","ultra_12mo_59.90",7,1
"2025-10-23","Brazil","com.psafe.msuite.adsfree_lto_12mo",6,6
"2025-10-23","Brazil","com.psafe.msuite.pro_3day_trial_12mo49.9",3,2
"2025-10-23","Brazil","ads_free_12mo_13.90,pro_1mo_3.90,pro_3day_trial_12mo49.9,ultra_1mo_16.90,ultra_12mo_59.90",2,2
"2025-10-23","Brazil","com.psafe.msuite.ads_free_12mo_13.90,com.psafe.msuite.pro_1mo_3.90,com.psafe.msuite.pro_3day_trial_12mo49.9,com.psafe.msuite.ultra_1mo_16.90,com.psafe.msuite.ultra_12mo_59.90",1,1
"2025-10-23","Nigeria","com.psafe.msuite.ultra_12mo_59.90",1,1
"2025-10-23","United States","com.psafe.msuite.ads_free_12mo_13.90",1,1
"2025-10-24","Brazil","(not set)",51,21
"2025-10-24","Brazil","com.psafe.msuite.ultra_12mo_59.90",29,9
"2025-10-24","United States","com.psafe.msuite.ultra_12mo_59.90",16,3
"2025-10-24","Indonesia","(not set)",9,2
"2025-10-24","Brazil","com.psafe.msuite.ads_free_12mo_13.90",6,5
"2025-10-24","Egypt","(not set)",4,1
"2025-10-24","Brazil","com.psafe.msuite.pro_lto_12mo_39.90",2,2
"2025-10-24","Brazil","com.psafe.msuite.adsfree_lto_12mo",1,1
"2025-10-24","Philippines","com.psafe.msuite.adsfree_lto_12mo",1,1
"2025-10-24","United States","(not set)",1,1
"2025-10-25","Brazil","(not set)",68,27
"2025-10-25","Brazil","com.psafe.msuite.ultra_12mo_59.90",42,15
"2025-10-25","Egypt","com.psafe.msuite.ultra_12mo_59.90",17,1
"2025-10-25","Egypt","(not set)",11,1
"2025-10-25","Brazil","com.psafe.msuite.ads_free_12mo_13.90",9,9
"2025-10-25","United States","(not set)",9,2
"2025-10-25","Bangladesh","(not set)",7,1
"2025-10-25","United States","com.psafe.msuite.ultra_12mo_59.90",7,2
"2025-10-25","Brazil","com.psafe.msuite.pro_lto_12mo_39.90",6,6
"2025-10-25","Bangladesh","com.psafe.msuite.ultra_12mo_59.90",4,1
"2025-10-25","United States","com.psafe.msuite.adsfree_lto_12mo",4,1
"2025-10-25","Brazil","com.psafe.msuite.ads_free_12mo_13.90,com.psafe.msuite.pro_1mo_3.90,com.psafe.msuite.pro_3day_trial_12mo49.9,com.psafe.msuite.ultra_1mo_16.90,com.psafe.msuite.ultra_12mo_59.90",1,1
"2025-10-25","Brazil","com.psafe.msuite.adsfree_lto_12mo",1,1
"2025-10-25","South Africa","(not set)",1,1
"2025-10-25","United States","com.psafe.msuite.pro_lto_12mo_39.90",1,1
"2025-10-26","Brazil","(not set)",63,25
"2025-10-26","Brazil","com.psafe.msuite.ultra_12mo_59.90",58,15
"2025-10-26","United States","com.psafe.msuite.ultra_12mo_59.90",11,2
"2025-10-26","Bulgaria","ultra_12mo_59.90",8,1
"2025-10-26","Brazil","com.psafe.msuite.pro_lto_12mo_39.90",6,6
"2025-10-26","Bangladesh","(not set)",5,1
"2025-10-26","Bangladesh","com.psafe.msuite.ultra_12mo_59.90",4,1
"2025-10-26","Brazil","com.psafe.msuite.ads_free_12mo_13.90",3,2
"2025-10-26","Brazil","com.psafe.msuite.adsfree_lto_12mo",2,2
"2025-10-26","Iran","(not set)",2,1
"2025-10-26","United States","com.psafe.msuite.ads_free_12mo_13.90",2,2
"2025-10-26","United States","com.psafe.msuite.pro_12mo_49.90,com.psafe.msuite.ultra_12mo_59.90",2,1
"2025-10-26","Bolivia","(not set)",1,1
"2025-10-26","United States","(not set)",1,1
"2025-10-27","Brazil","(not set)",34,22
"2025-10-27","Brazil","com.psafe.msuite.ultra_12mo_59.90",20,9
"2025-10-27","United States","(not set)",11,6
"2025-10-27","Colombia","(not set)",9,1
"2025-10-27","Bangladesh","com.psafe.msuite.ultra_12mo_59.90",6,1
"2025-10-27","Brazil","com.psafe.msuite.ads_free_12mo_13.90",5,5
"2025-10-27","Brazil","0.0",4,1
"2025-10-27","Egypt","(not set)",4,1
"2025-10-27","India","(not set)",4,1
"2025-10-27","United States","com.psafe.msuite.ultra_12mo_59.90",4,1
"2025-10-27","Bangladesh","(not set)",3,1
"2025-10-27","Brazil","com.psafe.msuite.pro_lto_12mo_39.90",3,3
"2025-10-27","India","com.psafe.msuite.ultra_12mo",3,1
"2025-10-27","Brazil","com.psafe.msuite.adsfree_lto_12mo",1,1
"2025-10-27","China","ads_free_12mo_13.90,pro_1mo_3.90,pro_3day_trial_12mo49.9,ultra_1mo_16.90,ultra_12mo_59.90",1,1
"2025-10-27","Peru","(not set)",1,1
"2025-10-27","Puerto Rico","(not set)",1,1
"2025-10-28","Brazil","(not set)",65,27
"2025-10-28","Brazil","com.psafe.msuite.ultra_12mo_59.90",27,8
"2025-10-28","Brazil","com.psafe.msuite.ads_free_12mo_13.90",12,11
"2025-10-28","United States","com.psafe.msuite.ultra_12mo_59.90",11,2
"2025-10-28","Egypt","(not set)",6,1
"2025-10-28","Germany","(not set)",6,1
"2025-10-28","Syria","ads_free_12mo,pro_1mo,pro_3day_trial_12mo,ultra_1mo,ultra_12mo",6,1
"2025-10-28","Brazil","com.psafe.msuite.pro_lto_12mo_39.90",5,5
"2025-10-28","Mexico","(not set)",5,1
"2025-10-28","Brazil","ultra_12mo_59.90",2,1
"2025-10-28","Brazil","com.psafe.msuite.adsfree_lto_12mo",1,1
"2025-10-28","United States","com.psafe.msuite.pro_lto_12mo_39.90",1,1
"2025-10-29","Brazil","(not set)",50,28
"2025-10-29","Brazil","com.psafe.msuite.ads_free_12mo_13.90",21,8
"2025-10-29","Brazil","com.psafe.msuite.ultra_12mo_59.90",20,7
"2025-10-29","Saudi Arabia","com.psafe.msuite.ultra_12mo_59.90",9,1
"2025-10-29","United States","com.psafe.msuite.ultra_12mo_59.90",9,2
"2025-10-29","Egypt","com.psafe.msuite.ultra_12mo_59.90",4,1
"2025-10-29","Brazil","com.psafe.msuite.pro_lto_12mo_39.90",2,2
"2025-10-29","United States","(not set)",1,1
"2025-10-29","United States","com.psafe.msuite.ads_free_12mo_13.90",1,1
"2025-10-30","Brazil","(not set)",64,34
"2025-10-30","Brazil","com.psafe.msuite.ultra_12mo_59.90",50,16
"2025-10-30","United States","com.psafe.msuite.ultra_12mo_59.90",11,2
"2025-10-30","Brazil","com.psafe.msuite.ads_free_12mo_13.90",10,8
"2025-10-30","Brazil","com.psafe.msuite.adsfree_lto_12mo",5,5
"2025-10-30","Egypt","com.psafe.msuite.ultra_12mo_59.90",5,1
"2025-10-30","Puerto Rico","(not set)",1,1
"2025-10-30","United States","(not set)",1,1
"2025-10-30","United States","com.psafe.msuite.ads_free_12mo_13.90",1,1
"2025-10-31","Brazil","(not set)",70,28
"2025-10-31","Brazil","com.psafe.msuite.ultra_12mo_59.90",14,4
"2025-10-31","Singapore","(not set)",7,1
"2025-10-31","United States","(not set)",7,3
"2025-10-31","Brazil","com.psafe.msuite.pro_lto_12mo_39.90",6,6
"2025-10-31","United States","com.psafe.msuite.ultra_12mo_59.90",6,1
"2025-10-31","Brazil","com.psafe.msuite.ads_free_12mo_13.90",5,4
"2025-10-31","Russia","(not set)",4,1
"2025-10-31","Egypt","com.psafe.msuite.ultra_12mo_59.90",2,1
"2025-10-31","Romania","ads_free_12mo_13.90,pro_1mo_3.90,pro_3day_trial_12mo49.9,ultra_1mo_16.90,ultra_12mo_59.90",2,1
"2025-10-31","Russia","com.psafe.msuite.ultra_12mo_59.90",2,1
"2025-10-31","United Kingdom","com.psafe.msuite.ultra_12mo_59.90",2,1
"2025-10-31","Brazil","ads_free_12mo_13.90,pro_1mo_3.90,pro_3day_trial_12mo49.9,ultra_1mo_16.90,ultra_12mo_59.90",1,1
"2025-10-31","Brazil","com.psafe.msuite.adsfree_lto_12mo",1,1
"2025-10-31","Mexico","(not set)",1,1
"2025-10-31","United States","com.psafe.msuite.pro_lto_12mo_39.90",1,1
"2025-11-01","Brazil","(not set)",59,26
"2025-11-01","Brazil","com.psafe.msuite.ultra_12mo_59.90",38,11
"2025-11-01","United States","com.psafe.msuite.ultra_12mo_59.90",19,4
"2025-11-01","Brazil","com.psafe.msuite.ads_free_12mo_13.90",7,7
"2025-11-01","Brazil","com.psafe.msuite.pro_lto_12mo_39.90",7,4
"2025-11-01","Japan","com.psafe.msuite.ultra_12mo_59.90",5,1
"2025-11-01","Bangladesh","com.psafe.msuite.ultra_12mo_59.90",4,1
"2025-11-01","Brazil","com.psafe.msuite.pro_12mo_49.90,com.psafe.msuite.ultra_12mo_59.90",4,1
"2025-11-01","India","(not set)",4,1
"2025-11-01","India","com.psafe.msuite.ultra_12mo_59.90",4,1
"2025-11-01","Brazil","com.psafe.msuite.adsfree_lto_12mo",3,3
"2025-11-01","Chile","(not set)",2,1
"2025-11-01","Nepal","(not set)",2,1
"2025-11-01","Argentina","com.psafe.msuite.pro_lto_12mo_39.90",1,1
"2025-11-01","Brazil","com.psafe.msuite.ads_free_12mo_13.90,com.psafe.msuite.pro_1mo_3.90,com.psafe.msuite.pro_3day_trial_12mo49.9,com.psafe.msuite.ultra_1mo_16.90,com.psafe.msuite.ultra_12mo_59.90",1,1
"2025-11-01","United States","(not set)",1,1
"2025-11-01","United States","com.psafe.msuite.pro_lto_12mo_39.90",1,1
"2025-11-02","Brazil","(not set)",144,41
"2025-11-02","Brazil","com.psafe.msuite.ultra_12mo_59.90",34,10
"2025-11-02","United States","com.psafe.msuite.ultra_12mo_59.90",18,3
"2025-11-02","Brazil","com.psafe.msuite.ads_free_12mo_13.90",14,13
"2025-11-02","United States","(not set)",8,2
"2025-11-02","Brazil","com.psafe.msuite.pro_lto_12mo_39.90",5,5
"2025-11-02","Saudi Arabia","(not set)",5,1
"2025-11-02","Syria","ads_free_12mo_13.90,pro_1mo_3.90,pro_3day_trial_12mo49.9,ultra_1mo_16.90,ultra_12mo_59.90",5,1
"2025-11-02","Saudi Arabia","com.psafe.msuite.ultra_12mo_59.90",4,1
"2025-11-02","Syria","ultra_12mo_59.90",4,1
"2025-11-02","Brazil","com.psafe.msuite.adsfree_lto_12mo",2,2
"2025-11-02","Vietnam","(not set)",2,1
"2025-11-02","Brazil","ads_free_12mo_13.90",1,1
"2025-11-02","United States","com.psafe.msuite.pro_lto_12mo_39.90",1,1
"2025-11-03","Brazil","(not set)",43,21
"2025-11-03","United States","com.psafe.msuite.ultra_12mo_59.90",16,3
"2025-11-03","Brazil","com.psafe.msuite.ultra_12mo_59.90",13,4
"2025-11-03","Brazil","com.psafe.msuite.pro_lto_12mo_39.90",8,8
"2025-11-03","United States","(not set)",8,4
"2025-11-03","Algeria","(not set)",7,1
"2025-11-03","United States","com.psafe.msuite.pro_12mo_49.90,com.psafe.msuite.ultra_12mo_59.90",7,1
"2025-11-03","Brazil","com.psafe.msuite.ads_free_12mo_13.90",4,3
"2025-11-03","Brazil","com.psafe.msuite.adsfree_lto_12mo",3,3
"2025-11-03","United States","com.psafe.msuite.pro_lto_12mo_39.90",1,1
"2025-11-04","Brazil","(not set)",63,35
"2025-11-04","Brazil","com.psafe.msuite.ultra_12mo_59.90",44,6
"2025-11-04","United States","ads_free_12mo_13.90,pro_1mo_3.90,pro_3day_trial_12mo49.9,ultra_1mo_16.90,ultra_12mo_59.90",8,2
"2025-11-04","Brazil","com.psafe.msuite.pro_lto_12mo_39.90",7,7
"2025-11-04","Brazil","ultra_12mo_59.90",6,1
"2025-11-04","United States","com.psafe.msuite.ultra_12mo_59.90",6,1
"2025-11-04","Netherlands","com.psafe.msuite.ultra_12mo_59.90",5,1
"2025-11-04","Brazil","com.psafe.msuite.adsfree_lto_12mo",4,4
"2025-11-04","Brazil","0.0",2,1
"2025-11-04","Brazil","com.psafe.msuite.ads_free_12mo_13.90",2,2
"2025-11-04","Indonesia","(not set)",2,1
"2025-11-04","Brazil","ads_free_12mo_13.90",1,1
"2025-11-04","Brazil","ads_free_12mo_13.90,pro_1mo_3.90,pro_3day_trial_12mo49.9,ultra_1mo_16.90,ultra_12mo_59.90",1,1
"2025-11-04","Indonesia","com.psafe.msuite.ultra_12mo_59.90",1,1
"2025-11-04","Japan","(not set)",1,1
"2025-11-04","Nepal","(not set)",1,1
"2025-11-04","Philippines","(not set)",1,1
"2025-11-04","United States","com.psafe.msuite.adsfree_lto_12mo",1,1
"2025-11-05","Brazil","(not set)",59,33
"2025-11-05","Brazil","com.psafe.msuite.ultra_12mo_59.90",29,10
"2025-11-05","Brazil","ultra_12mo_59.90",13,2
"2025-11-05","United States","ultra_12mo_59.90",13,2
"2025-11-05","Brazil","ads_free_12mo_13.90,pro_1mo_3.90,pro_3day_trial_12mo49.9,ultra_1mo_16.90,ultra_12mo_59.90",11,5
"2025-11-05","Brazil","com.psafe.msuite.ads_free_12mo_13.90",11,8
"2025-11-05","Pakistan","com.psafe.msuite.ultra_12mo_59.90",5,1
"2025-11-05","South Korea","com.psafe.msuite.ultra_12mo_59.90",5,1
"2025-11-05","Brazil","com.psafe.msuite.pro_lto_12mo_39.90",4,4
"2025-11-05","India","com.psafe.msuite.ultra_12mo_59.90",4,1
"2025-11-05","Brazil","com.psafe.msuite.adsfree_lto_12mo",3,3
"2025-11-05","United States","com.psafe.msuite.ultra_12mo_59.90",3,2
"2025-11-05","United States","com.psafe.msuite.ads_free_12mo_13.90",2,2
"2025-11-05","United States","com.psafe.msuite.pro_12mo_49.90,com.psafe.msuite.ultra_12mo_59.90",2,1
"2025-11-05","Brazil","adsfree_lto_12mo",1,1
"2025-11-05","Ecuador","(not set)",1,1
"2025-11-05","United States","com.psafe.msuite.adsfree_lto_12mo",1,1
"2025-11-06","Brazil","(not set)",54,21
"2025-11-06","Brazil","ultra_12mo_59.90",33,7
"2025-11-06","Brazil","ads_free_12mo_13.90,pro_1mo_3.90,pro_3day_trial_12mo49.9,ultra_1mo_16.90,ultra_12mo_59.90",31,9
"2025-11-06","Brazil","com.psafe.msuite.ultra_12mo_59.90",22,7
"2025-11-06","United States","ultra_12mo_59.90",5,1
"2025-11-06","Brazil","com.psafe.msuite.pro_lto_12mo_39.90",4,4
"2025-11-06","Brazil","com.psafe.msuite.ads_free_12mo_13.90",2,2
"2025-11-06","Philippines","(not set)",2,1
"2025-11-06","Brazil","0.0",1,1
"2025-11-06","Brazil","ads_free_12mo_13.90",1,1
"2025-11-06","Brazil","com.psafe.msuite.ads_free_12mo",1,1
"2025-11-06","Ethiopia","(not set)",1,1
"2025-11-06","Iran","(not set)",1,1
"2025-11-06","Nigeria","com.psafe.msuite.pro_lto_12mo_39.90",1,1
"2025-11-06","Thailand","com.psafe.msuite.pro_lto_12mo_39.90",1,1
"2025-11-06","United States","(not set)",1,1
"2025-11-06","United States","ads_free_12mo_13.90,pro_1mo_3.90,pro_3day_trial_12mo49.9,ultra_1mo_16.90,ultra_12mo_59.90",1,1
"2025-11-06","United States","com.psafe.msuite.adsfree_lto_12mo",1,1
"2025-11-06","United States","com.psafe.msuite.pro_lto_12mo_39.90",1,1
"2025-11-07","Brazil","ads_free_12mo_13.90,pro_1mo_3.90,pro_3day_trial_12mo49.9,ultra_1mo_16.90,ultra_12mo_59.90",33,9
"2025-11-07","Brazil","(not set)",27,14
"2025-11-07","Brazil","com.psafe.msuite.ultra_12mo_59.90",24,8
"2025-11-07","Ecuador","(not set)",14,1
"2025-11-07","United States","(not set)",13,5
"2025-11-07","United States","no_offers_available",10,1
"2025-11-07","Bangladesh","(not set)",6,1
"2025-11-07","Brazil","com.psafe.msuite.ads_free_12mo_13.90",4,3
"2025-11-07","Brazil","ultra_12mo_59.90",4,1
"2025-11-07","Brazil","com.psafe.msuite.pro_lto_12mo_39.90",3,3
"2025-11-07","Iran","(not set)",2,1
"2025-11-07","United States","com.psafe.msuite.ultra_12mo_59.90",2,1
"2025-11-07","Brazil","adsfree_lto_12mo",1,1
"2025-11-07","Brazil","pro_lto_12mo_39.90",1,1
"2025-11-07","Egypt","com.psafe.msuite.ultra_12mo_59.90",1,1
"2025-11-08","Brazil","ads_free_12mo_13.90,pro_1mo_3.90,pro_3day_trial_12mo49.9,ultra_1mo_16.90,ultra_12mo_59.90",28,17
"2025-11-08","Brazil","ultra_12mo_59.90",23,7
"2025-11-08","United States","(not set)",20,5
"2025-11-08","Brazil","(not set)",19,12
"2025-11-08","Brazil","com.psafe.msuite.ultra_12mo_59.90",12,3
"2025-11-08","United States","ultra_12mo_59.90",10,2
"2025-11-08","Brazil","pro_lto_12mo_39.90",9,2
"2025-11-08","Jordan","ads_free_12mo_13.90,pro_1mo_3.90,pro_3day_trial_12mo49.9,ultra_1mo_16.90,ultra_12mo_59.90",6,1
"2025-11-08","Brazil","com.psafe.msuite.pro_lto_12mo_39.90",4,3
"2025-11-08","Brazil","ads_free_12mo_13.90",3,2
"2025-11-08","United States","ads_free_12mo_13.90,pro_1mo_3.90,pro_3day_trial_12mo49.9,ultra_1mo_16.90,ultra_12mo_59.90",2,2
"2025-11-08","Brazil","com.psafe.msuite.ads_free_12mo_13.90",1,1
"2025-11-08","Brazil","com.psafe.msuite.adsfree_lto_12mo",1,1
"2025-11-08","Egypt","ads_free_12mo_13.90,pro_1mo_3.90,pro_3day_trial_12mo49.9,ultra_1mo_16.90,ultra_12mo_59.90",1,1
"2025-11-08","United States","ads_free_12mo_13.90",1,1
"2025-11-08","United States","com.psafe.msuite.pro_lto_12mo_39.90",1,1
"2025-11-09","Brazil","ads_free_12mo_13.90,pro_1mo_3.90,pro_3day_trial_12mo49.9,ultra_1mo_16.90,ultra_12mo_59.90",56,19
"2025-11-09","Brazil","ultra_12mo_59.90",52,10
"2025-11-09","Brazil","(not set)",19,9
"2025-11-09","Brazil","com.psafe.msuite.ultra_12mo_59.90",10,5
"2025-11-09","United States","(not set)",7,4
"2025-11-09","Brazil","pro_lto_12mo_39.90",6,3
"2025-11-09","United States","com.psafe.msuite.pro_lto_12mo_39.90",6,2
"2025-11-09","United States","com.psafe.msuite.ultra_12mo_59.90",4,1
"2025-11-09","Brazil","com.psafe.msuite.adsfree_lto_12mo",2,2
"2025-11-09","United States","ads_free_12mo_13.90,pro_1mo_3.90,pro_3day_trial_12mo49.9,ultra_1mo_16.90,ultra_12mo_59.90",2,1
"2025-11-09","United States","ultra_12mo_59.90",2,1
"2025-11-09","Brazil","ads_free_12mo_13.90",1,1
"2025-11-09","Brazil","com.psafe.msuite.ads_free_12mo_13.90",1,1
"2025-11-09","Brazil","com.psafe.msuite.pro_lto_12mo_39.90",1,1
"2025-11-09","Mexico","ads_free_12mo_13.90,pro_1mo_3.90,pro_3day_trial_12mo49.9,ultra_1mo_16.90,ultra_12mo_59.90",1,1
"2025-11-10","Brazil","ads_free_12mo_13.90,pro_1mo_3.90,pro_3day_trial_12mo49.9,ultra_1mo_16.90,ultra_12mo_59.90",50,15
"2025-11-10","Brazil","ultra_12mo_59.90",21,4
"2025-11-10","Brazil","ads_free_12mo_13.90",16,7
"2025-11-10","Brazil","(not set)",15,9
"2025-11-10","United States","ultra_12mo_59.90",14,3
"2025-11-10","United States","(not set)",13,2
"2025-11-10","Saudi Arabia","ads_free_12mo_13.90,pro_1mo_3.90,pro_3day_trial_12mo49.9,ultra_1mo_16.90,ultra_12mo_59.90",8,1
"2025-11-10","Brazil","pro_lto_12mo_39.90",6,1
"2025-11-10","South Korea","ultra_12mo_59.90",6,1
"2025-11-10","United States","no_offers_available",6,1
"2025-11-10","Bangladesh","ads_free_12mo_13.90,pro_1mo_3.90,pro_3day_trial_12mo49.9,ultra_1mo_16.90,ultra_12mo_59.90",5,1
"2025-11-10","Brazil","com.psafe.msuite.ultra_12mo_59.90",4,1
"2025-11-10","Brazil","no_offers_available",4,1
"2025-11-10","United States","ads_free_12mo_13.90,pro_1mo_3.90,pro_3day_trial_12mo49.9,ultra_1mo_16.90,ultra_12mo_59.90",3,3
"2025-11-10","Brazil","com.psafe.msuite.pro_lto_12mo_39.90",2,2
"2025-11-10","United Kingdom","com.psafe.msuite.ads_free_12mo_13.90",2,1
"2025-11-10","Brazil","com.psafe.msuite.ads_free_12mo_13.90",1,1
"2025-11-10","Brazil","com.psafe.msuite.adsfree_lto_12mo",1,1
"2025-11-10","Dominican Republic","(not set)",1,1
"2025-11-10","United States","ads_free_12mo_13.90",1,1
"2025-11-10","United States","com.psafe.msuite.adsfree_lto_12mo",1,1
"2025-11-11","Brazil","ads_free_12mo_13.90,pro_1mo_3.90,pro_3day_trial_12mo49.9,ultra_1mo_16.90,ultra_12mo_59.90",47,17
"2025-11-11","Brazil","(not set)",19,9
"2025-11-11","Brazil","pro_lto_12mo_39.90",18,7
"2025-11-11","Brazil","ultra_12mo_59.90",13,2
"2025-11-11","United States","ads_free_12mo_13.90,pro_1mo_3.90,pro_3day_trial_12mo49.9,ultra_1mo_16.90,ultra_12mo_59.90",11,2
"2025-11-11","Brazil","com.psafe.msuite.pro_lto_12mo_39.90",9,3
"2025-11-11","Brazil","ads_free_12mo_13.90",7,6
"2025-11-11","United States","ultra_12mo_59.90",6,1
"2025-11-11","Poland","ads_free_12mo_13.90,pro_1mo_3.90,pro_3day_trial_12mo49.9,ultra_1mo_16.90,ultra_12mo_59.90",5,1
"2025-11-11","Algeria","com.psafe.msuite.ultra_12mo_59.90",4,1
"2025-11-11","Brazil","com.psafe.msuite.ultra_12mo_59.90",2,1
"2025-11-11","Brazil","adsfree_lto_12mo",1,1
"2025-11-11","Brazil","com.psafe.msuite.adsfree_lto_12mo",1,1
"2025-11-11","Nigeria","com.psafe.msuite.adsfree_lto_12mo",1,1
"2025-11-11","Nigeria","com.psafe.msuite.pro_lto_12mo_39.90",1,1
"2025-11-11","United States","com.psafe.msuite.ads_free_12mo_13.90",1,1
"2025-11-12","Brazil","ultra_12mo_59.90",39,7
"2025-11-12","Brazil","ads_free_12mo_13.90,pro_1mo_3.90,pro_3day_trial_12mo49.9,ultra_1mo_16.90,ultra_12mo_59.90",36,14
"2025-11-12","Brazil","(not set)",12,6
"2025-11-12","United States","ultra_12mo_59.90",12,1
"2025-11-12","Brazil","pro_lto_12mo_39.90",9,2
"2025-11-12","Brazil","com.psafe.msuite.ultra_12mo_59.90",8,4
"2025-11-12","Brazil","no_offers_available",5,1
"2025-11-12","Brazil","ads_free_12mo_13.90",3,3
"2025-11-12","United States","no_offers_available",3,2
"2025-11-12","Brazil","com.psafe.msuite.adsfree_lto_12mo",2,2
"2025-11-12","Brazil","adsfree_lto_12mo",1,1
"2025-11-12","Brazil","com.psafe.msuite.ads_free_12mo_13.90",1,1
"2025-11-12","Jamaica","(not set)",1,1
"2025-11-12","Philippines","com.psafe.msuite.pro_lto_12mo_39.90",1,1
"2025-11-12","United States","(not set)",1,1
"2025-11-12","United States","ads_free_12mo_13.90",1,1
"2025-11-12","United States","adsfree_lto_12mo",1,1
"2025-11-12","United States","com.psafe.msuite.pro_lto_12mo_39.90",1,1
"2025-11-12","United States","ultra_1mo_16.90,ultra_12mo_59.90",1,1
"2025-11-13","Brazil","ads_free_12mo_13.90,pro_1mo_3.90,pro_3day_trial_12mo49.9,ultra_1mo_16.90,ultra_12mo_59.90",67,27
"2025-11-13","Brazil","ultra_12mo_59.90",32,9
"2025-11-13","Brazil","(not set)",23,8
"2025-11-13","United States","ultra_1mo_16.90,ultra_12mo_59.90",11,1
"2025-11-13","Honduras","(not set)",10,1
"2025-11-13","Brazil","pro_1mo,pro_3day_trial_12mo49.9,ultra_1mo_16.90,ultra_12mo_59.90",7,1
"2025-11-13","Egypt","ads_free_12mo_13.90,pro_1mo_3.90,pro_3day_trial_12mo49.9,ultra_1mo_16.90,ultra_12mo_59.90",6,2
"2025-11-13","Brazil","ads_free_12mo_13.90",5,5
"2025-11-13","United States","pro_12mo_49.90,ultra_12mo_59.90",5,1
"2025-11-13","Brazil","pro_lto_12mo_39.90",3,3
"2025-11-13","United States","ads_free_12mo_13.90,pro_1mo_3.90,pro_3day_trial_12mo49.9,ultra_1mo_16.90,ultra_12mo_59.90",3,2
"2025-11-13","Brazil","com.psafe.msuite.ads_free_12mo_13.90",2,1
"2025-11-13","Brazil","com.psafe.msuite.adsfree_lto_12mo",1,1
"2025-11-13","Brazil","com.psafe.msuite.pro_lto_12mo_39.90",1,1
"2025-11-14","Brazil","ads_free_12mo_13.90,pro_1mo_3.90,pro_3day_trial_12mo49.9,ultra_1mo_16.90,ultra_12mo_59.90",34,23
"2025-11-14","Brazil","ultra_12mo_59.90",31,5
"2025-11-14","United States","com.psafe.msuite.pro_lto_12mo_39.90",18,1
"2025-11-14","United States","ultra_12mo_59.90",15,1
"2025-11-14","Brazil","pro_lto_12mo_39.90",11,2
"2025-11-14","Brazil","(not set)",10,7
"2025-11-14","Iran","(not set)",7,1
"2025-11-14","Brazil","pro_1mo_3.90,pro_3day_trial_12mo49.9,ultra_1mo_16.90,ultra_12mo_59.90",6,1
"2025-11-14","United States","ads_free_12mo_13.90,pro_1mo_3.90,pro_3day_trial_12mo49.9,ultra_1mo_16.90,ultra_12mo_59.90",4,1
"2025-11-14","Brazil","ads_free_12mo_13.90",3,2
"2025-11-14","Brazil","adsfree_lto_12mo",2,2
"2025-11-14","Brazil","com.psafe.msuite.adsfree_lto_12mo",2,2
"2025-11-14","Brazil","com.psafe.msuite.pro_lto_12mo_39.90",2,2
"2025-11-14","United States","(not set)",2,2
"2025-11-14","United States","pro_lto_12mo_39.90",2,2
"2025-11-14","Brazil","com.psafe.msuite.ads_free_12mo_13.90",1,1
"2025-11-14","Uganda","com.psafe.msuite.ads_free_12mo_13.90",1,1
"2025-11-14","Uganda","com.psafe.msuite.pro_lto_12mo_39.90",1,1
"2025-11-15","Brazil","ads_free_12mo_13.90,pro_1mo_3.90,pro_3day_trial_12mo49.9,ultra_1mo_16.90,ultra_12mo_59.90",66,27
"2025-11-15","Brazil","ultra_12mo_59.90",65,15
"2025-11-15","Brazil","pro_lto_12mo_39.90",21,6
"2025-11-15","United States","pro_lto_12mo_39.90",10,2
"2025-11-15","United States","ultra_12mo_59.90",9,1
"2025-11-15","Saudi Arabia","(not set)",7,1
"2025-11-15","Brazil","ads_free_12mo_13.90",5,5
"2025-11-15","United States","(not set)",5,2
"2025-11-15","Brazil","(not set)",4,3
"2025-11-15","Nigeria","(not set)",4,1
"2025-11-15","Philippines","(not set)",4,1
"2025-11-15","Brazil","com.psafe.msuite.pro_lto_12mo_39.90",3,3
"2025-11-15","Brazil","com.psafe.msuite.ads_free_12mo_13.90",2,1
"2025-11-15","Iran","(not set)",2,1
"2025-11-15","United States","ads_free_12mo_13.90,pro_1mo_3.90,pro_3day_trial_12mo49.9,ultra_1mo_16.90,ultra_12mo_59.90",2,2
"2025-11-15","Morocco","ads_free_12mo_13.90",1,1
"2025-11-15","Morocco","ads_free_12mo_13.90,pro_1mo_3.90,pro_3day_trial_12mo49.9,ultra_1mo_16.90,ultra_12mo_59.90",1,1
"2025-11-15","Morocco","ultra_12mo_59.90",1,1
"2025-11-16","Brazil","ultra_12mo_59.90",58,9
"2025-11-16","Brazil","ads_free_12mo_13.90,pro_1mo_3.90,pro_3day_trial_12mo49.9,ultra_1mo_16.90,ultra_12mo_59.90",56,24
"2025-11-16","Brazil","pro_lto_12mo_39.90",31,3
"2025-11-16","Brazil","(not set)",13,7
"2025-11-16","United States","ads_free_12mo_13.90,pro_1mo_3.90,pro_3day_trial_12mo49.9,ultra_1mo_16.90,ultra_12mo_59.90",9,4
"2025-11-16","Brazil","ads_free_12mo_13.90",7,6
"2025-11-16","Brazil","com.psafe.msuite.ultra_12mo_59.90",6,2
"2025-11-16","Iran","(not set)",6,1
"2025-11-16","United States","ultra_12mo_59.90",6,1
"2025-11-16","Bangladesh","ultra_12mo_59.90",5,2
"2025-11-16","Puerto Rico","ads_free_12mo_13.90,pro_1mo_3.90,pro_3day_trial_12mo49.9,ultra_1mo_16.90,ultra_12mo_59.90",5,1
"2025-11-16","Thailand","ads_free_12mo_13.90,pro_1mo_3.90,pro_3day_trial_12mo49.9,ultra_1mo_16.90,ultra_12mo_59.90",5,1
"2025-11-16","France","(not set)",4,1
"2025-11-16","Mexico","ads_free_12mo_13.90,pro_1mo_3.90,pro_3day_trial_12mo49.9,ultra_1mo_16.90,ultra_12mo_59.90",4,1
"2025-11-16","Nigeria","(not set)",3,1
"2025-11-16","United States","com.psafe.msuite.adsfree_lto_12mo",2,1
"2025-11-16","United States","com.psafe.msuite.pro_lto_12mo_39.90",2,1
"2025-11-16","Brazil","com.psafe.msuite.adsfree_lto_12mo",1,1
"2025-11-16","Brazil","com.psafe.msuite.pro_lto_12mo_39.90",1,1
"2025-11-16","Morocco","ultra_12mo_59.90",1,1
"2025-11-16","United States","(not set)",1,1
"2025-11-16","United States","pro_lto_12mo_39.90",1,1
"2025-11-17","Brazil","ads_free_12mo_13.90,pro_1mo_3.90,pro_3day_trial_12mo49.9,ultra_1mo_16.90,ultra_12mo_59.90",62,24
"2025-11-17","Brazil","(not set)",25,6
"2025-11-17","Brazil","com.psafe.msuite.ultra_12mo_59.90",21,4
"2025-11-17","Brazil","ultra_12mo_59.90",17,8
"2025-11-17","United States","ultra_12mo_59.90",12,3
"2025-11-17","United States","(not set)",8,3
"2025-11-17","Brazil","pro_lto_12mo_39.90",7,7
"2025-11-17","Iran","(not set)",7,1
"2025-11-17","Iran","ads_free_12mo_13.90,pro_1mo_3.90,pro_3day_trial_12mo49.9,ultra_1mo_16.90,ultra_12mo_59.90",6,1
"2025-11-17","Brazil","ads_free_12mo_13.90",5,4
"2025-11-17","United States","ads_free_12mo_13.90,pro_1mo_3.90,pro_3day_trial_12mo49.9,ultra_1mo_16.90,ultra_12mo_59.90",5,1
"2025-11-17","Kuwait","ads_free_12mo_13.90,pro_1mo_3.90,pro_3day_trial_12mo49.9,ultra_1mo_16.90,ultra_12mo_59.90",4,1
"2025-11-17","Brazil","com.psafe.msuite.pro_lto_12mo_39.90",1,1
"2025-11-17","Puerto Rico","pro_lto_12mo_39.90",1,1
"2025-11-18","Brazil","ultra_12mo_59.90",61,13
"2025-11-18","Brazil","ads_free_12mo_13.90,pro_1mo_3.90,pro_3day_trial_12mo49.9,ultra_1mo_16.90,ultra_12mo_59.90",56,27
"2025-11-18","Brazil","(not set)",23,9
"2025-11-18","United States","ultra_12mo_59.90",15,2
"2025-11-18","Thailand","ads_free_12mo_13.90,pro_1mo_3.90,pro_3day_trial_12mo49.9,ultra_1mo_16.90,ultra_12mo_59.90",9,1
"2025-11-18","Brazil","ads_free_12mo_13.90",8,5
"2025-11-18","Egypt","ads_free_12mo_13.90,pro_1mo_3.90,pro_3day_trial_12mo49.9,ultra_1mo_16.90,ultra_12mo_59.90",8,1
"2025-11-18","Türkiye","ads_free_12mo_13.90,pro_1mo_3.90,pro_3day_trial_12mo49.9,ultra_1mo_16.90,ultra_12mo_59.90",7,1
"2025-11-18","United States","(not set)",5,2
"2025-11-18","Brazil","com.psafe.msuite.pro_lto_12mo_39.90",4,4
"2025-11-18","India","ads_free_12mo_13.90,pro_1mo_3.90,pro_3day_trial_12mo49.9,ultra_1mo_16.90,ultra_12mo_59.90",4,1
"2025-11-18","Brazil","com.psafe.msuite.ultra_12mo_59.90",3,2
"2025-11-18","India","ultra_12mo_59.90",3,1
"2025-11-18","Brazil","pro_lto_12mo_39.90",2,2
"2025-11-18","United States","ads_free_12mo_13.90,pro_1mo_3.90,pro_3day_trial_12mo49.9,ultra_1mo_16.90,ultra_12mo_59.90",2,1
"2025-11-18","Brazil","com.psafe.msuite.ads_free_12mo_13.90",1,1
"2025-11-18","Brazil","no_offers_available",1,1
"2025-11-18","Jamaica","com.psafe.msuite.ultra_12mo_59.90",1,1
"2025-11-18","Nigeria","com.psafe.msuite.pro_3day_trial_12mo49.9",1,1
"2025-11-18","Philippines","com.psafe.msuite.pro_lto_12mo_39.90",1,1
"2025-11-18","United States","no_offers_available",1,1
"2025-11-18","United States","pro_lto_12mo_39.90",1,1
"2025-11-19","Brazil","ads_free_12mo_13.90,pro_1mo_3.90,pro_3day_trial_12mo49.9,ultra_1mo_16.90,ultra_12mo_59.90",53,15
"2025-11-19","Brazil","ultra_12mo_59.90",31,9
"2025-11-19","Brazil","pro_lto_12mo_39.90",12,9
"2025-11-19","Bangladesh","ads_free_12mo_13.90,pro_1mo_3.90,pro_3day_trial_12mo49.9,ultra_1mo_16.90,ultra_12mo_59.90",9,1
"2025-11-19","Egypt","ads_free_12mo_13.90,pro_1mo_3.90,pro_3day_trial_12mo49.9,ultra_1mo_16.90,ultra_12mo_59.90",7,1
"2025-11-19","Brazil","ads_free_12mo_13.90",6,6
"2025-11-19","Brazil","com.psafe.msuite.ultra_12mo_59.90",6,2
"2025-11-19","Malaysia","(not set)",6,1
"2025-11-19","Mexico","ads_free_12mo_13.90,pro_1mo_3.90,pro_3day_trial_12mo49.9,ultra_1mo_16.90,ultra_12mo_59.90",5,1
"2025-11-19","Bangladesh","ultra_12mo_59.90",4,1
"2025-11-19","Brazil","(not set)",4,4
"2025-11-19","France","ads_free_12mo_13.90,pro_1mo_3.90,pro_3day_trial_12mo49.9,ultra_1mo_16.90,ultra_12mo_59.90",4,1
"2025-11-19","Germany","ads_free_12mo_13.90,pro_1mo_3.90,pro_3day_trial_12mo49.9,ultra_1mo_16.90,ultra_12mo_59.90",4,1
"2025-11-19","United States","ultra_12mo_59.90",4,2
"2025-11-19","Brazil","com.psafe.msuite.adsfree_lto_12mo",2,2
"2025-11-19","Brazil","com.psafe.msuite.pro_lto_12mo_39.90",2,2
"2025-11-19","Nigeria","(not set)",2,1
"2025-11-19","United States","(not set)",2,1
"2025-11-19","United States","ads_free_12mo_13.90",2,2
"2025-11-19","United States","ads_free_12mo_13.90,pro_1mo_3.90,pro_3day_trial_12mo49.9,ultra_1mo_16.90,ultra_12mo_59.90",1,1
"2025-11-20","Brazil","ads_free_12mo_13.90,pro_1mo_3.90,pro_3day_trial_12mo49.9,ultra_1mo_16.90,ultra_12mo_59.90",37,16
"2025-11-20","Brazil","ultra_12mo_59.90",21,5
"2025-11-20","Brazil","(not set)",10,6
"2025-11-20","Brazil","pro_lto_12mo_39.90",10,7
"2025-11-20","India","ads_free_12mo_13.90,pro_1mo_3.90,pro_3day_trial_12mo49.9,ultra_1mo_16.90,ultra_12mo_59.90",10,2
"2025-11-20","United States","ultra_12mo_59.90",10,2
"2025-11-20","Brazil","ads_free_12mo_13.90",8,6
"2025-11-20","Iran","(not set)",7,2
"2025-11-20","Netherlands","ultra_12mo_59.90",4,1
"2025-11-20","Philippines","ultra_12mo_59.90",4,1
"2025-11-20","Spain","ads_free_12mo_13.90,pro_1mo_3.90,pro_3day_trial_12mo49.9,ultra_1mo_16.90,ultra_12mo_59.90",4,1
"2025-11-20","Venezuela","(not set)",4,1
"2025-11-20","India","com.psafe.msuite.adsfree_lto_12mo",2,1
"2025-11-20","India","com.psafe.msuite.pro_lto_12mo_39.90",2,1
"2025-11-20","Brazil","com.psafe.msuite.pro_lto_12mo_39.90",1,1
"2025-11-20","United States","ads_free_12mo_13.90,pro_1mo_3.90,pro_3day_trial_12mo49.9,ultra_1mo_16.90,ultra_12mo_59.90",1,1
"2025-11-20","United States","adsfree_lto_12mo",1,1
"2025-11-20","United States","com.psafe.msuite.ads_free_12mo_13.90",1,1
"2025-11-21","Brazil","ultra_12mo_59.90",334,6
"2025-11-21","Brazil","ads_free_12mo_13.90,pro_1mo_3.90,pro_3day_trial_12mo49.9,ultra_1mo_16.90,ultra_12mo_59.90",50,22
"2025-11-21","Brazil","(not set)",22,7
"2025-11-21","United States","(not set)",10,2
"2025-11-21","Ecuador","(not set)",9,1
"2025-11-21","United States","ultra_12mo_59.90",9,1
"2025-11-21","Brazil","ads_free_12mo_13.90",5,5
"2025-11-21","Brazil","pro_lto_12mo_39.90",4,4
"2025-11-21","Brazil","adsfree_lto_12mo",2,2
"2025-11-21","United States","ads_free_12mo_13.90,pro_1mo_3.90,pro_3day_trial_12mo49.9,ultra_1mo_16.90,ultra_12mo_59.90",2,2
"2025-11-21","Brazil","com.psafe.msuite.ultra_12mo_59.90",1,1
"2025-11-21","Brazil","pro_1mo_3.90,pro_3day_trial_12mo49.9,ultra_1mo_16.90,ultra_12mo_59.90",1,1
"2025-11-21","Iran","ads_free_12mo_13.90,pro_1mo_3.90,pro_3day_trial_12mo49.9,ultra_1mo_16.90,ultra_12mo_59.90",1,1
"2025-11-22","Brazil","ads_free_12mo_13.90,pro_1mo_3.90,pro_3day_trial_12mo49.9,ultra_1mo_16.90,ultra_12mo_59.90",75,34
"2025-11-22","Brazil","pro_lto_12mo_39.90",39,7
"2025-11-22","Brazil","ultra_12mo_59.90",32,9
"2025-11-22","United States","ultra_12mo_59.90",17,3
"2025-11-22","Brazil","(not set)",12,5
"2025-11-22","Brazil","ads_free_12mo_13.90",5,5
"2025-11-22","United States","ads_free_12mo_13.90,pro_1mo_3.90,pro_3day_trial_12mo49.9,ultra_1mo_16.90,ultra_12mo_59.90",5,4
"2025-11-22","Brazil","com.psafe.msuite.pro_3day_trial_12mo49.9",3,1
"2025-11-22","Puerto Rico","com.psafe.msuite.pro_lto_12mo_39.90",3,1
"2025-11-22","Brazil","com.psafe.msuite.adsfree_lto_12mo",2,2
"2025-11-22","Nigeria","(not set)",2,1
"2025-11-22","Brazil","adsfree_lto_12mo",1,1
"2025-11-22","Brazil","com.psafe.msuite.ads_free_12mo_13.90",1,1
"2025-11-22","Brazil","com.psafe.msuite.pro_1mo_3.90,com.psafe.msuite.pro_3day_trial_12mo49.9",1,1
"2025-11-22","Brazil","com.psafe.msuite.pro_lto_12mo_39.90",1,1
"2025-11-22","United States","(not set)",1,1
"2025-11-22","United States","ads_free_12mo_13.90",1,1
"2025-11-22","United States","com.psafe.msuite.adsfree_lto_12mo",1,1
"2025-11-22","United States","com.psafe.msuite.pro_lto_12mo_39.90",1,1
"2025-11-23","Brazil","ads_free_12mo_13.90,pro_1mo_3.90,pro_3day_trial_12mo49.9,ultra_1mo_16.90,ultra_12mo_59.90",73,29
"2025-11-23","Brazil","ultra_12mo_59.90",45,11
"2025-11-23","United States","ultra_12mo_59.90",25,4
"2025-11-23","Brazil","pro_lto_12mo_39.90",15,8
"2025-11-23","Brazil","(not set)",11,4
"2025-11-23","United States","ads_free_12mo_13.90,pro_1mo_3.90,pro_3day_trial_12mo49.9,ultra_1mo_16.90,ultra_12mo_59.90",7,3
"2025-11-23","Brazil","com.psafe.msuite.pro_lto_12mo_39.90",6,6
"2025-11-23","India","ultra_12mo_59.90",6,1
"2025-11-23","Brazil","ads_free_12mo_13.90",5,5
"2025-11-23","Italy","ads_free_12mo_13.90,pro_1mo_3.90,pro_3day_trial_12mo49.9,ultra_1mo_16.90,ultra_12mo_59.90",5,1
"2025-11-23","Brazil","com.psafe.msuite.pro_3day_trial_12mo49.9",4,1
"2025-11-23","Algeria","ads_free_12mo_13.90,pro_1mo_3.90,pro_3day_trial_12mo49.9,ultra_1mo_16.90,ultra_12mo_59.90",3,1
"2025-11-23","Brazil","ultra_1mo_16.90,ultra_12mo_59.90",2,1
"2025-11-23","United States","com.psafe.msuite.ads_free_12mo_13.90",2,1
"2025-11-23","Brazil","adsfree_lto_12mo",1,1
"2025-11-23","Colombia","ads_free_12mo_13.90,pro_1mo_3.90,pro_3day_trial_12mo49.9,ultra_1mo_16.90,ultra_12mo_59.90",1,1
"2025-11-23","Mozambique","ads_free_12mo_13.90,pro_1mo_3.90,pro_3day_trial_12mo49.9,ultra_1mo_16.90,ultra_12mo_59.90",1,1
"2025-11-23","Mozambique","ultra_12mo_59.90",1,1
"2025-11-24","Brazil","ads_free_12mo_13.90,pro_1mo_3.90,pro_3day_trial_12mo49.9,ultra_1mo_16.90,ultra_12mo_59.90",58,26
"2025-11-24","Brazil","ultra_12mo_59.90",30,10
"2025-11-24","Brazil","(not set)",10,3
"2025-11-24","Brazil","ads_free_12mo_13.90",7,5
"2025-11-24","Brazil","pro_lto_12mo_39.90",5,5
"2025-11-24","United States","ads_free_12mo_13.90,pro_1mo_3.90,pro_3day_trial_12mo49.9,ultra_1mo_16.90,ultra_12mo_59.90",5,3
"2025-11-24","United States","ads_free_12mo_13.90",3,2
"2025-11-24","Bangladesh","ultra_12mo_59.90",2,1
"2025-11-24","Brazil","com.psafe.msuite.ultra_12mo_59.90",2,1
"2025-11-24","Egypt","ads_free_12mo_13.90,pro_1mo_3.90,pro_3day_trial_12mo49.9,ultra_1mo_16.90,ultra_12mo_59.90",2,1
"2025-11-24","Lithuania","pro_lto_12mo_39.90",2,1
"2025-11-24","Brazil","com.psafe.msuite.ads_free_12mo_13.90",1,1
"2025-11-24","Brazil","com.psafe.msuite.adsfree_lto_12mo",1,1
"2025-11-24","Brazil","com.psafe.msuite.pro_lto_12mo_39.90",1,1
"2025-11-24","Indonesia","ads_free_12mo_13.90,pro_1mo_3.90,pro_3day_trial_12mo49.9,ultra_1mo_16.90,ultra_12mo_59.90",1,1
"2025-11-24","Lithuania","ads_free_12mo_13.90,pro_1mo_3.90,pro_3day_trial_12mo49.9,ultra_1mo_16.90,ultra_12mo_59.90",1,1
"2025-11-24","South Africa","com.psafe.msuite.pro_lto_12mo_39.90",1,1
"2025-11-24","United States","(not set)",1,1
"2025-11-24","United States","com.psafe.msuite.ultra_12mo_59.90",1,1
"2025-11-24","United States","pro_lto_12mo_39.90",1,1
"2025-11-25","Brazil","ads_free_12mo_13.90,pro_1mo_3.90,pro_3day_trial_12mo49.9,ultra_1mo_16.90,ultra_12mo_59.90",50,28
"2025-11-25","Brazil","ultra_12mo_59.90",41,10
"2025-11-25","United States","ultra_12mo_59.90",13,2
"2025-11-25","Brazil","(not set)",9,1
"2025-11-25","Brazil","pro_lto_12mo_39.90",9,3
"2025-11-25","Egypt","ads_free_12mo_13.90,pro_1mo_3.90,pro_3day_trial_12mo49.9,ultra_1mo_16.90,ultra_12mo_59.90",8,1
"2025-11-25","Saudi Arabia","ultra_12mo_59.90",6,1
"2025-11-25","Nigeria","(not set)",5,1
"2025-11-25","Brazil","ads_free_12mo_13.90",3,3
"2025-11-25","Brazil","com.psafe.msuite.ultra_12mo_59.90",3,1
"2025-11-25","Brazil","com.psafe.msuite.adsfree_lto_12mo",2,2
"2025-11-25","Lithuania","ultra_12mo_59.90",2,1
"2025-11-25","Philippines","(not set)",2,1
"2025-11-25","South Africa","ultra_12mo_59.90",2,1
"2025-11-25","United States","pro_1mo_3.90,pro_3day_trial_12mo49.9,ultra_1mo_16.90,ultra_12mo_59.90",2,1
"2025-11-25","Algeria","ads_free_12mo_13.90,pro_1mo_3.90,pro_3day_trial_12mo49.9,ultra_1mo_16.90,ultra_12mo_59.90",1,1
"2025-11-25","Brazil","com.psafe.msuite.pro_lto_12mo_39.90",1,1
"2025-11-25","Brazil","ultra_1mo_16.90,ultra_12mo_59.90",1,1
"2025-11-25","Nigeria","pro_lto_12mo_39.90",1,1
"2025-11-25","Qatar","com.psafe.msuite.pro_lto_12mo_39.90",1,1
"2025-11-25","United States","(not set)",1,1
"2025-11-25","United States","ads_free_12mo_13.90",1,1
"2025-11-25","United States","pro_lto_12mo_39.90",1,1
"2025-11-26","Brazil","ads_free_12mo_13.90,pro_1mo_3.90,pro_3day_trial_12mo49.9,ultra_1mo_16.90,ultra_12mo_59.90",61,24
"2025-11-26","Brazil","ultra_12mo_59.90",25,8
"2025-11-26","Brazil","com.psafe.msuite.pro_lto_12mo_39.90",9,2
"2025-11-26","Brazil","ads_free_12mo_13.90",8,7
"2025-11-26","Brazil","com.psafe.msuite.ultra_12mo_59.90",8,2
"2025-11-26","United States","ultra_12mo_59.90",8,2
"2025-11-26","Indonesia","ads_free_12mo_13.90,pro_1mo_3.90,pro_3day_trial_12mo49.9,ultra_1mo_16.90,ultra_12mo_59.90",5,1
"2025-11-26","Brazil","pro_lto_12mo_39.90",4,4
"2025-11-26","Brazil","(not set)",2,2
"2025-11-26","United States","(not set)",2,1
"2025-11-26","United States","ads_free_12mo_13.90,pro_1mo_3.90,pro_3day_trial_12mo49.9,ultra_1mo_16.90,ultra_12mo_59.90",2,1
"2025-11-26","Brazil","adsfree_lto_12mo",1,1
"2025-11-26","Brazil","com.psafe.msuite.ads_free_12mo_13.90",1,1
"2025-11-26","Brazil","com.psafe.msuite.adsfree_lto_12mo",1,1
"2025-11-26","Brazil","pro_12mo_49.90,ultra_12mo_59.90",1,1
"2025-11-26","United States","com.psafe.msuite.pro_lto_12mo_39.90",1,1
"2025-11-27","Brazil","ads_free_12mo_13.90,pro_1mo_3.90,pro_3day_trial_12mo49.9,ultra_1mo_16.90,ultra_12mo_59.90",94,31
"2025-11-27","Brazil","(not set)",44,7
"2025-11-27","Brazil","pro_lto_12mo_39.90",22,8
"2025-11-27","Brazil","ultra_12mo_59.90",19,8
"2025-11-27","Brazil","ads_free_12mo,pro_1mo,pro_3day_trial_12mo49.9,ultra_1mo_16.90,ultra_12mo_59.90",18,1
"2025-11-27","United States","ultra_12mo_59.90",13,2
"2025-11-27","Libya","ads_free_12mo_13.90,pro_1mo_3.90,pro_3day_trial_12mo49.9,ultra_1mo_16.90,ultra_12mo_59.90",9,1
"2025-11-27","Germany","ads_free_12mo_13.90,pro_1mo_3.90,pro_3day_trial_12mo49.9,ultra_1mo_16.90,ultra_12mo_59.90",6,1
"2025-11-27","Brazil","ads_free_12mo_13.90",5,5
"2025-11-27","Brazil","ultra_12mo",5,1
"2025-11-27","Paraguay","ads_free_12mo_13.90,pro_1mo_3.90,pro_3day_trial_12mo49.9,ultra_1mo_16.90,ultra_12mo_59.90",5,1
"2025-11-27","Algeria","ultra_12mo_59.90",4,1
"2025-11-27","Bangladesh","ads_free_12mo_13.90,pro_1mo_3.90,pro_3day_trial_12mo49.9,ultra_1mo_16.90,ultra_12mo_59.90",4,1
"2025-11-27","United States","ads_free_12mo_13.90",2,1
"2025-11-27","United States","ads_free_12mo_13.90,pro_1mo_3.90,pro_3day_trial_12mo49.9,ultra_1mo_16.90,ultra_12mo_59.90",2,2
"2025-11-27","Brazil","ads_free_12mo_13.90,pro_1mo_3.90,pro_3day_trial_12mo49.9,ultra_12mo_59.90",1,1
"2025-11-27","Brazil","com.psafe.msuite.adsfree_lto_12mo",1,1
"2025-11-27","Brazil","com.psafe.msuite.pro_lto_12mo_39.90",1,1
"2025-11-27","Brazil","com.psafe.msuite.ultra_12mo_59.90",1,1
"2025-11-27","Indonesia","ads_free_12mo_13.90,pro_1mo_3.90,pro_3day_trial_12mo49.9,ultra_1mo_16.90,ultra_12mo_59.90",1,1
"2025-11-27","United States","com.psafe.msuite.ads_free_12mo_13.90",1,1
"2025-11-28","Brazil","ads_free_12mo_13.90,pro_1mo_3.90,pro_3day_trial_12mo49.9,ultra_1mo_16.90,ultra_12mo_59.90",72,22
"2025-11-28","Brazil","ultra_12mo_59.90",37,12
"2025-11-28","Brazil","ads_free_12mo,pro_1mo,pro_3day_trial_12mo49.9,ultra_1mo_16.90,ultra_12mo_59.90",36,1
"2025-11-28","Brazil","(not set)",17,6
"2025-11-28","United States","ultra_12mo_59.90",12,2
"2025-11-28","Brazil","ads_free_12mo_13.90",6,6
"2025-11-28","Nigeria","(not set)",6,1
"2025-11-28","United States","ads_free_12mo_13.90,pro_1mo_3.90,pro_3day_trial_12mo49.9,ultra_1mo_16.90,ultra_12mo_59.90",6,2
"2025-11-28","Brazil","pro_12mo_49.90,ultra_12mo_59.90",5,1
"2025-11-28","Egypt","ultra_12mo_59.90",5,1
"2025-11-28","United States","(not set)",5,1
"2025-11-28","Brazil","com.psafe.msuite.adsfree_lto_12mo",3,3
"2025-11-28","Brazil","pro_lto_12mo_39.90",3,3
"2025-11-28","Brazil","com.psafe.msuite.pro_lto_12mo_39.90",2,2
"2025-11-28","Brazil","com.psafe.msuite.ultra_12mo_59.90",2,1
"2025-11-28","Dominican Republic","ads_free_12mo_13.90,pro_1mo_3.90,pro_3day_trial_12mo49.9,ultra_1mo_16.90,ultra_12mo_59.90",2,1
"2025-11-28","Mexico","ads_free_12mo_13.90,pro_1mo_3.90,pro_3day_trial_12mo49.9,ultra_1mo_16.90,ultra_12mo_59.90",1,1
"2025-11-29","Brazil","ads_free_12mo_13.90,pro_1mo_3.90,pro_3day_trial_12mo49.9,ultra_1mo_16.90,ultra_12mo_59.90",48,23
"2025-11-29","Brazil","(not set)",9,7
"2025-11-29","Saudi Arabia","ultra_12mo_59.90",9,1
"2025-11-29","Brazil","ads_free_12mo_13.90",8,8
"2025-11-29","United States","ultra_12mo_59.90",8,2
"2025-11-29","Brazil","ultra_12mo_59.90",7,5
"2025-11-29","Saudi Arabia","ads_free_12mo_13.90,pro_1mo_3.90,pro_3day_trial_12mo49.9,ultra_1mo_16.90,ultra_12mo_59.90",6,1
"2025-11-29","Brazil","pro_lto_12mo_39.90",5,5
"2025-11-29","Bangladesh","ads_free_12mo_13.90,pro_1mo_3.90,pro_3day_trial_12mo49.9,ultra_1mo_16.90,ultra_12mo_59.90",4,1
"2025-11-29","Egypt","ads_free_12mo_13.90,pro_1mo_3.90,pro_3day_trial_12mo49.9,ultra_1mo_16.90,ultra_12mo_59.90",4,1
"2025-11-29","Dominican Republic","ads_free_12mo_13.90,pro_1mo_3.90,pro_3day_trial_12mo49.9,ultra_1mo_16.90,ultra_12mo_59.90",2,1
"2025-11-29","United States","ads_free_12mo_13.90,pro_1mo_3.90,pro_3day_trial_12mo49.9,ultra_1mo_16.90,ultra_12mo_59.90",2,2
"2025-11-29","Brazil","adsfree_lto_12mo",1,1
"2025-11-29","Brazil","com.psafe.msuite.adsfree_lto_12mo",1,1
"2025-11-29","Brazil","com.psafe.msuite.pro_lto_12mo_39.90",1,1
"2025-11-29","United States","com.psafe.msuite.pro_lto_12mo_39.90",1,1
"2025-11-29","United States","pro_lto_12mo_39.90",1,1
"2025-11-30","Brazil","ads_free_12mo_13.90,pro_1mo_3.90,pro_3day_trial_12mo49.9,ultra_1mo_16.90,ultra_12mo_59.90",90,40
"2025-11-30","Brazil","ultra_12mo_59.90",37,10
"2025-11-30","Thailand","ads_free_12mo_13.90,pro_1mo_3.90,pro_3day_trial_12mo49.9,ultra_1mo_16.90,ultra_12mo_59.90",18,1
"2025-11-30","Brazil","ads_free_12mo_13.90",13,12
"2025-11-30","Brazil","(not set)",8,3
"2025-11-30","United States","ads_free_12mo_13.90,pro_1mo_3.90,pro_3day_trial_12mo49.9,ultra_1mo_16.90,ultra_12mo_59.90",7,4
"2025-11-30","Romania","ads_free_12mo_13.90,pro_1mo_3.90,pro_3day_trial_12mo49.9,ultra_1mo_16.90,ultra_12mo_59.90",4,1
"2025-11-30","Brazil","adsfree_lto_12mo",2,2
"2025-11-30","Brazil","com.psafe.msuite.adsfree_lto_12mo",2,2
"2025-11-30","United States","ads_free_12mo_13.90",2,2
"2025-11-30","Brazil","com.psafe.msuite.ads_free_12mo_13.90",1,1
"2025-11-30","Brazil","com.psafe.msuite.pro_lto_12mo_39.90",1,1
"2025-11-30","Brazil","pro_lto_12mo_39.90",1,1
"2025-11-30","United States","com.psafe.msuite.ultra_12mo_59.90",1,1
"2025-11-30","United States","pro_lto_12mo_39.90",1,1
"2025-12-01","Brazil","ads_free_12mo_13.90,pro_1mo_3.90,pro_3day_trial_12mo49.9,ultra_1mo_16.90,ultra_12mo_59.90",62,27
"2025-12-01","Brazil","ultra_12mo_59.90",37,8
"2025-12-01","Brazil","(not set)",23,6
"2025-12-01","United States","pro_lto_12mo_39.90",16,1
"2025-12-01","United States","ultra_12mo_59.90",15,4
"2025-12-01","United States","ads_free_12mo_13.90,pro_1mo_3.90,pro_3day_trial_12mo49.9,ultra_1mo_16.90,ultra_12mo_59.90",11,5
"2025-12-01","Brazil","ads_free_12mo_13.90",2,2
"2025-12-01","Brazil","com.psafe.msuite.ads_free_12mo_13.90",2,2
"2025-12-01","Brazil","com.psafe.msuite.adsfree_lto_12mo",2,2
"2025-12-01","Portugal","ads_free_12mo_13.90,pro_1mo_3.90,pro_3day_trial_12mo49.9,ultra_1mo_16.90,ultra_12mo_59.90",2,1
"2025-12-01","United States","ads_free_12mo_13.90",2,2
"2025-12-01","Brazil","com.psafe.msuite.pro_lto_12mo_39.90",1,1
"2025-12-01","Brazil","no_offers_available",1,1
"2025-12-01","United Kingdom","(not set)",1,1
"2025-12-01","United Kingdom","com.psafe.msuite.ads_free_12mo_13.90",1,1
"2025-12-01","United States","adsfree_lto_12mo",1,1
"2025-12-02","Brazil","ads_free_12mo_13.90,pro_1mo_3.90,pro_3day_trial_12mo49.9,ultra_1mo_16.90,ultra_12mo_59.90",147,34
"2025-12-02","Brazil","ultra_12mo_59.90",48,8
"2025-12-02","Brazil","(not set)",13,4
"2025-12-02","United States","ultra_12mo_59.90",8,2
"2025-12-02","Brazil","ads_free_12mo_13.90",7,6
"2025-12-02","Poland","ads_free_12mo_13.90,pro_1mo_3.90,pro_3day_trial_12mo49.9,ultra_1mo_16.90,ultra_12mo_59.90",6,1
"2025-12-02","United States","ads_free_12mo_13.90,pro_1mo_3.90,pro_3day_trial_12mo49.9,ultra_1mo_16.90,ultra_12mo_59.90",6,4
"2025-12-02","Brazil","com.psafe.msuite.ultra_12mo_59.90",4,1
"2025-12-02","Brazil","adsfree_lto_12mo",2,2
"2025-12-02","Brazil","com.psafe.msuite.ads_free_12mo_13.90",2,2
"2025-12-02","Brazil","com.psafe.msuite.pro_lto_12mo_39.90",2,2
"2025-12-02","Brazil","pro_lto_12mo_39.90",2,2
"2025-12-02","Brazil","no_offers_available",1,1
"2025-12-03","Brazil","ads_free_12mo_13.90,pro_1mo_3.90,pro_3day_trial_12mo49.9,ultra_1mo_16.90,ultra_12mo_59.90",48,28
"2025-12-03","Brazil","ultra_12mo_59.90",45,10
"2025-12-03","Brazil","(not set)",12,5
"2025-12-03","France","ads_free_12mo_13.90,pro_1mo_3.90,pro_3day_trial_12mo49.9,ultra_1mo_16.90,ultra_12mo_59.90",7,1
"2025-12-03","United States","ultra_12mo_59.90",6,1
"2025-12-03","Iraq","ads_free_12mo_13.90,pro_1mo_3.90,pro_3day_trial_12mo49.9,ultra_1mo_16.90,ultra_12mo_59.90",5,1
"2025-12-03","Egypt","ads_free_12mo_13.90,pro_1mo_3.90,pro_3day_trial_12mo49.9,ultra_1mo_16.90,ultra_12mo_59.90",4,1
"2025-12-03","Brazil","ads_free_12mo_13.90",3,2
"2025-12-03","Brazil","no_offers_available",2,1
"2025-12-03","Brazil","pro_lto_12mo_39.90",2,2
"2025-12-03","Iran","ads_free_12mo_13.90,pro_1mo_3.90,pro_3day_trial_12mo49.9,ultra_1mo_16.90,ultra_12mo_59.90",2,1
"2025-12-03","Brazil","com.psafe.msuite.ads_free_12mo_13.90",1,1
"2025-12-03","United States","(not set)",1,1
"2025-12-03","United States","ads_free_12mo_13.90",1,1
"2025-12-04","Brazil","ads_free_12mo_13.90,pro_1mo_3.90,pro_3day_trial_12mo49.9,ultra_1mo_16.90,ultra_12mo_59.90",57,26
"2025-12-04","Brazil","ultra_12mo_59.90",24,7
"2025-12-04","Brazil","(not set)",10,6
"2025-12-04","Brazil","no_offers_available",7,1
"2025-12-04","Germany","ads_free_12mo_13.90,pro_1mo_3.90,pro_3day_trial_12mo49.9,ultra_1mo_16.90,ultra_12mo_59.90",6,1
"2025-12-04","Germany","ultra_12mo_59.90",6,1
"2025-12-04","United States","ultra_12mo_59.90",6,1
"2025-12-04","Algeria","ultra_12mo_59.90",5,1
"2025-12-04","Jordan","ads_free_12mo_13.90,pro_1mo_3.90,pro_3day_trial_12mo49.9,ultra_1mo_16.90,ultra_12mo_59.90",5,1
"2025-12-04","Egypt","ads_free_12mo_13.90,pro_1mo_3.90,pro_3day_trial_12mo49.9,ultra_1mo_16.90,ultra_12mo_59.90",4,1
"2025-12-04","Brazil","pro_lto_12mo_39.90",3,3
"2025-12-04","Brazil","ads_free_12mo_13.90",2,2
"2025-12-04","Brazil","com.psafe.msuite.adsfree_lto_12mo",2,1
"2025-12-04","Brazil","com.psafe.msuite.pro_lto_12mo_39.90",2,2
"2025-12-04","Bangladesh","ads_free_12mo_13.90,pro_1mo_3.90,pro_3day_trial_12mo49.9,ultra_1mo_16.90,ultra_12mo_59.90",1,1
"2025-12-04","Brazil","adsfree_lto_12mo",1,1
"2025-12-04","Mexico","com.psafe.msuite.pro_lto_12mo_39.90",1,1
"2025-12-04","United States","ads_free_12mo_13.90",1,1
"2025-12-04","United States","ads_free_12mo_13.90,pro_1mo_3.90,pro_3day_trial_12mo49.9,ultra_1mo_16.90,ultra_12mo_59.90",1,1
"2025-12-04","United States","com.psafe.msuite.adsfree_lto_12mo",1,1
"2025-12-05","Brazil","ads_free_12mo_13.90,pro_1mo_3.90,pro_3day_trial_12mo49.9,ultra_1mo_16.90,ultra_12mo_59.90",85,27
"2025-12-05","Brazil","ultra_12mo_59.90",30,9
"2025-12-05","Egypt","ultra_12mo_59.90",15,3
"2025-12-05","Algeria","ads_free_12mo_13.90,pro_1mo_3.90,pro_3day_trial_12mo49.9,ultra_1mo_16.90,ultra_12mo_59.90",12,1
"2025-12-05","Brazil","(not set)",10,2
"2025-12-05","Egypt","ads_free_12mo_13.90,pro_1mo_3.90,pro_3day_trial_12mo49.9,ultra_1mo_16.90,ultra_12mo_59.90",10,2
"2025-12-05","Brazil","ads_free_12mo_13.90",9,9
"2025-12-05","India","ultra_12mo_59.90",6,2
"2025-12-05","South Africa","ads_free_12mo_13.90,pro_1mo_3.90,pro_3day_trial_12mo49.9,ultra_1mo_16.90,ultra_12mo_59.90",6,1
"2025-12-05","Canada","pro_12mo_49.90,ultra_12mo_59.90",4,1
"2025-12-05","Mexico","ultra_12mo_59.90",4,1
"2025-12-05","United States","ultra_12mo_59.90",4,1
"2025-12-05","Brazil","adsfree_lto_12mo",2,2
"2025-12-05","Brazil","pro_lto_12mo_39.90",2,2
"2025-12-05","Afghanistan","(not set)",1,1
"2025-12-05","Brazil","com.psafe.msuite.ultra_12mo_59.90",1,1
"2025-12-05","United States","ads_free_12mo_13.90,pro_1mo_3.90,pro_3day_trial_12mo49.9,ultra_1mo_16.90,ultra_12mo_59.90",1,1
"2025-12-05","United States","com.psafe.msuite.ultra_12mo_59.90",1,1
"2025-12-06","Brazil","ads_free_12mo_13.90,pro_1mo_3.90,pro_3day_trial_12mo49.9,ultra_1mo_16.90,ultra_12mo_59.90",90,34
"2025-12-06","Brazil","ultra_12mo_59.90",78,22
"2025-12-06","United States","ultra_12mo_59.90",21,3
"2025-12-06","United States","(not set)",11,2
"2025-12-06","Saudi Arabia","ads_free_12mo_13.90,pro_1mo_3.90,pro_3day_trial_12mo49.9,ultra_1mo_16.90,ultra_12mo_59.90",9,2
"2025-12-06","Algeria","ads_free_12mo_13.90,pro_1mo_3.90,pro_3day_trial_12mo49.9,ultra_1mo_16.90,ultra_12mo_59.90",4,1
"2025-12-06","Brazil","(not set)",4,2
"2025-12-06","Brazil","ads_free_12mo_13.90",3,3
"2025-12-06","Brazil","com.psafe.msuite.adsfree_lto_12mo",3,3
"2025-12-06","Brazil","pro_lto_12mo_39.90",3,3
"2025-12-06","Tunisia","ultra_12mo_59.90",3,1
"2025-12-06","Bangladesh","ads_free_12mo_13.90,pro_1mo_3.90,pro_3day_trial_12mo49.9,ultra_1mo_16.90,ultra_12mo_59.90",2,1
"2025-12-06","Brazil","adsfree_lto_12mo",1,1
"2025-12-06","Brazil","com.psafe.msuite.pro_lto_12mo_39.90",1,1
"2025-12-06","Paraguay","ads_free_12mo_13.90,pro_1mo_3.90,pro_3day_trial_12mo49.9,ultra_1mo_16.90,ultra_12mo_59.90",1,1
"2025-12-06","Puerto Rico","ads_free_12mo_13.90",1,1
"2025-12-06","United States","ads_free_12mo_13.90,pro_1mo_3.90,pro_3day_trial_12mo49.9,ultra_1mo_16.90,ultra_12mo_59.90",1,1
"2025-12-06","United States","com.psafe.msuite.pro_lto_12mo_39.90",1,1
"2025-12-07","Brazil","ads_free_12mo_13.90,pro_1mo_3.90,pro_3day_trial_12mo49.9,ultra_1mo_16.90,ultra_12mo_59.90",66,24
"2025-12-07","Brazil","ultra_12mo_59.90",48,14
"2025-12-07","United States","ultra_12mo_59.90",10,2
"2025-12-07","Saudi Arabia","ads_free_12mo_13.90,pro_1mo_3.90,pro_3day_trial_12mo49.9,ultra_1mo_16.90,ultra_12mo_59.90",7,1
"2025-12-07","India","ads_free_12mo_13.90,pro_1mo_3.90,pro_3day_trial_12mo49.9,ultra_1mo_16.90,ultra_12mo_59.90",6,1
"2025-12-07","Brazil","(not set)",5,3
"2025-12-07","Iran","ads_free_12mo_13.90,pro_1mo_3.90,pro_3day_trial_12mo49.9,ultra_1mo_16.90,ultra_12mo_59.90",5,1
"2025-12-07","Morocco","ultra_12mo_59.90",5,1
"2025-12-07","Egypt","ultra_12mo_59.90",4,1
"2025-12-07","India","ultra_12mo_59.90",4,1
"2025-12-07","United States","ads_free_12mo_13.90,pro_1mo_3.90,pro_3day_trial_12mo49.9,ultra_1mo_16.90,ultra_12mo_59.90",3,2
"2025-12-07","Brazil","adsfree_lto_12mo",2,1
"2025-12-07","Brazil","com.psafe.msuite.ads_free_12mo_13.90",2,2
"2025-12-07","Brazil","pro_lto_12mo_39.90",2,2
"2025-12-07","Dominican Republic","(not set)",2,1
"2025-12-07","Iran","(not set)",2,1
"2025-12-07","Philippines","ultra_12mo_59.90",2,1
"2025-12-07","Tunisia","ultra_12mo_59.90",2,1
"2025-12-07","United States","pro_lto_12mo_39.90",2,2
"2025-12-07","Brazil","ads_free_12mo_13.90",1,1
"2025-12-07","Brazil","com.psafe.msuite.pro_lto_12mo_39.90",1,1
"2025-12-07","Canada","ads_free_12mo_13.90,pro_1mo_3.90,pro_3day_trial_12mo49.9,ultra_1mo_16.90,ultra_12mo_59.90",1,1
"2025-12-07","United States","ads_free_12mo_13.90",1,1
"2025-12-08","Indonesia","(not set)",236,1
"2025-12-08","Brazil","ads_free_12mo_13.90,pro_1mo_3.90,pro_3day_trial_12mo49.9,ultra_1mo_16.90,ultra_12mo_59.90",56,32
"2025-12-08","Brazil","ultra_12mo_59.90",22,6
"2025-12-08","Brazil","ads_free_12mo,pro_1mo,pro_3day_trial_12mo49.9,ultra_1mo_16.90,ultra_12mo_59.90",21,1
"2025-12-08","Brazil","(not set)",8,3
"2025-12-08","Brazil","ads_free_12mo_13.90",8,7
"2025-12-08","Brazil","com.psafe.msuite.ultra_12mo_59.90",6,1
"2025-12-08","South Africa","ultra_12mo_59.90",6,1
"2025-12-08","Mexico","ads_free_12mo_13.90,pro_1mo_3.90,pro_3day_trial_12mo49.9,ultra_1mo_16.90,ultra_12mo_59.90",5,1
"2025-12-08","United States","com.psafe.msuite.pro_lto_12mo_39.90",5,1
"2025-12-08","Brazil","com.psafe.msuite.pro_lto_12mo_39.90",3,3
"2025-12-08","Canada","ads_free_12mo_13.90,pro_1mo_3.90,pro_3day_trial_12mo49.9,ultra_1mo_16.90,ultra_12mo_59.90",3,1
"2025-12-08","United States","ads_free_12mo_13.90,pro_1mo_3.90,pro_3day_trial_12mo49.9,ultra_1mo_16.90,ultra_12mo_59.90",3,1
"2025-12-08","Brazil","adsfree_lto_12mo",2,2
"2025-12-08","Brazil","pro_lto_12mo_39.90",2,2
"2025-12-08","United States","ultra_12mo_59.90",2,2
"2025-12-08","Japan","ultra_12mo_59.90",1,1
"2025-12-08","United States","adsfree_lto_12mo",1,1
"2025-12-09","Brazil","ads_free_12mo_13.90,pro_1mo_3.90,pro_3day_trial_12mo49.9,ultra_1mo_16.90,ultra_12mo_59.90",54,26
"2025-12-09","Brazil","ultra_12mo_59.90",29,8
"2025-12-09","Brazil","ads_free_12mo,pro_1mo,pro_3day_trial_12mo49.9,ultra_1mo_16.90,ultra_12mo_59.90",22,1
"2025-12-09","United States","ads_free_12mo_13.90,pro_1mo_3.90,pro_3day_trial_12mo49.9,ultra_1mo_16.90,ultra_12mo_59.90",19,7
"2025-12-09","Mexico","ultra_12mo_59.90",11,1
"2025-12-09","Brazil","ads_free_12mo_13.90",9,6
"2025-12-09","Brazil","no_offers_available",8,1
"2025-12-09","United States","ultra_12mo_59.90",6,2
"2025-12-09","India","ads_free_12mo_13.90,pro_1mo_3.90,pro_3day_trial_12mo49.9,ultra_1mo_16.90,ultra_12mo_59.90",5,1
"2025-12-09","Brazil","com.psafe.msuite.pro_lto_12mo_39.90",3,2
"2025-12-09","United States","ads_free_12mo_13.90",3,2
"2025-12-09","Brazil","(not set)",2,2
"2025-12-09","Brazil","com.psafe.msuite.ads_free_12mo_13.90",2,2
"2025-12-09","Brazil","com.psafe.msuite.adsfree_lto_12mo",1,1
"2025-12-09","United States","pro_lto_12mo_39.90",1,1
"2025-12-10","Brazil","ads_free_12mo_13.90,pro_1mo_3.90,pro_3day_trial_12mo49.9,ultra_1mo_16.90,ultra_12mo_59.90",71,31
"2025-12-10","Brazil","no_offers_available",55,1
"2025-12-10","Brazil","ultra_12mo_59.90",38,11
"2025-12-10","India","ultra_12mo_59.90",11,2
"2025-12-10","United States","ads_free_12mo_13.90,pro_1mo_3.90,pro_3day_trial_12mo49.9,ultra_1mo_16.90,ultra_12mo_59.90",11,6
"2025-12-10","Brazil","ads_free_12mo_13.90",9,8
"2025-12-10","Egypt","ultra_12mo_59.90",6,1
"2025-12-10","United States","ultra_12mo_59.90",6,1
"2025-12-10","Brazil","(not set)",5,4
"2025-12-10","Mexico","ultra_12mo_59.90",5,1
"2025-12-10","Brazil","pro_lto_12mo_39.90",4,3
"2025-12-10","Egypt","ads_free_12mo_13.90,pro_1mo_3.90,pro_3day_trial_12mo49.9,ultra_1mo_16.90,ultra_12mo_59.90",4,1
"2025-12-10","India","ads_free_12mo_13.90,pro_1mo_3.90,pro_3day_trial_12mo49.9,ultra_1mo_16.90,ultra_12mo_59.90",4,1
"2025-12-10","Brazil","com.psafe.msuite.pro_lto_12mo_39.90",3,2
"2025-12-10","Brazil","adsfree_lto_12mo",1,1
"2025-12-10","Brazil","com.psafe.msuite.adsfree_lto_12mo",1,1
"2025-12-10","Sudan","ads_free_12mo_13.90,pro_1mo_3.90,pro_3day_trial_12mo49.9,ultra_1mo_16.90,ultra_12mo_59.90",1,1
"2025-12-10","United States","(not set)",1,1
"2025-12-10","United States","ads_free_12mo_13.90",1,1
"2025-12-11","Brazil","ultra_12mo_59.90",57,13
"2025-12-11","Brazil","ads_free_12mo_13.90,pro_1mo_3.90,pro_3day_trial_12mo49.9,ultra_1mo_16.90,ultra_12mo_59.90",48,27
"2025-12-11","Brazil","no_offers_available",17,1
"2025-12-11","Brazil","ads_free_12mo_13.90",5,5
"2025-12-11","Brazil","(not set)",3,2
"2025-12-11","United States","ultra_12mo_59.90",3,2
"2025-12-11","Brazil","adsfree_lto_12mo",2,2
"2025-12-11","Brazil","com.psafe.msuite.adsfree_lto_12mo",1,1
"2025-12-11","Brazil","com.psafe.msuite.pro_lto_12mo_39.90",1,1
"2025-12-11","Brazil","pro_lto_12mo_39.90",1,1
"2025-12-12","Brazil","ultra_12mo_59.90",54,7
"2025-12-12","Brazil","ads_free_12mo_13.90,pro_1mo_3.90,pro_3day_trial_12mo49.9,ultra_1mo_16.90,ultra_12mo_59.90",50,22
"2025-12-12","Brazil","(not set)",26,7
"2025-12-12","Brazil","no_offers_available",15,1
"2025-12-12","Egypt","ads_free_12mo_13.90,pro_1mo_3.90,pro_3day_trial_12mo49.9,ultra_1mo_16.90,ultra_12mo_59.90",10,2
"2025-12-12","Brazil","ads_free_12mo_13.90",8,7
"2025-12-12","Egypt","ultra_12mo_59.90",7,2
"2025-12-12","Algeria","ads_free_12mo_13.90,pro_1mo_3.90,pro_3day_trial_12mo49.9,ultra_1mo_16.90,ultra_12mo_59.90",6,1
"2025-12-12","Thailand","ads_free_12mo_13.90,pro_1mo_3.90,pro_3day_trial_12mo49.9,ultra_1mo_16.90,ultra_12mo_59.90",6,1
"2025-12-12","United States","ultra_12mo_59.90",6,1
"2025-12-12","Costa Rica","ads_free_12mo_13.90,pro_1mo_3.90,pro_3day_trial_12mo49.9,ultra_1mo_16.90,ultra_12mo_59.90",5,1
"2025-12-12","India","ads_free_12mo_13.90,pro_1mo_3.90,pro_3day_trial_12mo49.9,ultra_1mo_16.90,ultra_12mo_59.90",5,1
"2025-12-12","Brazil","pro_lto_12mo_39.90",3,3
"2025-12-12","Brazil","com.psafe.msuite.pro_lto_12mo_39.90",2,2
"2025-12-12","Spain","ads_free_12mo_13.90,pro_1mo_3.90,pro_3day_trial_12mo49.9,ultra_1mo_16.90,ultra_12mo_59.90",2,1
"2025-12-12","Tunisia","ultra_12mo_59.90",2,1
"2025-12-12","Brazil","com.psafe.msuite.adsfree_lto_12mo",1,1
"2025-12-12","Philippines","ads_free_12mo_13.90,pro_1mo_3.90,pro_3day_trial_12mo49.9,ultra_1mo_16.90,ultra_12mo_59.90",1,1
"2025-12-12","Tunisia","ads_free_12mo_13.90",1,1
"2025-12-12","Tunisia","ads_free_12mo_13.90,pro_1mo_3.90,pro_3day_trial_12mo49.9,ultra_1mo_16.90,ultra_12mo_59.90",1,1
"2025-12-13","Brazil","ads_free_12mo_13.90,pro_1mo_3.90,pro_3day_trial_12mo49.9,ultra_1mo_16.90,ultra_12mo_59.90",110,41
"2025-12-13","Brazil","ultra_12mo_59.90",57,10
"2025-12-13","United States","ultra_12mo_59.90",11,3
"2025-12-13","United States","ads_free_12mo_13.90,pro_1mo_3.90,pro_3day_trial_12mo49.9,ultra_1mo_16.90,ultra_12mo_59.90",5,2
"2025-12-13","Iran","ads_free_12mo_13.90,pro_1mo_3.90,pro_3day_trial_12mo49.9,ultra_1mo_16.90,ultra_12mo_59.90",4,1
"2025-12-13","Brazil","ads_free_12mo_13.90",3,2
"2025-12-13","Brazil","com.psafe.msuite.ads_free_12mo_13.90",3,2
"2025-12-13","Brazil","com.psafe.msuite.pro_lto_12mo_39.90",3,3
"2025-12-13","Brazil","pro_12mo_49.90,ultra_12mo_59.90",3,1
"2025-12-13","United States","(not set)",3,1
"2025-12-13","Brazil","(not set)",2,2
"2025-12-13","Brazil","pro_lto_12mo_39.90",2,2
"2025-12-13","Brazil","com.psafe.msuite.adsfree_lto_12mo",1,1
"2025-12-13","Nigeria","(not set)",1,1
"2025-12-13","Nigeria","ultra_12mo_59.90",1,1
"2025-12-13","United States","ads_free_12mo_13.90",1,1
"2025-12-14","Brazil","ads_free_12mo_13.90,pro_1mo_3.90,pro_3day_trial_12mo49.9,ultra_1mo_16.90,ultra_12mo_59.90",105,35
"2025-12-14","Brazil","ultra_12mo_59.90",46,14
"2025-12-14","Brazil","(not set)",26,8
"2025-12-14","United States","ultra_12mo_59.90",11,2
"2025-12-14","Brazil","ads_free_12mo_13.90",8,6
"2025-12-14","Brazil","com.psafe.msuite.adsfree_lto_12mo",6,3
"2025-12-14","Brazil","pro_lto_12mo_39.90",6,6
"2025-12-14","United States","ads_free_12mo_13.90,pro_1mo_3.90,pro_3day_trial_12mo49.9,ultra_1mo_16.90,ultra_12mo_59.90",5,2
"2025-12-14","Bangladesh","ads_free_12mo_13.90,pro_1mo_3.90,pro_3day_trial_12mo49.9,ultra_1mo_16.90,ultra_12mo_59.90",1,1
"2025-12-14","Brazil","adsfree_lto_12mo",1,1
"2025-12-14","Brazil","com.psafe.msuite.pro_lto_12mo_39.90",1,1
"2025-12-14","United States","com.psafe.msuite.ultra_12mo_59.90",1,1
"2025-12-15","Brazil","ads_free_12mo_13.90,pro_1mo_3.90,pro_3day_trial_12mo49.9,ultra_1mo_16.90,ultra_12mo_59.90",79,26
"2025-12-15","Brazil","ultra_12mo_59.90",26,11
"2025-12-15","Egypt","ads_free_12mo_13.90,pro_1mo_3.90,pro_3day_trial_12mo49.9,ultra_1mo_16.90,ultra_12mo_59.90",14,1
"2025-12-15","United States","ultra_12mo_59.90",10,2
"2025-12-15","Brazil","ads_free_12mo_13.90",7,5
"2025-12-15","Egypt","ultra_12mo_59.90",5,1
"2025-12-15","Mexico","ads_free_12mo_13.90,pro_1mo_3.90,pro_3day_trial_12mo49.9,ultra_1mo_16.90,ultra_12mo_59.90",5,1
"2025-12-15","Bangladesh","ads_free_12mo_13.90,pro_1mo_3.90,pro_3day_trial_12mo49.9,ultra_1mo_16.90,ultra_12mo_59.90",2,1
"2025-12-15","Brazil","com.psafe.msuite.pro_lto_12mo_39.90",2,2
"2025-12-15","Brazil","pro_lto_12mo_39.90",2,2
"2025-12-15","Brazil","(not set)",1,1
"2025-12-15","Brazil","com.psafe.msuite.adsfree_lto_12mo",1,1
"2025-12-15","Colombia","ads_free_12mo_13.90,pro_1mo_3.90,pro_3day_trial_12mo49.9,ultra_1mo_16.90,ultra_12mo_59.90",1,1
"2025-12-16","Brazil","ads_free_12mo_13.90,pro_1mo_3.90,pro_3day_trial_12mo49.9,ultra_1mo_16.90,ultra_12mo_59.90",53,23
"2025-12-16","Brazil","ultra_12mo_59.90",23,6
"2025-12-16","United States","ultra_12mo_59.90",18,5
"2025-12-16","United States","ads_free_12mo_13.90,pro_1mo_3.90,pro_3day_trial_12mo49.9,ultra_1mo_16.90,ultra_12mo_59.90",11,5
"2025-12-16","United States","(not set)",6,2
"2025-12-16","Brazil","com.psafe.msuite.ultra_12mo_59.90",5,1
"2025-12-16","Egypt","ads_free_12mo_13.90,pro_1mo_3.90,pro_3day_trial_12mo49.9,ultra_1mo_16.90,ultra_12mo_59.90",5,1
"2025-12-16","Egypt","ultra_12mo_59.90",5,1
"2025-12-16","Bangladesh","ads_free_12mo_13.90,pro_1mo_3.90,pro_3day_trial_12mo49.9,ultra_1mo_16.90,ultra_12mo_59.90",4,1
"2025-12-16","Brazil","pro_yearly,pro_monthly,ultra_yearly,ultra_monthly,basic_yearly,basic_monthly",4,1
"2025-12-16","Iran","(not set)",4,1
"2025-12-16","Bangladesh","ultra_12mo_59.90",2,1
"2025-12-16","Brazil","ads_free_12mo_13.90",2,2
"2025-12-16","Brazil","com.psafe.msuite.ads_free_12mo_13.90",2,2
"2025-12-16","Brazil","pro_lto_12mo_39.90",2,2
"2025-12-16","Brazil","(not set)",1,1
"2025-12-16","Nigeria","com.psafe.msuite.pro_lto_12mo_39.90",1,1
"2025-12-16","Zambia","com.psafe.msuite.pro_lto_12mo_39.90",1,1
"2025-12-17","Brazil","ads_free_12mo_13.90,pro_1mo_3.90,pro_3day_trial_12mo49.9,ultra_1mo_16.90,ultra_12mo_59.90",58,19
"2025-12-17","Brazil","ultra_12mo_59.90",24,9
"2025-12-17","Brazil","pro_yearly,pro_monthly,pro_bimonthly,pro_quarterly,pro_semiannual,ultra_yearly_1,ultra_monthly,ultra",21,1
"2025-12-17","Egypt","ultra_12mo_59.90",10,1
"2025-12-17","United States","ultra_12mo_59.90",7,1
"2025-12-17","Brazil","ads_free_12mo_13.90",6,5
"2025-12-17","Romania","ads_free_12mo_13.90,pro_1mo_3.90,pro_3day_trial_12mo49.9,ultra_1mo_16.90,ultra_12mo_59.90",5,1
"2025-12-17","Brazil","pro_lto_12mo_39.90",4,4
"2025-12-17","United States","ads_free_12mo_13.90,pro_1mo_3.90,pro_3day_trial_12mo49.9,ultra_1mo_16.90,ultra_12mo_59.90",4,2
"2025-12-17","Brazil","com.psafe.msuite.pro_lto_12mo_39.90",3,2
"2025-12-17","Brazil","adsfree_lto_12mo",2,2
"2025-12-17","Egypt","ads_free_12mo_13.90,pro_1mo_3.90,pro_3day_trial_12mo49.9,ultra_1mo_16.90,ultra_12mo_59.90",2,1
"2025-12-17","Brazil","com.psafe.msuite.adsfree_lto_12mo",1,1
"2025-12-17","Dominican Republic","ads_free_12mo_13.90,pro_1mo_3.90,pro_3day_trial_12mo49.9,ultra_1mo_16.90,ultra_12mo_59.90",1,1
"2025-12-17","United States","com.psafe.msuite.adsfree_lto_12mo",1,1
"2025-12-17","United States","com.psafe.msuite.pro_lto_12mo_39.90",1,1
"2025-12-18","Brazil","ads_free_12mo_13.90,pro_1mo_3.90,pro_3day_trial_12mo49.9,ultra_1mo_16.90,ultra_12mo_59.90",100,28
"2025-12-18","Brazil","pro_yearly,pro_monthly,pro_bimonthly,pro_quarterly,pro_semiannual,pro_yearly,pro_monthly,pro_bimonth",80,1
"2025-12-18","Brazil","ultra_12mo_59.90",30,7
"2025-12-18","Egypt","ads_free_12mo_13.90,pro_1mo_3.90,pro_3day_trial_12mo49.9,ultra_1mo_16.90,ultra_12mo_59.90",26,2
"2025-12-18","United States","ultra_12mo_59.90",13,2
"2025-12-18","Egypt","ultra_12mo_59.90",9,2
"2025-12-18","Brazil","(not set)",7,3
"2025-12-18","United States","(not set)",6,1
"2025-12-18","Brazil","ads_free_12mo_13.90",4,4
"2025-12-18","Egypt","ads_free_12mo_13.90",3,1
"2025-12-18","Brazil","adsfree_lto_12mo",2,2
"2025-12-18","Brazil","pro_lto_12mo_39.90",2,2
"2025-12-18","India","ads_free_12mo_13.90,pro_1mo_3.90,pro_3day_trial_12mo49.9,ultra_1mo_16.90,ultra_12mo_59.90",2,1
"2025-12-18","United States","ads_free_12mo_13.90,pro_1mo_3.90,pro_3day_trial_12mo49.9,ultra_1mo_16.90,ultra_12mo_59.90",2,2
"2025-12-18","United States","com.psafe.msuite.pro_lto_12mo_39.90",1,1
"2025-12-19","Brazil","pro_yearly,pro_monthly,pro_bimonthly,pro_quarterly,pro_semiannual,pro_yearly,pro_monthly,pro_bimonth",91,2
"2025-12-19","Brazil","ads_free_12mo_13.90,pro_1mo_3.90,pro_3day_trial_12mo49.9,ultra_1mo_16.90,ultra_12mo_59.90",40,18
"2025-12-19","Brazil","ultra_12mo_59.90",31,12
"2025-12-19","Brazil","(not set)",10,4
"2025-12-19","United States","ultra_12mo_59.90",9,1
"2025-12-19","Mexico","(not set)",8,2
"2025-12-19","South Africa","ultra_12mo_59.90",8,1
"2025-12-19","Bangladesh","ads_free_12mo_13.90,pro_1mo_3.90,pro_3day_trial_12mo49.9,ultra_1mo_16.90,ultra_12mo_59.90",6,1
"2025-12-19","Brazil","no_offers_available",6,1
"2025-12-19","Bangladesh","ultra_12mo_59.90",5,1
"2025-12-19","United States","(not set)",5,1
"2025-12-19","Sweden","ads_free_12mo_13.90,pro_1mo_3.90,pro_3day_trial_12mo49.9,ultra_1mo_16.90,ultra_12mo_59.90",4,1
"2025-12-19","Sudan","ads_free_12mo_13.90,pro_1mo_3.90,pro_3day_trial_12mo49.9,ultra_1mo_16.90,ultra_12mo_59.90",3,1
"2025-12-19","Brazil","ads_free_12mo_13.90",2,2
"2025-12-19","Brazil","pro_lto_12mo_39.90",2,2
"2025-12-19","France","ads_free_12mo_13.90,pro_1mo_3.90,pro_3day_trial_12mo49.9,ultra_1mo_16.90,ultra_12mo_59.90",2,1
"2025-12-19","United States","ads_free_12mo_13.90,pro_1mo_3.90,pro_3day_trial_12mo49.9,ultra_1mo_16.90,ultra_12mo_59.90",2,2
"2025-12-19","Brazil","adsfree_lto_12mo",1,1
"2025-12-19","Brazil","com.psafe.msuite.adsfree_lto_12mo",1,1
"2025-12-19","Vietnam","(not set)",1,1
"2025-12-19","Vietnam","com.psafe.msuite.ads_free_12mo",1,1
"2025-12-20","Brazil","ads_free_12mo_13.90,pro_1mo_3.90,pro_3day_trial_12mo49.9,ultra_1mo_16.90,ultra_12mo_59.90",94,34
"2025-12-20","Brazil","ultra_12mo_59.90",72,16
"2025-12-20","United States","ads_free_12mo_13.90,pro_1mo_3.90,pro_3day_trial_12mo49.9,ultra_1mo_16.90,ultra_12mo_59.90",10,3
"2025-12-20","Brazil","(not set)",8,4
"2025-12-20","United States","ultra_12mo_59.90",8,3
"2025-12-20","Italy","ads_free_12mo_13.90,pro_1mo_3.90,pro_3day_trial_12mo49.9,ultra_1mo_16.90,ultra_12mo_59.90",6,1
"2025-12-20","Brazil","ads_free_12mo_13.90",4,3
"2025-12-20","India","ads_free_12mo_13.90,pro_1mo_3.90,pro_3day_trial_12mo49.9,ultra_1mo_16.90,ultra_12mo_59.90",4,1
"2025-12-20","Brazil","pro_lto_12mo_39.90",2,2
"2025-12-20","Brazil","adsfree_lto_12mo",1,1
"2025-12-20","Brazil","com.psafe.msuite.ads_free_12mo_13.90",1,1
"2025-12-20","Brazil","com.psafe.msuite.adsfree_lto_12mo",1,1
"2025-12-20","Brazil","com.psafe.msuite.pro_lto_12mo_39.90",1,1
"2025-12-20","Egypt","ads_free_12mo_13.90,pro_1mo_3.90,pro_3day_trial_12mo49.9,ultra_1mo_16.90,ultra_12mo_59.90",1,1
"2025-12-20","Puerto Rico","ads_free_12mo_13.90,pro_1mo_3.90,pro_3day_trial_12mo49.9,ultra_1mo_16.90,ultra_12mo_59.90",1,1
"2025-12-20","United States","ads_free_12mo_13.90",1,1
"2025-12-21","Brazil","ads_free_12mo_13.90,pro_1mo_3.90,pro_3day_trial_12mo49.9,ultra_1mo_16.90,ultra_12mo_59.90",92,28
"2025-12-21","Brazil","ultra_12mo_59.90",22,5
"2025-12-21","United States","ultra_12mo_59.90",21,2
"2025-12-21","Brazil","(not set)",10,3
"2025-12-21","Brazil","ads_free_12mo_13.90",8,8
"2025-12-21","Brazil","com.psafe.msuite.pro_lto_12mo_39.90",8,2
"2025-12-21","Egypt","ads_free_12mo_13.90,pro_1mo_3.90,pro_3day_trial_12mo49.9,ultra_1mo_16.90,ultra_12mo_59.90",8,2
"2025-12-21","Iran","com.psafe.msuite.pro_3day_trial_12mo49.9",6,1
"2025-12-21","United States","ads_free_12mo_13.90,pro_1mo_3.90,pro_3day_trial_12mo49.9,ultra_1mo_16.90,ultra_12mo_59.90",6,2
"2025-12-21","Iran","ads_free_12mo_13.90,pro_1mo_3.90,pro_3day_trial_12mo49.9,ultra_1mo_16.90,ultra_12mo_59.90",5,1
"2025-12-21","Brazil","com.psafe.msuite.ultra_12mo_59.90",4,1
"2025-12-21","Czechia","ads_free_12mo_13.90,pro_1mo_3.90,pro_3day_trial_12mo49.9,ultra_1mo_16.90,ultra_12mo_59.90",4,1
"2025-12-21","Egypt","ultra_12mo_59.90",4,1
"2025-12-21","United States","com.psafe.msuite.ads_free_12mo_13.90",4,3
"2025-12-21","United States","com.psafe.msuite.adsfree_lto_12mo",4,1
"2025-12-21","Brazil","pro_lto_12mo_39.90",3,3
"2025-12-21","Brazil","adsfree_lto_12mo",2,2
"2025-12-21","Nigeria","(not set)",2,1
"2025-12-21","Thailand","ads_free_12mo_13.90,pro_1mo_3.90,pro_3day_trial_12mo49.9,ultra_1mo_16.90,ultra_12mo_59.90",2,1
"2025-12-22","Brazil","ads_free_12mo_13.90,pro_1mo_3.90,pro_3day_trial_12mo49.9,ultra_1mo_16.90,ultra_12mo_59.90",62,25
"2025-12-22","Brazil","ultra_12mo_59.90",27,8
"2025-12-22","United States","ultra_12mo_59.90",17,2
"2025-12-22","Brazil","pro_yearly,pro_monthly,pro_bimonthly,pro_quarterly,pro_semiannual,pro_yearly,pro_monthly,pro_bimonth",13,1
"2025-12-22","United States","ads_free_12mo_13.90,pro_1mo_3.90,pro_3day_trial_12mo49.9,ultra_1mo_16.90,ultra_12mo_59.90",10,4
"2025-12-22","Bangladesh","ads_free_12mo_13.90,pro_1mo_3.90,pro_3day_trial_12mo49.9,ultra_1mo_16.90,ultra_12mo_59.90",8,1
"2025-12-22","Bangladesh","ultra_12mo_59.90",8,1
"2025-12-22","Iran","ads_free_12mo_13.90,pro_1mo_3.90,pro_3day_trial_12mo49.9,ultra_1mo_16.90,ultra_12mo_59.90",6,1
"2025-12-22","Brazil","com.psafe.msuite.pro_lto_12mo_39.90",4,1
"2025-12-22","Egypt","ultra_12mo_59.90",4,1
"2025-12-22","India","ads_free_12mo_13.90,pro_1mo_3.90,pro_3day_trial_12mo49.9,ultra_1mo_16.90,ultra_12mo_59.90",4,1
"2025-12-22","Brazil","ads_free_12mo_13.90",3,3
"2025-12-22","Brazil","(not set)",2,2
"2025-12-22","Vietnam","(not set)",2,1
"2025-12-22","Brazil","com.psafe.msuite.pro_1mo_3.90,com.psafe.msuite.pro_3day_trial_12mo49.9",1,1
"2025-12-22","Brazil","pro_lto_12mo_39.90",1,1
"2025-12-22","United States","adsfree_lto_12mo",1,1
"2025-12-23","Brazil","ads_free_12mo_13.90,pro_1mo_3.90,pro_3day_trial_12mo49.9,ultra_1mo_16.90,ultra_12mo_59.90",3819,2941
"2025-12-23","Brazil","ads_free_12mo_13.90",922,834
"2025-12-23","Brazil","pro_lto_12mo_39.90",571,571
"2025-12-23","Brazil","ultra_12mo_59.90",439,351
"2025-12-23","Brazil","com.psafe.msuite.pro_lto_12mo_39.90",263,263
"2025-12-23","Brazil","(not set)",176,88
"2025-12-23","Brazil","adsfree_lto_12mo",132,132
"2025-12-23","Brazil","com.psafe.msuite.adsfree_lto_12mo",132,132
"2025-12-23","Haiti","(not set)",88,44
"2025-12-23","Jordan","ads_free_12mo_13.90,pro_1mo_3.90,pro_3day_trial_12mo49.9,ultra_1mo_16.90,ultra_12mo_59.90",88,44
"2025-12-23","United States","ads_free_12mo_13.90,pro_1mo_3.90,pro_3day_trial_12mo49.9,ultra_1mo_16.90,ultra_12mo_59.90",88,88
"2025-12-23","United States","ultra_12mo_59.90",88,88
"2025-12-23","Australia","ads_free_12mo_13.90,pro_1mo_3.90,pro_3day_trial_12mo49.9,ultra_1mo_16.90,ultra_12mo_59.90",44,44
"2025-12-23","United States","(not set)",44,44
"2025-12-23","United States","ads_free_12mo_13.90",44,44
"2025-12-24","Brazil","ads_free_12mo_13.90,pro_1mo_3.90,pro_3day_trial_12mo49.9,ultra_1mo_16.90,ultra_12mo_59.90",2789,2266
"2025-12-24","Brazil","ads_free_12mo_13.90",959,915
"2025-12-24","United States","ads_free_12mo_13.90,pro_1mo_3.90,pro_3day_trial_12mo49.9,ultra_1mo_16.90,ultra_12mo_59.90",392,305
"2025-12-24","Brazil","ultra_12mo_59.90",305,305
"2025-12-24","United States","ultra_12mo_59.90",261,131
"2025-12-24","Brazil","pro_lto_12mo_39.90",174,174
"2025-12-24","Brazil","com.psafe.msuite.adsfree_lto_12mo",131,131
"2025-12-24","Brazil","com.psafe.msuite.pro_lto_12mo_39.90",131,131
"2025-12-24","Iran","ads_free_12mo_13.90,pro_1mo_3.90,pro_3day_trial_12mo49.9,ultra_1mo_16.90,ultra_12mo_59.90",131,44
"2025-12-24","United States","ads_free_12mo_13.90",131,131
"2025-12-24","Brazil","adsfree_lto_12mo",87,87
"2025-12-24","Iran","ultra_12mo_59.90",87,44
"2025-12-24","Brazil","(not set)",44,44
"2025-12-24","Brazil","com.psafe.msuite.ultra_12mo_59.90",44,44
"2025-12-24","Brazil","no_offers_available",44,44
"2025-12-24","Cameroon","com.psafe.msuite.ads_free_12mo_13.90",44,44
"2025-12-24","Egypt","ultra_12mo_59.90",44,44
"2025-12-24","Türkiye","(not set)",44,44
"2025-12-24","United States","pro_lto_12mo_39.90",44,44
"2025-12-25","Brazil","ads_free_12mo_13.90,pro_1mo_3.90,pro_3day_trial_12mo49.9,ultra_1mo_16.90,ultra_12mo_59.90",2773,2395
"2025-12-25","Brazil","ads_free_12mo_13.90",1008,882
"2025-12-25","Brazil","ultra_12mo_59.90",756,630
"2025-12-25","United States","ads_free_12mo_13.90,pro_1mo_3.90,pro_3day_trial_12mo49.9,ultra_1mo_16.90,ultra_12mo_59.90",420,336
"2025-12-25","Brazil","pro_lto_12mo_39.90",336,336
"2025-12-25","Brazil","com.psafe.msuite.adsfree_lto_12mo",252,252
"2025-12-25","Brazil","com.psafe.msuite.pro_lto_12mo_39.90",168,168
"2025-12-25","Brazil","(not set)",126,84
"2025-12-25","Brazil","adsfree_lto_12mo",84,84
"2025-12-25","Brazil","com.psafe.msuite.ads_free_12mo_13.90",84,84
"2025-12-25","Jordan","ultra_12mo_59.90",84,42
"2025-12-25","United States","ads_free_12mo_13.90",84,84
"2025-12-25","Argentina","ads_free_12mo_13.90",42,42
"2025-12-25","Colombia","pro_lto_12mo_39.90",42,42
"2025-12-25","Thailand","(not set)",42,42
"2025-12-25","United States","pro_lto_12mo_39.90",42,42
"2025-12-26","Brazil","ads_free_12mo_13.90,pro_1mo_3.90,pro_3day_trial_12mo49.9,ultra_1mo_16.90,ultra_12mo_59.90",3311,2838
"2025-12-26","Brazil","ads_free_12mo_13.90",1118,1032
"2025-12-26","Brazil","pro_lto_12mo_39.90",559,559
"2025-12-26","Brazil","ultra_12mo_59.90",473,430
"2025-12-26","Brazil","com.psafe.msuite.pro_lto_12mo_39.90",172,172
"2025-12-26","United States","ads_free_12mo_13.90,pro_1mo_3.90,pro_3day_trial_12mo49.9,ultra_1mo_16.90,ultra_12mo_59.90",172,129
"2025-12-26","Brazil","com.psafe.msuite.adsfree_lto_12mo",129,129
"2025-12-26","Brazil","(not set)",86,43
"2025-12-26","Brazil","adsfree_lto_12mo",86,86
"2025-12-26","Iran","ads_free_12mo_13.90,pro_1mo_3.90,pro_3day_trial_12mo49.9,ultra_1mo_16.90,ultra_12mo_59.90",43,43
"2025-12-26","Iran","ultra_12mo",43,43
"2025-12-26","United States","ads_free_12mo_13.90",43,43
"2025-12-26","United States","com.psafe.msuite.ads_free_12mo_13.90",43,43
"2025-12-26","United States","com.psafe.msuite.adsfree_lto_12mo",43,43
"2025-12-26","United States","com.psafe.msuite.pro_lto_12mo_39.90",43,43
"2025-12-26","United States","pro_lto_12mo_39.90",43,43
"2025-12-26","United States","ultra_12mo_59.90",43,43
"2025-12-27","Brazil","ads_free_12mo_13.90,pro_1mo_3.90,pro_3day_trial_12mo49.9,ultra_1mo_16.90,ultra_12mo_59.90",3203,2776
"2025-12-27","Brazil","ads_free_12mo_13.90",1495,1367
"2025-12-27","Brazil","ultra_12mo_59.90",1409,811
"2025-12-27","Brazil","pro_lto_12mo_39.90",512,512
"2025-12-27","United States","ads_free_12mo_13.90,pro_1mo_3.90,pro_3day_trial_12mo49.9,ultra_1mo_16.90,ultra_12mo_59.90",342,342
"2025-12-27","Brazil","adsfree_lto_12mo",256,256
"2025-12-27","Brazil","com.psafe.msuite.pro_lto_12mo_39.90",214,214
"2025-12-27","United States","(not set)",128,128
"2025-12-27","United States","ads_free_12mo_13.90",128,85
"2025-12-27","United States","pro_lto_12mo_39.90",128,128
"2025-12-27","Bangladesh","ultra_12mo_59.90",85,85
"2025-12-27","Brazil","(not set)",85,85
"2025-12-27","Brazil","com.psafe.msuite.adsfree_lto_12mo",85,85
"2025-12-27","United States","ultra_12mo_59.90",85,85
"2025-12-27","Brazil","com.psafe.msuite.ads_free_12mo_13.90",43,43
"2025-12-27","Cuba","ads_free_12mo_13.90,pro_1mo_3.90,pro_3day_trial_12mo49.9,ultra_1mo_16.90,ultra_12mo_59.90",43,43
"2025-12-27","United States","com.psafe.msuite.pro_1mo_3.90,com.psafe.msuite.pro_3day_trial_12mo49.9",43,43
"2025-12-27","United States","com.psafe.msuite.pro_lto_12mo_39.90",43,43
"2025-12-28","Brazil","ads_free_12mo_13.90,pro_1mo_3.90,pro_3day_trial_12mo49.9,ultra_1mo_16.90,ultra_12mo_59.90",3273,2643
"2025-12-28","Brazil","ads_free_12mo_13.90",1427,1301
"2025-12-28","Brazil","ultra_12mo_59.90",1175,755
"2025-12-28","Brazil","pro_lto_12mo_39.90",420,420
"2025-12-28","Brazil","(not set)",294,252
"2025-12-28","United States","ads_free_12mo_13.90,pro_1mo_3.90,pro_3day_trial_12mo49.9,ultra_1mo_16.90,ultra_12mo_59.90",252,210
"2025-12-28","United States","ads_free_12mo_13.90",126,126
"2025-12-28","United States","ultra_12mo_59.90",126,126
"2025-12-28","Brazil","adsfree_lto_12mo",84,84
"2025-12-28","Brazil","com.psafe.msuite.adsfree_lto_12mo",84,84
"2025-12-28","United States","adsfree_lto_12mo",84,84
"2025-12-28","Australia","ads_free_12mo_13.90,pro_1mo_3.90,pro_3day_trial_12mo49.9,ultra_1mo_16.90,ultra_12mo_59.90",42,42
"2025-12-28","Brazil","com.psafe.msuite.pro_lto_12mo_39.90",42,42
"2025-12-28","Brazil","no_offers_available",42,42
"2025-12-28","Egypt","ads_free_12mo_13.90,pro_1mo_3.90,pro_3day_trial_12mo49.9,ultra_1mo_16.90,ultra_12mo_59.90",42,42
"2025-12-28","Pakistan","(not set)",42,42
"2025-12-28","Portugal","ads_free_12mo_13.90",42,42
"2025-12-28","Portugal","ads_free_12mo_13.90,pro_1mo_3.90,pro_3day_trial_12mo49.9,ultra_1mo_16.90,ultra_12mo_59.90",42,42
"2025-12-28","United States","com.psafe.msuite.pro_lto_12mo_39.90",42,42
"2025-12-28","United States","com.psafe.msuite.ultra_12mo_59.90",42,42
"2025-12-28","United States","pro_lto_12mo_39.90",42,42
"2025-12-29","Brazil","ads_free_12mo_13.90,pro_1mo_3.90,pro_3day_trial_12mo49.9,ultra_1mo_16.90,ultra_12mo_59.90",3325,2807
"2025-12-29","Brazil","ads_free_12mo_13.90",950,864
"2025-12-29","Brazil","ultra_12mo_59.90",821,648
"2025-12-29","Brazil","(not set)",389,259
"2025-12-29","Brazil","com.psafe.msuite.pro_lto_12mo_39.90",345,345
"2025-12-29","Brazil","adsfree_lto_12mo",302,302
"2025-12-29","Brazil","pro_lto_12mo_39.90",259,259
"2025-12-29","Mozambique","ads_free_12mo_13.90,pro_1mo_3.90,pro_3day_trial_12mo49.9,ultra_1mo_16.90,ultra_12mo_59.90",259,43
"2025-12-29","United States","ads_free_12mo_13.90,pro_1mo_3.90,pro_3day_trial_12mo49.9,ultra_1mo_16.90,ultra_12mo_59.90",259,216
"2025-12-29","Spain","com.psafe.msuite.pro_3day_trial_12mo49.9",173,43
"2025-12-29","Brazil","com.psafe.msuite.adsfree_lto_12mo",130,130
"2025-12-29","Brazil","com.psafe.msuite.ads_free_12mo_13.90",43,43
"2025-12-29","Brazil","com.psafe.msuite.pro_1mo_3.90,com.psafe.msuite.pro_3day_trial_12mo49.9",43,43
"2025-12-29","Colombia","ads_free_12mo_13.90,pro_1mo_3.90,pro_3day_trial_12mo49.9,ultra_1mo_16.90,ultra_12mo_59.90",43,43
"2025-12-29","Egypt","ads_free_12mo_13.90,pro_1mo_3.90,pro_3day_trial_12mo49.9,ultra_1mo_16.90,ultra_12mo_59.90",43,43
"2025-12-29","Egypt","ultra_12mo_59.90",43,43
"2025-12-29","Mozambique","ads_free_12mo_13.90",43,43
"2025-12-29","Peru","com.psafe.msuite.pro_lto_12mo_39.90",43,43
"2025-12-29","Romania","(not set)",43,43
"2025-12-29","Spain","com.psafe.msuite.ads_free_12mo_13.90",43,43
"2025-12-29","United States","ads_free_12mo_13.90",43,43
"2025-12-29","United States","adsfree_lto_12mo",43,43
"2025-12-29","United States","com.psafe.msuite.adsfree_lto_12mo",43,43
"2025-12-29","United States","com.psafe.msuite.pro_lto_12mo_39.90",43,43
"2025-12-29","United States","ultra_12mo_59.90",43,43
"2025-12-30","Brazil","ads_free_12mo_13.90,pro_1mo_3.90,pro_3day_trial_12mo49.9,ultra_1mo_16.90,ultra_12mo_59.90",2899,2596
"2025-12-30","Brazil","ads_free_12mo_13.90",1039,1039
"2025-12-30","Brazil","ultra_12mo_59.90",649,389
"2025-12-30","United States","ads_free_12mo_13.90,pro_1mo_3.90,pro_3day_trial_12mo49.9,ultra_1mo_16.90,ultra_12mo_59.90",346,346
"2025-12-30","Brazil","pro_lto_12mo_39.90",303,303
"2025-12-30","Brazil","(not set)",130,130
"2025-12-30","Brazil","com.psafe.msuite.pro_lto_12mo_39.90",130,130
"2025-12-30","United States","ultra_12mo_59.90",130,87
"2025-12-30","Brazil","adsfree_lto_12mo",87,87
"2025-12-30","Brazil","com.psafe.msuite.ads_free_12mo_13.90",87,87
"2025-12-30","Brazil","com.psafe.msuite.adsfree_lto_12mo",87,87
"2025-12-30","Yemen","ads_free_12mo_13.90,pro_1mo_3.90,pro_3day_trial_12mo49.9,ultra_1mo_16.90,ultra_12mo_59.90",87,43
"2025-12-30","Brazil","no_offers_available",43,43
"2025-12-30","Brazil","pro_12mo_49.90,ultra_12mo_59.90",43,43
"2025-12-30","Iran","(not set)",43,43
"2025-12-30","United States","(not set)",43,43
"2025-12-30","United States","com.psafe.msuite.adsfree_lto_12mo",43,43
"2025-12-30","United States","com.psafe.msuite.pro_1mo_3.90,com.psafe.msuite.pro_3day_trial_12mo49.9",43,43
"2025-12-30","United States","com.psafe.msuite.pro_lto_12mo_39.90",43,43
"2025-12-30","United States","pro_lto_12mo_39.90",43,43
"2025-12-31","Brazil","ads_free_12mo_13.90,pro_1mo_3.90,pro_3day_trial_12mo49.9,ultra_1mo_16.90,ultra_12mo_59.90",2463,2031
"2025-12-31","Brazil","ads_free_12mo_13.90",1210,1210
"2025-12-31","Brazil","pro_lto_12mo_39.90",475,475
"2025-12-31","Brazil","ultra_12mo_59.90",389,346
"2025-12-31","United States","ads_free_12mo_13.90,pro_1mo_3.90,pro_3day_trial_12mo49.9,ultra_1mo_16.90,ultra_12mo_59.90",346,216
"2025-12-31","Brazil","adsfree_lto_12mo",173,173
"2025-12-31","United States","ads_free_12mo_13.90",173,130
"2025-12-31","Brazil","(not set)",130,130
"2025-12-31","United States","pro_lto_12mo_39.90",130,86
"2025-12-31","United States","ultra_12mo_59.90",130,130
"2025-12-31","Brazil","com.psafe.msuite.ads_free_12mo_13.90",86,86
"2025-12-31","Spain","ads_free_12mo_13.90,pro_1mo_3.90,pro_3day_trial_12mo49.9,ultra_1mo_16.90,ultra_12mo_59.90",86,86
"2025-12-31","Bangladesh","ultra_12mo_59.90",43,43
"2025-12-31","Brazil","com.psafe.msuite.pro_lto_12mo_39.90",43,43
"2025-12-31","Iran","(not set)",43,43
"2025-12-31","Portugal","ads_free_12mo_13.90",43,43
"2025-12-31","United States","com.psafe.msuite.pro_lto_12mo_39.90",43,43
"2026-01-01","Brazil","ads_free_12mo_13.90,pro_1mo_3.90,pro_3day_trial_12mo49.9,ultra_1mo_16.90,ultra_12mo_59.90",2813,2225
"2026-01-01","Brazil","ads_free_12mo_13.90",924,924
"2026-01-01","Brazil","pro_lto_12mo_39.90",588,588
"2026-01-01","Brazil","ultra_12mo_59.90",588,546
"2026-01-01","United States","ads_free_12mo_13.90,pro_1mo_3.90,pro_3day_trial_12mo49.9,ultra_1mo_16.90,ultra_12mo_59.90",462,378
"2026-01-01","Brazil","(not set)",252,168
"2026-01-01","Brazil","adsfree_lto_12mo",126,126
"2026-01-01","Brazil","com.psafe.msuite.pro_lto_12mo_39.90",126,126
"2026-01-01","United States","ultra_12mo_59.90",126,126
"2026-01-01","Brazil","com.psafe.msuite.ads_free_12mo_13.90",84,42
"2026-01-01","India","ads_free_12mo_13.90,pro_1mo_3.90,pro_3day_trial_12mo49.9,ultra_1mo_16.90,ultra_12mo_59.90",84,42
"2026-01-01","United States","ads_free_12mo_13.90",84,84
"2026-01-01","Brazil","com.psafe.msuite.adsfree_lto_12mo",42,42
"2026-01-01","India","ads_free_12mo_13.90",42,42
"2026-01-01","Indonesia","com.psafe.msuite.adsfree_lto_12mo",42,42
"2026-01-01","Indonesia","com.psafe.msuite.pro_lto_12mo_39.90",42,42
"2026-01-01","Iran","ads_free_12mo_13.90,pro_1mo_3.90,pro_3day_trial_12mo49.9,ultra_1mo_16.90,ultra_12mo_59.90",42,42
"2026-01-01","Mozambique","(not set)",42,42
"2026-01-01","Spain","ads_free_12mo_13.90,pro_1mo_3.90,pro_3day_trial_12mo49.9,ultra_1mo_16.90,ultra_12mo_59.90",42,42
"2026-01-01","United States","(not set)",42,42
"2026-01-01","United States","adsfree_lto_12mo",42,42
"2026-01-01","United States","com.psafe.msuite.adsfree_lto_12mo",42,42
"2026-01-01","United States","com.psafe.msuite.pro_lto_12mo_39.90",42,42
"2026-01-01","United States","pro_lto_12mo_39.90",42,42
"2026-01-02","Brazil","ads_free_12mo_13.90,pro_1mo_3.90,pro_3day_trial_12mo49.9,ultra_1mo_16.90,ultra_12mo_59.90",2718,2421
"2026-01-02","Brazil","ads_free_12mo_13.90",1359,1317
"2026-01-02","Brazil","ultra_12mo_59.90",595,467
"2026-01-02","Brazil","pro_lto_12mo_39.90",425,425
"2026-01-02","Brazil","com.psafe.msuite.pro_lto_12mo_39.90",297,297
"2026-01-02","Brazil","adsfree_lto_12mo",212,212
"2026-01-02","United States","ads_free_12mo_13.90,pro_1mo_3.90,pro_3day_trial_12mo49.9,ultra_1mo_16.90,ultra_12mo_59.90",170,170
"2026-01-02","Brazil","(not set)",127,127
"2026-01-02","Brazil","com.psafe.msuite.adsfree_lto_12mo",127,127
"2026-01-02","Angola","ultra_12mo_59.90",85,42
"2026-01-02","Brazil","com.psafe.msuite.ads_free_12mo_13.90",85,85
"2026-01-02","United States","ads_free_12mo_13.90",85,85
"2026-01-02","United States","com.psafe.msuite.pro_lto_12mo_39.90",85,85
"2026-01-02","United States","pro_lto_12mo_39.90",85,85
"2026-01-02","Colombia","ads_free_12mo_13.90",42,42
"2026-01-02","United States","ultra_12mo_59.90",42,42
"2026-01-03","Brazil","ads_free_12mo_13.90,pro_1mo_3.90,pro_3day_trial_12mo49.9,ultra_1mo_16.90,ultra_12mo_59.90",3309,2630
"2026-01-03","Brazil","ads_free_12mo_13.90",1103,1061
"2026-01-03","Brazil","ultra_12mo_59.90",1061,891
"2026-01-03","Brazil","pro_lto_12mo_39.90",467,467
"2026-01-03","United States","ads_free_12mo_13.90,pro_1mo_3.90,pro_3day_trial_12mo49.9,ultra_1mo_16.90,ultra_12mo_59.90",424,382
"2026-01-03","Brazil","(not set)",170,85
"2026-01-03","Brazil","com.psafe.msuite.pro_lto_12mo_39.90",170,170
"2026-01-03","United States","ultra_12mo_59.90",127,127
"2026-01-03","Brazil","com.psafe.msuite.adsfree_lto_12mo",85,85
"2026-01-03","Brazil","adsfree_lto_12mo",42,42
"2026-01-03","United States","ads_free_12mo_13.90",42,42
"2026-01-03","United States","com.psafe.msuite.adsfree_lto_12mo",42,42
"2026-01-03","United States","com.psafe.msuite.pro_lto_12mo_39.90",42,42
"2026-01-04","Brazil","ads_free_12mo_13.90,pro_1mo_3.90,pro_3day_trial_12mo49.9,ultra_1mo_16.90,ultra_12mo_59.90",3064,2770
"2026-01-04","Brazil","ads_free_12mo_13.90",965,923
"2026-01-04","Brazil","ultra_12mo_59.90",588,504
"2026-01-04","Brazil","pro_lto_12mo_39.90",546,504
"2026-01-04","United States","ads_free_12mo_13.90,pro_1mo_3.90,pro_3day_trial_12mo49.9,ultra_1mo_16.90,ultra_12mo_59.90",378,252
"2026-01-04","United States","ultra_12mo_59.90",252,84
"2026-01-04","Brazil","adsfree_lto_12mo",210,210
"2026-01-04","Brazil","(not set)",126,126
"2026-01-04","United States","ads_free_12mo_13.90",126,126
"2026-01-04","Brazil","com.psafe.msuite.pro_lto_12mo_39.90",84,84
"2026-01-04","United States","pro_lto_12mo_39.90",84,84
"2026-01-04","Brazil","com.psafe.msuite.ads_free_12mo_13.90",42,42
"2026-01-04","Brazil","com.psafe.msuite.adsfree_lto_12mo",42,42
"2026-01-04","Brazil","com.psafe.msuite.pro_1mo_3.90,com.psafe.msuite.pro_3day_trial_12mo49.9",42,42
"2026-01-04","Germany","ultra_12mo_59.90",42,42
"2026-01-04","Nigeria","ads_free_12mo_13.90,pro_1mo_3.90,pro_3day_trial_12mo49.9,ultra_1mo_16.90,ultra_12mo_59.90",42,42
"2026-01-04","United States","(not set)",42,42
"2026-01-04","United States","adsfree_lto_12mo",42,42
"2026-01-04","United States","pro_12mo_49.90,ultra_12mo_59.90",42,42
"2026-01-05","Brazil","ads_free_12mo_13.90,pro_1mo_3.90,pro_3day_trial_12mo49.9,ultra_1mo_16.90,ultra_12mo_59.90",2393,2175
"2026-01-05","Brazil","ads_free_12mo_13.90",1392,1349
"2026-01-05","Brazil","ultra_12mo_59.90",957,479
"2026-01-05","Brazil","pro_lto_12mo_39.90",392,392
"2026-01-05","Brazil","com.psafe.msuite.pro_lto_12mo_39.90",305,305
"2026-01-05","United States","ads_free_12mo_13.90,pro_1mo_3.90,pro_3day_trial_12mo49.9,ultra_1mo_16.90,ultra_12mo_59.90",218,218
"2026-01-05","Brazil","(not set)",174,87
"2026-01-05","Brazil","com.psafe.msuite.adsfree_lto_12mo",174,174
"2026-01-05","Brazil","adsfree_lto_12mo",87,87
"2026-01-05","Brazil","com.psafe.msuite.ads_free_12mo_13.90",87,44
"2026-01-05","Brazil","com.psafe.msuite.ultra_12mo_59.90",87,87
"2026-01-05","United States","(not set)",87,87
"2026-01-05","United States","ads_free_12mo_13.90",87,87
"2026-01-05","United States","pro_12mo_49.90,ultra_12mo_59.90",87,44
"2026-01-05","United States","pro_lto_12mo_39.90",87,87
"2026-01-05","United States","ultra_12mo_59.90",87,87
"2026-01-05","Colombia","adsfree_lto_12mo",44,44
"2026-01-05","India","ultra_12mo_59.90",44,44
"2026-01-05","Iran","ads_free_12mo_13.90,pro_1mo_3.90,pro_3day_trial_12mo49.9,ultra_1mo_16.90,ultra_12mo_59.90",44,44
"2026-01-05","Mexico","ads_free_12mo_13.90",44,44
"2026-01-05","United States","com.psafe.msuite.ads_free_12mo_13.90",44,44
"2026-01-05","United States","com.psafe.msuite.pro_1mo_3.90,com.psafe.msuite.pro_3day_trial_12mo49.9",44,44
"2026-01-05","United States","com.psafe.msuite.pro_lto_12mo_39.90",44,44
"2026-01-06","Brazil","ads_free_12mo_13.90,pro_1mo_3.90,pro_3day_trial_12mo49.9,ultra_1mo_16.90,ultra_12mo_59.90",2955,2484
"2026-01-06","Brazil","ads_free_12mo_13.90",1156,1156
"2026-01-06","Brazil","ultra_12mo_59.90",685,514
"2026-01-06","Brazil","pro_lto_12mo_39.90",600,600
"2026-01-06","Brazil","adsfree_lto_12mo",214,214
"2026-01-06","Brazil","com.psafe.msuite.pro_lto_12mo_39.90",214,214
"2026-01-06","United States","ads_free_12mo_13.90,pro_1mo_3.90,pro_3day_trial_12mo49.9,ultra_1mo_16.90,ultra_12mo_59.90",214,128
"2026-01-06","United States","ultra_12mo_59.90",171,128
"2026-01-06","Brazil","com.psafe.msuite.adsfree_lto_12mo",128,128
"2026-01-06","Brazil","com.psafe.msuite.ads_free_12mo_13.90",86,86
"2026-01-06","United States","pro_lto_12mo_39.90",86,86
"2026-01-06","Brazil","(not set)",43,43
"2026-01-06","Brazil","ads_free_12mo",43,43
"2026-01-06","Brazil","ads_free_12mo,pro_1mo,pro_3day_trial_12mo,ultra_1mo,ultra_12mo",43,43
"2026-01-06","Brazil","ultra_12mo",43,43
"2026-01-06","Egypt","ultra_12mo_59.90",43,43
"2026-01-06","United States","(not set)",43,43
"2026-01-06","United States","ads_free_12mo_13.90",43,43
"2026-01-06","United States","com.psafe.msuite.adsfree_lto_12mo",43,43
"2026-01-06","United States","com.psafe.msuite.pro_lto_12mo_39.90",43,43
"2026-01-07","Brazil","ads_free_12mo_13.90,pro_1mo_3.90,pro_3day_trial_12mo49.9,ultra_1mo_16.90,ultra_12mo_59.90",3241,2441
"2026-01-07","Brazil","ads_free_12mo_13.90",1347,1305
"2026-01-07","Brazil","ultra_12mo_59.90",968,673
"2026-01-07","United States","ads_free_12mo_13.90,pro_1mo_3.90,pro_3day_trial_12mo49.9,ultra_1mo_16.90,ultra_12mo_59.90",337,337
"2026-01-07","Brazil","com.psafe.msuite.adsfree_lto_12mo",253,253
"2026-01-07","Brazil","com.psafe.msuite.pro_lto_12mo_39.90",210,210
"2026-01-07","Brazil","pro_lto_12mo_39.90",210,210
"2026-01-07","Brazil","adsfree_lto_12mo",168,168
"2026-01-07","France","ads_free_12mo_13.90,pro_1mo_3.90,pro_3day_trial_12mo49.9,ultra_1mo_16.90,ultra_12mo_59.90",84,42
"2026-01-07","United States","ads_free_12mo_13.90",84,84
"2026-01-07","United States","com.psafe.msuite.pro_lto_12mo_39.90",84,84
"2026-01-07","Brazil","com.psafe.msuite.ads_free_12mo_13.90",42,42
"2026-01-07","Egypt","adsfree_lto_12mo",42,42
"2026-01-07","United States","adsfree_lto_12mo",42,42
"2026-01-07","United States","com.psafe.msuite.ads_free_12mo_13.90",42,42
"2026-01-07","United States","com.psafe.msuite.adsfree_lto_12mo",42,42
"2026-01-07","United States","ultra_1mo_16.90,ultra_12mo_59.90",42,42
"2026-01-08","Brazil","ads_free_12mo_13.90,pro_1mo_3.90,pro_3day_trial_12mo49.9,ultra_1mo_16.90,ultra_12mo_59.90",2723,2304
"2026-01-08","Brazil","ads_free_12mo_13.90",1005,963
"2026-01-08","Brazil","ultra_12mo_59.90",712,503
"2026-01-08","United States","ads_free_12mo_13.90,pro_1mo_3.90,pro_3day_trial_12mo49.9,ultra_1mo_16.90,ultra_12mo_59.90",461,419
"2026-01-08","United States","(not set)",377,42
"2026-01-08","Brazil","pro_lto_12mo_39.90",335,335
"2026-01-08","Brazil","adsfree_lto_12mo",126,126
"2026-01-08","Brazil","(not set)",84,84
"2026-01-08","Brazil","com.psafe.msuite.ads_free_12mo_13.90",84,84
"2026-01-08","Brazil","com.psafe.msuite.adsfree_lto_12mo",84,84
"2026-01-08","Brazil","com.psafe.msuite.pro_lto_12mo_39.90",84,84
"2026-01-08","Morocco","ultra_12mo_59.90",84,42
"2026-01-08","Portugal","ads_free_12mo_13.90,pro_1mo_3.90,pro_3day_trial_12mo49.9,ultra_1mo_16.90,ultra_12mo_59.90",84,42
"2026-01-08","United States","ads_free_12mo_13.90",84,84
"2026-01-08","United States","com.psafe.msuite.pro_3day_trial_12mo49.9",84,42
"2026-01-08","Brazil","com.psafe.msuite.pro_1mo_3.90,com.psafe.msuite.pro_3day_trial_12mo49.9",42,42
"2026-01-08","Brazil","pro_12mo_49.90,ultra_12mo_59.90",42,42
"2026-01-08","Mexico","ads_free_12mo_13.90,pro_1mo_3.90,pro_3day_trial_12mo49.9,ultra_1mo_16.90,ultra_12mo_59.90",42,42
"2026-01-08","Morocco","ads_free_12mo_13.90,pro_1mo_3.90,pro_3day_trial_12mo49.9,ultra_1mo_16.90,ultra_12mo_59.90",42,42
"2026-01-08","United States","adsfree_lto_12mo",42,42
"2026-01-08","United States","com.psafe.msuite.pro_lto_12mo_39.90",42,42
"2026-01-08","United States","pro_lto_12mo_39.90",42,42
"2026-01-08","United States","ultra_12mo_59.90",42,42
"2026-01-09","Brazil","ads_free_12mo_13.90,pro_1mo_3.90,pro_3day_trial_12mo49.9,ultra_1mo_16.90,ultra_12mo_59.90",4348,3469
"2026-01-09","Brazil","ads_free_12mo_13.90",1943,1896
"2026-01-09","Brazil","pro_lto_12mo_39.90",1341,1341
"2026-01-09","Brazil","ultra_12mo_59.90",833,648
"2026-01-09","Brazil","adsfree_lto_12mo",694,694
"2026-01-09","Guatemala","ads_free_12mo_13.90,pro_1mo_3.90,pro_3day_trial_12mo49.9,ultra_1mo_16.90,ultra_12mo_59.90",416,46
"2026-01-09","Guatemala","ultra_12mo_59.90",416,46
"2026-01-09","United States","ads_free_12mo_13.90,pro_1mo_3.90,pro_3day_trial_12mo49.9,ultra_1mo_16.90,ultra_12mo_59.90",370,231
"2026-01-09","United States","ads_free_12mo_13.90",324,324
"2026-01-09","Saudi Arabia","ultra_12mo_59.90",185,46
"2026-01-09","Brazil","com.psafe.msuite.pro_lto_12mo_39.90",139,139
"2026-01-09","United States","(not set)",139,93
"2026-01-09","United States","pro_12mo_49.90,ultra_12mo_59.90",139,46
"2026-01-09","United States","pro_lto_12mo_39.90",139,139
"2026-01-09","Brazil","(not set)",93,93
"2026-01-09","Brazil","com.psafe.msuite.ads_free_12mo_13.90",93,93
"2026-01-09","Portugal","ultra_12mo_59.90",93,46
"2026-01-09","American Samoa","(not set)",46,46
"2026-01-09","American Samoa","com.psafe.msuite.pro_1mo_3.90,com.psafe.msuite.pro_3day_trial_12mo49.9",46,46
"2026-01-09","Brazil","com.psafe.msuite.adsfree_lto_12mo",46,46
"2026-01-09","Brazil","com.psafe.msuite.pro_1mo_3.90,com.psafe.msuite.pro_3day_trial_12mo49.9",46,46
"2026-01-09","Brazil","pro_12mo_49.90,ultra_12mo_59.90",46,46
"2026-01-09","Guatemala","ads_free_12mo_13.90",46,46
"2026-01-09","Nigeria","ultra_12mo_59.90",46,46
"2026-01-09","Portugal","ads_free_12mo_13.90",46,46
"2026-01-09","Portugal","ads_free_12mo_13.90,pro_1mo_3.90,pro_3day_trial_12mo49.9,ultra_1mo_16.90,ultra_12mo_59.90",46,46
"2026-01-09","United States","com.psafe.msuite.ads_free_12mo_13.90",46,46
"2026-01-09","United States","com.psafe.msuite.pro_lto_12mo_39.90",46,46
"2026-01-09","United States","no_offers_available",46,46
"2026-01-10","Brazil","ads_free_12mo_13.90,pro_1mo_3.90,pro_3day_trial_12mo49.9,ultra_1mo_16.90,ultra_12mo_59.90",3025,2625
"2026-01-10","Brazil","pro_lto_12mo_39.90",2091,2002
"2026-01-10","Brazil","ads_free_12mo_13.90",1468,1423
"2026-01-10","Brazil","adsfree_lto_12mo",1112,1112
"2026-01-10","Brazil","ultra_12mo_59.90",1023,712
"2026-01-10","United States","ads_free_12mo_13.90,pro_1mo_3.90,pro_3day_trial_12mo49.9,ultra_1mo_16.90,ultra_12mo_59.90",311,267
"2026-01-10","Brazil","(not set)",178,89
"2026-01-10","Brazil","com.psafe.msuite.pro_lto_12mo_39.90",178,178
"2026-01-10","Myanmar (Burma)","ultra_12mo_59.90",133,44
"2026-01-10","United States","ultra_12mo_59.90",133,133
"2026-01-10","Myanmar (Burma)","ads_free_12mo_13.90,pro_1mo_3.90,pro_3day_trial_12mo49.9,ultra_1mo_16.90,ultra_12mo_59.90",89,44
"2026-01-10","United States","ads_free_12mo_13.90",89,89
"2026-01-10","United States","adsfree_lto_12mo",89,89
"2026-01-10","United States","pro_lto_12mo_39.90",89,89
"2026-01-10","Brazil","ads_free_12mo,pro_1mo,pro_3day_trial_12mo,ultra_1mo,ultra_12mo",44,44
"2026-01-10","Brazil","com.psafe.msuite.adsfree_lto_12mo",44,44
"2026-01-10","Brazil","com.psafe.msuite.pro_1mo_3.90,com.psafe.msuite.pro_3day_trial_12mo49.9",44,44
"2026-01-10","Brazil","com.psafe.msuite.ultra_12mo_59.90",44,44
"2026-01-10","Guatemala","ads_free_12mo_13.90,pro_1mo_3.90,pro_3day_trial_12mo49.9,ultra_1mo_16.90,ultra_12mo_59.90",44,44
"2026-01-10","Mexico","ads_free_12mo_13.90",44,44
"2026-01-10","Myanmar (Burma)","ads_free_12mo_13.90",44,44
"2026-01-10","New Zealand","ads_free_12mo_13.90,pro_1mo_3.90,pro_3day_trial_12mo49.9,ultra_1mo_16.90,ultra_12mo_59.90",44,44
"2026-01-10","New Zealand","pro_lto_12mo_39.90",44,44
"2026-01-10","Nigeria","pro_lto_12mo_39.90",44,44
"2026-01-10","Portugal","ads_free_12mo_13.90,pro_1mo_3.90,pro_3day_trial_12mo49.9,ultra_1mo_16.90,ultra_12mo_59.90",44,44
"2026-01-10","Spain","ads_free_12mo_13.90",44,44
"2026-01-10","United States","com.psafe.msuite.adsfree_lto_12mo",44,44
"2026-01-10","United States","com.psafe.msuite.pro_lto_12mo_39.90",44,44
"2026-01-10","United States","com.psafe.msuite.ultra_12mo_59.90",44,44
"2026-01-10","United States","ultra_1mo_16.90,ultra_12mo_59.90",44,44
"2026-01-11","Brazil","ads_free_12mo_13.90,pro_1mo_3.90,pro_3day_trial_12mo49.9,ultra_1mo_16.90,ultra_12mo_59.90",3555,2827
"2026-01-11","Brazil","pro_lto_12mo_39.90",2356,2356
"2026-01-11","Brazil","adsfree_lto_12mo",1628,1628
"2026-01-11","Brazil","ads_free_12mo_13.90",1414,1242
"2026-01-11","Brazil","ultra_12mo_59.90",942,685
"2026-01-11","United States","ads_free_12mo_13.90,pro_1mo_3.90,pro_3day_trial_12mo49.9,ultra_1mo_16.90,ultra_12mo_59.90",428,343
"2026-01-11","Brazil","com.psafe.msuite.pro_lto_12mo_39.90",343,343
"2026-01-11","United States","ads_free_12mo_13.90",171,171
"2026-01-11","Brazil","(not set)",129,129
"2026-01-11","United States","adsfree_lto_12mo",129,129
"2026-01-11","United States","pro_lto_12mo_39.90",129,129
"2026-01-11","Brazil","com.psafe.msuite.adsfree_lto_12mo",86,86
"2026-01-11","United States","com.psafe.msuite.adsfree_lto_12mo",86,86
"2026-01-11","United States","ultra_12mo_59.90",86,86
"2026-01-11","Argentina","ads_free_12mo_13.90,pro_1mo_3.90,pro_3day_trial_12mo49.9,ultra_1mo_16.90,ultra_12mo_59.90",43,43
"2026-01-11","Brazil","com.psafe.msuite.ultra_12mo_59.90",43,43
"2026-01-11","Puerto Rico","ads_free_12mo_13.90",43,43
"2026-01-11","Puerto Rico","adsfree_lto_12mo",43,43
"2026-01-11","United States","com.psafe.msuite.pro_lto_12mo_39.90",43,43
"2026-01-11","United States","ultra_1mo_16.90,ultra_12mo_59.90",43,43
"2026-01-12","Brazil","ads_free_12mo_13.90,pro_1mo_3.90,pro_3day_trial_12mo49.9,ultra_1mo_16.90,ultra_12mo_59.90",4182,2949
"2026-01-12","Brazil","pro_lto_12mo_39.90",1453,1453
"2026-01-12","Brazil","ads_free_12mo_13.90",1321,1277
"2026-01-12","Brazil","adsfree_lto_12mo",1145,1145
"2026-01-12","Brazil","ultra_12mo_59.90",616,484
"2026-01-12","United States","pro_lto_12mo_39.90",352,352
"2026-01-12","Brazil","(not set)",308,264
"2026-01-12","United States","ads_free_12mo_13.90,pro_1mo_3.90,pro_3day_trial_12mo49.9,ultra_1mo_16.90,ultra_12mo_59.90",220,220
"2026-01-12","United States","adsfree_lto_12mo",176,176
"2026-01-12","Brazil","com.psafe.msuite.pro_lto_12mo_39.90",132,132
"2026-01-12","Brazil","ultra_1mo_16.90,ultra_12mo_59.90",132,44
"2026-01-12","United States","ads_free_12mo_13.90",132,132
"2026-01-12","Brazil","com.psafe.msuite.ads_free_12mo_13.90",88,44
"2026-01-12","Brazil","com.psafe.msuite.adsfree_lto_12mo",44,44
"2026-01-12","Brazil","com.psafe.msuite.ultra_12mo_59.90",44,44
"2026-01-12","Brazil","pro_12mo_49.90,ultra_12mo_59.90",44,44
"2026-01-12","Canada","ads_free_12mo_13.90,pro_1mo_3.90,pro_3day_trial_12mo49.9,ultra_1mo_16.90,ultra_12mo_59.90",44,44
"2026-01-12","Indonesia","ads_free_12mo_13.90,pro_1mo_3.90,pro_3day_trial_12mo49.9,ultra_1mo_16.90,ultra_12mo_59.90",44,44
"2026-01-12","Indonesia","adsfree_lto_12mo",44,44
"2026-01-12","Mexico","pro_lto_12mo_39.90",44,44
"2026-01-12","Nigeria","ads_free_12mo_13.90",44,44
"2026-01-12","Portugal","ads_free_12mo_13.90,pro_1mo_3.90,pro_3day_trial_12mo49.9,ultra_1mo_16.90,ultra_12mo_59.90",44,44
"2026-01-12","United States","com.psafe.msuite.pro_lto_12mo_39.90",44,44
"2026-01-12","United States","pro_12mo_49.90,ultra_12mo_59.90",44,44
"2026-01-12","United States","ultra_12mo_59.90",44,44
"2026-01-13","Brazil","ads_free_12mo_13.90,pro_1mo_3.90,pro_3day_trial_12mo49.9,ultra_1mo_16.90,ultra_12mo_59.90",2654,2436
"2026-01-13","Brazil","ads_free_12mo_13.90",2001,1914
"2026-01-13","Brazil","adsfree_lto_12mo",1958,1958
"2026-01-13","Brazil","ultra_12mo_59.90",1131,740
"2026-01-13","Brazil","com.psafe.msuite.adsfree_lto_12mo",218,218
"2026-01-13","United States","adsfree_lto_12mo",174,174
"2026-01-13","Brazil","ultra_1mo_16.90,ultra_12mo_59.90",131,44
"2026-01-13","United States","ads_free_12mo_13.90",131,131
"2026-01-13","United States","ads_free_12mo_13.90,pro_1mo_3.90,pro_3day_trial_12mo49.9,ultra_1mo_16.90,ultra_12mo_59.90",131,131
"2026-01-13","Brazil","pro_lto_12mo_39.90",87,87
"2026-01-13","United States","com.psafe.msuite.adsfree_lto_12mo",87,87
"2026-01-13","Brazil","com.psafe.msuite.ads_free_12mo_13.90",44,44
"2026-01-13","Brazil","com.psafe.msuite.ultra_12mo_59.90",44,44
"2026-01-13","Colombia","ads_free_12mo_13.90,pro_1mo_3.90,pro_3day_trial_12mo49.9,ultra_1mo_16.90,ultra_12mo_59.90",44,44
"2026-01-13","Mexico","ads_free_12mo_13.90,pro_1mo_3.90,pro_3day_trial_12mo49.9,ultra_1mo_16.90,ultra_12mo_59.90",44,44
"2026-01-13","Nigeria","ads_free_12mo_13.90,pro_1mo_3.90,pro_3day_trial_12mo49.9,ultra_1mo_16.90,ultra_12mo_59.90",44,44
"2026-01-13","United States","ultra_12mo_59.90",44,44
"2026-01-14","Brazil","ads_free_12mo_13.90,pro_1mo_3.90,pro_3day_trial_12mo49.9,ultra_1mo_16.90,ultra_12mo_59.90",2683,2300
"2026-01-14","Brazil","adsfree_lto_12mo",1448,1406
"2026-01-14","Brazil","ads_free_12mo_13.90",980,937
"2026-01-14","Brazil","ultra_12mo_59.90",767,596
"2026-01-14","United States","ads_free_12mo_13.90,pro_1mo_3.90,pro_3day_trial_12mo49.9,ultra_1mo_16.90,ultra_12mo_59.90",298,256
"2026-01-14","United States","adsfree_lto_12mo",170,170
"2026-01-14","Brazil","com.psafe.msuite.adsfree_lto_12mo",128,128
"2026-01-14","Brazil","pro_12mo_49.90,ultra_12mo_59.90",128,85
"2026-01-14","Brazil","pro_1mo_3.90,pro_3day_trial_12mo49.9,ultra_1mo_16.90,ultra_12mo_59.90",128,43
"2026-01-14","Brazil","(not set)",85,85
"2026-01-14","Brazil","no_offers_available",85,43
"2026-01-14","Brazil","com.psafe.msuite.ads_free_12mo_13.90",43,43
"2026-01-14","United Kingdom","ads_free_12mo_13.90,pro_1mo_3.90,pro_3day_trial_12mo49.9,ultra_1mo_16.90,ultra_12mo_59.90",43,43
"2026-01-14","United States","(not set)",43,43
"2026-01-14","United States","ads_free_12mo_13.90",43,43
"2026-01-14","United States","com.psafe.msuite.ultra_12mo_59.90",43,43
"2026-01-15","Brazil","ads_free_12mo_13.90,pro_1mo_3.90,pro_3day_trial_12mo49.9,ultra_1mo_16.90,ultra_12mo_59.90",3166,2744
"2026-01-15","Brazil","adsfree_lto_12mo",1646,1646
"2026-01-15","Brazil","ads_free_12mo_13.90",1435,1393
"2026-01-15","Brazil","ultra_12mo_59.90",675,549
"2026-01-15","United States","ads_free_12mo_13.90,pro_1mo_3.90,pro_3day_trial_12mo49.9,ultra_1mo_16.90,ultra_12mo_59.90",422,295
"2026-01-15","Brazil","(not set)",169,84
"2026-01-15","United States","ultra_12mo_59.90",169,127
"2026-01-15","Brazil","com.psafe.msuite.ultra_12mo_59.90",84,42
"2026-01-15","United States","(not set)",84,42
"2026-01-15","Brazil","com.psafe.msuite.adsfree_lto_12mo",42,42
"2026-01-15","Egypt","ultra_12mo_59.90",42,42
"2026-01-15","Mexico","adsfree_lto_12mo",42,42
"2026-01-15","New Zealand","ads_free_12mo_13.90",42,42
"2026-01-15","United States","ads_free_12mo_13.90",42,42
"2026-01-15","United States","adsfree_lto_12mo",42,42
"2026-01-16","Brazil","ads_free_12mo_13.90,pro_1mo_3.90,pro_3day_trial_12mo49.9,ultra_1mo_16.90,ultra_12mo_59.90",3996,3071
"2026-01-16","Brazil","ads_free_12mo_13.90",2061,1935
"2026-01-16","Brazil","adsfree_lto_12mo",1052,1052
"2026-01-16","Brazil","ultra_12mo_59.90",505,421
"2026-01-16","United States","ads_free_12mo_13.90,pro_1mo_3.90,pro_3day_trial_12mo49.9,ultra_1mo_16.90,ultra_12mo_59.90",421,294
"2026-01-16","United States","ultra_12mo_59.90",210,210
"2026-01-16","United States","adsfree_lto_12mo",126,126
"2026-01-16","Brazil","(not set)",84,42
"2026-01-16","United States","ads_free_12mo_13.90",84,84
"2026-01-16","Brazil","com.psafe.msuite.adsfree_lto_12mo",42,42
"2026-01-16","Brazil","pro_12mo_49.90,ultra_12mo_59.90",42,42
"2026-01-16","Egypt","ultra_12mo_59.90",42,42
"2026-01-16","Mexico","ads_free_12mo_13.90,pro_1mo_3.90,pro_3day_trial_12mo49.9,ultra_1mo_16.90,ultra_12mo_59.90",42,42
"2026-01-16","Nigeria","ads_free_12mo_13.90,pro_1mo_3.90,pro_3day_trial_12mo49.9,ultra_1mo_16.90,ultra_12mo_59.90",42,42
"2026-01-16","United States","no_offers_available",42,42
"2026-01-17","Brazil","ads_free_12mo_13.90,pro_1mo_3.90,pro_3day_trial_12mo49.9,ultra_1mo_16.90,ultra_12mo_59.90",3304,2850
"2026-01-17","Brazil","ads_free_12mo_13.90",1157,1115
"2026-01-17","Brazil","adsfree_lto_12mo",909,909
"2026-01-17","Brazil","ultra_12mo_59.90",785,620
"2026-01-17","United States","ads_free_12mo_13.90,pro_1mo_3.90,pro_3day_trial_12mo49.9,ultra_1mo_16.90,ultra_12mo_59.90",289,248
"2026-01-17","Brazil","com.psafe.msuite.adsfree_lto_12mo",165,165
"2026-01-17","Brazil","ultra_1mo_16.90,ultra_12mo_59.90",165,83
"2026-01-17","Brazil","com.psafe.msuite.ads_free_12mo_13.90",124,124
"2026-01-17","Brazil","(not set)",83,83
"2026-01-17","United States","(not set)",83,83
"2026-01-17","United States","ads_free_12mo_13.90",83,83
"2026-01-17","United States","ultra_12mo_59.90",83,41
"2026-01-17","Brazil","com.psafe.msuite.pro_lto_12mo_39.90",41,41
"2026-01-17","Brazil","com.psafe.msuite.ultra_12mo_59.90",41,41
"2026-01-17","India","ultra_12mo_59.90",41,41
"2026-01-17","Mexico","ads_free_12mo_13.90,pro_1mo_3.90,pro_3day_trial_12mo49.9,ultra_1mo_16.90,ultra_12mo_59.90",41,41
"2026-01-17","Poland","com.psafe.msuite.ads_free_12mo_13.90",41,41
"2026-01-17","United States","adsfree_lto_12mo",41,41
"2026-01-17","United States","com.psafe.msuite.adsfree_lto_12mo",41,41
"2026-01-18","Brazil","ads_free_12mo_13.90,pro_1mo_3.90,pro_3day_trial_12mo49.9,ultra_1mo_16.90,ultra_12mo_59.90",2940,2409
"2026-01-18","Brazil","adsfree_lto_12mo",1511,1470
"2026-01-18","Brazil","ads_free_12mo_13.90",1307,1225
"2026-01-18","Brazil","ultra_12mo_59.90",572,531
"2026-01-18","United States","ads_free_12mo_13.90,pro_1mo_3.90,pro_3day_trial_12mo49.9,ultra_1mo_16.90,ultra_12mo_59.90",490,408
"2026-01-18","United States","ultra_12mo_59.90",163,163
"2026-01-18","Brazil","(not set)",82,82
"2026-01-18","United States","ads_free_12mo_13.90",82,82
"2026-01-18","Brazil","com.psafe.msuite.adsfree_lto_12mo",41,41
"2026-01-18","Brazil","no_offers_available",41,41
"2026-01-18","Brazil","ultra_1mo_16.90,ultra_12mo_59.90",41,41
"2026-01-18","New Zealand","ads_free_12mo_13.90,pro_1mo_3.90,pro_3day_trial_12mo49.9,ultra_1mo_16.90,ultra_12mo_59.90",41,41
"2026-01-18","United States","(not set)",41,41
"2026-01-18","United States","adsfree_lto_12mo",41,41
"2026-01-18","United States","com.psafe.msuite.pro_1mo_3.90,com.psafe.msuite.pro_3day_trial_12mo49.9",41,41
"2026-01-18","United States","com.psafe.msuite.ultra_12mo_59.90",41,41
"2026-01-19","Brazil","ads_free_12mo_13.90,pro_1mo_3.90,pro_3day_trial_12mo49.9,ultra_1mo_16.90,ultra_12mo_59.90",3993,3186
"2026-01-19","Brazil","ads_free_12mo_13.90",1784,1614
"2026-01-19","Brazil","adsfree_lto_12mo",1190,1190
"2026-01-19","Brazil","ultra_12mo_59.90",680,467
"2026-01-19","Brazil","com.psafe.msuite.adsfree_lto_12mo",255,255
"2026-01-19","United States","ads_free_12mo_13.90,pro_1mo_3.90,pro_3day_trial_12mo49.9,ultra_1mo_16.90,ultra_12mo_59.90",212,212
"2026-01-19","United States","adsfree_lto_12mo",212,212
"2026-01-19","United States","ultra_12mo_59.90",170,127
"2026-01-19","United States","ads_free_12mo_13.90",127,127
"2026-01-19","Brazil","(not set)",85,85
"2026-01-19","Brazil","ultra_1mo_16.90,ultra_12mo_59.90",42,42
"2026-01-20","Brazil","ads_free_12mo_13.90,pro_1mo_3.90,pro_3day_trial_12mo49.9,ultra_1mo_16.90,ultra_12mo_59.90",3390,3089
"2026-01-20","Brazil","ads_free_12mo_13.90",1845,1673
"2026-01-20","Brazil","adsfree_lto_12mo",944,944
"2026-01-20","Brazil","ultra_12mo_59.90",772,558
"2026-01-20","United States","ads_free_12mo_13.90,pro_1mo_3.90,pro_3day_trial_12mo49.9,ultra_1mo_16.90,ultra_12mo_59.90",515,257
"2026-01-20","United States","adsfree_lto_12mo",215,215
"2026-01-20","United States","ads_free_12mo_13.90",129,129
"2026-01-20","Syria","ultra_12mo_59.90",86,43
"2026-01-20","United States","ultra_12mo_59.90",86,86
"2026-01-20","Bolivia","ads_free_12mo_13.90",43,43
"2026-01-20","Bolivia","ultra_12mo_59.90",43,43
"2026-01-20","Brazil","(not set)",43,43
"2026-01-20","Brazil","com.psafe.msuite.adsfree_lto_12mo",43,43
"2026-01-20","United States","pro_12mo_49.90,ultra_12mo_59.90",43,43
"2026-01-21","Brazil","ads_free_12mo_13.90,pro_1mo_3.90,pro_3day_trial_12mo49.9,ultra_1mo_16.90,ultra_12mo_59.90",3338,3081
"2026-01-21","Brazil","ads_free_12mo_13.90",1241,1156
"2026-01-21","Brazil","adsfree_lto_12mo",1070,1070
"2026-01-21","Brazil","ultra_12mo_59.90",728,556
"2026-01-21","United States","ads_free_12mo_13.90,pro_1mo_3.90,pro_3day_trial_12mo49.9,ultra_1mo_16.90,ultra_12mo_59.90",342,257
"2026-01-21","United States","ultra_12mo_59.90",214,214
"2026-01-21","Brazil","ultra_1mo_16.90,ultra_12mo_59.90",171,86
"2026-01-21","Brazil","(not set)",128,86
"2026-01-21","Brazil","com.psafe.msuite.adsfree_lto_12mo",86,86
"2026-01-21","Brazil","no_offers_available",86,43
"2026-01-21","United States","ads_free_12mo_13.90",86,86
"2026-01-21","United States","adsfree_lto_12mo",86,86
"2026-01-21","Argentina","ads_free_12mo_13.90,pro_1mo_3.90,pro_3day_trial_12mo49.9,ultra_1mo_16.90,ultra_12mo_59.90",43,43
"2026-01-21","Brazil","com.psafe.msuite.pro_1mo_3.90,com.psafe.msuite.pro_3day_trial_12mo49.9",43,43
"2026-01-22","Brazil","ads_free_12mo_13.90,pro_1mo_3.90,pro_3day_trial_12mo49.9,ultra_1mo_16.90,ultra_12mo_59.90",3128,2663
"2026-01-22","Brazil","ads_free_12mo_13.90",1649,1564
"2026-01-22","Brazil","adsfree_lto_12mo",1099,1099
"2026-01-22","Brazil","ultra_12mo_59.90",380,380
"2026-01-22","United States","ads_free_12mo_13.90,pro_1mo_3.90,pro_3day_trial_12mo49.9,ultra_1mo_16.90,ultra_12mo_59.90",296,211
"2026-01-22","United States","ultra_12mo_59.90",211,85
"2026-01-22","Nigeria","ads_free_12mo_13.90,pro_1mo_3.90,pro_3day_trial_12mo49.9,ultra_1mo_16.90,ultra_12mo_59.90",85,42
"2026-01-22","Syria","(not set)",85,42
"2026-01-22","Brazil","(not set)",42,42
"2026-01-22","Brazil","com.psafe.msuite.adsfree_lto_12mo",42,42
"2026-01-22","South Africa","ads_free_12mo_13.90",42,42
"2026-01-22","United States","ads_free_12mo_13.90",42,42
"2026-01-22","United States","adsfree_lto_12mo",42,42
"2026-01-22","United States","no_offers_available",42,42
"2026-01-23","Brazil","ads_free_12mo_13.90,pro_1mo_3.90,pro_3day_trial_12mo49.9,ultra_1mo_16.90,ultra_12mo_59.90",2275,2106
"2026-01-23","Brazil","ads_free_12mo_13.90",1643,1474
"2026-01-23","Brazil","adsfree_lto_12mo",1264,1264
"2026-01-23","Brazil","ultra_12mo_59.90",632,463
"2026-01-23","United States","ads_free_12mo_13.90,pro_1mo_3.90,pro_3day_trial_12mo49.9,ultra_1mo_16.90,ultra_12mo_59.90",379,253
"2026-01-23","Brazil","no_offers_available",295,84
"2026-01-23","Brazil","(not set)",211,126
"2026-01-23","Morocco","ads_free_12mo_13.90,pro_1mo_3.90,pro_3day_trial_12mo49.9,ultra_1mo_16.90,ultra_12mo_59.90",126,42
"2026-01-23","Morocco","ultra_12mo_59.90",126,42
"2026-01-23","United States","(not set)",126,126
"2026-01-23","United States","ultra_12mo_59.90",126,84
"2026-01-23","Brazil","com.psafe.msuite.adsfree_lto_12mo",84,84
"2026-01-23","Brazil","com.psafe.msuite.ultra_12mo_59.90",84,84
"2026-01-23","United States","ads_free_12mo_13.90",84,84
"2026-01-23","Brazil","pro_12mo_49.90,ultra_12mo_59.90",42,42
"2026-01-23","Canada","ultra_12mo_59.90",42,42
"2026-01-23","Mexico","ads_free_12mo_13.90,pro_1mo_3.90,pro_3day_trial_12mo49.9,ultra_1mo_16.90,ultra_12mo_59.90",42,42
"2026-01-23","Mexico","adsfree_lto_12mo",42,42
"2026-01-23","United States","adsfree_lto_12mo",42,42
"2026-01-23","United States","pro_12mo_49.90,ultra_12mo_59.90",42,42
"2026-01-23","United States","pro_1mo_3.90,pro_3day_trial_12mo49.9,ultra_1mo_16.90,ultra_12mo_59.90",42,42
"2026-01-24","Brazil","ads_free_12mo_13.90,pro_1mo_3.90,pro_3day_trial_12mo49.9,ultra_1mo_16.90,ultra_12mo_59.90",3947,3116
"2026-01-24","Brazil","adsfree_lto_12mo",2161,2161
"2026-01-24","Brazil","ads_free_12mo_13.90",1039,1039
"2026-01-24","Brazil","ultra_12mo_59.90",499,457
"2026-01-24","United States","adsfree_lto_12mo",291,291
"2026-01-24","United States","ads_free_12mo_13.90,pro_1mo_3.90,pro_3day_trial_12mo49.9,ultra_1mo_16.90,ultra_12mo_59.90",249,166
"2026-01-24","United States","ultra_12mo_59.90",166,166
"2026-01-24","United States","ads_free_12mo_13.90",125,125
"2026-01-24","Brazil","(not set)",83,42
"2026-01-24","Brazil","com.psafe.msuite.adsfree_lto_12mo",83,83
"2026-01-24","Nigeria","ads_free_12mo_13.90,pro_1mo_3.90,pro_3day_trial_12mo49.9,ultra_1mo_16.90,ultra_12mo_59.90",83,42
"2026-01-24","Brazil","no_offers_available",42,42
"2026-01-24","Canada","adsfree_lto_12mo",42,42
"2026-01-24","India","ultra_12mo_59.90",42,42
"2026-01-24","Indonesia","adsfree_lto_12mo",42,42
"2026-01-24","Iran","ads_free_12mo_13.90,pro_1mo_3.90,pro_3day_trial_12mo49.9,ultra_1mo_16.90,ultra_12mo_59.90",42,42
"2026-01-24","New Zealand","ads_free_12mo_13.90",42,42
"2026-01-24","Poland","(not set)",42,42
"2026-01-24","Togo","ultra_12mo_59.90",42,42
"2026-01-24","United States","(not set)",42,42
"2026-01-25","Brazil","ads_free_12mo_13.90,pro_1mo_3.90,pro_3day_trial_12mo49.9,ultra_1mo_16.90,ultra_12mo_59.90",2707,2297
"2026-01-25","Brazil","adsfree_lto_12mo",1928,1928
"2026-01-25","Brazil","ads_free_12mo_13.90",1682,1599
"2026-01-25","Brazil","ultra_12mo_59.90",615,574
"2026-01-25","United States","ads_free_12mo_13.90,pro_1mo_3.90,pro_3day_trial_12mo49.9,ultra_1mo_16.90,ultra_12mo_59.90",205,123
"2026-01-25","Brazil","com.psafe.msuite.adsfree_lto_12mo",123,123
"2026-01-25","United States","adsfree_lto_12mo",123,123
"2026-01-25","Brazil","(not set)",41,41
"2026-01-25","Brazil","com.psafe.msuite.ads_free_12mo_13.90",41,41
"2026-01-25","Egypt","ads_free_12mo_13.90,pro_1mo_3.90,pro_3day_trial_12mo49.9,ultra_1mo_16.90,ultra_12mo_59.90",41,41
"2026-01-25","Egypt","ultra_12mo_59.90",41,41
"2026-01-25","Mexico","(not set)",41,41
"2026-01-25","Spain","(not set)",41,41
"2026-01-25","United States","(not set)",41,41
"2026-01-25","United States","ads_free_12mo_13.90",41,41
"2026-01-25","United States","com.psafe.msuite.ads_free_12mo_13.90",41,41
"2026-01-25","United States","com.psafe.msuite.adsfree_lto_12mo",41,41
"2026-01-25","United States","ultra_12mo_59.90",41,41
"2026-01-26","Brazil","ads_free_12mo_13.90,pro_1mo_3.90,pro_3day_trial_12mo49.9,ultra_1mo_16.90,ultra_12mo_59.90",3941,3042
"2026-01-26","Brazil","adsfree_lto_12mo",2742,2656
"2026-01-26","Brazil","ads_free_12mo_13.90",1628,1585
"2026-01-26","Brazil","ultra_12mo_59.90",814,600
"2026-01-26","United States","ads_free_12mo_13.90,pro_1mo_3.90,pro_3day_trial_12mo49.9,ultra_1mo_16.90,ultra_12mo_59.90",343,257
"2026-01-26","Brazil","(not set)",129,129
"2026-01-26","Brazil","com.psafe.msuite.ultra_12mo_59.90",86,86
"2026-01-26","United States","ads_free_12mo_13.90",86,86
"2026-01-26","United States","ultra_12mo_59.90",86,86
"2026-01-26","Brazil","com.psafe.msuite.pro_1mo_3.90,com.psafe.msuite.pro_3day_trial_12mo49.9",43,43
"2026-01-26","India","ads_free_12mo_13.90",43,43
"2026-01-26","India","ads_free_12mo_13.90,pro_1mo_3.90,pro_3day_trial_12mo49.9,ultra_1mo_16.90,ultra_12mo_59.90",43,43
"2026-01-26","India","ultra_12mo_59.90",43,43
"2026-01-26","Nigeria","ads_free_12mo_13.90",43,43
"2026-01-26","Nigeria","ads_free_12mo_13.90,pro_1mo_3.90,pro_3day_trial_12mo49.9,ultra_1mo_16.90,ultra_12mo_59.90",43,43
"2026-01-26","Spain","ads_free_12mo_13.90,pro_1mo_3.90,pro_3day_trial_12mo49.9,ultra_1mo_16.90,ultra_12mo_59.90",43,43
"2026-01-26","United Arab Emirates","ultra_12mo_59.90",43,43
"2026-01-26","United States","adsfree_lto_12mo",43,43
"2026-01-27","Brazil","adsfree_lto_12mo",4549,4506
"2026-01-27","Brazil","ads_free_12mo_13.90,pro_1mo_3.90,pro_3day_trial_12mo49.9,ultra_1mo_16.90,ultra_12mo_59.90",4378,3476
"2026-01-27","Brazil","ads_free_12mo_13.90",1416,1373
"2026-01-27","Brazil","ultra_12mo_59.90",687,558
"2026-01-27","United States","ads_free_12mo_13.90,pro_1mo_3.90,pro_3day_trial_12mo49.9,ultra_1mo_16.90,ultra_12mo_59.90",472,386
"2026-01-27","United States","ads_free_12mo_13.90",258,215
"2026-01-27","United States","adsfree_lto_12mo",258,258
"2026-01-27","Brazil","(not set)",172,172
"2026-01-27","Brazil","com.psafe.msuite.adsfree_lto_12mo",129,129
"2026-01-27","Argentina","ads_free_12mo_13.90,pro_1mo_3.90,pro_3day_trial_12mo49.9,ultra_1mo_16.90,ultra_12mo_59.90",43,43
"2026-01-27","Brazil","no_offers_available",43,43
"2026-01-27","Brazil","pro_12mo_49.90,ultra_12mo_59.90",43,43
"2026-01-27","Brazil","pro_1mo_3.90,pro_3day_trial_12mo49.9,ultra_1mo_16.90,ultra_12mo_59.90",43,43
"2026-01-27","Netherlands","ads_free_12mo_13.90,pro_1mo_3.90,pro_3day_trial_12mo49.9,ultra_1mo_16.90,ultra_12mo_59.90",43,43
"2026-01-27","Spain","(not set)",43,43
"2026-01-27","Spain","com.psafe.msuite.pro_1mo_3.90,com.psafe.msuite.pro_3day_trial_12mo49.9",43,43
"2026-01-27","United States","ultra_12mo_59.90",43,43
"2026-01-27","United States","ultra_1mo_16.90,ultra_12mo_59.90",43,43
"2026-01-28","Brazil","ads_free_12mo_13.90,pro_1mo_3.90,pro_3day_trial_12mo49.9,ultra_1mo_16.90,ultra_12mo_59.90",4508,3700
"2026-01-28","Brazil","adsfree_lto_12mo",4295,4252
"2026-01-28","Brazil","ads_free_12mo_13.90",1743,1616
"2026-01-28","Brazil","ultra_12mo_59.90",680,553
"2026-01-28","United States","adsfree_lto_12mo",468,468
"2026-01-28","United States","ads_free_12mo_13.90,pro_1mo_3.90,pro_3day_trial_12mo49.9,ultra_1mo_16.90,ultra_12mo_59.90",383,340
"2026-01-28","Brazil","(not set)",213,170
"2026-01-28","United States","ultra_12mo_59.90",213,170
"2026-01-28","United States","ads_free_12mo_13.90",170,170
"2026-01-28","Brazil","com.psafe.msuite.adsfree_lto_12mo",128,128
"2026-01-28","Brazil","com.psafe.msuite.ads_free_12mo_13.90",85,43
"2026-01-28","Brazil","com.psafe.msuite.ultra_12mo_59.90",43,43
"2026-01-28","Canada","adsfree_lto_12mo",43,43
"2026-01-28","Saudi Arabia","ads_free_12mo_13.90,pro_1mo_3.90,pro_3day_trial_12mo49.9,ultra_1mo_16.90,ultra_12mo_59.90",43,43
"2026-01-28","United States","com.psafe.msuite.adsfree_lto_12mo",43,43
"2026-01-28","United States","com.psafe.msuite.pro_3day_trial_12mo49.9",43,43
"2026-01-28","United States","com.psafe.msuite.pro_lto_12mo_39.90",43,43
"2026-01-29","Brazil","adsfree_lto_12mo",4901,4901
"2026-01-29","Brazil","ads_free_12mo_13.90,pro_1mo_3.90,pro_3day_trial_12mo49.9,ultra_1mo_16.90,ultra_12mo_59.90",4774,3972
"2026-01-29","Brazil","ads_free_12mo_13.90",1732,1563
"2026-01-29","Brazil","ultra_12mo_59.90",972,803
"2026-01-29","United States","ads_free_12mo_13.90,pro_1mo_3.90,pro_3day_trial_12mo49.9,ultra_1mo_16.90,ultra_12mo_59.90",803,718
"2026-01-29","United States","adsfree_lto_12mo",634,634
"2026-01-29","United States","ultra_12mo_59.90",211,169
"2026-01-29","United States","ads_free_12mo_13.90",127,127
"2026-01-29","United States","pro_1mo_3.90,pro_3day_trial_12mo49.9,ultra_1mo_16.90,ultra_12mo_59.90",85,42
"2026-01-29","Argentina","adsfree_lto_12mo",42,42
"2026-01-29","Brazil","(not set)",42,42
"2026-01-29","Brazil","com.psafe.msuite.adsfree_lto_12mo",42,42
"2026-01-29","Nigeria","ads_free_12mo_13.90,pro_1mo_3.90,pro_3day_trial_12mo49.9,ultra_1mo_16.90,ultra_12mo_59.90",42,42
"2026-01-29","Poland","(not set)",42,42
"2026-01-30","Brazil","adsfree_lto_12mo",5240,5240
"2026-01-30","Brazil","ads_free_12mo_13.90,pro_1mo_3.90,pro_3day_trial_12mo49.9,ultra_1mo_16.90,ultra_12mo_59.90",4057,3338
"2026-01-30","Brazil","ads_free_12mo_13.90",1690,1606
"2026-01-30","Brazil","ultra_12mo_59.90",930,718
"2026-01-30","United States","adsfree_lto_12mo",423,380
"2026-01-30","Brazil","com.psafe.msuite.adsfree_lto_12mo",296,296
"2026-01-30","United States","ads_free_12mo_13.90,pro_1mo_3.90,pro_3day_trial_12mo49.9,ultra_1mo_16.90,ultra_12mo_59.90",211,211
"2026-01-30","Brazil","no_offers_available",127,85
"2026-01-30","United States","ultra_12mo_59.90",127,85
"2026-01-30","United States","ads_free_12mo_13.90",85,85
"2026-01-30","Colombia","adsfree_lto_12mo",42,42
"2026-01-30","Costa Rica","adsfree_lto_12mo",42,42
"2026-01-30","Mexico","ads_free_12mo_13.90,pro_1mo_3.90,pro_3day_trial_12mo49.9,ultra_1mo_16.90,ultra_12mo_59.90",42,42
"2026-01-31","Brazil","ads_free_12mo_13.90,pro_1mo_3.90,pro_3day_trial_12mo49.9,ultra_1mo_16.90,ultra_12mo_59.90",3271,2815
"2026-01-31","Brazil","adsfree_lto_12mo",3105,3105
"2026-01-31","Brazil","ads_free_12mo_13.90",1863,1697
"2026-01-31","Brazil","ultra_12mo_59.90",787,662
"2026-01-31","United States","adsfree_lto_12mo",414,414
"2026-01-31","United States","ads_free_12mo_13.90,pro_1mo_3.90,pro_3day_trial_12mo49.9,ultra_1mo_16.90,ultra_12mo_59.90",331,290
"2026-01-31","Brazil","(not set)",166,166
"2026-01-31","Brazil","com.psafe.msuite.adsfree_lto_12mo",83,83
"2026-01-31","Brazil","com.psafe.msuite.pro_1mo_3.90,com.psafe.msuite.pro_3day_trial_12mo49.9",83,83
"2026-01-31","Brazil","com.psafe.msuite.pro_lto_12mo_39.90",83,83
"2026-01-31","United States","ads_free_12mo_13.90",83,41
"2026-01-31","United States","ultra_12mo_59.90",83,83
"2026-01-31","Algeria","adsfree_lto_12mo",41,41
"2026-01-31","Argentina","adsfree_lto_12mo",41,41
"2026-01-31","Brazil","com.psafe.msuite.ads_free_12mo_13.90",41,41
"2026-01-31","India","com.psafe.msuite.ads_free_12mo_13.90",41,41
"2026-01-31","United States","(not set)",41,41
"2026-01-31","United States","com.psafe.msuite.pro_1mo_3.90,com.psafe.msuite.pro_3day_trial_12mo49.9",41,41
"2026-01-31","United States","no_offers_available",41,41
"2026-02-01","Brazil","adsfree_lto_12mo",3824,3700
"2026-02-01","Brazil","ads_free_12mo_13.90,pro_1mo_3.90,pro_3day_trial_12mo49.9,ultra_1mo_16.90,ultra_12mo_59.90",3659,3125
"2026-02-01","Brazil","ads_free_12mo_13.90",1439,1357
"2026-02-01","Brazil","ultra_12mo_59.90",1275,699
"2026-02-01","United States","ads_free_12mo_13.90,pro_1mo_3.90,pro_3day_trial_12mo49.9,ultra_1mo_16.90,ultra_12mo_59.90",452,411
"2026-02-01","United States","adsfree_lto_12mo",164,164
"2026-02-01","United States","ultra_12mo_59.90",164,164
"2026-02-01","Brazil","com.psafe.msuite.adsfree_lto_12mo",82,82
"2026-02-01","United States","ads_free_12mo_13.90",82,82
"2026-02-01","United States","no_offers_available",82,82
"2026-02-01","Brazil","(not set)",41,41
"2026-02-01","Colombia","adsfree_lto_12mo",41,41
"2026-02-01","Mexico","ads_free_12mo_13.90",41,41
"2026-02-01","Morocco","ultra_12mo_59.90",41,41
"2026-02-01","Poland","(not set)",41,41
"2026-02-01","Poland","com.psafe.msuite.ads_free_12mo_13.90",41,41
"2026-02-01","United States","(not set)",41,41
"2026-02-02","Brazil","adsfree_lto_12mo",4274,4188
"2026-02-02","Brazil","ads_free_12mo_13.90,pro_1mo_3.90,pro_3day_trial_12mo49.9,ultra_1mo_16.90,ultra_12mo_59.90",3932,3462
"2026-02-02","Brazil","ads_free_12mo_13.90",1111,1111
"2026-02-02","Brazil","ultra_12mo_59.90",1026,470
"2026-02-02","United States","ads_free_12mo_13.90,pro_1mo_3.90,pro_3day_trial_12mo49.9,ultra_1mo_16.90,ultra_12mo_59.90",214,214
"2026-02-02","United States","adsfree_lto_12mo",214,214
"2026-02-02","United States","ads_free_12mo_13.90",128,128
"2026-02-02","Brazil","(not set)",85,85
"2026-02-02","Saudi Arabia","ultra_12mo_59.90",85,43
"2026-02-02","Brazil","com.psafe.msuite.adsfree_lto_12mo",43,43
"2026-02-02","Egypt","ads_free_12mo_13.90",43,43
"2026-02-02","Peru","ultra_12mo_59.90",43,43
"2026-02-02","Saudi Arabia","ads_free_12mo_13.90,pro_1mo_3.90,pro_3day_trial_12mo49.9,ultra_1mo_16.90,ultra_12mo_59.90",43,43
"2026-02-02","United States","com.psafe.msuite.adsfree_lto_12mo",43,43
"2026-02-03","Brazil","ads_free_12mo_13.90,pro_1mo_3.90,pro_3day_trial_12mo49.9,ultra_1mo_16.90,ultra_12mo_59.90",4751,3671
"2026-02-03","Brazil","adsfree_lto_12mo",3110,3024
"2026-02-03","Brazil","ads_free_12mo_13.90",2073,1987
"2026-02-03","Brazil","ultra_12mo_59.90",1296,648
"2026-02-03","United States","adsfree_lto_12mo",216,216
"2026-02-03","Brazil","(not set)",173,86
"2026-02-03","United States","ads_free_12mo_13.90",173,173
"2026-02-03","United States","ultra_12mo_59.90",173,173
"2026-02-03","Brazil","com.psafe.msuite.ads_free_12mo_13.90",86,86
"2026-02-03","United States","ads_free_12mo_13.90,pro_1mo_3.90,pro_3day_trial_12mo49.9,ultra_1mo_16.90,ultra_12mo_59.90",86,86
"2026-02-03","Argentina","adsfree_lto_12mo",43,43
"2026-02-03","Brazil","com.psafe.msuite.pro_lto_12mo_39.90",43,43
"2026-02-03","Brazil","no_offers_available",43,43
"2026-02-03","Canada","ultra_12mo_59.90",43,43
"2026-02-03","Kuwait","ads_free_12mo_13.90,pro_1mo_3.90,pro_3day_trial_12mo49.9,ultra_1mo_16.90,ultra_12mo_59.90",43,43
"2026-02-03","Mexico","adsfree_lto_12mo",43,43
"2026-02-03","Mexico","ultra_12mo_59.90",43,43
"2026-02-04","Brazil","adsfree_lto_12mo",4040,4040
"2026-02-04","Brazil","ads_free_12mo_13.90,pro_1mo_3.90,pro_3day_trial_12mo49.9,ultra_1mo_16.90,ultra_12mo_59.90",3215,2737
"2026-02-04","Brazil","ads_free_12mo_13.90",1738,1607
"2026-02-04","Brazil","ultra_12mo_59.90",869,782
"2026-02-04","United States","ads_free_12mo_13.90,pro_1mo_3.90,pro_3day_trial_12mo49.9,ultra_1mo_16.90,ultra_12mo_59.90",434,391
"2026-02-04","United States","adsfree_lto_12mo",304,304
"2026-02-04","Brazil","(not set)",87,87
"2026-02-04","Brazil","pro_1mo_3.90,pro_3day_trial_12mo49.9,ultra_1mo_16.90,ultra_12mo_59.90",87,43
"2026-02-04","United States","com.psafe.msuite.ultra_12mo_59.90",87,43
"2026-02-04","United States","pro_12mo_49.90,ultra_12mo_59.90",87,43
"2026-02-04","United States","ultra_12mo_59.90",87,87
"2026-02-04","Brazil","pro_12mo_49.90,ultra_12mo_59.90",43,43
"2026-02-04","United States","ads_free_12mo_13.90",43,43
"2026-02-05","Brazil","ads_free_12mo_13.90,pro_1mo_3.90,pro_3day_trial_12mo49.9,ultra_1mo_16.90,ultra_12mo_59.90",3917,3177
"2026-02-05","Brazil","adsfree_lto_12mo",3090,3047
"2026-02-05","Brazil","ads_free_12mo_13.90",1393,1349
"2026-02-05","Brazil","ultra_12mo_59.90",653,566
"2026-02-05","United States","ads_free_12mo_13.90,pro_1mo_3.90,pro_3day_trial_12mo49.9,ultra_1mo_16.90,ultra_12mo_59.90",435,348
"2026-02-05","Brazil","com.psafe.msuite.ultra_12mo_59.90",174,44
"2026-02-05","United States","adsfree_lto_12mo",174,174
"2026-02-05","Brazil","(not set)",131,131
"2026-02-05","Brazil","com.psafe.msuite.ads_free_12mo_13.90",131,87
"2026-02-05","Brazil","com.psafe.msuite.adsfree_lto_12mo",131,131
"2026-02-05","United States","ads_free_12mo_13.90",131,131
"2026-02-05","Brazil","pro_12mo_49.90,ultra_12mo_59.90",44,44
"2026-02-05","Indonesia","ads_free_12mo_13.90,pro_1mo_3.90,pro_3day_trial_12mo49.9,ultra_1mo_16.90,ultra_12mo_59.90",44,44
"2026-02-05","Spain","ads_free_12mo_13.90,pro_1mo_3.90,pro_3day_trial_12mo49.9,ultra_1mo_16.90,ultra_12mo_59.90",44,44
"2026-02-05","Thailand","(not set)",44,44
"2026-02-06","Brazil","ads_free_12mo_13.90,pro_1mo_3.90,pro_3day_trial_12mo49.9,ultra_1mo_16.90,ultra_12mo_59.90",4106,3453
"2026-02-06","Brazil","adsfree_lto_12mo",3173,3126
"2026-02-06","Brazil","ads_free_12mo_13.90",1213,1166
"2026-02-06","Brazil","ultra_12mo_59.90",1026,886
"2026-02-06","United States","adsfree_lto_12mo",700,700
"2026-02-06","United States","ads_free_12mo_13.90,pro_1mo_3.90,pro_3day_trial_12mo49.9,ultra_1mo_16.90,ultra_12mo_59.90",373,327
"2026-02-06","United States","ultra_12mo_59.90",280,280
"2026-02-06","Brazil","(not set)",233,140
"2026-02-06","India","ads_free_12mo_13.90,pro_1mo_3.90,pro_3day_trial_12mo49.9,ultra_1mo_16.90,ultra_12mo_59.90",93,47
"2026-02-06","United States","com.psafe.msuite.adsfree_lto_12mo",93,93
"2026-02-06","Brazil","com.psafe.msuite.adsfree_lto_12mo",47,47
"2026-02-06","Brazil","com.psafe.msuite.pro_lto_12mo_39.90",47,47
"2026-02-06","Pakistan","adsfree_lto_12mo",47,47
"2026-02-06","United Kingdom","ads_free_12mo_13.90,pro_1mo_3.90,pro_3day_trial_12mo49.9,ultra_1mo_16.90,ultra_12mo_59.90",47,47
"2026-02-06","United States","(not set)",47,47
"2026-02-06","United States","ads_free_12mo_13.90",47,47
"2026-02-07","Brazil","ads_free_12mo_13.90,pro_1mo_3.90,pro_3day_trial_12mo49.9,ultra_1mo_16.90,ultra_12mo_59.90",4045,3534
"2026-02-07","Brazil","adsfree_lto_12mo",3162,3115
"2026-02-07","Brazil","ads_free_12mo_13.90",1627,1488
"2026-02-07","Brazil","ultra_12mo_59.90",697,465
"2026-02-07","United States","ads_free_12mo_13.90,pro_1mo_3.90,pro_3day_trial_12mo49.9,ultra_1mo_16.90,ultra_12mo_59.90",372,372
"2026-02-07","United States","ads_free_12mo_13.90",325,232
"2026-02-07","Brazil","(not set)",279,279
"2026-02-07","Brazil","com.psafe.msuite.ultra_12mo_59.90",232,93
"2026-02-07","United States","adsfree_lto_12mo",232,232
"2026-02-07","Brazil","com.psafe.msuite.adsfree_lto_12mo",186,186
"2026-02-07","Iran","(not set)",93,46
"2026-02-07","Brazil","no_offers_available",46,46
"2026-02-07","Indonesia","ultra_12mo_59.90",46,46
"2026-02-07","United States","no_offers_available",46,46
"2026-02-07","United States","ultra_12mo_59.90",46,46
"2026-02-08","Brazil","ads_free_12mo_13.90,pro_1mo_3.90,pro_3day_trial_12mo49.9,ultra_1mo_16.90,ultra_12mo_59.90",4862,3925
"2026-02-08","Brazil","adsfree_lto_12mo",3122,3078
"2026-02-08","Brazil","ads_free_12mo_13.90",1606,1561
"2026-02-08","Brazil","ultra_12mo_59.90",1160,580
"2026-02-08","United States","ads_free_12mo_13.90,pro_1mo_3.90,pro_3day_trial_12mo49.9,ultra_1mo_16.90,ultra_12mo_59.90",312,312
"2026-02-08","United States","ads_free_12mo_13.90",178,134
"2026-02-08","United States","adsfree_lto_12mo",178,178
"2026-02-08","Brazil","(not set)",89,89
"2026-02-08","Brazil","com.psafe.msuite.adsfree_lto_12mo",89,89
"2026-02-08","Egypt","ads_free_12mo_13.90,pro_1mo_3.90,pro_3day_trial_12mo49.9,ultra_1mo_16.90,ultra_12mo_59.90",89,45
"2026-02-08","Pakistan","ultra_12mo_59.90",89,45
"2026-02-08","United States","ultra_12mo_59.90",89,89
"2026-02-08","Brazil","ads_free_12mo",45,45
"2026-02-08","Brazil","com.psafe.msuite.ads_free_12mo_13.90",45,45
"2026-02-08","Brazil","no_offers_available",45,45
"2026-02-08","Pakistan","ads_free_12mo_13.90,pro_1mo_3.90,pro_3day_trial_12mo49.9,ultra_1mo_16.90,ultra_12mo_59.90",45,45
"2026-02-08","Spain","ads_free_12mo_13.90",45,45
"2026-02-09","Brazil","ads_free_12mo_13.90,pro_1mo_3.90,pro_3day_trial_12mo49.9,ultra_1mo_16.90,ultra_12mo_59.90",4900,3618
"2026-02-09","Brazil","ads_free_12mo_13.90",2152,2015
"2026-02-09","Brazil","adsfree_lto_12mo",1053,1053
"2026-02-09","Brazil","ultra_12mo_59.90",641,504
"2026-02-09","United States","ads_free_12mo_13.90,pro_1mo_3.90,pro_3day_trial_12mo49.9,ultra_1mo_16.90,ultra_12mo_59.90",504,412
"2026-02-09","United States","ads_free_12mo_13.90",229,183
"2026-02-09","Brazil","(not set)",183,137
"2026-02-09","United States","adsfree_lto_12mo",183,183
"2026-02-09","United States","ultra_12mo_59.90",183,183
"2026-02-09","Brazil","com.psafe.msuite.ads_free_12mo_13.90",137,92
"2026-02-09","Brazil","ultra_1mo_16.90,ultra_12mo_59.90",92,46
"2026-02-09","Brazil","ads_free_12mo",46,46
"2026-02-09","Brazil","ads_free_12mo,pro_1mo,pro_3day_trial_12mo,ultra_1mo,ultra_12mo",46,46
"2026-02-09","India","ads_free_12mo_13.90,pro_1mo_3.90,pro_3day_trial_12mo49.9,ultra_1mo_16.90,ultra_12mo_59.90",46,46
"2026-02-09","Pakistan","ads_free_12mo_13.90,pro_1mo_3.90,pro_3day_trial_12mo49.9,ultra_1mo_16.90,ultra_12mo_59.90",46,46
"2026-02-09","United Kingdom","ads_free_12mo_13.90,pro_1mo_3.90,pro_3day_trial_12mo49.9,ultra_1mo_16.90,ultra_12mo_59.90",46,46
"2026-02-10","Brazil","ads_free_12mo_13.90,pro_1mo_3.90,pro_3day_trial_12mo49.9,ultra_1mo_16.90,ultra_12mo_59.90",4352,3848
"2026-02-10","Brazil","ads_free_12mo_13.90",1741,1741
"2026-02-10","Brazil","ultra_12mo_59.90",596,504
"2026-02-10","United States","ads_free_12mo_13.90,pro_1mo_3.90,pro_3day_trial_12mo49.9,ultra_1mo_16.90,ultra_12mo_59.90",458,366
"2026-02-10","Brazil","(not set)",275,137
"2026-02-10","Brazil","com.psafe.msuite.ads_free_12mo_13.90",92,92
"2026-02-10","Brazil","com.psafe.msuite.ultra_12mo_59.90",92,92
"2026-02-10","United States","ultra_12mo_59.90",92,92
"2026-02-10","Brazil","pro_12mo_49.90,ultra_12mo_59.90",46,46
"2026-02-10","Mexico","ads_free_12mo_13.90",46,46
"2026-02-10","United States","ads_free_12mo_13.90",46,46
"2026-02-11","Brazil","ads_free_12mo_13.90,pro_1mo_3.90,pro_3day_trial_12mo49.9,ultra_1mo_16.90,ultra_12mo_59.90",4006,3414
"2026-02-11","Brazil","ads_free_12mo_13.90",1183,1092
"2026-02-11","Brazil","ultra_12mo_59.90",910,455
"2026-02-11","United States","ads_free_12mo_13.90,pro_1mo_3.90,pro_3day_trial_12mo49.9,ultra_1mo_16.90,ultra_12mo_59.90",546,546
"2026-02-11","United States","ads_free_12mo_13.90",137,137
"2026-02-11","Egypt","ads_free_12mo_13.90,pro_1mo_3.90,pro_3day_trial_12mo49.9,ultra_1mo_16.90,ultra_12mo_59.90",91,91
"2026-02-11","United States","ultra_12mo_59.90",91,91
"2026-02-11","Brazil","adsfree_lto_12mo",46,46
"2026-02-11","Brazil","com.psafe.msuite.ultra_12mo_59.90",46,46
"2026-02-11","Egypt","ads_free_12mo_13.90",46,46
"2026-02-11","Egypt","ultra_12mo_59.90",46,46
"2026-02-11","Nigeria","ultra_12mo_59.90",46,46
"2026-02-11","United States","ultra_1mo_16.90,ultra_12mo_59.90",46,46
"2026-02-12","Brazil","ads_free_12mo_13.90,pro_1mo_3.90,pro_3day_trial_12mo49.9,ultra_1mo_16.90,ultra_12mo_59.90",4128,3357
"2026-02-12","Brazil","ads_free_12mo_13.90",1815,1679
"2026-02-12","Brazil","ultra_12mo_59.90",862,726
"2026-02-12","United States","ads_free_12mo_13.90,pro_1mo_3.90,pro_3day_trial_12mo49.9,ultra_1mo_16.90,ultra_12mo_59.90",227,181
"2026-02-12","Nigeria","ads_free_12mo_13.90,pro_1mo_3.90,pro_3day_trial_12mo49.9,ultra_1mo_16.90,ultra_12mo_59.90",91,45
"2026-02-12","Puerto Rico","ads_free_12mo_13.90,pro_1mo_3.90,pro_3day_trial_12mo49.9,ultra_1mo_16.90,ultra_12mo_59.90",91,45
"2026-02-12","United States","ads_free_12mo_13.90",91,91
"2026-02-12","Brazil","(not set)",45,45
"2026-02-12","Brazil","ads_free_12mo",45,45
"2026-02-12","Brazil","pro_lto_12mo",45,45
"2026-02-12","Colombia","ads_free_12mo_13.90,pro_1mo_3.90,pro_3day_trial_12mo49.9,ultra_1mo_16.90,ultra_12mo_59.90",45,45
"2026-02-12","Egypt","ultra_12mo_59.90",45,45
"2026-02-12","Indonesia","(not set)",45,45
"2026-02-12","Mexico","ads_free_12mo_13.90,pro_1mo_3.90,pro_3day_trial_12mo49.9,ultra_1mo_16.90,ultra_12mo_59.90",45,45
"2026-02-12","United States","ultra_12mo_59.90",45,45
"2026-02-12","United States","ultra_1mo_16.90,ultra_12mo_59.90",45,45
